timestamp_ms,user_name,hold_state,scene_tag,phase,acc_x,acc_y,acc_z,gyro_x,gyro_y,gyro_z
1408932910.000,YZJ,non_handheld,车载静置,recording,0.665479,-1.416464,9.727038,-0.152329,-0.113454,0.066227
1408932920.000,YZJ,non_handheld,车载静置,recording,0.787761,-1.217221,9.658225,-0.166446,-0.027718,0.035093
1408932930.000,YZJ,non_handheld,车载静置,recording,0.469586,-1.350239,9.594481,-0.189411,0.033152,0.020744
1408932940.000,YZJ,non_handheld,车载静置,recording,0.577374,-1.330102,9.797341,-0.182821,0.065866,0.019323
1408932950.000,YZJ,non_handheld,车载静置,recording,0.487525,-1.449011,9.783842,-0.157793,0.058014,0.035365
1408932960.000,YZJ,non_handheld,车载静置,recording,0.453431,-1.410474,9.985424,-0.122278,0.015941,0.056911
1408932970.000,YZJ,non_handheld,车载静置,recording,0.669259,-1.563361,9.622859,-0.092342,-0.007492,0.061060
1408932980.000,YZJ,non_handheld,车载静置,recording,0.639801,-1.622144,9.757923,-0.057258,0.005082,0.068060
1408932990.000,YZJ,non_handheld,车载静置,recording,0.609291,-1.534058,9.947776,-0.010240,0.001043,0.069093
1408933000.000,YZJ,non_handheld,车载静置,recording,0.684539,-1.308486,9.984259,0.031339,0.013096,0.064884
1408933010.000,YZJ,non_handheld,车载静置,recording,0.561425,-1.437162,9.798799,0.054704,0.037683,0.058291
1408933020.000,YZJ,non_handheld,车载静置,recording,0.671500,-1.427499,9.836768,0.056951,0.061321,0.041358
1408933030.000,YZJ,non_handheld,车载静置,recording,0.854375,-1.582152,9.446103,0.037819,0.093259,0.010418
1408933040.000,YZJ,non_handheld,车载静置,recording,0.689421,-1.664168,9.357689,0.011908,0.108362,-0.001741
1408933050.000,YZJ,non_handheld,车载静置,recording,0.482948,-1.706791,9.622166,-0.003554,0.073049,0.007759
1408933060.000,YZJ,non_handheld,车载静置,recording,0.430575,-1.639196,9.801926,-0.001706,0.031204,0.031344
1408933070.000,YZJ,non_handheld,车载静置,recording,0.644642,-1.403437,9.690915,-0.007997,-0.018865,0.042377
1408933080.000,YZJ,non_handheld,车载静置,recording,0.605187,-1.168467,9.652904,-0.039238,-0.049893,0.052857
1408933090.000,YZJ,non_handheld,车载静置,recording,0.747388,-1.120602,9.708305,-0.076218,-0.078337,0.042677
1408933100.000,YZJ,non_handheld,车载静置,recording,0.652031,-1.493338,9.545861,-0.114835,-0.067978,0.039618
1408933110.000,YZJ,non_handheld,车载静置,recording,0.601668,-1.458448,9.533335,-0.145763,-0.083620,0.026736
1408933120.000,YZJ,non_handheld,车载静置,recording,0.825576,-1.757569,9.652849,-0.172943,-0.078724,0.004956
1408933130.000,YZJ,non_handheld,车载静置,recording,0.692810,-1.336581,9.416703,-0.201581,-0.093081,0.000316
1408933140.000,YZJ,non_handheld,车载静置,recording,0.408409,-1.445369,9.702767,-0.229820,-0.115734,0.017851
1408933150.000,YZJ,non_handheld,车载静置,recording,0.509424,-1.251591,9.815116,-0.247401,-0.156659,0.027109
1408933160.000,YZJ,non_handheld,车载静置,recording,0.742855,-1.404938,9.782786,-0.261980,-0.166293,0.033383
1408933170.000,YZJ,non_handheld,车载静置,recording,0.360236,-1.387637,9.509502,-0.281906,-0.205350,0.047151
1408933180.000,YZJ,non_handheld,车载静置,recording,0.465035,-1.745806,9.572934,-0.289521,-0.225758,0.050282
1408933190.000,YZJ,non_handheld,车载静置,recording,0.626685,-1.657710,9.597332,-0.281023,-0.208444,0.041944
1408933200.000,YZJ,non_handheld,车载静置,recording,0.691526,-1.718130,9.297150,-0.274717,-0.165187,0.027574
1408933210.000,YZJ,non_handheld,车载静置,recording,0.106799,-1.717125,9.713647,-0.243020,-0.139128,0.043466
1408933220.000,YZJ,non_handheld,车载静置,recording,0.970936,-1.672771,9.686997,-0.188214,-0.107536,0.019745
1408933230.000,YZJ,non_handheld,车载静置,recording,0.399961,-1.462536,9.617701,-0.147628,-0.055936,0.042396
1408933240.000,YZJ,non_handheld,车载静置,recording,0.179300,-1.599202,9.585392,-0.111016,-0.088126,0.067702
1408933250.000,YZJ,non_handheld,车载静置,recording,0.536470,-1.604803,9.567603,-0.065839,-0.077067,0.086947
1408933260.000,YZJ,non_handheld,车载静置,recording,0.600360,-1.634258,9.576628,-0.026624,-0.076613,0.094131
1408933270.000,YZJ,non_handheld,车载静置,recording,0.527431,-1.787130,9.595138,0.007819,-0.046928,0.115385
1408933280.000,YZJ,non_handheld,车载静置,recording,0.391682,-1.550051,9.657480,0.038182,-0.050367,0.132654
1408933290.000,YZJ,non_handheld,车载静置,recording,0.711776,-1.557842,9.630494,0.056587,0.000123,0.131556
1408933300.000,YZJ,non_handheld,车载静置,recording,0.505313,-1.608806,9.654836,0.067848,0.036838,0.134906
1408933310.000,YZJ,non_handheld,车载静置,recording,0.663542,-1.460769,9.697844,0.070359,0.053772,0.126461
1408933320.000,YZJ,non_handheld,车载静置,recording,0.599837,-1.459981,9.624110,0.067767,0.073593,0.121081
1408933330.000,YZJ,non_handheld,车载静置,recording,0.391003,-1.501451,9.629750,0.070152,0.082871,0.126911
1408933340.000,YZJ,non_handheld,车载静置,recording,0.378600,-1.564922,9.723619,0.083751,0.082115,0.122811
1408933350.000,YZJ,non_handheld,车载静置,recording,0.614395,-1.609090,9.547375,0.076029,0.079831,0.106519
1408933360.000,YZJ,non_handheld,车载静置,recording,0.264134,-1.643269,9.204586,0.047657,0.070359,0.103779
1408933370.000,YZJ,non_handheld,车载静置,recording,-0.020249,-1.737503,9.363827,0.032544,0.052701,0.114053
1408933380.000,YZJ,non_handheld,车载静置,recording,0.019348,-1.637585,9.614395,0.019204,0.046223,0.101141
1408933390.000,YZJ,non_handheld,车载静置,recording,0.708295,-1.224802,9.512229,-0.021173,0.094091,0.045780
1408933400.000,YZJ,non_handheld,车载静置,recording,0.140027,-1.400791,9.098749,-0.102249,0.150736,0.015845
1408933410.000,YZJ,non_handheld,车载静置,recording,0.408545,-1.509866,9.178146,-0.161416,0.152724,-0.007545
1408933420.000,YZJ,non_handheld,车载静置,recording,-0.106793,-1.495431,9.157032,-0.192811,0.100215,0.013665
1408933430.000,YZJ,non_handheld,车载静置,recording,0.156479,-1.671454,9.257347,-0.202114,-0.026013,0.032395
1408933440.000,YZJ,non_handheld,车载静置,recording,0.263763,-1.772351,9.209400,-0.211485,-0.104989,0.065424
1408933450.000,YZJ,non_handheld,车载静置,recording,-0.062424,-1.836640,9.238504,-0.215987,-0.214189,0.111149
1408933460.000,YZJ,non_handheld,车载静置,recording,0.163962,-1.957350,9.506113,-0.195832,-0.304882,0.156415
1408933470.000,YZJ,non_handheld,车载静置,recording,0.299068,-1.820711,9.674642,-0.171364,-0.358660,0.174743
1408933480.000,YZJ,non_handheld,车载静置,recording,0.526659,-1.645175,9.551162,-0.173462,-0.333676,0.182528
1408933490.000,YZJ,non_handheld,车载静置,recording,-0.184695,-1.854617,9.534623,-0.175614,-0.321870,0.220298
1408933500.000,YZJ,non_handheld,车载静置,recording,0.395785,-1.689651,9.647606,-0.160330,-0.309493,0.220827
1408933510.000,YZJ,non_handheld,车载静置,recording,0.410781,-1.825417,9.862583,-0.143357,-0.217747,0.202215
1408933520.000,YZJ,non_handheld,车载静置,recording,0.804284,-2.039174,9.600779,-0.120542,-0.101502,0.168229
1408933530.000,YZJ,non_handheld,车载静置,recording,0.256742,-1.858006,9.730736,-0.073875,-0.007224,0.153891
1408933540.000,YZJ,non_handheld,车载静置,recording,0.730662,-1.945066,9.637468,-0.032905,0.063607,0.109818
1408933550.000,YZJ,non_handheld,车载静置,recording,0.771777,-1.867147,9.667075,0.005035,0.147607,0.070325
1408933560.000,YZJ,non_handheld,车载静置,recording,0.602428,-1.827131,9.580408,0.051534,0.200888,0.030575
1408933570.000,YZJ,non_handheld,车载静置,recording,0.471902,-1.830189,9.835106,0.103726,0.254765,0.008132
1408933580.000,YZJ,non_handheld,车载静置,recording,0.044340,-1.992278,10.014447,0.168375,0.279198,0.002390
1408933590.000,YZJ,non_handheld,车载静置,recording,0.038130,-1.986390,10.127627,0.231979,0.264925,0.005328
1408933600.000,YZJ,non_handheld,车载静置,recording,0.401030,-1.891207,9.967681,0.264574,0.236281,-0.015600
1408933610.000,YZJ,non_handheld,车载静置,recording,0.201611,-1.780177,9.791646,0.258231,0.240897,-0.021492
1408933620.000,YZJ,non_handheld,车载静置,recording,-0.150169,-1.902082,9.902924,0.241441,0.237805,-0.013192
1408933630.000,YZJ,non_handheld,车载静置,recording,0.352557,-1.745950,10.243158,0.250960,0.255344,-0.042595
1408933640.000,YZJ,non_handheld,车载静置,recording,0.347402,-1.829006,10.040493,0.242391,0.309009,-0.079676
1408933650.000,YZJ,non_handheld,车载静置,recording,0.291887,-1.546437,9.916575,0.233409,0.339245,-0.096802
1408933660.000,YZJ,non_handheld,车载静置,recording,-0.175672,-1.688154,10.043129,0.250559,0.319075,-0.091978
1408933670.000,YZJ,non_handheld,车载静置,recording,0.098701,-1.584468,10.138443,0.282150,0.280477,-0.097501
1408933680.000,YZJ,non_handheld,车载静置,recording,0.016912,-1.677837,10.267791,0.314053,0.263163,-0.098408
1408933690.000,YZJ,non_handheld,车载静置,recording,0.119623,-1.848815,10.052983,0.341503,0.246470,-0.108902
1408933700.000,YZJ,non_handheld,车载静置,recording,-0.302571,-1.943692,10.087696,0.365429,0.234006,-0.095660
1408933710.000,YZJ,non_handheld,车载静置,recording,-0.153355,-2.143022,10.256598,0.391826,0.209724,-0.090015
1408933720.000,YZJ,non_handheld,车载静置,recording,0.133751,-2.051739,10.175213,0.397416,0.183147,-0.097399
1408933730.000,YZJ,non_handheld,车载静置,recording,0.312738,-1.798408,9.861523,0.366255,0.144570,-0.092459
1408933740.000,YZJ,non_handheld,车载静置,recording,-0.227637,-1.581574,9.954990,0.322550,0.076326,-0.052668
1408933750.000,YZJ,non_handheld,车载静置,recording,0.020748,-1.574719,9.937198,0.280237,0.005817,-0.023886
1408933760.000,YZJ,non_handheld,车载静置,recording,-0.231661,-1.362259,10.027002,0.247706,-0.046114,0.013958
1408933770.000,YZJ,non_handheld,车载静置,recording,0.070768,-1.024516,10.027955,0.214998,-0.076294,0.018285
1408933780.000,YZJ,non_handheld,车载静置,recording,-0.261663,-1.095412,10.064269,0.175572,-0.058146,0.020800
1408933790.000,YZJ,non_handheld,车载静置,recording,-0.068339,-0.999228,10.057788,0.148145,-0.035454,-0.001575
1408933800.000,YZJ,non_handheld,车载静置,recording,-0.267825,-1.193009,9.988116,0.123839,0.021409,-0.019851
1408933810.000,YZJ,non_handheld,车载静置,recording,-0.009116,-1.211539,9.831057,0.093269,0.065095,-0.056952
1408933820.000,YZJ,non_handheld,车载静置,recording,-0.067148,-1.314222,9.825346,0.066971,0.101349,-0.074870
1408933830.000,YZJ,non_handheld,车载静置,recording,-0.039003,-1.199393,9.510015,0.029073,0.080759,-0.080461
1408933840.000,YZJ,non_handheld,车载静置,recording,0.036606,-1.246933,9.309001,-0.019875,0.037045,-0.070808
1408933850.000,YZJ,non_handheld,车载静置,recording,0.212396,-1.194574,9.232447,-0.068833,-0.023638,-0.063262
1408933860.000,YZJ,non_handheld,车载静置,recording,-0.121842,-1.491309,9.206841,-0.107431,-0.070223,-0.021444
1408933870.000,YZJ,non_handheld,车载静置,recording,-0.723127,-1.487978,9.796641,-0.100428,-0.150227,0.051309
1408933880.000,YZJ,non_handheld,车载静置,recording,-0.266457,-1.346869,10.540223,-0.031783,-0.196100,0.092343
1408933890.000,YZJ,non_handheld,车载静置,recording,-0.109721,-1.255368,10.576516,0.018022,-0.173090,0.109059
1408933900.000,YZJ,non_handheld,车载静置,recording,0.232631,-0.999654,10.209034,0.022531,-0.092342,0.095310
1408933910.000,YZJ,non_handheld,车载静置,recording,0.045937,-1.007797,9.526842,-0.013004,-0.022530,0.077290
1408933920.000,YZJ,non_handheld,车载静置,recording,0.365872,-1.034629,8.933099,-0.087340,0.020178,0.055105
1408933930.000,YZJ,non_handheld,车载静置,recording,-0.047775,-1.298691,8.916570,-0.151401,0.023284,0.077356
1408933940.000,YZJ,non_handheld,车载静置,recording,0.296566,-1.384262,9.520126,-0.140848,-0.033628,0.074910
1408933950.000,YZJ,non_handheld,车载静置,recording,0.385955,-1.404104,10.230227,-0.082125,-0.046639,0.083320
1408933960.000,YZJ,non_handheld,车载静置,recording,0.123096,-1.243790,9.998462,-0.033731,-0.089638,0.098357
1408933970.000,YZJ,non_handheld,车载静置,recording,-0.242212,-1.239990,9.893725,-0.000109,-0.133919,0.103790
1408933980.000,YZJ,non_handheld,车载静置,recording,0.267906,-1.031849,9.519416,-0.001695,-0.145199,0.068143
1408933990.000,YZJ,non_handheld,车载静置,recording,0.258182,-1.078770,8.870982,-0.058587,-0.099518,0.011742
1408934000.000,YZJ,non_handheld,车载静置,recording,0.085241,-1.185741,8.719410,-0.121956,-0.058329,-0.043817
1408934010.000,YZJ,non_handheld,车载静置,recording,0.461553,-1.301395,8.835420,-0.164499,-0.033260,-0.107484
1408934020.000,YZJ,non_handheld,车载静置,recording,0.347909,-1.417406,8.987866,-0.192196,-0.032437,-0.151096
1408934030.000,YZJ,non_handheld,车载静置,recording,0.189415,-1.532832,9.150585,-0.192916,-0.067041,-0.162638
1408934040.000,YZJ,non_handheld,车载静置,recording,0.125995,-1.668059,9.339717,-0.173864,-0.102256,-0.166312
1408934050.000,YZJ,non_handheld,车载静置,recording,-0.258167,-1.553620,9.773805,-0.126785,-0.119008,-0.125043
1408934060.000,YZJ,non_handheld,车载静置,recording,-0.629389,-1.474374,9.988963,-0.077488,-0.141281,-0.064000
1408934070.000,YZJ,non_handheld,车载静置,recording,-0.142949,-1.306923,9.890669,-0.059458,-0.122552,-0.035561
1408934080.000,YZJ,non_handheld,车载静置,recording,-0.025145,-1.240136,9.518151,-0.085820,-0.052504,-0.021191
1408934090.000,YZJ,non_handheld,车载静置,recording,0.192135,-1.352514,9.347244,-0.125803,0.000308,-0.014192
1408934100.000,YZJ,non_handheld,车载静置,recording,0.197654,-1.578846,9.610743,-0.127216,0.009227,-0.004979
1408934110.000,YZJ,non_handheld,车载静置,recording,0.576038,-1.613910,9.871775,-0.103421,-0.009240,-0.006613
1408934120.000,YZJ,non_handheld,车载静置,recording,0.742347,-1.433880,9.951980,-0.086683,-0.033422,-0.016464
1408934130.000,YZJ,non_handheld,车载静置,recording,0.786801,-1.134363,9.944841,-0.073248,-0.059634,-0.042047
1408934140.000,YZJ,non_handheld,车载静置,recording,0.442320,-1.049976,9.997696,-0.085061,-0.037358,-0.054848
1408934150.000,YZJ,non_handheld,车载静置,recording,0.264058,-1.357441,9.615648,-0.113808,0.003565,-0.064716
1408934160.000,YZJ,non_handheld,车载静置,recording,-0.045694,-1.284011,9.420902,-0.142215,0.018373,-0.065803
1408934170.000,YZJ,non_handheld,车载静置,recording,0.019347,-1.434639,9.577554,-0.136610,0.035500,-0.064784
1408934180.000,YZJ,non_handheld,车载静置,recording,-0.030868,-1.426337,9.916957,-0.099070,0.051378,-0.059647
1408934190.000,YZJ,non_handheld,车载静置,recording,0.233565,-1.366326,9.843906,-0.054271,0.061413,-0.068842
1408934200.000,YZJ,non_handheld,车载静置,recording,0.452459,-1.390267,9.638951,-0.018019,0.068342,-0.088768
1408934210.000,YZJ,non_handheld,车载静置,recording,0.703969,-1.451752,9.637105,0.015570,0.072399,-0.120015
1408934220.000,YZJ,non_handheld,车载静置,recording,-0.039489,-2.144541,9.469709,0.038030,0.076894,-0.082950
1408934230.000,YZJ,non_handheld,车载静置,recording,0.252538,-1.598156,9.305367,0.071627,0.022319,-0.056809
1408934240.000,YZJ,non_handheld,车载静置,recording,0.147708,-1.396772,9.586143,0.087479,0.023605,-0.018163
1408934250.000,YZJ,non_handheld,车载静置,recording,0.153143,-1.051508,9.652350,0.089577,0.029463,0.012559
1408934260.000,YZJ,non_handheld,车载静置,recording,0.146901,-1.397696,9.795340,0.102417,0.054351,0.046553
1408934270.000,YZJ,non_handheld,车载静置,recording,0.274625,-1.623714,9.612538,0.131088,0.059922,0.071124
1408934280.000,YZJ,non_handheld,车载静置,recording,-0.035763,-2.118235,9.826926,0.185640,0.053143,0.125133
1408934290.000,YZJ,non_handheld,车载静置,recording,0.214076,-1.531334,10.006314,0.253191,0.017092,0.154560
1408934300.000,YZJ,non_handheld,车载静置,recording,0.472193,-1.440006,10.050546,0.272968,0.036347,0.156823
1408934310.000,YZJ,non_handheld,车载静置,recording,0.294497,-1.233399,9.885256,0.244619,0.049114,0.154829
1408934320.000,YZJ,non_handheld,车载静置,recording,0.336133,-1.093866,9.982492,0.209330,0.035493,0.134494
1408934330.000,YZJ,non_handheld,车载静置,recording,0.142119,-1.179879,9.901113,0.162034,-0.000075,0.112531
1408934340.000,YZJ,non_handheld,车载静置,recording,-0.130061,-1.408915,10.170854,0.134874,-0.044905,0.106676
1408934350.000,YZJ,non_handheld,车载静置,recording,-0.172479,-1.330118,10.320075,0.125045,-0.093918,0.094686
1408934360.000,YZJ,non_handheld,车载静置,recording,0.114602,-1.189451,10.308502,0.105433,-0.087662,0.050846
1408934370.000,YZJ,non_handheld,车载静置,recording,-0.073330,-1.153862,10.166670,0.068851,-0.045774,0.011403
1408934380.000,YZJ,non_handheld,车载静置,recording,-0.227622,-1.191383,10.215618,0.050525,0.003999,-0.013107
1408934390.000,YZJ,non_handheld,车载静置,recording,-0.322582,-1.392962,9.989535,0.026002,0.053423,-0.024049
1408934400.000,YZJ,non_handheld,车载静置,recording,-0.201484,-1.524949,9.807717,0.007820,0.079176,-0.025409
1408934410.000,YZJ,non_handheld,车载静置,recording,-0.261374,-1.598987,9.828273,-0.002469,0.097881,-0.009691
1408934420.000,YZJ,non_handheld,车载静置,recording,0.078113,-1.591281,9.890887,-0.002142,0.091391,-0.008795
1408934430.000,YZJ,non_handheld,车载静置,recording,0.070195,-1.701590,10.027726,0.006188,0.075513,-0.004159
1408934440.000,YZJ,non_handheld,车载静置,recording,0.050603,-1.680736,9.925329,0.012420,0.018758,0.005366
1408934450.000,YZJ,non_handheld,车载静置,recording,-0.096972,-1.694790,9.890008,0.005996,-0.051864,0.049115
1408934460.000,YZJ,non_handheld,车载静置,recording,-0.149750,-1.776866,9.899775,-0.005461,-0.097190,0.100350
1408934470.000,YZJ,non_handheld,车载静置,recording,-0.156475,-1.880573,10.324032,0.007001,-0.150683,0.141562
1408934480.000,YZJ,non_handheld,车载静置,recording,0.207299,-1.769726,9.999095,0.005552,-0.186534,0.145792
1408934490.000,YZJ,non_handheld,车载静置,recording,0.353761,-1.502196,9.854825,-0.018444,-0.201718,0.133001
1408934500.000,YZJ,non_handheld,车载静置,recording,0.309599,-1.549082,9.433924,-0.068415,-0.206864,0.110788
1408934510.000,YZJ,non_handheld,车载静置,recording,0.417112,-1.568182,9.681298,-0.100726,-0.177678,0.071267
1408934520.000,YZJ,non_handheld,车载静置,recording,0.235080,-1.583657,9.834195,-0.116725,-0.169548,0.033047
1408934530.000,YZJ,non_handheld,车载静置,recording,0.143400,-1.652643,10.153919,-0.121075,-0.177247,0.005942
1408934540.000,YZJ,non_handheld,车载静置,recording,-0.187890,-1.830366,10.044113,-0.134114,-0.183185,-0.005434
1408934550.000,YZJ,non_handheld,车载静置,recording,-0.067880,-1.846894,10.171679,-0.148488,-0.192934,-0.020296
1408934560.000,YZJ,non_handheld,车载静置,recording,-0.316731,-1.865270,9.935140,-0.188246,-0.234433,-0.014089
1408934570.000,YZJ,non_handheld,车载静置,recording,-0.009592,-1.974168,9.410686,-0.266972,-0.270664,-0.021560
1408934580.000,YZJ,non_handheld,车载静置,recording,0.211428,-2.002931,8.838380,-0.368849,-0.286090,-0.042370
1408934590.000,YZJ,non_handheld,车载静置,recording,0.769707,-1.881396,8.642087,-0.491386,-0.314971,-0.082077
1408934600.000,YZJ,non_handheld,车载静置,recording,0.293110,-1.722520,8.827918,-0.592030,-0.329589,-0.089499
1408934610.000,YZJ,non_handheld,车载静置,recording,0.390969,-1.727901,8.977844,-0.670055,-0.362289,-0.107702
1408934620.000,YZJ,non_handheld,车载静置,recording,0.463968,-1.901675,9.287976,-0.723159,-0.386785,-0.125818
1408934630.000,YZJ,non_handheld,车载静置,recording,0.438089,-2.452710,9.345350,-0.750090,-0.398408,-0.139205
1408934640.000,YZJ,non_handheld,车载静置,recording,0.058559,-2.320438,9.555587,-0.725645,-0.445717,-0.128501
1408934650.000,YZJ,non_handheld,车载静置,recording,0.385081,-2.139245,9.470458,-0.677726,-0.511741,-0.116240
1408934660.000,YZJ,non_handheld,车载静置,recording,0.290981,-2.106860,9.606047,-0.619829,-0.538165,-0.084602
1408934670.000,YZJ,non_handheld,车载静置,recording,0.431287,-2.089899,9.496008,-0.553689,-0.552081,-0.060812
1408934680.000,YZJ,non_handheld,车载静置,recording,0.662890,-2.108642,9.448339,-0.485161,-0.536402,-0.038095
1408934690.000,YZJ,non_handheld,车载静置,recording,0.866086,-2.191212,9.481128,-0.405895,-0.507524,-0.035801
1408934700.000,YZJ,non_handheld,车载静置,recording,1.249057,-2.075798,9.607772,-0.302919,-0.449898,-0.056332
1408934710.000,YZJ,non_handheld,车载静置,recording,1.439021,-2.315972,9.354695,-0.237259,-0.421273,-0.074973
1408934720.000,YZJ,non_handheld,车载静置,recording,0.914435,-3.074150,9.091426,-0.190818,-0.394056,-0.048216
1408934730.000,YZJ,non_handheld,车载静置,recording,0.838148,-2.417105,8.924862,-0.127438,-0.444689,-0.043156
1408934740.000,YZJ,non_handheld,车载静置,recording,1.237667,-2.039750,9.359891,-0.048976,-0.427413,-0.080166
1408934750.000,YZJ,non_handheld,车载静置,recording,0.751369,-2.596755,9.244570,-0.009921,-0.318289,-0.102519
1408934760.000,YZJ,non_handheld,车载静置,recording,0.617576,-2.532900,9.706186,0.050412,-0.199723,-0.107831
1408934770.000,YZJ,non_handheld,车载静置,recording,0.449382,-2.422709,9.733246,0.109980,-0.113509,-0.096008
1408934780.000,YZJ,non_handheld,车载静置,recording,0.536429,-2.185879,9.417632,0.140451,-0.064405,-0.074863
1408934790.000,YZJ,non_handheld,车载静置,recording,0.528890,-2.066824,9.462244,0.145999,-0.033544,-0.041748
1408934800.000,YZJ,non_handheld,车载静置,recording,0.792559,-1.950014,9.385529,0.138503,-0.035618,-0.010169
1408934810.000,YZJ,non_handheld,车载静置,recording,0.946579,-1.800164,9.243630,0.114605,-0.047170,0.037299
1408934820.000,YZJ,non_handheld,车载静置,recording,0.966211,-1.861114,9.338017,0.111697,-0.077590,0.099306
1408934830.000,YZJ,non_handheld,车载静置,recording,1.440544,-2.008735,9.526404,0.131341,-0.116898,0.117952
1408934840.000,YZJ,non_handheld,车载静置,recording,1.901566,-2.219630,9.401247,0.149570,-0.121288,0.090934
1408934850.000,YZJ,non_handheld,车载静置,recording,1.914687,-2.322763,9.340547,0.143396,-0.109609,0.058551
1408934860.000,YZJ,non_handheld,车载静置,recording,1.880006,-2.092866,8.970000,0.092768,-0.103130,0.027888
1408934870.000,YZJ,non_handheld,车载静置,recording,1.196525,-2.137270,8.801323,0.004064,-0.108082,0.008583
1408934880.000,YZJ,non_handheld,车载静置,recording,1.405234,-2.298903,8.508865,-0.101565,-0.108248,-0.039739
1408934890.000,YZJ,non_handheld,车载静置,recording,1.252839,-2.254056,8.931646,-0.170597,-0.066324,-0.073236
1408934900.000,YZJ,non_handheld,车载静置,recording,0.996388,-2.220667,9.074758,-0.210836,0.014998,-0.074685
1408934910.000,YZJ,non_handheld,车载静置,recording,0.814451,-2.202640,9.269407,-0.228106,0.166404,-0.037772
1408934920.000,YZJ,non_handheld,车载静置,recording,0.648916,-2.299047,9.548766,-0.221181,0.312568,0.009245
1408934930.000,YZJ,non_handheld,车载静置,recording,0.729544,-2.282738,9.499300,-0.206002,0.417891,0.035391
1408934940.000,YZJ,non_handheld,车载静置,recording,0.281878,-2.472855,9.233655,-0.210244,0.476315,0.090915
1408934950.000,YZJ,non_handheld,车载静置,recording,0.227047,-2.352502,9.298935,-0.219633,0.470748,0.175907
1408934960.000,YZJ,non_handheld,车载静置,recording,0.289542,-2.219887,9.443061,-0.235709,0.418985,0.272634
1408934970.000,YZJ,non_handheld,车载静置,recording,0.620137,-2.202769,9.506426,-0.232707,0.374266,0.351486
1408934980.000,YZJ,non_handheld,车载静置,recording,1.125201,-2.243293,9.662072,-0.227600,0.281530,0.377671
1408934990.000,YZJ,non_handheld,车载静置,recording,1.493347,-2.298966,9.626692,-0.220716,0.158710,0.351629
1408935000.000,YZJ,non_handheld,车载静置,recording,1.660478,-2.313162,9.797540,-0.205215,0.051300,0.282654
1408935010.000,YZJ,non_handheld,车载静置,recording,1.436012,-2.370082,9.648071,-0.204115,-0.052585,0.203301
1408935020.000,YZJ,non_handheld,车载静置,recording,1.223060,-2.389160,9.280735,-0.208368,-0.115097,0.139668
1408935030.000,YZJ,non_handheld,车载静置,recording,0.921312,-2.141232,9.115756,-0.204343,-0.120917,0.102424
1408935040.000,YZJ,non_handheld,车载静置,recording,0.802706,-2.265331,9.082650,-0.188607,-0.107178,0.078290
1408935050.000,YZJ,non_handheld,车载静置,recording,0.954531,-2.206048,9.458583,-0.139609,-0.069916,0.023795
1408935060.000,YZJ,non_handheld,车载静置,recording,1.010565,-2.248107,9.011806,-0.100021,0.004135,-0.065618
1408935070.000,YZJ,non_handheld,车载静置,recording,0.749882,-2.424820,9.427400,-0.036668,0.138302,-0.121906
1408935080.000,YZJ,non_handheld,车载静置,recording,0.465621,-2.506498,9.727419,0.027127,0.268817,-0.143476
1408935090.000,YZJ,non_handheld,车载静置,recording,0.215832,-2.354678,9.727066,0.080785,0.318424,-0.140854
1408935100.000,YZJ,non_handheld,车载静置,recording,0.125062,-2.012681,9.147057,0.055835,0.338455,-0.117707
1408935110.000,YZJ,non_handheld,车载静置,recording,0.344173,-1.994642,8.559898,-0.026496,0.367770,-0.093318
1408935120.000,YZJ,non_handheld,车载静置,recording,0.256992,-1.994160,8.865170,-0.090124,0.369324,-0.063434
1408935130.000,YZJ,non_handheld,车载静置,recording,0.203843,-1.992663,9.351239,-0.106952,0.354408,-0.031147
1408935140.000,YZJ,non_handheld,车载静置,recording,0.513027,-2.307911,9.593674,-0.102163,0.294507,-0.018640
1408935150.000,YZJ,non_handheld,车载静置,recording,0.634869,-2.400235,9.674794,-0.094740,0.243890,-0.011208
1408935160.000,YZJ,non_handheld,车载静置,recording,0.666418,-2.357866,9.717984,-0.082740,0.194963,-0.004237
1408935170.000,YZJ,non_handheld,车载静置,recording,0.452244,-2.399345,9.340664,-0.100875,0.118641,0.000820
1408935180.000,YZJ,non_handheld,车载静置,recording,0.262337,-2.317980,9.272707,-0.132227,0.051624,0.005312
1408935190.000,YZJ,non_handheld,车载静置,recording,0.275971,-2.220682,9.447140,-0.159922,0.002881,0.004417
1408935200.000,YZJ,non_handheld,车载静置,recording,0.146902,-2.095947,9.390509,-0.179785,-0.031194,0.003676
1408935210.000,YZJ,non_handheld,车载静置,recording,-0.043384,-2.035593,9.971785,-0.161275,-0.022551,0.008721
1408935220.000,YZJ,non_handheld,车载静置,recording,-0.164951,-2.058838,9.787391,-0.135687,-0.014018,0.008091
1408935230.000,YZJ,non_handheld,车载静置,recording,-0.080214,-2.191285,9.700376,-0.110267,0.017923,-0.006167
1408935240.000,YZJ,non_handheld,车载静置,recording,0.409523,-3.042366,9.412538,-0.086632,0.059999,-0.056091
1408935250.000,YZJ,non_handheld,车载静置,recording,0.346644,-2.377672,9.845684,-0.019731,0.116476,-0.088934
1408935260.000,YZJ,non_handheld,车载静置,recording,0.053831,-2.485051,10.087638,0.049508,0.162408,-0.094219
1408935270.000,YZJ,non_handheld,车载静置,recording,-0.013066,-2.241986,10.260488,0.111265,0.197104,-0.094006
1408935280.000,YZJ,non_handheld,车载静置,recording,-0.024239,-2.225567,10.246227,0.145767,0.206082,-0.071015
1408935290.000,YZJ,non_handheld,车载静置,recording,0.125185,-2.062206,10.140495,0.173775,0.166977,-0.048913
1408935300.000,YZJ,non_handheld,车载静置,recording,0.116006,-2.100283,10.171430,0.202467,0.101767,-0.027671
1408935310.000,YZJ,non_handheld,车载静置,recording,0.278693,-2.318834,10.124893,0.223034,0.065957,-0.022584
1408935320.000,YZJ,non_handheld,车载静置,recording,0.510330,-2.357584,10.120621,0.249104,0.076538,-0.046564
1408935330.000,YZJ,non_handheld,车载静置,recording,0.588523,-2.170603,9.995679,0.271114,0.111428,-0.096873
1408935340.000,YZJ,non_handheld,车载静置,recording,0.587073,-2.295783,10.227016,0.295063,0.188000,-0.167811
1408935350.000,YZJ,non_handheld,车载静置,recording,0.300513,-2.464714,9.959931,0.299874,0.287277,-0.221577
1408935360.000,YZJ,non_handheld,车载静置,recording,0.043202,-2.466579,9.845656,0.288980,0.350095,-0.256029
1408935370.000,YZJ,non_handheld,车载静置,recording,-0.230529,-2.450043,9.896778,0.278612,0.402478,-0.251681
1408935380.000,YZJ,non_handheld,车载静置,recording,-0.393500,-2.588993,10.203780,0.274539,0.422899,-0.214122
1408935390.000,YZJ,non_handheld,车载静置,recording,-0.330536,-2.570773,9.684489,0.244367,0.369566,-0.163268
1408935400.000,YZJ,non_handheld,车载静置,recording,-0.299133,-2.540512,9.329423,0.174833,0.319687,-0.101546
1408935410.000,YZJ,non_handheld,车载静置,recording,-0.201253,-2.982206,9.254164,0.097737,0.254423,-0.057739
1408935420.000,YZJ,non_handheld,车载静置,recording,0.250319,-3.178414,9.502911,0.050238,0.197651,-0.051707
1408935430.000,YZJ,non_handheld,车载静置,recording,0.370654,-3.108701,9.654191,0.024351,0.151200,-0.066909
1408935440.000,YZJ,non_handheld,车载静置,recording,0.620143,-2.860956,9.697848,-0.007404,0.092431,-0.104178
1408935450.000,YZJ,non_handheld,车载静置,recording,-0.172154,-2.894237,9.743880,-0.055386,0.031994,-0.085024
1408935460.000,YZJ,non_handheld,车载静置,recording,-0.319094,-2.185493,9.412205,-0.105152,-0.059321,-0.061182
1408935470.000,YZJ,non_handheld,车载静置,recording,-0.361480,-1.309078,9.659132,-0.181875,-0.115622,-0.058265
1408935480.000,YZJ,non_handheld,车载静置,recording,-0.039572,-2.258455,9.500491,-0.293193,-0.092009,-0.077663
1408935490.000,YZJ,non_handheld,车载静置,recording,-0.289962,-2.286579,9.219939,-0.385282,-0.078354,-0.071272
1408935500.000,YZJ,non_handheld,车载静置,recording,-0.286215,-2.470870,9.071021,-0.451324,-0.127882,-0.055874
1408935510.000,YZJ,non_handheld,车载静置,recording,-0.009224,-2.877010,9.262602,-0.488505,-0.188282,-0.047527
1408935520.000,YZJ,non_handheld,车载静置,recording,-0.053649,-3.069712,8.934373,-0.527531,-0.237277,-0.032359
1408935530.000,YZJ,non_handheld,车载静置,recording,0.086201,-2.986142,8.991707,-0.559093,-0.289351,-0.016007
1408935540.000,YZJ,non_handheld,车载静置,recording,-0.132680,-2.766986,9.094694,-0.579039,-0.326743,0.017637
1408935550.000,YZJ,non_handheld,车载静置,recording,-0.388378,-2.797806,9.234732,-0.582481,-0.328180,0.070525
1408935560.000,YZJ,non_handheld,车载静置,recording,-0.139248,-2.598928,9.281946,-0.580533,-0.295088,0.105807
1408935570.000,YZJ,non_handheld,车载静置,recording,-0.016349,-2.649742,9.156786,-0.591606,-0.243789,0.125781
1408935580.000,YZJ,non_handheld,车载静置,recording,0.273023,-2.688160,9.014957,-0.593755,-0.213816,0.135602
1408935590.000,YZJ,non_handheld,车载静置,recording,0.242166,-2.928950,8.863488,-0.581437,-0.215475,0.149377
1408935600.000,YZJ,non_handheld,车载静置,recording,0.018435,-3.296620,9.065316,-0.539463,-0.213586,0.196511
1408935610.000,YZJ,non_handheld,车载静置,recording,0.366607,-3.104194,9.221008,-0.458904,-0.251462,0.219456
1408935620.000,YZJ,non_handheld,车载静置,recording,0.500813,-3.241962,9.588365,-0.355178,-0.253737,0.222821
1408935630.000,YZJ,non_handheld,车载静置,recording,1.102729,-2.914081,9.787261,-0.244595,-0.207362,0.182740
1408935640.000,YZJ,non_handheld,车载静置,recording,1.721624,-2.526766,10.031932,-0.136815,-0.103012,0.099569
1408935650.000,YZJ,non_handheld,车载静置,recording,1.228105,-2.386067,9.965553,-0.050551,0.004375,0.034680
1408935660.000,YZJ,non_handheld,车载静置,recording,0.823578,-2.323205,9.910649,0.033885,0.103700,0.005781
1408935670.000,YZJ,non_handheld,车载静置,recording,0.048310,-2.962919,10.161539,0.142531,0.193223,0.007643
1408935680.000,YZJ,non_handheld,车载静置,recording,0.578387,-3.305767,9.881102,0.260003,0.293286,0.001168
1408935690.000,YZJ,non_handheld,车载静置,recording,0.172240,-3.410013,9.984785,0.383324,0.368455,-0.002908
1408935700.000,YZJ,non_handheld,车载静置,recording,0.933391,-2.772850,10.009883,0.492860,0.450430,-0.071898
1408935710.000,YZJ,non_handheld,车载静置,recording,0.567384,-2.883065,10.109587,0.574515,0.572475,-0.138984
1408935720.000,YZJ,non_handheld,车载静置,recording,0.235568,-3.007010,9.713980,0.609665,0.643493,-0.173555
1408935730.000,YZJ,non_handheld,车载静置,recording,0.037743,-2.920652,10.482161,0.667215,0.646146,-0.190379
1408935740.000,YZJ,non_handheld,车载静置,recording,0.066729,-2.847310,10.131478,0.712777,0.634279,-0.210370
1408935750.000,YZJ,non_handheld,车载静置,recording,0.117580,-2.545294,9.958221,0.713754,0.632016,-0.229494
1408935760.000,YZJ,non_handheld,车载静置,recording,-0.488702,-2.794829,10.044490,0.677656,0.585353,-0.209952
1408935770.000,YZJ,non_handheld,车载静置,recording,-0.371881,-2.494752,9.803397,0.634719,0.516141,-0.203424
1408935780.000,YZJ,non_handheld,车载静置,recording,-0.295572,-2.519576,9.435950,0.547303,0.437508,-0.198545
1408935790.000,YZJ,non_handheld,车载静置,recording,-0.283120,-2.800964,9.193172,0.427930,0.360181,-0.190496
1408935800.000,YZJ,non_handheld,车载静置,recording,-0.304609,-3.195161,8.955634,0.299952,0.243270,-0.175898
1408935810.000,YZJ,non_handheld,车载静置,recording,-0.010176,-3.197357,8.934987,0.188541,0.116881,-0.157903
1408935820.000,YZJ,non_handheld,车载静置,recording,-0.486525,-2.991507,9.264209,0.095533,0.003282,-0.101515
1408935830.000,YZJ,non_handheld,车载静置,recording,-0.508648,-2.858782,9.446146,0.014917,-0.121966,-0.041888
1408935840.000,YZJ,non_handheld,车载静置,recording,-0.317139,-2.652510,9.628639,-0.071632,-0.202822,0.010296
1408935850.000,YZJ,non_handheld,车载静置,recording,-0.315846,-2.535778,9.425945,-0.182522,-0.254056,0.051548
1408935860.000,YZJ,non_handheld,车载静置,recording,-0.313561,-2.433286,9.168697,-0.289519,-0.281394,0.085411
1408935870.000,YZJ,non_handheld,车载静置,recording,-0.113780,-2.449609,9.215076,-0.388832,-0.290620,0.106156
1408935880.000,YZJ,non_handheld,车载静置,recording,-0.053542,-2.814122,9.185384,-0.464946,-0.266613,0.111734
1408935890.000,YZJ,non_handheld,车载静置,recording,0.394415,-2.980643,9.184622,-0.496675,-0.220979,0.073040
1408935900.000,YZJ,non_handheld,车载静置,recording,0.773457,-2.949392,9.146948,-0.506836,-0.149232,0.007721
1408935910.000,YZJ,non_handheld,车载静置,recording,0.234320,-2.995710,9.162892,-0.504898,-0.087244,-0.022047
1408935920.000,YZJ,non_handheld,车载静置,recording,-0.150760,-3.048783,9.011392,-0.492928,-0.064658,-0.018870
1408935930.000,YZJ,non_handheld,车载静置,recording,-0.399525,-3.117577,9.077012,-0.465145,-0.051861,0.012137
1408935940.000,YZJ,non_handheld,车载静置,recording,-0.142444,-2.975410,8.671641,-0.465897,-0.058209,0.026399
1408935950.000,YZJ,non_handheld,车载静置,recording,0.007285,-2.911619,8.621792,-0.473391,-0.049935,0.030903
1408935960.000,YZJ,non_handheld,车载静置,recording,0.024875,-2.777787,8.537669,-0.484579,-0.051768,0.029628
1408935970.000,YZJ,non_handheld,车载静置,recording,0.178950,-3.147005,8.533018,-0.500486,-0.047744,0.027524
1408935980.000,YZJ,non_handheld,车载静置,recording,0.127559,-3.280181,8.375383,-0.502431,-0.082774,0.023772
1408935990.000,YZJ,non_handheld,车载静置,recording,0.298696,-3.365340,8.433851,-0.490617,-0.148447,0.023399
1408936000.000,YZJ,non_handheld,车载静置,recording,-0.002303,-3.219868,8.823151,-0.461493,-0.223467,0.050584
1408936010.000,YZJ,non_handheld,车载静置,recording,0.129291,-3.093449,8.878163,-0.429237,-0.278742,0.074456
1408936020.000,YZJ,non_handheld,车载静置,recording,0.070315,-3.302186,9.120886,-0.390912,-0.255159,0.098398
1408936030.000,YZJ,non_handheld,车载静置,recording,0.095330,-3.192394,8.936600,-0.365163,-0.221638,0.110899
1408936040.000,YZJ,non_handheld,车载静置,recording,0.169147,-3.424578,8.996215,-0.336591,-0.169452,0.121165
1408936050.000,YZJ,non_handheld,车载静置,recording,0.349269,-3.468559,9.083965,-0.296686,-0.109701,0.107452
1408936060.000,YZJ,non_handheld,车载静置,recording,0.474688,-3.569911,9.387828,-0.240146,-0.050642,0.100358
1408936070.000,YZJ,non_handheld,车载静置,recording,0.239969,-3.640036,9.421392,-0.175267,-0.027843,0.113049
1408936080.000,YZJ,non_handheld,车载静置,recording,0.348745,-3.410431,9.377738,-0.116717,-0.013133,0.114726
1408936090.000,YZJ,non_handheld,车载静置,recording,0.152696,-3.404102,9.318085,-0.076819,0.011478,0.115072
1408936100.000,YZJ,non_handheld,车载静置,recording,0.392575,-3.319797,9.005494,-0.051118,0.042466,0.092645
1408936110.000,YZJ,non_handheld,车载静置,recording,0.028872,-3.377612,9.197009,-0.021661,0.074447,0.081416
1408936120.000,YZJ,non_handheld,车载静置,recording,0.000940,-3.383612,8.994885,-0.001110,0.111040,0.061875
1408936130.000,YZJ,non_handheld,车载静置,recording,-0.116987,-3.460184,9.162804,0.035574,0.156885,0.040400
1408936140.000,YZJ,non_handheld,车载静置,recording,0.023665,-3.455034,9.127511,0.063766,0.203510,0.001092
1408936150.000,YZJ,non_handheld,车载静置,recording,0.123550,-3.409243,9.554763,0.103286,0.241783,-0.039451
1408936160.000,YZJ,non_handheld,车载静置,recording,0.185892,-3.464871,9.372752,0.117462,0.245013,-0.087697
1408936170.000,YZJ,non_handheld,车载静置,recording,-0.036403,-3.488685,9.233077,0.104893,0.219854,-0.099702
1408936180.000,YZJ,non_handheld,车载静置,recording,-0.563684,-3.596292,9.302736,0.089273,0.134033,-0.075346
1408936190.000,YZJ,non_handheld,车载静置,recording,0.021817,-3.234201,9.253005,0.077639,0.065924,-0.071720
1408936200.000,YZJ,non_handheld,车载静置,recording,-0.118098,-3.217840,9.584351,0.060195,0.044867,-0.073760
1408936210.000,YZJ,non_handheld,车载静置,recording,0.252999,-3.092111,9.371455,0.023048,0.035637,-0.092920
1408936220.000,YZJ,non_handheld,车载静置,recording,-0.148994,-3.512814,9.458585,-0.002873,0.040359,-0.076398
1408936230.000,YZJ,non_handheld,车载静置,recording,-0.144938,-3.478067,9.250263,-0.019736,-0.010948,-0.060520
1408936240.000,YZJ,non_handheld,车载静置,recording,-0.112403,-3.424104,9.351389,-0.032133,-0.031418,-0.032760
1408936250.000,YZJ,non_handheld,车载静置,recording,-0.055342,-3.031411,9.291356,-0.058164,-0.043312,-0.033470
1408936260.000,YZJ,non_handheld,车载静置,recording,0.261781,-3.143929,9.245007,-0.101792,0.005866,-0.063010
1408936270.000,YZJ,non_handheld,车载静置,recording,-0.485380,-3.561735,9.182241,-0.131767,0.035453,-0.051246
1408936280.000,YZJ,non_handheld,车载静置,recording,-0.258986,-3.233065,9.185854,-0.121085,0.016639,-0.043933
1408936290.000,YZJ,non_handheld,车载静置,recording,-0.538144,-3.442141,9.628353,-0.077760,0.025185,-0.018904
1408936300.000,YZJ,non_handheld,车载静置,recording,-0.102632,-3.296809,9.366539,-0.027942,0.024760,-0.017933
1408936310.000,YZJ,non_handheld,车载静置,recording,0.167038,-3.206231,9.615967,0.025191,0.061767,-0.029449
1408936320.000,YZJ,non_handheld,车载静置,recording,0.127532,-3.208078,9.753782,0.077026,0.098699,-0.044662
1408936330.000,YZJ,non_handheld,车载静置,recording,0.188545,-4.049132,9.527222,0.120671,0.138280,-0.039556
1408936340.000,YZJ,non_handheld,车载静置,recording,-0.401442,-4.051281,9.280982,0.165757,0.088789,0.014903
1408936350.000,YZJ,non_handheld,车载静置,recording,-0.166218,-3.235628,9.722565,0.212244,0.006152,0.060357
1408936360.000,YZJ,non_handheld,车载静置,recording,-0.381644,-3.269425,9.850374,0.216332,0.006247,0.105408
1408936370.000,YZJ,non_handheld,车载静置,recording,-0.088176,-2.858597,9.900704,0.206235,0.059028,0.123113
1408936380.000,YZJ,non_handheld,车载静置,recording,-0.372579,-2.427587,9.975978,0.189889,0.144675,0.128661
1408936390.000,YZJ,non_handheld,车载静置,recording,-0.160612,-2.634099,9.151049,0.136050,0.258910,0.085101
1408936400.000,YZJ,non_handheld,车载静置,recording,0.048806,-3.331527,9.057950,0.097613,0.363246,0.016117
1408936410.000,YZJ,non_handheld,车载静置,recording,0.151343,-3.818160,8.942078,0.107182,0.385136,-0.048084
1408936420.000,YZJ,non_handheld,车载静置,recording,0.377156,-3.445737,8.989527,0.160561,0.315884,-0.094209
1408936430.000,YZJ,non_handheld,车载静置,recording,-0.147295,-3.666435,9.408725,0.188896,0.199838,-0.099188
1408936440.000,YZJ,non_handheld,车载静置,recording,-0.246730,-3.531957,8.607954,0.158873,0.049519,-0.094441
1408936450.000,YZJ,non_handheld,车载静置,recording,-0.921714,-3.358551,8.522509,0.072912,-0.074362,-0.042869
1408936460.000,YZJ,non_handheld,车载静置,recording,-0.103026,-2.973138,9.086834,-0.000817,-0.187255,-0.058834
1408936470.000,YZJ,non_handheld,车载静置,recording,0.063117,-2.326218,9.171696,-0.092276,-0.178832,-0.079606
1408936480.000,YZJ,non_handheld,车载静置,recording,-0.480321,-2.795206,8.924483,-0.216920,-0.173237,-0.061957
1408936490.000,YZJ,non_handheld,车载静置,recording,-0.180875,-3.241358,8.976127,-0.307637,-0.188603,-0.053710
1408936500.000,YZJ,non_handheld,车载静置,recording,0.141998,-3.333925,8.753553,-0.364156,-0.201573,-0.062000
1408936510.000,YZJ,non_handheld,车载静置,recording,0.268229,-3.679095,8.693503,-0.404219,-0.214274,-0.051038
1408936520.000,YZJ,non_handheld,车载静置,recording,-0.356210,-3.818283,8.913722,-0.403126,-0.281775,-0.008589
1408936530.000,YZJ,non_handheld,车载静置,recording,0.470621,-3.430183,8.951771,-0.387115,-0.323856,-0.004343
1408936540.000,YZJ,non_handheld,车载静置,recording,-0.254330,-3.471161,9.381386,-0.362082,-0.303539,0.046543
1408936550.000,YZJ,non_handheld,车载静置,recording,-0.471993,-3.153111,9.385800,-0.317047,-0.331114,0.088031
1408936560.000,YZJ,non_handheld,车载静置,recording,-0.063276,-2.739851,9.520017,-0.268399,-0.288306,0.092411
1408936570.000,YZJ,non_handheld,车载静置,recording,0.217843,-3.072180,9.785530,-0.221746,-0.198573,0.075265
1408936580.000,YZJ,non_handheld,车载静置,recording,-0.000588,-3.298141,9.096509,-0.181867,-0.135583,0.074019
1408936590.000,YZJ,non_handheld,车载静置,recording,-0.474132,-3.850157,9.276018,-0.104655,-0.108843,0.091735
1408936600.000,YZJ,non_handheld,车载静置,recording,0.473065,-3.875636,9.321631,-0.006498,-0.059984,0.052893
1408936610.000,YZJ,non_handheld,车载静置,recording,0.179069,-3.645156,9.628532,0.078742,0.024820,0.019391
1408936620.000,YZJ,non_handheld,车载静置,recording,0.472657,-3.462597,9.333907,0.122940,0.105462,-0.029945
1408936630.000,YZJ,non_handheld,车载静置,recording,0.161948,-3.430063,9.687658,0.154400,0.178315,-0.058071
1408936640.000,YZJ,non_handheld,车载静置,recording,-0.482354,-3.384684,9.489755,0.187403,0.167697,-0.042205
1408936650.000,YZJ,non_handheld,车载静置,recording,0.178380,-3.363108,9.367764,0.201456,0.151131,-0.053940
1408936660.000,YZJ,non_handheld,车载静置,recording,-0.163474,-3.444820,9.035724,0.182612,0.141954,-0.052928
1408936670.000,YZJ,non_handheld,车载静置,recording,0.139627,-2.517490,8.886702,0.158486,0.109807,-0.082673
1408936680.000,YZJ,non_handheld,车载静置,recording,-0.105010,-2.524049,8.717691,0.054247,0.170904,-0.115919
1408936690.000,YZJ,non_handheld,车载静置,recording,-0.161883,-3.308975,7.406499,-0.097967,0.197340,-0.139593
1408936700.000,YZJ,non_handheld,车载静置,recording,-0.269652,-3.567647,7.250274,-0.209833,0.106613,-0.142348
1408936710.000,YZJ,non_handheld,车载静置,recording,-0.053036,-4.071100,7.907392,-0.237928,0.013602,-0.132749
1408936720.000,YZJ,non_handheld,车载静置,recording,0.206137,-4.029256,8.809768,-0.184148,-0.105684,-0.113274
1408936730.000,YZJ,non_handheld,车载静置,recording,0.223951,-3.529827,9.270894,-0.150613,-0.225213,-0.074439
1408936740.000,YZJ,non_handheld,车载静置,recording,0.497102,-3.347882,9.170108,-0.172633,-0.308238,-0.046871
1408936750.000,YZJ,non_handheld,车载静置,recording,0.483414,-3.209536,9.192956,-0.224131,-0.362518,-0.005721
1408936760.000,YZJ,non_handheld,车载静置,recording,-0.134302,-2.897889,9.200029,-0.288236,-0.438406,0.084564
1408936770.000,YZJ,non_handheld,车载静置,recording,-0.706837,-2.886183,9.616673,-0.318566,-0.472789,0.212017
1408936780.000,YZJ,non_handheld,车载静置,recording,-0.422649,-3.066758,9.846884,-0.306926,-0.438150,0.284026
1408936790.000,YZJ,non_handheld,车载静置,recording,0.419506,-3.267910,9.251549,-0.293268,-0.348298,0.273752
1408936800.000,YZJ,non_handheld,车载静置,recording,0.657818,-3.262558,9.129496,-0.262970,-0.258221,0.219145
1408936810.000,YZJ,non_handheld,车载静置,recording,0.822829,-3.662019,9.071509,-0.204012,-0.151893,0.121366
1408936820.000,YZJ,non_handheld,车载静置,recording,0.326674,-3.982932,9.603758,-0.099492,-0.056473,0.058833
1408936830.000,YZJ,non_handheld,车载静置,recording,0.410252,-4.705241,9.210415,0.023970,-0.041594,-0.012662
1408936840.000,YZJ,non_handheld,车载静置,recording,0.385405,-3.250040,9.862938,0.139268,-0.046285,-0.076911
1408936850.000,YZJ,non_handheld,车载静置,recording,0.188371,-3.438362,9.905183,0.188883,0.020288,-0.128571
1408936860.000,YZJ,non_handheld,车载静置,recording,-0.186902,-3.058131,9.699052,0.200900,0.099308,-0.152047
1408936870.000,YZJ,non_handheld,车载静置,recording,-0.767059,-3.173148,9.866121,0.227346,0.154768,-0.152827
1408936880.000,YZJ,non_handheld,车载静置,recording,0.120471,-3.587858,9.756139,0.278355,0.248515,-0.202670
1408936890.000,YZJ,non_handheld,车载静置,recording,0.161828,-3.827873,9.790214,0.344091,0.352870,-0.247030
1408936900.000,YZJ,non_handheld,车载静置,recording,0.438834,-3.980475,9.629617,0.418765,0.391030,-0.298806
1408936910.000,YZJ,non_handheld,车载静置,recording,0.393745,-4.018519,9.643742,0.482984,0.412904,-0.313063
1408936920.000,YZJ,non_handheld,车载静置,recording,0.093155,-4.050992,9.710184,0.530808,0.386230,-0.294952
1408936930.000,YZJ,non_handheld,车载静置,recording,0.045544,-3.746570,9.613264,0.557300,0.334641,-0.258327
1408936940.000,YZJ,non_handheld,车载静置,recording,-0.322851,-3.648177,9.956318,0.571431,0.293762,-0.189373
1408936950.000,YZJ,non_handheld,车载静置,recording,-0.245550,-3.531547,9.840072,0.570390,0.243080,-0.111309
1408936960.000,YZJ,non_handheld,车载静置,recording,-0.063208,-3.308758,10.648115,0.596502,0.204434,-0.047693
1408936970.000,YZJ,non_handheld,车载静置,recording,0.524585,-2.823001,9.961875,0.571592,0.183351,-0.027409
1408936980.000,YZJ,non_handheld,车载静置,recording,0.086920,-2.919290,9.269952,0.478195,0.176520,0.023991
1408936990.000,YZJ,non_handheld,车载静置,recording,-0.006600,-3.136968,9.350657,0.388796,0.083002,0.059218
1408937000.000,YZJ,non_handheld,车载静置,recording,0.657946,-2.979781,9.263032,0.336524,0.031110,0.038503
1408937010.000,YZJ,non_handheld,车载静置,recording,0.695660,-3.035167,9.709703,0.312317,0.062749,-0.002604
1408937020.000,YZJ,non_handheld,车载静置,recording,0.588883,-3.327399,9.682091,0.300186,0.112008,-0.059101
1408937030.000,YZJ,non_handheld,车载静置,recording,-0.251523,-3.098832,9.843189,0.293505,0.120249,-0.076023
1408937040.000,YZJ,non_handheld,车载静置,recording,-0.555239,-2.970726,9.506205,0.248265,0.078977,-0.072528
1408937050.000,YZJ,non_handheld,车载静置,recording,-0.641048,-2.912791,9.368739,0.179150,0.027205,-0.059627
1408937060.000,YZJ,non_handheld,车载静置,recording,-0.505008,-2.620781,9.268489,0.090852,-0.027790,-0.052416
1408937070.000,YZJ,non_handheld,车载静置,recording,0.279555,-2.663567,9.315480,0.002760,-0.044571,-0.085489
1408937080.000,YZJ,non_handheld,车载静置,recording,-0.133478,-2.844228,9.323124,-0.089283,-0.038399,-0.096017
1408937090.000,YZJ,non_handheld,车载静置,recording,-0.007448,-3.116722,9.068946,-0.159043,-0.073958,-0.108052
1408937100.000,YZJ,non_handheld,车载静置,recording,-0.104571,-2.996256,9.156220,-0.204731,-0.108313,-0.101995
1408937110.000,YZJ,non_handheld,车载静置,recording,-0.190921,-3.017567,9.005103,-0.260834,-0.157082,-0.082029
1408937120.000,YZJ,non_handheld,车载静置,recording,-0.252212,-3.105568,8.935319,-0.316960,-0.219273,-0.045867
1408937130.000,YZJ,non_handheld,车载静置,recording,-0.376232,-3.172949,8.955839,-0.361864,-0.269847,-0.003531
1408937140.000,YZJ,non_handheld,车载静置,recording,0.194846,-3.102008,8.736378,-0.407299,-0.264956,0.006970
1408937150.000,YZJ,non_handheld,车载静置,recording,0.043355,-3.031805,8.761534,-0.456466,-0.217953,0.024227
1408937160.000,YZJ,non_handheld,车载静置,recording,0.218867,-3.135388,8.568787,-0.502289,-0.179133,0.021978
1408937170.000,YZJ,non_handheld,车载静置,recording,0.325482,-3.349796,8.878387,-0.500407,-0.122739,0.025670
1408937180.000,YZJ,non_handheld,车载静置,recording,0.002968,-3.435789,9.062597,-0.466584,-0.113108,0.054548
1408937190.000,YZJ,non_handheld,车载静置,recording,0.252613,-3.494360,9.199932,-0.412868,-0.125830,0.078742
1408937200.000,YZJ,non_handheld,车载静置,recording,0.029553,-3.252783,9.150276,-0.363862,-0.137387,0.114203
1408937210.000,YZJ,non_handheld,车载静置,recording,0.285408,-2.983446,9.150170,-0.328569,-0.148693,0.128841
1408937220.000,YZJ,non_handheld,车载静置,recording,0.293448,-2.950894,9.175744,-0.287318,-0.138464,0.134540
1408937230.000,YZJ,non_handheld,车载静置,recording,0.292855,-2.917285,9.344632,-0.224657,-0.117788,0.122214
1408937240.000,YZJ,non_handheld,车载静置,recording,0.364300,-3.375973,9.314413,-0.152124,-0.068340,0.105622
1408937250.000,YZJ,non_handheld,车载静置,recording,0.088089,-3.080860,9.308430,-0.063625,-0.022185,0.093575
1408937260.000,YZJ,non_handheld,车载静置,recording,0.260573,-3.558170,9.217717,0.018281,0.023188,0.071421
1408937270.000,YZJ,non_handheld,车载静置,recording,0.159176,-3.568988,9.396578,0.091610,0.065270,0.056482
1408937280.000,YZJ,non_handheld,车载静置,recording,0.539561,-3.005845,9.205023,0.151426,0.097008,0.001846
1408937290.000,YZJ,non_handheld,车载静置,recording,0.504697,-3.181198,9.221885,0.153506,0.167262,-0.054397
1408937300.000,YZJ,non_handheld,车载静置,recording,0.011883,-3.423849,9.191045,0.152209,0.161035,-0.087820
1408937310.000,YZJ,non_handheld,车载静置,recording,-0.176888,-3.624977,9.038877,0.153667,0.132426,-0.097913
1408937320.000,YZJ,non_handheld,车载静置,recording,-0.188850,-3.466477,9.197113,0.142994,0.116624,-0.092808
1408937330.000,YZJ,non_handheld,车载静置,recording,-0.101012,-3.708546,8.929081,0.114473,0.089141,-0.085816
1408937340.000,YZJ,non_handheld,车载静置,recording,-0.479304,-3.576443,9.213922,0.091212,0.059051,-0.046416
1408937350.000,YZJ,non_handheld,车载静置,recording,-0.122869,-3.570731,9.240338,0.077012,0.022526,-0.033921
1408937360.000,YZJ,non_handheld,车载静置,recording,-0.106277,-3.583215,9.322675,0.059077,0.028681,-0.017959
1408937370.000,YZJ,non_handheld,车载静置,recording,-0.015622,-3.690496,9.446609,0.047950,0.028861,-0.019902
1408937380.000,YZJ,non_handheld,车载静置,recording,0.584729,-3.627244,9.357900,0.034373,0.062890,-0.052924
1408937390.000,YZJ,non_handheld,车载静置,recording,-0.039365,-3.688022,9.336492,0.013049,0.084479,-0.046432
1408937400.000,YZJ,non_handheld,车载静置,recording,0.218792,-3.646668,9.268287,-0.005795,0.068530,-0.046547
1408937410.000,YZJ,non_handheld,车载静置,recording,-0.090114,-3.660671,9.468119,-0.004276,0.071262,-0.024738
1408937420.000,YZJ,non_handheld,车载静置,recording,0.108271,-3.646978,9.440732,0.013027,0.057397,-0.023959
1408937430.000,YZJ,non_handheld,车载静置,recording,0.213184,-3.525591,9.468627,0.028420,0.066534,-0.019403
1408937440.000,YZJ,non_handheld,车载静置,recording,-0.329245,-3.539969,9.365711,0.041438,0.040391,0.002545
1408937450.000,YZJ,non_handheld,车载静置,recording,0.345143,-3.499235,9.329690,0.066080,0.049226,-0.009640
1408937460.000,YZJ,non_handheld,车载静置,recording,-0.212289,-3.127780,9.515431,0.086955,0.056098,-0.011205
1408937470.000,YZJ,non_handheld,车载静置,recording,0.596713,-2.980777,9.205123,0.084352,0.102614,-0.069829
1408937480.000,YZJ,non_handheld,车载静置,recording,0.018581,-3.222999,9.302850,0.080762,0.161347,-0.092830
1408937490.000,YZJ,non_handheld,车载静置,recording,-0.044613,-3.267874,9.196348,0.095496,0.146036,-0.129093
1408937500.000,YZJ,non_handheld,车载静置,recording,0.417668,-3.325296,9.218260,0.112528,0.176008,-0.166070
1408937510.000,YZJ,non_handheld,车载静置,recording,-0.374053,-3.357313,9.129291,0.123654,0.133023,-0.155711
1408937520.000,YZJ,non_handheld,车载静置,recording,0.418580,-2.977127,9.020581,0.120018,0.080914,-0.175478
1408937530.000,YZJ,non_handheld,车载静置,recording,-0.178247,-2.802245,9.192775,0.097683,0.056326,-0.150278
1408937540.000,YZJ,non_handheld,车载静置,recording,-0.031036,-2.984671,9.088388,0.065953,0.007813,-0.136263
1408937550.000,YZJ,non_handheld,车载静置,recording,-0.045956,-2.985257,9.004110,0.030326,-0.021101,-0.103739
1408937560.000,YZJ,non_handheld,车载静置,recording,-0.375379,-2.935510,8.968687,-0.003314,-0.092899,-0.054097
1408937570.000,YZJ,non_handheld,车载静置,recording,0.136495,-2.941206,8.784260,-0.043781,-0.138233,-0.028727
1408937580.000,YZJ,non_handheld,车载静置,recording,-0.076051,-2.983581,8.927042,-0.077187,-0.175588,0.004115
1408937590.000,YZJ,non_handheld,车载静置,recording,0.276325,-3.009998,8.905225,-0.090219,-0.213604,0.003877
1408937600.000,YZJ,non_handheld,车载静置,recording,0.475205,-2.988230,8.915733,-0.098638,-0.202029,-0.006592
1408937610.000,YZJ,non_handheld,车载静置,recording,0.104372,-3.071324,9.115367,-0.099796,-0.195778,0.000431
1408937620.000,YZJ,non_handheld,车载静置,recording,0.142960,-2.908760,8.973901,-0.102905,-0.198331,0.016946
1408937630.000,YZJ,non_handheld,车载静置,recording,-0.286992,-2.903239,9.258768,-0.103854,-0.211166,0.053118
1408937640.000,YZJ,non_handheld,车载静置,recording,0.301172,-2.796249,9.053798,-0.121051,-0.223138,0.060232
1408937650.000,YZJ,non_handheld,车载静置,recording,0.173598,-2.731570,9.129595,-0.130303,-0.212097,0.079357
1408937660.000,YZJ,non_handheld,车载静置,recording,0.221544,-2.841104,9.146724,-0.122258,-0.237053,0.074617
1408937670.000,YZJ,non_handheld,车载静置,recording,0.744332,-3.198504,8.964519,-0.116448,-0.220292,0.060466
1408937680.000,YZJ,non_handheld,车载静置,recording,0.057498,-3.589030,9.028519,-0.092327,-0.213055,0.079728
1408937690.000,YZJ,non_handheld,车载静置,recording,0.472491,-3.496894,8.981807,-0.042617,-0.212416,0.075671
1408937700.000,YZJ,non_handheld,车载静置,recording,0.161202,-3.294415,9.150548,0.015548,-0.162065,0.084571
1408937710.000,YZJ,non_handheld,车载静置,recording,0.057995,-3.234454,9.352564,0.070990,-0.119423,0.088044
1408937720.000,YZJ,non_handheld,车载静置,recording,0.158715,-2.992475,9.311543,0.113238,-0.072473,0.084566
1408937730.000,YZJ,non_handheld,车载静置,recording,0.166918,-2.894710,9.320141,0.136399,-0.028437,0.064690
1408937740.000,YZJ,non_handheld,车载静置,recording,0.578924,-2.881107,9.137856,0.138714,0.011964,0.020141
1408937750.000,YZJ,non_handheld,车载静置,recording,0.226105,-2.934140,9.020499,0.118892,0.028666,-0.001071
1408937760.000,YZJ,non_handheld,车载静置,recording,0.302512,-3.191213,9.098917,0.109852,0.011056,-0.029961
1408937770.000,YZJ,non_handheld,车载静置,recording,0.363443,-3.249226,9.122787,0.113621,0.010978,-0.055210
1408937780.000,YZJ,non_handheld,车载静置,recording,0.255903,-3.223782,9.182834,0.109471,0.031132,-0.072410
1408937790.000,YZJ,non_handheld,车载静置,recording,0.412772,-3.170698,9.039867,0.094708,0.055952,-0.100151
1408937800.000,YZJ,non_handheld,车载静置,recording,0.175301,-3.122039,9.246816,0.083640,0.093541,-0.107316
1408937810.000,YZJ,non_handheld,车载静置,recording,0.343543,-3.045924,9.277732,0.066904,0.105384,-0.111184
1408937820.000,YZJ,non_handheld,车载静置,recording,0.252948,-3.075797,9.226371,0.052083,0.099935,-0.096555
1408937830.000,YZJ,non_handheld,车载静置,recording,0.073479,-3.175771,9.293203,0.041302,0.071008,-0.059615
1408937840.000,YZJ,non_handheld,车载静置,recording,0.287127,-3.175840,9.401807,0.047012,0.040322,-0.023707
1408937850.000,YZJ,non_handheld,车载静置,recording,0.061252,-3.264597,9.378305,0.057801,0.020573,0.022672
1408937860.000,YZJ,non_handheld,车载静置,recording,0.201672,-3.235105,9.363275,0.073059,-0.017569,0.062121
1408937870.000,YZJ,non_handheld,车载静置,recording,0.091274,-3.245933,9.276240,0.088906,-0.027310,0.101345
1408937880.000,YZJ,non_handheld,车载静置,recording,0.241089,-3.205546,9.360212,0.115402,-0.024764,0.103258
1408937890.000,YZJ,non_handheld,车载静置,recording,0.526140,-3.171729,9.424552,0.143164,0.012847,0.073795
1408937900.000,YZJ,non_handheld,车载静置,recording,0.511784,-3.025065,9.486082,0.167207,0.064869,0.036656
1408937910.000,YZJ,non_handheld,车载静置,recording,0.560833,-2.879666,9.605038,0.188159,0.123821,-0.013297
1408937920.000,YZJ,non_handheld,车载静置,recording,0.305882,-2.889602,9.518061,0.198491,0.180890,-0.051355
1408937930.000,YZJ,non_handheld,车载静置,recording,0.128088,-2.944852,9.527372,0.195346,0.207374,-0.069106
1408937940.000,YZJ,non_handheld,车载静置,recording,-0.152066,-3.106559,9.392074,0.175743,0.220633,-0.063226
1408937950.000,YZJ,non_handheld,车载静置,recording,-0.272218,-3.239794,9.685106,0.174374,0.216135,-0.050632
1408937960.000,YZJ,non_handheld,车载静置,recording,0.047288,-3.294218,9.434589,0.171875,0.208106,-0.054498
1408937970.000,YZJ,non_handheld,车载静置,recording,-0.105464,-3.286927,9.480110,0.165326,0.193658,-0.038392
1408937980.000,YZJ,non_handheld,车载静置,recording,0.318499,-3.269568,9.772072,0.171046,0.149010,-0.044446
1408937990.000,YZJ,non_handheld,车载静置,recording,0.313170,-3.129443,9.671901,0.173052,0.124127,-0.043819
1408938000.000,YZJ,non_handheld,车载静置,recording,0.154990,-3.111661,9.869568,0.177868,0.086194,-0.031494
1408938010.000,YZJ,non_handheld,车载静置,recording,0.248805,-3.031718,9.691605,0.174121,0.066606,-0.028465
1408938020.000,YZJ,non_handheld,车载静置,recording,0.027404,-2.887876,9.175676,0.125550,0.060320,-0.018478
1408938030.000,YZJ,non_handheld,车载静置,recording,-0.348240,-2.792188,9.008032,0.069988,0.041853,0.009353
1408938040.000,YZJ,non_handheld,车载静置,recording,-0.332660,-2.059944,8.698375,-0.021802,0.010167,0.016367
1408938050.000,YZJ,non_handheld,车载静置,recording,0.185266,-3.123450,9.046910,-0.078601,0.044072,-0.014412
1408938060.000,YZJ,non_handheld,车载静置,recording,-0.029722,-3.223383,9.493627,-0.019893,0.040802,-0.025692
1408938070.000,YZJ,non_handheld,车载静置,recording,0.131059,-3.262031,10.520931,0.111379,-0.010249,-0.036025
1408938080.000,YZJ,non_handheld,车载静置,recording,0.214959,-3.028386,9.975192,0.218985,-0.044799,-0.032621
1408938090.000,YZJ,non_handheld,车载静置,recording,-0.534553,-3.647855,9.630946,0.264456,-0.100173,0.025841
1408938100.000,YZJ,non_handheld,车载静置,recording,0.385591,-2.714165,9.500415,0.292168,-0.193909,0.051040
1408938110.000,YZJ,non_handheld,车载静置,recording,-0.023187,-2.512527,9.702242,0.293509,-0.226185,0.090545
1408938120.000,YZJ,non_handheld,车载静置,recording,-0.119846,-2.486545,10.279861,0.296831,-0.199173,0.126869
1408938130.000,YZJ,non_handheld,车载静置,recording,0.338325,-2.396466,10.196830,0.289710,-0.126086,0.121059
1408938140.000,YZJ,non_handheld,车载静置,recording,-0.173732,-2.160513,9.851668,0.262748,-0.010516,0.129895
1408938150.000,YZJ,non_handheld,车载静置,recording,-0.225871,-2.044142,9.360427,0.226260,0.074802,0.117067
1408938160.000,YZJ,non_handheld,车载静置,recording,0.004902,-2.786555,9.801492,0.251400,0.154868,0.075651
1408938170.000,YZJ,non_handheld,车载静置,recording,0.808521,-3.096015,10.073674,0.343660,0.253889,-0.020661
1408938180.000,YZJ,non_handheld,车载静置,recording,0.855934,-2.951501,10.420300,0.473847,0.376823,-0.118963
1408938190.000,YZJ,non_handheld,车载静置,recording,0.554890,-2.536408,10.146536,0.570316,0.422029,-0.192302
1408938200.000,YZJ,non_handheld,车载静置,recording,0.060846,-2.395845,9.929624,0.612449,0.403400,-0.226828
1408938210.000,YZJ,non_handheld,车载静置,recording,-0.569953,-2.245790,9.713322,0.602512,0.357710,-0.202804
1408938220.000,YZJ,non_handheld,车载静置,recording,-0.623321,-2.285227,9.841939,0.575336,0.277942,-0.170791
1408938230.000,YZJ,non_handheld,车载静置,recording,-0.279823,-2.327871,9.573401,0.506302,0.225373,-0.165113
1408938240.000,YZJ,non_handheld,车载静置,recording,-0.325164,-2.374215,9.464256,0.420706,0.225424,-0.149050
1408938250.000,YZJ,non_handheld,车载静置,recording,-0.167815,-2.435560,9.510992,0.348388,0.199940,-0.156077
1408938260.000,YZJ,non_handheld,车载静置,recording,0.360737,-2.503313,9.554678,0.278021,0.203797,-0.182008
1408938270.000,YZJ,non_handheld,车载静置,recording,-0.399213,-2.455714,9.585194,0.204893,0.180510,-0.151609
1408938280.000,YZJ,non_handheld,车载静置,recording,-0.147077,-2.377534,9.532336,0.140645,0.127323,-0.129560
1408938290.000,YZJ,non_handheld,车载静置,recording,-0.207064,-2.213518,9.392498,0.067510,0.083941,-0.096488
1408938300.000,YZJ,non_handheld,车载静置,recording,-0.420799,-2.220906,9.345816,-0.003127,0.028351,-0.042487
1408938310.000,YZJ,non_handheld,车载静置,recording,0.007505,-1.978592,9.206710,-0.070325,-0.032004,-0.020429
1408938320.000,YZJ,non_handheld,车载静置,recording,0.145814,-2.099204,9.077436,-0.148898,-0.054813,0.001681
1408938330.000,YZJ,non_handheld,车载静置,recording,-0.293458,-2.112853,9.009362,-0.210602,-0.105430,0.048791
1408938340.000,YZJ,non_handheld,车载静置,recording,0.176351,-2.081174,9.154619,-0.251185,-0.136692,0.062638
1408938350.000,YZJ,non_handheld,车载静置,recording,-0.128022,-2.354722,8.979704,-0.302133,-0.128635,0.090299
1408938360.000,YZJ,non_handheld,车载静置,recording,-0.196535,-2.297667,9.030146,-0.330655,-0.174614,0.106750
1408938370.000,YZJ,non_handheld,车载静置,recording,0.288515,-2.412486,9.147084,-0.352361,-0.162844,0.091112
1408938380.000,YZJ,non_handheld,车载静置,recording,-0.295337,-2.418727,8.841735,-0.383454,-0.141791,0.107684
1408938390.000,YZJ,non_handheld,车载静置,recording,-0.313077,-2.177915,8.960887,-0.393273,-0.189624,0.111611
1408938400.000,YZJ,non_handheld,车载静置,recording,0.321725,-2.173680,9.108762,-0.414996,-0.195513,0.077985
1408938410.000,YZJ,non_handheld,车载静置,recording,-0.070039,-2.373291,8.977681,-0.440845,-0.194146,0.081967
1408938420.000,YZJ,non_handheld,车载静置,recording,-0.092472,-2.350146,9.185894,-0.431754,-0.253286,0.091435
1408938430.000,YZJ,non_handheld,车载静置,recording,0.134388,-2.483425,9.096075,-0.423575,-0.290044,0.103246
1408938440.000,YZJ,non_handheld,车载静置,recording,-0.194588,-2.318896,8.869214,-0.418326,-0.326906,0.145844
1408938450.000,YZJ,non_handheld,车载静置,recording,-0.133075,-2.494313,9.242442,-0.367440,-0.361490,0.167971
1408938460.000,YZJ,non_handheld,车载静置,recording,0.401474,-2.447962,9.337333,-0.306990,-0.325300,0.150135
1408938470.000,YZJ,non_handheld,车载静置,recording,-0.009710,-2.563115,8.990279,-0.268712,-0.254330,0.146328
1408938480.000,YZJ,non_handheld,车载静置,recording,-0.192628,-2.606624,9.329983,-0.194209,-0.212418,0.142048
1408938490.000,YZJ,non_handheld,车载静置,recording,0.473919,-2.505974,9.437449,-0.115629,-0.136337,0.095040
1408938500.000,YZJ,non_handheld,车载静置,recording,0.331019,-2.508278,9.444476,-0.058598,-0.042546,0.064497
1408938510.000,YZJ,non_handheld,车载静置,recording,0.318467,-2.639467,9.694526,0.020593,0.002739,0.029464
1408938520.000,YZJ,non_handheld,车载静置,recording,0.481230,-2.556571,9.474322,0.067586,0.037988,-0.002810
1408938530.000,YZJ,non_handheld,车载静置,recording,-0.096920,-2.591880,9.165411,0.073665,0.032199,0.010836
1408938540.000,YZJ,non_handheld,车载静置,recording,-0.089495,-2.667717,9.534140,0.103726,-0.019782,0.025171
1408938550.000,YZJ,non_handheld,车载静置,recording,0.187065,-2.633909,9.411895,0.112227,-0.044094,0.024563
1408938560.000,YZJ,non_handheld,车载静置,recording,0.227960,-2.663181,9.482672,0.112502,-0.025471,0.011426
1408938570.000,YZJ,non_handheld,车载静置,recording,0.187895,-2.775222,9.704995,0.134205,0.008622,-0.017736
1408938580.000,YZJ,non_handheld,车载静置,recording,0.102712,-2.828972,9.603427,0.142524,0.051421,-0.048752
1408938590.000,YZJ,non_handheld,车载静置,recording,-0.230219,-2.815733,9.417643,0.127276,0.063450,-0.055919
1408938600.000,YZJ,non_handheld,车载静置,recording,-0.246862,-2.968534,9.578888,0.126287,0.048671,-0.061447
1408938610.000,YZJ,non_handheld,车载静置,recording,0.105896,-2.927300,9.605990,0.128009,0.034276,-0.078475
1408938620.000,YZJ,non_handheld,车载静置,recording,-0.151899,-2.933906,9.567798,0.128762,0.012050,-0.074234
1408938630.000,YZJ,non_handheld,车载静置,recording,-0.115709,-2.923288,9.777785,0.148680,-0.045806,-0.063904
1408938640.000,YZJ,non_handheld,车载静置,recording,-0.086124,-2.797346,9.479814,0.153817,-0.120463,-0.045597
1408938650.000,YZJ,non_handheld,车载静置,recording,-0.145590,-2.773364,9.347528,0.138890,-0.171391,-0.011654
1408938660.000,YZJ,non_handheld,车载静置,recording,0.058118,-2.774250,9.836058,0.149797,-0.194168,-0.000790
1408938670.000,YZJ,non_handheld,车载静置,recording,0.485045,-2.696502,9.841363,0.140816,-0.158235,-0.033399
1408938680.000,YZJ,non_handheld,车载静置,recording,0.149125,-2.670451,9.619718,0.092696,-0.075371,-0.053443
1408938690.000,YZJ,non_handheld,车载静置,recording,0.274141,-2.681862,9.864657,0.052978,0.024049,-0.088991
1408938700.000,YZJ,non_handheld,车载静置,recording,0.450467,-2.685934,9.612837,0.006404,0.132182,-0.138069
1408938710.000,YZJ,non_handheld,车载静置,recording,0.011346,-2.810554,9.630157,-0.033141,0.209550,-0.149557
1408938720.000,YZJ,non_handheld,车载静置,recording,0.046942,-2.919828,9.687187,-0.037345,0.215636,-0.151874
1408938730.000,YZJ,non_handheld,车载静置,recording,0.211164,-2.870425,9.590748,-0.035772,0.194570,-0.141935
1408938740.000,YZJ,non_handheld,车载静置,recording,-0.173419,-2.960302,9.338469,-0.043424,0.136348,-0.089836
1408938750.000,YZJ,non_handheld,车载静置,recording,-0.094399,-2.990089,9.767633,-0.004485,0.025190,-0.038754
1408938760.000,YZJ,non_handheld,车载静置,recording,0.119831,-2.861927,9.770074,0.028432,-0.047868,-0.000525
1408938770.000,YZJ,non_handheld,车载静置,recording,-0.078400,-2.927900,9.672595,0.043153,-0.077718,0.043864
1408938780.000,YZJ,non_handheld,车载静置,recording,0.171016,-2.911648,9.677360,0.061077,-0.107040,0.056869
1408938790.000,YZJ,non_handheld,车载静置,recording,0.453443,-2.861142,9.520549,0.059821,-0.094870,0.053995
1408938800.000,YZJ,non_handheld,车载静置,recording,-0.076449,-2.960251,9.243418,0.034365,-0.071786,0.081895
1408938810.000,YZJ,non_handheld,车载静置,recording,0.346110,-2.885146,9.687665,0.052539,-0.040845,0.078834
1408938820.000,YZJ,non_handheld,车载静置,recording,0.749848,-2.718955,9.645294,0.068665,0.017378,0.041965
1408938830.000,YZJ,non_handheld,车载静置,recording,0.282109,-2.779373,9.310441,0.056761,0.061318,0.034476
1408938840.000,YZJ,non_handheld,车载静置,recording,0.205984,-2.593779,9.619039,0.079918,0.050572,0.030142
1408938850.000,YZJ,non_handheld,车载静置,recording,0.394875,-2.482313,9.418340,0.090419,0.066722,0.025430
1408938860.000,YZJ,non_handheld,车载静置,recording,-0.113864,-2.561214,9.209783,0.085603,0.067589,0.046000
1408938870.000,YZJ,non_handheld,车载静置,recording,0.241768,-2.617876,9.440818,0.102819,0.049909,0.035927
1408938880.000,YZJ,non_handheld,车载静置,recording,0.351626,-2.595544,9.202577,0.100484,0.076057,0.025508
1408938890.000,YZJ,non_handheld,车载静置,recording,-0.452516,-2.833861,9.034285,0.081028,0.039601,0.057227
1408938900.000,YZJ,non_handheld,车载静置,recording,0.357225,-2.808876,9.188308,0.085382,-0.006907,0.027746
1408938910.000,YZJ,non_handheld,车载静置,recording,0.685784,-2.627558,9.279288,0.071106,0.032945,-0.009055
1408938920.000,YZJ,non_handheld,车载静置,recording,-0.213413,-2.414430,9.043120,0.029631,0.020890,0.001659
1408938930.000,YZJ,non_handheld,车载静置,recording,0.336709,-2.135843,9.611372,0.017673,-0.012932,-0.021057
1408938940.000,YZJ,non_handheld,车载静置,recording,0.322358,-2.102207,9.380972,-0.028956,0.007892,-0.034341
1408938950.000,YZJ,non_handheld,车载静置,recording,-0.379903,-2.317221,9.159660,-0.093450,0.006498,0.011401
1408938960.000,YZJ,non_handheld,车载静置,recording,-0.163207,-2.514105,9.295449,-0.127147,-0.062094,0.046198
1408938970.000,YZJ,non_handheld,车载静置,recording,0.026101,-2.600955,9.388277,-0.147772,-0.114619,0.079965
1408938980.000,YZJ,non_handheld,车载静置,recording,-0.175364,-2.601841,9.141887,-0.172227,-0.178679,0.140818
1408938990.000,YZJ,non_handheld,车载静置,recording,0.004282,-2.645015,9.430940,-0.171539,-0.252885,0.178230
1408939000.000,YZJ,non_handheld,车载静置,recording,0.197957,-2.665956,9.150375,-0.182282,-0.284801,0.188538
1408939010.000,YZJ,non_handheld,车载静置,recording,0.106886,-2.714051,8.944855,-0.210181,-0.281350,0.198955
1408939020.000,YZJ,non_handheld,车载静置,recording,0.223011,-2.664361,9.213008,-0.202268,-0.272794,0.185317
1408939030.000,YZJ,non_handheld,车载静置,recording,0.390598,-2.696357,9.229104,-0.197551,-0.230048,0.156373
1408939040.000,YZJ,non_handheld,车载静置,recording,0.190462,-2.671589,9.005095,-0.203299,-0.179326,0.143176
1408939050.000,YZJ,non_handheld,车载静置,recording,0.069864,-2.719463,9.302629,-0.179048,-0.160509,0.138567
1408939060.000,YZJ,non_handheld,车载静置,recording,0.270055,-2.652978,9.369896,-0.138683,-0.137257,0.130801
1408939070.000,YZJ,non_handheld,车载静置,recording,0.277070,-2.638573,9.236838,-0.110643,-0.101993,0.131560
1408939080.000,YZJ,non_handheld,车载静置,recording,0.299182,-2.628686,9.375919,-0.068408,-0.070931,0.132980
1408939090.000,YZJ,non_handheld,车载静置,recording,0.483405,-2.562154,9.485705,-0.015377,-0.044016,0.125014
1408939100.000,YZJ,non_handheld,车载静置,recording,0.256061,-2.439794,9.322505,0.031359,-0.035023,0.135685
1408939110.000,YZJ,non_handheld,车载静置,recording,0.373341,-2.524021,9.684912,0.094818,-0.027140,0.135700
1408939120.000,YZJ,non_handheld,车载静置,recording,0.557714,-2.462505,9.579824,0.144900,-0.015262,0.115031
1408939130.000,YZJ,non_handheld,车载静置,recording,0.440913,-2.381866,9.388561,0.178147,0.008772,0.102152
1408939140.000,YZJ,non_handheld,车载静置,recording,0.449780,-2.554712,9.691680,0.232203,0.043350,0.075093
1408939150.000,YZJ,non_handheld,车载静置,recording,0.657024,-2.565255,9.755421,0.292918,0.098978,0.040315
1408939160.000,YZJ,non_handheld,车载静置,recording,0.116406,-2.498469,9.515893,0.327942,0.150536,0.052904
1408939170.000,YZJ,non_handheld,车载静置,recording,0.152072,-2.504902,9.661184,0.372340,0.140789,0.051475
1408939180.000,YZJ,non_handheld,车载静置,recording,0.580876,-2.470809,9.715393,0.397687,0.163081,0.017976
1408939190.000,YZJ,non_handheld,车载静置,recording,0.004385,-2.383641,9.498812,0.382542,0.198014,0.021610
1408939200.000,YZJ,non_handheld,车载静置,recording,-0.112685,-2.365977,9.657106,0.377370,0.162328,0.011558
1408939210.000,YZJ,non_handheld,车载静置,recording,0.372010,-2.190679,9.869271,0.373983,0.142035,-0.024320
1408939220.000,YZJ,non_handheld,车载静置,recording,-0.159801,-2.382847,9.566654,0.335730,0.131480,-0.021579
1408939230.000,YZJ,non_handheld,车载静置,recording,0.080932,-2.282054,9.707817,0.309397,0.066853,-0.031084
1408939240.000,YZJ,non_handheld,车载静置,recording,0.288335,-2.239697,9.963141,0.282115,0.040457,-0.039702
1408939250.000,YZJ,non_handheld,车载静置,recording,-0.239330,-2.318305,9.644967,0.235207,0.016154,-0.005324
1408939260.000,YZJ,non_handheld,车载静置,recording,-0.038169,-2.199923,9.795727,0.207680,-0.036925,0.014429
1408939270.000,YZJ,non_handheld,车载静置,recording,0.368175,-2.152971,9.979707,0.183509,-0.044888,0.017752
1408939280.000,YZJ,non_handheld,车载静置,recording,-0.046964,-2.194599,9.730907,0.144265,-0.039233,0.056111
1408939290.000,YZJ,non_handheld,车载静置,recording,-0.020047,-2.096967,9.773928,0.130714,-0.070946,0.077703
1408939300.000,YZJ,non_handheld,车载静置,recording,0.325582,-1.932448,9.967219,0.113856,-0.083046,0.074881
1408939310.000,YZJ,non_handheld,车载静置,recording,-0.077327,-2.143913,9.567443,0.064074,-0.069211,0.086748
1408939320.000,YZJ,non_handheld,车载静置,recording,0.125333,-2.242173,9.646269,0.047376,-0.072224,0.075815
1408939330.000,YZJ,non_handheld,车载静置,recording,0.499418,-2.130018,9.866587,0.050690,-0.059102,0.039348
1408939340.000,YZJ,non_handheld,车载静置,recording,0.186188,-2.323549,9.389096,0.024186,-0.031214,0.032072
1408939350.000,YZJ,non_handheld,车载静置,recording,-0.094199,-2.189861,9.426631,0.016115,-0.030661,0.036197
1408939360.000,YZJ,non_handheld,车载静置,recording,0.353887,-2.198073,9.645965,0.024317,-0.028283,0.004595
1408939370.000,YZJ,non_handheld,车载静置,recording,0.138965,-2.167282,9.357143,0.002739,0.013272,-0.013771
1408939380.000,YZJ,non_handheld,车载静置,recording,-0.020764,-2.113964,9.395994,-0.006226,0.015891,-0.025819
1408939390.000,YZJ,non_handheld,车载静置,recording,0.282834,-2.069922,9.697444,-0.008395,0.016810,-0.050027
1408939400.000,YZJ,non_handheld,车载静置,recording,-0.035784,-1.968086,9.438149,-0.034245,0.014580,-0.042274
1408939410.000,YZJ,non_handheld,车载静置,recording,-0.229005,-2.064169,9.555217,-0.053754,-0.023516,-0.020375
1408939420.000,YZJ,non_handheld,车载静置,recording,0.318810,-2.086305,9.842904,-0.046987,-0.047847,-0.028462
1408939430.000,YZJ,non_handheld,车载静置,recording,0.264759,-2.086499,9.760992,-0.041137,-0.027992,-0.022546
1408939440.000,YZJ,non_handheld,车载静置,recording,0.174434,-2.041686,9.674854,-0.033276,-0.042956,-0.013056
1408939450.000,YZJ,non_handheld,车载静置,recording,0.579092,-2.095881,9.947701,-0.001312,-0.053592,-0.020900
1408939460.000,YZJ,non_handheld,车载静置,recording,0.326474,-2.029065,9.532571,0.010659,-0.041199,-0.004012
1408939470.000,YZJ,non_handheld,车载静置,recording,0.040599,-2.075012,9.569027,0.027976,-0.055093,0.019159
1408939480.000,YZJ,non_handheld,车载静置,recording,0.242860,-2.071400,9.878346,0.065991,-0.060715,0.025339
1408939490.000,YZJ,non_handheld,车载静置,recording,0.249256,-2.069341,9.874714,0.100611,-0.025297,0.014138
1408939500.000,YZJ,non_handheld,车载静置,recording,0.021152,-2.101978,9.798544,0.127103,0.022657,-0.001511
1408939510.000,YZJ,non_handheld,车载静置,recording,0.552529,-2.034274,10.033819,0.166574,0.062716,-0.064293
1408939520.000,YZJ,non_handheld,车载静置,recording,0.460654,-1.972556,9.685867,0.171545,0.133779,-0.114826
1408939530.000,YZJ,non_handheld,车载静置,recording,-0.002936,-2.367935,9.466702,0.156174,0.142131,-0.139397
1408939540.000,YZJ,non_handheld,车载静置,recording,0.695601,-2.109271,9.935516,0.178854,0.113799,-0.183606
1408939550.000,YZJ,non_handheld,车载静置,recording,0.260658,-2.110191,9.603762,0.164988,0.106875,-0.186944
1408939560.000,YZJ,non_handheld,车载静置,recording,-0.017899,-1.885786,9.690447,0.142532,0.082922,-0.173959
1408939570.000,YZJ,non_handheld,车载静置,recording,0.330691,-1.719092,10.059280,0.132160,0.079687,-0.180861
1408939580.000,YZJ,non_handheld,车载静置,recording,0.123790,-1.718710,9.766536,0.090614,0.106157,-0.168713
1408939590.000,YZJ,non_handheld,车载静置,recording,-0.061936,-1.869996,9.689676,0.036272,0.090187,-0.149630
1408939600.000,YZJ,non_handheld,车载静置,recording,0.395436,-1.993273,9.893501,0.011535,0.076833,-0.152579
1408939610.000,YZJ,non_handheld,车载静置,recording,0.227466,-2.085730,9.704374,-0.014432,0.074206,-0.130976
1408939620.000,YZJ,non_handheld,车载静置,recording,0.155373,-2.151437,9.649746,-0.034326,0.023371,-0.099218
1408939630.000,YZJ,non_handheld,车载静置,recording,0.571420,-2.161556,9.883958,-0.026248,-0.029000,-0.085972
1408939640.000,YZJ,non_handheld,车载静置,recording,0.441058,-2.063685,9.521981,-0.043808,-0.066721,-0.066819
1408939650.000,YZJ,non_handheld,车载静置,recording,0.176975,-1.935752,9.451556,-0.068843,-0.100291,-0.029575
1408939660.000,YZJ,non_handheld,车载静置,recording,0.289258,-1.915585,9.835331,-0.063929,-0.127119,-0.011463
1408939670.000,YZJ,non_handheld,车载静置,recording,0.487483,-1.880217,9.809121,-0.059169,-0.106348,-0.010481
1408939680.000,YZJ,non_handheld,车载静置,recording,0.191295,-1.808568,9.493755,-0.071720,-0.072346,0.001659
1408939690.000,YZJ,non_handheld,车载静置,recording,0.350668,-1.900557,9.703645,-0.066268,-0.058930,-0.009219
1408939700.000,YZJ,non_handheld,车载静置,recording,0.599297,-2.005573,9.393117,-0.076746,-0.033209,-0.033012
1408939710.000,YZJ,non_handheld,车载静置,recording,0.341642,-1.945186,9.217686,-0.104097,-0.009475,-0.044277
1408939720.000,YZJ,non_handheld,车载静置,recording,0.695650,-2.004601,9.608406,-0.100374,0.005558,-0.083465
1408939730.000,YZJ,non_handheld,车载静置,recording,0.687175,-1.902917,9.225735,-0.120107,0.025469,-0.117639
1408939740.000,YZJ,non_handheld,车载静置,recording,0.406298,-1.949308,9.056209,-0.170463,0.019131,-0.122045
1408939750.000,YZJ,non_handheld,车载静置,recording,0.438219,-1.869924,9.185528,-0.210520,-0.037547,-0.141059
1408939760.000,YZJ,non_handheld,车载静置,recording,0.662804,-1.847539,9.062718,-0.285741,-0.052727,-0.176369
1408939770.000,YZJ,non_handheld,车载静置,recording,0.247831,-1.810472,8.921286,-0.388373,-0.054121,-0.176567
1408939780.000,YZJ,non_handheld,车载静置,recording,0.350283,-1.744216,9.212013,-0.456393,-0.065309,-0.187888
1408939790.000,YZJ,non_handheld,车载静置,recording,0.526741,-1.819919,9.389939,-0.510405,-0.073405,-0.195631
1408939800.000,YZJ,non_handheld,车载静置,recording,0.286635,-2.103192,9.193017,-0.569483,-0.080354,-0.163206
1408939810.000,YZJ,non_handheld,车载静置,recording,0.704005,-2.189692,9.240320,-0.600430,-0.120782,-0.140801
1408939820.000,YZJ,non_handheld,车载静置,recording,0.630826,-2.365414,9.151186,-0.626922,-0.154534,-0.097392
1408939830.000,YZJ,non_handheld,车载静置,recording,0.272954,-2.615164,9.114286,-0.640802,-0.213792,-0.018838
1408939840.000,YZJ,non_handheld,车载静置,recording,0.637844,-2.475769,9.319211,-0.608783,-0.292440,0.033446
1408939850.000,YZJ,non_handheld,车载静置,recording,0.767617,-2.452846,9.302525,-0.569605,-0.318445,0.078424
1408939860.000,YZJ,non_handheld,车载静置,recording,0.286564,-2.643754,9.000489,-0.547752,-0.313901,0.138949
1408939870.000,YZJ,non_handheld,车载静置,recording,0.653621,-2.570893,9.215142,-0.493790,-0.322564,0.144918
1408939880.000,YZJ,non_handheld,车载静置,recording,0.811701,-2.547531,9.380397,-0.422726,-0.261702,0.128684
1408939890.000,YZJ,non_handheld,车载静置,recording,0.623585,-2.450855,9.175755,-0.374410,-0.191308,0.109507
1408939900.000,YZJ,non_handheld,车载静置,recording,0.940838,-2.709664,9.330109,-0.320805,-0.058049,0.056598
1408939910.000,YZJ,non_handheld,车载静置,recording,0.865221,-2.885059,9.280274,-0.293899,0.113021,0.013677
1408939920.000,YZJ,non_handheld,车载静置,recording,0.571190,-2.847463,9.166467,-0.270002,0.211912,-0.008954
1408939930.000,YZJ,non_handheld,车载静置,recording,0.523547,-2.768651,9.421610,-0.209711,0.236023,-0.022727
1408939940.000,YZJ,non_handheld,车载静置,recording,0.724709,-2.760038,9.374429,-0.146466,0.240005,-0.037043
1408939950.000,YZJ,non_handheld,车载静置,recording,0.176051,-2.812676,9.144796,-0.109880,0.204290,-0.005163
1408939960.000,YZJ,non_handheld,车载静置,recording,0.217971,-3.150116,9.429014,-0.048675,0.110038,0.030112
1408939970.000,YZJ,non_handheld,车载静置,recording,0.780474,-3.110315,9.529861,0.020428,0.029417,0.042037
1408939980.000,YZJ,non_handheld,车载静置,recording,0.159146,-3.056500,9.086788,0.043218,-0.022302,0.097797
1408939990.000,YZJ,non_handheld,车载静置,recording,0.394590,-3.163181,9.422397,0.089501,-0.061213,0.122605
1408940000.000,YZJ,non_handheld,车载静置,recording,0.915702,-3.105379,9.732878,0.144935,-0.028048,0.109962
1408940010.000,YZJ,non_handheld,车载静置,recording,0.462942,-2.876950,9.529063,0.169916,0.025473,0.123818
1408940020.000,YZJ,non_handheld,车载静置,recording,0.319911,-2.916843,9.510761,0.195935,0.083157,0.137613
1408940030.000,YZJ,non_handheld,车载静置,recording,0.550258,-2.907722,9.647933,0.236148,0.136955,0.119996
1408940040.000,YZJ,non_handheld,车载静置,recording,0.562631,-2.889013,9.616726,0.269968,0.177729,0.114966
1408940050.000,YZJ,non_handheld,车载静置,recording,0.401065,-2.825922,9.658165,0.310900,0.174215,0.114673
1408940060.000,YZJ,non_handheld,车载静置,recording,0.764867,-2.840439,9.832596,0.360465,0.161137,0.088781
1408940070.000,YZJ,non_handheld,车载静置,recording,0.524803,-2.845446,9.480758,0.372418,0.131990,0.072062
1408940080.000,YZJ,non_handheld,车载静置,recording,0.217018,-2.954940,9.532652,0.376286,0.074895,0.067338
1408940090.000,YZJ,non_handheld,车载静置,recording,0.325842,-3.067349,9.805992,0.386125,0.041122,0.055955
1408940100.000,YZJ,non_handheld,车载静置,recording,0.400850,-2.931476,9.385380,0.369224,0.035119,0.042615
1408940110.000,YZJ,non_handheld,车载静置,recording,0.164732,-2.822412,9.636921,0.343045,0.041558,0.036872
1408940120.000,YZJ,non_handheld,车载静置,recording,0.379104,-2.809090,9.966910,0.327795,0.025616,0.028650
1408940130.000,YZJ,non_handheld,车载静置,recording,0.177772,-2.682656,9.817650,0.291748,0.013275,0.049884
1408940140.000,YZJ,non_handheld,车载静置,recording,0.123826,-2.547973,9.734698,0.254897,-0.059963,0.075133
1408940150.000,YZJ,non_handheld,车载静置,recording,0.597801,-2.502887,10.075785,0.243167,-0.150325,0.086982
1408940160.000,YZJ,non_handheld,车载静置,recording,0.361249,-2.294920,9.785608,0.229559,-0.248615,0.135351
1408940170.000,YZJ,non_handheld,车载静置,recording,0.287809,-2.243564,10.030446,0.246495,-0.361566,0.187561
1408940180.000,YZJ,non_handheld,车载静置,recording,0.763237,-2.273388,10.087468,0.289571,-0.437650,0.206831
1408940190.000,YZJ,non_handheld,车载静置,recording,0.918273,-2.307947,9.754401,0.317900,-0.440184,0.195348
1408940200.000,YZJ,non_handheld,车载静置,recording,0.997592,-2.648518,9.639489,0.324837,-0.415013,0.137538
1408940210.000,YZJ,non_handheld,车载静置,recording,0.900320,-2.902436,9.942113,0.352858,-0.296517,0.069196
1408940220.000,YZJ,non_handheld,车载静置,recording,0.764446,-2.824065,9.578948,0.355722,-0.212065,0.001554
1408940230.000,YZJ,non_handheld,车载静置,recording,0.502021,-2.686790,9.566416,0.345823,-0.124415,-0.049808
1408940240.000,YZJ,non_handheld,车载静置,recording,0.210212,-2.520219,9.972295,0.347284,-0.058560,-0.072249
1408940250.000,YZJ,non_handheld,车载静置,recording,0.039181,-2.298060,9.703405,0.321218,-0.084617,-0.057949
1408940260.000,YZJ,non_handheld,车载静置,recording,0.055892,-2.239855,9.535776,0.278473,-0.158642,-0.023613
1408940270.000,YZJ,non_handheld,车载静置,recording,0.487440,-2.329670,9.687619,0.246602,-0.242465,-0.018145
1408940280.000,YZJ,non_handheld,车载静置,recording,0.717769,-2.310922,9.339367,0.189361,-0.295963,-0.023075
1408940290.000,YZJ,non_handheld,车载静置,recording,0.565485,-2.496345,9.504043,0.130625,-0.351808,-0.014896
1408940300.000,YZJ,non_handheld,车载静置,recording,0.714040,-2.435301,9.650350,0.094149,-0.409635,-0.012639
1408940310.000,YZJ,non_handheld,车载静置,recording,0.808370,-2.251367,9.454353,0.046957,-0.434761,0.002728
1408940320.000,YZJ,non_handheld,车载静置,recording,0.628758,-2.191950,9.285458,0.001515,-0.459472,0.031411
1408940330.000,YZJ,non_handheld,车载静置,recording,1.023509,-1.971948,9.719709,0.006450,-0.474188,0.046265
1408940340.000,YZJ,non_handheld,车载静置,recording,0.696380,-2.115283,9.571242,-0.004069,-0.406606,0.071336
1408940350.000,YZJ,non_handheld,车载静置,recording,0.874178,-2.235403,9.522777,-0.023847,-0.293262,0.119938
1408940360.000,YZJ,non_handheld,车载静置,recording,1.218521,-2.295578,9.550936,-0.066986,-0.233047,0.139833
1408940370.000,YZJ,non_handheld,车载静置,recording,1.254879,-2.197039,9.164697,-0.115751,-0.167878,0.136899
1408940380.000,YZJ,non_handheld,车载静置,recording,0.963043,-2.161454,9.126991,-0.158715,-0.044066,0.149582
1408940390.000,YZJ,non_handheld,车载静置,recording,1.481966,-2.287148,9.604163,-0.165472,0.045352,0.108076
1408940400.000,YZJ,non_handheld,车载静置,recording,1.466689,-2.272594,9.257948,-0.161183,0.149837,0.062293
1408940410.000,YZJ,non_handheld,车载静置,recording,0.988289,-2.414452,9.176342,-0.138005,0.240489,0.049992
1408940420.000,YZJ,non_handheld,车载静置,recording,1.214793,-2.400772,9.673636,-0.077096,0.259588,0.019436
1408940430.000,YZJ,non_handheld,车载静置,recording,1.025397,-2.398906,9.470811,-0.039472,0.239808,0.004333
1408940440.000,YZJ,non_handheld,车载静置,recording,0.716696,-2.253468,9.402488,-0.009082,0.247560,0.006500
1408940450.000,YZJ,non_handheld,车载静置,recording,0.951746,-2.137856,9.627652,0.051666,0.319015,-0.032003
1408940460.000,YZJ,non_handheld,车载静置,recording,0.844905,-2.263902,9.583070,0.106680,0.411530,-0.045918
1408940470.000,YZJ,non_handheld,车载静置,recording,0.571789,-2.098639,9.598561,0.140085,0.496580,-0.011197
1408940480.000,YZJ,non_handheld,车载静置,recording,0.933336,-2.025176,9.837530,0.173648,0.545811,-0.011736
1408940490.000,YZJ,non_handheld,车载静置,recording,0.869329,-1.999792,9.301440,0.162486,0.579102,-0.029751
1408940500.000,YZJ,non_handheld,车载静置,recording,0.732245,-1.939271,9.385148,0.131926,0.551092,-0.047166
1408940510.000,YZJ,non_handheld,车载静置,recording,0.626401,-1.900213,9.873757,0.117095,0.471537,-0.063415
1408940520.000,YZJ,non_handheld,车载静置,recording,0.782165,-1.784866,9.624656,0.089739,0.421050,-0.081020
1408940530.000,YZJ,non_handheld,车载静置,recording,0.793727,-1.711215,9.592692,0.072128,0.380591,-0.097619
1408940540.000,YZJ,non_handheld,车载静置,recording,0.659889,-1.885270,9.510039,0.058001,0.294358,-0.088238
1408940550.000,YZJ,non_handheld,车载静置,recording,0.203616,-2.086814,9.491891,0.057180,0.203275,-0.019532
1408940560.000,YZJ,non_handheld,车载静置,recording,0.223849,-2.134998,9.824380,0.074734,0.078165,0.051849
1408940570.000,YZJ,non_handheld,车载静置,recording,0.307000,-2.141536,9.785064,0.076626,-0.038567,0.111853
1408940580.000,YZJ,non_handheld,车载静置,recording,0.278359,-2.097032,9.569864,0.059075,-0.106372,0.165972
1408940590.000,YZJ,non_handheld,车载静置,recording,0.222340,-2.192940,9.694603,0.031849,-0.151419,0.192470
1408940600.000,YZJ,non_handheld,车载静置,recording,0.292875,-2.202884,9.587506,-0.004904,-0.155419,0.195725
1408940610.000,YZJ,non_handheld,车载静置,recording,0.344592,-2.077251,9.257260,-0.069255,-0.130687,0.192764
1408940620.000,YZJ,non_handheld,车载静置,recording,0.308262,-2.060609,8.869817,-0.158252,-0.111056,0.190441
1408940630.000,YZJ,non_handheld,车载静置,recording,0.515874,-1.967184,8.490240,-0.267339,-0.090760,0.168991
1408940640.000,YZJ,non_handheld,车载静置,recording,0.538375,-1.948463,8.152968,-0.403215,-0.079972,0.144179
1408940650.000,YZJ,non_handheld,车载静置,recording,0.487250,-2.025317,8.192055,-0.517206,-0.079830,0.136633
1408940660.000,YZJ,non_handheld,车载静置,recording,0.602142,-2.044757,8.707185,-0.575147,-0.089019,0.139917
1408940670.000,YZJ,non_handheld,车载静置,recording,0.611956,-2.104158,9.477514,-0.548748,-0.110934,0.154079
1408940680.000,YZJ,non_handheld,车载静置,recording,0.492550,-2.083989,9.806287,-0.493306,-0.148614,0.196792
1408940690.000,YZJ,non_handheld,车载静置,recording,0.393540,-2.182936,9.782387,-0.428024,-0.196871,0.256007
1408940700.000,YZJ,non_handheld,车载静置,recording,0.420348,-2.225267,10.061576,-0.333624,-0.213673,0.311317
1408940710.000,YZJ,non_handheld,车载静置,recording,0.756289,-2.056601,10.557207,-0.223934,-0.215137,0.346597
1408940720.000,YZJ,non_handheld,车载静置,recording,0.695002,-1.972617,10.196583,-0.147734,-0.226249,0.377027
1408940730.000,YZJ,non_handheld,车载静置,recording,1.382053,-1.992359,9.470740,-0.129441,-0.211322,0.360919
1408940740.000,YZJ,non_handheld,车载静置,recording,1.806963,-1.770529,8.605630,-0.185093,-0.193512,0.307784
1408940750.000,YZJ,non_handheld,车载静置,recording,2.060287,-1.797862,8.893077,-0.210575,-0.171427,0.219568
1408940760.000,YZJ,non_handheld,车载静置,recording,2.419056,-1.861149,9.856112,-0.120830,-0.082994,0.084444
1408940770.000,YZJ,non_handheld,车载静置,recording,2.521390,-1.768941,10.098170,0.008402,0.045433,-0.084051
1408940780.000,YZJ,non_handheld,车载静置,recording,1.771342,-1.780381,9.852551,0.105541,0.211828,-0.233446
1408940790.000,YZJ,non_handheld,车载静置,recording,1.397944,-2.014304,9.104509,0.154621,0.369340,-0.369293
1408940800.000,YZJ,non_handheld,车载静置,recording,1.207171,-2.175703,9.413347,0.207059,0.522501,-0.501240
1408940810.000,YZJ,non_handheld,车载静置,recording,1.002745,-2.068275,9.792997,0.272116,0.675371,-0.624835
1408940820.000,YZJ,non_handheld,车载静置,recording,1.352475,-2.149502,9.859869,0.324841,0.824387,-0.759505
1408940830.000,YZJ,non_handheld,车载静置,recording,0.686882,-2.617259,9.705977,0.340381,0.927547,-0.771790
1408940840.000,YZJ,non_handheld,车载静置,recording,-0.059483,-2.000792,9.468923,0.329850,0.896125,-0.689478
1408940850.000,YZJ,non_handheld,车载静置,recording,-0.403537,-1.947002,9.285001,0.295867,0.750582,-0.566765
1408940860.000,YZJ,non_handheld,车载静置,recording,-0.636044,-1.930851,9.588426,0.244014,0.562046,-0.398148
1408940870.000,YZJ,non_handheld,车载静置,recording,-0.677810,-1.853821,9.519315,0.165930,0.338048,-0.206203
1408940880.000,YZJ,non_handheld,车载静置,recording,-0.480404,-1.844090,9.626700,0.083680,0.145827,-0.040055
1408940890.000,YZJ,non_handheld,车载静置,recording,0.354638,-1.991022,9.375161,-0.024507,-0.012551,0.047598
1408940900.000,YZJ,non_handheld,车载静置,recording,1.033514,-2.005563,9.133456,-0.151369,-0.120562,0.069034
1408940910.000,YZJ,non_handheld,车载静置,recording,1.908347,-2.088152,9.055859,-0.282710,-0.187626,0.013651
1408940920.000,YZJ,non_handheld,车载静置,recording,2.357324,-2.214275,9.177974,-0.367622,-0.175905,-0.058549
1408940930.000,YZJ,non_handheld,车载静置,recording,1.757764,-2.401252,9.955921,-0.405126,-0.190914,-0.090504
1408940940.000,YZJ,non_handheld,车载静置,recording,1.543590,-2.172743,10.102114,-0.419659,-0.215346,-0.097921
1408940950.000,YZJ,non_handheld,车载静置,recording,1.236328,-1.840895,9.902892,-0.453491,-0.221335,-0.080268
1408940960.000,YZJ,non_handheld,车载静置,recording,0.591978,-1.836307,9.497368,-0.527807,-0.193511,-0.032997
1408940970.000,YZJ,non_handheld,车载静置,recording,0.405509,-2.197486,9.614174,-0.579703,-0.150304,0.006035
1408940980.000,YZJ,non_handheld,车载静置,recording,0.772769,-2.366619,9.407206,-0.598526,-0.080203,0.016633
1408940990.000,YZJ,non_handheld,车载静置,recording,1.239223,-2.520206,9.546695,-0.581533,-0.004463,-0.007092
1408941000.000,YZJ,non_handheld,车载静置,recording,1.258955,-2.628605,9.406821,-0.527185,0.052325,-0.035706
1408941010.000,YZJ,non_handheld,车载静置,recording,1.258471,-2.600172,9.616645,-0.445708,0.083434,-0.053215
1408941020.000,YZJ,non_handheld,车载静置,recording,1.216034,-2.555220,9.324538,-0.368900,0.114520,-0.059723
1408941030.000,YZJ,non_handheld,车载静置,recording,0.840651,-2.483922,9.427382,-0.281267,0.115250,-0.046773
1408941040.000,YZJ,non_handheld,车载静置,recording,0.433853,-2.391444,9.373674,-0.194639,0.092084,-0.008914
1408941050.000,YZJ,non_handheld,车载静置,recording,0.710841,-2.388033,9.402372,-0.125080,0.085690,0.006466
1408941060.000,YZJ,non_handheld,车载静置,recording,0.886127,-2.283344,9.260891,-0.084117,0.105211,0.010062
1408941070.000,YZJ,non_handheld,车载静置,recording,0.918541,-2.165711,9.199103,-0.058597,0.117377,0.009752
1408941080.000,YZJ,non_handheld,车载静置,recording,1.041316,-2.281648,9.222931,-0.037371,0.115291,0.016706
1408941090.000,YZJ,non_handheld,车载静置,recording,0.791139,-2.708861,9.434956,-0.000912,0.127327,0.057429
1408941100.000,YZJ,non_handheld,车载静置,recording,0.591934,-2.617678,9.430642,0.055163,0.091096,0.107610
1408941110.000,YZJ,non_handheld,车载静置,recording,0.758545,-2.436139,9.387838,0.110833,0.028924,0.146861
1408941120.000,YZJ,non_handheld,车载静置,recording,0.772686,-2.463767,9.497263,0.145401,0.003303,0.178577
1408941130.000,YZJ,non_handheld,车载静置,recording,1.238050,-2.249929,9.327945,0.150701,0.010521,0.169411
1408941140.000,YZJ,non_handheld,车载静置,recording,1.020142,-2.000379,9.231809,0.140324,0.059371,0.171780
1408941150.000,YZJ,non_handheld,车载静置,recording,0.568001,-2.538492,9.175231,0.111008,0.114748,0.179527
1408941160.000,YZJ,non_handheld,车载静置,recording,0.972467,-2.779846,9.482744,0.116528,0.163315,0.146432
1408941170.000,YZJ,non_handheld,车载静置,recording,1.051079,-2.732721,9.335832,0.142957,0.188201,0.117266
1408941180.000,YZJ,non_handheld,车载静置,recording,0.884346,-2.478981,9.639048,0.173946,0.173773,0.115137
1408941190.000,YZJ,non_handheld,车载静置,recording,0.742692,-2.628808,9.563871,0.190607,0.155968,0.125214
1408941200.000,YZJ,non_handheld,车载静置,recording,0.502066,-2.713983,9.584771,0.208125,0.120091,0.146391
1408941210.000,YZJ,non_handheld,车载静置,recording,0.384539,-2.558432,9.720634,0.227460,0.073179,0.187247
1408941220.000,YZJ,non_handheld,车载静置,recording,0.394553,-2.469552,9.680664,0.239713,0.004769,0.229184
1408941230.000,YZJ,non_handheld,车载静置,recording,0.315950,-2.190815,9.475123,0.233554,-0.060149,0.266281
1408941240.000,YZJ,non_handheld,车载静置,recording,0.793365,-1.957687,9.346942,0.205448,-0.100773,0.270790
1408941250.000,YZJ,non_handheld,车载静置,recording,0.639953,-2.557877,9.233386,0.184674,-0.086469,0.271351
1408941260.000,YZJ,non_handheld,车载静置,recording,0.765613,-2.624842,9.420624,0.209266,-0.079365,0.262445
1408941270.000,YZJ,non_handheld,车载静置,recording,0.944181,-2.656810,9.603327,0.277220,-0.071626,0.227577
1408941280.000,YZJ,non_handheld,车载静置,recording,0.886646,-2.723559,9.632243,0.336864,-0.047148,0.186395
1408941290.000,YZJ,non_handheld,车载静置,recording,0.577514,-2.577202,9.814492,0.386992,-0.028028,0.151548
1408941300.000,YZJ,non_handheld,车载静置,recording,0.489316,-2.229057,9.691141,0.424967,0.001643,0.131678
1408941310.000,YZJ,non_handheld,车载静置,recording,0.407106,-2.066104,9.725792,0.442511,0.024894,0.111911
1408941320.000,YZJ,non_handheld,车载静置,recording,0.329812,-1.956878,9.779333,0.441021,0.046169,0.093505
1408941330.000,YZJ,non_handheld,车载静置,recording,0.531121,-1.942237,9.929629,0.438741,0.052189,0.061029
1408941340.000,YZJ,non_handheld,车载静置,recording,0.830591,-1.910416,9.919082,0.447313,0.054112,0.028153
1408941350.000,YZJ,non_handheld,车载静置,recording,1.080042,-1.735496,9.748287,0.440013,0.034196,0.006638
1408941360.000,YZJ,non_handheld,车载静置,recording,0.740751,-1.872079,9.641925,0.414292,-0.012793,0.003341
1408941370.000,YZJ,non_handheld,车载静置,recording,0.859760,-1.943626,9.601439,0.400109,-0.058565,-0.013651
1408941380.000,YZJ,non_handheld,车载静置,recording,0.899096,-2.018310,9.697725,0.399226,-0.061111,-0.043669
1408941390.000,YZJ,non_handheld,车载静置,recording,0.748775,-2.120577,9.774855,0.392476,0.015053,-0.073620
1408941400.000,YZJ,non_handheld,车载静置,recording,0.484583,-2.070738,9.914009,0.390203,0.106832,-0.099275
1408941410.000,YZJ,non_handheld,车载静置,recording,0.375987,-1.958173,9.677020,0.381855,0.189689,-0.121190
1408941420.000,YZJ,non_handheld,车载静置,recording,0.270317,-1.912958,9.736786,0.360555,0.249419,-0.134573
1408941430.000,YZJ,non_handheld,车载静置,recording,0.345701,-1.823251,9.741691,0.328421,0.266712,-0.135249
1408941440.000,YZJ,non_handheld,车载静置,recording,0.768831,-1.742003,9.626332,0.281710,0.246645,-0.161658
1408941450.000,YZJ,non_handheld,车载静置,recording,0.569727,-1.692372,9.548838,0.232064,0.198007,-0.139915
1408941460.000,YZJ,non_handheld,车载静置,recording,0.521666,-1.716298,9.631883,0.191644,0.108535,-0.101340
1408941470.000,YZJ,non_handheld,车载静置,recording,0.377624,-1.735456,9.598594,0.148591,0.019004,-0.052036
1408941480.000,YZJ,non_handheld,车载静置,recording,0.585379,-1.812713,9.740736,0.115620,-0.079424,-0.011495
1408941490.000,YZJ,non_handheld,车载静置,recording,0.684864,-1.845230,9.834318,0.093308,-0.149704,0.009228
1408941500.000,YZJ,non_handheld,车载静置,recording,0.543484,-1.847861,9.665432,0.063394,-0.173991,0.038839
1408941510.000,YZJ,non_handheld,车载静置,recording,0.689696,-1.705032,9.795168,0.040957,-0.192787,0.039446
1408941520.000,YZJ,non_handheld,车载静置,recording,0.573622,-1.467944,9.777080,0.026047,-0.164434,0.049255
1408941530.000,YZJ,non_handheld,车载静置,recording,0.463967,-1.468820,9.855470,0.021351,-0.124008,0.045792
1408941540.000,YZJ,non_handheld,车载静置,recording,0.941230,-1.555331,9.901636,0.025238,-0.054007,0.012733
1408941550.000,YZJ,non_handheld,车载静置,recording,1.008920,-1.606973,9.771856,0.033732,0.033976,-0.023527
1408941560.000,YZJ,non_handheld,车载静置,recording,0.362793,-1.861783,9.783748,0.063226,0.094799,-0.017308
1408941570.000,YZJ,non_handheld,车载静置,recording,0.796428,-1.664365,9.856089,0.113904,0.078419,-0.035622
1408941580.000,YZJ,non_handheld,车载静置,recording,0.876294,-1.629780,9.693408,0.143805,0.081558,-0.055879
1408941590.000,YZJ,non_handheld,车载静置,recording,0.671440,-1.616980,9.613615,0.144274,0.093337,-0.057681
1408941600.000,YZJ,non_handheld,车载静置,recording,0.474412,-1.541784,9.701643,0.145271,0.086933,-0.054265
1408941610.000,YZJ,non_handheld,车载静置,recording,0.809269,-1.470051,9.752579,0.143686,0.063904,-0.066908
1408941620.000,YZJ,non_handheld,车载静置,recording,0.529190,-1.510893,9.874989,0.136067,0.051005,-0.051426
1408941630.000,YZJ,non_handheld,车载静置,recording,0.161839,-1.624812,9.814679,0.122223,0.023476,-0.025760
1408941640.000,YZJ,non_handheld,车载静置,recording,0.864374,-1.571398,10.026641,0.131896,-0.000619,-0.047360
1408941650.000,YZJ,non_handheld,车载静置,recording,0.831634,-1.505444,9.720601,0.114684,0.022362,-0.070424
1408941660.000,YZJ,non_handheld,车载静置,recording,0.743506,-1.476405,9.618447,0.077213,0.046072,-0.081539
1408941670.000,YZJ,non_handheld,车载静置,recording,0.662714,-1.548716,9.442560,0.036963,0.040773,-0.091026
1408941680.000,YZJ,non_handheld,车载静置,recording,0.893337,-1.551341,9.627022,0.012652,0.026998,-0.103853
1408941690.000,YZJ,non_handheld,车载静置,recording,0.693825,-1.454696,9.521094,-0.014672,0.027532,-0.094707
1408941700.000,YZJ,non_handheld,车载静置,recording,0.377745,-1.315700,9.531502,-0.044646,0.006902,-0.065904
1408941710.000,YZJ,non_handheld,车载静置,recording,0.940222,-1.132363,9.739090,-0.056964,-0.008221,-0.080226
1408941720.000,YZJ,non_handheld,车载静置,recording,0.570134,-1.346538,9.392376,-0.100705,0.024779,-0.078797
1408941730.000,YZJ,non_handheld,车载静置,recording,0.339992,-1.687998,9.438143,-0.144192,0.057226,-0.058428
1408941740.000,YZJ,non_handheld,车载静置,recording,0.163273,-1.835080,9.347316,-0.165346,0.039262,-0.027733
1408941750.000,YZJ,non_handheld,车载静置,recording,0.432162,-1.740204,9.370647,-0.191312,-0.020822,0.001483
1408941760.000,YZJ,non_handheld,车载静置,recording,0.349377,-1.604401,9.233228,-0.232348,-0.085640,0.046378
1408941770.000,YZJ,non_handheld,车载静置,recording,0.227026,-1.576522,9.091842,-0.288689,-0.159771,0.104332
1408941780.000,YZJ,non_handheld,车载静置,recording,0.476572,-1.505547,9.227607,-0.331267,-0.220488,0.149952
1408941790.000,YZJ,non_handheld,车载静置,recording,0.547364,-1.567772,9.354874,-0.356396,-0.240453,0.179092
1408941800.000,YZJ,non_handheld,车载静置,recording,0.912620,-1.562701,9.524485,-0.359015,-0.231560,0.173699
1408941810.000,YZJ,non_handheld,车载静置,recording,0.947701,-1.581185,9.548017,-0.346955,-0.213277,0.160408
1408941820.000,YZJ,non_handheld,车载静置,recording,0.994659,-1.567551,9.668838,-0.324820,-0.180987,0.142258
1408941830.000,YZJ,non_handheld,车载静置,recording,0.971362,-1.524356,9.522419,-0.298684,-0.151697,0.124745
1408941840.000,YZJ,non_handheld,车载静置,recording,0.968914,-1.602920,9.661950,-0.259132,-0.123713,0.108423
1408941850.000,YZJ,non_handheld,车载静置,recording,1.069339,-1.704008,9.814785,-0.208913,-0.096776,0.086968
1408941860.000,YZJ,non_handheld,车载静置,recording,1.030083,-1.670106,9.676720,-0.156888,-0.079461,0.062766
1408941870.000,YZJ,non_handheld,车载静置,recording,0.988508,-1.743559,9.775161,-0.094815,-0.051605,0.047675
1408941880.000,YZJ,non_handheld,车载静置,recording,0.878806,-1.789743,9.815447,-0.016181,-0.039299,0.032273
1408941890.000,YZJ,non_handheld,车载静置,recording,1.017945,-1.727168,9.681648,0.045501,-0.052034,0.004131
1408941900.000,YZJ,non_handheld,车载静置,recording,1.031666,-1.630550,9.635043,0.093999,-0.065649,-0.026985
1408941910.000,YZJ,non_handheld,车载静置,recording,1.010909,-1.554875,9.774706,0.148173,-0.064178,-0.063495
1408941920.000,YZJ,non_handheld,车载静置,recording,0.856778,-1.479498,9.973398,0.198355,-0.045236,-0.098351
1408941930.000,YZJ,non_handheld,车载静置,recording,0.725520,-1.550098,9.733593,0.223368,-0.002966,-0.133761
1408941940.000,YZJ,non_handheld,车载静置,recording,0.719408,-1.694760,9.743751,0.240086,0.041530,-0.163924
1408941950.000,YZJ,non_handheld,车载静置,recording,1.012254,-1.415228,9.737423,0.269787,0.049316,-0.205744
1408941960.000,YZJ,non_handheld,车载静置,recording,0.811493,-1.342061,9.599977,0.256893,0.081180,-0.232710
1408941970.000,YZJ,non_handheld,车载静置,recording,0.741491,-1.618157,9.951303,0.246392,0.126127,-0.242267
1408941980.000,YZJ,non_handheld,车载静置,recording,1.040297,-1.619916,9.822772,0.249362,0.135537,-0.271969
1408941990.000,YZJ,non_handheld,车载静置,recording,1.112764,-1.544921,9.652120,0.211918,0.142517,-0.284234
1408942000.000,YZJ,non_handheld,车载静置,recording,0.557113,-1.684730,9.197955,0.136314,0.137049,-0.246666
1408942010.000,YZJ,non_handheld,车载静置,recording,0.211939,-1.581114,9.286806,0.084118,0.074076,-0.199259
1408942020.000,YZJ,non_handheld,车载静置,recording,1.021429,-1.171112,9.593423,0.031374,0.018884,-0.194427
1408942030.000,YZJ,non_handheld,车载静置,recording,0.780043,-1.671885,9.562007,-0.026030,0.027575,-0.174105
1408942040.000,YZJ,non_handheld,车载静置,recording,0.409884,-1.653670,9.328933,-0.084588,0.026457,-0.122721
1408942050.000,YZJ,non_handheld,车载静置,recording,0.504786,-1.808358,10.052470,-0.071452,-0.020670,-0.075636
1408942060.000,YZJ,non_handheld,车载静置,recording,0.618034,-1.788553,10.321998,-0.021284,-0.089511,-0.048028
1408942070.000,YZJ,non_handheld,车载静置,recording,1.205650,-1.681649,10.271525,0.030086,-0.117429,-0.042069
1408942080.000,YZJ,non_handheld,车载静置,recording,0.720291,-1.494694,9.769439,0.025891,-0.123068,-0.002408
1408942090.000,YZJ,non_handheld,车载静置,recording,0.886178,-1.416072,9.702320,0.003775,-0.146195,0.009711
1408942100.000,YZJ,non_handheld,车载静置,recording,1.553352,-2.004070,9.262063,-0.026256,-0.140364,-0.023709
1408942110.000,YZJ,non_handheld,车载静置,recording,1.105686,-1.741912,9.332450,-0.045704,-0.107561,-0.003532
1408942120.000,YZJ,non_handheld,车载静置,recording,0.914633,-1.886241,9.593621,-0.027985,-0.121617,0.022863
1408942130.000,YZJ,non_handheld,车载静置,recording,1.229205,-1.839383,10.218326,0.054927,-0.126850,0.007420
1408942140.000,YZJ,non_handheld,车载静置,recording,1.272082,-1.674159,10.379096,0.146705,-0.076505,0.002003
1408942150.000,YZJ,non_handheld,车载静置,recording,-0.163830,-0.812987,9.932769,0.175061,-0.070175,0.027540
1408942160.000,YZJ,non_handheld,车载静置,recording,1.143696,-1.704677,9.612117,0.166615,-0.031152,-0.032280
1408942170.000,YZJ,non_handheld,车载静置,recording,1.313047,-1.282195,9.673756,0.181093,0.064249,-0.094974
1408942180.000,YZJ,non_handheld,车载静置,recording,0.552381,-1.463475,9.686761,0.191102,0.114667,-0.104888
1408942190.000,YZJ,non_handheld,车载静置,recording,1.489430,-2.341876,9.953242,0.249420,0.122327,-0.157195
1408942200.000,YZJ,non_handheld,车载静置,recording,1.097816,-1.192948,9.616107,0.287540,0.091235,-0.171086
1408942210.000,YZJ,non_handheld,车载静置,recording,1.014844,-1.492585,9.422523,0.273308,0.057962,-0.157486
1408942220.000,YZJ,non_handheld,车载静置,recording,0.832218,-1.348472,9.684670,0.252881,0.032767,-0.133496
1408942230.000,YZJ,non_handheld,车载静置,recording,1.169119,-1.190203,9.974584,0.261431,0.034974,-0.113994
1408942240.000,YZJ,non_handheld,车载静置,recording,0.995278,-1.346176,10.027284,0.258532,0.028628,-0.086155
1408942250.000,YZJ,non_handheld,车载静置,recording,0.678286,-1.460894,9.894353,0.234567,0.010185,-0.054457
1408942260.000,YZJ,non_handheld,车载静置,recording,1.100081,-1.286815,10.063228,0.209921,-0.014041,-0.045658
1408942270.000,YZJ,non_handheld,车载静置,recording,1.104619,-1.225477,9.679111,0.161219,-0.019494,-0.037185
1408942280.000,YZJ,non_handheld,车载静置,recording,0.676963,-1.469018,9.797653,0.112706,-0.026238,-0.008801
1408942290.000,YZJ,non_handheld,车载静置,recording,1.370738,-1.389617,10.081343,0.093249,-0.069120,-0.026827
1408942300.000,YZJ,non_handheld,车载静置,recording,1.408532,-1.259108,9.901821,0.066299,-0.077712,-0.053660
1408942310.000,YZJ,non_handheld,车载静置,recording,1.213049,-1.340248,9.818370,0.014515,-0.062647,-0.064186
1408942320.000,YZJ,non_handheld,车载静置,recording,1.071582,-1.272381,9.786048,-0.025329,-0.063480,-0.069872
1408942330.000,YZJ,non_handheld,车载静置,recording,0.883754,-1.264163,9.940568,-0.039703,-0.054394,-0.059994
1408942340.000,YZJ,non_handheld,车载静置,recording,1.119236,-1.254713,10.205675,-0.031718,-0.037496,-0.063630
1408942350.000,YZJ,non_handheld,车载静置,recording,1.287671,-1.256187,9.944800,-0.033627,-0.000092,-0.075680
1408942360.000,YZJ,non_handheld,车载静置,recording,0.914356,-1.441332,10.004108,-0.019356,0.027652,-0.055584
1408942370.000,YZJ,non_handheld,车载静置,recording,0.294334,-1.624488,9.642214,-0.006378,0.008321,0.000821
1408942380.000,YZJ,non_handheld,车载静置,recording,0.722159,-1.550086,9.774282,0.012519,-0.048818,0.033837
1408942390.000,YZJ,non_handheld,车载静置,recording,1.705757,-1.226535,9.511274,0.011030,-0.077658,-0.007376
1408942400.000,YZJ,non_handheld,车载静置,recording,1.488583,-0.906011,9.524184,-0.027687,-0.018588,-0.015654
1408942410.000,YZJ,non_handheld,车载静置,recording,1.610190,-1.202347,9.959146,-0.043600,-0.020543,-0.060046
1408942420.000,YZJ,non_handheld,车载静置,recording,1.134601,-1.145892,9.468432,-0.076420,-0.009672,-0.036754
1408942430.000,YZJ,non_handheld,车载静置,recording,-0.175457,-1.428292,9.538275,-0.073194,-0.039363,0.068832
1408942440.000,YZJ,non_handheld,车载静置,recording,0.808654,-1.453253,9.851246,-0.009624,-0.148395,0.101771
1408942450.000,YZJ,non_handheld,车载静置,recording,1.290099,-1.200603,9.650230,0.016270,-0.135352,0.116207
1408942460.000,YZJ,non_handheld,车载静置,recording,0.780503,-1.844955,9.775863,0.028342,-0.092785,0.162055
1408942470.000,YZJ,non_handheld,车载静置,recording,0.928650,-1.243709,9.725172,0.028379,-0.127735,0.200589
1408942480.000,YZJ,non_handheld,车载静置,recording,0.916963,-1.183640,9.364978,-0.004415,-0.129237,0.222636
1408942490.000,YZJ,non_handheld,车载静置,recording,1.573796,-1.122920,9.379596,-0.047379,0.003941,0.169776
1408942500.000,YZJ,non_handheld,车载静置,recording,1.700681,-1.082966,9.143943,-0.131941,0.008588,0.122498
1408942510.000,YZJ,non_handheld,车载静置,recording,1.315023,-0.386920,9.319761,-0.212845,-0.010932,0.149300
1408942520.000,YZJ,non_handheld,车载静置,recording,1.080265,-1.006916,9.324561,-0.282275,-0.029062,0.169867
1408942530.000,YZJ,non_handheld,车载静置,recording,0.510586,-1.516876,9.330087,-0.305574,-0.028709,0.199844
1408942540.000,YZJ,non_handheld,车载静置,recording,0.626645,-1.673173,9.437787,-0.274120,-0.081253,0.219394
1408942550.000,YZJ,non_handheld,车载静置,recording,1.158322,-1.766345,9.089738,-0.259019,-0.131998,0.193603
1408942560.000,YZJ,non_handheld,车载静置,recording,1.177625,-1.781097,8.880617,-0.268003,-0.134736,0.179822
1408942570.000,YZJ,non_handheld,车载静置,recording,0.931731,-1.607458,9.124987,-0.257477,-0.132654,0.172792
1408942580.000,YZJ,non_handheld,车载静置,recording,1.227180,-1.026311,9.201662,-0.260989,-0.133797,0.163273
1408942590.000,YZJ,non_handheld,车载静置,recording,1.063088,-0.756344,9.174009,-0.294513,-0.141613,0.173933
1408942600.000,YZJ,non_handheld,车载静置,recording,1.120195,-0.803383,9.269541,-0.334940,-0.170607,0.199071
1408942610.000,YZJ,non_handheld,车载静置,recording,0.576292,-1.238728,9.489837,-0.332651,-0.241917,0.267964
1408942620.000,YZJ,non_handheld,车载静置,recording,1.254507,-1.505148,9.783725,-0.288669,-0.322669,0.298655
1408942630.000,YZJ,non_handheld,车载静置,recording,1.177093,-1.616689,9.359492,-0.259082,-0.366183,0.310518
1408942640.000,YZJ,non_handheld,车载静置,recording,0.922207,-2.157174,9.269563,-0.239097,-0.370517,0.321057
1408942650.000,YZJ,non_handheld,车载静置,recording,1.791351,-2.284426,9.374788,-0.200613,-0.362990,0.269315
1408942660.000,YZJ,non_handheld,车载静置,recording,1.397148,-1.689535,9.323688,-0.164085,-0.302195,0.228465
1408942670.000,YZJ,non_handheld,车载静置,recording,1.246507,-1.551034,9.364544,-0.141372,-0.237899,0.206403
1408942680.000,YZJ,non_handheld,车载静置,recording,0.851096,-1.509242,9.421415,-0.119058,-0.168068,0.209393
1408942690.000,YZJ,non_handheld,车载静置,recording,0.897218,-1.212828,9.724422,-0.074396,-0.123388,0.191954
1408942700.000,YZJ,non_handheld,车载静置,recording,1.289062,-1.350763,9.686483,-0.033601,-0.060943,0.157030
1408942710.000,YZJ,non_handheld,车载静置,recording,1.257632,-1.786626,9.552844,-0.013721,0.026939,0.136303
1408942720.000,YZJ,non_handheld,车载静置,recording,0.967514,-2.518178,9.524482,0.043748,0.053108,0.128501
1408942730.000,YZJ,non_handheld,车载静置,recording,1.673167,-2.057917,9.461344,0.124661,0.021544,0.106141
1408942740.000,YZJ,non_handheld,车载静置,recording,1.180567,-1.959465,9.209845,0.169879,0.020265,0.106532
1408942750.000,YZJ,non_handheld,车载静置,recording,0.936560,-1.979772,9.289548,0.204528,0.043210,0.116686
1408942760.000,YZJ,non_handheld,车载静置,recording,1.009668,-1.734369,9.459046,0.243619,0.076938,0.124181
1408942770.000,YZJ,non_handheld,车载静置,recording,1.103054,-1.433027,9.536814,0.287423,0.113693,0.145823
1408942780.000,YZJ,non_handheld,车载静置,recording,0.700752,-1.430080,9.675810,0.334055,0.122315,0.190581
1408942790.000,YZJ,non_handheld,车载静置,recording,0.786260,-1.404948,9.834457,0.391127,0.092605,0.236010
1408942800.000,YZJ,non_handheld,车载静置,recording,1.183240,-1.346806,9.761920,0.441314,0.025752,0.263938
1408942810.000,YZJ,non_handheld,车载静置,recording,0.951313,-1.341948,9.528241,0.462141,-0.047481,0.295700
1408942820.000,YZJ,non_handheld,车载静置,recording,1.421542,-1.461670,9.659989,0.473507,-0.057234,0.275912
1408942830.000,YZJ,non_handheld,车载静置,recording,1.636979,-1.585627,9.763792,0.485890,0.011821,0.210565
1408942840.000,YZJ,non_handheld,车载静置,recording,1.617985,-1.510174,9.741840,0.495625,0.133701,0.143829
1408942850.000,YZJ,non_handheld,车载静置,recording,1.268666,-1.417527,9.723364,0.510875,0.274241,0.098610
1408942860.000,YZJ,non_handheld,车载静置,recording,0.914699,-1.466021,9.995968,0.535274,0.368894,0.077971
1408942870.000,YZJ,non_handheld,车载静置,recording,0.706715,-1.380379,9.916998,0.547222,0.409355,0.080988
1408942880.000,YZJ,non_handheld,车载静置,recording,0.763477,-1.174905,9.806038,0.540937,0.402192,0.093690
1408942890.000,YZJ,non_handheld,车载静置,recording,0.600697,-1.086346,9.742428,0.506537,0.381877,0.118141
1408942900.000,YZJ,non_handheld,车载静置,recording,0.684565,-1.070540,9.856157,0.483247,0.339355,0.127110
1408942910.000,YZJ,non_handheld,车载静置,recording,0.580526,-1.177645,10.062787,0.486178,0.263536,0.138275
1408942920.000,YZJ,non_handheld,车载静置,recording,0.516734,-1.183271,10.173905,0.498408,0.193375,0.149613
1408942930.000,YZJ,non_handheld,车载静置,recording,0.412227,-1.196167,10.172582,0.504806,0.144912,0.163014
1408942940.000,YZJ,non_handheld,车载静置,recording,0.436505,-1.088438,10.035397,0.505296,0.128822,0.173509
1408942950.000,YZJ,non_handheld,车载静置,recording,0.359711,-1.082899,10.287275,0.524411,0.134018,0.178509
1408942960.000,YZJ,non_handheld,车载静置,recording,0.399584,-1.137634,10.286250,0.550897,0.177222,0.169948
1408942970.000,YZJ,non_handheld,车载静置,recording,0.419478,-1.077605,10.280656,0.570129,0.208689,0.149042
1408942980.000,YZJ,non_handheld,车载静置,recording,0.054034,-1.097556,10.335347,0.544532,0.137058,0.175779
1408942990.000,YZJ,non_handheld,车载静置,recording,-0.143446,-0.894936,10.249380,0.448429,-0.032727,0.239895
1408943000.000,YZJ,non_handheld,车载静置,recording,0.240844,-0.547642,9.819312,0.291057,-0.118601,0.269888
1408943010.000,YZJ,non_handheld,车载静置,recording,0.606354,-0.511117,9.667799,0.126579,-0.071914,0.233771
1408943020.000,YZJ,non_handheld,车载静置,recording,0.725550,-0.780194,10.138810,0.042232,0.029665,0.134792
1408943030.000,YZJ,non_handheld,车载静置,recording,0.579695,-1.144965,10.224177,0.017897,0.069718,0.076566
1408943040.000,YZJ,non_handheld,车载静置,recording,0.541098,-0.887247,10.197771,0.011013,0.032903,0.057134
1408943050.000,YZJ,non_handheld,车载静置,recording,0.255434,-1.115333,10.035475,0.010659,0.002348,0.056127
1408943060.000,YZJ,non_handheld,车载静置,recording,0.329289,-0.844370,10.075981,0.032104,-0.042167,0.061076
1408943070.000,YZJ,non_handheld,车载静置,recording,0.288403,-0.673658,10.113892,0.064266,-0.079228,0.054906
1408943080.000,YZJ,non_handheld,车载静置,recording,0.294220,-0.476052,10.395967,0.083632,-0.069959,0.045237
1408943090.000,YZJ,non_handheld,车载静置,recording,0.137369,-0.221488,10.543491,0.113510,-0.081363,0.034636
1408943100.000,YZJ,non_handheld,车载静置,recording,0.285942,-0.108982,10.382942,0.117450,-0.097920,0.029798
1408943110.000,YZJ,non_handheld,车载静置,recording,0.452628,-1.021912,10.295571,0.105843,-0.077531,0.054349
1408943120.000,YZJ,non_handheld,车载静置,recording,0.110170,-0.484858,10.153760,0.112142,-0.130844,0.089620
1408943130.000,YZJ,non_handheld,车载静置,recording,0.704974,-0.539790,10.270243,0.108719,-0.178989,0.099426
1408943140.000,YZJ,non_handheld,车载静置,recording,0.847804,-0.539556,9.899855,0.089125,-0.159478,0.090635
1408943150.000,YZJ,non_handheld,车载静置,recording,0.798816,-0.420217,9.824707,0.087902,-0.155157,0.061970
1408943160.000,YZJ,non_handheld,车载静置,recording,0.794544,-0.422073,9.938855,0.108841,-0.171037,0.022744
1408943170.000,YZJ,non_handheld,车载静置,recording,0.873776,-0.458500,10.082595,0.128382,-0.190841,-0.026862
1408943180.000,YZJ,non_handheld,车载静置,recording,1.310017,-0.427774,9.931997,0.144298,-0.225586,-0.085233
1408943190.000,YZJ,non_handheld,车载静置,recording,1.001997,-0.567216,10.013469,0.135883,-0.217150,-0.118306
1408943200.000,YZJ,non_handheld,车载静置,recording,0.830144,-0.579949,9.931983,0.129643,-0.202977,-0.165385
1408943210.000,YZJ,non_handheld,车载静置,recording,0.768335,-0.626802,9.724917,0.112696,-0.177126,-0.208997
1408943220.000,YZJ,non_handheld,车载静置,recording,0.196434,-0.574839,9.496931,0.085411,-0.123483,-0.208254
1408943230.000,YZJ,non_handheld,车载静置,recording,-0.367105,-0.594909,9.424678,0.071549,-0.076023,-0.134092
1408943240.000,YZJ,non_handheld,车载静置,recording,-0.648283,-0.709263,9.552399,0.088483,-0.075681,-0.012097
1408943250.000,YZJ,non_handheld,车载静置,recording,-0.615217,-0.919647,9.631609,0.148711,-0.066011,0.106555
1408943260.000,YZJ,non_handheld,车载静置,recording,0.273758,-0.766696,9.705022,0.214454,-0.005683,0.159842
1408943270.000,YZJ,non_handheld,车载静置,recording,0.980364,-0.351671,9.654957,0.255550,0.139922,0.172866
1408943280.000,YZJ,non_handheld,车载静置,recording,0.642512,-0.473204,9.131773,0.289266,0.317697,0.193006
1408943290.000,YZJ,non_handheld,车载静置,recording,0.763558,-0.744398,9.285961,0.358882,0.474280,0.206381
1408943300.000,YZJ,non_handheld,车载静置,recording,0.639747,-0.814872,9.566404,0.378651,0.485535,0.242262
1408943310.000,YZJ,non_handheld,车载静置,recording,0.762573,0.027210,9.297590,0.301165,0.538272,0.238748
1408943320.000,YZJ,non_handheld,车载静置,recording,0.754279,-0.001185,9.108362,0.173992,0.604771,0.172626
1408943330.000,YZJ,non_handheld,车载静置,recording,0.935986,-0.033881,9.287677,0.060091,0.571971,0.087896
1408943340.000,YZJ,non_handheld,车载静置,recording,0.463165,-0.221336,9.622983,0.003240,0.427853,0.069208
1408943350.000,YZJ,non_handheld,车载静置,recording,-0.157239,-0.426267,10.236939,0.032225,0.084639,0.113933
1408943360.000,YZJ,non_handheld,车载静置,recording,0.532048,-0.328644,9.505908,-0.001242,0.041791,0.113775
1408943370.000,YZJ,non_handheld,车载静置,recording,0.329900,-0.671844,9.744935,0.009624,0.039191,0.061743
1408943380.000,YZJ,non_handheld,车载静置,recording,0.795940,-0.546818,9.617828,0.013120,0.051237,-0.000726
1408943390.000,YZJ,non_handheld,车载静置,recording,0.054809,-0.416483,9.624251,0.027659,0.056629,-0.028730
1408943400.000,YZJ,non_handheld,车载静置,recording,0.468971,-0.220531,9.715241,0.039624,0.087554,-0.053531
1408943410.000,YZJ,non_handheld,车载静置,recording,0.525423,-0.001915,9.652566,0.044504,0.111805,-0.083977
1408943420.000,YZJ,non_handheld,车载静置,recording,0.107802,0.134207,9.475446,0.059710,0.108487,-0.070702
1408943430.000,YZJ,non_handheld,车载静置,recording,-0.119755,-0.033972,9.472185,0.077979,0.099503,-0.049255
1408943440.000,YZJ,non_handheld,车载静置,recording,0.136773,-0.282151,9.511075,0.086012,0.093110,-0.057124
1408943450.000,YZJ,non_handheld,车载静置,recording,0.276970,-0.512916,9.579409,0.099308,0.091390,-0.055144
1408943460.000,YZJ,non_handheld,车载静置,recording,0.603109,-0.555610,9.731379,0.109068,0.082424,-0.065785
1408943470.000,YZJ,non_handheld,车载静置,recording,0.682247,-0.702920,9.855854,0.098063,0.082689,-0.071026
1408943480.000,YZJ,non_handheld,车载静置,recording,0.574214,-0.642433,9.901892,0.091377,0.065984,-0.071960
1408943490.000,YZJ,non_handheld,车载静置,recording,0.499583,-0.207919,9.966116,0.058485,0.038462,-0.056281
1408943500.000,YZJ,non_handheld,车载静置,recording,-0.115325,0.037608,9.713827,0.005753,0.005683,0.007219
1408943510.000,YZJ,non_handheld,车载静置,recording,0.270887,0.178224,9.723967,-0.008008,0.003107,0.039346
1408943520.000,YZJ,non_handheld,车载静置,recording,0.498779,0.055169,9.578524,0.001641,0.009216,0.025620
1408943530.000,YZJ,non_handheld,车载静置,recording,0.651171,-0.183952,9.674790,0.023157,0.027968,0.000593
1408943540.000,YZJ,non_handheld,车载静置,recording,0.804885,-0.402123,9.703027,0.027602,0.029071,-0.025993
1408943550.000,YZJ,non_handheld,车载静置,recording,0.512006,-0.461284,9.742125,0.029926,0.031347,-0.033739
1408943560.000,YZJ,non_handheld,车载静置,recording,0.337893,-0.484278,9.892719,0.029236,0.033254,-0.041861
1408943570.000,YZJ,non_handheld,车载静置,recording,0.454130,-0.060943,9.753212,0.017065,0.016860,-0.039987
1408943580.000,YZJ,non_handheld,车载静置,recording,0.085781,-0.130325,9.685160,0.007427,0.008110,-0.016399
1408943590.000,YZJ,non_handheld,车载静置,recording,-0.126040,0.021700,10.166716,0.018845,0.009797,-0.009892
1408943600.000,YZJ,non_handheld,车载静置,recording,0.694551,-0.190955,10.136684,0.005057,0.003959,-0.020765
1408943610.000,YZJ,non_handheld,车载静置,recording,0.373780,-0.362730,10.003394,0.000484,-0.007839,-0.008495
1408943620.000,YZJ,non_handheld,车载静置,recording,0.079270,-0.704769,9.417810,-0.001280,0.001432,0.017952
1408943630.000,YZJ,non_handheld,车载静置,recording,0.240537,-0.474479,10.028217,0.031855,0.000347,0.029925
1408943640.000,YZJ,non_handheld,车载静置,recording,0.372474,-0.463904,9.962762,0.052519,-0.014086,0.044254
1408943650.000,YZJ,non_handheld,车载静置,recording,0.507773,-0.352389,9.773650,0.036623,-0.013993,0.052334
1408943660.000,YZJ,non_handheld,车载静置,recording,-0.246919,-0.413205,10.103489,0.029826,-0.004942,0.058877
1408943670.000,YZJ,non_handheld,车载静置,recording,0.876703,0.011989,10.240761,0.026861,0.006898,0.026213
1408943680.000,YZJ,non_handheld,车载静置,recording,0.378819,-0.214617,9.560966,-0.005226,0.006203,0.013590
1408943690.000,YZJ,non_handheld,车载静置,recording,0.246662,-0.468364,9.741271,-0.003233,0.016167,0.012985
1408943700.000,YZJ,non_handheld,车载静置,recording,0.162289,-0.713628,10.057431,0.042714,0.005388,-0.000214
1408943710.000,YZJ,non_handheld,车载静置,recording,0.697139,-0.375630,10.102523,0.057215,0.004827,-0.010796
1408943720.000,YZJ,non_handheld,车载静置,recording,0.341541,-0.223312,9.894604,0.041032,-0.000322,-0.002918
1408943730.000,YZJ,non_handheld,车载静置,recording,0.358111,-0.298760,9.708468,0.022963,0.017831,0.003634
1408943740.000,YZJ,non_handheld,车载静置,recording,0.507493,-0.416634,9.785563,0.016315,0.017797,-0.001479
1408943750.000,YZJ,non_handheld,车载静置,recording,0.325262,-0.259376,9.393755,-0.002876,0.022312,0.005571
1408943760.000,YZJ,non_handheld,车载静置,recording,0.082614,-0.196406,9.353228,-0.005522,0.024948,0.006970
1408943770.000,YZJ,non_handheld,车载静置,recording,0.497060,-0.276771,9.864525,0.026087,0.024993,-0.002737
1408943780.000,YZJ,non_handheld,车载静置,recording,0.708002,-0.097378,9.813897,0.036328,0.027508,-0.015141
1408943790.000,YZJ,non_handheld,车载静置,recording,0.362659,-0.244366,9.605090,0.022285,0.030093,-0.010410
1408943800.000,YZJ,non_handheld,车载静置,recording,0.329092,-0.522607,9.665502,0.029309,0.022764,0.004247
1408943810.000,YZJ,non_handheld,车载静置,recording,0.156520,-0.367631,9.853028,0.039542,0.017792,0.011590
1408943820.000,YZJ,non_handheld,车载静置,recording,0.536004,-0.313363,9.651478,0.030299,0.017580,0.018000
1408943830.000,YZJ,non_handheld,车载静置,recording,0.269164,-0.285578,9.592458,0.017687,0.013596,0.023134
1408943840.000,YZJ,non_handheld,车载静置,recording,0.264138,-0.158543,10.004464,0.033304,0.021597,0.019588
1408943850.000,YZJ,non_handheld,车载静置,recording,0.415026,-0.035298,9.872541,0.030910,0.031372,0.013776
1408943860.000,YZJ,non_handheld,车载静置,recording,0.607232,-0.205620,9.611559,0.022950,0.038480,0.009155
1408943870.000,YZJ,non_handheld,车载静置,recording,0.268938,-0.484135,10.072608,0.045344,0.019708,-0.003389
1408943880.000,YZJ,non_handheld,车载静置,recording,0.230493,-0.429095,10.144171,0.060724,0.016632,-0.004694
1408943890.000,YZJ,non_handheld,车载静置,recording,0.209551,-0.107441,10.224703,0.044784,0.013828,-0.004397
1408943900.000,YZJ,non_handheld,车载静置,recording,0.159666,0.006170,10.048171,0.026770,0.010883,0.003272
1408943910.000,YZJ,non_handheld,车载静置,recording,0.159737,-0.096437,9.979724,0.023498,0.008959,0.005392
1408943920.000,YZJ,non_handheld,车载静置,recording,0.308145,-0.222466,9.765588,0.021800,0.002227,0.007404
1408943930.000,YZJ,non_handheld,车载静置,recording,0.237468,-0.274177,9.756086,0.022991,0.003572,-0.013709
1408943940.000,YZJ,non_handheld,车载静置,recording,0.345625,-0.525299,10.030024,0.047090,0.004633,-0.028643
1408943950.000,YZJ,non_handheld,车载静置,recording,0.481652,-0.562636,9.797156,0.042621,-0.002888,-0.037601
1408943960.000,YZJ,non_handheld,车载静置,recording,0.419312,-0.500062,9.999678,0.030686,0.005886,-0.036512
1408943970.000,YZJ,non_handheld,车载静置,recording,0.194317,-0.056178,9.737884,0.016443,0.007744,-0.033003
1408943980.000,YZJ,non_handheld,车载静置,recording,0.307381,0.386998,9.330414,0.002563,0.022603,-0.033578
1408943990.000,YZJ,non_handheld,车载静置,recording,-0.357652,0.160224,9.657053,0.019766,0.006985,-0.021009
1408944000.000,YZJ,non_handheld,车载静置,recording,0.200336,0.280850,9.751800,0.028083,0.006077,-0.009460
1408944010.000,YZJ,non_handheld,车载静置,recording,0.177342,0.454415,9.851935,0.021350,-0.005891,-0.004845
1408944020.000,YZJ,non_handheld,车载静置,recording,0.444230,0.063758,9.940521,0.005114,-0.007208,-0.008817
1408944030.000,YZJ,non_handheld,车载静置,recording,0.811837,-0.623674,9.573404,-0.004635,0.003186,-0.017433
1408944040.000,YZJ,non_handheld,车载静置,recording,0.480665,-0.800118,9.508840,-0.010706,0.010225,-0.011943
1408944050.000,YZJ,non_handheld,车载静置,recording,0.150603,-0.716074,9.667328,-0.000596,0.007257,-0.007189
1408944060.000,YZJ,non_handheld,车载静置,recording,0.340257,-0.042582,10.226489,0.002575,0.012341,0.011256
1408944070.000,YZJ,non_handheld,车载静置,recording,0.113167,0.583857,9.904468,-0.007997,0.011885,0.021597
1408944080.000,YZJ,non_handheld,车载静置,recording,0.148133,0.721522,9.832114,-0.016921,0.013921,0.033225
1408944090.000,YZJ,non_handheld,车载静置,recording,-0.256807,0.421039,9.727385,-0.004922,-0.000407,0.033139
1408944100.000,YZJ,non_handheld,车载静置,recording,0.650877,0.443532,9.717012,0.004443,0.016913,0.008520
1408944110.000,YZJ,non_handheld,车载静置,recording,0.152946,-0.169024,9.525663,0.021787,-0.002614,-0.003466
1408944120.000,YZJ,non_handheld,车载静置,recording,0.693902,-0.307578,9.993737,0.036410,0.012590,-0.019051
1408944130.000,YZJ,non_handheld,车载静置,recording,0.296238,-0.603155,10.017473,0.031456,0.008316,-0.023375
1408944140.000,YZJ,non_handheld,车载静置,recording,0.594093,-0.493037,10.152131,0.033326,0.015476,-0.027681
1408944150.000,YZJ,non_handheld,车载静置,recording,0.297817,-0.396039,10.099389,0.027950,0.015040,-0.034778
1408944160.000,YZJ,non_handheld,车载静置,recording,0.338636,0.096306,9.944062,0.019148,0.025416,-0.032165
1408944170.000,YZJ,non_handheld,车载静置,recording,-0.382713,0.072281,10.263351,0.039505,0.022024,-0.001390
1408944180.000,YZJ,non_handheld,车载静置,recording,0.149375,0.397028,10.055958,0.049930,0.034675,0.028346
1408944190.000,YZJ,non_handheld,车载静置,recording,0.053395,0.044209,10.237671,0.065476,0.033234,0.026674
1408944200.000,YZJ,non_handheld,车载静置,recording,0.243332,-0.091707,10.248965,0.066308,0.037486,0.018852
1408944210.000,YZJ,non_handheld,车载静置,recording,0.578627,-0.378202,9.979002,0.062448,0.034306,-0.001695
1408944220.000,YZJ,non_handheld,车载静置,recording,0.403394,-0.383644,9.673204,0.057419,0.030975,-0.000186
1408944230.000,YZJ,non_handheld,车载静置,recording,0.450885,-0.719015,9.397655,0.042631,0.020311,-0.007016
1408944240.000,YZJ,non_handheld,车载静置,recording,0.157998,-0.312378,9.436399,0.050634,0.006035,0.009006
1408944250.000,YZJ,non_handheld,车载静置,recording,0.036251,0.187396,10.163991,0.058726,-0.004887,0.024880
1408944260.000,YZJ,non_handheld,车载静置,recording,-0.130406,0.922152,10.051321,0.051719,0.000251,0.051489
1408944270.000,YZJ,non_handheld,车载静置,recording,0.141785,0.913133,10.120042,0.052103,-0.012230,0.046435
1408944280.000,YZJ,non_handheld,车载静置,recording,0.115760,0.447883,9.639440,0.036848,0.000462,0.030816
1408944290.000,YZJ,non_handheld,车载静置,recording,0.092598,0.001341,9.832938,0.035502,-0.011193,0.039220
1408944300.000,YZJ,non_handheld,车载静置,recording,0.225484,-0.125105,9.669261,0.045673,-0.002414,0.040800
1408944310.000,YZJ,non_handheld,车载静置,recording,0.493144,-0.514930,10.107500,0.051422,-0.001297,0.044432
1408944320.000,YZJ,non_handheld,车载静置,recording,0.449426,-0.551755,9.668003,0.035767,0.019647,0.048809
1408944330.000,YZJ,non_handheld,车载静置,recording,0.662628,-0.486932,10.129606,0.036946,0.023694,0.055826
1408944340.000,YZJ,non_handheld,车载静置,recording,0.654878,0.287096,9.500366,0.033711,0.031377,0.035418
1408944350.000,YZJ,non_handheld,车载静置,recording,-0.642348,0.543820,9.849292,0.049779,0.001437,0.064854
1408944360.000,YZJ,non_handheld,车载静置,recording,-0.334882,0.861362,10.025625,0.052634,-0.021838,0.070490
1408944370.000,YZJ,non_handheld,车载静置,recording,0.143646,0.700746,10.287753,0.054311,-0.020777,0.048276
1408944380.000,YZJ,non_handheld,车载静置,recording,0.618641,0.843724,9.340034,0.029792,-0.020550,0.015081
1408944390.000,YZJ,non_handheld,车载静置,recording,0.339715,-0.051706,9.450324,0.042193,-0.029862,0.005868
1408944400.000,YZJ,non_handheld,车载静置,recording,0.229135,-0.305830,9.038962,0.056082,-0.052582,-0.005657
1408944410.000,YZJ,non_handheld,车载静置,recording,0.713045,-0.540479,9.817079,0.064902,-0.039717,-0.009310
1408944420.000,YZJ,non_handheld,车载静置,recording,0.491149,-0.127057,9.141335,0.043014,-0.030257,-0.011768
1408944430.000,YZJ,non_handheld,车载静置,recording,0.794758,0.084642,9.265450,0.023488,0.002598,-0.025103
1408944440.000,YZJ,non_handheld,车载静置,recording,0.133898,0.225442,8.352385,0.013305,0.004241,-0.021479
1408944450.000,YZJ,non_handheld,车载静置,recording,-0.141019,0.267985,8.616332,0.029480,-0.001536,0.006982
1408944460.000,YZJ,non_handheld,车载静置,recording,-0.119436,0.479316,8.432510,0.029817,-0.007344,0.043707
1408944470.000,YZJ,non_handheld,车载静置,recording,0.376974,0.352280,9.310016,0.049887,-0.017344,0.060365
1408944480.000,YZJ,non_handheld,车载静置,recording,0.959796,0.015744,9.712371,0.035393,-0.016808,0.029862
1408944490.000,YZJ,non_handheld,车载静置,recording,0.894487,0.144237,10.063478,0.015837,0.025982,0.003703
1408944500.000,YZJ,non_handheld,车载静置,recording,0.079810,-0.049632,9.722948,-0.004588,0.047443,0.001432
1408944510.000,YZJ,non_handheld,车载静置,recording,0.278399,0.601188,9.913760,-0.002602,0.066751,0.001410
1408944520.000,YZJ,non_handheld,车载静置,recording,-0.134881,0.679920,9.834111,-0.015918,0.046488,0.009868
1408944530.000,YZJ,non_handheld,车载静置,recording,0.848097,0.600400,9.758262,-0.006439,0.048898,-0.004569
1408944540.000,YZJ,non_handheld,车载静置,recording,0.286647,0.208902,9.915615,0.003744,0.006711,-0.023245
1408944550.000,YZJ,non_handheld,车载静置,recording,0.515337,-0.193354,10.215149,0.000896,0.028450,-0.034500
1408944560.000,YZJ,non_handheld,车载静置,recording,0.743282,-0.451486,10.132363,-0.002348,0.028803,-0.037925
1408944570.000,YZJ,non_handheld,车载静置,recording,0.369995,-0.498817,9.625795,0.006428,0.040327,-0.036091
1408944580.000,YZJ,non_handheld,车载静置,recording,0.054810,-0.260128,10.331962,0.016353,0.021939,-0.028794
1408944590.000,YZJ,non_handheld,车载静置,recording,-0.118476,0.357870,10.339656,0.015662,0.032778,-0.018628
1408944600.000,YZJ,non_handheld,车载静置,recording,-0.348601,0.480777,10.406489,0.012554,0.005827,0.006992
1408944610.000,YZJ,non_handheld,车载静置,recording,-0.255038,0.472720,10.528543,0.024753,0.004404,0.012464
1408944620.000,YZJ,non_handheld,车载静置,recording,0.493630,-0.046261,10.289668,0.029027,-0.002866,0.004311
1408944630.000,YZJ,non_handheld,车载静置,recording,0.298786,-0.321887,10.154727,0.028546,-0.001938,-0.012886
1408944640.000,YZJ,non_handheld,车载静置,recording,0.420674,-0.873218,10.564810,0.028835,0.002006,-0.016595
1408944650.000,YZJ,non_handheld,车载静置,recording,0.259504,-0.760906,10.107041,0.030464,0.012457,-0.010307
1408944660.000,YZJ,non_handheld,车载静置,recording,0.276976,-0.337234,10.325426,0.031679,0.018438,0.000444
1408944670.000,YZJ,non_handheld,车载静置,recording,-0.126539,0.133094,10.228326,0.027121,-0.005434,0.018669
1408944680.000,YZJ,non_handheld,车载静置,recording,0.529901,0.207209,10.399012,0.028181,-0.023312,0.018172
1408944690.000,YZJ,non_handheld,车载静置,recording,0.333769,0.807927,10.362385,0.019371,-0.047397,-0.005494
1408944700.000,YZJ,non_handheld,车载静置,recording,0.147741,0.933018,10.774976,0.021257,-0.008839,-0.032248
1408944710.000,YZJ,non_handheld,车载静置,recording,0.029827,0.315592,10.121277,0.016200,0.001142,-0.025902
1408944720.000,YZJ,non_handheld,车载静置,recording,-0.206794,-0.016972,10.161211,0.013299,0.007774,0.003900
1408944730.000,YZJ,non_handheld,车载静置,recording,0.202985,-0.268245,9.719983,0.010840,0.028324,-0.005326
1408944740.000,YZJ,non_handheld,车载静置,recording,0.413378,-0.559666,10.516697,0.024207,0.045509,-0.014732
1408944750.000,YZJ,non_handheld,车载静置,recording,0.328282,-0.971706,10.277660,0.012420,0.060050,-0.010569
1408944760.000,YZJ,non_handheld,车载静置,recording,-0.253591,-0.634737,10.593400,0.016765,0.045406,0.010940
1408944770.000,YZJ,non_handheld,车载静置,recording,-0.180134,0.215610,10.296324,0.007712,0.048993,0.025862
1408944780.000,YZJ,non_handheld,车载静置,recording,0.321715,0.748824,9.927440,-0.005548,0.028515,0.040775
1408944790.000,YZJ,non_handheld,车载静置,recording,-0.400464,1.027651,9.102633,-0.014202,0.019326,0.039320
1408944800.000,YZJ,non_handheld,车载静置,recording,0.397936,0.859529,9.287944,0.005836,-0.009968,0.027473
1408944810.000,YZJ,non_handheld,车载静置,recording,0.151536,0.499440,8.748440,-0.008582,0.002832,-0.000242
1408944820.000,YZJ,non_handheld,车载静置,recording,0.840967,-0.463454,8.612268,0.003066,0.020204,-0.021568
1408944830.000,YZJ,non_handheld,车载静置,recording,0.816715,-1.028394,8.152670,-0.001907,0.039937,-0.032951
1408944840.000,YZJ,non_handheld,车载静置,recording,1.317086,-1.153380,8.711727,0.011286,0.050846,-0.047643
1408944850.000,YZJ,non_handheld,车载静置,recording,0.636666,-0.938410,9.050478,0.010353,0.059519,-0.059604
1408944860.000,YZJ,non_handheld,车载静置,recording,0.541076,-0.411017,9.300762,0.009074,0.063904,-0.044870
1408944870.000,YZJ,non_handheld,车载静置,recording,-0.201060,0.166314,9.426521,-0.005654,0.060372,-0.010251
1408944880.000,YZJ,non_handheld,车载静置,recording,-0.186959,0.957196,9.691405,0.018506,0.030883,0.000931
1408944890.000,YZJ,non_handheld,车载静置,recording,0.266094,1.286393,9.598978,0.003524,0.039841,0.003183
1408944900.000,YZJ,non_handheld,车载静置,recording,0.396273,0.978222,9.414674,0.003991,0.038214,0.006298
1408944910.000,YZJ,non_handheld,车载静置,recording,-0.334327,0.112283,9.266259,0.008959,-0.000622,0.017499
1408944920.000,YZJ,non_handheld,车载静置,recording,0.630097,0.088462,9.401812,0.014886,0.000470,0.011797
1408944930.000,YZJ,non_handheld,车载静置,recording,0.742359,-0.900532,9.785959,0.006007,0.025756,0.000388
1408944940.000,YZJ,non_handheld,车载静置,recording,0.841573,-1.296095,9.922110,0.017104,0.018841,-0.007196
1408944950.000,YZJ,non_handheld,车载静置,recording,0.444646,-0.844245,10.522680,0.013442,0.049908,-0.016109
1408944960.000,YZJ,non_handheld,车载静置,recording,0.397516,-0.333969,10.086375,0.001970,0.083213,-0.006392
1408944970.000,YZJ,non_handheld,车载静置,recording,-0.506632,0.426290,9.857308,0.022586,0.037603,-0.000344
1408944980.000,YZJ,non_handheld,车载静置,recording,-0.611211,1.249996,9.866652,0.024236,0.005935,0.012035
1408944990.000,YZJ,non_handheld,车载静置,recording,0.043913,1.032323,10.590202,0.028124,-0.017079,0.008742
1408945000.000,YZJ,non_handheld,车载静置,recording,0.330695,0.713305,10.143128,0.023410,-0.009807,-0.003983
1408945010.000,YZJ,non_handheld,车载静置,recording,-0.126616,-0.271414,9.967969,0.026001,-0.025865,-0.006187
1408945020.000,YZJ,non_handheld,车载静置,recording,0.560145,-0.696012,10.062848,0.023365,-0.007233,-0.018807
1408945030.000,YZJ,non_handheld,车载静置,recording,0.429545,-1.320310,9.669367,0.022123,0.022609,-0.035070
1408945040.000,YZJ,non_handheld,车载静置,recording,0.961822,-0.622219,9.608465,0.024341,0.052625,-0.045669
1408945050.000,YZJ,non_handheld,车载静置,recording,-0.372625,-0.144751,9.875738,0.028827,0.018291,-0.026589
1408945060.000,YZJ,non_handheld,车载静置,recording,-0.477229,0.650343,10.558236,0.038503,-0.009989,-0.009140
1408945070.000,YZJ,non_handheld,车载静置,recording,0.610831,0.827737,10.306672,0.002915,0.039735,-0.009187
1408945080.000,YZJ,non_handheld,车载静置,recording,0.081357,0.879981,10.054965,0.025681,-0.019775,-0.008763
1408945090.000,YZJ,non_handheld,车载静置,recording,-1.088431,0.433538,9.954829,0.009942,-0.021121,0.016845
1408945100.000,YZJ,non_handheld,车载静置,recording,-0.000765,-0.004344,10.697783,0.008834,-0.034860,0.031017
1408945110.000,YZJ,non_handheld,车载静置,recording,0.767500,-0.208080,10.273497,-0.019788,0.036389,0.010836
1408945120.000,YZJ,non_handheld,车载静置,recording,0.730286,-0.273099,9.584015,0.001899,0.025527,-0.012313
1408945130.000,YZJ,non_handheld,车载静置,recording,-0.212248,-0.350606,9.785780,0.019648,-0.002358,-0.029083
1408945140.000,YZJ,non_handheld,车载静置,recording,0.056494,-0.290290,10.540419,0.019176,-0.003760,0.002689
1408945150.000,YZJ,non_handheld,车载静置,recording,-0.219582,0.561710,10.635439,0.006267,-0.015512,0.004000
1408945160.000,YZJ,non_handheld,车载静置,recording,-0.055555,0.715360,10.370167,0.003239,-0.022225,0.022028
1408945170.000,YZJ,non_handheld,车载静置,recording,-0.089875,0.843043,10.321582,0.010841,-0.079410,0.003730
1408945180.000,YZJ,non_handheld,车载静置,recording,-0.061849,0.476232,10.130881,-0.007324,-0.065586,-0.001095
1408945190.000,YZJ,non_handheld,车载静置,recording,0.058954,-0.144053,10.523266,-0.016582,-0.074626,-0.007822
1408945200.000,YZJ,non_handheld,车载静置,recording,0.324358,-0.693623,9.621014,-0.020965,-0.062613,-0.013973
1408945210.000,YZJ,non_handheld,车载静置,recording,0.257351,-0.927636,10.037331,-0.002243,-0.078623,0.000427
1408945220.000,YZJ,non_handheld,车载静置,recording,0.211948,-0.100736,10.070177,-0.003155,-0.096637,0.025323
1408945230.000,YZJ,non_handheld,车载静置,recording,0.556703,0.413421,10.010534,-0.014003,-0.104549,-0.009408
1408945240.000,YZJ,non_handheld,车载静置,recording,0.464602,0.745704,10.399906,-0.007102,-0.150243,-0.059564
1408945250.000,YZJ,non_handheld,车载静置,recording,0.058466,1.093061,10.010252,-0.017367,-0.111209,-0.056445
1408945260.000,YZJ,non_handheld,车载静置,recording,-0.318714,1.120679,9.705308,-0.033393,-0.117656,-0.031193
1408945270.000,YZJ,non_handheld,车载静置,recording,-0.341155,0.173894,8.879373,-0.047155,-0.081921,-0.009332
1408945280.000,YZJ,non_handheld,车载静置,recording,-0.189287,-0.534971,8.763746,-0.033807,-0.080965,0.048498
1408945290.000,YZJ,non_handheld,车载静置,recording,0.963091,-0.425508,8.294619,-0.025172,-0.066896,0.035943
1408945300.000,YZJ,non_handheld,车载静置,recording,0.128166,-0.479193,9.749734,0.013999,-0.109311,-0.004055
1408945310.000,YZJ,non_handheld,车载静置,recording,-0.046916,-0.102463,10.194133,-0.014147,-0.037450,0.002400
1408945320.000,YZJ,non_handheld,车载静置,recording,0.654726,0.397030,9.945102,-0.017255,-0.019452,0.005070
1408945330.000,YZJ,non_handheld,车载静置,recording,0.195639,0.888451,9.866354,0.002851,-0.024210,-0.034363
1408945340.000,YZJ,non_handheld,车载静置,recording,-0.603031,1.321953,10.230556,0.002012,0.009126,-0.025296
1408945350.000,YZJ,non_handheld,车载静置,recording,-0.042876,-0.148852,9.122775,-0.011431,0.030323,0.001221
1408945360.000,YZJ,non_handheld,车载静置,recording,0.086897,0.311692,8.767056,-0.014062,0.025345,0.006786
1408945370.000,YZJ,non_handheld,车载静置,recording,0.953253,-0.209364,9.422072,0.011837,0.044282,-0.014302
1408945380.000,YZJ,non_handheld,车载静置,recording,0.467439,-0.741253,10.139375,0.025129,0.050212,-0.027870
1408945390.000,YZJ,non_handheld,车载静置,recording,0.492427,-0.787105,9.751151,0.002355,0.069362,-0.016587
1408945400.000,YZJ,non_handheld,车载静置,recording,0.086836,-0.025364,9.986737,0.004605,0.048679,-0.003304
1408945410.000,YZJ,non_handheld,车载静置,recording,0.673139,0.053077,9.294172,-0.000493,0.064266,-0.012909
1408945420.000,YZJ,non_handheld,车载静置,recording,-0.270094,-0.070586,9.519465,0.015886,0.039085,-0.009905
1408945430.000,YZJ,non_handheld,车载静置,recording,0.325166,1.162409,8.970331,0.017032,0.026331,-0.008579
1408945440.000,YZJ,non_handheld,车载静置,recording,0.225696,0.806735,9.993796,0.045208,-0.009293,-0.021339
1408945450.000,YZJ,non_handheld,车载静置,recording,0.449127,0.302832,9.413504,0.040576,-0.002075,-0.035442
1408945460.000,YZJ,non_handheld,车载静置,recording,-0.173104,-0.548864,9.936319,0.046450,-0.031856,-0.030402
1408945470.000,YZJ,non_handheld,车载静置,recording,0.564235,-0.717826,10.221829,0.040392,-0.030347,-0.027284
1408945480.000,YZJ,non_handheld,车载静置,recording,0.329562,-0.892409,10.260281,0.033830,-0.038514,-0.016417
1408945490.000,YZJ,non_handheld,车载静置,recording,0.441274,-0.777950,10.134971,0.027150,-0.039585,0.026761
1408945500.000,YZJ,non_handheld,车载静置,recording,0.051745,0.151297,9.521227,0.027035,-0.069649,0.036770
1408945510.000,YZJ,non_handheld,车载静置,recording,0.074586,1.404934,9.745456,0.042045,-0.100194,0.021405
1408945520.000,YZJ,non_handheld,车载静置,recording,0.044652,1.778631,9.742453,0.046924,-0.114078,0.018120
1408945530.000,YZJ,non_handheld,车载静置,recording,0.350638,0.807335,10.056733,0.034550,-0.146095,0.042446
1408945540.000,YZJ,non_handheld,车载静置,recording,0.481288,-0.022757,9.681571,0.036814,-0.167797,0.053547
1408945550.000,YZJ,non_handheld,车载静置,recording,0.655823,-0.623106,9.885019,0.044343,-0.181206,0.033938
1408945560.000,YZJ,non_handheld,车载静置,recording,0.333581,-0.779791,10.200613,0.053919,-0.170591,0.014928
1408945570.000,YZJ,non_handheld,车载静置,recording,0.317874,-0.301994,10.235324,0.046823,-0.138230,0.049846
1408945580.000,YZJ,non_handheld,车载静置,recording,0.991363,-0.090516,10.341057,0.052208,-0.133446,0.028620
1408945590.000,YZJ,non_handheld,车载静置,recording,0.674805,0.235870,9.234144,0.039179,-0.088520,-0.001777
1408945600.000,YZJ,non_handheld,车载静置,recording,-0.016482,0.792591,9.615343,0.041784,-0.089383,-0.029124
1408945610.000,YZJ,non_handheld,车载静置,recording,-0.730732,1.139310,9.133712,0.053682,-0.063600,-0.018694
1408945620.000,YZJ,non_handheld,车载静置,recording,0.247312,0.720070,9.312056,0.070194,-0.061967,0.004769
1408945630.000,YZJ,non_handheld,车载静置,recording,0.900255,0.086614,9.243613,0.059662,-0.029628,-0.011824
1408945640.000,YZJ,non_handheld,车载静置,recording,0.645819,-0.185453,9.249737,0.071494,-0.027523,-0.011211
1408945650.000,YZJ,non_handheld,车载静置,recording,0.168628,-0.267087,8.413673,0.061458,-0.025916,-0.010247
1408945660.000,YZJ,non_handheld,车载静置,recording,0.074864,-0.207832,9.628055,0.078976,-0.041662,-0.006456
1408945670.000,YZJ,non_handheld,车载静置,recording,0.627228,-0.085556,9.500350,0.062327,-0.026872,0.021658
1408945680.000,YZJ,non_handheld,车载静置,recording,0.844311,0.267232,10.077808,0.055695,-0.031539,0.037552
1408945690.000,YZJ,non_handheld,车载静置,recording,0.517795,0.367747,9.987745,0.036576,-0.035898,0.036720
1408945700.000,YZJ,non_handheld,车载静置,recording,-0.163301,0.202499,10.049394,0.029181,-0.036459,0.048717
1408945710.000,YZJ,non_handheld,车载静置,recording,0.183368,0.148404,9.799988,0.036284,-0.016080,0.039254
1408945720.000,YZJ,non_handheld,车载静置,recording,0.933269,0.097825,9.876769,0.037770,0.005371,0.025646
1408945730.000,YZJ,non_handheld,车载静置,recording,0.116496,0.024727,9.767271,0.030141,-0.003284,0.033108
1408945740.000,YZJ,non_handheld,车载静置,recording,0.535743,0.232537,10.256529,0.046460,-0.010081,0.029867
1408945750.000,YZJ,non_handheld,车载静置,recording,0.101668,0.686875,9.986207,0.036765,0.010646,0.011109
1408945760.000,YZJ,non_handheld,车载静置,recording,-0.051208,0.594081,10.430130,0.051156,0.018606,-0.003902
1408945770.000,YZJ,non_handheld,车载静置,recording,0.830609,0.472245,10.635741,0.062413,0.026172,-0.014553
1408945780.000,YZJ,non_handheld,车载静置,recording,0.200356,0.180911,10.277028,0.060290,0.023486,-0.008581
1408945790.000,YZJ,non_handheld,车载静置,recording,0.359027,0.221856,10.247806,0.061337,0.018902,-0.011618
1408945800.000,YZJ,non_handheld,车载静置,recording,0.242677,0.067950,9.961109,0.048556,0.022818,-0.015126
1408945810.000,YZJ,non_handheld,车载静置,recording,0.579431,-0.482985,9.217771,0.046746,0.030836,-0.022587
1408945820.000,YZJ,non_handheld,车载静置,recording,0.891636,-0.384695,9.607735,0.051578,0.049856,-0.019891
1408945830.000,YZJ,non_handheld,车载静置,recording,1.038749,0.010712,9.462318,0.056637,0.047601,-0.022162
1408945840.000,YZJ,non_handheld,车载静置,recording,0.390229,0.336741,9.247403,0.049384,0.063311,-0.045561
1408945850.000,YZJ,non_handheld,车载静置,recording,-0.166464,0.513945,9.726955,0.061846,0.047026,-0.036600
1408945860.000,YZJ,non_handheld,车载静置,recording,0.176781,1.108709,9.721250,0.070067,0.043370,-0.030685
1408945870.000,YZJ,non_handheld,车载静置,recording,-0.065668,1.314646,9.703886,0.071724,0.018955,-0.018040
1408945880.000,YZJ,non_handheld,车载静置,recording,0.161412,0.982531,9.997848,0.066399,0.002225,-0.010277
1408945890.000,YZJ,non_handheld,车载静置,recording,1.094292,0.095941,10.078804,0.054055,0.011997,-0.011771
1408945900.000,YZJ,non_handheld,车载静置,recording,0.534346,-0.246348,9.742576,0.042426,0.027470,-0.006116
1408945910.000,YZJ,non_handheld,车载静置,recording,0.009404,-0.516507,10.176133,0.058213,0.019653,0.008819
1408945920.000,YZJ,non_handheld,车载静置,recording,0.602797,0.109845,10.109213,0.049136,0.036591,0.011006
1408945930.000,YZJ,non_handheld,车载静置,recording,0.060472,0.261924,10.408878,0.041076,0.027014,0.027691
1408945940.000,YZJ,non_handheld,车载静置,recording,0.644538,0.859894,10.024168,0.042476,0.019720,0.025670
1408945950.000,YZJ,non_handheld,车载静置,recording,-0.531159,1.055506,9.772094,0.039848,0.013178,0.038366
1408945960.000,YZJ,non_handheld,车载静置,recording,-0.861518,0.786131,10.307383,0.055288,0.002061,0.040310
1408945970.000,YZJ,non_handheld,车载静置,recording,0.173760,0.594738,10.868335,0.068141,0.008863,0.018236
1408945980.000,YZJ,non_handheld,车载静置,recording,1.074968,0.500067,10.707781,0.059867,0.029775,0.005962
1408945990.000,YZJ,non_handheld,车载静置,recording,0.531618,-0.018612,10.093431,0.048974,0.009281,-0.001453
1408946000.000,YZJ,non_handheld,车载静置,recording,0.474106,-0.146696,8.170901,0.006898,0.030011,-0.004937
1408946010.000,YZJ,non_handheld,车载静置,recording,0.296831,-0.765100,7.936171,0.008667,0.067591,-0.005100
1408946020.000,YZJ,non_handheld,车载静置,recording,0.676336,0.294152,8.973905,0.018580,0.080151,-0.008219
1408946030.000,YZJ,non_handheld,车载静置,recording,0.692138,0.762854,9.587811,0.015677,0.059431,-0.026952
1408946040.000,YZJ,non_handheld,车载静置,recording,0.361254,0.756214,10.220216,0.014974,0.058045,-0.019498
1408946050.000,YZJ,non_handheld,车载静置,recording,0.576871,1.166471,10.469169,0.016904,0.046114,-0.024675
1408946060.000,YZJ,non_handheld,车载静置,recording,-0.141913,1.326387,9.519134,0.000811,0.014719,-0.011825
1408946070.000,YZJ,non_handheld,车载静置,recording,-0.057108,0.898427,8.913116,-0.009636,0.012244,-0.000189
1408946080.000,YZJ,non_handheld,车载静置,recording,-0.991479,0.507031,8.673557,-0.016528,0.014183,0.011755
1408946090.000,YZJ,non_handheld,车载静置,recording,0.517196,0.788569,10.053434,-0.012065,0.030068,0.035424
1408946100.000,YZJ,non_handheld,车载静置,recording,0.451422,0.657282,9.903283,-0.004421,0.007584,0.063809
1408946110.000,YZJ,non_handheld,车载静置,recording,0.945498,0.346032,10.545523,-0.000842,0.006766,0.029590
1408946120.000,YZJ,non_handheld,车载静置,recording,-0.295749,0.054081,9.976616,-0.001049,0.006264,0.036228
1408946130.000,YZJ,non_handheld,车载静置,recording,0.521925,0.418892,10.382400,-0.004775,0.009145,0.041069
1408946140.000,YZJ,non_handheld,车载静置,recording,0.867663,0.328673,9.483259,-0.008872,0.003841,0.028842
1408946150.000,YZJ,non_handheld,车载静置,recording,-0.338414,0.354145,9.550166,-0.011215,-0.002302,0.005587
1408946160.000,YZJ,non_handheld,车载静置,recording,-0.176937,0.379998,9.816108,-0.011951,0.007158,0.033242
1408946170.000,YZJ,non_handheld,车载静置,recording,0.986266,0.569989,9.719006,-0.011374,0.014688,0.030784
1408946180.000,YZJ,non_handheld,车载静置,recording,0.892836,0.130771,8.869041,-0.009267,0.013206,0.001703
1408946190.000,YZJ,non_handheld,车载静置,recording,-0.306738,0.479712,8.627281,-0.004519,-0.002932,0.002524
1408946200.000,YZJ,non_handheld,车载静置,recording,-0.020341,0.858501,9.184215,-0.003210,-0.004609,0.004316
1408946210.000,YZJ,non_handheld,车载静置,recording,0.464713,0.536912,9.295428,-0.001931,-0.005126,0.001115
1408946220.000,YZJ,non_handheld,车载静置,recording,0.653721,0.317112,9.616766,-0.003710,0.001585,-0.013042
1408946230.000,YZJ,non_handheld,车载静置,recording,0.454486,0.135726,9.510740,-0.003016,0.006630,-0.015726
1408946240.000,YZJ,non_handheld,车载静置,recording,0.134962,0.090045,9.673030,-0.009990,0.006959,-0.000965
1408946250.000,YZJ,non_handheld,车载静置,recording,0.341351,0.230627,10.170338,-0.013321,0.006442,0.001739
1408946260.000,YZJ,non_handheld,车载静置,recording,0.041038,0.528312,10.206573,-0.015732,0.006638,0.009096
1408946270.000,YZJ,non_handheld,车载静置,recording,-0.019099,0.484023,10.069148,-0.013100,0.010951,0.020919
1408946280.000,YZJ,non_handheld,车载静置,recording,0.358245,0.359710,10.046778,-0.013012,0.021480,0.004732
1408946290.000,YZJ,non_handheld,车载静置,recording,0.370028,0.421532,10.297079,-0.007210,0.013389,0.022994
1408946300.000,YZJ,non_handheld,车载静置,recording,0.326989,0.485799,9.674772,0.002305,-0.002147,0.018513
1408946310.000,YZJ,non_handheld,车载静置,recording,0.081729,0.779180,9.226242,-0.000021,-0.002157,0.027057
1408946320.000,YZJ,non_handheld,车载静置,recording,-0.431886,0.837932,9.547152,-0.011853,0.002075,0.014956
1408946330.000,YZJ,non_handheld,车载静置,recording,0.786478,0.920616,10.275001,-0.010824,0.000804,0.005796
1408946340.000,YZJ,non_handheld,车载静置,recording,0.460768,0.740297,10.147990,-0.008740,-0.007188,0.003277
1408946350.000,YZJ,non_handheld,车载静置,recording,-0.156473,0.057014,10.229808,-0.011355,-0.004056,0.005296
1408946360.000,YZJ,non_handheld,车载静置,recording,0.587400,-0.230828,10.652145,-0.007829,0.000119,0.003168
1408946370.000,YZJ,non_handheld,车载静置,recording,0.389489,-0.244818,9.895947,-0.008234,0.004448,0.001223
1408946380.000,YZJ,non_handheld,车载静置,recording,0.040754,0.161339,9.904016,-0.007004,0.003576,0.000196
1408946390.000,YZJ,non_handheld,车载静置,recording,-0.442254,0.506450,9.700215,-0.005913,0.003653,0.004063
1408946400.000,YZJ,non_handheld,车载静置,recording,0.624989,1.114955,10.083245,-0.001854,-0.000618,0.003642
1408946410.000,YZJ,non_handheld,车载静置,recording,0.242955,0.772474,10.004458,0.004683,-0.001656,0.001908
1408946420.000,YZJ,non_handheld,车载静置,recording,-0.248969,0.674467,9.825353,-0.004221,-0.001400,0.005930
1408946430.000,YZJ,non_handheld,车载静置,recording,-0.017763,0.437890,9.722193,-0.007984,0.004377,0.006112
1408946440.000,YZJ,non_handheld,车载静置,recording,0.370453,-0.244303,9.943857,-0.010490,0.008327,0.005261
1408946450.000,YZJ,non_handheld,车载静置,recording,0.459365,-0.519420,10.225295,-0.007643,0.007831,0.004922
1408946460.000,YZJ,non_handheld,车载静置,recording,0.743340,-0.533251,10.187597,-0.003357,0.008139,0.002886
1408946470.000,YZJ,non_handheld,车载静置,recording,0.622900,-0.182449,10.061622,-0.000621,0.021888,0.012594
1408946480.000,YZJ,non_handheld,车载静置,recording,0.316146,-0.036274,9.305821,-0.008163,0.046322,-0.008269
1408946490.000,YZJ,non_handheld,车载静置,recording,-0.176045,-0.212022,9.921685,-0.006902,0.044848,0.006272
1408946500.000,YZJ,non_handheld,车载静置,recording,-0.066190,0.761497,9.593666,-0.002580,0.017999,0.021019
1408946510.000,YZJ,non_handheld,车载静置,recording,-0.024960,0.916780,10.034433,0.000149,0.007930,0.025284
1408946520.000,YZJ,non_handheld,车载静置,recording,0.355222,0.638215,10.064524,0.002886,-0.001773,0.022161
1408946530.000,YZJ,non_handheld,车载静置,recording,0.383984,0.393063,10.225192,0.002016,0.003332,0.003514
1408946540.000,YZJ,non_handheld,车载静置,recording,0.142365,-0.243466,10.193300,-0.000227,0.011003,-0.013820
1408946550.000,YZJ,non_handheld,车载静置,recording,0.220313,-0.724814,10.426375,0.005045,0.026176,0.001081
1408946560.000,YZJ,non_handheld,车载静置,recording,0.501803,-0.417750,10.273064,0.007435,0.033527,-0.000378
1408946570.000,YZJ,non_handheld,车载静置,recording,-0.169921,0.284942,10.132016,0.010095,0.022782,0.000246
1408946580.000,YZJ,non_handheld,车载静置,recording,0.292534,0.251173,10.148846,0.006664,0.026202,0.004069
1408946590.000,YZJ,non_handheld,车载静置,recording,0.558822,0.533058,9.410177,0.004121,0.021434,0.000730
1408946600.000,YZJ,non_handheld,车载静置,recording,-0.195822,0.302547,9.587536,0.004896,0.005360,-0.003162
1408946610.000,YZJ,non_handheld,车载静置,recording,0.321186,0.169809,9.753921,0.007243,-0.002565,-0.010116
1408946620.000,YZJ,non_handheld,车载静置,recording,0.564732,-0.257966,10.351046,0.002356,0.018746,-0.021490
1408946630.000,YZJ,non_handheld,车载静置,recording,0.201953,-0.376008,10.241059,0.008053,0.021701,-0.020110
1408946640.000,YZJ,non_handheld,车载静置,recording,-0.048146,-0.080998,9.948998,0.008340,0.021049,-0.015789
1408946650.000,YZJ,non_handheld,车载静置,recording,-0.159952,0.281176,10.370601,0.008252,0.025864,-0.005727
1408946660.000,YZJ,non_handheld,车载静置,recording,0.148403,0.484245,9.806972,0.008503,0.027894,0.000238
1408946670.000,YZJ,non_handheld,车载静置,recording,0.163292,0.603053,9.741364,0.005859,0.026735,0.001235
1408946680.000,YZJ,non_handheld,车载静置,recording,0.464228,0.277979,9.772664,0.008281,0.021595,-0.000887
1408946690.000,YZJ,non_handheld,车载静置,recording,0.359921,0.398399,9.925818,0.010685,0.010311,-0.009855
1408946700.000,YZJ,non_handheld,车载静置,recording,0.551806,-0.003942,9.970108,0.005808,0.037358,-0.016969
1408946710.000,YZJ,non_handheld,车载静置,recording,0.040547,-0.270994,9.817173,0.005986,0.032389,-0.034998
1408946720.000,YZJ,non_handheld,车载静置,recording,-0.718150,0.289512,10.732866,0.013944,0.014486,-0.015079
1408946730.000,YZJ,non_handheld,车载静置,recording,0.326836,0.552180,10.264800,0.009847,0.017247,0.000527
1408946740.000,YZJ,non_handheld,车载静置,recording,0.395745,0.684400,10.674390,0.009280,0.020832,-0.000154
1408946750.000,YZJ,non_handheld,车载静置,recording,0.237582,-0.066623,9.784209,0.009866,0.011944,-0.004984
1408946760.000,YZJ,non_handheld,车载静置,recording,0.070906,0.029755,9.460813,-0.004486,0.036529,-0.048252
1408946770.000,YZJ,non_handheld,车载静置,recording,-0.392416,-0.817854,9.538632,0.000262,0.027448,-0.007789
1408946780.000,YZJ,non_handheld,车载静置,recording,1.245366,0.415708,9.339278,0.009155,0.009173,-0.001245
1408946790.000,YZJ,non_handheld,车载静置,recording,-0.222374,0.861305,10.124733,0.015106,0.005393,0.001217
1408946800.000,YZJ,non_handheld,车载静置,recording,-0.201038,1.396105,10.290519,0.025362,-0.024008,0.002986
1408946810.000,YZJ,non_handheld,车载静置,recording,-0.800666,0.735425,11.263035,0.033699,-0.053175,0.007985
1408946820.000,YZJ,non_handheld,车载静置,recording,0.551811,0.329070,10.887806,0.025147,-0.035973,0.003970
1408946830.000,YZJ,non_handheld,车载静置,recording,0.476471,-0.173359,9.742415,0.013005,-0.014830,0.002738
1408946840.000,YZJ,non_handheld,车载静置,recording,0.014177,-0.476702,9.249616,0.021303,-0.062732,0.007408
1408946850.000,YZJ,non_handheld,车载静置,recording,0.637206,-0.338575,9.960647,0.012043,-0.038642,0.003840
1408946860.000,YZJ,non_handheld,车载静置,recording,0.074324,0.299436,10.202005,0.017515,-0.036971,0.004936
1408946870.000,YZJ,non_handheld,车载静置,recording,0.837627,1.083512,9.681169,0.026591,-0.032971,0.001887
1408946880.000,YZJ,non_handheld,车载静置,recording,0.336980,1.105777,9.150152,0.027499,-0.031570,-0.006365
1408946890.000,YZJ,non_handheld,车载静置,recording,-0.317444,1.104492,9.063119,0.033850,-0.083812,-0.016908
1408946900.000,YZJ,non_handheld,车载静置,recording,-0.591083,2.246829,8.938286,0.013330,-0.049968,0.014493
1408946910.000,YZJ,non_handheld,车载静置,recording,0.806838,0.561505,9.050587,0.008216,-0.033493,-0.014412
1408946920.000,YZJ,non_handheld,车载静置,recording,0.520903,-0.123411,9.081797,-0.006183,0.006771,-0.019845
1408946930.000,YZJ,non_handheld,车载静置,recording,0.662916,-0.580412,9.338544,-0.012671,0.043449,0.020796
1408946940.000,YZJ,non_handheld,车载静置,recording,0.897488,-0.631614,8.406449,-0.008468,0.021060,-0.002648
1408946950.000,YZJ,non_handheld,车载静置,recording,0.066875,0.233332,8.493950,-0.013841,0.045810,0.011950
1408946960.000,YZJ,non_handheld,车载静置,recording,-0.169676,0.859787,8.114190,-0.012109,0.027227,0.068050
1408946970.000,YZJ,non_handheld,车载静置,recording,-0.284645,1.974894,8.294568,-0.007389,0.015085,0.125483
1408946980.000,YZJ,non_handheld,车载静置,recording,0.090917,2.179735,8.293616,0.002651,-0.000493,0.148352
1408946990.000,YZJ,non_handheld,车载静置,recording,0.755844,1.682191,8.419622,-0.003632,-0.006968,0.053620
1408947000.000,YZJ,non_handheld,车载静置,recording,0.708434,0.804609,8.927826,-0.018485,0.032623,0.026265
1408947010.000,YZJ,non_handheld,车载静置,recording,0.876104,0.251065,8.869516,-0.017646,0.019361,0.025288
1408947020.000,YZJ,non_handheld,车载静置,recording,1.212641,-0.129059,9.669354,-0.024700,0.043367,-0.017825
1408947030.000,YZJ,non_handheld,车载静置,recording,0.966033,-0.171985,10.093846,-0.029666,0.067254,-0.014912
1408947040.000,YZJ,non_handheld,车载静置,recording,0.766668,-0.269980,9.735490,-0.023205,0.050568,-0.017763
1408947050.000,YZJ,non_handheld,车载静置,recording,-0.277209,0.179703,9.725169,-0.017208,0.045142,0.011744
1408947060.000,YZJ,non_handheld,车载静置,recording,0.053204,1.150022,9.608611,-0.018318,0.033403,0.022485
1408947070.000,YZJ,non_handheld,车载静置,recording,1.068900,1.532743,9.750587,-0.027890,0.009951,0.005584
1408947080.000,YZJ,non_handheld,车载静置,recording,0.415357,1.318536,9.470548,-0.056240,-0.032483,-0.008681
1408947090.000,YZJ,non_handheld,车载静置,recording,-0.205894,1.244004,9.543163,-0.063256,-0.093901,-0.071241
1408947100.000,YZJ,non_handheld,车载静置,recording,-0.178714,0.563885,9.870506,-0.081842,-0.093128,-0.105520
1408947110.000,YZJ,non_handheld,车载静置,recording,0.455727,-0.273857,9.727044,-0.126348,-0.128701,-0.105412
1408947120.000,YZJ,non_handheld,车载静置,recording,1.392176,-0.136092,9.174747,-0.188605,-0.107445,-0.135760
1408947130.000,YZJ,non_handheld,车载静置,recording,0.726901,-0.606805,9.429980,-0.233991,-0.151357,-0.311581
1408947140.000,YZJ,non_handheld,车载静置,recording,1.248455,-0.567058,10.331837,-0.230286,-0.019435,-0.405952
1408947150.000,YZJ,non_handheld,车载静置,recording,0.652887,0.761351,10.004492,-0.186887,-0.054320,-0.425797
1408947160.000,YZJ,non_handheld,车载静置,recording,0.220228,0.784887,9.548078,-0.185384,-0.041812,-0.461058
1408947170.000,YZJ,non_handheld,车载静置,recording,0.182781,0.783451,10.334596,-0.161246,-0.028473,-0.464586
1408947180.000,YZJ,non_handheld,车载静置,recording,0.135033,1.252637,9.773591,-0.153245,-0.045476,-0.410480
1408947190.000,YZJ,non_handheld,车载静置,recording,-0.148196,0.913927,9.630721,-0.161425,-0.102307,-0.351462
1408947200.000,YZJ,non_handheld,车载静置,recording,-0.500206,0.156171,9.123393,-0.144979,-0.065443,-0.273276
1408947210.000,YZJ,non_handheld,车载静置,recording,-0.254327,-0.043046,9.360154,-0.089881,-0.021855,-0.173191
1408947220.000,YZJ,non_handheld,车载静置,recording,0.793984,-0.174417,9.520382,-0.080329,0.008890,-0.143182
1408947230.000,YZJ,non_handheld,车载静置,recording,0.744170,0.104754,9.939991,-0.067231,0.068480,-0.145555
1408947240.000,YZJ,non_handheld,车载静置,recording,0.327022,0.207016,9.705618,-0.081365,0.065867,-0.120376
1408947250.000,YZJ,non_handheld,车载静置,recording,0.073998,0.452596,10.093234,-0.093186,0.093234,-0.117619
1408947260.000,YZJ,non_handheld,车载静置,recording,-0.376961,0.741942,9.750641,-0.094696,0.110444,-0.123392
1408947270.000,YZJ,non_handheld,车载静置,recording,0.196487,0.750689,10.718260,-0.086577,0.090540,-0.116773
1408947280.000,YZJ,non_handheld,车载静置,recording,0.819656,0.246743,9.850138,-0.127886,0.063785,-0.144487
1408947290.000,YZJ,non_handheld,车载静置,recording,0.549068,0.151813,10.083065,-0.122920,0.057564,-0.167286
1408947300.000,YZJ,non_handheld,车载静置,recording,-0.665908,-0.161190,10.292047,-0.073264,0.026905,-0.103708
1408947310.000,YZJ,non_handheld,车载静置,recording,0.089358,0.012742,10.620169,-0.045623,-0.005630,-0.061801
1408947320.000,YZJ,non_handheld,车载静置,recording,0.672989,0.030206,10.430303,-0.068744,-0.017833,-0.068333
1408947330.000,YZJ,non_handheld,车载静置,recording,0.094063,-0.214287,9.867124,-0.098721,-0.049532,-0.049534
1408947340.000,YZJ,non_handheld,车载静置,recording,0.073289,-0.610140,10.699162,-0.055179,-0.022985,-0.040920
1408947350.000,YZJ,non_handheld,车载静置,recording,0.103482,-0.511882,10.630552,-0.028182,-0.008559,-0.034384
1408947360.000,YZJ,non_handheld,车载静置,recording,0.250771,-0.262138,10.418249,-0.063664,-0.017443,-0.026316
1408947370.000,YZJ,non_handheld,车载静置,recording,0.308588,0.016593,9.864872,-0.100045,-0.040767,-0.032844
1408947380.000,YZJ,non_handheld,车载静置,recording,0.780148,-0.102032,9.434306,-0.116798,-0.047427,-0.076315
1408947390.000,YZJ,non_handheld,车载静置,recording,0.296448,-0.077150,9.800938,-0.072067,0.004376,-0.078895
1408947400.000,YZJ,non_handheld,车载静置,recording,-0.830198,0.089901,10.261594,0.005450,-0.032161,-0.025171
1408947410.000,YZJ,non_handheld,车载静置,recording,-0.114046,0.593062,10.787694,0.019370,-0.037072,0.008168
1408947420.000,YZJ,non_handheld,车载静置,recording,0.352644,0.268526,9.422776,-0.063261,-0.029393,0.005592
1408947430.000,YZJ,non_handheld,车载静置,recording,-0.908245,-0.557239,9.712826,-0.024672,-0.051697,0.038800
1408947440.000,YZJ,non_handheld,车载静置,recording,0.895855,-0.153020,10.803927,0.034038,0.011550,0.011520
1408947450.000,YZJ,non_handheld,车载静置,recording,1.457382,-0.585439,10.427865,-0.003720,0.069086,-0.048169
1408947460.000,YZJ,non_handheld,车载静置,recording,0.048653,-1.049264,10.369474,-0.052808,0.077983,-0.077231
1408947470.000,YZJ,non_handheld,车载静置,recording,-0.106974,-1.250681,9.730199,-0.070616,0.078906,-0.027907
1408947480.000,YZJ,non_handheld,车载静置,recording,0.095537,-0.738528,10.645186,-0.009192,0.059092,0.039683
1408947490.000,YZJ,non_handheld,车载静置,recording,-0.250965,-0.177064,10.885474,0.037594,0.052064,0.063259
1408947500.000,YZJ,non_handheld,车载静置,recording,-0.449407,0.539670,10.895631,0.032436,0.028549,0.082457
1408947510.000,YZJ,non_handheld,车载静置,recording,-0.058734,0.395136,10.534100,0.021369,0.000423,0.110479
1408947520.000,YZJ,non_handheld,车载静置,recording,0.230103,0.188354,9.513265,0.017538,-0.026750,0.115922
1408947530.000,YZJ,non_handheld,车载静置,recording,-0.100871,-0.227933,9.236994,0.013491,-0.029144,0.114985
1408947540.000,YZJ,non_handheld,车载静置,recording,0.176711,-0.963458,9.537538,0.042486,-0.022968,0.126673
1408947550.000,YZJ,non_handheld,车载静置,recording,0.827945,-1.113408,9.001057,0.055293,-0.025905,0.106309
1408947560.000,YZJ,non_handheld,车载静置,recording,0.786560,-1.269297,9.386481,0.058911,-0.016013,0.053827
1408947570.000,YZJ,non_handheld,车载静置,recording,0.451061,-0.879842,10.638737,0.069631,-0.003898,0.024156
1408947580.000,YZJ,non_handheld,车载静置,recording,-0.260825,0.045508,9.767683,0.066296,-0.022204,0.057981
1408947590.000,YZJ,non_handheld,车载静置,recording,-0.641230,0.227697,10.405296,0.069073,-0.058106,0.079834
1408947600.000,YZJ,non_handheld,车载静置,recording,-0.391003,0.421416,9.535822,0.057607,-0.045412,0.109869
1408947610.000,YZJ,non_handheld,车载静置,recording,-0.099086,0.778385,8.504590,0.039839,-0.077134,0.149964
1408947620.000,YZJ,non_handheld,车载静置,recording,1.469175,0.074919,7.315635,0.011363,-0.039754,0.089911
1408947630.000,YZJ,non_handheld,车载静置,recording,1.109570,-0.894784,8.215015,0.046268,0.012731,-0.018134
1408947640.000,YZJ,non_handheld,车载静置,recording,0.420429,-0.362759,8.969045,0.054438,0.087847,-0.049472
1408947650.000,YZJ,non_handheld,车载静置,recording,0.111422,-0.978854,10.492917,0.050814,0.081708,-0.033363
1408947660.000,YZJ,non_handheld,车载静置,recording,0.141625,-1.468723,10.366931,0.011800,0.047783,0.012372
1408947670.000,YZJ,non_handheld,车载静置,recording,-0.664241,-0.237294,9.303545,0.011662,-0.032979,0.105233
1408947680.000,YZJ,non_handheld,车载静置,recording,-0.349852,1.066683,9.080530,0.008911,-0.023876,0.159742
1408947690.000,YZJ,non_handheld,车载静置,recording,-0.623193,1.515277,8.800962,0.019419,-0.063253,0.199181
1408947700.000,YZJ,non_handheld,车载静置,recording,-0.356957,1.012779,8.404022,0.054570,-0.083374,0.188439
1408947710.000,YZJ,non_handheld,车载静置,recording,1.300435,0.537269,9.327050,0.075003,-0.061464,0.104049
1408947720.000,YZJ,non_handheld,车载静置,recording,0.651727,0.087281,9.675422,0.100243,-0.021630,0.044048
1408947730.000,YZJ,non_handheld,车载静置,recording,0.160451,-1.045870,9.890845,0.106404,-0.003098,0.056092
1408947740.000,YZJ,non_handheld,车载静置,recording,-0.286551,-1.819665,10.319946,0.077307,-0.019551,0.114444
1408947750.000,YZJ,non_handheld,车载静置,recording,-0.747893,-1.398328,9.658698,0.084170,-0.079801,0.210061
1408947760.000,YZJ,non_handheld,车载静置,recording,-0.743438,-0.395489,10.529811,0.122066,-0.129085,0.254237
1408947770.000,YZJ,non_handheld,车载静置,recording,0.811455,0.260674,10.632446,0.113110,-0.079345,0.210846
1408947780.000,YZJ,non_handheld,车载静置,recording,0.097440,0.375696,10.272385,0.089576,-0.047984,0.207889
1408947790.000,YZJ,non_handheld,车载静置,recording,-0.153479,0.220388,10.687776,0.136747,-0.101913,0.236057
1408947800.000,YZJ,non_handheld,车载静置,recording,-0.251379,0.239974,9.657453,0.155479,-0.099771,0.257697
1408947810.000,YZJ,non_handheld,车载静置,recording,0.208406,0.191903,9.458989,0.152886,-0.091863,0.240804
1408947820.000,YZJ,non_handheld,车载静置,recording,0.475971,-0.157004,9.631508,0.153816,-0.104705,0.147967
1408947830.000,YZJ,non_handheld,车载静置,recording,0.392387,0.020839,10.086102,0.123768,-0.067692,0.018205
1408947840.000,YZJ,non_handheld,车载静置,recording,0.424755,-0.193074,11.002228,0.087845,-0.014484,-0.042007
1408947850.000,YZJ,non_handheld,车载静置,recording,-0.028279,-0.742712,10.692227,0.059997,-0.013532,-0.034990
1408947860.000,YZJ,non_handheld,车载静置,recording,0.300471,-0.485607,10.083605,0.044234,-0.022731,-0.022789
1408947870.000,YZJ,non_handheld,车载静置,recording,0.135992,0.057456,10.379277,0.053138,-0.028430,-0.033052
1408947880.000,YZJ,non_handheld,车载静置,recording,-0.546182,0.653081,9.886810,0.041604,-0.026446,-0.028548
1408947890.000,YZJ,non_handheld,车载静置,recording,-0.337000,1.084375,10.301826,0.049931,-0.058711,-0.007035
1408947900.000,YZJ,non_handheld,车载静置,recording,-0.532073,1.055529,9.649007,0.055995,-0.050832,0.015940
1408947910.000,YZJ,non_handheld,车载静置,recording,-0.208255,0.903943,9.679139,0.058246,-0.040078,0.015279
1408947920.000,YZJ,non_handheld,车载静置,recording,0.136570,0.220385,10.019734,0.057693,-0.028063,-0.002861
1408947930.000,YZJ,non_handheld,车载静置,recording,0.177052,-0.378836,10.367805,0.058815,-0.005670,-0.024051
1408947940.000,YZJ,non_handheld,车载静置,recording,-0.338780,-0.031206,11.128794,0.035374,-0.022979,0.005536
1408947950.000,YZJ,non_handheld,车载静置,recording,0.071107,-0.030295,10.775956,0.035540,-0.046004,0.016020
1408947960.000,YZJ,non_handheld,车载静置,recording,-0.330006,0.171529,10.350734,0.026788,-0.038422,0.023645
1408947970.000,YZJ,non_handheld,车载静置,recording,-0.102503,0.213896,9.935846,0.034396,-0.033131,0.034577
1408947980.000,YZJ,non_handheld,车载静置,recording,0.158059,0.253933,9.884131,0.049405,-0.000645,0.044414
1408947990.000,YZJ,non_handheld,车载静置,recording,-0.292863,0.107865,9.809738,0.030381,-0.022783,0.052370
1408948000.000,YZJ,non_handheld,车载静置,recording,-0.374153,0.414785,10.047487,0.057513,-0.053659,0.078911
1408948010.000,YZJ,non_handheld,车载静置,recording,-0.311638,0.709840,10.517004,0.078927,-0.081123,0.079284
1408948020.000,YZJ,non_handheld,车载静置,recording,0.714747,1.082473,10.589572,0.060568,-0.087646,0.036282
1408948030.000,YZJ,non_handheld,车载静置,recording,0.001306,0.686951,10.256343,0.045556,-0.092646,0.003369
1408948040.000,YZJ,non_handheld,车载静置,recording,-0.302024,0.376439,10.446096,0.046850,-0.077955,-0.013379