timestamp_ms,user_name,hold_state,scene_tag,phase,acc_x,acc_y,acc_z,gyro_x,gyro_y,gyro_z
614863840.000,YZJ,non_handheld,desk_gripped_micro_move,recording,-0.514441,-2.489836,9.432505,-0.106953,0.106201,-0.206270
614863850.000,YZJ,non_handheld,desk_gripped_micro_move,recording,-0.420006,-2.511701,9.449934,-0.120031,0.079029,-0.288829
614863860.000,YZJ,non_handheld,desk_gripped_micro_move,recording,-0.425720,-2.442186,9.381002,-0.145304,-0.005898,-0.371932
614863870.000,YZJ,non_handheld,desk_gripped_micro_move,recording,-0.625264,-2.400499,9.389604,-0.170561,-0.104585,-0.388713
614863880.000,YZJ,non_handheld,desk_gripped_micro_move,recording,-0.721998,-2.397602,9.449073,-0.179824,-0.150490,-0.374082
614863890.000,YZJ,non_handheld,desk_gripped_micro_move,recording,-0.390594,-2.274190,9.560209,-0.171564,-0.158904,-0.364686
614863900.000,YZJ,non_handheld,desk_gripped_micro_move,recording,-0.436535,-2.073434,9.591694,-0.129840,-0.173088,-0.328619
614863910.000,YZJ,non_handheld,desk_gripped_micro_move,recording,-0.526242,-2.216647,9.603518,-0.073442,-0.132283,-0.256534
614863920.000,YZJ,non_handheld,desk_gripped_micro_move,recording,-0.488602,-2.281745,9.587115,-0.023218,-0.035219,-0.178294
614863930.000,YZJ,non_handheld,desk_gripped_micro_move,recording,-0.500547,-2.528225,9.725116,0.022810,0.111201,-0.106663
614863940.000,YZJ,non_handheld,desk_gripped_micro_move,recording,-0.492263,-2.816091,9.467327,0.051901,0.209245,-0.054975
614863950.000,YZJ,non_handheld,desk_gripped_micro_move,recording,-0.296120,-2.801845,9.347015,0.054529,0.190560,-0.066878
614863960.000,YZJ,non_handheld,desk_gripped_micro_move,recording,-0.243803,-3.017274,9.177359,0.025458,0.048466,-0.137243
614863970.000,YZJ,non_handheld,desk_gripped_micro_move,recording,-0.008731,-3.120190,9.126168,-0.017511,-0.129161,-0.252778
614863980.000,YZJ,non_handheld,desk_gripped_micro_move,recording,-0.104710,-3.047637,9.171833,-0.049784,-0.281719,-0.352775
614863990.000,YZJ,non_handheld,desk_gripped_micro_move,recording,-0.383461,-2.384718,9.477193,-0.053839,-0.338319,-0.379204
614864000.000,YZJ,non_handheld,desk_gripped_micro_move,recording,-0.467988,-2.127775,9.715388,-0.040912,-0.291307,-0.308207
614864010.000,YZJ,non_handheld,desk_gripped_micro_move,recording,-0.379169,-1.912057,9.641883,-0.000691,-0.209248,-0.201795
614864020.000,YZJ,non_handheld,desk_gripped_micro_move,recording,-0.418704,-2.269728,9.859625,0.056038,-0.074675,-0.108427
614864030.000,YZJ,non_handheld,desk_gripped_micro_move,recording,-0.388468,-2.515052,9.425683,0.078130,0.013995,-0.040090
614864040.000,YZJ,non_handheld,desk_gripped_micro_move,recording,-0.504583,-3.025284,9.455963,0.081026,0.006137,0.012261
614864050.000,YZJ,non_handheld,desk_gripped_micro_move,recording,-0.493413,-3.179308,9.187305,0.062328,-0.005984,0.053101
614864060.000,YZJ,non_handheld,desk_gripped_micro_move,recording,-0.420870,-3.209319,9.358660,0.046262,0.016366,0.093958
614864070.000,YZJ,non_handheld,desk_gripped_micro_move,recording,-0.420338,-3.252913,9.364577,0.028542,0.025061,0.139954
614864080.000,YZJ,non_handheld,desk_gripped_micro_move,recording,-0.427033,-2.785199,9.328657,0.027437,0.012570,0.190164
614864090.000,YZJ,non_handheld,desk_gripped_micro_move,recording,-0.400687,-2.689367,9.415268,0.041188,0.009459,0.239281
614864100.000,YZJ,non_handheld,desk_gripped_micro_move,recording,-0.304576,-2.759919,9.551521,0.054572,0.055551,0.264903
614864110.000,YZJ,non_handheld,desk_gripped_micro_move,recording,-0.087708,-2.716369,9.360484,0.039600,0.047105,0.239656
614864120.000,YZJ,non_handheld,desk_gripped_micro_move,recording,0.063638,-2.878732,9.326833,-0.013310,-0.036254,0.155406
614864130.000,YZJ,non_handheld,desk_gripped_micro_move,recording,0.068334,-2.831110,9.389142,-0.037091,-0.055818,0.040924
614864140.000,YZJ,non_handheld,desk_gripped_micro_move,recording,-0.039302,-2.645392,9.399150,-0.037943,-0.077051,-0.035580
614864150.000,YZJ,non_handheld,desk_gripped_micro_move,recording,-0.136230,-2.468274,9.506299,-0.037225,-0.077987,-0.056080
614864160.000,YZJ,non_handheld,desk_gripped_micro_move,recording,-0.203335,-2.466667,9.520614,-0.019340,-0.039996,-0.053272
614864170.000,YZJ,non_handheld,desk_gripped_micro_move,recording,0.122064,-2.691792,9.435220,0.011381,-0.022103,-0.061329
614864180.000,YZJ,non_handheld,desk_gripped_micro_move,recording,-0.623130,-2.165474,9.582545,0.029525,-0.035861,0.021949
614864190.000,YZJ,non_handheld,desk_gripped_micro_move,recording,-0.661485,-2.434245,9.533453,0.038102,-0.031241,0.131109
614864200.000,YZJ,non_handheld,desk_gripped_micro_move,recording,-0.493954,-2.356930,9.573107,0.041916,0.015238,0.217909
614864210.000,YZJ,non_handheld,desk_gripped_micro_move,recording,-0.380759,-2.620508,9.528662,0.051418,0.072018,0.269034
614864220.000,YZJ,non_handheld,desk_gripped_micro_move,recording,-0.178504,-2.541196,9.545872,0.066134,0.138699,0.286324
614864230.000,YZJ,non_handheld,desk_gripped_micro_move,recording,-0.056169,-2.645519,9.478912,0.060692,0.147993,0.259791
614864240.000,YZJ,non_handheld,desk_gripped_micro_move,recording,0.579557,-2.783980,9.290977,0.023087,0.064490,0.143270
614864250.000,YZJ,non_handheld,desk_gripped_micro_move,recording,0.498136,-2.915164,9.438346,0.017769,0.071890,0.016578
614864260.000,YZJ,non_handheld,desk_gripped_micro_move,recording,0.012080,-2.791162,9.446492,0.028948,0.119566,-0.050983
614864270.000,YZJ,non_handheld,desk_gripped_micro_move,recording,-0.053973,-2.494598,9.493670,0.054154,0.150496,-0.090488
614864280.000,YZJ,non_handheld,desk_gripped_micro_move,recording,-0.078077,-2.475542,9.494791,0.088230,0.166765,-0.126637
614864290.000,YZJ,non_handheld,desk_gripped_micro_move,recording,-0.021165,-2.679252,9.485428,0.117283,0.198243,-0.164451
614864300.000,YZJ,non_handheld,desk_gripped_micro_move,recording,-0.182731,-2.427065,9.523548,0.138140,0.242307,-0.174085
614864310.000,YZJ,non_handheld,desk_gripped_micro_move,recording,-0.331872,-2.520857,9.573561,0.141614,0.298586,-0.150437
614864320.000,YZJ,non_handheld,desk_gripped_micro_move,recording,-0.541254,-2.494109,9.503123,0.143355,0.329973,-0.102587
614864330.000,YZJ,non_handheld,desk_gripped_micro_move,recording,-0.721860,-2.704344,9.510329,0.146523,0.347858,-0.048064
614864340.000,YZJ,non_handheld,desk_gripped_micro_move,recording,-0.830136,-2.919060,9.473549,0.162293,0.462729,-0.014362
614864350.000,YZJ,non_handheld,desk_gripped_micro_move,recording,-0.511576,-2.843220,9.750051,0.228284,0.699845,-0.032933
614864360.000,YZJ,non_handheld,desk_gripped_micro_move,recording,-0.628908,-2.296551,9.378494,0.254794,0.654137,-0.019698
614864370.000,YZJ,non_handheld,desk_gripped_micro_move,recording,-0.477195,-2.154724,9.457493,0.251965,0.561610,-0.052900
614864380.000,YZJ,non_handheld,desk_gripped_micro_move,recording,-0.496119,-1.990737,9.436628,0.226420,0.391613,-0.124713
614864390.000,YZJ,non_handheld,desk_gripped_micro_move,recording,-0.773822,-2.209975,9.109097,0.168997,0.117787,-0.194759
614864400.000,YZJ,non_handheld,desk_gripped_micro_move,recording,-0.747640,-2.381505,9.329320,0.091901,-0.045838,-0.230619
614864410.000,YZJ,non_handheld,desk_gripped_micro_move,recording,-1.048828,-2.628132,9.536167,0.013767,-0.011045,-0.221049
614864420.000,YZJ,non_handheld,desk_gripped_micro_move,recording,-1.107075,-2.337897,9.621870,-0.008069,0.066951,-0.175457
614864430.000,YZJ,non_handheld,desk_gripped_micro_move,recording,-0.835297,-2.248901,9.599073,0.008175,0.146565,-0.132781
614864440.000,YZJ,non_handheld,desk_gripped_micro_move,recording,-0.554037,-2.214696,9.751208,0.043190,0.300115,-0.093488
614864450.000,YZJ,non_handheld,desk_gripped_micro_move,recording,-0.459936,-2.327840,9.823329,0.096139,0.470856,-0.052001
614864460.000,YZJ,non_handheld,desk_gripped_micro_move,recording,-0.442131,-2.388146,9.710634,0.159673,0.587863,-0.032075
614864470.000,YZJ,non_handheld,desk_gripped_micro_move,recording,-0.468389,-2.322317,9.442040,0.188772,0.573203,-0.026498
614864480.000,YZJ,non_handheld,desk_gripped_micro_move,recording,-0.870479,-2.390686,9.309008,0.160403,0.413886,-0.009635
614864490.000,YZJ,non_handheld,desk_gripped_micro_move,recording,-1.244958,-2.404192,8.985746,0.091949,0.158051,0.010883
614864500.000,YZJ,non_handheld,desk_gripped_micro_move,recording,-1.460390,-2.459284,9.150406,0.031480,-0.081960,0.037566
614864510.000,YZJ,non_handheld,desk_gripped_micro_move,recording,-1.403025,-2.414831,9.173747,-0.023677,-0.234604,0.053402
614864520.000,YZJ,non_handheld,desk_gripped_micro_move,recording,-1.217134,-2.485909,9.243796,-0.081742,-0.356570,0.037445
614864530.000,YZJ,non_handheld,desk_gripped_micro_move,recording,-0.936859,-2.311089,9.426599,-0.131682,-0.416032,0.003852
614864540.000,YZJ,non_handheld,desk_gripped_micro_move,recording,-0.977447,-2.256348,9.536951,-0.161788,-0.409031,-0.034136
614864550.000,YZJ,non_handheld,desk_gripped_micro_move,recording,-0.970467,-2.230358,9.584034,-0.168051,-0.357599,-0.067186
614864560.000,YZJ,non_handheld,desk_gripped_micro_move,recording,-0.885832,-2.284408,9.650379,-0.142926,-0.257164,-0.097207
614864570.000,YZJ,non_handheld,desk_gripped_micro_move,recording,-0.964001,-2.262278,9.812177,-0.098147,-0.058326,-0.094870
614864580.000,YZJ,non_handheld,desk_gripped_micro_move,recording,-1.256524,-2.066630,9.742257,-0.060128,0.105876,-0.020964
614864590.000,YZJ,non_handheld,desk_gripped_micro_move,recording,-1.654792,-1.818314,9.665363,-0.042884,0.181066,0.119384
614864600.000,YZJ,non_handheld,desk_gripped_micro_move,recording,-1.708909,-1.910808,9.654362,-0.030028,0.207181,0.268388
614864610.000,YZJ,non_handheld,desk_gripped_micro_move,recording,-1.398199,-2.166159,9.473879,-0.028850,0.231276,0.364112
614864620.000,YZJ,non_handheld,desk_gripped_micro_move,recording,-0.994056,-2.317828,9.440960,-0.003883,0.185815,0.392619
614864630.000,YZJ,non_handheld,desk_gripped_micro_move,recording,-0.587240,-2.737519,9.232999,0.012779,0.072282,0.361711
614864640.000,YZJ,non_handheld,desk_gripped_micro_move,recording,0.070433,-2.988389,9.094098,0.000886,-0.079399,0.245562
614864650.000,YZJ,non_handheld,desk_gripped_micro_move,recording,0.901672,-3.295846,9.109317,-0.044047,-0.260143,0.013104
614864660.000,YZJ,non_handheld,desk_gripped_micro_move,recording,0.817551,-3.516866,9.226065,-0.073021,-0.324789,-0.264928
614864670.000,YZJ,non_handheld,desk_gripped_micro_move,recording,1.054278,-3.302483,9.388147,-0.070569,-0.288950,-0.539575
614864680.000,YZJ,non_handheld,desk_gripped_micro_move,recording,-0.237913,-2.692737,9.455302,-0.067928,-0.298228,-0.681943
614864690.000,YZJ,non_handheld,desk_gripped_micro_move,recording,-1.267952,-2.154699,9.395331,-0.065420,-0.387716,-0.611942
614864700.000,YZJ,non_handheld,desk_gripped_micro_move,recording,-1.993494,-1.959147,9.500526,-0.041354,-0.448185,-0.399466
614864710.000,YZJ,non_handheld,desk_gripped_micro_move,recording,-2.334659,-1.837744,9.686758,-0.009431,-0.361587,-0.144971
614864720.000,YZJ,non_handheld,desk_gripped_micro_move,recording,-1.647461,-1.936890,9.759041,0.026898,-0.230076,0.042967
614864730.000,YZJ,non_handheld,desk_gripped_micro_move,recording,-1.243339,-2.321027,9.538243,0.049856,-0.181890,0.175340
614864740.000,YZJ,non_handheld,desk_gripped_micro_move,recording,-0.785529,-2.379772,9.596781,0.060563,-0.127789,0.268045
614864750.000,YZJ,non_handheld,desk_gripped_micro_move,recording,-0.468838,-2.490492,9.619799,0.058635,-0.064122,0.315330
614864760.000,YZJ,non_handheld,desk_gripped_micro_move,recording,-0.210035,-2.523478,9.577042,0.053150,0.030704,0.350497
614864770.000,YZJ,non_handheld,desk_gripped_micro_move,recording,0.752173,-2.507706,9.726641,0.057411,0.112578,0.302785
614864780.000,YZJ,non_handheld,desk_gripped_micro_move,recording,0.409596,-2.866697,9.478602,0.022772,0.178924,0.213283
614864790.000,YZJ,non_handheld,desk_gripped_micro_move,recording,-0.522224,-2.454521,9.534706,-0.013415,0.203881,0.123304
614864800.000,YZJ,non_handheld,desk_gripped_micro_move,recording,0.412585,-2.533457,9.188062,-0.067638,0.024278,-0.107738
614864810.000,YZJ,non_handheld,desk_gripped_micro_move,recording,0.533672,-2.701334,9.146309,-0.147841,-0.203317,-0.425603
614864820.000,YZJ,non_handheld,desk_gripped_micro_move,recording,0.949195,-2.810375,9.411640,-0.165098,-0.263124,-0.736067
614864830.000,YZJ,non_handheld,desk_gripped_micro_move,recording,1.169166,-2.811198,9.482410,-0.150077,-0.245900,-0.983546
614864840.000,YZJ,non_handheld,desk_gripped_micro_move,recording,0.654255,-2.627028,9.667127,-0.115790,-0.110074,-1.105733
614864850.000,YZJ,non_handheld,desk_gripped_micro_move,recording,-0.078410,-2.153106,9.760406,-0.041412,0.068720,-1.078358
614864860.000,YZJ,non_handheld,desk_gripped_micro_move,recording,-1.217614,-1.887444,9.832398,0.064650,0.221850,-0.879549
614864870.000,YZJ,non_handheld,desk_gripped_micro_move,recording,-1.640939,-1.904270,9.750718,0.166711,0.427190,-0.617166
614864880.000,YZJ,non_handheld,desk_gripped_micro_move,recording,-1.949610,-2.196519,9.866857,0.256625,0.647605,-0.374342
614864890.000,YZJ,non_handheld,desk_gripped_micro_move,recording,-1.665111,-2.459659,9.555894,0.298326,0.846524,-0.218345
614864900.000,YZJ,non_handheld,desk_gripped_micro_move,recording,-1.731535,-2.550032,9.697651,0.344319,0.873045,-0.081193
614864910.000,YZJ,non_handheld,desk_gripped_micro_move,recording,-1.451535,-2.520835,9.297482,0.347089,0.847498,0.029976
614864920.000,YZJ,non_handheld,desk_gripped_micro_move,recording,-0.995829,-2.235191,9.488116,0.336231,0.775529,0.088502
614864930.000,YZJ,non_handheld,desk_gripped_micro_move,recording,-0.821311,-2.015671,9.337786,0.297829,0.581798,0.112983
614864940.000,YZJ,non_handheld,desk_gripped_micro_move,recording,-0.874775,-2.159551,8.947857,0.180677,0.233644,0.092310
614864950.000,YZJ,non_handheld,desk_gripped_micro_move,recording,-1.320276,-2.436537,9.064937,0.039132,-0.114888,0.046124
614864960.000,YZJ,non_handheld,desk_gripped_micro_move,recording,-1.341958,-2.429589,9.200144,-0.050015,-0.276718,-0.021580
614864970.000,YZJ,non_handheld,desk_gripped_micro_move,recording,-1.429063,-2.337445,9.175492,-0.115777,-0.428852,-0.077637
614864980.000,YZJ,non_handheld,desk_gripped_micro_move,recording,-1.392644,-2.274531,9.263610,-0.190883,-0.577280,-0.128034
614864990.000,YZJ,non_handheld,desk_gripped_micro_move,recording,-1.562625,-2.206217,9.502295,-0.257334,-0.620251,-0.136541
614865000.000,YZJ,non_handheld,desk_gripped_micro_move,recording,-1.894011,-2.268137,9.542249,-0.275800,-0.559078,-0.057418
614865010.000,YZJ,non_handheld,desk_gripped_micro_move,recording,-1.988803,-2.050631,9.857360,-0.252979,-0.404367,0.100655
614865020.000,YZJ,non_handheld,desk_gripped_micro_move,recording,-1.991637,-2.201105,9.592820,-0.220483,-0.257807,0.282242
614865030.000,YZJ,non_handheld,desk_gripped_micro_move,recording,-1.278693,-2.261864,9.703745,-0.165755,-0.161751,0.413627
614865040.000,YZJ,non_handheld,desk_gripped_micro_move,recording,-0.590094,-2.227720,9.652247,-0.106532,-0.053077,0.476754
614865050.000,YZJ,non_handheld,desk_gripped_micro_move,recording,-0.186209,-2.505035,9.465320,-0.071213,-0.023807,0.475483
614865060.000,YZJ,non_handheld,desk_gripped_micro_move,recording,0.129452,-2.824301,9.251290,-0.077303,-0.127602,0.412025
614865070.000,YZJ,non_handheld,desk_gripped_micro_move,recording,0.478775,-2.763139,9.317599,-0.076443,-0.243391,0.293954
614865080.000,YZJ,non_handheld,desk_gripped_micro_move,recording,0.784891,-2.771440,9.405282,-0.073104,-0.266092,0.159291
614865090.000,YZJ,non_handheld,desk_gripped_micro_move,recording,0.349473,-2.982272,9.446093,-0.067783,-0.239787,0.074985
614865100.000,YZJ,non_handheld,desk_gripped_micro_move,recording,0.144120,-2.695553,9.534251,-0.057721,-0.207450,0.015643
614865110.000,YZJ,non_handheld,desk_gripped_micro_move,recording,0.112298,-2.670637,9.406793,-0.066732,-0.200118,-0.048749
614865120.000,YZJ,non_handheld,desk_gripped_micro_move,recording,0.067615,-2.888733,9.390684,-0.077941,-0.230094,-0.124805
614865130.000,YZJ,non_handheld,desk_gripped_micro_move,recording,0.733380,-3.148001,9.334817,-0.077726,-0.251818,-0.240226
614865140.000,YZJ,non_handheld,desk_gripped_micro_move,recording,-0.207708,-2.319274,9.551034,-0.049641,-0.224890,-0.263246
614865150.000,YZJ,non_handheld,desk_gripped_micro_move,recording,-0.689983,-2.096919,9.641664,-0.005755,-0.150716,-0.167943
614865160.000,YZJ,non_handheld,desk_gripped_micro_move,recording,-0.757464,-2.279935,9.750625,0.032076,-0.009672,-0.046068
614865170.000,YZJ,non_handheld,desk_gripped_micro_move,recording,-0.799217,-2.411705,9.619395,0.051047,0.104702,0.054066
614865180.000,YZJ,non_handheld,desk_gripped_micro_move,recording,-0.768395,-2.424809,9.584033,0.056847,0.187261,0.127828
614865190.000,YZJ,non_handheld,desk_gripped_micro_move,recording,-0.457170,-2.401008,9.554636,0.056123,0.222297,0.158417
614865200.000,YZJ,non_handheld,desk_gripped_micro_move,recording,-0.416201,-2.411199,9.540722,0.054385,0.251707,0.171192
614865210.000,YZJ,non_handheld,desk_gripped_micro_move,recording,-0.467214,-2.523273,9.466170,0.032030,0.237111,0.176661
614865220.000,YZJ,non_handheld,desk_gripped_micro_move,recording,-0.459515,-2.520598,9.478853,0.011838,0.192946,0.180811
614865230.000,YZJ,non_handheld,desk_gripped_micro_move,recording,-0.485355,-2.602865,9.470707,0.010406,0.181804,0.189060
614865240.000,YZJ,non_handheld,desk_gripped_micro_move,recording,-0.456133,-2.503191,9.381102,0.018450,0.134844,0.187376
614865250.000,YZJ,non_handheld,desk_gripped_micro_move,recording,-0.512607,-2.517247,9.346121,0.028151,0.060741,0.170918
614865260.000,YZJ,non_handheld,desk_gripped_micro_move,recording,-0.680336,-2.639760,9.272950,0.041836,-0.048912,0.161514
614865270.000,YZJ,non_handheld,desk_gripped_micro_move,recording,-0.636864,-2.645460,9.232563,0.058759,-0.215036,0.123191
614865280.000,YZJ,non_handheld,desk_gripped_micro_move,recording,-0.166454,-2.506356,9.179067,0.067608,-0.378867,-0.002018
614865290.000,YZJ,non_handheld,desk_gripped_micro_move,recording,0.209010,-2.417352,9.437902,0.059572,-0.444653,-0.189257
614865300.000,YZJ,non_handheld,desk_gripped_micro_move,recording,0.267778,-2.380587,9.678380,0.013289,-0.384579,-0.357654
614865310.000,YZJ,non_handheld,desk_gripped_micro_move,recording,-0.044326,-2.508702,9.692885,-0.064739,-0.244833,-0.440542
614865320.000,YZJ,non_handheld,desk_gripped_micro_move,recording,-0.472388,-2.778440,9.681692,-0.114229,-0.099741,-0.425771
614865330.000,YZJ,non_handheld,desk_gripped_micro_move,recording,-0.478456,-2.316355,9.656314,-0.109354,0.038632,-0.384892
614865340.000,YZJ,non_handheld,desk_gripped_micro_move,recording,-0.500927,-1.898991,9.819318,-0.062747,0.195654,-0.359221
614865350.000,YZJ,non_handheld,desk_gripped_micro_move,recording,-0.758770,-1.994648,9.656047,-0.009669,0.311660,-0.305087
614865360.000,YZJ,non_handheld,desk_gripped_micro_move,recording,-0.982148,-2.184396,9.695795,0.051545,0.404083,-0.224671
614865370.000,YZJ,non_handheld,desk_gripped_micro_move,recording,-1.135759,-2.355852,9.557769,0.086518,0.484054,-0.148857
614865380.000,YZJ,non_handheld,desk_gripped_micro_move,recording,-0.897157,-2.404384,9.503367,0.100201,0.511338,-0.099281
614865390.000,YZJ,non_handheld,desk_gripped_micro_move,recording,-0.751107,-2.431813,9.418366,0.101406,0.463592,-0.084761
614865400.000,YZJ,non_handheld,desk_gripped_micro_move,recording,-0.648041,-2.452311,9.379399,0.086061,0.341218,-0.106167
614865410.000,YZJ,non_handheld,desk_gripped_micro_move,recording,-0.760745,-2.439514,9.300476,0.053653,0.225980,-0.136558
614865420.000,YZJ,non_handheld,desk_gripped_micro_move,recording,-0.963569,-2.408158,9.317128,0.009730,0.113305,-0.159768
614865430.000,YZJ,non_handheld,desk_gripped_micro_move,recording,-1.229285,-2.292332,9.419518,-0.019455,0.051150,-0.165519
614865440.000,YZJ,non_handheld,desk_gripped_micro_move,recording,-1.265986,-2.292226,9.557769,-0.018908,0.097195,-0.159567
614865450.000,YZJ,non_handheld,desk_gripped_micro_move,recording,-1.616706,-2.352439,9.653014,0.018893,0.249580,-0.100926
614865460.000,YZJ,non_handheld,desk_gripped_micro_move,recording,-1.899716,-2.224652,9.721222,0.085898,0.454088,0.019230
614865470.000,YZJ,non_handheld,desk_gripped_micro_move,recording,-2.046921,-2.034249,9.760671,0.170333,0.635401,0.174481
614865480.000,YZJ,non_handheld,desk_gripped_micro_move,recording,-2.033380,-1.946941,9.630275,0.241763,0.705109,0.344523
614865490.000,YZJ,non_handheld,desk_gripped_micro_move,recording,-1.635380,-1.818472,9.244369,0.230070,0.463907,0.472127
614865500.000,YZJ,non_handheld,desk_gripped_micro_move,recording,-1.170203,-2.146759,8.776043,0.103223,0.019941,0.512478
614865510.000,YZJ,non_handheld,desk_gripped_micro_move,recording,-0.457837,-2.557632,9.468585,0.039157,-0.058165,0.452441
614865520.000,YZJ,non_handheld,desk_gripped_micro_move,recording,0.047872,-2.708543,9.740875,0.035082,0.072110,0.369113
614865530.000,YZJ,non_handheld,desk_gripped_micro_move,recording,-0.020031,-2.668884,9.593793,0.025857,0.164188,0.305980
614865540.000,YZJ,non_handheld,desk_gripped_micro_move,recording,-0.206910,-2.672913,9.430016,0.005599,0.158751,0.245675
614865550.000,YZJ,non_handheld,desk_gripped_micro_move,recording,-0.444478,-2.617695,9.402673,-0.021471,0.112664,0.190308
614865560.000,YZJ,non_handheld,desk_gripped_micro_move,recording,-0.522131,-2.763521,9.316498,-0.057632,0.059042,0.150148
614865570.000,YZJ,non_handheld,desk_gripped_micro_move,recording,-0.669457,-2.848992,9.486073,-0.073211,0.095133,0.148691
614865580.000,YZJ,non_handheld,desk_gripped_micro_move,recording,-0.731471,-2.727509,9.529972,-0.077008,0.151793,0.162911
614865590.000,YZJ,non_handheld,desk_gripped_micro_move,recording,-0.443607,-2.531283,9.503815,-0.081158,0.160939,0.151693
614865600.000,YZJ,non_handheld,desk_gripped_micro_move,recording,-0.470087,-2.520250,9.360777,-0.100274,0.109107,0.121107
614865610.000,YZJ,non_handheld,desk_gripped_micro_move,recording,-0.609392,-2.470150,9.270621,-0.137538,-0.024231,0.075112
614865620.000,YZJ,non_handheld,desk_gripped_micro_move,recording,-0.789918,-2.333913,9.240625,-0.205241,-0.196415,0.020700
614865630.000,YZJ,non_handheld,desk_gripped_micro_move,recording,-0.857955,-2.415726,9.215961,-0.285342,-0.352522,-0.028243
614865640.000,YZJ,non_handheld,desk_gripped_micro_move,recording,-0.960896,-2.326535,9.322792,-0.357923,-0.510568,-0.072596
614865650.000,YZJ,non_handheld,desk_gripped_micro_move,recording,-0.925971,-2.069678,9.299764,-0.421329,-0.686182,-0.110566
614865660.000,YZJ,non_handheld,desk_gripped_micro_move,recording,-1.026312,-2.108719,9.616875,-0.426299,-0.708544,-0.119520
614865670.000,YZJ,non_handheld,desk_gripped_micro_move,recording,-1.348890,-2.558388,9.467800,-0.384678,-0.662008,-0.091496
614865680.000,YZJ,non_handheld,desk_gripped_micro_move,recording,-1.495325,-2.936456,9.351958,-0.350883,-0.636962,-0.056482
614865690.000,YZJ,non_handheld,desk_gripped_micro_move,recording,-1.316547,-2.989207,9.337507,-0.330345,-0.601926,-0.044789
614865700.000,YZJ,non_handheld,desk_gripped_micro_move,recording,-1.216900,-2.846729,9.398418,-0.334117,-0.570558,-0.017848
614865710.000,YZJ,non_handheld,desk_gripped_micro_move,recording,-1.323037,-3.009064,9.356070,-0.383502,-0.522650,0.029542
614865720.000,YZJ,non_handheld,desk_gripped_micro_move,recording,-1.448358,-3.056087,9.486396,-0.432857,-0.481886,0.067734
614865730.000,YZJ,non_handheld,desk_gripped_micro_move,recording,-1.042241,-3.077401,9.237512,-0.473738,-0.513353,0.080051
614865740.000,YZJ,non_handheld,desk_gripped_micro_move,recording,-0.578933,-3.065406,9.347374,-0.462657,-0.502841,0.076589
614865750.000,YZJ,non_handheld,desk_gripped_micro_move,recording,-0.354233,-2.658227,9.593115,-0.408231,-0.352526,0.094167
614865760.000,YZJ,non_handheld,desk_gripped_micro_move,recording,-0.013083,-2.363808,9.756423,-0.333947,-0.167261,0.132574
614865770.000,YZJ,non_handheld,desk_gripped_micro_move,recording,0.281927,-2.165204,9.735707,-0.229239,-0.002330,0.157002
614865780.000,YZJ,non_handheld,desk_gripped_micro_move,recording,0.461822,-2.109397,9.809520,-0.110937,0.180896,0.155498
614865790.000,YZJ,non_handheld,desk_gripped_micro_move,recording,0.318480,-2.278630,9.610520,-0.009700,0.287439,0.143730
614865800.000,YZJ,non_handheld,desk_gripped_micro_move,recording,-0.078730,-2.673759,9.477162,0.043838,0.304312,0.157691
614865810.000,YZJ,non_handheld,desk_gripped_micro_move,recording,-0.211190,-2.823403,9.398437,0.070581,0.313598,0.188605
614865820.000,YZJ,non_handheld,desk_gripped_micro_move,recording,-0.365003,-2.988499,9.428534,0.096038,0.355514,0.247583
614865830.000,YZJ,non_handheld,desk_gripped_micro_move,recording,-0.372402,-2.975277,9.401553,0.117781,0.383483,0.306751
614865840.000,YZJ,non_handheld,desk_gripped_micro_move,recording,-0.387005,-3.013578,9.156764,0.050172,0.192499,0.299354
614865850.000,YZJ,non_handheld,desk_gripped_micro_move,recording,0.027148,-3.308748,9.097917,-0.042936,0.037933,0.185179
614865860.000,YZJ,non_handheld,desk_gripped_micro_move,recording,0.008933,-3.298819,9.121079,-0.033658,-0.040529,0.027607
614865870.000,YZJ,non_handheld,desk_gripped_micro_move,recording,0.140701,-3.052767,9.067555,0.012314,-0.190349,-0.133878
614865880.000,YZJ,non_handheld,desk_gripped_micro_move,recording,0.271008,-2.824430,9.216835,0.031167,-0.340817,-0.303487
614865890.000,YZJ,non_handheld,desk_gripped_micro_move,recording,0.288230,-2.567490,9.569568,0.025737,-0.302953,-0.437705
614865900.000,YZJ,non_handheld,desk_gripped_micro_move,recording,0.090683,-2.463135,9.666473,0.023207,-0.187408,-0.495396
614865910.000,YZJ,non_handheld,desk_gripped_micro_move,recording,-0.309420,-2.543376,9.672723,0.042242,-0.024285,-0.492563
614865920.000,YZJ,non_handheld,desk_gripped_micro_move,recording,-0.695625,-2.547765,9.787618,0.096679,0.231995,-0.435984
614865930.000,YZJ,non_handheld,desk_gripped_micro_move,recording,-1.115574,-2.658025,9.746301,0.181014,0.559379,-0.336150
614865940.000,YZJ,non_handheld,desk_gripped_micro_move,recording,-1.470844,-2.650929,9.699310,0.277331,0.843817,-0.223313
614865950.000,YZJ,non_handheld,desk_gripped_micro_move,recording,-1.528824,-2.717962,9.579875,0.368231,0.985769,-0.116633
614865960.000,YZJ,non_handheld,desk_gripped_micro_move,recording,-1.424707,-2.878342,9.510377,0.440516,1.095479,-0.066915
614865970.000,YZJ,non_handheld,desk_gripped_micro_move,recording,-1.123772,-2.577998,9.379794,0.494171,1.106507,-0.012421
614865980.000,YZJ,non_handheld,desk_gripped_micro_move,recording,-1.519424,-2.360607,9.458980,0.504561,0.957023,0.082816
614865990.000,YZJ,non_handheld,desk_gripped_micro_move,recording,-1.635954,-2.475906,9.099167,0.462412,0.743799,0.148481
614866000.000,YZJ,non_handheld,desk_gripped_micro_move,recording,-1.938818,-3.101472,8.891578,0.381329,0.530440,0.212888
614866010.000,YZJ,non_handheld,desk_gripped_micro_move,recording,-2.124350,-3.226636,8.931226,0.292825,0.341241,0.299408
614866020.000,YZJ,non_handheld,desk_gripped_micro_move,recording,-2.302785,-3.619713,9.136705,0.214273,0.350260,0.426967
614866030.000,YZJ,non_handheld,desk_gripped_micro_move,recording,-1.210248,-2.649355,8.981295,0.233803,0.162072,0.424568
614866040.000,YZJ,non_handheld,desk_gripped_micro_move,recording,-0.158301,-2.027861,9.354777,0.269889,-0.009668,0.317840
614866050.000,YZJ,non_handheld,desk_gripped_micro_move,recording,0.177683,-2.174604,9.925289,0.245644,0.100524,0.224883
614866060.000,YZJ,non_handheld,desk_gripped_micro_move,recording,0.080800,-2.334735,9.813444,0.232588,0.214305,0.122754
614866070.000,YZJ,non_handheld,desk_gripped_micro_move,recording,-0.460333,-2.380979,9.446197,0.237500,0.202986,0.047087
614866080.000,YZJ,non_handheld,desk_gripped_micro_move,recording,-0.803107,-2.416034,9.459914,0.233453,0.193767,-0.011657
614866090.000,YZJ,non_handheld,desk_gripped_micro_move,recording,-0.589598,-2.216548,9.425465,0.220805,0.145992,-0.093556
614866100.000,YZJ,non_handheld,desk_gripped_micro_move,recording,-0.663537,-2.225074,9.436776,0.199701,0.040678,-0.167817
614866110.000,YZJ,non_handheld,desk_gripped_micro_move,recording,-0.963742,-2.107192,9.424511,0.164551,-0.027256,-0.211269
614866120.000,YZJ,non_handheld,desk_gripped_micro_move,recording,-0.905341,-1.868510,9.059174,0.138924,-0.262665,-0.264419
614866130.000,YZJ,non_handheld,desk_gripped_micro_move,recording,-1.454433,-2.028180,9.445952,0.175386,-0.350911,-0.261166
614866140.000,YZJ,non_handheld,desk_gripped_micro_move,recording,-1.937655,-2.256987,9.643625,0.216407,-0.219358,-0.188496
614866150.000,YZJ,non_handheld,desk_gripped_micro_move,recording,-2.251904,-2.377416,9.748794,0.237273,0.030102,-0.068530
614866160.000,YZJ,non_handheld,desk_gripped_micro_move,recording,-2.330774,-2.738180,9.902591,0.221057,0.357222,0.052866
614866170.000,YZJ,non_handheld,desk_gripped_micro_move,recording,-2.086379,-2.850506,9.609285,0.197175,0.550461,0.125971
614866180.000,YZJ,non_handheld,desk_gripped_micro_move,recording,-2.468600,-2.975043,8.602900,0.057981,0.246254,0.208052
614866190.000,YZJ,non_handheld,desk_gripped_micro_move,recording,-2.116300,-2.752019,7.852275,-0.243667,-0.441422,0.246140
614866200.000,YZJ,non_handheld,desk_gripped_micro_move,recording,-1.129052,-2.308135,8.936321,-0.462235,-0.794794,0.173886
614866210.000,YZJ,non_handheld,desk_gripped_micro_move,recording,-0.620354,-1.987248,10.064042,-0.509678,-0.651236,0.089020
614866220.000,YZJ,non_handheld,desk_gripped_micro_move,recording,-0.931123,-2.280874,10.226239,-0.459176,-0.275223,0.052036
614866230.000,YZJ,non_handheld,desk_gripped_micro_move,recording,-0.946838,-2.252979,10.040078,-0.367839,0.055699,0.041542
614866240.000,YZJ,non_handheld,desk_gripped_micro_move,recording,-1.270151,-2.709869,9.519628,-0.308440,0.181792,0.054613
614866250.000,YZJ,non_handheld,desk_gripped_micro_move,recording,-1.113081,-2.503544,9.254435,-0.289179,0.135905,0.050256
614866260.000,YZJ,non_handheld,desk_gripped_micro_move,recording,-1.323881,-2.484312,9.232222,-0.268532,0.082930,0.050083
614866270.000,YZJ,non_handheld,desk_gripped_micro_move,recording,-1.268620,-2.272690,9.435271,-0.217784,0.034889,0.065338
614866280.000,YZJ,non_handheld,desk_gripped_micro_move,recording,-1.164846,-2.371102,9.434694,-0.157122,0.008640,0.091651
614866290.000,YZJ,non_handheld,desk_gripped_micro_move,recording,-0.748996,-2.383489,9.417413,-0.099888,-0.009919,0.096013
614866300.000,YZJ,non_handheld,desk_gripped_micro_move,recording,-0.790891,-2.614699,9.383295,-0.050972,-0.026802,0.080205
614866310.000,YZJ,non_handheld,desk_gripped_micro_move,recording,-0.575125,-2.593885,9.380702,-0.011246,-0.044393,0.038632
614866320.000,YZJ,non_handheld,desk_gripped_micro_move,recording,-0.949979,-2.584839,9.367324,0.002347,-0.073885,0.007290
614866330.000,YZJ,non_handheld,desk_gripped_micro_move,recording,-1.009423,-2.625177,9.343131,-0.004253,-0.122202,-0.021753
614866340.000,YZJ,non_handheld,desk_gripped_micro_move,recording,-1.107487,-2.652266,9.321116,-0.023208,-0.140551,-0.035925
614866350.000,YZJ,non_handheld,desk_gripped_micro_move,recording,-1.119201,-2.659590,9.381204,-0.034959,-0.142536,-0.038186
614866360.000,YZJ,non_handheld,desk_gripped_micro_move,recording,-0.825392,-2.518382,9.584938,-0.032166,-0.097100,-0.051599
614866370.000,YZJ,non_handheld,desk_gripped_micro_move,recording,-0.913995,-2.650884,9.504829,-0.039635,-0.015160,-0.066923
614866380.000,YZJ,non_handheld,desk_gripped_micro_move,recording,-1.120392,-2.824488,9.416727,-0.055517,0.027751,-0.076715
614866390.000,YZJ,non_handheld,desk_gripped_micro_move,recording,-1.013140,-2.538039,9.402130,-0.075175,-0.000503,-0.089333
614866400.000,YZJ,non_handheld,desk_gripped_micro_move,recording,-1.329919,-2.339538,9.425934,-0.084346,-0.017898,-0.076963
614866410.000,YZJ,non_handheld,desk_gripped_micro_move,recording,-1.495845,-2.377515,9.338889,-0.077604,-0.071976,-0.038365
614866420.000,YZJ,non_handheld,desk_gripped_micro_move,recording,-1.375033,-2.345699,9.323959,-0.082525,-0.129715,-0.000459
614866430.000,YZJ,non_handheld,desk_gripped_micro_move,recording,-1.524141,-2.460883,9.297072,-0.085213,-0.182779,0.041757
614866440.000,YZJ,non_handheld,desk_gripped_micro_move,recording,-1.134189,-2.324385,9.465587,-0.067636,-0.204887,0.054869
614866450.000,YZJ,non_handheld,desk_gripped_micro_move,recording,-1.080065,-2.518167,9.382549,-0.050488,-0.216142,0.058176
614866460.000,YZJ,non_handheld,desk_gripped_micro_move,recording,-0.943802,-2.713746,9.416594,-0.050853,-0.212667,0.051025
614866470.000,YZJ,non_handheld,desk_gripped_micro_move,recording,-0.862931,-2.683414,9.486279,-0.066900,-0.153479,0.019077
614866480.000,YZJ,non_handheld,desk_gripped_micro_move,recording,-0.866393,-2.581154,9.503600,-0.092545,-0.096432,-0.014530
614866490.000,YZJ,non_handheld,desk_gripped_micro_move,recording,-1.093219,-2.633854,9.456289,-0.121696,-0.060265,-0.024902
614866500.000,YZJ,non_handheld,desk_gripped_micro_move,recording,-1.157933,-2.546044,9.480967,-0.140930,-0.026191,-0.016860
614866510.000,YZJ,non_handheld,desk_gripped_micro_move,recording,-1.312440,-2.488890,9.386194,-0.156512,-0.043622,0.001428
614866520.000,YZJ,non_handheld,desk_gripped_micro_move,recording,-1.312111,-2.584209,9.238141,-0.173787,-0.120934,0.022808
614866530.000,YZJ,non_handheld,desk_gripped_micro_move,recording,-1.298529,-2.653947,9.266990,-0.178171,-0.197594,0.032121
614866540.000,YZJ,non_handheld,desk_gripped_micro_move,recording,-1.228368,-2.633835,9.236045,-0.182864,-0.295612,0.024242
614866550.000,YZJ,non_handheld,desk_gripped_micro_move,recording,-0.953103,-2.679116,9.206724,-0.180237,-0.406170,-0.008482
614866560.000,YZJ,non_handheld,desk_gripped_micro_move,recording,-0.532036,-2.382827,9.495722,-0.155663,-0.425891,-0.055339
614866570.000,YZJ,non_handheld,desk_gripped_micro_move,recording,-0.825570,-2.767666,9.373816,-0.139844,-0.447304,-0.065502
614866580.000,YZJ,non_handheld,desk_gripped_micro_move,recording,-0.813642,-2.731311,9.466427,-0.136257,-0.420896,-0.067723
614866590.000,YZJ,non_handheld,desk_gripped_micro_move,recording,-0.801837,-2.771923,9.517114,-0.129854,-0.327774,-0.059413
614866600.000,YZJ,non_handheld,desk_gripped_micro_move,recording,-0.876464,-2.895430,9.491552,-0.137084,-0.227999,-0.032180
614866610.000,YZJ,non_handheld,desk_gripped_micro_move,recording,-0.755090,-3.069606,9.458408,-0.156289,-0.136026,-0.003691
614866620.000,YZJ,non_handheld,desk_gripped_micro_move,recording,-1.192816,-3.309846,9.243495,-0.190027,-0.090588,0.030463
614866630.000,YZJ,non_handheld,desk_gripped_micro_move,recording,-1.303779,-3.018402,9.177584,-0.207916,-0.180709,0.042637
614866640.000,YZJ,non_handheld,desk_gripped_micro_move,recording,-0.084773,-2.879735,9.117138,-0.220053,-0.367828,-0.022587
614866650.000,YZJ,non_handheld,desk_gripped_micro_move,recording,-0.510839,-2.856810,9.196076,-0.228836,-0.540076,-0.082362
614866660.000,YZJ,non_handheld,desk_gripped_micro_move,recording,0.285202,-2.653388,9.387108,-0.211632,-0.594785,-0.167832
614866670.000,YZJ,non_handheld,desk_gripped_micro_move,recording,0.014656,-2.655102,9.571003,-0.154044,-0.518573,-0.224918
614866680.000,YZJ,non_handheld,desk_gripped_micro_move,recording,-0.351341,-2.656768,9.615990,-0.072120,-0.370545,-0.222476
614866690.000,YZJ,non_handheld,desk_gripped_micro_move,recording,-0.596630,-2.761967,9.504384,0.002785,-0.230434,-0.182087
614866700.000,YZJ,non_handheld,desk_gripped_micro_move,recording,-0.745328,-2.846530,9.473723,0.049467,-0.149857,-0.136416
614866710.000,YZJ,non_handheld,desk_gripped_micro_move,recording,-0.347078,-2.969245,9.352686,0.065831,-0.127730,-0.119478
614866720.000,YZJ,non_handheld,desk_gripped_micro_move,recording,-0.406203,-2.954620,9.353655,0.067703,-0.132915,-0.093693
614866730.000,YZJ,non_handheld,desk_gripped_micro_move,recording,-0.389796,-2.937787,9.330107,0.050172,-0.175010,-0.067565
614866740.000,YZJ,non_handheld,desk_gripped_micro_move,recording,-0.410930,-2.883132,9.397374,0.025639,-0.201922,-0.037699
614866750.000,YZJ,non_handheld,desk_gripped_micro_move,recording,-0.591683,-2.887520,9.389486,0.013941,-0.194961,0.009832
614866760.000,YZJ,non_handheld,desk_gripped_micro_move,recording,-0.274455,-2.999370,9.270941,0.000918,-0.252867,0.016375
614866770.000,YZJ,non_handheld,desk_gripped_micro_move,recording,-0.039756,-3.014371,9.354785,-0.000189,-0.253689,-0.020514
614866780.000,YZJ,non_handheld,desk_gripped_micro_move,recording,-0.192183,-2.991757,9.392222,0.030665,-0.162628,-0.066613
614866790.000,YZJ,non_handheld,desk_gripped_micro_move,recording,-0.135367,-2.800193,9.467182,0.061255,-0.083497,-0.077126
614866800.000,YZJ,non_handheld,desk_gripped_micro_move,recording,-0.290335,-2.683905,9.480160,0.065893,-0.036290,-0.067698
614866810.000,YZJ,non_handheld,desk_gripped_micro_move,recording,-0.201268,-2.900713,9.434942,0.044110,-0.001923,-0.067663
614866820.000,YZJ,non_handheld,desk_gripped_micro_move,recording,-0.274241,-2.844893,9.416202,0.021272,-0.011106,-0.068417
614866830.000,YZJ,non_handheld,desk_gripped_micro_move,recording,-0.309074,-2.858405,9.318392,-0.003314,-0.075315,-0.071079
614866840.000,YZJ,non_handheld,desk_gripped_micro_move,recording,-0.411371,-2.849968,9.316647,-0.018883,-0.142759,-0.080488
614866850.000,YZJ,non_handheld,desk_gripped_micro_move,recording,-0.436455,-2.788935,9.368091,-0.020998,-0.178200,-0.079122
614866860.000,YZJ,non_handheld,desk_gripped_micro_move,recording,-0.577929,-2.785497,9.450333,-0.021284,-0.170931,-0.039073
614866870.000,YZJ,non_handheld,desk_gripped_micro_move,recording,-0.788193,-2.615882,9.532030,-0.014353,-0.126395,0.034313
614866880.000,YZJ,non_handheld,desk_gripped_micro_move,recording,-0.888515,-2.389634,9.503790,-0.003177,-0.114215,0.126498
614866890.000,YZJ,non_handheld,desk_gripped_micro_move,recording,-0.669418,-2.779260,9.487005,0.001946,-0.081908,0.193449
614866900.000,YZJ,non_handheld,desk_gripped_micro_move,recording,-0.181956,-3.029758,9.327505,-0.009403,-0.071431,0.200738
614866910.000,YZJ,non_handheld,desk_gripped_micro_move,recording,0.116831,-2.853468,9.373063,-0.025479,-0.069511,0.173459
614866920.000,YZJ,non_handheld,desk_gripped_micro_move,recording,0.323178,-2.846629,9.393863,-0.030812,-0.057175,0.125329
614866930.000,YZJ,non_handheld,desk_gripped_micro_move,recording,0.327099,-3.003494,9.384495,-0.023201,-0.038453,0.080558
614866940.000,YZJ,non_handheld,desk_gripped_micro_move,recording,0.418715,-2.771264,9.475205,-0.013376,0.005090,0.037183
614866950.000,YZJ,non_handheld,desk_gripped_micro_move,recording,0.340262,-2.829427,9.343313,-0.002300,0.040979,0.002667
614866960.000,YZJ,non_handheld,desk_gripped_micro_move,recording,0.123556,-3.089239,9.396134,0.007293,0.048051,-0.023698
614866970.000,YZJ,non_handheld,desk_gripped_micro_move,recording,-0.017082,-3.255444,9.237831,0.000605,0.041810,-0.041433
614866980.000,YZJ,non_handheld,desk_gripped_micro_move,recording,-0.084511,-3.208291,9.314462,-0.005930,0.033752,-0.047023
614866990.000,YZJ,non_handheld,desk_gripped_micro_move,recording,-0.148129,-2.997073,9.309488,-0.013178,0.015030,-0.040426
614867000.000,YZJ,non_handheld,desk_gripped_micro_move,recording,-0.175689,-3.042146,9.304227,-0.016777,-0.005725,-0.023481
614867010.000,YZJ,non_handheld,desk_gripped_micro_move,recording,-0.115185,-2.965555,9.389343,-0.011689,0.004665,-0.012813
614867020.000,YZJ,non_handheld,desk_gripped_micro_move,recording,-0.112433,-2.894809,9.397856,-0.002528,0.017346,-0.005241
614867030.000,YZJ,non_handheld,desk_gripped_micro_move,recording,-0.076079,-2.866740,9.393661,0.008140,0.014333,-0.012328
614867040.000,YZJ,non_handheld,desk_gripped_micro_move,recording,0.011296,-2.805395,9.335849,0.007840,-0.032332,-0.033583
614867050.000,YZJ,non_handheld,desk_gripped_micro_move,recording,0.081114,-2.837652,9.371979,0.003616,-0.054509,-0.062603
614867060.000,YZJ,non_handheld,desk_gripped_micro_move,recording,0.012774,-2.957606,9.380550,0.002342,-0.040349,-0.076015
614867070.000,YZJ,non_handheld,desk_gripped_micro_move,recording,0.086259,-2.959526,9.404946,0.000444,0.000944,-0.089960
614867080.000,YZJ,non_handheld,desk_gripped_micro_move,recording,0.136666,-3.013382,9.376109,-0.005692,0.029040,-0.111264
614867090.000,YZJ,non_handheld,desk_gripped_micro_move,recording,0.023569,-3.032661,9.338313,-0.015693,0.029834,-0.131125
614867100.000,YZJ,non_handheld,desk_gripped_micro_move,recording,-0.012706,-2.947043,9.346856,-0.019663,0.009114,-0.149392
614867110.000,YZJ,non_handheld,desk_gripped_micro_move,recording,-0.240916,-2.915388,9.340010,-0.017676,-0.018940,-0.149123
614867120.000,YZJ,non_handheld,desk_gripped_micro_move,recording,-0.354560,-2.941904,9.333480,-0.011557,-0.038715,-0.126604
614867130.000,YZJ,non_handheld,desk_gripped_micro_move,recording,-0.382132,-2.960843,9.363195,-0.001455,-0.046855,-0.094621
614867140.000,YZJ,non_handheld,desk_gripped_micro_move,recording,-0.182749,-2.967023,9.366879,0.002721,-0.047424,-0.076520
614867150.000,YZJ,non_handheld,desk_gripped_micro_move,recording,-0.036972,-2.965337,9.373005,-0.000525,-0.028948,-0.075539
614867160.000,YZJ,non_handheld,desk_gripped_micro_move,recording,-0.045990,-3.003218,9.382713,-0.014344,-0.016040,-0.068226
614867170.000,YZJ,non_handheld,desk_gripped_micro_move,recording,-0.058084,-2.945734,9.382385,-0.024549,0.005010,-0.066911
614867180.000,YZJ,non_handheld,desk_gripped_micro_move,recording,-0.085562,-2.780388,9.469343,-0.021898,0.029144,-0.067241
614867190.000,YZJ,non_handheld,desk_gripped_micro_move,recording,-0.129543,-2.956171,9.345974,-0.020778,0.037707,-0.066150
614867200.000,YZJ,non_handheld,desk_gripped_micro_move,recording,-0.100820,-2.912711,9.372746,-0.028617,0.042232,-0.071265
614867210.000,YZJ,non_handheld,desk_gripped_micro_move,recording,-0.070902,-2.960665,9.361686,-0.037943,0.035765,-0.080175
614867220.000,YZJ,non_handheld,desk_gripped_micro_move,recording,-0.257438,-2.750390,9.448307,-0.036964,0.022110,-0.066598
614867230.000,YZJ,non_handheld,desk_gripped_micro_move,recording,-0.672916,-2.847260,9.370291,-0.045089,0.000489,-0.019157
614867240.000,YZJ,non_handheld,desk_gripped_micro_move,recording,-0.387155,-2.885653,9.383952,-0.052588,-0.018217,0.011401
614867250.000,YZJ,non_handheld,desk_gripped_micro_move,recording,-0.128735,-2.904186,9.382894,-0.054039,-0.007465,0.020109
614867260.000,YZJ,non_handheld,desk_gripped_micro_move,recording,-0.093107,-2.952910,9.368441,-0.046831,-0.000394,0.029488
614867270.000,YZJ,non_handheld,desk_gripped_micro_move,recording,-0.078166,-2.966602,9.362334,-0.040127,-0.003538,0.031685
614867280.000,YZJ,non_handheld,desk_gripped_micro_move,recording,-0.047693,-2.981907,9.348442,-0.034412,-0.003486,0.025467
614867290.000,YZJ,non_handheld,desk_gripped_micro_move,recording,-0.074570,-2.971109,9.361453,-0.029796,-0.002477,0.017715
614867300.000,YZJ,non_handheld,desk_gripped_micro_move,recording,-0.050406,-3.009108,9.341306,-0.026075,0.006042,0.012440
614867310.000,YZJ,non_handheld,desk_gripped_micro_move,recording,-0.009504,-3.040804,9.347191,-0.023036,0.022691,-0.000188
614867320.000,YZJ,non_handheld,desk_gripped_micro_move,recording,0.021615,-3.087362,9.321672,-0.025654,0.034030,-0.017963
614867330.000,YZJ,non_handheld,desk_gripped_micro_move,recording,0.034412,-2.991793,9.359112,-0.031899,0.027555,-0.034957
614867340.000,YZJ,non_handheld,desk_gripped_micro_move,recording,-0.094429,-3.020788,9.357194,-0.057189,0.027665,-0.041302
614867350.000,YZJ,non_handheld,desk_gripped_micro_move,recording,-0.071381,-3.048769,9.356246,-0.093432,0.005153,-0.049226
614867360.000,YZJ,non_handheld,desk_gripped_micro_move,recording,-0.302631,-2.914870,9.316405,-0.124454,-0.061247,-0.046212
614867370.000,YZJ,non_handheld,desk_gripped_micro_move,recording,-0.339104,-3.076755,9.272931,-0.168239,-0.129083,-0.048439
614867380.000,YZJ,non_handheld,desk_gripped_micro_move,recording,-0.287065,-3.047277,9.302422,-0.201273,-0.180011,-0.049106
614867390.000,YZJ,non_handheld,desk_gripped_micro_move,recording,-0.434561,-2.830566,9.504772,-0.209271,-0.153813,-0.013200
614867400.000,YZJ,non_handheld,desk_gripped_micro_move,recording,-0.372899,-3.188721,9.288865,-0.218357,-0.101858,0.023894
614867410.000,YZJ,non_handheld,desk_gripped_micro_move,recording,-0.345417,-3.280501,9.311666,-0.229829,-0.051136,0.049188
614867420.000,YZJ,non_handheld,desk_gripped_micro_move,recording,-0.047775,-2.984562,9.383578,-0.229641,-0.023952,0.061902
614867430.000,YZJ,non_handheld,desk_gripped_micro_move,recording,-0.023940,-2.866580,9.447326,-0.214383,0.002575,0.070410
614867440.000,YZJ,non_handheld,desk_gripped_micro_move,recording,0.155572,-3.106136,9.345713,-0.193237,0.047463,0.067345
614867450.000,YZJ,non_handheld,desk_gripped_micro_move,recording,0.445642,-2.988065,9.395276,-0.165288,0.148059,0.052009
614867460.000,YZJ,non_handheld,desk_gripped_micro_move,recording,0.250879,-3.135546,9.399059,-0.143161,0.260242,0.047328
614867470.000,YZJ,non_handheld,desk_gripped_micro_move,recording,0.157369,-3.120690,9.347484,-0.117081,0.327171,0.050289
614867480.000,YZJ,non_handheld,desk_gripped_micro_move,recording,0.057321,-3.228464,9.285394,-0.093972,0.351553,0.034306
614867490.000,YZJ,non_handheld,desk_gripped_micro_move,recording,0.128770,-3.201216,9.219554,-0.087380,0.253123,0.000814
614867500.000,YZJ,non_handheld,desk_gripped_micro_move,recording,-0.528083,-2.990432,9.216084,-0.097160,0.127990,-0.003510
614867510.000,YZJ,non_handheld,desk_gripped_micro_move,recording,-0.635672,-3.183983,9.194213,-0.111019,0.026671,0.020484
614867520.000,YZJ,non_handheld,desk_gripped_micro_move,recording,-0.263109,-3.277802,9.226742,-0.122332,-0.014710,0.027322
614867530.000,YZJ,non_handheld,desk_gripped_micro_move,recording,-0.244376,-3.218242,9.273511,-0.132279,-0.006155,0.020977
614867540.000,YZJ,non_handheld,desk_gripped_micro_move,recording,-0.291475,-3.208902,9.294129,-0.147794,0.000127,0.020488
614867550.000,YZJ,non_handheld,desk_gripped_micro_move,recording,-0.235539,-3.236023,9.283512,-0.177106,-0.016069,0.016879
614867560.000,YZJ,non_handheld,desk_gripped_micro_move,recording,-0.266256,-3.250788,9.243609,-0.210432,-0.054190,0.007978
614867570.000,YZJ,non_handheld,desk_gripped_micro_move,recording,-0.276747,-3.323218,9.218852,-0.244377,-0.101370,0.000523
614867580.000,YZJ,non_handheld,desk_gripped_micro_move,recording,-0.285845,-3.367091,9.187215,-0.268625,-0.136065,-0.003563
614867590.000,YZJ,non_handheld,desk_gripped_micro_move,recording,-0.260158,-3.464819,9.204853,-0.278578,-0.124629,-0.003462
614867600.000,YZJ,non_handheld,desk_gripped_micro_move,recording,-0.253072,-3.522954,9.215383,-0.277670,-0.051544,0.012515
614867610.000,YZJ,non_handheld,desk_gripped_micro_move,recording,-0.319379,-3.489721,9.309434,-0.271211,0.059171,0.056318
614867620.000,YZJ,non_handheld,desk_gripped_micro_move,recording,-0.397853,-3.342835,9.308807,-0.269417,0.126389,0.114462
614867630.000,YZJ,non_handheld,desk_gripped_micro_move,recording,-0.326226,-3.608892,9.146309,-0.286821,0.133258,0.163294
614867640.000,YZJ,non_handheld,desk_gripped_micro_move,recording,-0.283958,-3.500604,9.165423,-0.323186,0.101987,0.207772
614867650.000,YZJ,non_handheld,desk_gripped_micro_move,recording,-0.226758,-3.504055,9.157723,-0.383110,0.062616,0.225702
614867660.000,YZJ,non_handheld,desk_gripped_micro_move,recording,0.013265,-3.780765,9.055355,-0.431896,0.023653,0.196418
614867670.000,YZJ,non_handheld,desk_gripped_micro_move,recording,0.061068,-3.633164,9.113166,-0.466674,-0.001074,0.145630
614867680.000,YZJ,non_handheld,desk_gripped_micro_move,recording,0.013382,-3.789607,9.069963,-0.488504,0.017452,0.094620
614867690.000,YZJ,non_handheld,desk_gripped_micro_move,recording,-0.147430,-3.697054,9.046257,-0.477156,0.025458,0.051491
614867700.000,YZJ,non_handheld,desk_gripped_micro_move,recording,-0.350117,-3.686256,9.065101,-0.434617,0.026309,0.036144
614867710.000,YZJ,non_handheld,desk_gripped_micro_move,recording,-0.449534,-3.514437,9.135392,-0.390011,0.047710,0.046109
614867720.000,YZJ,non_handheld,desk_gripped_micro_move,recording,-0.389272,-3.576034,9.211802,-0.345919,0.090689,0.059097
614867730.000,YZJ,non_handheld,desk_gripped_micro_move,recording,-0.289657,-3.522286,9.158485,-0.322803,0.122358,0.065079
614867740.000,YZJ,non_handheld,desk_gripped_micro_move,recording,-0.258477,-3.858816,9.007777,-0.317297,0.114363,0.048716
614867750.000,YZJ,non_handheld,desk_gripped_micro_move,recording,0.063983,-3.418798,9.153265,-0.312602,0.039563,-0.005692
614867760.000,YZJ,non_handheld,desk_gripped_micro_move,recording,-0.430960,-3.860234,8.869956,-0.303821,-0.097706,-0.013350
614867770.000,YZJ,non_handheld,desk_gripped_micro_move,recording,-0.313036,-3.935315,8.879332,-0.285668,-0.185383,-0.034188
614867780.000,YZJ,non_handheld,desk_gripped_micro_move,recording,-0.344933,-3.870301,9.027012,-0.261556,-0.173344,-0.049264
614867790.000,YZJ,non_handheld,desk_gripped_micro_move,recording,-0.182866,-3.948520,9.019100,-0.228827,-0.125635,-0.058492
614867800.000,YZJ,non_handheld,desk_gripped_micro_move,recording,-0.194366,-3.935192,8.982453,-0.198916,-0.101357,-0.061029
614867810.000,YZJ,non_handheld,desk_gripped_micro_move,recording,-0.291330,-4.059397,8.944651,-0.187592,-0.087358,-0.052357
614867820.000,YZJ,non_handheld,desk_gripped_micro_move,recording,-0.291376,-4.125876,8.910646,-0.195615,-0.099650,-0.035608
614867830.000,YZJ,non_handheld,desk_gripped_micro_move,recording,-0.234933,-4.048634,8.921236,-0.199712,-0.115494,-0.027443
614867840.000,YZJ,non_handheld,desk_gripped_micro_move,recording,-0.185610,-4.133193,8.899587,-0.192424,-0.127564,-0.028250
614867850.000,YZJ,non_handheld,desk_gripped_micro_move,recording,-0.053667,-4.085558,8.903722,-0.181165,-0.123578,-0.044100
614867860.000,YZJ,non_handheld,desk_gripped_micro_move,recording,0.027960,-4.027734,8.975036,-0.172868,-0.093788,-0.067219
614867870.000,YZJ,non_handheld,desk_gripped_micro_move,recording,-0.130987,-4.126785,8.915274,-0.153660,-0.079807,-0.061446
614867880.000,YZJ,non_handheld,desk_gripped_micro_move,recording,-0.219625,-4.077709,8.976551,-0.138933,-0.024241,-0.044695
614867890.000,YZJ,non_handheld,desk_gripped_micro_move,recording,-0.203908,-4.127763,8.937436,-0.138958,0.029169,-0.027599
614867900.000,YZJ,non_handheld,desk_gripped_micro_move,recording,-0.158106,-4.155364,8.911041,-0.158487,0.047197,-0.017139
614867910.000,YZJ,non_handheld,desk_gripped_micro_move,recording,-0.161250,-4.172909,8.929244,-0.180441,0.070827,-0.010080
614867920.000,YZJ,non_handheld,desk_gripped_micro_move,recording,-0.229196,-4.217610,8.904661,-0.197208,0.080300,0.000153
614867930.000,YZJ,non_handheld,desk_gripped_micro_move,recording,-0.193448,-4.197769,8.835092,-0.211472,0.053486,0.010851
614867940.000,YZJ,non_handheld,desk_gripped_micro_move,recording,-0.160379,-4.229854,8.854580,-0.227960,0.023627,0.008612
614867950.000,YZJ,non_handheld,desk_gripped_micro_move,recording,-0.077470,-4.290474,8.805953,-0.247306,0.000306,-0.002726
614867960.000,YZJ,non_handheld,desk_gripped_micro_move,recording,0.036395,-4.253516,8.832513,-0.258765,-0.021576,-0.030101
614867970.000,YZJ,non_handheld,desk_gripped_micro_move,recording,0.142796,-4.163052,8.813620,-0.258874,-0.075576,-0.065585
614867980.000,YZJ,non_handheld,desk_gripped_micro_move,recording,0.272671,-4.086594,8.856692,-0.252457,-0.157231,-0.118873
614867990.000,YZJ,non_handheld,desk_gripped_micro_move,recording,0.590011,-4.053074,8.834947,-0.243850,-0.279902,-0.211724
614868000.000,YZJ,non_handheld,desk_gripped_micro_move,recording,0.754155,-4.011181,8.835529,-0.227701,-0.411696,-0.313211
614868010.000,YZJ,non_handheld,desk_gripped_micro_move,recording,0.524454,-4.224924,8.868524,-0.218325,-0.466039,-0.376501
614868020.000,YZJ,non_handheld,desk_gripped_micro_move,recording,-0.019519,-4.347830,8.861504,-0.222708,-0.415154,-0.367299
614868030.000,YZJ,non_handheld,desk_gripped_micro_move,recording,-0.528846,-4.496755,8.915757,-0.250812,-0.262736,-0.290806
614868040.000,YZJ,non_handheld,desk_gripped_micro_move,recording,-0.698097,-4.505321,8.855003,-0.259004,-0.145319,-0.182766
614868050.000,YZJ,non_handheld,desk_gripped_micro_move,recording,-0.799610,-4.649807,8.698300,-0.264003,-0.071134,-0.090689
614868060.000,YZJ,non_handheld,desk_gripped_micro_move,recording,-0.518695,-4.602319,8.747492,-0.268203,-0.049514,-0.027539
614868070.000,YZJ,non_handheld,desk_gripped_micro_move,recording,-0.162613,-4.595941,8.621338,-0.277163,-0.086580,-0.008541
614868080.000,YZJ,non_handheld,desk_gripped_micro_move,recording,-0.050288,-4.750390,8.616282,-0.289702,-0.101436,-0.013756
614868090.000,YZJ,non_handheld,desk_gripped_micro_move,recording,0.042801,-4.605493,8.690238,-0.287479,-0.080418,-0.029895
614868100.000,YZJ,non_handheld,desk_gripped_micro_move,recording,0.049883,-4.612372,8.672470,-0.286589,-0.037696,-0.038416
614868110.000,YZJ,non_handheld,desk_gripped_micro_move,recording,0.119631,-4.617020,8.711572,-0.297098,0.004700,-0.039162
614868120.000,YZJ,non_handheld,desk_gripped_micro_move,recording,0.160981,-4.743984,8.639901,-0.308392,0.049196,-0.031972
614868130.000,YZJ,non_handheld,desk_gripped_micro_move,recording,0.050204,-4.765353,8.583661,-0.296758,0.062366,-0.010657
614868140.000,YZJ,non_handheld,desk_gripped_micro_move,recording,0.137397,-4.589696,8.643828,-0.255348,0.033562,0.005372
614868150.000,YZJ,non_handheld,desk_gripped_micro_move,recording,0.244740,-4.607114,8.597753,-0.204915,-0.000419,0.011787
614868160.000,YZJ,non_handheld,desk_gripped_micro_move,recording,0.078314,-4.788801,8.541711,-0.161245,-0.027450,0.023865
614868170.000,YZJ,non_handheld,desk_gripped_micro_move,recording,0.156846,-4.756021,8.576323,-0.127266,-0.023037,0.028615
614868180.000,YZJ,non_handheld,desk_gripped_micro_move,recording,0.106206,-4.767991,8.572362,-0.110251,-0.041190,0.043741
614868190.000,YZJ,non_handheld,desk_gripped_micro_move,recording,0.091037,-4.858636,8.575849,-0.108222,-0.002495,0.062594
614868200.000,YZJ,non_handheld,desk_gripped_micro_move,recording,0.055340,-4.970680,8.554748,-0.110096,0.085213,0.088963
614868210.000,YZJ,non_handheld,desk_gripped_micro_move,recording,0.191190,-4.777151,8.605395,-0.103517,0.140699,0.111200
614868220.000,YZJ,non_handheld,desk_gripped_micro_move,recording,0.296031,-4.717284,8.615807,-0.094316,0.163185,0.120325
614868230.000,YZJ,non_handheld,desk_gripped_micro_move,recording,0.224384,-4.629276,8.678317,-0.066763,0.192416,0.121706
614868240.000,YZJ,non_handheld,desk_gripped_micro_move,recording,0.093437,-4.770224,8.597978,-0.033669,0.212149,0.121927
614868250.000,YZJ,non_handheld,desk_gripped_micro_move,recording,-0.006764,-4.794495,8.542576,-0.019857,0.192033,0.121625
614868260.000,YZJ,non_handheld,desk_gripped_micro_move,recording,-0.059024,-4.840388,8.506955,-0.032756,0.133760,0.127337
614868270.000,YZJ,non_handheld,desk_gripped_micro_move,recording,-0.074657,-4.902534,8.516189,-0.076744,0.116254,0.133213
614868280.000,YZJ,non_handheld,desk_gripped_micro_move,recording,0.042040,-4.945811,8.559804,-0.124471,0.158444,0.132057
614868290.000,YZJ,non_handheld,desk_gripped_micro_move,recording,0.073173,-4.977172,8.490091,-0.149822,0.191021,0.122831
614868300.000,YZJ,non_handheld,desk_gripped_micro_move,recording,-0.000637,-4.594460,8.692707,-0.130638,0.181835,0.111500
614868310.000,YZJ,non_handheld,desk_gripped_micro_move,recording,-0.204719,-4.706597,8.578051,-0.105269,0.179882,0.102557
614868320.000,YZJ,non_handheld,desk_gripped_micro_move,recording,-0.111771,-4.720656,8.620804,-0.089596,0.193075,0.088198
614868330.000,YZJ,non_handheld,desk_gripped_micro_move,recording,-0.192592,-4.799381,8.553609,-0.085457,0.184657,0.071748
614868340.000,YZJ,non_handheld,desk_gripped_micro_move,recording,-0.217344,-4.825639,8.489948,-0.092928,0.151421,0.051448
614868350.000,YZJ,non_handheld,desk_gripped_micro_move,recording,-0.222380,-4.874485,8.527953,-0.109956,0.152681,0.035901
614868360.000,YZJ,non_handheld,desk_gripped_micro_move,recording,-0.271911,-4.932261,8.545763,-0.141729,0.187396,0.046354
614868370.000,YZJ,non_handheld,desk_gripped_micro_move,recording,-0.277273,-4.942534,8.504808,-0.167986,0.201943,0.067351
614868380.000,YZJ,non_handheld,desk_gripped_micro_move,recording,-0.094106,-4.853412,8.496137,-0.171531,0.191101,0.067849
614868390.000,YZJ,non_handheld,desk_gripped_micro_move,recording,-0.061029,-4.723094,8.583279,-0.142621,0.177099,0.056125
614868400.000,YZJ,non_handheld,desk_gripped_micro_move,recording,-0.200908,-4.890469,8.489160,-0.103343,0.148090,0.044182
614868410.000,YZJ,non_handheld,desk_gripped_micro_move,recording,0.121681,-4.644652,8.595116,-0.057261,0.083552,0.001910
614868420.000,YZJ,non_handheld,desk_gripped_micro_move,recording,0.142103,-4.716456,8.471971,-0.016770,-0.005463,-0.051306
614868430.000,YZJ,non_handheld,desk_gripped_micro_move,recording,0.174869,-4.777566,8.405393,0.017269,-0.095955,-0.123412
614868440.000,YZJ,non_handheld,desk_gripped_micro_move,recording,0.001275,-5.166727,8.422177,0.010465,-0.108323,-0.172450
614868450.000,YZJ,non_handheld,desk_gripped_micro_move,recording,-0.302345,-5.060664,8.408828,-0.007529,-0.083492,-0.185132
614868460.000,YZJ,non_handheld,desk_gripped_micro_move,recording,-0.467892,-4.961433,8.490696,-0.000470,-0.083994,-0.150079
614868470.000,YZJ,non_handheld,desk_gripped_micro_move,recording,-0.487173,-5.074906,8.433416,0.017048,-0.057695,-0.107221
614868480.000,YZJ,non_handheld,desk_gripped_micro_move,recording,-0.600220,-4.985493,8.486278,0.026513,0.003759,-0.056929
614868490.000,YZJ,non_handheld,desk_gripped_micro_move,recording,-0.480560,-4.975443,8.484902,0.016712,0.029315,-0.032818
614868500.000,YZJ,non_handheld,desk_gripped_micro_move,recording,-0.534124,-5.024045,8.412633,-0.017501,0.024328,-0.023979
614868510.000,YZJ,non_handheld,desk_gripped_micro_move,recording,-0.516586,-4.975250,8.434067,-0.059873,-0.002151,-0.021769
614868520.000,YZJ,non_handheld,desk_gripped_micro_move,recording,-0.229157,-4.944489,8.496363,-0.109466,-0.013694,-0.040960
614868530.000,YZJ,non_handheld,desk_gripped_micro_move,recording,-0.396727,-5.243777,8.300098,-0.164490,-0.036816,-0.046676
614868540.000,YZJ,non_handheld,desk_gripped_micro_move,recording,-0.250651,-5.090394,8.348034,-0.213126,-0.068185,-0.048522
614868550.000,YZJ,non_handheld,desk_gripped_micro_move,recording,-0.161355,-4.978880,8.463255,-0.234267,-0.089179,-0.055832
614868560.000,YZJ,non_handheld,desk_gripped_micro_move,recording,-0.114249,-5.014912,8.399367,-0.236511,-0.115685,-0.063790
614868570.000,YZJ,non_handheld,desk_gripped_micro_move,recording,-0.132899,-4.832241,8.601479,-0.218106,-0.125091,-0.075346
614868580.000,YZJ,non_handheld,desk_gripped_micro_move,recording,-0.232879,-4.947391,8.435581,-0.207840,-0.149945,-0.072204
614868590.000,YZJ,non_handheld,desk_gripped_micro_move,recording,-0.202834,-5.140354,8.341174,-0.210439,-0.152829,-0.072887
614868600.000,YZJ,non_handheld,desk_gripped_micro_move,recording,-0.105499,-5.125153,8.379769,-0.209225,-0.129857,-0.076425
614868610.000,YZJ,non_handheld,desk_gripped_micro_move,recording,-0.141134,-5.132319,8.350094,-0.203193,-0.114358,-0.068045
614868620.000,YZJ,non_handheld,desk_gripped_micro_move,recording,-0.041965,-5.010512,8.489035,-0.188753,-0.089711,-0.048540
614868630.000,YZJ,non_handheld,desk_gripped_micro_move,recording,-0.063315,-5.045868,8.514678,-0.183878,-0.032113,-0.020217
614868640.000,YZJ,non_handheld,desk_gripped_micro_move,recording,-0.132610,-5.293052,8.337709,-0.191967,0.039297,0.015755
614868650.000,YZJ,non_handheld,desk_gripped_micro_move,recording,0.162263,-5.187010,8.325129,-0.184343,0.081903,0.017744
614868660.000,YZJ,non_handheld,desk_gripped_micro_move,recording,0.285644,-4.919161,8.458510,-0.148189,0.064446,-0.007175
614868670.000,YZJ,non_handheld,desk_gripped_micro_move,recording,0.134922,-5.000466,8.384300,-0.108218,0.018331,-0.047891
614868680.000,YZJ,non_handheld,desk_gripped_micro_move,recording,0.825872,-4.815152,8.483102,-0.061598,-0.055367,-0.145190
614868690.000,YZJ,non_handheld,desk_gripped_micro_move,recording,0.707578,-4.726249,8.398274,-0.005059,-0.158775,-0.249610
614868700.000,YZJ,non_handheld,desk_gripped_micro_move,recording,0.196076,-5.135389,8.447636,0.051579,-0.187441,-0.297182
614868710.000,YZJ,non_handheld,desk_gripped_micro_move,recording,-0.151994,-5.219491,8.268088,0.068543,-0.111552,-0.274488
614868720.000,YZJ,non_handheld,desk_gripped_micro_move,recording,-0.834519,-5.169156,8.504648,0.068118,-0.027318,-0.170188
614868730.000,YZJ,non_handheld,desk_gripped_micro_move,recording,-0.632128,-5.609971,8.226056,0.040586,0.029075,-0.067120
614868740.000,YZJ,non_handheld,desk_gripped_micro_move,recording,-0.334875,-5.283753,8.326624,0.015539,0.060927,-0.009974
614868750.000,YZJ,non_handheld,desk_gripped_micro_move,recording,-0.112715,-5.229033,8.250696,0.011377,0.058269,0.013116
614868760.000,YZJ,non_handheld,desk_gripped_micro_move,recording,-0.010772,-5.310324,8.301869,0.008757,0.043195,0.024412
614868770.000,YZJ,non_handheld,desk_gripped_micro_move,recording,0.001364,-5.418306,8.187781,-0.004937,0.044251,0.025575
614868780.000,YZJ,non_handheld,desk_gripped_micro_move,recording,-0.072323,-5.268303,8.289205,-0.026353,0.046557,0.032262
614868790.000,YZJ,non_handheld,desk_gripped_micro_move,recording,-0.041188,-5.209871,8.312160,-0.037117,0.039971,0.035066
614868800.000,YZJ,non_handheld,desk_gripped_micro_move,recording,-0.010161,-5.161011,8.371893,-0.044508,0.054162,0.023363
614868810.000,YZJ,non_handheld,desk_gripped_micro_move,recording,-0.036498,-5.163819,8.349991,-0.048235,0.060819,0.008017
614868820.000,YZJ,non_handheld,desk_gripped_micro_move,recording,-0.024408,-5.127658,8.337895,-0.047871,0.037162,-0.004925
614868830.000,YZJ,non_handheld,desk_gripped_micro_move,recording,-0.023922,-4.988238,8.383497,-0.041902,-0.016254,-0.015514
614868840.000,YZJ,non_handheld,desk_gripped_micro_move,recording,-0.094578,-5.079225,8.366214,-0.043872,-0.067283,-0.008793
614868850.000,YZJ,non_handheld,desk_gripped_micro_move,recording,-0.092107,-5.142136,8.383999,-0.040176,-0.071897,0.008735
614868860.000,YZJ,non_handheld,desk_gripped_micro_move,recording,-0.022731,-5.308952,8.286038,-0.032511,-0.031499,0.023062
614868870.000,YZJ,non_handheld,desk_gripped_micro_move,recording,0.009262,-5.238021,8.338652,-0.015227,0.004726,0.039596
614868880.000,YZJ,non_handheld,desk_gripped_micro_move,recording,-0.039125,-5.205627,8.320188,-0.006329,0.026789,0.058386
614868890.000,YZJ,non_handheld,desk_gripped_micro_move,recording,-0.042876,-5.379145,8.299832,-0.012049,0.056176,0.063588
614868900.000,YZJ,non_handheld,desk_gripped_micro_move,recording,0.171666,-5.399953,8.174426,-0.031105,0.060074,0.051095
614868910.000,YZJ,non_handheld,desk_gripped_micro_move,recording,-0.056731,-5.221300,8.310495,-0.049406,0.033441,0.049186
614868920.000,YZJ,non_handheld,desk_gripped_micro_move,recording,-0.103259,-5.162209,8.293887,-0.069128,-0.018572,0.041885
614868930.000,YZJ,non_handheld,desk_gripped_micro_move,recording,-0.081401,-5.209625,8.319428,-0.085833,-0.038479,0.021456
614868940.000,YZJ,non_handheld,desk_gripped_micro_move,recording,-0.080244,-5.224071,8.315198,-0.099494,-0.043779,0.011021
614868950.000,YZJ,non_handheld,desk_gripped_micro_move,recording,-0.030076,-5.196131,8.326279,-0.113554,-0.033176,0.008522
614868960.000,YZJ,non_handheld,desk_gripped_micro_move,recording,-0.003075,-5.237812,8.335024,-0.118396,-0.016871,0.007966
614868970.000,YZJ,non_handheld,desk_gripped_micro_move,recording,-0.042417,-5.256996,8.299172,-0.108737,-0.005365,0.007747
614868980.000,YZJ,non_handheld,desk_gripped_micro_move,recording,-0.058917,-5.232999,8.316694,-0.086739,0.005239,0.007619
614868990.000,YZJ,non_handheld,desk_gripped_micro_move,recording,-0.102058,-5.250733,8.280884,-0.069815,0.001788,0.011524
614869000.000,YZJ,non_handheld,desk_gripped_micro_move,recording,-0.063471,-5.331107,8.250869,-0.063162,0.000533,0.015772
614869010.000,YZJ,non_handheld,desk_gripped_micro_move,recording,0.021009,-5.326195,8.248605,-0.061892,0.003362,0.014328
614869020.000,YZJ,non_handheld,desk_gripped_micro_move,recording,0.012959,-5.293166,8.272077,-0.053548,0.017879,0.011637
614869030.000,YZJ,non_handheld,desk_gripped_micro_move,recording,0.002538,-5.254693,8.279927,-0.042135,0.025362,0.010488
614869040.000,YZJ,non_handheld,desk_gripped_micro_move,recording,0.031501,-5.048731,8.397303,-0.015523,0.008597,-0.004692
614869050.000,YZJ,non_handheld,desk_gripped_micro_move,recording,0.295317,-5.107896,8.392695,0.012291,-0.016488,-0.045267
614869060.000,YZJ,non_handheld,desk_gripped_micro_move,recording,0.432832,-4.990305,8.417198,0.047320,-0.024005,-0.102277
614869070.000,YZJ,non_handheld,desk_gripped_micro_move,recording,0.334317,-4.871887,8.473777,0.088097,-0.034805,-0.143943
614869080.000,YZJ,non_handheld,desk_gripped_micro_move,recording,-0.107891,-5.160880,8.320085,0.112196,-0.075332,-0.154819
614869090.000,YZJ,non_handheld,desk_gripped_micro_move,recording,-0.199364,-5.285673,8.273715,0.107002,-0.096761,-0.150478
614869100.000,YZJ,non_handheld,desk_gripped_micro_move,recording,-0.619910,-5.466326,8.208238,0.087339,-0.105604,-0.117045
614869110.000,YZJ,non_handheld,desk_gripped_micro_move,recording,-0.375131,-5.492974,8.006717,0.060666,-0.107409,-0.089241
614869120.000,YZJ,non_handheld,desk_gripped_micro_move,recording,-0.195191,-5.651632,8.222349,0.027222,-0.090527,-0.062122
614869130.000,YZJ,non_handheld,desk_gripped_micro_move,recording,-0.043687,-5.482899,8.128921,-0.003185,-0.058604,-0.041949
614869140.000,YZJ,non_handheld,desk_gripped_micro_move,recording,0.108358,-5.554003,8.126718,-0.024622,-0.057931,-0.033888
614869150.000,YZJ,non_handheld,desk_gripped_micro_move,recording,0.005432,-5.325741,8.266040,-0.042282,-0.068973,-0.018754
614869160.000,YZJ,non_handheld,desk_gripped_micro_move,recording,-0.009980,-5.300707,8.237213,-0.053305,-0.074326,-0.005284
614869170.000,YZJ,non_handheld,desk_gripped_micro_move,recording,0.164253,-5.309012,8.263466,-0.056867,-0.078680,-0.006822
614869180.000,YZJ,non_handheld,desk_gripped_micro_move,recording,0.177610,-5.220334,8.326127,-0.055417,-0.067336,-0.015623
614869190.000,YZJ,non_handheld,desk_gripped_micro_move,recording,0.133590,-5.236812,8.288717,-0.043420,-0.043841,-0.017032
614869200.000,YZJ,non_handheld,desk_gripped_micro_move,recording,0.090791,-5.284475,8.287037,-0.030895,-0.021485,-0.008948
614869210.000,YZJ,non_handheld,desk_gripped_micro_move,recording,0.056049,-5.303317,8.280943,-0.023703,-0.008003,0.002892
614869220.000,YZJ,non_handheld,desk_gripped_micro_move,recording,-0.000041,-5.317659,8.268209,-0.020378,-0.007711,0.021076
614869230.000,YZJ,non_handheld,desk_gripped_micro_move,recording,0.049208,-5.306652,8.232550,-0.027474,-0.024113,0.034606
614869240.000,YZJ,non_handheld,desk_gripped_micro_move,recording,0.084019,-5.337332,8.230617,-0.037339,-0.026702,0.041220
614869250.000,YZJ,non_handheld,desk_gripped_micro_move,recording,-0.069522,-5.307514,8.282114,-0.046467,-0.026775,0.052792
614869260.000,YZJ,non_handheld,desk_gripped_micro_move,recording,-0.067992,-5.362935,8.253426,-0.057877,-0.030997,0.066015
614869270.000,YZJ,non_handheld,desk_gripped_micro_move,recording,0.199167,-5.278441,8.266664,-0.072774,-0.035005,0.054420
614869280.000,YZJ,non_handheld,desk_gripped_micro_move,recording,0.227873,-5.269624,8.266988,-0.080621,-0.043629,0.032151
614869290.000,YZJ,non_handheld,desk_gripped_micro_move,recording,0.326295,-5.230785,8.301534,-0.081429,-0.038175,0.010218
614869300.000,YZJ,non_handheld,desk_gripped_micro_move,recording,0.216361,-5.300710,8.289185,-0.077618,-0.014048,0.000340
614869310.000,YZJ,non_handheld,desk_gripped_micro_move,recording,0.179716,-5.285663,8.286192,-0.072603,0.012372,-0.001830
614869320.000,YZJ,non_handheld,desk_gripped_micro_move,recording,0.139776,-5.304045,8.271764,-0.065451,0.022420,-0.003644
614869330.000,YZJ,non_handheld,desk_gripped_micro_move,recording,0.111467,-5.327814,8.243093,-0.059759,0.012167,-0.002330
614869340.000,YZJ,non_handheld,desk_gripped_micro_move,recording,0.095396,-5.347020,8.226202,-0.057750,0.001131,0.001500
614869350.000,YZJ,non_handheld,desk_gripped_micro_move,recording,0.068698,-5.348684,8.201363,-0.053387,-0.016415,0.004422
614869360.000,YZJ,non_handheld,desk_gripped_micro_move,recording,0.083329,-5.367153,8.229035,-0.047504,-0.027669,0.006148
614869370.000,YZJ,non_handheld,desk_gripped_micro_move,recording,0.097052,-5.362748,8.230155,-0.045114,-0.029975,0.004997
614869380.000,YZJ,non_handheld,desk_gripped_micro_move,recording,0.077543,-5.369166,8.227982,-0.040891,-0.036027,0.007003
614869390.000,YZJ,non_handheld,desk_gripped_micro_move,recording,0.094006,-5.363383,8.211968,-0.037587,-0.029701,0.010294
614869400.000,YZJ,non_handheld,desk_gripped_micro_move,recording,0.158204,-5.368185,8.237942,-0.032208,-0.001550,0.005656
614869410.000,YZJ,non_handheld,desk_gripped_micro_move,recording,0.133031,-5.372082,8.222542,-0.021866,0.017473,0.000514
614869420.000,YZJ,non_handheld,desk_gripped_micro_move,recording,0.119506,-5.372167,8.218735,-0.015014,0.033262,-0.004694
614869430.000,YZJ,non_handheld,desk_gripped_micro_move,recording,0.050809,-5.395480,8.200202,-0.013632,0.029111,-0.007464
614869440.000,YZJ,non_handheld,desk_gripped_micro_move,recording,-0.007284,-5.424352,8.147344,-0.018846,0.004324,-0.003579
614869450.000,YZJ,non_handheld,desk_gripped_micro_move,recording,0.007539,-5.444252,8.164216,-0.032644,-0.009359,-0.000460
614869460.000,YZJ,non_handheld,desk_gripped_micro_move,recording,0.039701,-5.383962,8.221691,-0.043712,-0.014539,-0.000999
614869470.000,YZJ,non_handheld,desk_gripped_micro_move,recording,0.064800,-5.365758,8.216978,-0.049906,-0.022315,-0.002811
614869480.000,YZJ,non_handheld,desk_gripped_micro_move,recording,0.151883,-5.269781,8.257123,-0.048456,-0.038535,-0.011460
614869490.000,YZJ,non_handheld,desk_gripped_micro_move,recording,0.117417,-5.353955,8.217195,-0.045596,-0.034380,-0.016048
614869500.000,YZJ,non_handheld,desk_gripped_micro_move,recording,0.147109,-5.370410,8.232495,-0.038896,-0.031713,-0.017475
614869510.000,YZJ,non_handheld,desk_gripped_micro_move,recording,0.114580,-5.405046,8.195557,-0.032069,-0.029635,-0.014173
614869520.000,YZJ,non_handheld,desk_gripped_micro_move,recording,0.132739,-5.425533,8.216767,-0.021303,-0.003189,-0.009135
614869530.000,YZJ,non_handheld,desk_gripped_micro_move,recording,0.100261,-5.426153,8.212806,-0.007986,0.044952,0.001031
614869540.000,YZJ,non_handheld,desk_gripped_micro_move,recording,0.014156,-5.426419,8.207289,0.003674,0.078612,0.021724
614869550.000,YZJ,non_handheld,desk_gripped_micro_move,recording,-0.015288,-5.403554,8.209908,0.011413,0.089892,0.041272
614869560.000,YZJ,non_handheld,desk_gripped_micro_move,recording,0.242092,-5.399270,8.175450,0.012639,0.070630,0.041164
614869570.000,YZJ,non_handheld,desk_gripped_micro_move,recording,0.374564,-5.402449,8.167930,0.009857,0.034123,0.025919
614869580.000,YZJ,non_handheld,desk_gripped_micro_move,recording,0.040563,-5.379147,8.202882,0.002169,0.000600,0.021971
614869590.000,YZJ,non_handheld,desk_gripped_micro_move,recording,0.057082,-5.366797,8.183745,-0.008369,-0.031623,0.012146
614869600.000,YZJ,non_handheld,desk_gripped_micro_move,recording,0.027081,-5.383350,8.185403,-0.012712,-0.053321,-0.002224
614869610.000,YZJ,non_handheld,desk_gripped_micro_move,recording,0.067365,-5.380619,8.206181,-0.018827,-0.060336,-0.018642
614869620.000,YZJ,non_handheld,desk_gripped_micro_move,recording,0.107894,-5.407940,8.233441,-0.017229,-0.053733,-0.032840
614869630.000,YZJ,non_handheld,desk_gripped_micro_move,recording,0.086037,-5.388492,8.192504,-0.019491,-0.053701,-0.045358
614869640.000,YZJ,non_handheld,desk_gripped_micro_move,recording,0.063528,-5.400184,8.179239,-0.019395,-0.071873,-0.053429
614869650.000,YZJ,non_handheld,desk_gripped_micro_move,recording,0.113997,-5.394458,8.178596,-0.016011,-0.077731,-0.057768
614869660.000,YZJ,non_handheld,desk_gripped_micro_move,recording,0.152632,-5.418355,8.200107,-0.010556,-0.066399,-0.053838
614869670.000,YZJ,non_handheld,desk_gripped_micro_move,recording,0.176467,-5.431880,8.191913,0.001487,-0.046348,-0.036783
614869680.000,YZJ,non_handheld,desk_gripped_micro_move,recording,0.093518,-5.488913,8.171397,0.008720,-0.021803,-0.012108
614869690.000,YZJ,non_handheld,desk_gripped_micro_move,recording,0.094171,-5.463841,8.148651,0.010524,-0.028379,0.000900
614869700.000,YZJ,non_handheld,desk_gripped_micro_move,recording,0.129047,-5.428043,8.174953,0.010489,-0.047476,0.005688
614869710.000,YZJ,non_handheld,desk_gripped_micro_move,recording,0.202942,-5.373058,8.212942,0.013679,-0.051439,0.006755
614869720.000,YZJ,non_handheld,desk_gripped_micro_move,recording,0.209801,-5.358302,8.231142,0.021984,-0.037124,0.006004
614869730.000,YZJ,non_handheld,desk_gripped_micro_move,recording,0.218139,-5.364759,8.251974,0.026181,-0.013137,0.006878
614869740.000,YZJ,non_handheld,desk_gripped_micro_move,recording,0.143869,-5.396595,8.195993,0.023879,-0.012383,0.009545
614869750.000,YZJ,non_handheld,desk_gripped_micro_move,recording,0.134860,-5.381749,8.203170,0.016533,-0.034832,0.009897
614869760.000,YZJ,non_handheld,desk_gripped_micro_move,recording,0.161452,-5.380873,8.209765,0.008833,-0.032552,0.007383
614869770.000,YZJ,non_handheld,desk_gripped_micro_move,recording,0.151591,-5.394855,8.198925,0.006510,-0.025763,0.007191
614869780.000,YZJ,non_handheld,desk_gripped_micro_move,recording,0.180819,-5.400908,8.219819,0.005324,-0.015046,0.008587
614869790.000,YZJ,non_handheld,desk_gripped_micro_move,recording,0.172804,-5.399347,8.214554,0.000035,-0.007662,0.008186
614869800.000,YZJ,non_handheld,desk_gripped_micro_move,recording,0.143152,-5.366661,8.198163,-0.005864,-0.021471,0.004485
614869810.000,YZJ,non_handheld,desk_gripped_micro_move,recording,0.129489,-5.375293,8.178866,-0.009216,-0.046304,-0.001677
614869820.000,YZJ,non_handheld,desk_gripped_micro_move,recording,0.152183,-5.389269,8.215815,-0.012986,-0.041274,-0.010335
614869830.000,YZJ,non_handheld,desk_gripped_micro_move,recording,0.152349,-5.395410,8.207807,-0.013313,-0.040968,-0.014556
614869840.000,YZJ,non_handheld,desk_gripped_micro_move,recording,0.183555,-5.398228,8.196621,-0.008602,-0.045480,-0.015813
614869850.000,YZJ,non_handheld,desk_gripped_micro_move,recording,0.205243,-5.384359,8.218496,-0.006060,-0.037443,-0.018375
614869860.000,YZJ,non_handheld,desk_gripped_micro_move,recording,0.155289,-5.423694,8.179327,0.001310,-0.030938,-0.022939
614869870.000,YZJ,non_handheld,desk_gripped_micro_move,recording,0.198932,-5.412139,8.202150,0.008573,-0.025960,-0.023945
614869880.000,YZJ,non_handheld,desk_gripped_micro_move,recording,0.214063,-5.405110,8.202909,0.012795,-0.003220,-0.022254
614869890.000,YZJ,non_handheld,desk_gripped_micro_move,recording,0.199000,-5.407616,8.202792,0.016777,0.009115,-0.021358
614869900.000,YZJ,non_handheld,desk_gripped_micro_move,recording,0.170513,-5.395891,8.178142,0.017724,-0.014135,-0.014617
614869910.000,YZJ,non_handheld,desk_gripped_micro_move,recording,0.191670,-5.400146,8.213045,0.012337,-0.028349,-0.011131
614869920.000,YZJ,non_handheld,desk_gripped_micro_move,recording,0.211933,-5.390229,8.180379,0.014461,-0.026321,-0.007513
614869930.000,YZJ,non_handheld,desk_gripped_micro_move,recording,0.222181,-5.413424,8.207977,0.023851,-0.009906,-0.004289
614869940.000,YZJ,non_handheld,desk_gripped_micro_move,recording,0.213545,-5.399338,8.206222,0.029079,0.000385,-0.002655
614869950.000,YZJ,non_handheld,desk_gripped_micro_move,recording,0.201436,-5.389037,8.220613,0.031826,-0.001447,-0.004794
614869960.000,YZJ,non_handheld,desk_gripped_micro_move,recording,0.228032,-5.345058,8.214797,0.035005,0.001816,-0.012212
614869970.000,YZJ,non_handheld,desk_gripped_micro_move,recording,0.240044,-5.333812,8.248713,0.042588,0.014104,-0.017557
614869980.000,YZJ,non_handheld,desk_gripped_micro_move,recording,0.252759,-5.298099,8.271420,0.054949,0.042477,-0.023651
614869990.000,YZJ,non_handheld,desk_gripped_micro_move,recording,0.255795,-5.274545,8.338154,0.071734,0.077498,-0.022069
614870000.000,YZJ,non_handheld,desk_gripped_micro_move,recording,0.196387,-5.462872,8.151625,0.078782,0.096625,-0.018795
614870010.000,YZJ,non_handheld,desk_gripped_micro_move,recording,0.116597,-5.439710,8.172440,0.078578,0.101316,-0.017042
614870020.000,YZJ,non_handheld,desk_gripped_micro_move,recording,0.139194,-5.312841,8.238546,0.087705,0.080200,-0.010973
614870030.000,YZJ,non_handheld,desk_gripped_micro_move,recording,0.112236,-5.266374,8.275247,0.106180,0.061302,-0.000597
614870040.000,YZJ,non_handheld,desk_gripped_micro_move,recording,0.096502,-5.350201,8.232266,0.121355,0.055520,0.012168
614870050.000,YZJ,non_handheld,desk_gripped_micro_move,recording,0.246303,-5.665866,8.047642,0.114679,0.062054,0.011454
614870060.000,YZJ,non_handheld,desk_gripped_micro_move,recording,0.238490,-5.303637,8.259330,0.113327,0.073042,0.024011
614870070.000,YZJ,non_handheld,desk_gripped_micro_move,recording,0.157886,-5.366401,8.224334,0.116382,0.080840,0.039295
614870080.000,YZJ,non_handheld,desk_gripped_micro_move,recording,0.128669,-5.282108,8.281640,0.117522,0.079635,0.041254
614870090.000,YZJ,non_handheld,desk_gripped_micro_move,recording,0.126129,-5.256126,8.272372,0.114952,0.067712,0.033514
614870100.000,YZJ,non_handheld,desk_gripped_micro_move,recording,0.077590,-5.284550,8.280908,0.107322,0.047404,0.020997
614870110.000,YZJ,non_handheld,desk_gripped_micro_move,recording,0.071836,-5.240891,8.275259,0.094897,0.025133,0.006134
614870120.000,YZJ,non_handheld,desk_gripped_micro_move,recording,0.091237,-5.237767,8.287023,0.082937,0.002950,-0.003481
614870130.000,YZJ,non_handheld,desk_gripped_micro_move,recording,0.089574,-5.240808,8.276750,0.073237,-0.017263,-0.009383
614870140.000,YZJ,non_handheld,desk_gripped_micro_move,recording,0.088330,-5.240006,8.306394,0.059220,-0.030070,-0.007400
614870150.000,YZJ,non_handheld,desk_gripped_micro_move,recording,0.084834,-5.283961,8.285947,0.044691,-0.031739,-0.003690
614870160.000,YZJ,non_handheld,desk_gripped_micro_move,recording,0.125158,-5.219886,8.317592,0.037291,-0.027230,-0.004185
614870170.000,YZJ,non_handheld,desk_gripped_micro_move,recording,0.130346,-5.204820,8.299859,0.034326,-0.040627,-0.007266
614870180.000,YZJ,non_handheld,desk_gripped_micro_move,recording,0.144779,-5.218479,8.316516,0.038577,-0.044969,-0.016793
614870190.000,YZJ,non_handheld,desk_gripped_micro_move,recording,0.166307,-5.239104,8.321617,0.046129,-0.020196,-0.023117
614870200.000,YZJ,non_handheld,desk_gripped_micro_move,recording,0.175463,-5.247351,8.309863,0.058327,0.003387,-0.020529
614870210.000,YZJ,non_handheld,desk_gripped_micro_move,recording,0.154723,-5.235079,8.299443,0.067135,0.011971,-0.015086
614870220.000,YZJ,non_handheld,desk_gripped_micro_move,recording,0.147264,-5.227905,8.313301,0.076524,0.018948,-0.014297
614870230.000,YZJ,non_handheld,desk_gripped_micro_move,recording,0.142311,-5.214291,8.307620,0.084801,0.017008,-0.017061
614870240.000,YZJ,non_handheld,desk_gripped_micro_move,recording,0.139249,-5.199770,8.325306,0.093107,0.014069,-0.020897
614870250.000,YZJ,non_handheld,desk_gripped_micro_move,recording,0.154778,-5.137774,8.351740,0.103927,0.011093,-0.029017
614870260.000,YZJ,non_handheld,desk_gripped_micro_move,recording,0.206513,-5.145060,8.357786,0.116841,0.009988,-0.043086
614870270.000,YZJ,non_handheld,desk_gripped_micro_move,recording,0.250801,-5.132284,8.377109,0.136034,0.021643,-0.066016
614870280.000,YZJ,non_handheld,desk_gripped_micro_move,recording,0.286921,-5.073169,8.405680,0.161398,0.027638,-0.091261
614870290.000,YZJ,non_handheld,desk_gripped_micro_move,recording,0.287858,-4.914605,8.449949,0.201425,0.019843,-0.118428
614870300.000,YZJ,non_handheld,desk_gripped_micro_move,recording,0.205507,-4.982650,8.407711,0.240396,0.022740,-0.137196
614870310.000,YZJ,non_handheld,desk_gripped_micro_move,recording,-0.010038,-5.243604,8.362459,0.261211,0.043925,-0.138263
614870320.000,YZJ,non_handheld,desk_gripped_micro_move,recording,-0.025109,-5.227155,8.304108,0.272699,0.064728,-0.126836
614870330.000,YZJ,non_handheld,desk_gripped_micro_move,recording,0.017479,-5.123072,8.388369,0.283855,0.059087,-0.105659
614870340.000,YZJ,non_handheld,desk_gripped_micro_move,recording,-0.002054,-5.324213,8.241350,0.270719,0.034168,-0.095228
614870350.000,YZJ,non_handheld,desk_gripped_micro_move,recording,0.191098,-5.201153,8.337993,0.252402,0.019693,-0.096511
614870360.000,YZJ,non_handheld,desk_gripped_micro_move,recording,0.160546,-4.989454,8.443230,0.241703,0.006049,-0.086872
614870370.000,YZJ,non_handheld,desk_gripped_micro_move,recording,0.174445,-4.999318,8.453050,0.235118,-0.000904,-0.072475
614870380.000,YZJ,non_handheld,desk_gripped_micro_move,recording,0.192851,-4.939862,8.478706,0.227747,0.009417,-0.065661
614870390.000,YZJ,non_handheld,desk_gripped_micro_move,recording,0.169307,-4.956914,8.485357,0.222013,0.011475,-0.062963
614870400.000,YZJ,non_handheld,desk_gripped_micro_move,recording,0.196705,-4.910634,8.530808,0.212272,0.029920,-0.065831
614870410.000,YZJ,non_handheld,desk_gripped_micro_move,recording,0.205475,-4.871084,8.529170,0.200081,0.039207,-0.064013
614870420.000,YZJ,non_handheld,desk_gripped_micro_move,recording,0.179327,-4.889451,8.512934,0.196084,0.038075,-0.063783
614870430.000,YZJ,non_handheld,desk_gripped_micro_move,recording,0.199277,-4.876999,8.533884,0.201905,0.053980,-0.064469
614870440.000,YZJ,non_handheld,desk_gripped_micro_move,recording,0.222682,-4.880218,8.557638,0.210803,0.093467,-0.064174
614870450.000,YZJ,non_handheld,desk_gripped_micro_move,recording,0.208695,-4.861223,8.553776,0.226070,0.122609,-0.057182
614870460.000,YZJ,non_handheld,desk_gripped_micro_move,recording,0.187275,-4.846882,8.551414,0.236784,0.137480,-0.043753
614870470.000,YZJ,non_handheld,desk_gripped_micro_move,recording,0.155650,-4.817807,8.567774,0.238314,0.133406,-0.029975
614870480.000,YZJ,non_handheld,desk_gripped_micro_move,recording,0.130999,-4.767840,8.569574,0.235505,0.122797,-0.026115
614870490.000,YZJ,non_handheld,desk_gripped_micro_move,recording,0.107067,-4.764186,8.582120,0.233307,0.107586,-0.020182
614870500.000,YZJ,non_handheld,desk_gripped_micro_move,recording,0.123954,-4.745614,8.591992,0.232777,0.094517,-0.009288
614870510.000,YZJ,non_handheld,desk_gripped_micro_move,recording,0.143609,-4.732845,8.645776,0.230759,0.113033,-0.001166
614870520.000,YZJ,non_handheld,desk_gripped_micro_move,recording,0.126846,-4.689104,8.634105,0.231281,0.129037,-0.002265
614870530.000,YZJ,non_handheld,desk_gripped_micro_move,recording,0.148974,-4.590285,8.624335,0.243578,0.100798,-0.016280
614870540.000,YZJ,non_handheld,desk_gripped_micro_move,recording,0.337400,-4.331744,8.749510,0.278787,0.040630,-0.054882
614870550.000,YZJ,non_handheld,desk_gripped_micro_move,recording,0.506869,-4.249580,8.833305,0.345890,0.022476,-0.105752
614870560.000,YZJ,non_handheld,desk_gripped_micro_move,recording,0.403680,-4.369673,8.746129,0.422811,0.055305,-0.135901
614870570.000,YZJ,non_handheld,desk_gripped_micro_move,recording,0.066369,-4.818007,8.660500,0.487873,0.123210,-0.123494
614870580.000,YZJ,non_handheld,desk_gripped_micro_move,recording,0.092600,-4.305689,8.713018,0.555318,0.183773,-0.105724
614870590.000,YZJ,non_handheld,desk_gripped_micro_move,recording,-0.007609,-4.698235,8.702512,0.605985,0.210173,-0.082166
614870600.000,YZJ,non_handheld,desk_gripped_micro_move,recording,-0.172854,-4.760238,8.603399,0.624298,0.231927,-0.060657
614870610.000,YZJ,non_handheld,desk_gripped_micro_move,recording,-0.030070,-4.366356,8.787946,0.636060,0.254570,-0.043947
614870620.000,YZJ,non_handheld,desk_gripped_micro_move,recording,-0.196828,-4.741163,8.642041,0.623560,0.277784,-0.017731
614870630.000,YZJ,non_handheld,desk_gripped_micro_move,recording,-0.153718,-4.424839,8.780016,0.593557,0.270038,0.000994
614870640.000,YZJ,non_handheld,desk_gripped_micro_move,recording,-0.144101,-4.334934,8.811357,0.539014,0.216509,0.015934
614870650.000,YZJ,non_handheld,desk_gripped_micro_move,recording,-0.125096,-4.114090,8.861616,0.484770,0.133563,0.016142
614870660.000,YZJ,non_handheld,desk_gripped_micro_move,recording,-0.081116,-4.309988,8.777247,0.435181,0.060058,-0.003935
614870670.000,YZJ,non_handheld,desk_gripped_micro_move,recording,0.050833,-4.208013,8.858691,0.388606,0.034117,-0.038652
614870680.000,YZJ,non_handheld,desk_gripped_micro_move,recording,0.091235,-4.076986,8.977400,0.339501,0.048029,-0.068484
614870690.000,YZJ,non_handheld,desk_gripped_micro_move,recording,-0.014567,-4.002016,8.980495,0.290486,0.050208,-0.082045
614870700.000,YZJ,non_handheld,desk_gripped_micro_move,recording,-0.101418,-3.932163,9.033729,0.244359,0.022691,-0.086416
614870710.000,YZJ,non_handheld,desk_gripped_micro_move,recording,-0.330070,-3.820385,9.025435,0.195311,-0.015927,-0.082294
614870720.000,YZJ,non_handheld,desk_gripped_micro_move,recording,-0.197735,-4.145811,8.920002,0.131468,-0.037090,-0.088679
614870730.000,YZJ,non_handheld,desk_gripped_micro_move,recording,-0.239086,-3.881300,9.027811,0.079847,-0.051061,-0.087073
614870740.000,YZJ,non_handheld,desk_gripped_micro_move,recording,-0.170477,-3.626685,9.141213,0.050780,-0.073747,-0.073104
614870750.000,YZJ,non_handheld,desk_gripped_micro_move,recording,-0.134459,-3.887600,9.020905,0.023930,-0.106459,-0.053396
614870760.000,YZJ,non_handheld,desk_gripped_micro_move,recording,-0.050670,-3.937354,8.978870,-0.006119,-0.118167,-0.042256
614870770.000,YZJ,non_handheld,desk_gripped_micro_move,recording,0.089836,-3.892027,9.077068,-0.030418,-0.093930,-0.043392
614870780.000,YZJ,non_handheld,desk_gripped_micro_move,recording,0.158337,-3.572842,9.176151,-0.033036,-0.067112,-0.041273
614870790.000,YZJ,non_handheld,desk_gripped_micro_move,recording,0.100130,-3.878011,9.031056,-0.023720,-0.045275,-0.034367
614870800.000,YZJ,non_handheld,desk_gripped_micro_move,recording,0.120885,-3.810994,9.088212,-0.013557,-0.014608,-0.025990
614870810.000,YZJ,non_handheld,desk_gripped_micro_move,recording,0.055595,-3.968194,9.012579,-0.009074,0.010609,-0.014002
614870820.000,YZJ,non_handheld,desk_gripped_micro_move,recording,0.061844,-3.923140,8.989162,-0.013741,0.029140,-0.003141
614870830.000,YZJ,non_handheld,desk_gripped_micro_move,recording,0.041260,-3.905174,9.005695,-0.016082,0.027472,0.004562
614870840.000,YZJ,non_handheld,desk_gripped_micro_move,recording,0.023459,-3.900382,8.990343,-0.018782,0.014270,0.007768
614870850.000,YZJ,non_handheld,desk_gripped_micro_move,recording,0.040709,-3.913014,8.999490,-0.021541,0.005292,0.009666
614870860.000,YZJ,non_handheld,desk_gripped_micro_move,recording,0.052525,-3.880398,9.020856,-0.021253,0.000480,0.004573
614870870.000,YZJ,non_handheld,desk_gripped_micro_move,recording,0.106483,-3.819942,9.050575,-0.012220,0.002018,-0.006903
614870880.000,YZJ,non_handheld,desk_gripped_micro_move,recording,0.100936,-3.871557,9.004640,0.001269,-0.005643,-0.018658
614870890.000,YZJ,non_handheld,desk_gripped_micro_move,recording,0.019336,-3.992556,8.943618,0.014954,-0.027075,-0.030041
614870900.000,YZJ,non_handheld,desk_gripped_micro_move,recording,0.305071,-3.630063,9.092551,0.036124,-0.037850,-0.056809
614870910.000,YZJ,non_handheld,desk_gripped_micro_move,recording,0.206376,-3.792218,9.045441,0.061100,-0.026384,-0.069323
614870920.000,YZJ,non_handheld,desk_gripped_micro_move,recording,0.032998,-3.861948,8.998357,0.084880,-0.019464,-0.072604
614870930.000,YZJ,non_handheld,desk_gripped_micro_move,recording,-0.144605,-4.209947,8.952543,0.086686,-0.013486,-0.063025
614870940.000,YZJ,non_handheld,desk_gripped_micro_move,recording,0.066412,-3.771178,9.029747,0.086908,0.011414,-0.062233
614870950.000,YZJ,non_handheld,desk_gripped_micro_move,recording,-0.063545,-3.935302,9.029944,0.091376,0.048356,-0.050378
614870960.000,YZJ,non_handheld,desk_gripped_micro_move,recording,-0.044611,-4.103082,8.966602,0.091547,0.053972,-0.039055
614870970.000,YZJ,non_handheld,desk_gripped_micro_move,recording,-0.001335,-3.835269,8.995785,0.091896,0.027413,-0.039819
614870980.000,YZJ,non_handheld,desk_gripped_micro_move,recording,-0.031866,-3.940077,9.013809,0.085235,0.000445,-0.040709
614870990.000,YZJ,non_handheld,desk_gripped_micro_move,recording,-0.005352,-3.785207,9.019629,0.094371,-0.017078,-0.045219
614871000.000,YZJ,non_handheld,desk_gripped_micro_move,recording,0.153097,-3.724349,9.125782,0.114826,0.022690,-0.060118
614871010.000,YZJ,non_handheld,desk_gripped_micro_move,recording,0.061831,-3.936864,9.045335,0.139968,0.069833,-0.071965
614871020.000,YZJ,non_handheld,desk_gripped_micro_move,recording,0.016497,-3.874310,8.992787,0.162165,0.073045,-0.076089
614871030.000,YZJ,non_handheld,desk_gripped_micro_move,recording,0.000532,-3.646801,9.016849,0.206077,0.014683,-0.073609
614871040.000,YZJ,non_handheld,desk_gripped_micro_move,recording,-0.169414,-4.007974,8.955301,0.229958,0.011114,-0.053308
614871050.000,YZJ,non_handheld,desk_gripped_micro_move,recording,-0.013055,-3.796324,9.122722,0.232694,0.043989,-0.033994
614871060.000,YZJ,non_handheld,desk_gripped_micro_move,recording,-0.035015,-3.863987,8.979271,0.225844,0.066259,-0.018303
614871070.000,YZJ,non_handheld,desk_gripped_micro_move,recording,-0.024931,-3.809544,9.116196,0.212143,0.063399,-0.002606
614871080.000,YZJ,non_handheld,desk_gripped_micro_move,recording,0.009382,-4.020457,8.983660,0.180461,0.058877,0.000686
614871090.000,YZJ,non_handheld,desk_gripped_micro_move,recording,0.022991,-3.649015,9.093924,0.157111,0.043118,-0.001264
614871100.000,YZJ,non_handheld,desk_gripped_micro_move,recording,-0.024661,-3.734096,9.043245,0.138807,0.004210,-0.001505
614871110.000,YZJ,non_handheld,desk_gripped_micro_move,recording,-0.013758,-3.761074,9.073093,0.121998,-0.023783,-0.008792
614871120.000,YZJ,non_handheld,desk_gripped_micro_move,recording,0.006759,-3.675410,9.113847,0.104678,-0.028481,-0.021932
614871130.000,YZJ,non_handheld,desk_gripped_micro_move,recording,-0.005391,-3.640107,9.124545,0.091445,-0.034837,-0.026344
614871140.000,YZJ,non_handheld,desk_gripped_micro_move,recording,-0.010049,-3.769966,9.093236,0.076877,-0.027394,-0.026821
614871150.000,YZJ,non_handheld,desk_gripped_micro_move,recording,0.020953,-3.707894,9.107331,0.062541,-0.028958,-0.019338
614871160.000,YZJ,non_handheld,desk_gripped_micro_move,recording,0.026772,-3.676390,9.130213,0.051920,-0.028432,-0.012787
614871170.000,YZJ,non_handheld,desk_gripped_micro_move,recording,0.059164,-3.614438,9.137166,0.038822,-0.015401,-0.010652
614871180.000,YZJ,non_handheld,desk_gripped_micro_move,recording,0.029263,-3.640659,9.110361,0.031633,-0.021281,-0.009340
614871190.000,YZJ,non_handheld,desk_gripped_micro_move,recording,-0.010810,-3.711423,9.106833,0.027122,-0.015310,-0.008983
614871200.000,YZJ,non_handheld,desk_gripped_micro_move,recording,0.022869,-3.621933,9.125455,0.029394,-0.012253,-0.010202
614871210.000,YZJ,non_handheld,desk_gripped_micro_move,recording,0.066890,-3.582280,9.123640,0.040941,-0.007546,-0.014783
614871220.000,YZJ,non_handheld,desk_gripped_micro_move,recording,0.061641,-3.637325,9.121265,0.051764,0.002468,-0.013657
614871230.000,YZJ,non_handheld,desk_gripped_micro_move,recording,0.055742,-3.627357,9.118501,0.064539,0.005541,-0.009781
614871240.000,YZJ,non_handheld,desk_gripped_micro_move,recording,0.038323,-3.618778,9.116524,0.071569,0.006180,-0.006306
614871250.000,YZJ,non_handheld,desk_gripped_micro_move,recording,0.038016,-3.614151,9.137091,0.068810,0.005722,-0.007735
614871260.000,YZJ,non_handheld,desk_gripped_micro_move,recording,0.019297,-3.594016,9.126019,0.065688,0.001203,-0.010515
614871270.000,YZJ,non_handheld,desk_gripped_micro_move,recording,0.038406,-3.594081,9.138754,0.061981,0.004854,-0.012883
614871280.000,YZJ,non_handheld,desk_gripped_micro_move,recording,0.040066,-3.584929,9.148321,0.057963,0.017668,-0.014364
614871290.000,YZJ,non_handheld,desk_gripped_micro_move,recording,0.035747,-3.582344,9.154547,0.054181,0.024807,-0.014147
614871300.000,YZJ,non_handheld,desk_gripped_micro_move,recording,0.039767,-3.581924,9.147652,0.047971,0.036148,-0.014765
614871310.000,YZJ,non_handheld,desk_gripped_micro_move,recording,0.028806,-3.577162,9.159192,0.047770,0.046156,-0.012766
614871320.000,YZJ,non_handheld,desk_gripped_micro_move,recording,0.019014,-3.550748,9.159939,0.054008,0.054072,-0.009092
614871330.000,YZJ,non_handheld,desk_gripped_micro_move,recording,0.042735,-3.520043,9.162535,0.066988,0.050792,-0.004304
614871340.000,YZJ,non_handheld,desk_gripped_micro_move,recording,0.029468,-3.518222,9.138121,0.080795,0.047404,-0.001554
614871350.000,YZJ,non_handheld,desk_gripped_micro_move,recording,0.060511,-3.494855,9.182997,0.093373,0.054217,-0.003189
614871360.000,YZJ,non_handheld,desk_gripped_micro_move,recording,0.037525,-3.428341,9.185037,0.107169,0.031915,-0.005040
614871370.000,YZJ,non_handheld,desk_gripped_micro_move,recording,-0.016135,-3.649125,9.079565,0.118434,-0.001250,-0.000596
614871380.000,YZJ,non_handheld,desk_gripped_micro_move,recording,0.007354,-3.421045,9.194463,0.136180,0.001746,0.006347
614871390.000,YZJ,non_handheld,desk_gripped_micro_move,recording,0.021988,-3.330704,9.223298,0.160028,0.021594,0.016991
614871400.000,YZJ,non_handheld,desk_gripped_micro_move,recording,-0.029138,-3.454503,9.222014,0.182866,0.044615,0.029349
614871410.000,YZJ,non_handheld,desk_gripped_micro_move,recording,0.015444,-3.766064,9.096210,0.195392,0.075065,0.033983
614871420.000,YZJ,non_handheld,desk_gripped_micro_move,recording,0.076059,-3.439485,9.224318,0.206669,0.122719,0.028324
614871430.000,YZJ,non_handheld,desk_gripped_micro_move,recording,-0.007447,-3.354892,9.198439,0.217480,0.142506,0.033695
614871440.000,YZJ,non_handheld,desk_gripped_micro_move,recording,-0.067671,-3.322946,9.224426,0.231735,0.113466,0.042892
614871450.000,YZJ,non_handheld,desk_gripped_micro_move,recording,-0.064630,-3.272972,9.156332,0.231825,0.032218,0.043906
614871460.000,YZJ,non_handheld,desk_gripped_micro_move,recording,-0.049974,-3.311186,9.241797,0.211281,-0.035782,0.030309
614871470.000,YZJ,non_handheld,desk_gripped_micro_move,recording,-0.084197,-3.766281,9.053483,0.163900,-0.090869,0.012724
614871480.000,YZJ,non_handheld,desk_gripped_micro_move,recording,-0.197537,-3.599402,9.165562,0.110056,-0.114080,-0.001912
614871490.000,YZJ,non_handheld,desk_gripped_micro_move,recording,-0.170705,-3.302686,9.265829,0.066464,-0.106688,-0.010358
614871500.000,YZJ,non_handheld,desk_gripped_micro_move,recording,0.000865,-3.342182,9.278163,0.034390,-0.085789,-0.013934
614871510.000,YZJ,non_handheld,desk_gripped_micro_move,recording,0.019145,-3.297574,9.276746,0.013504,-0.055367,-0.014755
614871520.000,YZJ,non_handheld,desk_gripped_micro_move,recording,0.034121,-3.348774,9.264130,0.004602,-0.024976,-0.015872
614871530.000,YZJ,non_handheld,desk_gripped_micro_move,recording,-0.001790,-3.321663,9.244860,0.005422,-0.011679,-0.014874
614871540.000,YZJ,non_handheld,desk_gripped_micro_move,recording,0.015463,-3.314152,9.246836,0.011580,-0.005529,-0.008969
614871550.000,YZJ,non_handheld,desk_gripped_micro_move,recording,0.024024,-3.346997,9.234145,0.017463,0.009723,0.002659
614871560.000,YZJ,non_handheld,desk_gripped_micro_move,recording,0.062736,-3.343928,9.265382,0.025243,0.045886,0.017342
614871570.000,YZJ,non_handheld,desk_gripped_micro_move,recording,0.033348,-3.335049,9.267268,0.029818,0.071859,0.032311
614871580.000,YZJ,non_handheld,desk_gripped_micro_move,recording,-0.019573,-3.317076,9.237310,0.034414,0.077510,0.039643
614871590.000,YZJ,non_handheld,desk_gripped_micro_move,recording,-0.010736,-3.304644,9.222061,0.040317,0.075505,0.042635
614871600.000,YZJ,non_handheld,desk_gripped_micro_move,recording,-0.034432,-3.304219,9.246763,0.050488,0.077271,0.042521
614871610.000,YZJ,non_handheld,desk_gripped_micro_move,recording,-0.002194,-3.297825,9.259536,0.061600,0.076406,0.046191
614871620.000,YZJ,non_handheld,desk_gripped_micro_move,recording,-0.021329,-3.296784,9.239058,0.069049,0.080785,0.050625
614871630.000,YZJ,non_handheld,desk_gripped_micro_move,recording,-0.032122,-3.242388,9.273251,0.070340,0.095418,0.050813
614871640.000,YZJ,non_handheld,desk_gripped_micro_move,recording,-0.067550,-3.264395,9.268526,0.067621,0.092202,0.050789
614871650.000,YZJ,non_handheld,desk_gripped_micro_move,recording,-0.104932,-3.289994,9.260930,0.061876,0.081140,0.054393
614871660.000,YZJ,non_handheld,desk_gripped_micro_move,recording,-0.112930,-3.307390,9.247696,0.055546,0.081400,0.052900
614871670.000,YZJ,non_handheld,desk_gripped_micro_move,recording,-0.113258,-3.285896,9.241853,0.050301,0.072360,0.044830
614871680.000,YZJ,non_handheld,desk_gripped_micro_move,recording,-0.157884,-3.264619,9.227424,0.049256,0.051200,0.034066
614871690.000,YZJ,non_handheld,desk_gripped_micro_move,recording,-0.154344,-3.240235,9.250078,0.050793,0.024375,0.022683
614871700.000,YZJ,non_handheld,desk_gripped_micro_move,recording,-0.142877,-3.229370,9.254090,0.050659,0.014369,0.015563
614871710.000,YZJ,non_handheld,desk_gripped_micro_move,recording,-0.118550,-3.204298,9.295605,0.051667,0.016492,0.013051
614871720.000,YZJ,non_handheld,desk_gripped_micro_move,recording,-0.129523,-3.199572,9.280071,0.047297,0.002687,0.018035
614871730.000,YZJ,non_handheld,desk_gripped_micro_move,recording,-0.151728,-3.267623,9.259060,0.039799,0.000780,0.020563
614871740.000,YZJ,non_handheld,desk_gripped_micro_move,recording,-0.139199,-3.294851,9.264129,0.031693,0.014829,0.020334
614871750.000,YZJ,non_handheld,desk_gripped_micro_move,recording,-0.106245,-3.301287,9.241523,0.028403,0.019437,0.019473
614871760.000,YZJ,non_handheld,desk_gripped_micro_move,recording,-0.106918,-3.263346,9.273543,0.030780,0.024769,0.025664
614871770.000,YZJ,non_handheld,desk_gripped_micro_move,recording,-0.078654,-3.256367,9.286117,0.038739,0.043279,0.037982
614871780.000,YZJ,non_handheld,desk_gripped_micro_move,recording,-0.088243,-3.237476,9.285682,0.046780,0.078878,0.042737
614871790.000,YZJ,non_handheld,desk_gripped_micro_move,recording,-0.094497,-3.229152,9.290678,0.058570,0.118638,0.039301
614871800.000,YZJ,non_handheld,desk_gripped_micro_move,recording,-0.110256,-3.193796,9.308980,0.065915,0.146188,0.036228
614871810.000,YZJ,non_handheld,desk_gripped_micro_move,recording,-0.160495,-3.160630,9.291028,0.061405,0.144907,0.028451
614871820.000,YZJ,non_handheld,desk_gripped_micro_move,recording,-0.194259,-3.154929,9.288284,0.051476,0.128642,0.018480
614871830.000,YZJ,non_handheld,desk_gripped_micro_move,recording,-0.251460,-3.197509,9.270300,0.040732,0.116135,0.013510
614871840.000,YZJ,non_handheld,desk_gripped_micro_move,recording,-0.225401,-3.190690,9.281804,0.042639,0.116225,0.009501
614871850.000,YZJ,non_handheld,desk_gripped_micro_move,recording,-0.233071,-3.236635,9.277864,0.046249,0.125993,0.011280
614871860.000,YZJ,non_handheld,desk_gripped_micro_move,recording,-0.198733,-3.232684,9.303666,0.047952,0.158417,0.018163
614871870.000,YZJ,non_handheld,desk_gripped_micro_move,recording,-0.187810,-3.189212,9.339991,0.048813,0.207068,0.024002
614871880.000,YZJ,non_handheld,desk_gripped_micro_move,recording,-0.218437,-3.201602,9.323882,0.056202,0.254552,0.026458
614871890.000,YZJ,non_handheld,desk_gripped_micro_move,recording,-0.303532,-3.177471,9.270693,0.065024,0.251459,0.027481
614871900.000,YZJ,non_handheld,desk_gripped_micro_move,recording,-0.349136,-3.178944,9.274049,0.074062,0.231611,0.027778
614871910.000,YZJ,non_handheld,desk_gripped_micro_move,recording,-0.316622,-3.158131,9.293139,0.079186,0.245650,0.030756
614871920.000,YZJ,non_handheld,desk_gripped_micro_move,recording,-0.315797,-3.169353,9.340473,0.089673,0.273408,0.037157
614871930.000,YZJ,non_handheld,desk_gripped_micro_move,recording,-0.374581,-3.171984,9.297684,0.097625,0.289416,0.039700
614871940.000,YZJ,non_handheld,desk_gripped_micro_move,recording,-0.380192,-3.138530,9.328328,0.101677,0.304507,0.045885
614871950.000,YZJ,non_handheld,desk_gripped_micro_move,recording,-0.446627,-3.150176,9.270731,0.106580,0.302140,0.060567
614871960.000,YZJ,non_handheld,desk_gripped_micro_move,recording,-0.402491,-3.079215,9.288888,0.121230,0.282584,0.062217
614871970.000,YZJ,non_handheld,desk_gripped_micro_move,recording,-0.453507,-3.000745,9.302269,0.140314,0.272738,0.046965
614871980.000,YZJ,non_handheld,desk_gripped_micro_move,recording,-0.613033,-3.122784,9.339608,0.153841,0.302799,0.037375
614871990.000,YZJ,non_handheld,desk_gripped_micro_move,recording,-0.558890,-3.224057,9.365826,0.168270,0.389170,0.025102
614872000.000,YZJ,non_handheld,desk_gripped_micro_move,recording,-0.596889,-3.028449,9.317688,0.173252,0.392962,0.038758
614872010.000,YZJ,non_handheld,desk_gripped_micro_move,recording,-0.668825,-3.116248,9.253095,0.168316,0.345094,0.069440
614872020.000,YZJ,non_handheld,desk_gripped_micro_move,recording,-0.686791,-3.045382,9.274154,0.165556,0.305681,0.095354
614872030.000,YZJ,non_handheld,desk_gripped_micro_move,recording,-0.735257,-3.037403,9.248359,0.166366,0.260642,0.111347
614872040.000,YZJ,non_handheld,desk_gripped_micro_move,recording,-0.747648,-3.006791,9.286941,0.177635,0.237989,0.112037
614872050.000,YZJ,non_handheld,desk_gripped_micro_move,recording,-0.771912,-2.974734,9.308798,0.191049,0.216474,0.110254
614872060.000,YZJ,non_handheld,desk_gripped_micro_move,recording,-0.783212,-2.794537,9.334444,0.197258,0.179076,0.098754
614872070.000,YZJ,non_handheld,desk_gripped_micro_move,recording,-0.763434,-2.762614,9.440981,0.193929,0.193585,0.084898
614872080.000,YZJ,non_handheld,desk_gripped_micro_move,recording,-0.792393,-2.884334,9.438546,0.173228,0.247855,0.070432
614872090.000,YZJ,non_handheld,desk_gripped_micro_move,recording,-0.728064,-2.767223,9.423560,0.153875,0.272065,0.055078
614872100.000,YZJ,non_handheld,desk_gripped_micro_move,recording,-0.746380,-2.663505,9.372747,0.137893,0.255627,0.037196
614872110.000,YZJ,non_handheld,desk_gripped_micro_move,recording,-0.783827,-2.653265,9.334158,0.123773,0.207402,0.018640
614872120.000,YZJ,non_handheld,desk_gripped_micro_move,recording,-0.905836,-2.902087,9.236404,0.099789,0.137175,0.004820
614872130.000,YZJ,non_handheld,desk_gripped_micro_move,recording,-1.120707,-3.153046,9.256550,0.069586,0.079463,0.004726
614872140.000,YZJ,non_handheld,desk_gripped_micro_move,recording,-1.359342,-3.118464,9.052256,0.024910,-0.020258,0.007522
614872150.000,YZJ,non_handheld,desk_gripped_micro_move,recording,-0.998300,-2.809022,9.198035,-0.015676,-0.144389,-0.020100
614872160.000,YZJ,non_handheld,desk_gripped_micro_move,recording,-0.808119,-2.878409,9.135000,-0.052872,-0.274450,-0.066564
614872170.000,YZJ,non_handheld,desk_gripped_micro_move,recording,-0.626520,-2.967654,9.240290,-0.079431,-0.373692,-0.116760
614872180.000,YZJ,non_handheld,desk_gripped_micro_move,recording,-0.471373,-2.941936,9.285726,-0.108416,-0.459152,-0.168148
614872190.000,YZJ,non_handheld,desk_gripped_micro_move,recording,-0.554582,-2.991003,9.224104,-0.139668,-0.537421,-0.213151
614872200.000,YZJ,non_handheld,desk_gripped_micro_move,recording,-0.487383,-3.044994,9.265669,-0.162990,-0.584530,-0.247333
614872210.000,YZJ,non_handheld,desk_gripped_micro_move,recording,-1.420700,-2.946552,9.410355,-0.161418,-0.554744,-0.188151
614872220.000,YZJ,non_handheld,desk_gripped_micro_move,recording,-0.594460,-2.740635,9.547764,-0.126503,-0.435780,-0.164185
614872230.000,YZJ,non_handheld,desk_gripped_micro_move,recording,-0.483784,-2.882158,9.600317,-0.067435,-0.240658,-0.138701
614872240.000,YZJ,non_handheld,desk_gripped_micro_move,recording,-0.547620,-2.616679,9.688479,0.014313,-0.002649,-0.080419
614872250.000,YZJ,non_handheld,desk_gripped_micro_move,recording,-0.840076,-3.082937,9.645598,0.126186,0.299607,0.013391
614872260.000,YZJ,non_handheld,desk_gripped_micro_move,recording,-0.092269,-3.200719,9.666290,0.245110,0.622926,0.010449
614872270.000,YZJ,non_handheld,desk_gripped_micro_move,recording,0.676156,-3.472148,9.495731,0.303703,0.865319,-0.158632
614872280.000,YZJ,non_handheld,desk_gripped_micro_move,recording,-0.077223,-3.052577,9.191012,0.280832,0.788791,-0.261338
614872290.000,YZJ,non_handheld,desk_gripped_micro_move,recording,-1.129358,-2.736884,8.849750,0.160685,0.321218,-0.221390
614872300.000,YZJ,non_handheld,desk_gripped_micro_move,recording,-1.385165,-2.520027,8.858496,0.009517,-0.159463,-0.121321
614872310.000,YZJ,non_handheld,desk_gripped_micro_move,recording,-1.164584,-2.654104,9.086740,-0.082832,-0.449269,-0.067893
614872320.000,YZJ,non_handheld,desk_gripped_micro_move,recording,-0.573617,-2.978612,9.366030,-0.106459,-0.480836,-0.100679
614872330.000,YZJ,non_handheld,desk_gripped_micro_move,recording,-0.332580,-2.961186,9.461571,-0.091082,-0.427797,-0.167754
614872340.000,YZJ,non_handheld,desk_gripped_micro_move,recording,-0.015407,-3.118029,9.351470,-0.074710,-0.367099,-0.235255
614872350.000,YZJ,non_handheld,desk_gripped_micro_move,recording,-0.293519,-3.040513,9.454988,-0.067139,-0.279542,-0.263814
614872360.000,YZJ,non_handheld,desk_gripped_micro_move,recording,-0.623570,-2.816923,9.505384,-0.067243,-0.179268,-0.229396
614872370.000,YZJ,non_handheld,desk_gripped_micro_move,recording,-1.189916,-2.670514,9.564959,-0.059616,-0.076568,-0.130015
614872380.000,YZJ,non_handheld,desk_gripped_micro_move,recording,-1.451717,-2.567876,9.609355,-0.026001,0.053182,-0.008794
614872390.000,YZJ,non_handheld,desk_gripped_micro_move,recording,-1.312869,-2.558131,9.499603,0.011358,0.136122,0.087940
614872400.000,YZJ,non_handheld,desk_gripped_micro_move,recording,-0.963494,-2.969887,9.421327,0.055907,0.245173,0.128248
614872410.000,YZJ,non_handheld,desk_gripped_micro_move,recording,-0.400120,-2.972088,9.389593,0.098013,0.300656,0.139946
614872420.000,YZJ,non_handheld,desk_gripped_micro_move,recording,-0.742209,-2.831886,9.287203,0.099089,0.215982,0.155139
614872430.000,YZJ,non_handheld,desk_gripped_micro_move,recording,-0.780232,-2.758380,9.177034,0.060913,0.052004,0.152811
614872440.000,YZJ,non_handheld,desk_gripped_micro_move,recording,-0.660671,-2.832307,9.170993,0.008855,-0.106992,0.119026
614872450.000,YZJ,non_handheld,desk_gripped_micro_move,recording,-0.698625,-2.907345,9.267665,-0.027797,-0.187583,0.068629
614872460.000,YZJ,non_handheld,desk_gripped_micro_move,recording,-0.624749,-2.857807,9.344785,-0.042835,-0.197374,0.027771
614872470.000,YZJ,non_handheld,desk_gripped_micro_move,recording,-0.850338,-2.754838,9.472493,-0.038330,-0.151858,0.029151
614872480.000,YZJ,non_handheld,desk_gripped_micro_move,recording,-0.647920,-2.845014,9.428084,-0.034645,-0.089204,0.032565
614872490.000,YZJ,non_handheld,desk_gripped_micro_move,recording,-0.543744,-2.774156,9.467216,-0.032870,-0.032459,0.033529
614872500.000,YZJ,non_handheld,desk_gripped_micro_move,recording,-0.656309,-2.720006,9.478815,-0.022534,0.018937,0.051951
614872510.000,YZJ,non_handheld,desk_gripped_micro_move,recording,-0.681264,-2.768863,9.418001,-0.000081,0.057654,0.076613
614872520.000,YZJ,non_handheld,desk_gripped_micro_move,recording,-0.583805,-2.927197,9.367970,0.028852,0.096471,0.087755
614872530.000,YZJ,non_handheld,desk_gripped_micro_move,recording,-0.431306,-2.975700,9.370415,0.050898,0.115134,0.075852
614872540.000,YZJ,non_handheld,desk_gripped_micro_move,recording,-0.428494,-2.988612,9.289868,0.040984,0.086864,0.055555
614872550.000,YZJ,non_handheld,desk_gripped_micro_move,recording,-0.762648,-3.079885,9.292226,0.012350,0.050556,0.047812
614872560.000,YZJ,non_handheld,desk_gripped_micro_move,recording,-0.602812,-2.871074,9.346933,-0.004589,0.052118,0.007086
614872570.000,YZJ,non_handheld,desk_gripped_micro_move,recording,-0.308291,-3.142688,9.336395,-0.014293,0.076413,-0.078685
614872580.000,YZJ,non_handheld,desk_gripped_micro_move,recording,-0.637297,-3.072627,9.237644,-0.035040,0.035202,-0.125016
614872590.000,YZJ,non_handheld,desk_gripped_micro_move,recording,-1.058310,-2.775378,9.309009,-0.052193,-0.001035,-0.096196
614872600.000,YZJ,non_handheld,desk_gripped_micro_move,recording,-0.891482,-2.631640,9.404391,-0.045725,-0.027908,-0.049967
614872610.000,YZJ,non_handheld,desk_gripped_micro_move,recording,-0.595800,-2.561840,9.438376,-0.025901,-0.036750,-0.005970
614872620.000,YZJ,non_handheld,desk_gripped_micro_move,recording,-0.598234,-3.012679,9.360015,-0.008215,-0.011291,0.019620
614872630.000,YZJ,non_handheld,desk_gripped_micro_move,recording,-0.635907,-2.897723,9.379735,0.010741,0.007397,0.034993
614872640.000,YZJ,non_handheld,desk_gripped_micro_move,recording,-0.573721,-2.892546,9.349445,0.018735,0.018782,0.044931
614872650.000,YZJ,non_handheld,desk_gripped_micro_move,recording,-0.609382,-2.888303,9.363296,0.021891,0.018620,0.051636
614872660.000,YZJ,non_handheld,desk_gripped_micro_move,recording,-0.682620,-2.907863,9.398196,0.018372,0.049447,0.056076
614872670.000,YZJ,non_handheld,desk_gripped_micro_move,recording,-0.635899,-2.879895,9.419451,0.014526,0.082636,0.058936
614872680.000,YZJ,non_handheld,desk_gripped_micro_move,recording,-0.675638,-2.895605,9.336455,0.014221,0.078218,0.070560
614872690.000,YZJ,non_handheld,desk_gripped_micro_move,recording,-0.629670,-2.897112,9.402260,0.020490,0.111757,0.087197
614872700.000,YZJ,non_handheld,desk_gripped_micro_move,recording,-0.568882,-2.903194,9.469750,0.027164,0.198328,0.100158
614872710.000,YZJ,non_handheld,desk_gripped_micro_move,recording,-0.629718,-2.889185,9.464335,0.035812,0.274044,0.107613
614872720.000,YZJ,non_handheld,desk_gripped_micro_move,recording,-0.694871,-2.872785,9.413301,0.042677,0.311658,0.104459
614872730.000,YZJ,non_handheld,desk_gripped_micro_move,recording,-0.652887,-2.829708,9.377810,0.051815,0.337063,0.092479
614872740.000,YZJ,non_handheld,desk_gripped_micro_move,recording,-0.655318,-2.834240,9.400290,0.072716,0.364026,0.077889
614872750.000,YZJ,non_handheld,desk_gripped_micro_move,recording,-0.895088,-3.057805,9.304765,0.079431,0.350660,0.081383
614872760.000,YZJ,non_handheld,desk_gripped_micro_move,recording,-0.961249,-2.970045,9.180480,0.060606,0.285965,0.086678
614872770.000,YZJ,non_handheld,desk_gripped_micro_move,recording,-0.917118,-2.751384,9.200323,0.042696,0.124818,0.102066
614872780.000,YZJ,non_handheld,desk_gripped_micro_move,recording,-0.733242,-2.492295,9.262974,0.034131,-0.010081,0.106562
614872790.000,YZJ,non_handheld,desk_gripped_micro_move,recording,-1.022779,-2.923636,9.346966,0.031090,-0.009714,0.082951
614872800.000,YZJ,non_handheld,desk_gripped_micro_move,recording,-0.716478,-2.875277,9.384487,0.041201,0.040904,0.029192
614872810.000,YZJ,non_handheld,desk_gripped_micro_move,recording,-0.738583,-2.660308,9.398272,0.060863,0.048357,-0.019380
614872820.000,YZJ,non_handheld,desk_gripped_micro_move,recording,-0.733126,-2.567876,9.375309,0.085837,0.013002,-0.066142
614872830.000,YZJ,non_handheld,desk_gripped_micro_move,recording,-0.535453,-2.414050,9.429380,0.119069,-0.002140,-0.126930
614872840.000,YZJ,non_handheld,desk_gripped_micro_move,recording,-0.585046,-2.621838,9.500378,0.146378,0.032989,-0.179139
614872850.000,YZJ,non_handheld,desk_gripped_micro_move,recording,-0.922861,-2.780232,9.357148,0.151923,0.063652,-0.200390
614872860.000,YZJ,non_handheld,desk_gripped_micro_move,recording,-1.153359,-2.877717,9.385927,0.142518,0.048383,-0.189468
614872870.000,YZJ,non_handheld,desk_gripped_micro_move,recording,-1.305312,-2.910472,9.203485,0.115315,0.016854,-0.156210
614872880.000,YZJ,non_handheld,desk_gripped_micro_move,recording,-1.407209,-2.861721,9.283844,0.081082,-0.017156,-0.112691
614872890.000,YZJ,non_handheld,desk_gripped_micro_move,recording,-1.258150,-2.796299,9.301555,0.055002,-0.039448,-0.082274
614872900.000,YZJ,non_handheld,desk_gripped_micro_move,recording,-1.078584,-2.641910,9.339582,0.049971,-0.069252,-0.070687
614872910.000,YZJ,non_handheld,desk_gripped_micro_move,recording,-1.092940,-2.792248,9.312177,0.043329,-0.106576,-0.054835
614872920.000,YZJ,non_handheld,desk_gripped_micro_move,recording,-0.951399,-2.690805,9.297870,0.036257,-0.152759,-0.048585
614872930.000,YZJ,non_handheld,desk_gripped_micro_move,recording,-0.876350,-2.617976,9.393720,0.037870,-0.181312,-0.053578
614872940.000,YZJ,non_handheld,desk_gripped_micro_move,recording,-1.067022,-2.870670,9.425130,0.041908,-0.160092,-0.042210
614872950.000,YZJ,non_handheld,desk_gripped_micro_move,recording,-0.990564,-2.724844,9.358476,0.036236,-0.147802,-0.030008
614872960.000,YZJ,non_handheld,desk_gripped_micro_move,recording,-0.960247,-2.686525,9.475540,0.021859,-0.109632,-0.015229
614872970.000,YZJ,non_handheld,desk_gripped_micro_move,recording,-1.008633,-2.707062,9.488432,-0.007058,-0.050628,0.009451
614872980.000,YZJ,non_handheld,desk_gripped_micro_move,recording,-1.103205,-2.728297,9.392826,-0.041261,-0.045521,0.035438
614872990.000,YZJ,non_handheld,desk_gripped_micro_move,recording,-1.215566,-2.657139,9.352120,-0.066396,-0.082994,0.056838
614873000.000,YZJ,non_handheld,desk_gripped_micro_move,recording,-1.176239,-2.635726,9.299891,-0.081553,-0.126656,0.072577
614873010.000,YZJ,non_handheld,desk_gripped_micro_move,recording,-1.142263,-2.645241,9.352806,-0.088472,-0.152249,0.087327
614873020.000,YZJ,non_handheld,desk_gripped_micro_move,recording,-1.052672,-2.644208,9.392916,-0.095251,-0.158365,0.096908
614873030.000,YZJ,non_handheld,desk_gripped_micro_move,recording,-1.064090,-2.603577,9.364160,-0.097281,-0.175543,0.105996
614873040.000,YZJ,non_handheld,desk_gripped_micro_move,recording,-0.823978,-2.696146,9.488582,-0.088521,-0.177352,0.096084
614873050.000,YZJ,non_handheld,desk_gripped_micro_move,recording,-0.308351,-2.817676,9.394727,-0.090515,-0.150672,0.066116
614873060.000,YZJ,non_handheld,desk_gripped_micro_move,recording,-0.976538,-2.776564,9.424098,-0.090964,-0.124649,0.080082
614873070.000,YZJ,non_handheld,desk_gripped_micro_move,recording,-0.709528,-2.842405,9.367608,-0.076777,-0.098610,0.089967
614873080.000,YZJ,non_handheld,desk_gripped_micro_move,recording,-0.551725,-2.870218,9.436054,-0.059111,-0.041380,0.085170
614873090.000,YZJ,non_handheld,desk_gripped_micro_move,recording,-0.541892,-2.866145,9.447470,-0.031913,0.002468,0.060729
614873100.000,YZJ,non_handheld,desk_gripped_micro_move,recording,0.889491,-3.014492,9.458196,-0.014617,0.034774,-0.081969
614873110.000,YZJ,non_handheld,desk_gripped_micro_move,recording,-0.447878,-3.064680,9.345994,-0.006485,0.084301,-0.110596
614873120.000,YZJ,non_handheld,desk_gripped_micro_move,recording,-0.633767,-2.834739,9.327249,0.010744,0.047737,-0.073926
614873130.000,YZJ,non_handheld,desk_gripped_micro_move,recording,-1.132967,-3.130959,9.021459,0.036403,-0.115251,-0.000671
614873140.000,YZJ,non_handheld,desk_gripped_micro_move,recording,-0.820631,-3.072534,9.361811,0.029498,-0.076922,0.013598
614873150.000,YZJ,non_handheld,desk_gripped_micro_move,recording,-0.931182,-2.998382,9.517831,-0.036751,0.062918,-0.003758
614873160.000,YZJ,non_handheld,desk_gripped_micro_move,recording,-0.453886,-2.605341,9.428289,-0.075391,0.012575,-0.045824
614873170.000,YZJ,non_handheld,desk_gripped_micro_move,recording,-0.513477,-2.439409,9.304933,-0.077662,-0.103405,-0.068119
614873180.000,YZJ,non_handheld,desk_gripped_micro_move,recording,-0.649494,-2.690659,9.421269,-0.075303,-0.120643,-0.050518
614873190.000,YZJ,non_handheld,desk_gripped_micro_move,recording,-0.512408,-2.794490,9.571775,-0.074225,-0.008469,-0.034085
614873200.000,YZJ,non_handheld,desk_gripped_micro_move,recording,-0.607133,-2.852178,9.516294,-0.066171,0.100009,-0.023342
614873210.000,YZJ,non_handheld,desk_gripped_micro_move,recording,-0.702017,-2.860879,9.326013,-0.065838,0.103597,-0.008987
614873220.000,YZJ,non_handheld,desk_gripped_micro_move,recording,-0.820880,-2.874191,9.288769,-0.073513,0.053831,0.010954
614873230.000,YZJ,non_handheld,desk_gripped_micro_move,recording,-0.775478,-2.862428,9.329409,-0.071645,0.016208,0.027378
614873240.000,YZJ,non_handheld,desk_gripped_micro_move,recording,-0.678980,-2.823120,9.348653,-0.053453,-0.003679,0.035333
614873250.000,YZJ,non_handheld,desk_gripped_micro_move,recording,-0.634332,-2.738940,9.385089,-0.032882,-0.004489,0.038906
614873260.000,YZJ,non_handheld,desk_gripped_micro_move,recording,-0.660093,-2.875947,9.388783,-0.011814,0.020188,0.046647
614873270.000,YZJ,non_handheld,desk_gripped_micro_move,recording,-0.692794,-2.898693,9.343142,0.002888,0.030702,0.062158
614873280.000,YZJ,non_handheld,desk_gripped_micro_move,recording,-0.730667,-2.934177,9.316631,0.008761,0.007616,0.078901
614873290.000,YZJ,non_handheld,desk_gripped_micro_move,recording,-0.560180,-3.023800,9.240752,0.012474,-0.038432,0.083036
614873300.000,YZJ,non_handheld,desk_gripped_micro_move,recording,-0.390149,-2.953665,9.300418,0.016607,-0.068509,0.033110
614873310.000,YZJ,non_handheld,desk_gripped_micro_move,recording,-0.455615,-2.846902,9.448525,0.013855,-0.050790,-0.013487
614873320.000,YZJ,non_handheld,desk_gripped_micro_move,recording,-1.606339,-2.572171,9.413409,0.008890,-0.018310,0.027930
614873330.000,YZJ,non_handheld,desk_gripped_micro_move,recording,-0.693338,-2.709375,9.298552,0.002628,-0.067447,0.018684
614873340.000,YZJ,non_handheld,desk_gripped_micro_move,recording,-0.854651,-2.828640,9.314819,0.001613,-0.105008,0.002655
614873350.000,YZJ,non_handheld,desk_gripped_micro_move,recording,-0.704986,-2.873164,9.343790,0.007387,-0.120659,-0.001625
614873360.000,YZJ,non_handheld,desk_gripped_micro_move,recording,-0.673917,-2.838104,9.371111,0.009882,-0.118605,-0.007499
614873370.000,YZJ,non_handheld,desk_gripped_micro_move,recording,-0.689247,-2.833660,9.390054,0.004141,-0.109056,-0.015453
614873380.000,YZJ,non_handheld,desk_gripped_micro_move,recording,-0.652433,-2.856695,9.373443,-0.002956,-0.111271,-0.016808
614873390.000,YZJ,non_handheld,desk_gripped_micro_move,recording,-0.629746,-2.957379,9.331179,-0.012765,-0.127499,-0.013484
614873400.000,YZJ,non_handheld,desk_gripped_micro_move,recording,-0.532814,-3.122541,9.274392,-0.033201,-0.148553,-0.019612
614873410.000,YZJ,non_handheld,desk_gripped_micro_move,recording,-0.423711,-3.150188,9.312452,-0.050697,-0.163181,-0.030934
614873420.000,YZJ,non_handheld,desk_gripped_micro_move,recording,-0.754275,-2.819285,9.366650,-0.065814,-0.168473,-0.021226
614873430.000,YZJ,non_handheld,desk_gripped_micro_move,recording,-0.251546,-3.057445,9.341418,-0.088873,-0.149316,-0.027617
614873440.000,YZJ,non_handheld,desk_gripped_micro_move,recording,-0.551646,-2.854717,9.453803,-0.100858,-0.122402,-0.022699
614873450.000,YZJ,non_handheld,desk_gripped_micro_move,recording,-0.461229,-2.829414,9.410809,-0.103063,-0.094599,-0.007094
614873460.000,YZJ,non_handheld,desk_gripped_micro_move,recording,-0.479026,-3.053438,9.354963,-0.101708,-0.061368,-0.000979
614873470.000,YZJ,non_handheld,desk_gripped_micro_move,recording,-0.340254,-2.892138,9.421103,-0.101691,-0.032777,-0.017173
614873480.000,YZJ,non_handheld,desk_gripped_micro_move,recording,-0.009273,-2.627974,9.577452,-0.093624,-0.000091,-0.054907
614873490.000,YZJ,non_handheld,desk_gripped_micro_move,recording,-0.738635,-2.824430,9.361546,-0.082465,0.044432,-0.056532
614873500.000,YZJ,non_handheld,desk_gripped_micro_move,recording,-0.718483,-2.851682,9.341137,-0.058655,0.028471,-0.043295
614873510.000,YZJ,non_handheld,desk_gripped_micro_move,recording,-0.797567,-2.800408,9.355783,-0.049482,0.011171,-0.022019
614873520.000,YZJ,non_handheld,desk_gripped_micro_move,recording,-0.904267,-2.812744,9.382973,-0.048995,0.007874,0.009544
614873530.000,YZJ,non_handheld,desk_gripped_micro_move,recording,-0.817530,-2.811184,9.387773,-0.048696,0.011122,0.038090
614873540.000,YZJ,non_handheld,desk_gripped_micro_move,recording,-0.622948,-2.911758,9.323726,-0.055089,0.002193,0.046739
614873550.000,YZJ,non_handheld,desk_gripped_micro_move,recording,-0.504865,-2.974490,9.357609,-0.065911,-0.000249,0.032095
614873560.000,YZJ,non_handheld,desk_gripped_micro_move,recording,-0.503750,-2.959465,9.324668,-0.073929,-0.026099,0.010743
614873570.000,YZJ,non_handheld,desk_gripped_micro_move,recording,-0.507627,-2.950364,9.244870,-0.083347,-0.092430,-0.014399
614873580.000,YZJ,non_handheld,desk_gripped_micro_move,recording,-0.413357,-2.954361,9.271401,-0.093056,-0.152309,-0.045116
614873590.000,YZJ,non_handheld,desk_gripped_micro_move,recording,-0.348294,-2.954150,9.310078,-0.087597,-0.189390,-0.072272
614873600.000,YZJ,non_handheld,desk_gripped_micro_move,recording,-0.414834,-2.930928,9.358354,-0.069811,-0.185593,-0.088941
614873610.000,YZJ,non_handheld,desk_gripped_micro_move,recording,-0.465610,-2.880278,9.396451,-0.042444,-0.150584,-0.096122
614873620.000,YZJ,non_handheld,desk_gripped_micro_move,recording,-0.513668,-2.851901,9.402393,-0.014248,-0.117200,-0.095460
614873630.000,YZJ,non_handheld,desk_gripped_micro_move,recording,-0.521987,-2.893093,9.394424,0.007107,-0.086510,-0.087591
614873640.000,YZJ,non_handheld,desk_gripped_micro_move,recording,-0.536846,-3.034097,9.337013,0.015916,-0.072603,-0.076470
614873650.000,YZJ,non_handheld,desk_gripped_micro_move,recording,-0.535079,-2.937271,9.342352,0.019863,-0.059746,-0.068279
614873660.000,YZJ,non_handheld,desk_gripped_micro_move,recording,-0.659913,-3.209346,9.276611,0.012559,-0.073006,-0.051496
614873670.000,YZJ,non_handheld,desk_gripped_micro_move,recording,-0.696248,-3.212474,9.226823,0.003107,-0.090632,-0.031373
614873680.000,YZJ,non_handheld,desk_gripped_micro_move,recording,-0.470185,-3.003162,9.380476,-0.005664,-0.067425,-0.027715
614873690.000,YZJ,non_handheld,desk_gripped_micro_move,recording,-0.413514,-3.007127,9.338685,-0.011234,-0.060369,-0.021580
614873700.000,YZJ,non_handheld,desk_gripped_micro_move,recording,-0.387431,-3.003966,9.329925,-0.012651,-0.055979,-0.018659
614873710.000,YZJ,non_handheld,desk_gripped_micro_move,recording,-0.379906,-2.996273,9.370939,-0.011181,-0.042272,-0.026501
614873720.000,YZJ,non_handheld,desk_gripped_micro_move,recording,-0.393837,-2.987099,9.356264,-0.010214,-0.039236,-0.032128
614873730.000,YZJ,non_handheld,desk_gripped_micro_move,recording,-0.428833,-3.002821,9.345943,-0.014221,-0.023728,-0.032617
614873740.000,YZJ,non_handheld,desk_gripped_micro_move,recording,-0.382321,-3.008248,9.342554,-0.018876,-0.016592,-0.026792
614873750.000,YZJ,non_handheld,desk_gripped_micro_move,recording,-0.382092,-3.027711,9.328524,-0.015996,-0.012898,-0.020254
614873760.000,YZJ,non_handheld,desk_gripped_micro_move,recording,-0.367927,-3.007171,9.332625,-0.007757,-0.009085,-0.012057
614873770.000,YZJ,non_handheld,desk_gripped_micro_move,recording,-0.389237,-3.027826,9.328961,-0.003232,-0.013793,-0.005084
614873780.000,YZJ,non_handheld,desk_gripped_micro_move,recording,-0.388008,-3.030151,9.341652,-0.005933,-0.012851,-0.002314
614873790.000,YZJ,non_handheld,desk_gripped_micro_move,recording,-0.410974,-3.052217,9.315584,-0.012019,-0.025310,-0.001423
614873800.000,YZJ,non_handheld,desk_gripped_micro_move,recording,-0.387116,-2.980515,9.324368,-0.011976,-0.034773,-0.001278
614873810.000,YZJ,non_handheld,desk_gripped_micro_move,recording,-0.374857,-3.017916,9.343844,-0.008519,-0.031556,0.001688
614873820.000,YZJ,non_handheld,desk_gripped_micro_move,recording,-0.370083,-3.001043,9.338886,-0.010152,-0.022520,0.001937
614873830.000,YZJ,non_handheld,desk_gripped_micro_move,recording,-0.375518,-3.001737,9.356037,-0.009825,-0.018314,-0.001495
614873840.000,YZJ,non_handheld,desk_gripped_micro_move,recording,-0.353132,-3.014044,9.350151,-0.012531,-0.008101,-0.001985
614873850.000,YZJ,non_handheld,desk_gripped_micro_move,recording,-0.346746,-3.034672,9.348808,-0.018681,0.006150,0.005606
614873860.000,YZJ,non_handheld,desk_gripped_micro_move,recording,-0.332938,-3.035471,9.363181,-0.020926,0.033283,0.019588
614873870.000,YZJ,non_handheld,desk_gripped_micro_move,recording,-0.355469,-3.035781,9.345761,-0.018813,0.055167,0.027262
614873880.000,YZJ,non_handheld,desk_gripped_micro_move,recording,-0.368204,-3.028034,9.357569,-0.014191,0.065781,0.026818
614873890.000,YZJ,non_handheld,desk_gripped_micro_move,recording,-0.388258,-3.063939,9.330377,-0.016765,0.072423,0.025575
614873900.000,YZJ,non_handheld,desk_gripped_micro_move,recording,-0.358647,-3.084570,9.348386,-0.025152,0.097729,0.018770
614873910.000,YZJ,non_handheld,desk_gripped_micro_move,recording,-0.377437,-3.020570,9.356957,-0.035687,0.124031,0.012930
614873920.000,YZJ,non_handheld,desk_gripped_micro_move,recording,-0.415514,-3.044457,9.332564,-0.054534,0.124290,0.013793
614873930.000,YZJ,non_handheld,desk_gripped_micro_move,recording,-0.419144,-3.067366,9.311652,-0.071493,0.113583,0.009955
614873940.000,YZJ,non_handheld,desk_gripped_micro_move,recording,-0.378099,-3.130373,9.284367,-0.086081,0.109460,-0.000533
614873950.000,YZJ,non_handheld,desk_gripped_micro_move,recording,-0.491182,-3.159928,9.273613,-0.093240,0.089454,-0.020456
614873960.000,YZJ,non_handheld,desk_gripped_micro_move,recording,-0.532002,-3.048992,9.286210,-0.095564,0.070379,-0.024920
614873970.000,YZJ,non_handheld,desk_gripped_micro_move,recording,-0.488849,-3.018179,9.353937,-0.094837,0.095109,-0.014466
614873980.000,YZJ,non_handheld,desk_gripped_micro_move,recording,-0.474484,-3.157502,9.329300,-0.095015,0.133705,0.000032
614873990.000,YZJ,non_handheld,desk_gripped_micro_move,recording,-0.436680,-3.033131,9.368292,-0.087335,0.148533,0.005743
614874000.000,YZJ,non_handheld,desk_gripped_micro_move,recording,-0.479640,-2.864288,9.376357,-0.079758,0.146504,0.011708
614874010.000,YZJ,non_handheld,desk_gripped_micro_move,recording,-0.510713,-3.157491,9.281286,-0.080275,0.142789,0.014639
614874020.000,YZJ,non_handheld,desk_gripped_micro_move,recording,-0.511908,-3.073874,9.248550,-0.076164,0.116753,0.014737
614874030.000,YZJ,non_handheld,desk_gripped_micro_move,recording,-0.566925,-3.053513,9.259173,-0.066278,0.085808,0.015606
614874040.000,YZJ,non_handheld,desk_gripped_micro_move,recording,-0.578068,-3.110152,9.260491,-0.053606,0.060108,0.014540
614874050.000,YZJ,non_handheld,desk_gripped_micro_move,recording,-0.582316,-3.120701,9.241586,-0.043316,0.025336,0.007763
614874060.000,YZJ,non_handheld,desk_gripped_micro_move,recording,-0.556995,-3.132076,9.249202,-0.036372,0.002622,-0.001657
614874070.000,YZJ,non_handheld,desk_gripped_micro_move,recording,-0.523905,-3.135646,9.268406,-0.029902,-0.004026,-0.013549
614874080.000,YZJ,non_handheld,desk_gripped_micro_move,recording,-0.547001,-3.151940,9.293924,-0.022539,0.007324,-0.024541
614874090.000,YZJ,non_handheld,desk_gripped_micro_move,recording,-0.627130,-3.140018,9.280778,-0.015725,0.011975,-0.026766
614874100.000,YZJ,non_handheld,desk_gripped_micro_move,recording,-0.659694,-3.135690,9.255110,-0.018572,0.000213,-0.025377
614874110.000,YZJ,non_handheld,desk_gripped_micro_move,recording,-0.557433,-3.127372,9.306045,-0.027619,0.000191,-0.029683
614874120.000,YZJ,non_handheld,desk_gripped_micro_move,recording,-0.557368,-3.165621,9.279029,-0.034133,0.003871,-0.025164
614874130.000,YZJ,non_handheld,desk_gripped_micro_move,recording,-0.537212,-3.184216,9.312172,-0.037580,0.027277,-0.019141
614874140.000,YZJ,non_handheld,desk_gripped_micro_move,recording,-0.529550,-3.185562,9.281420,-0.046144,0.044039,-0.012635
614874150.000,YZJ,non_handheld,desk_gripped_micro_move,recording,-0.572148,-3.220786,9.279365,-0.056906,0.061649,-0.004888
614874160.000,YZJ,non_handheld,desk_gripped_micro_move,recording,-0.609419,-3.224228,9.252777,-0.068295,0.050368,0.002312
614874170.000,YZJ,non_handheld,desk_gripped_micro_move,recording,-0.602159,-3.210341,9.231535,-0.082359,0.019062,0.004158
614874180.000,YZJ,non_handheld,desk_gripped_micro_move,recording,-0.617510,-3.176470,9.225883,-0.094142,-0.015644,0.005564
614874190.000,YZJ,non_handheld,desk_gripped_micro_move,recording,-0.546044,-3.170895,9.241037,-0.101784,-0.041023,0.010463
614874200.000,YZJ,non_handheld,desk_gripped_micro_move,recording,-0.531480,-3.189522,9.300417,-0.110595,-0.029226,0.012774
614874210.000,YZJ,non_handheld,desk_gripped_micro_move,recording,-0.509837,-3.208291,9.301446,-0.115696,-0.002868,0.016151
614874220.000,YZJ,non_handheld,desk_gripped_micro_move,recording,-0.544834,-3.206549,9.276607,-0.123863,0.008060,0.018051
614874230.000,YZJ,non_handheld,desk_gripped_micro_move,recording,-0.587143,-3.138614,9.266953,-0.131743,-0.003979,0.017807
614874240.000,YZJ,non_handheld,desk_gripped_micro_move,recording,-0.603755,-3.207622,9.239016,-0.146942,-0.028163,0.019389
614874250.000,YZJ,non_handheld,desk_gripped_micro_move,recording,-0.597047,-3.270167,9.228956,-0.162632,-0.055424,0.022170
614874260.000,YZJ,non_handheld,desk_gripped_micro_move,recording,-0.563778,-3.278193,9.211055,-0.176231,-0.062510,0.019462
614874270.000,YZJ,non_handheld,desk_gripped_micro_move,recording,-0.558470,-3.265869,9.269416,-0.181893,-0.045017,0.017148
614874280.000,YZJ,non_handheld,desk_gripped_micro_move,recording,-0.541297,-3.280817,9.291344,-0.178007,0.006491,0.020118
614874290.000,YZJ,non_handheld,desk_gripped_micro_move,recording,-0.593518,-3.354627,9.264093,-0.169349,0.065847,0.029976
614874300.000,YZJ,non_handheld,desk_gripped_micro_move,recording,-0.656232,-3.386736,9.224997,-0.161774,0.105224,0.052677
614874310.000,YZJ,non_handheld,desk_gripped_micro_move,recording,-0.692969,-3.364533,9.204552,-0.156232,0.115983,0.070249
614874320.000,YZJ,non_handheld,desk_gripped_micro_move,recording,-0.708007,-3.327707,9.229646,-0.152821,0.114974,0.096189
614874330.000,YZJ,non_handheld,desk_gripped_micro_move,recording,-0.892860,-3.466882,9.199779,-0.152607,0.156477,0.131018
614874340.000,YZJ,non_handheld,desk_gripped_micro_move,recording,-0.357757,-3.434439,9.213547,-0.151521,0.184524,0.128664
614874350.000,YZJ,non_handheld,desk_gripped_micro_move,recording,-0.900985,-3.215252,9.214632,-0.163305,0.169800,0.126277
614874360.000,YZJ,non_handheld,desk_gripped_micro_move,recording,-0.441322,-3.374795,9.135336,-0.183189,0.100928,0.113222
614874370.000,YZJ,non_handheld,desk_gripped_micro_move,recording,-0.711192,-3.407905,9.127022,-0.229310,0.025615,0.100274
614874380.000,YZJ,non_handheld,desk_gripped_micro_move,recording,-0.570306,-3.449799,9.120727,-0.280860,-0.035584,0.075332
614874390.000,YZJ,non_handheld,desk_gripped_micro_move,recording,-0.613261,-3.402471,9.120405,-0.322550,-0.099483,0.048451
614874400.000,YZJ,non_handheld,desk_gripped_micro_move,recording,-0.646161,-3.446126,9.112427,-0.346162,-0.141680,0.027878
614874410.000,YZJ,non_handheld,desk_gripped_micro_move,recording,-0.575914,-3.479552,9.159749,-0.353258,-0.154865,0.005183
614874420.000,YZJ,non_handheld,desk_gripped_micro_move,recording,-0.546466,-3.433505,9.178770,-0.351290,-0.146034,-0.014942
614874430.000,YZJ,non_handheld,desk_gripped_micro_move,recording,-0.613100,-3.578104,9.111069,-0.352160,-0.156240,-0.021138
614874440.000,YZJ,non_handheld,desk_gripped_micro_move,recording,-0.625484,-3.616065,9.070679,-0.357528,-0.169404,-0.024302
614874450.000,YZJ,non_handheld,desk_gripped_micro_move,recording,-0.591399,-3.664518,9.119333,-0.369046,-0.164362,-0.025412
614874460.000,YZJ,non_handheld,desk_gripped_micro_move,recording,-0.609741,-3.699838,9.078170,-0.372300,-0.168150,-0.020578
614874470.000,YZJ,non_handheld,desk_gripped_micro_move,recording,-0.672341,-3.755667,9.052909,-0.361460,-0.157052,-0.002487
614874480.000,YZJ,non_handheld,desk_gripped_micro_move,recording,-0.678771,-3.762943,9.071804,-0.340159,-0.139093,0.022678
614874490.000,YZJ,non_handheld,desk_gripped_micro_move,recording,-0.693438,-3.797619,9.077224,-0.314562,-0.100549,0.051137
614874500.000,YZJ,non_handheld,desk_gripped_micro_move,recording,-0.672049,-3.869239,9.046987,-0.298824,-0.046058,0.082625
614874510.000,YZJ,non_handheld,desk_gripped_micro_move,recording,-0.579201,-3.952733,9.017487,-0.284672,-0.003012,0.107289
614874520.000,YZJ,non_handheld,desk_gripped_micro_move,recording,-0.444551,-3.951303,8.983278,-0.270707,0.014666,0.112471
614874530.000,YZJ,non_handheld,desk_gripped_micro_move,recording,-0.327415,-3.933135,8.965633,-0.256222,-0.001055,0.096460
614874540.000,YZJ,non_handheld,desk_gripped_micro_move,recording,-0.281252,-3.958371,8.952271,-0.242748,-0.012163,0.076171
614874550.000,YZJ,non_handheld,desk_gripped_micro_move,recording,-0.417079,-3.964452,8.959410,-0.229436,-0.001846,0.065235
614874560.000,YZJ,non_handheld,desk_gripped_micro_move,recording,-0.537925,-3.997063,8.952389,-0.215105,0.007891,0.065743
614874570.000,YZJ,non_handheld,desk_gripped_micro_move,recording,-0.520704,-3.971613,8.979135,-0.200789,0.029285,0.059841
614874580.000,YZJ,non_handheld,desk_gripped_micro_move,recording,-0.553342,-3.988073,8.967827,-0.182460,0.048648,0.054269
614874590.000,YZJ,non_handheld,desk_gripped_micro_move,recording,-0.689789,-4.028927,8.930435,-0.160865,0.063960,0.060085
614874600.000,YZJ,non_handheld,desk_gripped_micro_move,recording,-0.877606,-4.016951,8.900685,-0.140974,0.043753,0.081758
614874610.000,YZJ,non_handheld,desk_gripped_micro_move,recording,-0.937888,-4.034696,8.881150,-0.133290,0.020120,0.108635
614874620.000,YZJ,non_handheld,desk_gripped_micro_move,recording,-1.020004,-4.137909,8.835340,-0.139878,-0.007910,0.142533
614874630.000,YZJ,non_handheld,desk_gripped_micro_move,recording,-1.200888,-4.153884,8.809474,-0.155166,-0.042418,0.192338
614874640.000,YZJ,non_handheld,desk_gripped_micro_move,recording,-0.944251,-3.895395,9.034065,-0.156475,-0.019310,0.225803
614874650.000,YZJ,non_handheld,desk_gripped_micro_move,recording,-1.001580,-4.062229,8.943865,-0.149497,0.011311,0.258639
614874660.000,YZJ,non_handheld,desk_gripped_micro_move,recording,-0.948376,-4.115467,8.846600,-0.135372,0.011894,0.274062
614874670.000,YZJ,non_handheld,desk_gripped_micro_move,recording,-0.699703,-3.964923,8.894612,-0.124482,-0.004987,0.264801
614874680.000,YZJ,non_handheld,desk_gripped_micro_move,recording,-0.635340,-4.036793,8.860713,-0.124890,-0.035451,0.246037
614874690.000,YZJ,non_handheld,desk_gripped_micro_move,recording,-0.532545,-4.192034,8.864202,-0.147216,-0.046698,0.215573
614874700.000,YZJ,non_handheld,desk_gripped_micro_move,recording,-0.439970,-4.200954,8.846443,-0.172876,-0.051496,0.178883
614874710.000,YZJ,non_handheld,desk_gripped_micro_move,recording,-0.560608,-4.249667,8.815965,-0.205173,-0.055522,0.160228
614874720.000,YZJ,non_handheld,desk_gripped_micro_move,recording,-0.643858,-4.404091,8.783565,-0.240728,-0.062907,0.148898
614874730.000,YZJ,non_handheld,desk_gripped_micro_move,recording,-0.557942,-4.159342,8.886846,-0.265705,-0.067330,0.126072
614874740.000,YZJ,non_handheld,desk_gripped_micro_move,recording,-0.316271,-4.255273,8.627000,-0.293041,-0.174443,0.083274
614874750.000,YZJ,non_handheld,desk_gripped_micro_move,recording,-0.577901,-4.268554,8.905142,-0.313049,-0.180915,0.062425
614874760.000,YZJ,non_handheld,desk_gripped_micro_move,recording,-0.301192,-4.249365,8.764288,-0.309917,-0.194065,0.037776
614874770.000,YZJ,non_handheld,desk_gripped_micro_move,recording,-0.363483,-4.281619,8.872704,-0.303988,-0.204806,0.006598
614874780.000,YZJ,non_handheld,desk_gripped_micro_move,recording,-0.404917,-4.455827,8.671187,-0.304087,-0.235540,-0.006492
614874790.000,YZJ,non_handheld,desk_gripped_micro_move,recording,-0.548418,-4.526387,8.719987,-0.302879,-0.220398,-0.003429
614874800.000,YZJ,non_handheld,desk_gripped_micro_move,recording,-0.363874,-4.283258,8.891706,-0.294690,-0.174382,-0.003878
614874810.000,YZJ,non_handheld,desk_gripped_micro_move,recording,-0.591220,-4.743433,8.573525,-0.289126,-0.121017,0.011343
614874820.000,YZJ,non_handheld,desk_gripped_micro_move,recording,-0.432225,-4.351793,8.896497,-0.268430,-0.068830,0.013679
614874830.000,YZJ,non_handheld,desk_gripped_micro_move,recording,-0.445003,-4.474769,8.772319,-0.255900,-0.071947,0.018651
614874840.000,YZJ,non_handheld,desk_gripped_micro_move,recording,-0.728172,-4.717085,8.456248,-0.264657,-0.094819,0.045702
614874850.000,YZJ,non_handheld,desk_gripped_micro_move,recording,-0.442396,-4.353899,8.863395,-0.259343,-0.082810,0.048242
614874860.000,YZJ,non_handheld,desk_gripped_micro_move,recording,-0.540313,-4.661957,8.570502,-0.255222,-0.074962,0.053033
614874870.000,YZJ,non_handheld,desk_gripped_micro_move,recording,-0.175476,-4.268748,8.891009,-0.242446,-0.061266,0.040155
614874880.000,YZJ,non_handheld,desk_gripped_micro_move,recording,-0.478970,-4.754016,8.585005,-0.235750,-0.067826,0.032896
614874890.000,YZJ,non_handheld,desk_gripped_micro_move,recording,-0.434093,-4.551983,8.586769,-0.238613,-0.096492,0.025355
614874900.000,YZJ,non_handheld,desk_gripped_micro_move,recording,-0.472326,-4.532868,8.746487,-0.234648,-0.112440,0.017958
614874910.000,YZJ,non_handheld,desk_gripped_micro_move,recording,-0.564007,-4.590150,8.594173,-0.233230,-0.128506,0.022722
614874920.000,YZJ,non_handheld,desk_gripped_micro_move,recording,-0.549456,-4.789185,8.560583,-0.225970,-0.126491,0.029668
614874930.000,YZJ,non_handheld,desk_gripped_micro_move,recording,-0.416954,-4.617883,8.697811,-0.213943,-0.076554,0.038095
614874940.000,YZJ,non_handheld,desk_gripped_micro_move,recording,-0.418923,-4.622176,8.751097,-0.179529,-0.048910,0.048566
614874950.000,YZJ,non_handheld,desk_gripped_micro_move,recording,-0.375479,-4.680031,8.539879,-0.159943,-0.075046,0.048320
614874960.000,YZJ,non_handheld,desk_gripped_micro_move,recording,-0.373645,-4.713861,8.620596,-0.153034,-0.084973,0.044039
614874970.000,YZJ,non_handheld,desk_gripped_micro_move,recording,-0.412598,-4.718902,8.518304,-0.153653,-0.097257,0.043022
614874980.000,YZJ,non_handheld,desk_gripped_micro_move,recording,-0.496025,-4.715470,8.644048,-0.152243,-0.091319,0.044778
614874990.000,YZJ,non_handheld,desk_gripped_micro_move,recording,-0.390757,-4.758141,8.534638,-0.148797,-0.086314,0.040159
614875000.000,YZJ,non_handheld,desk_gripped_micro_move,recording,-0.330348,-4.644984,8.715636,-0.145641,-0.068699,0.036636
614875010.000,YZJ,non_handheld,desk_gripped_micro_move,recording,-0.382359,-4.906532,8.455600,-0.156375,-0.075743,0.028709
614875020.000,YZJ,non_handheld,desk_gripped_micro_move,recording,-0.289618,-4.745834,8.636135,-0.167972,-0.059541,0.012184
614875030.000,YZJ,non_handheld,desk_gripped_micro_move,recording,-0.311418,-4.700985,8.542552,-0.176567,-0.073658,0.000462
614875040.000,YZJ,non_handheld,desk_gripped_micro_move,recording,-0.426332,-4.781917,8.578541,-0.173740,-0.072107,-0.001833
614875050.000,YZJ,non_handheld,desk_gripped_micro_move,recording,-0.396989,-4.679906,8.632597,-0.155495,-0.067168,-0.001026
614875060.000,YZJ,non_handheld,desk_gripped_micro_move,recording,-0.432955,-4.765370,8.563015,-0.135825,-0.056495,-0.002794
614875070.000,YZJ,non_handheld,desk_gripped_micro_move,recording,-0.516513,-4.741998,8.592782,-0.116624,-0.050490,0.004231
614875080.000,YZJ,non_handheld,desk_gripped_micro_move,recording,-0.434654,-4.808822,8.537476,-0.103743,-0.047752,0.006180
614875090.000,YZJ,non_handheld,desk_gripped_micro_move,recording,-0.404422,-4.866420,8.517735,-0.096887,-0.041848,0.002097
614875100.000,YZJ,non_handheld,desk_gripped_micro_move,recording,-0.395230,-4.952256,8.470147,-0.098161,-0.041322,0.003148
614875110.000,YZJ,non_handheld,desk_gripped_micro_move,recording,-0.410499,-4.936918,8.461849,-0.099267,-0.046700,0.008693
614875120.000,YZJ,non_handheld,desk_gripped_micro_move,recording,-0.364157,-4.859508,8.512224,-0.093311,-0.048373,0.011691
614875130.000,YZJ,non_handheld,desk_gripped_micro_move,recording,-0.352118,-4.867243,8.527296,-0.081927,-0.041980,0.009589
614875140.000,YZJ,non_handheld,desk_gripped_micro_move,recording,-0.393940,-4.907924,8.504537,-0.069902,-0.036408,0.007054
614875150.000,YZJ,non_handheld,desk_gripped_micro_move,recording,-0.438983,-4.917999,8.479010,-0.069138,-0.038405,0.011419
614875160.000,YZJ,non_handheld,desk_gripped_micro_move,recording,-0.513904,-5.006957,8.417276,-0.088613,-0.057266,0.024668
614875170.000,YZJ,non_handheld,desk_gripped_micro_move,recording,-0.596981,-5.080629,8.387767,-0.130332,-0.092003,0.044396
614875180.000,YZJ,non_handheld,desk_gripped_micro_move,recording,-0.574916,-5.079563,8.368657,-0.177777,-0.120515,0.062549
614875190.000,YZJ,non_handheld,desk_gripped_micro_move,recording,-0.728474,-4.937901,8.529653,-0.204251,-0.135127,0.087996
614875200.000,YZJ,non_handheld,desk_gripped_micro_move,recording,-0.430633,-5.089928,8.284148,-0.226443,-0.168334,0.086148
614875210.000,YZJ,non_handheld,desk_gripped_micro_move,recording,-0.295867,-5.006221,8.463394,-0.247694,-0.165002,0.071015
614875220.000,YZJ,non_handheld,desk_gripped_micro_move,recording,-0.179923,-4.881968,8.520646,-0.253005,-0.159354,0.053920
614875230.000,YZJ,non_handheld,desk_gripped_micro_move,recording,-0.172124,-5.080305,8.381461,-0.264883,-0.158506,0.034232
614875240.000,YZJ,non_handheld,desk_gripped_micro_move,recording,-0.095970,-4.709780,8.645764,-0.255383,-0.169424,0.013863
614875250.000,YZJ,non_handheld,desk_gripped_micro_move,recording,-0.155448,-4.942795,8.458446,-0.245497,-0.180095,-0.002548
614875260.000,YZJ,non_handheld,desk_gripped_micro_move,recording,-0.224502,-5.081549,8.400302,-0.234624,-0.172613,-0.012677
614875270.000,YZJ,non_handheld,desk_gripped_micro_move,recording,-0.190395,-5.032693,8.435575,-0.215417,-0.153284,-0.020816
614875280.000,YZJ,non_handheld,desk_gripped_micro_move,recording,-0.202024,-5.106694,8.356167,-0.190494,-0.157829,-0.024089
614875290.000,YZJ,non_handheld,desk_gripped_micro_move,recording,-0.252733,-5.178713,8.339511,-0.173329,-0.175090,-0.016721
614875300.000,YZJ,non_handheld,desk_gripped_micro_move,recording,-0.234174,-5.214013,8.311589,-0.164457,-0.178780,-0.011222
614875310.000,YZJ,non_handheld,desk_gripped_micro_move,recording,-0.234319,-5.282338,8.297571,-0.160759,-0.148014,-0.005379
614875320.000,YZJ,non_handheld,desk_gripped_micro_move,recording,-0.154179,-5.279273,8.318714,-0.150890,-0.109671,-0.003728
614875330.000,YZJ,non_handheld,desk_gripped_micro_move,recording,-0.101696,-5.200996,8.327510,-0.134000,-0.097636,-0.003462
614875340.000,YZJ,non_handheld,desk_gripped_micro_move,recording,-0.083515,-5.171983,8.363731,-0.113663,-0.083290,-0.006293
614875350.000,YZJ,non_handheld,desk_gripped_micro_move,recording,-0.124134,-5.174593,8.327306,-0.095342,-0.077294,-0.010830
614875360.000,YZJ,non_handheld,desk_gripped_micro_move,recording,-0.123901,-5.199214,8.302329,-0.087638,-0.086169,-0.018999
614875370.000,YZJ,non_handheld,desk_gripped_micro_move,recording,-0.103767,-5.181495,8.305696,-0.075591,-0.119042,-0.030732
614875380.000,YZJ,non_handheld,desk_gripped_micro_move,recording,-0.035780,-5.202388,8.281855,-0.062832,-0.155525,-0.045768
614875390.000,YZJ,non_handheld,desk_gripped_micro_move,recording,-0.258197,-5.343190,8.232538,-0.054014,-0.165983,-0.035192
614875400.000,YZJ,non_handheld,desk_gripped_micro_move,recording,-0.296874,-5.302753,8.273402,-0.038593,-0.148722,-0.017133
614875410.000,YZJ,non_handheld,desk_gripped_micro_move,recording,-0.162615,-5.267760,8.258241,-0.023576,-0.153030,-0.012862
614875420.000,YZJ,non_handheld,desk_gripped_micro_move,recording,-0.108628,-5.347313,8.224801,-0.014298,-0.168555,-0.007622
614875430.000,YZJ,non_handheld,desk_gripped_micro_move,recording,-0.202139,-5.511603,8.151877,-0.023876,-0.175591,0.009156
614875440.000,YZJ,non_handheld,desk_gripped_micro_move,recording,-0.179033,-5.474526,8.167754,-0.040690,-0.168252,0.027972
614875450.000,YZJ,non_handheld,desk_gripped_micro_move,recording,-0.084816,-5.391090,8.219698,-0.060172,-0.153285,0.038446
614875460.000,YZJ,non_handheld,desk_gripped_micro_move,recording,0.007675,-5.527210,8.069998,-0.089129,-0.161394,0.043129
614875470.000,YZJ,non_handheld,desk_gripped_micro_move,recording,0.219298,-5.254599,8.380291,-0.105784,-0.166303,0.021253
614875480.000,YZJ,non_handheld,desk_gripped_micro_move,recording,0.085431,-5.246906,8.302697,-0.113496,-0.165154,0.006639
614875490.000,YZJ,non_handheld,desk_gripped_micro_move,recording,0.043010,-5.402660,8.148487,-0.129787,-0.148219,-0.001490
614875500.000,YZJ,non_handheld,desk_gripped_micro_move,recording,-0.041584,-5.100374,8.423292,-0.126167,-0.142768,-0.001649
614875510.000,YZJ,non_handheld,desk_gripped_micro_move,recording,-0.161655,-5.235187,8.319756,-0.110598,-0.143953,0.008540
614875520.000,YZJ,non_handheld,desk_gripped_micro_move,recording,-0.142439,-4.978975,8.506177,-0.076337,-0.120618,0.026932
614875530.000,YZJ,non_handheld,desk_gripped_micro_move,recording,-0.154187,-5.454883,8.180333,-0.063753,-0.080851,0.054035
614875540.000,YZJ,non_handheld,desk_gripped_micro_move,recording,-0.186984,-5.201047,8.344103,-0.043897,-0.075271,0.081004
614875550.000,YZJ,non_handheld,desk_gripped_micro_move,recording,-0.098718,-5.210758,8.344412,-0.018078,-0.058504,0.103099
614875560.000,YZJ,non_handheld,desk_gripped_micro_move,recording,-0.182730,-5.236947,8.352342,0.018111,-0.001074,0.136554
614875570.000,YZJ,non_handheld,desk_gripped_micro_move,recording,-0.251215,-5.354469,8.311317,0.053580,0.086772,0.179691
614875580.000,YZJ,non_handheld,desk_gripped_micro_move,recording,0.192501,-5.282807,8.307559,0.076685,0.131671,0.187629
614875590.000,YZJ,non_handheld,desk_gripped_micro_move,recording,0.301388,-5.134019,8.364969,0.089640,0.143857,0.177802
614875600.000,YZJ,non_handheld,desk_gripped_micro_move,recording,0.335934,-5.260371,8.280496,0.093072,0.114889,0.149095
614875610.000,YZJ,non_handheld,desk_gripped_micro_move,recording,0.543719,-5.348798,8.154111,0.079244,0.057237,0.086606
614875620.000,YZJ,non_handheld,desk_gripped_micro_move,recording,0.177744,-5.232938,8.305799,0.070222,0.032329,0.052595
614875630.000,YZJ,non_handheld,desk_gripped_micro_move,recording,-0.018271,-5.161381,8.331395,0.078692,0.014440,0.048654
614875640.000,YZJ,non_handheld,desk_gripped_micro_move,recording,-0.174756,-5.264320,8.237460,0.085322,0.003566,0.046880
614875650.000,YZJ,non_handheld,desk_gripped_micro_move,recording,-0.214007,-5.367913,8.226743,0.075260,-0.019288,0.045853
614875660.000,YZJ,non_handheld,desk_gripped_micro_move,recording,-0.166327,-5.271393,8.259997,0.050390,-0.063790,0.045437
614875670.000,YZJ,non_handheld,desk_gripped_micro_move,recording,-0.171555,-5.752638,7.976351,-0.000566,-0.107164,0.040052
614875680.000,YZJ,non_handheld,desk_gripped_micro_move,recording,0.108170,-5.317164,8.239345,-0.040729,-0.116722,0.027670
614875690.000,YZJ,non_handheld,desk_gripped_micro_move,recording,-0.047642,-5.447590,8.169123,-0.064186,-0.100611,0.028028
614875700.000,YZJ,non_handheld,desk_gripped_micro_move,recording,0.070678,-5.306721,8.292483,-0.068889,-0.069359,0.018025
614875710.000,YZJ,non_handheld,desk_gripped_micro_move,recording,0.105192,-5.111249,8.400315,-0.054393,-0.040924,-0.001053
614875720.000,YZJ,non_handheld,desk_gripped_micro_move,recording,0.086495,-5.278907,8.242484,-0.039700,-0.045988,-0.010033
614875730.000,YZJ,non_handheld,desk_gripped_micro_move,recording,-0.033790,-5.307162,8.260536,-0.027872,-0.048514,-0.009035
614875740.000,YZJ,non_handheld,desk_gripped_micro_move,recording,0.025276,-5.278213,8.291282,-0.022668,-0.036827,-0.011157
614875750.000,YZJ,non_handheld,desk_gripped_micro_move,recording,-0.040102,-5.319477,8.207469,-0.015366,-0.072335,-0.014833
614875760.000,YZJ,non_handheld,desk_gripped_micro_move,recording,-0.023543,-5.345633,8.234000,-0.015551,-0.074743,-0.024447
614875770.000,YZJ,non_handheld,desk_gripped_micro_move,recording,0.014338,-5.307476,8.287058,-0.013463,-0.056168,-0.037877
614875780.000,YZJ,non_handheld,desk_gripped_micro_move,recording,0.014013,-5.308130,8.262498,-0.010321,-0.046252,-0.044872
614875790.000,YZJ,non_handheld,desk_gripped_micro_move,recording,0.024533,-5.324220,8.250923,-0.007743,-0.042982,-0.045099
614875800.000,YZJ,non_handheld,desk_gripped_micro_move,recording,0.034308,-5.296956,8.275239,0.000014,-0.035048,-0.039712
614875810.000,YZJ,non_handheld,desk_gripped_micro_move,recording,0.051156,-5.281018,8.316423,0.012476,-0.012557,-0.034183
614875820.000,YZJ,non_handheld,desk_gripped_micro_move,recording,0.031380,-5.333693,8.235742,0.019687,-0.012343,-0.026498
614875830.000,YZJ,non_handheld,desk_gripped_micro_move,recording,0.038527,-5.365683,8.228309,0.014837,-0.011158,-0.024719
614875840.000,YZJ,non_handheld,desk_gripped_micro_move,recording,0.045315,-5.334517,8.245926,0.004347,-0.014724,-0.022421
614875850.000,YZJ,non_handheld,desk_gripped_micro_move,recording,0.038989,-5.312505,8.254031,-0.000540,-0.019424,-0.022027
614875860.000,YZJ,non_handheld,desk_gripped_micro_move,recording,0.033466,-5.321043,8.255344,-0.004029,-0.029356,-0.019819
614875870.000,YZJ,non_handheld,desk_gripped_micro_move,recording,0.053533,-5.305080,8.275992,-0.005644,-0.020592,-0.017856
614875880.000,YZJ,non_handheld,desk_gripped_micro_move,recording,0.051556,-5.307601,8.265273,-0.004380,-0.014826,-0.013633
614875890.000,YZJ,non_handheld,desk_gripped_micro_move,recording,0.055552,-5.313127,8.253191,-0.002567,-0.013430,-0.011263
614875900.000,YZJ,non_handheld,desk_gripped_micro_move,recording,0.074922,-5.307533,8.258233,-0.002812,-0.011322,-0.011508
614875910.000,YZJ,non_handheld,desk_gripped_micro_move,recording,0.027721,-5.313341,8.257723,-0.000121,-0.018373,-0.013318
614875920.000,YZJ,non_handheld,desk_gripped_micro_move,recording,0.057803,-5.334770,8.251491,0.003164,-0.020058,-0.011057
614875930.000,YZJ,non_handheld,desk_gripped_micro_move,recording,0.059342,-5.316037,8.263443,0.004069,-0.006227,-0.011920
614875940.000,YZJ,non_handheld,desk_gripped_micro_move,recording,0.057861,-5.321030,8.228973,0.006526,-0.023401,-0.008830
614875950.000,YZJ,non_handheld,desk_gripped_micro_move,recording,0.073241,-5.302676,8.268283,0.007387,-0.020777,-0.009610
614875960.000,YZJ,non_handheld,desk_gripped_micro_move,recording,0.086740,-5.268275,8.304187,0.019510,0.000190,-0.011627
614875970.000,YZJ,non_handheld,desk_gripped_micro_move,recording,0.033460,-5.264649,8.290591,0.041244,0.010846,-0.007913
614875980.000,YZJ,non_handheld,desk_gripped_micro_move,recording,0.039645,-5.247408,8.308823,0.059745,0.037503,-0.003624
614875990.000,YZJ,non_handheld,desk_gripped_micro_move,recording,0.023098,-5.203367,8.337480,0.078647,0.061011,0.000915
614876000.000,YZJ,non_handheld,desk_gripped_micro_move,recording,0.010190,-5.227246,8.302055,0.089324,0.051816,0.003989
614876010.000,YZJ,non_handheld,desk_gripped_micro_move,recording,0.073969,-5.214928,8.284798,0.098196,0.036140,-0.001699
614876020.000,YZJ,non_handheld,desk_gripped_micro_move,recording,-0.040044,-5.122848,8.379126,0.111664,0.030252,0.001073
614876030.000,YZJ,non_handheld,desk_gripped_micro_move,recording,0.036689,-5.359862,8.256090,0.116889,0.039746,-0.000564
614876040.000,YZJ,non_handheld,desk_gripped_micro_move,recording,0.047058,-5.388315,8.211652,0.109991,0.035827,-0.003417
614876050.000,YZJ,non_handheld,desk_gripped_micro_move,recording,0.094355,-5.187730,8.266292,0.104799,0.010048,-0.006784
614876060.000,YZJ,non_handheld,desk_gripped_micro_move,recording,-0.006664,-5.434389,8.205062,0.092174,-0.004411,-0.010758
614876070.000,YZJ,non_handheld,desk_gripped_micro_move,recording,0.158908,-5.523787,8.113194,0.067562,-0.011720,-0.020563
614876080.000,YZJ,non_handheld,desk_gripped_micro_move,recording,0.046961,-5.224865,8.327860,0.051613,-0.021748,-0.012944
614876090.000,YZJ,non_handheld,desk_gripped_micro_move,recording,-0.015800,-5.266684,8.285409,0.041724,-0.028670,-0.003020
614876100.000,YZJ,non_handheld,desk_gripped_micro_move,recording,0.050679,-5.280058,8.288702,0.036986,-0.019836,-0.002209
614876110.000,YZJ,non_handheld,desk_gripped_micro_move,recording,0.130267,-5.095034,8.400028,0.036354,-0.009099,-0.011127
614876120.000,YZJ,non_handheld,desk_gripped_micro_move,recording,0.048246,-5.202051,8.309371,0.034934,-0.010353,-0.014474
614876130.000,YZJ,non_handheld,desk_gripped_micro_move,recording,0.052277,-5.199433,8.328657,0.030050,-0.001404,-0.019522
614876140.000,YZJ,non_handheld,desk_gripped_micro_move,recording,0.049232,-5.193966,8.345936,0.021407,0.007020,-0.023145
614876150.000,YZJ,non_handheld,desk_gripped_micro_move,recording,0.022065,-5.214030,8.304340,0.016398,-0.015384,-0.019756
614876160.000,YZJ,non_handheld,desk_gripped_micro_move,recording,0.048914,-5.201878,8.316611,0.011289,-0.032311,-0.020499
614876170.000,YZJ,non_handheld,desk_gripped_micro_move,recording,0.057370,-5.211615,8.321120,0.014484,-0.029236,-0.017838
614876180.000,YZJ,non_handheld,desk_gripped_micro_move,recording,0.106013,-5.219363,8.334630,0.023294,-0.003699,-0.013130
614876190.000,YZJ,non_handheld,desk_gripped_micro_move,recording,0.085155,-5.219857,8.327734,0.032265,0.015281,-0.006261
614876200.000,YZJ,non_handheld,desk_gripped_micro_move,recording,0.081391,-5.208649,8.332300,0.039492,0.028346,-0.003722
614876210.000,YZJ,non_handheld,desk_gripped_micro_move,recording,0.060247,-5.192485,8.323750,0.045423,0.029927,-0.002804
614876220.000,YZJ,non_handheld,desk_gripped_micro_move,recording,0.045635,-5.211381,8.304987,0.054977,0.015374,0.002926
614876230.000,YZJ,non_handheld,desk_gripped_micro_move,recording,0.080741,-5.180984,8.350298,0.055860,0.030033,0.003325
614876240.000,YZJ,non_handheld,desk_gripped_micro_move,recording,0.041540,-5.206072,8.356524,0.049303,0.017561,0.005109
614876250.000,YZJ,non_handheld,desk_gripped_micro_move,recording,-0.000821,-5.169617,8.298804,0.043966,-0.017087,0.005948
614876260.000,YZJ,non_handheld,desk_gripped_micro_move,recording,0.042957,-5.167436,8.359770,0.043298,-0.016261,-0.000256
614876270.000,YZJ,non_handheld,desk_gripped_micro_move,recording,0.067433,-5.164027,8.354973,0.044948,0.000495,-0.010940
614876280.000,YZJ,non_handheld,desk_gripped_micro_move,recording,0.035458,-5.173133,8.339307,0.049020,-0.007228,-0.016357
614876290.000,YZJ,non_handheld,desk_gripped_micro_move,recording,0.078592,-5.159287,8.358562,0.051599,0.007862,-0.024767
614876300.000,YZJ,non_handheld,desk_gripped_micro_move,recording,0.053766,-5.160541,8.359061,0.056979,0.023410,-0.031284
614876310.000,YZJ,non_handheld,desk_gripped_micro_move,recording,0.074498,-5.152872,8.367616,0.063939,0.038568,-0.036521
614876320.000,YZJ,non_handheld,desk_gripped_micro_move,recording,0.063857,-5.164443,8.349976,0.072839,0.043401,-0.038139
614876330.000,YZJ,non_handheld,desk_gripped_micro_move,recording,0.066616,-5.151964,8.341714,0.080480,0.049537,-0.034339
614876340.000,YZJ,non_handheld,desk_gripped_micro_move,recording,0.064497,-5.161692,8.355832,0.086875,0.052166,-0.026694
614876350.000,YZJ,non_handheld,desk_gripped_micro_move,recording,0.043733,-5.142901,8.354463,0.093893,0.050079,-0.020030
614876360.000,YZJ,non_handheld,desk_gripped_micro_move,recording,0.054548,-5.119608,8.399583,0.099019,0.054518,-0.015440
614876370.000,YZJ,non_handheld,desk_gripped_micro_move,recording,0.046601,-5.097734,8.382558,0.099836,0.052639,-0.013812
614876380.000,YZJ,non_handheld,desk_gripped_micro_move,recording,0.030528,-5.072538,8.404451,0.101098,0.033366,-0.012026
614876390.000,YZJ,non_handheld,desk_gripped_micro_move,recording,0.047172,-5.068790,8.409290,0.103663,0.019838,-0.011296
614876400.000,YZJ,non_handheld,desk_gripped_micro_move,recording,0.063342,-5.028473,8.434057,0.110648,0.036850,-0.012300
614876410.000,YZJ,non_handheld,desk_gripped_micro_move,recording,0.089037,-4.967489,8.479453,0.129198,0.050923,-0.010192
614876420.000,YZJ,non_handheld,desk_gripped_micro_move,recording,0.131039,-4.818260,8.554594,0.164472,0.079804,-0.011297
614876430.000,YZJ,non_handheld,desk_gripped_micro_move,recording,0.134543,-4.716952,8.592963,0.210926,0.132315,-0.014910
614876440.000,YZJ,non_handheld,desk_gripped_micro_move,recording,0.015159,-5.285042,8.458595,0.243040,0.184271,-0.014534
614876450.000,YZJ,non_handheld,desk_gripped_micro_move,recording,0.109340,-4.795274,8.445817,0.273425,0.192186,-0.013404
614876460.000,YZJ,non_handheld,desk_gripped_micro_move,recording,-0.145436,-4.820228,8.569471,0.304564,0.182971,0.000650
614876470.000,YZJ,non_handheld,desk_gripped_micro_move,recording,-0.198707,-5.322138,8.266959,0.310829,0.140120,0.014229
614876480.000,YZJ,non_handheld,desk_gripped_micro_move,recording,-0.079884,-5.079516,8.366529,0.299850,0.098094,0.025769
614876490.000,YZJ,non_handheld,desk_gripped_micro_move,recording,-0.047355,-5.031837,8.421199,0.271056,0.090425,0.021724
614876500.000,YZJ,non_handheld,desk_gripped_micro_move,recording,-0.116955,-5.222533,8.312273,0.233550,0.055549,0.018027
614876510.000,YZJ,non_handheld,desk_gripped_micro_move,recording,-0.052669,-4.844600,8.537964,0.203423,0.034177,0.006536
614876520.000,YZJ,non_handheld,desk_gripped_micro_move,recording,-0.115571,-4.907629,8.487175,0.164623,0.014937,-0.006912
614876530.000,YZJ,non_handheld,desk_gripped_micro_move,recording,-0.174452,-4.877839,8.505457,0.126381,-0.018257,-0.022168
614876540.000,YZJ,non_handheld,desk_gripped_micro_move,recording,-0.124635,-4.779417,8.564221,0.094196,-0.040574,-0.043391
614876550.000,YZJ,non_handheld,desk_gripped_micro_move,recording,-0.098983,-4.781810,8.549351,0.071015,-0.059456,-0.062596
614876560.000,YZJ,non_handheld,desk_gripped_micro_move,recording,-0.074860,-4.805904,8.560874,0.062110,-0.060118,-0.077016
614876570.000,YZJ,non_handheld,desk_gripped_micro_move,recording,-0.037663,-4.811885,8.561339,0.064550,-0.047489,-0.078488
614876580.000,YZJ,non_handheld,desk_gripped_micro_move,recording,-0.012874,-4.819416,8.562237,0.067940,-0.035143,-0.070330
614876590.000,YZJ,non_handheld,desk_gripped_micro_move,recording,-0.033383,-4.816281,8.581591,0.070616,-0.025215,-0.063003
614876600.000,YZJ,non_handheld,desk_gripped_micro_move,recording,-0.045599,-4.804772,8.570925,0.071340,-0.041541,-0.051404
614876610.000,YZJ,non_handheld,desk_gripped_micro_move,recording,-0.032866,-4.793811,8.581254,0.071271,-0.037961,-0.046335
614876620.000,YZJ,non_handheld,desk_gripped_micro_move,recording,0.009359,-4.783308,8.593602,0.073657,-0.013187,-0.040678
614876630.000,YZJ,non_handheld,desk_gripped_micro_move,recording,0.027368,-4.803654,8.588098,0.081796,0.007154,-0.029185
614876640.000,YZJ,non_handheld,desk_gripped_micro_move,recording,0.028225,-4.789739,8.599895,0.088477,0.035025,-0.018760
614876650.000,YZJ,non_handheld,desk_gripped_micro_move,recording,0.034265,-4.772578,8.609283,0.095209,0.069587,-0.009568
614876660.000,YZJ,non_handheld,desk_gripped_micro_move,recording,0.019463,-4.774771,8.614495,0.106308,0.105340,-0.001513
614876670.000,YZJ,non_handheld,desk_gripped_micro_move,recording,0.010570,-4.754136,8.628319,0.117587,0.145296,0.002643
614876680.000,YZJ,non_handheld,desk_gripped_micro_move,recording,-0.000341,-4.685529,8.652475,0.128583,0.169600,0.000346
614876690.000,YZJ,non_handheld,desk_gripped_micro_move,recording,-0.027943,-4.636764,8.651287,0.139627,0.174074,-0.005925
614876700.000,YZJ,non_handheld,desk_gripped_micro_move,recording,-0.036742,-4.554706,8.662076,0.148499,0.153551,-0.016217
614876710.000,YZJ,non_handheld,desk_gripped_micro_move,recording,-0.082708,-4.555035,8.671986,0.155029,0.131940,-0.027419
614876720.000,YZJ,non_handheld,desk_gripped_micro_move,recording,-0.158791,-4.603736,8.647982,0.163110,0.113203,-0.031691
614876730.000,YZJ,non_handheld,desk_gripped_micro_move,recording,-0.172304,-4.472506,8.713401,0.173343,0.097305,-0.031979
614876740.000,YZJ,non_handheld,desk_gripped_micro_move,recording,-0.233266,-4.885798,8.583023,0.170854,0.094183,-0.029129
614876750.000,YZJ,non_handheld,desk_gripped_micro_move,recording,-0.119171,-4.635591,8.585769,0.171232,0.098807,-0.033343
614876760.000,YZJ,non_handheld,desk_gripped_micro_move,recording,-0.212456,-4.732648,8.717434,0.168048,0.118460,-0.028266
614876770.000,YZJ,non_handheld,desk_gripped_micro_move,recording,-0.017672,-4.733353,8.533626,0.167485,0.116877,-0.032741
614876780.000,YZJ,non_handheld,desk_gripped_micro_move,recording,-0.201879,-4.476082,8.748530,0.172226,0.119441,-0.029464
614876790.000,YZJ,non_handheld,desk_gripped_micro_move,recording,-0.172744,-4.467406,8.730431,0.178662,0.124884,-0.027499
614876800.000,YZJ,non_handheld,desk_gripped_micro_move,recording,-0.145210,-4.699398,8.621100,0.180734,0.114974,-0.030749
614876810.000,YZJ,non_handheld,desk_gripped_micro_move,recording,-0.090859,-4.757364,8.582291,0.172262,0.103265,-0.036637
614876820.000,YZJ,non_handheld,desk_gripped_micro_move,recording,-0.149757,-4.691633,8.619383,0.164842,0.094518,-0.035275
614876830.000,YZJ,non_handheld,desk_gripped_micro_move,recording,-0.178472,-4.498034,8.749400,0.160222,0.100582,-0.033597
614876840.000,YZJ,non_handheld,desk_gripped_micro_move,recording,-0.192854,-4.514693,8.709147,0.158756,0.104275,-0.033976
614876850.000,YZJ,non_handheld,desk_gripped_micro_move,recording,-0.201096,-4.513705,8.713962,0.153554,0.103580,-0.038912
614876860.000,YZJ,non_handheld,desk_gripped_micro_move,recording,-0.221279,-4.462704,8.718012,0.146350,0.089841,-0.041894
614876870.000,YZJ,non_handheld,desk_gripped_micro_move,recording,-0.239236,-4.458842,8.729506,0.137605,0.072841,-0.044450
614876880.000,YZJ,non_handheld,desk_gripped_micro_move,recording,-0.209783,-4.461047,8.746805,0.130861,0.064847,-0.043891
614876890.000,YZJ,non_handheld,desk_gripped_micro_move,recording,-0.206876,-4.437761,8.767830,0.126673,0.074442,-0.045784
614876900.000,YZJ,non_handheld,desk_gripped_micro_move,recording,-0.199104,-4.413110,8.783472,0.128437,0.090619,-0.043774
614876910.000,YZJ,non_handheld,desk_gripped_micro_move,recording,-0.227637,-4.400890,8.776965,0.135740,0.099020,-0.039184
614876920.000,YZJ,non_handheld,desk_gripped_micro_move,recording,-0.242598,-4.383711,8.796642,0.143144,0.108839,-0.034179
614876930.000,YZJ,non_handheld,desk_gripped_micro_move,recording,-0.253048,-4.366467,8.778337,0.147392,0.099103,-0.023289
614876940.000,YZJ,non_handheld,desk_gripped_micro_move,recording,-0.289975,-4.432702,8.754202,0.147513,0.075799,-0.015208
614876950.000,YZJ,non_handheld,desk_gripped_micro_move,recording,-0.248239,-4.411625,8.761360,0.137865,0.061651,-0.010690
614876960.000,YZJ,non_handheld,desk_gripped_micro_move,recording,-0.245644,-4.381153,8.775863,0.129125,0.050123,-0.006076
614876970.000,YZJ,non_handheld,desk_gripped_micro_move,recording,-0.234812,-4.377570,8.771722,0.123409,0.035268,-0.001201
614876980.000,YZJ,non_handheld,desk_gripped_micro_move,recording,-0.242447,-4.348268,8.824435,0.118302,0.045279,0.003585
614876990.000,YZJ,non_handheld,desk_gripped_micro_move,recording,-0.250211,-4.321132,8.825171,0.116222,0.066770,0.003857
614877000.000,YZJ,non_handheld,desk_gripped_micro_move,recording,-0.262389,-4.327470,8.819722,0.122083,0.076813,0.003239
614877010.000,YZJ,non_handheld,desk_gripped_micro_move,recording,-0.264001,-4.296241,8.830347,0.128890,0.096353,0.001871
614877020.000,YZJ,non_handheld,desk_gripped_micro_move,recording,-0.266941,-4.297830,8.842504,0.131483,0.120675,-0.001230
614877030.000,YZJ,non_handheld,desk_gripped_micro_move,recording,-0.302688,-4.279402,8.824052,0.133156,0.131679,-0.002520
614877040.000,YZJ,non_handheld,desk_gripped_micro_move,recording,-0.334695,-4.263039,8.857190,0.135805,0.128040,-0.004655
614877050.000,YZJ,non_handheld,desk_gripped_micro_move,recording,-0.343077,-4.226621,8.841487,0.135913,0.114396,-0.008127
614877060.000,YZJ,non_handheld,desk_gripped_micro_move,recording,-0.375623,-4.215392,8.834126,0.130878,0.093749,-0.009026
614877070.000,YZJ,non_handheld,desk_gripped_micro_move,recording,-0.398625,-4.225707,8.808241,0.122945,0.056579,-0.006241
614877080.000,YZJ,non_handheld,desk_gripped_micro_move,recording,-0.356532,-4.246351,8.825555,0.114959,0.029577,-0.003262
614877090.000,YZJ,non_handheld,desk_gripped_micro_move,recording,-0.317842,-4.228158,8.872190,0.102058,0.031680,-0.002593
614877100.000,YZJ,non_handheld,desk_gripped_micro_move,recording,-0.333608,-4.201985,8.884778,0.089725,0.045908,-0.004655
614877110.000,YZJ,non_handheld,desk_gripped_micro_move,recording,-0.371737,-4.183462,8.867644,0.079654,0.043419,-0.007323
614877120.000,YZJ,non_handheld,desk_gripped_micro_move,recording,-0.355736,-4.169992,8.884715,0.070722,0.045168,-0.010526
614877130.000,YZJ,non_handheld,desk_gripped_micro_move,recording,-0.358774,-4.158643,8.893253,0.065649,0.056695,-0.013654
614877140.000,YZJ,non_handheld,desk_gripped_micro_move,recording,-0.352767,-4.145198,8.897469,0.067339,0.075499,-0.013735
614877150.000,YZJ,non_handheld,desk_gripped_micro_move,recording,-0.355911,-4.143527,8.928817,0.079149,0.112113,-0.011850
614877160.000,YZJ,non_handheld,desk_gripped_micro_move,recording,-0.357109,-4.114501,8.940235,0.095740,0.154109,-0.012812
614877170.000,YZJ,non_handheld,desk_gripped_micro_move,recording,-0.350305,-4.116753,8.948057,0.114100,0.196008,-0.013922
614877180.000,YZJ,non_handheld,desk_gripped_micro_move,recording,-0.378404,-4.038698,8.955359,0.138482,0.238402,-0.014616
614877190.000,YZJ,non_handheld,desk_gripped_micro_move,recording,-0.409201,-3.853255,9.041562,0.176932,0.279846,-0.012478
614877200.000,YZJ,non_handheld,desk_gripped_micro_move,recording,-0.516439,-3.902379,9.018993,0.215700,0.300246,-0.011702
614877210.000,YZJ,non_handheld,desk_gripped_micro_move,recording,-0.545814,-4.101236,8.912723,0.242169,0.290154,-0.017475
614877220.000,YZJ,non_handheld,desk_gripped_micro_move,recording,-0.502851,-3.850085,8.907552,0.261615,0.248443,-0.028745
614877230.000,YZJ,non_handheld,desk_gripped_micro_move,recording,-0.640748,-4.080073,8.840558,0.265172,0.184624,-0.033777
614877240.000,YZJ,non_handheld,desk_gripped_micro_move,recording,-0.688600,-4.170623,8.866210,0.254476,0.133310,-0.034313
614877250.000,YZJ,non_handheld,desk_gripped_micro_move,recording,-0.534945,-4.104327,8.849330,0.236110,0.120017,-0.039614
614877260.000,YZJ,non_handheld,desk_gripped_micro_move,recording,-0.572184,-4.114892,8.929118,0.219049,0.130799,-0.045826
614877270.000,YZJ,non_handheld,desk_gripped_micro_move,recording,-0.573755,-4.166745,8.900194,0.199673,0.132465,-0.046339
614877280.000,YZJ,non_handheld,desk_gripped_micro_move,recording,-0.501076,-4.109438,8.849888,0.184792,0.118495,-0.053711
614877290.000,YZJ,non_handheld,desk_gripped_micro_move,recording,-0.576988,-3.995045,8.967516,0.171237,0.111092,-0.054931
614877300.000,YZJ,non_handheld,desk_gripped_micro_move,recording,-0.627987,-4.016150,8.922289,0.157897,0.094547,-0.051950
614877310.000,YZJ,non_handheld,desk_gripped_micro_move,recording,-0.561351,-4.095254,8.877745,0.140581,0.073274,-0.052326
614877320.000,YZJ,non_handheld,desk_gripped_micro_move,recording,-0.638169,-3.888928,8.999104,0.130344,0.063148,-0.046172
614877330.000,YZJ,non_handheld,desk_gripped_micro_move,recording,-0.640168,-3.904104,8.982082,0.120476,0.060556,-0.035880
614877340.000,YZJ,non_handheld,desk_gripped_micro_move,recording,-0.682507,-3.893857,8.980598,0.114601,0.060226,-0.027744
614877350.000,YZJ,non_handheld,desk_gripped_micro_move,recording,-0.637194,-3.838169,9.011546,0.105673,0.055961,-0.022049
614877360.000,YZJ,non_handheld,desk_gripped_micro_move,recording,-0.644475,-3.845524,9.022589,0.097398,0.048170,-0.016990
614877370.000,YZJ,non_handheld,desk_gripped_micro_move,recording,-0.611479,-3.809001,9.027287,0.093834,0.051596,-0.014783
614877380.000,YZJ,non_handheld,desk_gripped_micro_move,recording,-0.599156,-3.814403,9.038434,0.095950,0.065301,-0.014533
614877390.000,YZJ,non_handheld,desk_gripped_micro_move,recording,-0.613742,-3.828725,9.021292,0.100019,0.077988,-0.009360
614877400.000,YZJ,non_handheld,desk_gripped_micro_move,recording,-0.605690,-3.843863,9.037484,0.103902,0.085321,-0.003228
614877410.000,YZJ,non_handheld,desk_gripped_micro_move,recording,-0.629041,-3.824235,9.024385,0.105362,0.088145,0.002605
614877420.000,YZJ,non_handheld,desk_gripped_micro_move,recording,-0.644716,-3.814513,9.011061,0.105258,0.079773,0.007591
614877430.000,YZJ,non_handheld,desk_gripped_micro_move,recording,-0.655207,-3.784570,9.029625,0.102590,0.076486,0.008546
614877440.000,YZJ,non_handheld,desk_gripped_micro_move,recording,-0.662935,-3.770049,9.039963,0.099173,0.071028,0.004818
614877450.000,YZJ,non_handheld,desk_gripped_micro_move,recording,-0.678407,-3.740898,9.036412,0.092315,0.063965,0.004169
614877460.000,YZJ,non_handheld,desk_gripped_micro_move,recording,-0.699397,-3.735861,9.054682,0.081709,0.061158,0.001031
614877470.000,YZJ,non_handheld,desk_gripped_micro_move,recording,-0.718108,-3.737889,9.029555,0.071890,0.047209,-0.000039
614877480.000,YZJ,non_handheld,desk_gripped_micro_move,recording,-0.722550,-3.746230,9.039137,0.067513,0.034781,-0.003163
614877490.000,YZJ,non_handheld,desk_gripped_micro_move,recording,-0.718943,-3.735459,9.053821,0.064229,0.029883,-0.008698
614877500.000,YZJ,non_handheld,desk_gripped_micro_move,recording,-0.692594,-3.735740,9.055067,0.060134,0.032929,-0.014286
614877510.000,YZJ,non_handheld,desk_gripped_micro_move,recording,-0.717837,-3.717885,9.062833,0.052953,0.043903,-0.018620
614877520.000,YZJ,non_handheld,desk_gripped_micro_move,recording,-0.727932,-3.725593,9.059890,0.044118,0.034212,-0.019169
614877530.000,YZJ,non_handheld,desk_gripped_micro_move,recording,-0.758483,-3.698745,9.020236,0.032610,0.006217,-0.020134
614877540.000,YZJ,non_handheld,desk_gripped_micro_move,recording,-0.731011,-3.707302,9.051718,0.023554,-0.002879,-0.022340
614877550.000,YZJ,non_handheld,desk_gripped_micro_move,recording,-0.714418,-3.701549,9.060927,0.021939,0.000669,-0.027393
614877560.000,YZJ,non_handheld,desk_gripped_micro_move,recording,-0.737046,-3.694212,9.064913,0.026108,0.007983,-0.024783
614877570.000,YZJ,non_handheld,desk_gripped_micro_move,recording,-0.736149,-3.682179,9.085553,0.031925,0.017656,-0.016386
614877580.000,YZJ,non_handheld,desk_gripped_micro_move,recording,-0.709030,-3.676634,9.072461,0.030674,0.014235,-0.011919
614877590.000,YZJ,non_handheld,desk_gripped_micro_move,recording,-0.721869,-3.701104,9.031905,0.026286,0.001580,-0.007460
614877600.000,YZJ,non_handheld,desk_gripped_micro_move,recording,-0.712243,-3.736996,9.038488,0.018463,-0.020507,-0.008605
614877610.000,YZJ,non_handheld,desk_gripped_micro_move,recording,-0.694966,-3.727387,9.068181,0.022201,-0.016406,-0.015198
614877620.000,YZJ,non_handheld,desk_gripped_micro_move,recording,-0.664846,-3.725477,9.102407,0.032868,0.015869,-0.016576
614877630.000,YZJ,non_handheld,desk_gripped_micro_move,recording,-0.655252,-3.720519,9.094990,0.048613,0.070456,-0.012381
614877640.000,YZJ,non_handheld,desk_gripped_micro_move,recording,-0.684101,-3.734298,9.116214,0.061843,0.107431,-0.007153
614877650.000,YZJ,non_handheld,desk_gripped_micro_move,recording,-0.707364,-3.715329,9.052691,0.070205,0.110184,-0.006565
614877660.000,YZJ,non_handheld,desk_gripped_micro_move,recording,-0.751461,-3.656010,9.052703,0.076696,0.106265,-0.010559
614877670.000,YZJ,non_handheld,desk_gripped_micro_move,recording,-0.772829,-3.638533,9.074012,0.084425,0.106931,-0.013658
614877680.000,YZJ,non_handheld,desk_gripped_micro_move,recording,-0.789799,-3.619341,9.099499,0.098644,0.118770,-0.013857
614877690.000,YZJ,non_handheld,desk_gripped_micro_move,recording,-0.820729,-3.657603,9.086945,0.114831,0.125233,-0.006909
614877700.000,YZJ,non_handheld,desk_gripped_micro_move,recording,-0.801993,-3.641025,9.091857,0.125960,0.130400,-0.000898
614877710.000,YZJ,non_handheld,desk_gripped_micro_move,recording,-0.792423,-3.638665,9.065752,0.126970,0.119262,0.002304
614877720.000,YZJ,non_handheld,desk_gripped_micro_move,recording,-0.808861,-3.634739,9.058634,0.124581,0.103352,0.000422
614877730.000,YZJ,non_handheld,desk_gripped_micro_move,recording,-0.795387,-3.637596,9.075662,0.120243,0.089213,-0.001005
614877740.000,YZJ,non_handheld,desk_gripped_micro_move,recording,-0.802284,-3.623015,9.082643,0.118336,0.083205,0.001837
614877750.000,YZJ,non_handheld,desk_gripped_micro_move,recording,-0.826562,-3.589049,9.103313,0.120159,0.084225,0.003906
614877760.000,YZJ,non_handheld,desk_gripped_micro_move,recording,-0.824891,-3.550339,9.097886,0.126375,0.090621,0.002462
614877770.000,YZJ,non_handheld,desk_gripped_micro_move,recording,-0.824943,-3.568077,9.107870,0.131675,0.086702,-0.000411
614877780.000,YZJ,non_handheld,desk_gripped_micro_move,recording,-0.853302,-3.645143,9.073119,0.135586,0.088339,-0.001743
614877790.000,YZJ,non_handheld,desk_gripped_micro_move,recording,-0.802531,-3.547322,9.147439,0.140035,0.114245,-0.002040
614877800.000,YZJ,non_handheld,desk_gripped_micro_move,recording,-0.858120,-3.520446,9.172146,0.151277,0.143721,-0.002009
614877810.000,YZJ,non_handheld,desk_gripped_micro_move,recording,-0.851794,-3.439924,9.170983,0.165311,0.161696,-0.002545
614877820.000,YZJ,non_handheld,desk_gripped_micro_move,recording,-0.912010,-3.349407,9.191829,0.183357,0.176931,-0.007875
614877830.000,YZJ,non_handheld,desk_gripped_micro_move,recording,-0.872345,-3.341487,9.173180,0.196726,0.172952,-0.026798
614877840.000,YZJ,non_handheld,desk_gripped_micro_move,recording,-1.044012,-3.254370,9.140547,0.213451,0.166245,-0.028537
614877850.000,YZJ,non_handheld,desk_gripped_micro_move,recording,-1.187911,-3.289712,9.249827,0.235688,0.185186,-0.018778
614877860.000,YZJ,non_handheld,desk_gripped_micro_move,recording,-1.227842,-3.441123,9.141549,0.257039,0.215101,0.000367
614877870.000,YZJ,non_handheld,desk_gripped_micro_move,recording,-1.340156,-3.393000,9.147023,0.271239,0.213424,0.018653
614877880.000,YZJ,non_handheld,desk_gripped_micro_move,recording,-1.202483,-3.127756,9.121187,0.268460,0.161679,0.022810
614877890.000,YZJ,non_handheld,desk_gripped_micro_move,recording,-1.062779,-3.351579,8.975867,0.227534,0.018367,0.025706
614877900.000,YZJ,non_handheld,desk_gripped_micro_move,recording,-0.784976,-3.728753,8.817618,0.132722,-0.178530,0.009559
614877910.000,YZJ,non_handheld,desk_gripped_micro_move,recording,-0.738196,-3.501913,9.192725,0.055357,-0.191310,-0.026321
614877920.000,YZJ,non_handheld,desk_gripped_micro_move,recording,-0.727517,-3.602962,9.273115,0.017704,-0.090757,-0.046460
614877930.000,YZJ,non_handheld,desk_gripped_micro_move,recording,-0.788606,-3.452964,9.250956,0.011424,-0.019631,-0.046412
614877940.000,YZJ,non_handheld,desk_gripped_micro_move,recording,-1.023693,-3.406478,9.199174,0.009467,0.007224,-0.025374
614877950.000,YZJ,non_handheld,desk_gripped_micro_move,recording,-1.005561,-3.355419,9.149247,0.001220,0.008306,-0.011496
614877960.000,YZJ,non_handheld,desk_gripped_micro_move,recording,-0.879002,-3.300077,9.184940,-0.000670,0.003734,-0.017037
614877970.000,YZJ,non_handheld,desk_gripped_micro_move,recording,-0.960329,-3.289611,9.185823,0.004308,-0.001649,-0.016292
614877980.000,YZJ,non_handheld,desk_gripped_micro_move,recording,-1.006976,-3.360741,9.172557,0.012698,-0.003185,-0.004586
614877990.000,YZJ,non_handheld,desk_gripped_micro_move,recording,-1.027553,-3.383254,9.163134,0.013534,-0.005052,0.016293
614878000.000,YZJ,non_handheld,desk_gripped_micro_move,recording,-0.994168,-3.392593,9.162114,0.009499,-0.003230,0.029488
614878010.000,YZJ,non_handheld,desk_gripped_micro_move,recording,-0.869683,-3.302998,9.204297,0.010475,-0.005628,0.028359
614878020.000,YZJ,non_handheld,desk_gripped_micro_move,recording,-0.702266,-3.126591,9.272219,0.019500,0.001825,0.010697
614878030.000,YZJ,non_handheld,desk_gripped_micro_move,recording,-0.915906,-3.349400,9.184644,0.021153,-0.000344,0.004702
614878040.000,YZJ,non_handheld,desk_gripped_micro_move,recording,-0.929603,-3.252267,9.166924,0.026944,-0.010252,0.001382
614878050.000,YZJ,non_handheld,desk_gripped_micro_move,recording,-0.954509,-3.312785,9.219347,0.029513,0.000374,-0.003792
614878060.000,YZJ,non_handheld,desk_gripped_micro_move,recording,-0.973222,-3.274318,9.186491,0.022838,0.002222,-0.008939
614878070.000,YZJ,non_handheld,desk_gripped_micro_move,recording,-0.992350,-3.259051,9.191527,0.009351,-0.002675,-0.009872
614878080.000,YZJ,non_handheld,desk_gripped_micro_move,recording,-0.944331,-3.320892,9.200054,0.000721,0.004129,-0.005327
614878090.000,YZJ,non_handheld,desk_gripped_micro_move,recording,-0.952957,-3.325958,9.213792,-0.000339,0.013513,-0.000389
614878100.000,YZJ,non_handheld,desk_gripped_micro_move,recording,-0.931707,-3.308341,9.211197,-0.000879,0.020316,0.004824
614878110.000,YZJ,non_handheld,desk_gripped_micro_move,recording,-0.947010,-3.316419,9.167345,-0.000316,0.021970,0.008305
614878120.000,YZJ,non_handheld,desk_gripped_micro_move,recording,-0.984582,-3.315192,9.184034,0.005543,0.018687,0.012098
614878130.000,YZJ,non_handheld,desk_gripped_micro_move,recording,-0.960192,-3.306147,9.189248,0.011589,0.022775,0.011580
614878140.000,YZJ,non_handheld,desk_gripped_micro_move,recording,-0.974455,-3.311046,9.201872,0.013041,0.019979,0.011383
614878150.000,YZJ,non_handheld,desk_gripped_micro_move,recording,-0.977824,-3.275618,9.185702,0.009670,0.023178,0.007081
614878160.000,YZJ,non_handheld,desk_gripped_micro_move,recording,-1.003372,-3.287043,9.180127,0.003302,0.011266,0.003205
614878170.000,YZJ,non_handheld,desk_gripped_micro_move,recording,-1.008592,-3.283248,9.146097,0.001161,-0.014528,-0.000907
614878180.000,YZJ,non_handheld,desk_gripped_micro_move,recording,-0.966854,-3.298923,9.200954,0.004300,-0.011624,-0.003297
614878190.000,YZJ,non_handheld,desk_gripped_micro_move,recording,-0.947271,-3.296157,9.208952,0.007341,0.005772,-0.005508
614878200.000,YZJ,non_handheld,desk_gripped_micro_move,recording,-0.995881,-3.305311,9.190319,0.009553,0.003870,-0.002123
614878210.000,YZJ,non_handheld,desk_gripped_micro_move,recording,-0.996813,-3.293362,9.158018,0.009075,-0.012688,0.003322
614878220.000,YZJ,non_handheld,desk_gripped_micro_move,recording,-0.987136,-3.297425,9.177224,0.011917,-0.023855,0.007340
614878230.000,YZJ,non_handheld,desk_gripped_micro_move,recording,-0.954412,-3.300880,9.192827,0.014229,-0.018956,0.009850
614878240.000,YZJ,non_handheld,desk_gripped_micro_move,recording,-0.970413,-3.303649,9.198988,0.020762,-0.016690,0.012914
614878250.000,YZJ,non_handheld,desk_gripped_micro_move,recording,-0.962563,-3.294570,9.217322,0.031685,-0.011135,0.014767
614878260.000,YZJ,non_handheld,desk_gripped_micro_move,recording,-0.924245,-3.231169,9.222770,0.044480,0.001972,0.013797
614878270.000,YZJ,non_handheld,desk_gripped_micro_move,recording,-0.951414,-3.273327,9.223383,0.056815,0.013485,0.012015
614878280.000,YZJ,non_handheld,desk_gripped_micro_move,recording,-0.995519,-3.325852,9.157893,0.065955,0.012507,0.013861
614878290.000,YZJ,non_handheld,desk_gripped_micro_move,recording,-1.006880,-3.319046,9.179840,0.068217,0.010767,0.016501
614878300.000,YZJ,non_handheld,desk_gripped_micro_move,recording,-0.955720,-3.251033,9.231779,0.072529,0.017404,0.018841
614878310.000,YZJ,non_handheld,desk_gripped_micro_move,recording,-0.985134,-3.249654,9.175620,0.076326,0.000383,0.021500
614878320.000,YZJ,non_handheld,desk_gripped_micro_move,recording,-0.991893,-3.230159,9.164011,0.081369,-0.024622,0.026678
614878330.000,YZJ,non_handheld,desk_gripped_micro_move,recording,-0.965138,-3.221111,9.214157,0.093968,-0.034915,0.023922
614878340.000,YZJ,non_handheld,desk_gripped_micro_move,recording,-0.938555,-3.164796,9.200614,0.107743,-0.063113,0.026571
614878350.000,YZJ,non_handheld,desk_gripped_micro_move,recording,-0.919714,-3.158126,9.218156,0.117578,-0.082075,0.022821
614878360.000,YZJ,non_handheld,desk_gripped_micro_move,recording,-0.779689,-3.092934,9.215987,0.123628,-0.104902,0.005873
614878370.000,YZJ,non_handheld,desk_gripped_micro_move,recording,-0.763729,-3.115859,9.241318,0.133989,-0.124422,-0.014425
614878380.000,YZJ,non_handheld,desk_gripped_micro_move,recording,-0.869302,-3.368158,9.202585,0.132928,-0.120237,-0.023830
614878390.000,YZJ,non_handheld,desk_gripped_micro_move,recording,-0.929819,-3.229054,9.224385,0.126491,-0.109542,-0.031551
614878400.000,YZJ,non_handheld,desk_gripped_micro_move,recording,-0.967890,-3.189186,9.233863,0.116229,-0.103601,-0.035863
614878410.000,YZJ,non_handheld,desk_gripped_micro_move,recording,-1.023419,-3.232114,9.213718,0.102966,-0.105135,-0.036224
614878420.000,YZJ,non_handheld,desk_gripped_micro_move,recording,-1.051886,-3.155414,9.236540,0.095140,-0.113979,-0.032326
614878430.000,YZJ,non_handheld,desk_gripped_micro_move,recording,-1.109303,-3.170472,9.248565,0.085701,-0.105667,-0.017938
614878440.000,YZJ,non_handheld,desk_gripped_micro_move,recording,-0.988984,-3.106385,9.278225,0.072301,-0.089771,-0.010569
614878450.000,YZJ,non_handheld,desk_gripped_micro_move,recording,-0.857587,-3.134749,9.295913,0.058620,-0.077037,-0.012304
614878460.000,YZJ,non_handheld,desk_gripped_micro_move,recording,-0.847803,-3.198439,9.243530,0.044252,-0.074493,-0.010664
614878470.000,YZJ,non_handheld,desk_gripped_micro_move,recording,-0.828878,-3.192351,9.256101,0.032802,-0.071385,-0.009603
614878480.000,YZJ,non_handheld,desk_gripped_micro_move,recording,-0.795185,-3.116347,9.315867,0.027208,-0.049838,-0.007217
614878490.000,YZJ,non_handheld,desk_gripped_micro_move,recording,-0.841853,-3.088723,9.316710,0.026365,-0.033978,-0.003997
614878500.000,YZJ,non_handheld,desk_gripped_micro_move,recording,-0.800448,-3.126906,9.257759,0.028266,-0.037170,-0.002102
614878510.000,YZJ,non_handheld,desk_gripped_micro_move,recording,-0.824528,-3.176546,9.252058,0.024220,-0.037952,-0.002551
614878520.000,YZJ,non_handheld,desk_gripped_micro_move,recording,-0.820839,-3.091064,9.265380,0.019491,-0.035543,-0.006853
614878530.000,YZJ,non_handheld,desk_gripped_micro_move,recording,-0.912176,-2.935425,9.312342,0.023042,-0.050294,-0.002609
614878540.000,YZJ,non_handheld,desk_gripped_micro_move,recording,-0.891712,-3.039602,9.258803,0.025474,-0.077722,0.001173
614878550.000,YZJ,non_handheld,desk_gripped_micro_move,recording,-0.830390,-3.123394,9.251722,0.028051,-0.094029,-0.001571
614878560.000,YZJ,non_handheld,desk_gripped_micro_move,recording,-0.792642,-3.092484,9.271804,0.029861,-0.097028,-0.002530
614878570.000,YZJ,non_handheld,desk_gripped_micro_move,recording,-0.794715,-3.070552,9.282890,0.029083,-0.096948,-0.001287
614878580.000,YZJ,non_handheld,desk_gripped_micro_move,recording,-0.804904,-3.062641,9.308202,0.026768,-0.097050,-0.001330
614878590.000,YZJ,non_handheld,desk_gripped_micro_move,recording,-0.791433,-3.033590,9.299464,0.017398,-0.097783,0.002752
614878600.000,YZJ,non_handheld,desk_gripped_micro_move,recording,-0.763764,-3.074063,9.295352,0.015913,-0.086558,-0.005611
614878610.000,YZJ,non_handheld,desk_gripped_micro_move,recording,-0.768160,-3.077168,9.285422,0.016580,-0.088581,-0.007347
614878620.000,YZJ,non_handheld,desk_gripped_micro_move,recording,-0.753908,-3.081353,9.318818,0.017895,-0.080587,-0.008834
614878630.000,YZJ,non_handheld,desk_gripped_micro_move,recording,-0.739315,-3.081159,9.285557,0.020911,-0.080279,-0.010028
614878640.000,YZJ,non_handheld,desk_gripped_micro_move,recording,-0.716498,-3.053773,9.282514,0.024895,-0.084806,-0.011608
614878650.000,YZJ,non_handheld,desk_gripped_micro_move,recording,-0.652003,-3.040067,9.322948,0.030186,-0.075527,-0.016992
614878660.000,YZJ,non_handheld,desk_gripped_micro_move,recording,-0.638746,-3.085236,9.311578,0.034877,-0.062934,-0.021722
614878670.000,YZJ,non_handheld,desk_gripped_micro_move,recording,-0.651536,-3.096811,9.287821,0.037631,-0.066183,-0.027364
614878680.000,YZJ,non_handheld,desk_gripped_micro_move,recording,-0.647041,-3.021137,9.274608,0.039723,-0.098167,-0.041409
614878690.000,YZJ,non_handheld,desk_gripped_micro_move,recording,-0.556819,-2.996727,9.220769,0.040240,-0.153389,-0.060180
614878700.000,YZJ,non_handheld,desk_gripped_micro_move,recording,-0.478656,-2.940928,9.338819,0.040945,-0.179581,-0.078155
614878710.000,YZJ,non_handheld,desk_gripped_micro_move,recording,-0.515281,-2.947946,9.334030,0.043859,-0.184277,-0.089501
614878720.000,YZJ,non_handheld,desk_gripped_micro_move,recording,-0.555557,-3.096610,9.326559,0.044796,-0.169599,-0.099269
614878730.000,YZJ,non_handheld,desk_gripped_micro_move,recording,-0.672794,-3.122280,9.320909,0.042368,-0.127016,-0.097070
614878740.000,YZJ,non_handheld,desk_gripped_micro_move,recording,-0.706666,-3.083683,9.361333,0.044778,-0.079292,-0.084115
614878750.000,YZJ,non_handheld,desk_gripped_micro_move,recording,-0.730639,-3.065789,9.337908,0.038637,-0.049066,-0.063427
614878760.000,YZJ,non_handheld,desk_gripped_micro_move,recording,-0.761507,-3.137909,9.273731,0.029325,-0.047533,-0.041346
614878770.000,YZJ,non_handheld,desk_gripped_micro_move,recording,-0.778435,-3.096543,9.283781,0.020553,-0.051400,-0.023059
614878780.000,YZJ,non_handheld,desk_gripped_micro_move,recording,-0.679784,-3.044661,9.311029,0.016494,-0.050160,-0.011014
614878790.000,YZJ,non_handheld,desk_gripped_micro_move,recording,-0.588204,-3.040600,9.329583,0.015490,-0.049328,0.000133
614878800.000,YZJ,non_handheld,desk_gripped_micro_move,recording,-0.543517,-3.033161,9.347875,0.014826,-0.032993,0.008431
614878810.000,YZJ,non_handheld,desk_gripped_micro_move,recording,-0.504755,-3.033320,9.337561,0.011457,-0.020726,0.015316
614878820.000,YZJ,non_handheld,desk_gripped_micro_move,recording,-0.480636,-3.010688,9.325946,0.007477,-0.023686,0.014632
614878830.000,YZJ,non_handheld,desk_gripped_micro_move,recording,-0.429960,-2.987130,9.340665,0.000337,-0.026658,0.001625
614878840.000,YZJ,non_handheld,desk_gripped_micro_move,recording,-0.520221,-3.121564,9.303000,-0.004967,-0.024319,-0.005013
614878850.000,YZJ,non_handheld,desk_gripped_micro_move,recording,-0.547665,-3.035290,9.296152,-0.005473,-0.034635,-0.010026
614878860.000,YZJ,non_handheld,desk_gripped_micro_move,recording,-0.554024,-3.034678,9.316198,0.002032,-0.032787,-0.013825
614878870.000,YZJ,non_handheld,desk_gripped_micro_move,recording,-0.571150,-3.044534,9.309646,0.011685,-0.028714,-0.013953
614878880.000,YZJ,non_handheld,desk_gripped_micro_move,recording,-0.573680,-3.024291,9.293494,0.018926,-0.052772,-0.013579
614878890.000,YZJ,non_handheld,desk_gripped_micro_move,recording,-0.551676,-3.022595,9.277312,0.025813,-0.068536,-0.016261
614878900.000,YZJ,non_handheld,desk_gripped_micro_move,recording,-0.532511,-3.011808,9.337886,0.036363,-0.061000,-0.015626
614878910.000,YZJ,non_handheld,desk_gripped_micro_move,recording,-0.516216,-3.028317,9.338561,0.049387,-0.041068,-0.015785
614878920.000,YZJ,non_handheld,desk_gripped_micro_move,recording,-0.535840,-2.992466,9.345293,0.061510,-0.026600,-0.012235
614878930.000,YZJ,non_handheld,desk_gripped_micro_move,recording,-0.577628,-2.995666,9.327997,0.066088,-0.024508,-0.006525
614878940.000,YZJ,non_handheld,desk_gripped_micro_move,recording,-0.549491,-2.984206,9.294983,0.068598,-0.054071,-0.002649
614878950.000,YZJ,non_handheld,desk_gripped_micro_move,recording,-0.516966,-3.002696,9.289345,0.070575,-0.082595,-0.001856
614878960.000,YZJ,non_handheld,desk_gripped_micro_move,recording,-0.516676,-3.029553,9.331952,0.069467,-0.088964,-0.002410
614878970.000,YZJ,non_handheld,desk_gripped_micro_move,recording,-0.503351,-2.989546,9.304464,0.069409,-0.090181,-0.002942
614878980.000,YZJ,non_handheld,desk_gripped_micro_move,recording,-0.514246,-3.005120,9.343527,0.072611,-0.094077,-0.002063
614878990.000,YZJ,non_handheld,desk_gripped_micro_move,recording,-0.516687,-3.005979,9.331127,0.078322,-0.096542,0.000939
614879000.000,YZJ,non_handheld,desk_gripped_micro_move,recording,-0.472793,-2.966833,9.325238,0.083556,-0.100316,0.002100
614879010.000,YZJ,non_handheld,desk_gripped_micro_move,recording,-0.433066,-2.980769,9.339434,0.087425,-0.100310,-0.001639
614879020.000,YZJ,non_handheld,desk_gripped_micro_move,recording,-0.403919,-2.963911,9.353747,0.088677,-0.089773,-0.005128
614879030.000,YZJ,non_handheld,desk_gripped_micro_move,recording,-0.356163,-2.938382,9.391670,0.089637,-0.068289,-0.012196
614879040.000,YZJ,non_handheld,desk_gripped_micro_move,recording,-0.357244,-2.850260,9.425843,0.087908,-0.032487,-0.026889
614879050.000,YZJ,non_handheld,desk_gripped_micro_move,recording,-0.405557,-2.863030,9.364863,0.085891,-0.023880,-0.036362
614879060.000,YZJ,non_handheld,desk_gripped_micro_move,recording,-0.573413,-2.937488,9.373630,0.085390,-0.024045,-0.031901
614879070.000,YZJ,non_handheld,desk_gripped_micro_move,recording,-0.579841,-2.847758,9.385880,0.083018,-0.019059,-0.025043
614879080.000,YZJ,non_handheld,desk_gripped_micro_move,recording,-0.484434,-2.816674,9.418702,0.079937,-0.013282,-0.023808
614879090.000,YZJ,non_handheld,desk_gripped_micro_move,recording,-0.472100,-2.861718,9.396532,0.075489,-0.007663,-0.025064
614879100.000,YZJ,non_handheld,desk_gripped_micro_move,recording,-0.448748,-2.855663,9.388490,0.063915,0.001047,-0.023206
614879110.000,YZJ,non_handheld,desk_gripped_micro_move,recording,-0.431886,-2.859280,9.411907,0.056826,0.001466,-0.022571
614879120.000,YZJ,non_handheld,desk_gripped_micro_move,recording,-0.472253,-2.910086,9.360618,0.050265,-0.001094,-0.019803
614879130.000,YZJ,non_handheld,desk_gripped_micro_move,recording,-0.476828,-2.931279,9.339639,0.035172,-0.015202,-0.014381
614879140.000,YZJ,non_handheld,desk_gripped_micro_move,recording,-0.488948,-2.916544,9.349576,0.019454,-0.042112,-0.010154
614879150.000,YZJ,non_handheld,desk_gripped_micro_move,recording,-0.447688,-2.867542,9.367933,0.005394,-0.060425,-0.011444
614879160.000,YZJ,non_handheld,desk_gripped_micro_move,recording,-0.413139,-2.830230,9.396991,-0.003705,-0.064094,-0.014670
614879170.000,YZJ,non_handheld,desk_gripped_micro_move,recording,-0.405797,-2.862667,9.382549,-0.005720,-0.067830,-0.014603
614879180.000,YZJ,non_handheld,desk_gripped_micro_move,recording,-0.391276,-2.880862,9.371015,-0.002923,-0.060345,-0.009345
614879190.000,YZJ,non_handheld,desk_gripped_micro_move,recording,-0.356632,-2.880227,9.419778,-0.000291,-0.033868,-0.006463
614879200.000,YZJ,non_handheld,desk_gripped_micro_move,recording,-0.358501,-2.863232,9.419902,-0.001289,-0.012454,-0.000886
614879210.000,YZJ,non_handheld,desk_gripped_micro_move,recording,-0.364704,-2.871393,9.381350,-0.002872,-0.003300,0.006477
614879220.000,YZJ,non_handheld,desk_gripped_micro_move,recording,-0.367931,-2.868509,9.389233,-0.002029,0.002430,0.010376
614879230.000,YZJ,non_handheld,desk_gripped_micro_move,recording,-0.380527,-2.875733,9.390844,-0.001364,0.008645,0.011853
614879240.000,YZJ,non_handheld,desk_gripped_micro_move,recording,-0.388304,-2.859396,9.375175,0.001699,0.014027,0.010199
614879250.000,YZJ,non_handheld,desk_gripped_micro_move,recording,-0.394947,-2.848411,9.361706,0.000419,0.003827,0.006577
614879260.000,YZJ,non_handheld,desk_gripped_micro_move,recording,-0.385858,-2.795574,9.389451,-0.005180,-0.009109,0.000921
614879270.000,YZJ,non_handheld,desk_gripped_micro_move,recording,-0.364739,-2.821582,9.404364,-0.005485,-0.001899,-0.007583
614879280.000,YZJ,non_handheld,desk_gripped_micro_move,recording,-0.402160,-2.871268,9.397211,-0.004471,0.000789,-0.009847
614879290.000,YZJ,non_handheld,desk_gripped_micro_move,recording,-0.401106,-2.882141,9.366714,-0.004635,0.001846,-0.007681
614879300.000,YZJ,non_handheld,desk_gripped_micro_move,recording,-0.385848,-2.854485,9.374872,-0.002410,0.005531,-0.004578
614879310.000,YZJ,non_handheld,desk_gripped_micro_move,recording,-0.372368,-2.858195,9.389619,0.000822,0.009776,-0.001287
614879320.000,YZJ,non_handheld,desk_gripped_micro_move,recording,-0.381318,-2.889341,9.385835,0.002144,0.015570,0.003118
614879330.000,YZJ,non_handheld,desk_gripped_micro_move,recording,-0.394580,-2.877932,9.361752,0.000197,0.005165,0.008923
614879340.000,YZJ,non_handheld,desk_gripped_micro_move,recording,-0.388107,-2.876354,9.364123,0.000462,-0.006463,0.015413
614879350.000,YZJ,non_handheld,desk_gripped_micro_move,recording,-0.353283,-2.834648,9.405304,0.006486,-0.002476,0.011080
614879360.000,YZJ,non_handheld,desk_gripped_micro_move,recording,-0.323343,-2.814781,9.406866,0.007894,0.006085,0.001139
614879370.000,YZJ,non_handheld,desk_gripped_micro_move,recording,-0.364259,-2.889643,9.355703,0.000921,0.001789,-0.003134
614879380.000,YZJ,non_handheld,desk_gripped_micro_move,recording,-0.395891,-2.857538,9.387494,-0.003145,-0.007281,-0.007295
614879390.000,YZJ,non_handheld,desk_gripped_micro_move,recording,-0.358806,-2.798178,9.403958,-0.000219,-0.006651,-0.013391
614879400.000,YZJ,non_handheld,desk_gripped_micro_move,recording,-0.389880,-2.830181,9.396770,0.004016,0.002423,-0.015953
614879410.000,YZJ,non_handheld,desk_gripped_micro_move,recording,-0.371730,-2.884206,9.370830,0.006655,0.001443,-0.015139
614879420.000,YZJ,non_handheld,desk_gripped_micro_move,recording,-0.388888,-2.958084,9.323338,0.002399,-0.021952,-0.008030
614879430.000,YZJ,non_handheld,desk_gripped_micro_move,recording,-0.368015,-2.900629,9.361165,0.001915,-0.040311,-0.006926
614879440.000,YZJ,non_handheld,desk_gripped_micro_move,recording,-0.373341,-2.872010,9.406543,0.002941,-0.029467,-0.006728
614879450.000,YZJ,non_handheld,desk_gripped_micro_move,recording,-0.402075,-2.879963,9.397787,0.002051,-0.009585,-0.002306
614879460.000,YZJ,non_handheld,desk_gripped_micro_move,recording,-0.405618,-2.873636,9.368663,0.000001,-0.015566,0.004814
614879470.000,YZJ,non_handheld,desk_gripped_micro_move,recording,-0.334418,-2.808620,9.399730,0.002175,-0.005449,-0.010014
614879480.000,YZJ,non_handheld,desk_gripped_micro_move,recording,-0.391784,-2.839998,9.385083,0.000195,-0.005118,-0.019294
614879490.000,YZJ,non_handheld,desk_gripped_micro_move,recording,-0.459369,-2.887057,9.369843,-0.001264,-0.009489,-0.020407
614879500.000,YZJ,non_handheld,desk_gripped_micro_move,recording,-0.444709,-2.857374,9.353786,-0.002801,-0.015429,-0.020554
614879510.000,YZJ,non_handheld,desk_gripped_micro_move,recording,-0.467873,-2.873549,9.371395,-0.007374,-0.032786,-0.020543
614879520.000,YZJ,non_handheld,desk_gripped_micro_move,recording,-0.447769,-2.894781,9.358487,-0.011075,-0.050259,-0.023928
614879530.000,YZJ,non_handheld,desk_gripped_micro_move,recording,-0.433151,-2.907178,9.357425,-0.011772,-0.057221,-0.026542
614879540.000,YZJ,non_handheld,desk_gripped_micro_move,recording,-0.397661,-2.882478,9.365104,-0.014230,-0.069976,-0.024651
614879550.000,YZJ,non_handheld,desk_gripped_micro_move,recording,-0.402641,-2.862361,9.346240,-0.022647,-0.110710,-0.021078
614879560.000,YZJ,non_handheld,desk_gripped_micro_move,recording,-0.374357,-2.863739,9.358633,-0.037411,-0.147766,-0.026984
614879570.000,YZJ,non_handheld,desk_gripped_micro_move,recording,-0.330045,-2.955715,9.347261,-0.053236,-0.164641,-0.034900
614879580.000,YZJ,non_handheld,desk_gripped_micro_move,recording,-0.308394,-2.985731,9.359150,-0.071216,-0.147855,-0.046108
614879590.000,YZJ,non_handheld,desk_gripped_micro_move,recording,-0.269813,-2.911274,9.424677,-0.074842,-0.108961,-0.052861
614879600.000,YZJ,non_handheld,desk_gripped_micro_move,recording,-0.258298,-2.802043,9.462773,-0.072757,-0.058601,-0.048659
614879610.000,YZJ,non_handheld,desk_gripped_micro_move,recording,-0.228894,-2.900707,9.414379,-0.070880,-0.027493,-0.038084
614879620.000,YZJ,non_handheld,desk_gripped_micro_move,recording,-0.235693,-2.821529,9.408701,-0.064550,-0.015207,-0.025423
614879630.000,YZJ,non_handheld,desk_gripped_micro_move,recording,-0.249862,-2.873183,9.378405,-0.059210,-0.022324,-0.012983
614879640.000,YZJ,non_handheld,desk_gripped_micro_move,recording,-0.258024,-2.953123,9.356504,-0.051994,-0.029331,-0.002056
614879650.000,YZJ,non_handheld,desk_gripped_micro_move,recording,-0.267190,-2.945599,9.351440,-0.040605,-0.032748,0.006784
614879660.000,YZJ,non_handheld,desk_gripped_micro_move,recording,-0.256708,-2.948932,9.333804,-0.032968,-0.035497,0.017861
614879670.000,YZJ,non_handheld,desk_gripped_micro_move,recording,-0.247298,-2.937266,9.385370,-0.026778,-0.013278,0.018027
614879680.000,YZJ,non_handheld,desk_gripped_micro_move,recording,-0.244375,-2.911023,9.376162,-0.024757,0.002553,0.009333
614879690.000,YZJ,non_handheld,desk_gripped_micro_move,recording,-0.254814,-2.930641,9.383455,-0.026989,0.006990,-0.003442
614879700.000,YZJ,non_handheld,desk_gripped_micro_move,recording,-0.270715,-2.911460,9.337357,-0.027450,-0.007427,-0.013203
614879710.000,YZJ,non_handheld,desk_gripped_micro_move,recording,-0.240614,-2.908782,9.364163,-0.026522,-0.020625,-0.017479
614879720.000,YZJ,non_handheld,desk_gripped_micro_move,recording,-0.280908,-2.957743,9.367435,-0.021663,-0.015900,-0.014256
614879730.000,YZJ,non_handheld,desk_gripped_micro_move,recording,-0.227295,-2.932453,9.391454,-0.021488,0.003320,-0.011806
614879740.000,YZJ,non_handheld,desk_gripped_micro_move,recording,-0.255534,-2.946895,9.345117,-0.017571,0.003700,-0.000374
614879750.000,YZJ,non_handheld,desk_gripped_micro_move,recording,-0.257778,-3.003610,9.341843,-0.012035,0.002275,0.009120
614879760.000,YZJ,non_handheld,desk_gripped_micro_move,recording,-0.214681,-2.906482,9.392126,-0.008580,0.001794,0.010125
614879770.000,YZJ,non_handheld,desk_gripped_micro_move,recording,-0.203578,-2.916367,9.370059,-0.006681,0.002006,0.008256
614879780.000,YZJ,non_handheld,desk_gripped_micro_move,recording,-0.210013,-2.941427,9.360880,-0.008001,0.006327,0.006893
614879790.000,YZJ,non_handheld,desk_gripped_micro_move,recording,-0.180044,-2.889999,9.381262,-0.006751,0.002771,-0.000271
614879800.000,YZJ,non_handheld,desk_gripped_micro_move,recording,-0.125092,-2.827926,9.405221,0.003172,0.002692,-0.017219
614879810.000,YZJ,non_handheld,desk_gripped_micro_move,recording,-0.137332,-2.845092,9.373575,0.014419,0.007059,-0.031800
614879820.000,YZJ,non_handheld,desk_gripped_micro_move,recording,-0.277574,-3.160310,9.340294,0.011840,0.028907,-0.029904
614879830.000,YZJ,non_handheld,desk_gripped_micro_move,recording,-0.327306,-3.127463,9.283438,0.005655,0.019115,-0.020510
614879840.000,YZJ,non_handheld,desk_gripped_micro_move,recording,-0.305454,-3.037523,9.362566,-0.006093,0.030934,-0.010456
614879850.000,YZJ,non_handheld,desk_gripped_micro_move,recording,-0.298006,-2.983664,9.363338,-0.016490,0.048839,-0.003786
614879860.000,YZJ,non_handheld,desk_gripped_micro_move,recording,-0.305326,-3.007751,9.333836,-0.020007,0.037211,0.002171
614879870.000,YZJ,non_handheld,desk_gripped_micro_move,recording,-0.263341,-2.931883,9.350303,-0.016775,0.019349,0.006338
614879880.000,YZJ,non_handheld,desk_gripped_micro_move,recording,-0.283756,-2.947921,9.342181,-0.008793,-0.009278,0.004020
614879890.000,YZJ,non_handheld,desk_gripped_micro_move,recording,-0.301043,-3.003270,9.284830,-0.002146,-0.038732,0.003936
614879900.000,YZJ,non_handheld,desk_gripped_micro_move,recording,-0.301614,-3.012795,9.384567,0.002357,-0.021865,0.004856
614879910.000,YZJ,non_handheld,desk_gripped_micro_move,recording,-0.303172,-2.972745,9.368011,-0.001354,0.001915,0.003995
614879920.000,YZJ,non_handheld,desk_gripped_micro_move,recording,-0.276475,-2.999187,9.403884,-0.018419,0.029243,0.004254
614879930.000,YZJ,non_handheld,desk_gripped_micro_move,recording,-0.244850,-2.971384,9.396047,-0.045676,0.054524,0.002765
614879940.000,YZJ,non_handheld,desk_gripped_micro_move,recording,-0.341982,-2.955662,9.383285,-0.074020,0.063911,0.004723
614879950.000,YZJ,non_handheld,desk_gripped_micro_move,recording,-0.385142,-2.979837,9.326160,-0.089677,0.055671,0.010882
614879960.000,YZJ,non_handheld,desk_gripped_micro_move,recording,-0.356595,-3.108892,9.292519,-0.100597,0.011885,0.013400
614879970.000,YZJ,non_handheld,desk_gripped_micro_move,recording,-0.302221,-3.124621,9.238152,-0.098540,-0.050019,0.010060
614879980.000,YZJ,non_handheld,desk_gripped_micro_move,recording,-0.289274,-2.929773,9.328038,-0.094662,-0.069239,0.009863
614879990.000,YZJ,non_handheld,desk_gripped_micro_move,recording,-0.382996,-2.910535,9.389727,-0.092587,-0.042751,0.014914
614880000.000,YZJ,non_handheld,desk_gripped_micro_move,recording,-0.207160,-2.804270,9.437805,-0.071604,-0.016292,0.013000
614880010.000,YZJ,non_handheld,desk_gripped_micro_move,recording,-0.287138,-2.967427,9.363451,-0.045698,-0.000048,0.015675
614880020.000,YZJ,non_handheld,desk_gripped_micro_move,recording,-0.241319,-2.985226,9.330079,-0.027002,0.010892,0.014279
614880030.000,YZJ,non_handheld,desk_gripped_micro_move,recording,-0.303737,-3.051131,9.310382,-0.017034,-0.001272,0.018960
614880040.000,YZJ,non_handheld,desk_gripped_micro_move,recording,-0.299783,-3.023064,9.330240,-0.021054,-0.030497,0.022320
614880050.000,YZJ,non_handheld,desk_gripped_micro_move,recording,-0.306665,-3.022365,9.297083,-0.026424,-0.063077,0.020752
614880060.000,YZJ,non_handheld,desk_gripped_micro_move,recording,-0.293763,-3.013234,9.332095,-0.040157,-0.078660,0.008639
614880070.000,YZJ,non_handheld,desk_gripped_micro_move,recording,-0.281725,-3.024460,9.333112,-0.054252,-0.098961,-0.003103
614880080.000,YZJ,non_handheld,desk_gripped_micro_move,recording,-0.285556,-3.009537,9.307973,-0.065513,-0.122598,-0.016773
614880090.000,YZJ,non_handheld,desk_gripped_micro_move,recording,-0.233851,-3.026854,9.325775,-0.078086,-0.143146,-0.032009
614880100.000,YZJ,non_handheld,desk_gripped_micro_move,recording,-0.247152,-3.029409,9.340345,-0.090914,-0.141640,-0.049031
614880110.000,YZJ,non_handheld,desk_gripped_micro_move,recording,-0.213180,-3.062144,9.336561,-0.099576,-0.122054,-0.063067
614880120.000,YZJ,non_handheld,desk_gripped_micro_move,recording,-0.211753,-3.097486,9.329576,-0.103142,-0.108471,-0.067206
614880130.000,YZJ,non_handheld,desk_gripped_micro_move,recording,-0.150054,-3.088552,9.361207,-0.104525,-0.077271,-0.070680
614880140.000,YZJ,non_handheld,desk_gripped_micro_move,recording,-0.162690,-3.096245,9.358028,-0.105746,-0.038977,-0.073167
614880150.000,YZJ,non_handheld,desk_gripped_micro_move,recording,-0.152995,-3.122103,9.313071,-0.095779,-0.020948,-0.065161
614880160.000,YZJ,non_handheld,desk_gripped_micro_move,recording,-0.123414,-3.138835,9.325160,-0.081507,0.011496,-0.055823
614880170.000,YZJ,non_handheld,desk_gripped_micro_move,recording,-0.098638,-3.115903,9.354994,-0.061014,0.069138,-0.047883
614880180.000,YZJ,non_handheld,desk_gripped_micro_move,recording,-0.090554,-3.153569,9.336310,-0.037243,0.133279,-0.040956
614880190.000,YZJ,non_handheld,desk_gripped_micro_move,recording,-0.085046,-3.158759,9.329145,-0.010551,0.197732,-0.037042
614880200.000,YZJ,non_handheld,desk_gripped_micro_move,recording,-0.101494,-3.183619,9.369457,0.016626,0.270958,-0.035135
614880210.000,YZJ,non_handheld,desk_gripped_micro_move,recording,-0.136061,-3.173811,9.334582,0.038526,0.337527,-0.030630
614880220.000,YZJ,non_handheld,desk_gripped_micro_move,recording,-0.198405,-3.170268,9.349588,0.052182,0.381563,-0.022780
614880230.000,YZJ,non_handheld,desk_gripped_micro_move,recording,-0.219987,-3.190473,9.287612,0.046803,0.380095,-0.017012
614880240.000,YZJ,non_handheld,desk_gripped_micro_move,recording,-0.251394,-3.186357,9.255283,0.024706,0.324273,-0.017522
614880250.000,YZJ,non_handheld,desk_gripped_micro_move,recording,-0.356172,-3.145827,9.252657,-0.006944,0.255351,-0.020519
614880260.000,YZJ,non_handheld,desk_gripped_micro_move,recording,-0.380210,-3.108289,9.275861,-0.044088,0.208910,-0.026998
614880270.000,YZJ,non_handheld,desk_gripped_micro_move,recording,-0.342141,-3.128631,9.299229,-0.072161,0.182459,-0.039412
614880280.000,YZJ,non_handheld,desk_gripped_micro_move,recording,-0.415106,-3.155318,9.290300,-0.085868,0.170364,-0.047010
614880290.000,YZJ,non_handheld,desk_gripped_micro_move,recording,-0.517034,-3.226852,9.245121,-0.095650,0.167030,-0.047505
614880300.000,YZJ,non_handheld,desk_gripped_micro_move,recording,-0.426637,-3.133663,9.323995,-0.108596,0.175465,-0.049090
614880310.000,YZJ,non_handheld,desk_gripped_micro_move,recording,-0.459056,-3.101110,9.277687,-0.124339,0.172730,-0.044928
614880320.000,YZJ,non_handheld,desk_gripped_micro_move,recording,-0.596229,-3.056024,9.301660,-0.141155,0.146559,-0.022865
614880330.000,YZJ,non_handheld,desk_gripped_micro_move,recording,-0.575477,-3.029251,9.294735,-0.162187,0.096819,0.003605
614880340.000,YZJ,non_handheld,desk_gripped_micro_move,recording,-0.637958,-3.112966,9.241589,-0.182712,0.035554,0.028606
614880350.000,YZJ,non_handheld,desk_gripped_micro_move,recording,-0.560856,-3.113033,9.236746,-0.201624,-0.021442,0.040392
614880360.000,YZJ,non_handheld,desk_gripped_micro_move,recording,-0.565826,-3.199729,9.241673,-0.217088,-0.060076,0.046874
614880370.000,YZJ,non_handheld,desk_gripped_micro_move,recording,-0.460202,-3.188835,9.287205,-0.224958,-0.064566,0.047309
614880380.000,YZJ,non_handheld,desk_gripped_micro_move,recording,-0.446314,-3.252110,9.277047,-0.223315,-0.043156,0.045282
614880390.000,YZJ,non_handheld,desk_gripped_micro_move,recording,-0.420939,-3.283038,9.269935,-0.216489,-0.008951,0.042833
614880400.000,YZJ,non_handheld,desk_gripped_micro_move,recording,-0.383880,-3.272533,9.267009,-0.209688,0.006338,0.037361
614880410.000,YZJ,non_handheld,desk_gripped_micro_move,recording,-0.357082,-3.298697,9.226589,-0.203719,-0.007227,0.021319
614880420.000,YZJ,non_handheld,desk_gripped_micro_move,recording,-0.447249,-3.314116,9.169288,-0.196336,-0.042706,0.012839
614880430.000,YZJ,non_handheld,desk_gripped_micro_move,recording,-0.512696,-3.271895,9.241957,-0.188041,-0.049860,0.014177
614880440.000,YZJ,non_handheld,desk_gripped_micro_move,recording,-0.431432,-3.303523,9.254657,-0.172676,-0.045676,0.015469
614880450.000,YZJ,non_handheld,desk_gripped_micro_move,recording,-0.428146,-3.390555,9.219078,-0.154962,-0.016235,0.015943
614880460.000,YZJ,non_handheld,desk_gripped_micro_move,recording,-0.440188,-3.340506,9.244635,-0.131184,0.023954,0.017797
614880470.000,YZJ,non_handheld,desk_gripped_micro_move,recording,-0.491461,-3.422332,9.200673,-0.109072,0.053426,0.023756
614880480.000,YZJ,non_handheld,desk_gripped_micro_move,recording,-0.583262,-3.556563,9.155874,-0.093576,0.070501,0.038137
614880490.000,YZJ,non_handheld,desk_gripped_micro_move,recording,-0.433145,-3.392224,9.263546,-0.083411,0.103757,0.038487
614880500.000,YZJ,non_handheld,desk_gripped_micro_move,recording,-0.507515,-3.432459,9.213024,-0.082133,0.126486,0.046301
614880510.000,YZJ,non_handheld,desk_gripped_micro_move,recording,-0.643341,-3.696976,9.070059,-0.091955,0.107179,0.061293
614880520.000,YZJ,non_handheld,desk_gripped_micro_move,recording,-0.475261,-3.437122,9.124417,-0.106594,0.060327,0.049653
614880530.000,YZJ,non_handheld,desk_gripped_micro_move,recording,-0.561565,-3.494949,9.055384,-0.130596,-0.026226,0.031308
614880540.000,YZJ,non_handheld,desk_gripped_micro_move,recording,-0.638443,-3.572182,9.032688,-0.160991,-0.107684,0.015172
614880550.000,YZJ,non_handheld,desk_gripped_micro_move,recording,-0.612043,-3.586533,9.124334,-0.186571,-0.124116,-0.000019
614880560.000,YZJ,non_handheld,desk_gripped_micro_move,recording,-0.566641,-3.548136,9.153836,-0.203707,-0.113585,-0.011167
614880570.000,YZJ,non_handheld,desk_gripped_micro_move,recording,-0.554590,-3.556677,9.155114,-0.212652,-0.107554,-0.016622
614880580.000,YZJ,non_handheld,desk_gripped_micro_move,recording,-0.580791,-3.571574,9.140548,-0.218846,-0.095167,-0.017802
614880590.000,YZJ,non_handheld,desk_gripped_micro_move,recording,-0.582547,-3.582921,9.121978,-0.228917,-0.090869,-0.026009
614880600.000,YZJ,non_handheld,desk_gripped_micro_move,recording,-0.491391,-3.684888,9.099823,-0.248879,-0.093857,-0.045611
614880610.000,YZJ,non_handheld,desk_gripped_micro_move,recording,-0.532907,-3.777297,9.037597,-0.275603,-0.108995,-0.056688
614880620.000,YZJ,non_handheld,desk_gripped_micro_move,recording,-0.530492,-3.763384,9.039478,-0.301346,-0.127423,-0.050962
614880630.000,YZJ,non_handheld,desk_gripped_micro_move,recording,-0.502993,-3.538511,9.162047,-0.316507,-0.143282,-0.036857
614880640.000,YZJ,non_handheld,desk_gripped_micro_move,recording,-0.497961,-3.838788,9.016435,-0.326289,-0.144203,-0.024939
614880650.000,YZJ,non_handheld,desk_gripped_micro_move,recording,-0.323585,-3.802103,9.133414,-0.316058,-0.121082,-0.020988
614880660.000,YZJ,non_handheld,desk_gripped_micro_move,recording,-0.254430,-3.751960,9.067575,-0.309707,-0.102438,-0.010446
614880670.000,YZJ,non_handheld,desk_gripped_micro_move,recording,-0.167162,-4.026605,8.923196,-0.307064,-0.110057,-0.014887
614880680.000,YZJ,non_handheld,desk_gripped_micro_move,recording,-0.121246,-3.955576,8.976907,-0.289156,-0.086948,-0.032402
614880690.000,YZJ,non_handheld,desk_gripped_micro_move,recording,-0.176436,-3.975514,9.009148,-0.264310,-0.048192,-0.044859
614880700.000,YZJ,non_handheld,desk_gripped_micro_move,recording,-0.341416,-4.005497,8.971596,-0.238531,-0.026519,-0.048376
614880710.000,YZJ,non_handheld,desk_gripped_micro_move,recording,-0.449934,-3.865616,9.038677,-0.209906,0.010421,-0.035337
614880720.000,YZJ,non_handheld,desk_gripped_micro_move,recording,-0.528078,-3.766158,9.155614,-0.176506,0.055438,-0.018358
614880730.000,YZJ,non_handheld,desk_gripped_micro_move,recording,-0.602879,-3.921625,8.961249,-0.158167,0.100160,0.006213
614880740.000,YZJ,non_handheld,desk_gripped_micro_move,recording,-0.452984,-3.836754,9.078032,-0.136999,0.134013,0.024868
614880750.000,YZJ,non_handheld,desk_gripped_micro_move,recording,-0.528309,-3.904050,8.995493,-0.120247,0.137284,0.036194
614880760.000,YZJ,non_handheld,desk_gripped_micro_move,recording,-0.439656,-3.690165,9.006675,-0.105275,0.091680,0.046623
614880770.000,YZJ,non_handheld,desk_gripped_micro_move,recording,-0.522969,-3.970165,8.866054,-0.107004,-0.002914,0.056391
614880780.000,YZJ,non_handheld,desk_gripped_micro_move,recording,-0.442640,-3.638224,9.060223,-0.101332,-0.086490,0.053925
614880790.000,YZJ,non_handheld,desk_gripped_micro_move,recording,-0.424056,-3.993803,8.949313,-0.107347,-0.109857,0.056736
614880800.000,YZJ,non_handheld,desk_gripped_micro_move,recording,-0.409506,-4.073750,8.968438,-0.111437,-0.066015,0.053998
614880810.000,YZJ,non_handheld,desk_gripped_micro_move,recording,-0.331220,-3.991490,9.009361,-0.109255,-0.024302,0.038195
614880820.000,YZJ,non_handheld,desk_gripped_micro_move,recording,-0.413918,-3.983302,8.971765,-0.109023,-0.007602,0.027198
614880830.000,YZJ,non_handheld,desk_gripped_micro_move,recording,-0.450949,-4.037390,8.911666,-0.111832,-0.020076,0.027411
614880840.000,YZJ,non_handheld,desk_gripped_micro_move,recording,-0.484291,-4.076510,8.886419,-0.123453,-0.049304,0.037216
614880850.000,YZJ,non_handheld,desk_gripped_micro_move,recording,-0.400496,-4.078261,8.907118,-0.137814,-0.069068,0.038122
614880860.000,YZJ,non_handheld,desk_gripped_micro_move,recording,-0.410771,-4.062475,8.938468,-0.149611,-0.061476,0.033060
614880870.000,YZJ,non_handheld,desk_gripped_micro_move,recording,-0.346795,-3.981912,9.006160,-0.147880,-0.036645,0.022381
614880880.000,YZJ,non_handheld,desk_gripped_micro_move,recording,-0.321008,-3.998487,8.965227,-0.138575,-0.001487,0.017696
614880890.000,YZJ,non_handheld,desk_gripped_micro_move,recording,-0.337298,-4.070258,8.947080,-0.127779,0.013150,0.014044
614880900.000,YZJ,non_handheld,desk_gripped_micro_move,recording,-0.338000,-4.047574,8.882919,-0.135040,-0.033561,0.004546
614880910.000,YZJ,non_handheld,desk_gripped_micro_move,recording,-0.469813,-4.098061,8.855590,-0.156127,-0.114702,0.004207
614880920.000,YZJ,non_handheld,desk_gripped_micro_move,recording,-0.443595,-4.072089,8.868341,-0.171367,-0.174794,0.009992
614880930.000,YZJ,non_handheld,desk_gripped_micro_move,recording,-0.352885,-4.129072,8.908385,-0.180134,-0.182740,0.012189
614880940.000,YZJ,non_handheld,desk_gripped_micro_move,recording,-0.255510,-4.186939,8.914891,-0.179109,-0.150573,0.018159
614880950.000,YZJ,non_handheld,desk_gripped_micro_move,recording,-0.252375,-4.192313,8.909903,-0.172085,-0.103999,0.021015
614880960.000,YZJ,non_handheld,desk_gripped_micro_move,recording,-0.197741,-4.177044,8.915494,-0.162478,-0.060938,0.017160
614880970.000,YZJ,non_handheld,desk_gripped_micro_move,recording,-0.250433,-4.227758,8.874948,-0.150785,-0.031787,0.007022
614880980.000,YZJ,non_handheld,desk_gripped_micro_move,recording,-0.280694,-4.194535,8.875112,-0.136997,-0.037124,-0.003619
614880990.000,YZJ,non_handheld,desk_gripped_micro_move,recording,-0.221285,-4.183925,8.797808,-0.122481,-0.094032,-0.018200
614881000.000,YZJ,non_handheld,desk_gripped_micro_move,recording,-0.140851,-4.156361,8.802919,-0.113148,-0.170669,-0.037272
614881010.000,YZJ,non_handheld,desk_gripped_micro_move,recording,-0.110924,-4.165129,8.825752,-0.106481,-0.245383,-0.064637
614881020.000,YZJ,non_handheld,desk_gripped_micro_move,recording,-0.163403,-4.287366,8.824407,-0.097723,-0.264400,-0.085743
614881030.000,YZJ,non_handheld,desk_gripped_micro_move,recording,-0.372528,-4.383625,8.813642,-0.078305,-0.231309,-0.077105
614881040.000,YZJ,non_handheld,desk_gripped_micro_move,recording,-0.437550,-4.255287,8.835710,-0.052601,-0.202457,-0.045308
614881050.000,YZJ,non_handheld,desk_gripped_micro_move,recording,-0.367177,-4.376517,8.856486,-0.035765,-0.146920,-0.016037
614881060.000,YZJ,non_handheld,desk_gripped_micro_move,recording,-0.260532,-4.391148,8.820303,-0.031787,-0.100295,-0.002524
614881070.000,YZJ,non_handheld,desk_gripped_micro_move,recording,-0.183866,-4.347731,8.832559,-0.032470,-0.058895,0.013774
614881080.000,YZJ,non_handheld,desk_gripped_micro_move,recording,-0.178157,-4.400995,8.812182,-0.034938,-0.034286,0.036223
614881090.000,YZJ,non_handheld,desk_gripped_micro_move,recording,-0.142506,-4.283152,8.852872,-0.037963,-0.013683,0.045779
614881100.000,YZJ,non_handheld,desk_gripped_micro_move,recording,-0.193608,-4.306733,8.789390,-0.038824,-0.036789,0.043983
614881110.000,YZJ,non_handheld,desk_gripped_micro_move,recording,-0.210865,-4.277604,8.821264,-0.044273,-0.072326,0.033178
614881120.000,YZJ,non_handheld,desk_gripped_micro_move,recording,-0.220254,-4.278183,8.774704,-0.055572,-0.119220,0.025813
614881130.000,YZJ,non_handheld,desk_gripped_micro_move,recording,-0.182355,-4.307942,8.811505,-0.065536,-0.145398,0.022597
614881140.000,YZJ,non_handheld,desk_gripped_micro_move,recording,-0.150913,-4.322836,8.811178,-0.073198,-0.163285,0.021561
614881150.000,YZJ,non_handheld,desk_gripped_micro_move,recording,-0.110967,-4.314488,8.833283,-0.084470,-0.155091,0.021266
614881160.000,YZJ,non_handheld,desk_gripped_micro_move,recording,-0.073226,-4.329446,8.859974,-0.098310,-0.117761,0.014556
614881170.000,YZJ,non_handheld,desk_gripped_micro_move,recording,-0.113795,-4.402942,8.833248,-0.103738,-0.072914,0.015675
614881180.000,YZJ,non_handheld,desk_gripped_micro_move,recording,-0.095469,-4.378432,8.813135,-0.101861,-0.032421,0.025989
614881190.000,YZJ,non_handheld,desk_gripped_micro_move,recording,-0.004527,-4.332804,8.849435,-0.093084,0.009477,0.033404
614881200.000,YZJ,non_handheld,desk_gripped_micro_move,recording,-0.073918,-4.371192,8.790838,-0.080941,0.031014,0.039251
614881210.000,YZJ,non_handheld,desk_gripped_micro_move,recording,-0.080109,-4.405921,8.786170,-0.067129,0.043029,0.051949
614881220.000,YZJ,non_handheld,desk_gripped_micro_move,recording,-0.117821,-4.406898,8.755339,-0.060342,0.033908,0.064049
614881230.000,YZJ,non_handheld,desk_gripped_micro_move,recording,-0.107588,-4.393848,8.795638,-0.069061,0.019321,0.066365
614881240.000,YZJ,non_handheld,desk_gripped_micro_move,recording,-0.146227,-4.370127,8.775746,-0.086766,-0.003269,0.066147
614881250.000,YZJ,non_handheld,desk_gripped_micro_move,recording,-0.120751,-4.348991,8.794378,-0.097457,-0.028707,0.061194
614881260.000,YZJ,non_handheld,desk_gripped_micro_move,recording,-0.070991,-4.369169,8.807782,-0.103540,-0.026092,0.058170
614881270.000,YZJ,non_handheld,desk_gripped_micro_move,recording,-0.110850,-4.418231,8.778827,-0.101099,-0.013778,0.055853
614881280.000,YZJ,non_handheld,desk_gripped_micro_move,recording,-0.127020,-4.436001,8.733757,-0.094238,-0.022766,0.058932
614881290.000,YZJ,non_handheld,desk_gripped_micro_move,recording,-0.125403,-4.397543,8.758396,-0.086492,-0.045971,0.048353
614881300.000,YZJ,non_handheld,desk_gripped_micro_move,recording,-0.065906,-4.360197,8.759536,-0.080247,-0.076152,0.030786
614881310.000,YZJ,non_handheld,desk_gripped_micro_move,recording,-0.089111,-4.444861,8.771715,-0.071338,-0.068308,0.013656
614881320.000,YZJ,non_handheld,desk_gripped_micro_move,recording,-0.165517,-4.471195,8.740001,-0.064214,-0.046564,0.004533
614881330.000,YZJ,non_handheld,desk_gripped_micro_move,recording,-0.206356,-4.460156,8.708323,-0.062502,-0.065485,-0.000466
614881340.000,YZJ,non_handheld,desk_gripped_micro_move,recording,-0.210618,-4.493823,8.699188,-0.071804,-0.114155,0.003598
614881350.000,YZJ,non_handheld,desk_gripped_micro_move,recording,-0.124823,-4.490376,8.743893,-0.081459,-0.123074,0.001415
614881360.000,YZJ,non_handheld,desk_gripped_micro_move,recording,-0.071959,-4.492975,8.750499,-0.085738,-0.113297,0.006352
614881370.000,YZJ,non_handheld,desk_gripped_micro_move,recording,-0.176891,-4.528495,8.742237,-0.082307,-0.091347,0.024636
614881380.000,YZJ,non_handheld,desk_gripped_micro_move,recording,-0.160729,-4.545228,8.762937,-0.070953,-0.027170,0.050493
614881390.000,YZJ,non_handheld,desk_gripped_micro_move,recording,-0.185742,-4.554655,8.751825,-0.058730,0.038718,0.074760
614881400.000,YZJ,non_handheld,desk_gripped_micro_move,recording,-0.184115,-4.522662,8.731309,-0.046662,0.062046,0.097491
614881410.000,YZJ,non_handheld,desk_gripped_micro_move,recording,-0.030807,-4.496547,8.711182,-0.037219,0.048359,0.105519
614881420.000,YZJ,non_handheld,desk_gripped_micro_move,recording,-0.018916,-4.472118,8.731924,-0.035863,0.018904,0.106407
614881430.000,YZJ,non_handheld,desk_gripped_micro_move,recording,0.009478,-4.540270,8.683649,-0.047464,-0.028541,0.104591
614881440.000,YZJ,non_handheld,desk_gripped_micro_move,recording,0.035603,-4.531132,8.648970,-0.066364,-0.088855,0.096179
614881450.000,YZJ,non_handheld,desk_gripped_micro_move,recording,-0.045959,-4.507530,8.680457,-0.086681,-0.139503,0.091935
614881460.000,YZJ,non_handheld,desk_gripped_micro_move,recording,-0.144073,-4.554399,8.695199,-0.106156,-0.165314,0.081461
614881470.000,YZJ,non_handheld,desk_gripped_micro_move,recording,-0.133628,-4.600310,8.708297,-0.120203,-0.145925,0.062759
614881480.000,YZJ,non_handheld,desk_gripped_micro_move,recording,-0.112495,-4.613727,8.676328,-0.128156,-0.112333,0.050862
614881490.000,YZJ,non_handheld,desk_gripped_micro_move,recording,-0.131658,-4.598790,8.681595,-0.126626,-0.075763,0.057083
614881500.000,YZJ,non_handheld,desk_gripped_micro_move,recording,-0.090880,-4.504482,8.779213,-0.113543,-0.042985,0.065284
614881510.000,YZJ,non_handheld,desk_gripped_micro_move,recording,-0.072653,-4.516234,8.743794,-0.098251,-0.024431,0.075635
614881520.000,YZJ,non_handheld,desk_gripped_micro_move,recording,-0.200120,-4.634530,8.626143,-0.086002,-0.037907,0.089215
614881530.000,YZJ,non_handheld,desk_gripped_micro_move,recording,-0.014819,-4.663117,8.643305,-0.079381,-0.036398,0.089522
614881540.000,YZJ,non_handheld,desk_gripped_micro_move,recording,-0.042827,-4.653629,8.675461,-0.073066,-0.016698,0.090662
614881550.000,YZJ,non_handheld,desk_gripped_micro_move,recording,0.028181,-4.698825,8.652350,-0.069088,0.009297,0.088976
614881560.000,YZJ,non_handheld,desk_gripped_micro_move,recording,0.042342,-4.743418,8.635342,-0.068771,0.057912,0.076599
614881570.000,YZJ,non_handheld,desk_gripped_micro_move,recording,0.036838,-4.615794,8.699793,-0.059336,0.098082,0.062765
614881580.000,YZJ,non_handheld,desk_gripped_micro_move,recording,0.006371,-4.609228,8.677731,-0.049354,0.104450,0.053362
614881590.000,YZJ,non_handheld,desk_gripped_micro_move,recording,-0.121848,-4.507106,8.726216,-0.042959,0.096081,0.043460
614881600.000,YZJ,non_handheld,desk_gripped_micro_move,recording,-0.040494,-4.616156,8.607186,-0.035889,0.062664,0.024746
614881610.000,YZJ,non_handheld,desk_gripped_micro_move,recording,-0.113182,-4.546595,8.673536,-0.021434,0.037438,0.013708
614881620.000,YZJ,non_handheld,desk_gripped_micro_move,recording,-0.158480,-4.736033,8.615957,-0.014197,0.046469,0.019688
614881630.000,YZJ,non_handheld,desk_gripped_micro_move,recording,-0.209469,-4.781300,8.627359,-0.021207,0.077766,0.029353
614881640.000,YZJ,non_handheld,desk_gripped_micro_move,recording,-0.235636,-4.689066,8.618977,-0.046758,0.065896,0.031415
614881650.000,YZJ,non_handheld,desk_gripped_micro_move,recording,-0.296144,-4.797488,8.557811,-0.080784,0.034504,0.031581
614881660.000,YZJ,non_handheld,desk_gripped_micro_move,recording,-0.223547,-4.712800,8.595475,-0.105440,0.003575,0.035042
614881670.000,YZJ,non_handheld,desk_gripped_micro_move,recording,-0.187105,-4.468880,8.795518,-0.115466,0.003013,0.033376
614881680.000,YZJ,non_handheld,desk_gripped_micro_move,recording,-0.059910,-4.717811,8.593819,-0.121697,0.005683,0.015927
614881690.000,YZJ,non_handheld,desk_gripped_micro_move,recording,0.044303,-4.578667,8.616947,-0.116038,-0.009102,-0.009236
614881700.000,YZJ,non_handheld,desk_gripped_micro_move,recording,-0.030317,-4.581094,8.676414,-0.107313,-0.016541,-0.026557
614881710.000,YZJ,non_handheld,desk_gripped_micro_move,recording,-0.170632,-4.476982,8.775513,-0.096942,-0.016850,-0.031376
614881720.000,YZJ,non_handheld,desk_gripped_micro_move,recording,-0.188960,-4.715662,8.590365,-0.094605,-0.039309,-0.023396
614881730.000,YZJ,non_handheld,desk_gripped_micro_move,recording,-0.172039,-4.740538,8.587830,-0.098339,-0.029142,-0.016502
614881740.000,YZJ,non_handheld,desk_gripped_micro_move,recording,-0.151054,-4.740289,8.639025,-0.102515,0.013671,-0.008175
614881750.000,YZJ,non_handheld,desk_gripped_micro_move,recording,-0.201823,-4.727143,8.622375,-0.103985,0.022181,0.001741
614881760.000,YZJ,non_handheld,desk_gripped_micro_move,recording,-0.167796,-4.743977,8.570663,-0.107330,-0.000297,0.009137
614881770.000,YZJ,non_handheld,desk_gripped_micro_move,recording,-0.189427,-4.720174,8.581498,-0.107484,-0.041600,0.016864
614881780.000,YZJ,non_handheld,desk_gripped_micro_move,recording,-0.027741,-4.727681,8.583051,-0.098513,-0.067695,0.014470
614881790.000,YZJ,non_handheld,desk_gripped_micro_move,recording,0.105038,-4.769102,8.601675,-0.083607,-0.046345,0.003648
614881800.000,YZJ,non_handheld,desk_gripped_micro_move,recording,-0.023822,-4.790505,8.617239,-0.060351,0.015370,0.007238
614881810.000,YZJ,non_handheld,desk_gripped_micro_move,recording,-0.061728,-4.834198,8.565883,-0.031736,0.064987,0.017030
614881820.000,YZJ,non_handheld,desk_gripped_micro_move,recording,-0.107170,-4.815517,8.560776,-0.007948,0.100770,0.020792
614881830.000,YZJ,non_handheld,desk_gripped_micro_move,recording,-0.166038,-4.787724,8.585059,0.003096,0.090966,0.017091
614881840.000,YZJ,non_handheld,desk_gripped_micro_move,recording,-0.208559,-4.730906,8.555517,0.002745,0.046662,0.011986
614881850.000,YZJ,non_handheld,desk_gripped_micro_move,recording,-0.212590,-4.732671,8.569575,-0.009757,0.018668,0.004241
614881860.000,YZJ,non_handheld,desk_gripped_micro_move,recording,-0.219497,-4.803472,8.544028,-0.016373,0.001775,0.002401
614881870.000,YZJ,non_handheld,desk_gripped_micro_move,recording,-0.201129,-4.803797,8.579772,-0.019882,0.007026,0.002673
614881880.000,YZJ,non_handheld,desk_gripped_micro_move,recording,-0.197835,-4.766687,8.565081,-0.022841,0.001288,0.008247
614881890.000,YZJ,non_handheld,desk_gripped_micro_move,recording,-0.118219,-4.810831,8.542787,-0.023403,-0.010292,0.003512
614881900.000,YZJ,non_handheld,desk_gripped_micro_move,recording,-0.122043,-4.856291,8.509538,-0.021513,-0.020533,0.002836
614881910.000,YZJ,non_handheld,desk_gripped_micro_move,recording,-0.148513,-4.828372,8.561785,-0.011417,-0.017416,0.005251
614881920.000,YZJ,non_handheld,desk_gripped_micro_move,recording,-0.156280,-4.807276,8.545415,0.001406,-0.010911,0.001469
614881930.000,YZJ,non_handheld,desk_gripped_micro_move,recording,-0.209687,-4.836065,8.510260,0.018122,-0.025298,-0.000423
614881940.000,YZJ,non_handheld,desk_gripped_micro_move,recording,-0.279426,-4.911956,8.519265,0.022501,-0.028633,0.003828
614881950.000,YZJ,non_handheld,desk_gripped_micro_move,recording,-0.304372,-4.905339,8.528694,0.009803,-0.012380,0.015497
614881960.000,YZJ,non_handheld,desk_gripped_micro_move,recording,-0.324269,-4.898962,8.510643,-0.006013,-0.026952,0.025951
614881970.000,YZJ,non_handheld,desk_gripped_micro_move,recording,-0.205330,-4.849941,8.483669,-0.022150,-0.057903,0.026925
614881980.000,YZJ,non_handheld,desk_gripped_micro_move,recording,-0.108019,-4.931192,8.479939,-0.037966,-0.077458,0.015133
614881990.000,YZJ,non_handheld,desk_gripped_micro_move,recording,-0.107966,-4.625214,8.683111,-0.043245,-0.087194,0.005446
614882000.000,YZJ,non_handheld,desk_gripped_micro_move,recording,-0.125819,-4.949274,8.460773,-0.053903,-0.094752,-0.000149
614882010.000,YZJ,non_handheld,desk_gripped_micro_move,recording,-0.086584,-4.768125,8.593816,-0.057886,-0.077841,-0.015103
614882020.000,YZJ,non_handheld,desk_gripped_micro_move,recording,-0.141483,-4.746063,8.609212,-0.058549,-0.056297,-0.022776
614882030.000,YZJ,non_handheld,desk_gripped_micro_move,recording,-0.187481,-4.852402,8.551441,-0.063194,-0.032817,-0.015549
614882040.000,YZJ,non_handheld,desk_gripped_micro_move,recording,-0.015700,-4.653450,8.701270,-0.058791,-0.002823,-0.017088
614882050.000,YZJ,non_handheld,desk_gripped_micro_move,recording,-0.017909,-4.760871,8.602179,-0.051828,0.021843,-0.017421
614882060.000,YZJ,non_handheld,desk_gripped_micro_move,recording,-0.129742,-4.780394,8.574717,-0.041342,0.022197,-0.012638
614882070.000,YZJ,non_handheld,desk_gripped_micro_move,recording,-0.075925,-4.770844,8.557820,-0.035929,-0.006557,-0.009300
614882080.000,YZJ,non_handheld,desk_gripped_micro_move,recording,-0.142229,-4.842396,8.538620,-0.037074,-0.031378,-0.003572
614882090.000,YZJ,non_handheld,desk_gripped_micro_move,recording,-0.143314,-4.862242,8.532715,-0.043128,-0.031684,0.001819
614882100.000,YZJ,non_handheld,desk_gripped_micro_move,recording,-0.061165,-4.859402,8.546070,-0.048299,-0.019820,0.009751
614882110.000,YZJ,non_handheld,desk_gripped_micro_move,recording,0.033123,-4.884177,8.546893,-0.049307,-0.005521,0.008630
614882120.000,YZJ,non_handheld,desk_gripped_micro_move,recording,0.025596,-4.782590,8.587131,-0.041709,0.010388,-0.000432
614882130.000,YZJ,non_handheld,desk_gripped_micro_move,recording,-0.005185,-4.789299,8.572145,-0.026189,0.041953,-0.008889
614882140.000,YZJ,non_handheld,desk_gripped_micro_move,recording,-0.096488,-4.866184,8.534241,-0.003432,0.084426,-0.017551
614882150.000,YZJ,non_handheld,desk_gripped_micro_move,recording,-0.083190,-4.664328,8.656272,0.023907,0.085565,-0.026219
614882160.000,YZJ,non_handheld,desk_gripped_micro_move,recording,-0.197647,-4.599715,8.625181,0.045806,0.040079,-0.033356
614882170.000,YZJ,non_handheld,desk_gripped_micro_move,recording,-0.240619,-4.825657,8.522602,0.053508,-0.007891,-0.038328
614882180.000,YZJ,non_handheld,desk_gripped_micro_move,recording,-0.121600,-4.796552,8.561024,0.051355,-0.017688,-0.044396
614882190.000,YZJ,non_handheld,desk_gripped_micro_move,recording,-0.093121,-4.898032,8.515064,0.041162,-0.017219,-0.048703
614882200.000,YZJ,non_handheld,desk_gripped_micro_move,recording,-0.192797,-4.747418,8.585158,0.032430,-0.054255,-0.039359
614882210.000,YZJ,non_handheld,desk_gripped_micro_move,recording,-0.068080,-4.878027,8.480880,0.018180,-0.055657,-0.041180
614882220.000,YZJ,non_handheld,desk_gripped_micro_move,recording,-0.089823,-4.870985,8.558507,0.008378,-0.033716,-0.048714
614882230.000,YZJ,non_handheld,desk_gripped_micro_move,recording,-0.045275,-4.759369,8.587145,0.015408,-0.016628,-0.054872
614882240.000,YZJ,non_handheld,desk_gripped_micro_move,recording,-0.249612,-4.573360,8.682068,0.032622,0.007614,-0.044496
614882250.000,YZJ,non_handheld,desk_gripped_micro_move,recording,-0.483094,-4.843503,8.600996,0.048512,0.028204,-0.009423
614882260.000,YZJ,non_handheld,desk_gripped_micro_move,recording,-0.293013,-4.761369,8.550458,0.060913,0.038042,0.020267
614882270.000,YZJ,non_handheld,desk_gripped_micro_move,recording,-0.320134,-5.032675,8.478762,0.055029,0.030525,0.046038
614882280.000,YZJ,non_handheld,desk_gripped_micro_move,recording,-0.053560,-4.904586,8.474992,0.044553,0.006496,0.052892
614882290.000,YZJ,non_handheld,desk_gripped_micro_move,recording,0.133501,-5.166268,8.391209,0.020038,-0.013149,0.044823
614882300.000,YZJ,non_handheld,desk_gripped_micro_move,recording,0.481310,-5.051642,8.361393,-0.006035,-0.033286,0.009481
614882310.000,YZJ,non_handheld,desk_gripped_micro_move,recording,-0.011571,-4.940193,8.522215,-0.017565,-0.032892,0.010886
614882320.000,YZJ,non_handheld,desk_gripped_micro_move,recording,-0.062293,-4.768929,8.575779,-0.018703,-0.014572,0.018143
614882330.000,YZJ,non_handheld,desk_gripped_micro_move,recording,-0.078584,-4.852699,8.544950,-0.013168,0.001900,0.016009
614882340.000,YZJ,non_handheld,desk_gripped_micro_move,recording,-0.123740,-4.851436,8.502395,-0.007575,0.005363,0.013456
614882350.000,YZJ,non_handheld,desk_gripped_micro_move,recording,-0.123722,-4.830995,8.534036,-0.002422,-0.010864,0.015812
614882360.000,YZJ,non_handheld,desk_gripped_micro_move,recording,-0.105448,-4.844901,8.546172,-0.000034,-0.013874,0.017283
614882370.000,YZJ,non_handheld,desk_gripped_micro_move,recording,-0.097928,-4.889808,8.518166,-0.000792,-0.002582,0.017754
614882380.000,YZJ,non_handheld,desk_gripped_micro_move,recording,-0.098713,-4.932829,8.480747,-0.005455,0.002204,0.016780
614882390.000,YZJ,non_handheld,desk_gripped_micro_move,recording,-0.102941,-4.742102,8.610629,0.004326,0.001285,0.016436
614882400.000,YZJ,non_handheld,desk_gripped_micro_move,recording,-0.070741,-4.659208,8.655231,0.014019,0.008954,0.012201
614882410.000,YZJ,non_handheld,desk_gripped_micro_move,recording,-0.120493,-4.865406,8.522911,0.021194,-0.001019,0.007204
614882420.000,YZJ,non_handheld,desk_gripped_micro_move,recording,-0.140063,-4.779675,8.535027,0.021647,-0.030449,0.002029
614882430.000,YZJ,non_handheld,desk_gripped_micro_move,recording,-0.137036,-4.807017,8.536868,0.017444,-0.050525,-0.009233
614882440.000,YZJ,non_handheld,desk_gripped_micro_move,recording,-0.095623,-4.819953,8.591381,0.019538,-0.040836,-0.013154
614882450.000,YZJ,non_handheld,desk_gripped_micro_move,recording,-0.061536,-4.817052,8.569024,0.023730,-0.020200,-0.010406
614882460.000,YZJ,non_handheld,desk_gripped_micro_move,recording,-0.073106,-4.819631,8.572630,0.030218,-0.001109,-0.008754
614882470.000,YZJ,non_handheld,desk_gripped_micro_move,recording,-0.079046,-4.821747,8.548210,0.039908,0.006508,-0.007023
614882480.000,YZJ,non_handheld,desk_gripped_micro_move,recording,-0.079422,-4.820303,8.565974,0.048477,0.023171,-0.009907
614882490.000,YZJ,non_handheld,desk_gripped_micro_move,recording,-0.062244,-4.814783,8.587390,0.055419,0.053459,-0.009443
614882500.000,YZJ,non_handheld,desk_gripped_micro_move,recording,-0.055265,-4.816280,8.583263,0.063740,0.077165,0.000072
614882510.000,YZJ,non_handheld,desk_gripped_micro_move,recording,-0.068858,-4.815405,8.586939,0.072119,0.107889,0.006665
614882520.000,YZJ,non_handheld,desk_gripped_micro_move,recording,-0.081647,-4.788796,8.648501,0.086444,0.154937,0.004333
614882530.000,YZJ,non_handheld,desk_gripped_micro_move,recording,-0.085293,-4.661067,8.643278,0.115035,0.187618,0.004671
614882540.000,YZJ,non_handheld,desk_gripped_micro_move,recording,-0.096917,-4.781861,8.560980,0.137718,0.190870,0.008783
614882550.000,YZJ,non_handheld,desk_gripped_micro_move,recording,-0.147753,-4.783177,8.563982,0.144622,0.171442,0.011171
614882560.000,YZJ,non_handheld,desk_gripped_micro_move,recording,-0.213655,-4.687800,8.604608,0.143565,0.126989,0.011680
614882570.000,YZJ,non_handheld,desk_gripped_micro_move,recording,-0.252224,-4.778014,8.545235,0.135171,0.093070,0.016207
614882580.000,YZJ,non_handheld,desk_gripped_micro_move,recording,-0.201208,-4.750850,8.586987,0.129164,0.094713,0.013978
614882590.000,YZJ,non_handheld,desk_gripped_micro_move,recording,-0.194735,-4.701684,8.639435,0.130141,0.099859,0.015199
614882600.000,YZJ,non_handheld,desk_gripped_micro_move,recording,-0.190750,-4.678446,8.619337,0.126033,0.098000,0.011441
614882610.000,YZJ,non_handheld,desk_gripped_micro_move,recording,-0.237347,-4.724513,8.612788,0.119259,0.092552,0.006207
614882620.000,YZJ,non_handheld,desk_gripped_micro_move,recording,-0.263915,-4.703527,8.625066,0.104892,0.107380,-0.003609
614882630.000,YZJ,non_handheld,desk_gripped_micro_move,recording,-0.275000,-4.658926,8.631920,0.095177,0.103638,-0.013280
614882640.000,YZJ,non_handheld,desk_gripped_micro_move,recording,-0.279616,-4.657838,8.629012,0.085639,0.088043,-0.020390
614882650.000,YZJ,non_handheld,desk_gripped_micro_move,recording,-0.277875,-4.637874,8.625909,0.073453,0.060898,-0.022246
614882660.000,YZJ,non_handheld,desk_gripped_micro_move,recording,-0.286389,-4.627982,8.654167,0.056957,0.043157,-0.027071
614882670.000,YZJ,non_handheld,desk_gripped_micro_move,recording,-0.284996,-4.623487,8.633817,0.044389,0.025770,-0.030794
614882680.000,YZJ,non_handheld,desk_gripped_micro_move,recording,-0.284267,-4.631671,8.636215,0.036239,-0.003245,-0.028688
614882690.000,YZJ,non_handheld,desk_gripped_micro_move,recording,-0.277028,-4.628794,8.642141,0.026144,-0.031208,-0.023722
614882700.000,YZJ,non_handheld,desk_gripped_micro_move,recording,-0.262530,-4.622577,8.639445,0.019709,-0.045266,-0.019563
614882710.000,YZJ,non_handheld,desk_gripped_micro_move,recording,-0.241100,-4.636572,8.669897,0.017412,-0.037827,-0.014301
614882720.000,YZJ,non_handheld,desk_gripped_micro_move,recording,-0.226365,-4.636469,8.666718,0.018814,-0.028385,-0.010096
614882730.000,YZJ,non_handheld,desk_gripped_micro_move,recording,-0.236552,-4.636455,8.664306,0.021015,-0.018830,-0.007353
614882740.000,YZJ,non_handheld,desk_gripped_micro_move,recording,-0.205492,-4.614215,8.672096,0.020142,-0.000216,-0.008185
614882750.000,YZJ,non_handheld,desk_gripped_micro_move,recording,-0.236038,-4.629818,8.670816,0.024902,0.005066,-0.002568
614882760.000,YZJ,non_handheld,desk_gripped_micro_move,recording,-0.240831,-4.601484,8.666877,0.033044,0.017198,-0.000502
614882770.000,YZJ,non_handheld,desk_gripped_micro_move,recording,-0.238330,-4.604504,8.685317,0.039698,0.026207,0.003885
614882780.000,YZJ,non_handheld,desk_gripped_micro_move,recording,-0.249951,-4.647088,8.621576,0.045362,0.015100,0.012403
614882790.000,YZJ,non_handheld,desk_gripped_micro_move,recording,-0.230940,-4.634472,8.637738,0.050641,0.016371,0.018052
614882800.000,YZJ,non_handheld,desk_gripped_micro_move,recording,-0.236397,-4.625547,8.688777,0.061674,0.026325,0.022488
614882810.000,YZJ,non_handheld,desk_gripped_micro_move,recording,-0.222880,-4.599115,8.655866,0.074406,0.034930,0.023818
614882820.000,YZJ,non_handheld,desk_gripped_micro_move,recording,-0.233037,-4.566057,8.668349,0.086165,0.035389,0.021368
614882830.000,YZJ,non_handheld,desk_gripped_micro_move,recording,-0.238665,-4.552895,8.652839,0.099163,0.025795,0.015071
614882840.000,YZJ,non_handheld,desk_gripped_micro_move,recording,-0.194550,-4.496061,8.716566,0.113214,0.014904,0.005499
614882850.000,YZJ,non_handheld,desk_gripped_micro_move,recording,-0.141751,-4.444277,8.725896,0.130531,0.000939,-0.007880
614882860.000,YZJ,non_handheld,desk_gripped_micro_move,recording,-0.121399,-4.457048,8.708718,0.142799,-0.019195,-0.019603
614882870.000,YZJ,non_handheld,desk_gripped_micro_move,recording,-0.270132,-4.611299,8.652331,0.150457,-0.025896,-0.026116
614882880.000,YZJ,non_handheld,desk_gripped_micro_move,recording,-0.234677,-4.480898,8.750945,0.162769,-0.001370,-0.029334
614882890.000,YZJ,non_handheld,desk_gripped_micro_move,recording,-0.322955,-4.556680,8.738555,0.174545,0.037103,-0.022168
614882900.000,YZJ,non_handheld,desk_gripped_micro_move,recording,-0.383656,-4.686465,8.644298,0.183342,0.063133,-0.002868
614882910.000,YZJ,non_handheld,desk_gripped_micro_move,recording,-0.164412,-4.421827,8.774015,0.189664,0.093966,0.009335
614882920.000,YZJ,non_handheld,desk_gripped_micro_move,recording,-0.198794,-4.518427,8.736243,0.194773,0.125262,0.012029
614882930.000,YZJ,non_handheld,desk_gripped_micro_move,recording,-0.237870,-4.571924,8.701741,0.199683,0.124517,0.012922
614882940.000,YZJ,non_handheld,desk_gripped_micro_move,recording,-0.216781,-4.515887,8.719423,0.207098,0.137076,0.008091
614882950.000,YZJ,non_handheld,desk_gripped_micro_move,recording,-0.071358,-4.407483,8.815683,0.216213,0.169406,-0.004726
614882960.000,YZJ,non_handheld,desk_gripped_micro_move,recording,-0.109214,-4.388138,8.780473,0.228236,0.160474,-0.021012
614882970.000,YZJ,non_handheld,desk_gripped_micro_move,recording,-0.066388,-4.346186,8.793041,0.233402,0.148334,-0.049342
614882980.000,YZJ,non_handheld,desk_gripped_micro_move,recording,-0.097525,-4.318598,8.763725,0.229995,0.118896,-0.082743
614882990.000,YZJ,non_handheld,desk_gripped_micro_move,recording,-0.348104,-4.346931,8.731626,0.219156,0.074295,-0.100268
614883000.000,YZJ,non_handheld,desk_gripped_micro_move,recording,-0.479522,-4.400926,8.753595,0.208521,0.046806,-0.101815
614883010.000,YZJ,non_handheld,desk_gripped_micro_move,recording,-0.697385,-4.366352,8.797148,0.198747,0.027992,-0.080216
614883020.000,YZJ,non_handheld,desk_gripped_micro_move,recording,-0.892137,-4.318026,8.809823,0.182813,0.039173,-0.041560
614883030.000,YZJ,non_handheld,desk_gripped_micro_move,recording,-0.819259,-4.268355,8.844933,0.166653,0.060274,-0.005666
614883040.000,YZJ,non_handheld,desk_gripped_micro_move,recording,-0.469546,-4.257764,8.838964,0.150796,0.053455,0.000952
614883050.000,YZJ,non_handheld,desk_gripped_micro_move,recording,-0.377135,-4.221293,8.867813,0.134129,0.043684,-0.000559
614883060.000,YZJ,non_handheld,desk_gripped_micro_move,recording,-0.333300,-4.206626,8.872591,0.111463,0.049314,0.000164
614883070.000,YZJ,non_handheld,desk_gripped_micro_move,recording,-0.374078,-4.204652,8.880032,0.088877,0.053855,0.002452
614883080.000,YZJ,non_handheld,desk_gripped_micro_move,recording,-0.370343,-4.190665,8.852797,0.066610,0.039189,-0.000057
614883090.000,YZJ,non_handheld,desk_gripped_micro_move,recording,-0.213326,-4.215250,8.836806,0.034226,0.000819,-0.016958
614883100.000,YZJ,non_handheld,desk_gripped_micro_move,recording,-0.257992,-4.108047,8.874241,0.030746,-0.020796,-0.050534
614883110.000,YZJ,non_handheld,desk_gripped_micro_move,recording,-0.376140,-4.166928,8.853852,0.040039,-0.036009,-0.055867
614883120.000,YZJ,non_handheld,desk_gripped_micro_move,recording,-0.499414,-4.215959,8.861082,0.041467,-0.032975,-0.040308
614883130.000,YZJ,non_handheld,desk_gripped_micro_move,recording,-0.474568,-4.185840,8.879624,0.047093,-0.024009,-0.032058
614883140.000,YZJ,non_handheld,desk_gripped_micro_move,recording,-0.440654,-4.223000,8.855179,0.047870,-0.022572,-0.021698
614883150.000,YZJ,non_handheld,desk_gripped_micro_move,recording,-0.434686,-4.199021,8.868369,0.047462,-0.018666,-0.014649
614883160.000,YZJ,non_handheld,desk_gripped_micro_move,recording,-0.376605,-4.190626,8.859552,0.050344,-0.024953,-0.008087
614883170.000,YZJ,non_handheld,desk_gripped_micro_move,recording,-0.348238,-4.187469,8.892530,0.054641,-0.020772,-0.003672
614883180.000,YZJ,non_handheld,desk_gripped_micro_move,recording,-0.306917,-4.165852,8.884249,0.061868,-0.002710,-0.004066
614883190.000,YZJ,non_handheld,desk_gripped_micro_move,recording,-0.314283,-4.158283,8.870691,0.072625,0.003816,-0.000490
614883200.000,YZJ,non_handheld,desk_gripped_micro_move,recording,-0.311158,-4.153092,8.903060,0.078726,0.020671,-0.000210
614883210.000,YZJ,non_handheld,desk_gripped_micro_move,recording,-0.299301,-4.128346,8.919033,0.087483,0.029074,0.000344
614883220.000,YZJ,non_handheld,desk_gripped_micro_move,recording,-0.300858,-4.106321,8.907303,0.098114,0.030663,-0.001169
614883230.000,YZJ,non_handheld,desk_gripped_micro_move,recording,-0.294849,-4.123161,8.905133,0.112079,0.042233,-0.000119
614883240.000,YZJ,non_handheld,desk_gripped_micro_move,recording,-0.337497,-4.164918,8.910669,0.127371,0.063871,0.004259
614883250.000,YZJ,non_handheld,desk_gripped_micro_move,recording,-0.364622,-4.121707,8.909728,0.145910,0.081266,0.009153
614883260.000,YZJ,non_handheld,desk_gripped_micro_move,recording,-0.322926,-4.074074,8.950709,0.163160,0.100787,0.013616
614883270.000,YZJ,non_handheld,desk_gripped_micro_move,recording,-0.384026,-4.046246,8.907721,0.174601,0.094561,0.018826
614883280.000,YZJ,non_handheld,desk_gripped_micro_move,recording,-0.478457,-4.133081,8.868313,0.172013,0.056203,0.029442
614883290.000,YZJ,non_handheld,desk_gripped_micro_move,recording,-0.462447,-4.151498,8.862713,0.156595,0.014054,0.030569
614883300.000,YZJ,non_handheld,desk_gripped_micro_move,recording,-0.354595,-3.991689,8.944540,0.138398,-0.014555,0.019742
614883310.000,YZJ,non_handheld,desk_gripped_micro_move,recording,-0.299750,-3.979200,8.949903,0.122664,-0.036689,0.003431
614883320.000,YZJ,non_handheld,desk_gripped_micro_move,recording,-0.339130,-3.976236,8.964316,0.110642,-0.037082,-0.012272
614883330.000,YZJ,non_handheld,desk_gripped_micro_move,recording,-0.313060,-3.961102,8.975790,0.104625,-0.032902,-0.029268
614883340.000,YZJ,non_handheld,desk_gripped_micro_move,recording,-0.386060,-3.918372,8.972088,0.099476,-0.030065,-0.041257
614883350.000,YZJ,non_handheld,desk_gripped_micro_move,recording,-0.504465,-4.025763,8.933864,0.094945,-0.035627,-0.039029
614883360.000,YZJ,non_handheld,desk_gripped_micro_move,recording,-0.617999,-4.040522,8.952544,0.094731,-0.031350,-0.025922
614883370.000,YZJ,non_handheld,desk_gripped_micro_move,recording,-0.523524,-4.041285,8.952416,0.096663,-0.019604,-0.018446
614883380.000,YZJ,non_handheld,desk_gripped_micro_move,recording,-0.403673,-3.997365,8.988309,0.099859,-0.004783,-0.017353
614883390.000,YZJ,non_handheld,desk_gripped_micro_move,recording,-0.414888,-3.948564,8.948704,0.100282,-0.009338,-0.014513
614883400.000,YZJ,non_handheld,desk_gripped_micro_move,recording,-0.444206,-3.991948,8.912476,0.096226,-0.049811,-0.007098
614883410.000,YZJ,non_handheld,desk_gripped_micro_move,recording,-0.366913,-3.981184,8.978437,0.090880,-0.060704,-0.002783
614883420.000,YZJ,non_handheld,desk_gripped_micro_move,recording,-0.325483,-3.958538,9.012673,0.087546,-0.034369,-0.003448
614883430.000,YZJ,non_handheld,desk_gripped_micro_move,recording,-0.317879,-3.919958,9.027666,0.086207,0.000646,-0.004723
614883440.000,YZJ,non_handheld,desk_gripped_micro_move,recording,-0.339138,-3.917847,9.012611,0.087601,0.016944,-0.001735
614883450.000,YZJ,non_handheld,desk_gripped_micro_move,recording,-0.359798,-3.911367,9.012060,0.086961,0.028139,0.000601
614883460.000,YZJ,non_handheld,desk_gripped_micro_move,recording,-0.341536,-3.892555,9.029177,0.078460,0.050552,0.000233
614883470.000,YZJ,non_handheld,desk_gripped_micro_move,recording,-0.347003,-3.888372,9.039826,0.075319,0.072860,0.002147
614883480.000,YZJ,non_handheld,desk_gripped_micro_move,recording,-0.426529,-3.880395,8.966823,0.077925,0.062452,-0.004014
614883490.000,YZJ,non_handheld,desk_gripped_micro_move,recording,-0.416052,-3.882854,8.993228,0.084857,0.043535,-0.009456
614883500.000,YZJ,non_handheld,desk_gripped_micro_move,recording,-0.410095,-3.873501,8.972030,0.091222,0.015924,-0.009825
614883510.000,YZJ,non_handheld,desk_gripped_micro_move,recording,-0.410883,-3.870568,8.985504,0.094899,-0.002544,-0.007221
614883520.000,YZJ,non_handheld,desk_gripped_micro_move,recording,-0.379880,-3.862258,9.009718,0.095456,0.006713,-0.006496
614883530.000,YZJ,non_handheld,desk_gripped_micro_move,recording,-0.363100,-3.850553,9.058128,0.098705,0.030751,-0.006971
614883540.000,YZJ,non_handheld,desk_gripped_micro_move,recording,-0.381612,-3.856259,9.029847,0.106061,0.035693,-0.004837
614883550.000,YZJ,non_handheld,desk_gripped_micro_move,recording,-0.374940,-3.829583,9.020669,0.108906,0.049673,-0.003776
614883560.000,YZJ,non_handheld,desk_gripped_micro_move,recording,-0.381661,-3.802250,9.054119,0.106064,0.059880,-0.002609
614883570.000,YZJ,non_handheld,desk_gripped_micro_move,recording,-0.421773,-3.818109,9.040871,0.105516,0.055310,-0.002058
614883580.000,YZJ,non_handheld,desk_gripped_micro_move,recording,-0.386166,-3.803399,9.069596,0.104240,0.071564,0.000918
614883590.000,YZJ,non_handheld,desk_gripped_micro_move,recording,-0.398723,-3.795521,9.054701,0.107863,0.085142,0.006219
614883600.000,YZJ,non_handheld,desk_gripped_micro_move,recording,-0.456905,-3.789568,9.020674,0.115488,0.061878,0.020437
614883610.000,YZJ,non_handheld,desk_gripped_micro_move,recording,-0.437944,-3.765701,9.023910,0.128474,0.037205,0.030515
614883620.000,YZJ,non_handheld,desk_gripped_micro_move,recording,-0.360567,-3.704809,9.115194,0.140110,0.053819,0.027560
614883630.000,YZJ,non_handheld,desk_gripped_micro_move,recording,-0.376678,-3.706225,9.110122,0.146795,0.090726,0.020891
614883640.000,YZJ,non_handheld,desk_gripped_micro_move,recording,-0.368217,-3.653190,9.140919,0.149294,0.125489,0.013784
614883650.000,YZJ,non_handheld,desk_gripped_micro_move,recording,-0.431679,-3.653633,9.093862,0.153399,0.115950,0.010317
614883660.000,YZJ,non_handheld,desk_gripped_micro_move,recording,-0.494392,-3.716096,9.068754,0.151853,0.112038,0.006542
614883670.000,YZJ,non_handheld,desk_gripped_micro_move,recording,-0.381815,-3.469332,9.159624,0.158750,0.122642,-0.002802
614883680.000,YZJ,non_handheld,desk_gripped_micro_move,recording,-0.549460,-3.535523,9.127145,0.169894,0.121902,-0.003386
614883690.000,YZJ,non_handheld,desk_gripped_micro_move,recording,-0.570641,-3.634840,9.122364,0.190939,0.141158,0.007530
614883700.000,YZJ,non_handheld,desk_gripped_micro_move,recording,-0.570394,-3.551234,9.157994,0.221023,0.173397,0.022692
614883710.000,YZJ,non_handheld,desk_gripped_micro_move,recording,-0.597103,-3.629702,9.196466,0.251480,0.216053,0.037799
614883720.000,YZJ,non_handheld,desk_gripped_micro_move,recording,-0.462562,-3.549629,9.077050,0.281217,0.229939,0.050100
614883730.000,YZJ,non_handheld,desk_gripped_micro_move,recording,-0.484397,-3.472470,9.227531,0.313060,0.243629,0.058799
614883740.000,YZJ,non_handheld,desk_gripped_micro_move,recording,-0.515805,-3.468241,9.194159,0.338435,0.286869,0.063223
614883750.000,YZJ,non_handheld,desk_gripped_micro_move,recording,-0.495858,-3.555040,9.132995,0.360320,0.319222,0.072110
614883760.000,YZJ,non_handheld,desk_gripped_micro_move,recording,-0.634860,-3.570556,9.271530,0.384773,0.359490,0.093762
614883770.000,YZJ,non_handheld,desk_gripped_micro_move,recording,-0.705619,-3.513852,9.146678,0.394723,0.411753,0.106809
614883780.000,YZJ,non_handheld,desk_gripped_micro_move,recording,-0.762547,-3.374053,9.291893,0.400239,0.455320,0.120497
614883790.000,YZJ,non_handheld,desk_gripped_micro_move,recording,-0.993726,-3.512162,9.109092,0.392125,0.441618,0.140972
614883800.000,YZJ,non_handheld,desk_gripped_micro_move,recording,-1.102346,-3.511595,8.996013,0.350581,0.342004,0.162237
614883810.000,YZJ,non_handheld,desk_gripped_micro_move,recording,-1.030891,-3.382416,8.793479,0.248846,0.056669,0.166515
614883820.000,YZJ,non_handheld,desk_gripped_micro_move,recording,-0.762747,-3.416630,8.921171,0.122722,-0.189567,0.142191
614883830.000,YZJ,non_handheld,desk_gripped_micro_move,recording,-0.864865,-3.596675,9.067984,0.035461,-0.249768,0.096751
614883840.000,YZJ,non_handheld,desk_gripped_micro_move,recording,-0.556493,-3.311527,9.279660,-0.004137,-0.205992,0.026732
614883850.000,YZJ,non_handheld,desk_gripped_micro_move,recording,-0.685901,-3.305108,9.313484,-0.010014,-0.126988,-0.020015
614883860.000,YZJ,non_handheld,desk_gripped_micro_move,recording,-0.961951,-3.126805,9.318007,-0.004606,-0.081628,-0.028394
614883870.000,YZJ,non_handheld,desk_gripped_micro_move,recording,-1.101834,-3.053812,9.267368,-0.000604,-0.071544,-0.019843
614883880.000,YZJ,non_handheld,desk_gripped_micro_move,recording,-0.920988,-3.203629,9.221397,-0.000045,-0.069863,-0.024050
614883890.000,YZJ,non_handheld,desk_gripped_micro_move,recording,-0.766522,-3.253700,9.255249,0.002076,-0.056422,-0.031677
614883900.000,YZJ,non_handheld,desk_gripped_micro_move,recording,-0.765796,-3.275341,9.256007,0.004814,-0.031377,-0.024830
614883910.000,YZJ,non_handheld,desk_gripped_micro_move,recording,-0.848391,-3.323780,9.214290,0.007300,-0.016655,-0.003120
614883920.000,YZJ,non_handheld,desk_gripped_micro_move,recording,-0.879807,-3.358486,9.172303,0.007067,-0.024382,0.023264
614883930.000,YZJ,non_handheld,desk_gripped_micro_move,recording,-0.893409,-3.352581,9.170656,0.001764,-0.033313,0.040092
614883940.000,YZJ,non_handheld,desk_gripped_micro_move,recording,-0.746897,-3.359208,9.173467,-0.004518,-0.049935,0.043715
614883950.000,YZJ,non_handheld,desk_gripped_micro_move,recording,-0.690910,-3.297575,9.236155,-0.005675,-0.048834,0.037329
614883960.000,YZJ,non_handheld,desk_gripped_micro_move,recording,-0.530384,-3.019648,9.342465,0.000985,-0.032414,0.022083
614883970.000,YZJ,non_handheld,desk_gripped_micro_move,recording,-0.800664,-3.257637,9.218837,0.004959,-0.024887,0.023285
614883980.000,YZJ,non_handheld,desk_gripped_micro_move,recording,-0.752809,-3.275767,9.210845,0.003065,-0.024146,0.016283
614883990.000,YZJ,non_handheld,desk_gripped_micro_move,recording,-0.792977,-3.240366,9.242110,-0.002423,-0.024003,0.001721
614884000.000,YZJ,non_handheld,desk_gripped_micro_move,recording,-0.773975,-3.221365,9.226573,-0.005915,-0.024614,-0.010392
614884010.000,YZJ,non_handheld,desk_gripped_micro_move,recording,-0.776967,-3.260387,9.226712,-0.006541,-0.025764,-0.016428
614884020.000,YZJ,non_handheld,desk_gripped_micro_move,recording,-0.760486,-3.305630,9.225403,-0.005702,-0.022149,-0.018978
614884030.000,YZJ,non_handheld,desk_gripped_micro_move,recording,-0.781960,-3.281397,9.196030,-0.005502,-0.028396,-0.016147
614884040.000,YZJ,non_handheld,desk_gripped_micro_move,recording,-0.777970,-3.269617,9.196044,-0.004371,-0.035525,-0.013004
614884050.000,YZJ,non_handheld,desk_gripped_micro_move,recording,-0.802191,-3.302803,9.221370,-0.000616,-0.033813,-0.007720
614884060.000,YZJ,non_handheld,desk_gripped_micro_move,recording,-0.747720,-3.278175,9.229372,0.002565,-0.034473,-0.001085
614884070.000,YZJ,non_handheld,desk_gripped_micro_move,recording,-0.737126,-3.257311,9.229680,0.003384,-0.037207,0.004885
614884080.000,YZJ,non_handheld,desk_gripped_micro_move,recording,-0.657948,-3.202324,9.237580,0.004272,-0.035616,0.003030
614884090.000,YZJ,non_handheld,desk_gripped_micro_move,recording,-0.687903,-3.198775,9.256110,0.007988,-0.025002,-0.001773
614884100.000,YZJ,non_handheld,desk_gripped_micro_move,recording,-0.712491,-3.235136,9.263688,0.013145,-0.016551,-0.006872
614884110.000,YZJ,non_handheld,desk_gripped_micro_move,recording,-0.737908,-3.258005,9.232307,0.011619,-0.016947,-0.012944
614884120.000,YZJ,non_handheld,desk_gripped_micro_move,recording,-0.718943,-3.227819,9.243848,0.005577,-0.011000,-0.019853
614884130.000,YZJ,non_handheld,desk_gripped_micro_move,recording,-0.727251,-3.229787,9.228587,0.002919,-0.006106,-0.022209
614884140.000,YZJ,non_handheld,desk_gripped_micro_move,recording,-0.737503,-3.254335,9.216020,0.005511,-0.017798,-0.019832
614884150.000,YZJ,non_handheld,desk_gripped_micro_move,recording,-0.713193,-3.238603,9.231832,0.006659,-0.020454,-0.018637
614884160.000,YZJ,non_handheld,desk_gripped_micro_move,recording,-0.724586,-3.241753,9.227000,0.008252,-0.025763,-0.015639
614884170.000,YZJ,non_handheld,desk_gripped_micro_move,recording,-0.737479,-3.240003,9.210982,0.011131,-0.043549,-0.009005
614884180.000,YZJ,non_handheld,desk_gripped_micro_move,recording,-0.702538,-3.222550,9.261942,0.016821,-0.039959,-0.006081
614884190.000,YZJ,non_handheld,desk_gripped_micro_move,recording,-0.686864,-3.190735,9.267541,0.022630,-0.024599,-0.006479
614884200.000,YZJ,non_handheld,desk_gripped_micro_move,recording,-0.714883,-3.199777,9.230619,0.023924,-0.028632,-0.005784
614884210.000,YZJ,non_handheld,desk_gripped_micro_move,recording,-0.732417,-3.234706,9.232276,0.020077,-0.038290,-0.000956
614884220.000,YZJ,non_handheld,desk_gripped_micro_move,recording,-0.697979,-3.260872,9.242488,0.019027,-0.031754,0.002787
614884230.000,YZJ,non_handheld,desk_gripped_micro_move,recording,-0.668051,-3.382986,9.231864,0.022255,-0.006567,0.005585
614884240.000,YZJ,non_handheld,desk_gripped_micro_move,recording,-0.659426,-3.330190,9.191786,0.025519,-0.000200,0.004786
614884250.000,YZJ,non_handheld,desk_gripped_micro_move,recording,-0.711146,-3.259518,9.224727,0.021268,-0.013151,0.009228
614884260.000,YZJ,non_handheld,desk_gripped_micro_move,recording,-0.697563,-3.261556,9.218266,0.015992,-0.023702,0.010275
614884270.000,YZJ,non_handheld,desk_gripped_micro_move,recording,-0.705803,-3.261809,9.233696,0.014562,-0.030133,0.005316
614884280.000,YZJ,non_handheld,desk_gripped_micro_move,recording,-0.700229,-3.243988,9.236596,0.014880,-0.032898,0.000231
614884290.000,YZJ,non_handheld,desk_gripped_micro_move,recording,-0.687621,-3.235784,9.235359,0.018860,-0.028597,-0.002395
614884300.000,YZJ,non_handheld,desk_gripped_micro_move,recording,-0.692455,-3.235505,9.240543,0.022481,-0.026679,-0.003610
614884310.000,YZJ,non_handheld,desk_gripped_micro_move,recording,-0.687108,-3.232828,9.241522,0.025261,-0.028946,-0.006456
614884320.000,YZJ,non_handheld,desk_gripped_micro_move,recording,-0.698655,-3.214184,9.233244,0.026646,-0.038592,-0.011062
614884330.000,YZJ,non_handheld,desk_gripped_micro_move,recording,-0.688795,-3.209109,9.235928,0.029548,-0.043399,-0.014450
614884340.000,YZJ,non_handheld,desk_gripped_micro_move,recording,-0.677508,-3.239464,9.257713,0.033603,-0.043225,-0.010977
614884350.000,YZJ,non_handheld,desk_gripped_micro_move,recording,-0.671143,-3.257724,9.256739,0.035674,-0.043187,-0.005797
614884360.000,YZJ,non_handheld,desk_gripped_micro_move,recording,-0.645086,-3.235908,9.250580,0.035033,-0.031288,-0.003432
614884370.000,YZJ,non_handheld,desk_gripped_micro_move,recording,-0.659965,-3.221225,9.247623,0.033011,-0.030270,0.000931
614884380.000,YZJ,non_handheld,desk_gripped_micro_move,recording,-0.653758,-3.209955,9.248053,0.030593,-0.035612,0.004514
614884390.000,YZJ,non_handheld,desk_gripped_micro_move,recording,-0.650026,-3.221682,9.278031,0.029855,-0.039093,0.006830
614884400.000,YZJ,non_handheld,desk_gripped_micro_move,recording,-0.635638,-3.202369,9.251617,0.029206,-0.033609,0.009430
614884410.000,YZJ,non_handheld,desk_gripped_micro_move,recording,-0.638297,-3.218253,9.256283,0.030034,-0.021986,0.010121
614884420.000,YZJ,non_handheld,desk_gripped_micro_move,recording,-0.658096,-3.185633,9.269719,0.028115,-0.021122,0.009414
614884430.000,YZJ,non_handheld,desk_gripped_micro_move,recording,-0.660234,-3.192001,9.261687,0.025075,-0.026496,0.005759
614884440.000,YZJ,non_handheld,desk_gripped_micro_move,recording,-0.648317,-3.180988,9.258455,0.018300,-0.032264,0.001376
614884450.000,YZJ,non_handheld,desk_gripped_micro_move,recording,-0.633650,-3.187235,9.249423,0.015825,-0.035339,-0.000243
614884460.000,YZJ,non_handheld,desk_gripped_micro_move,recording,-0.614796,-3.172248,9.276584,0.016854,-0.033032,0.001186
614884470.000,YZJ,non_handheld,desk_gripped_micro_move,recording,-0.599744,-3.128339,9.298950,0.024208,-0.021775,-0.000992
614884480.000,YZJ,non_handheld,desk_gripped_micro_move,recording,-0.611981,-3.181489,9.255488,0.031584,-0.013742,0.000463
614884490.000,YZJ,non_handheld,desk_gripped_micro_move,recording,-0.629467,-3.228046,9.244215,0.041420,-0.003262,0.004612
614884500.000,YZJ,non_handheld,desk_gripped_micro_move,recording,-0.627899,-3.231064,9.269385,0.050784,-0.000967,0.010586
614884510.000,YZJ,non_handheld,desk_gripped_micro_move,recording,-0.636892,-3.186861,9.259422,0.058830,-0.000619,0.016220
614884520.000,YZJ,non_handheld,desk_gripped_micro_move,recording,-0.616225,-3.167675,9.265253,0.061881,0.001469,0.021601
614884530.000,YZJ,non_handheld,desk_gripped_micro_move,recording,-0.614701,-3.118671,9.241667,0.072647,-0.011158,0.023581
614884540.000,YZJ,non_handheld,desk_gripped_micro_move,recording,-0.578636,-2.973934,9.305553,0.089308,-0.022379,0.018744
614884550.000,YZJ,non_handheld,desk_gripped_micro_move,recording,-0.657887,-3.170582,9.281253,0.099129,-0.012031,0.017568
614884560.000,YZJ,non_handheld,desk_gripped_micro_move,recording,-0.604732,-3.060572,9.308830,0.111378,-0.012022,0.019785
614884570.000,YZJ,non_handheld,desk_gripped_micro_move,recording,-0.711973,-3.227938,9.235748,0.125580,-0.010516,0.027974
614884580.000,YZJ,non_handheld,desk_gripped_micro_move,recording,-0.568074,-2.964842,9.346526,0.141704,0.000844,0.033942
614884590.000,YZJ,non_handheld,desk_gripped_micro_move,recording,-0.668867,-3.085127,9.313217,0.147397,0.013445,0.038689
614884600.000,YZJ,non_handheld,desk_gripped_micro_move,recording,-0.644344,-3.013805,9.241511,0.148580,-0.010063,0.048534
614884610.000,YZJ,non_handheld,desk_gripped_micro_move,recording,-0.667395,-3.086231,9.318082,0.151475,-0.008906,0.062802
614884620.000,YZJ,non_handheld,desk_gripped_micro_move,recording,-0.680456,-3.363706,9.202196,0.150024,-0.009310,0.067083
614884630.000,YZJ,non_handheld,desk_gripped_micro_move,recording,-0.494346,-3.087755,9.327552,0.151206,-0.012683,0.057105
614884640.000,YZJ,non_handheld,desk_gripped_micro_move,recording,-0.642917,-2.919787,9.313254,0.153956,-0.019383,0.054985
614884650.000,YZJ,non_handheld,desk_gripped_micro_move,recording,-0.668431,-2.864456,9.306587,0.158252,-0.053570,0.063832
614884660.000,YZJ,non_handheld,desk_gripped_micro_move,recording,-0.650864,-3.120095,9.317529,0.163012,-0.057735,0.078925
614884670.000,YZJ,non_handheld,desk_gripped_micro_move,recording,-0.535219,-2.967112,9.348733,0.171769,-0.037881,0.071538
614884680.000,YZJ,non_handheld,desk_gripped_micro_move,recording,-0.619874,-2.978472,9.332141,0.168862,-0.039017,0.061620
614884690.000,YZJ,non_handheld,desk_gripped_micro_move,recording,-0.617914,-2.978980,9.337573,0.153200,-0.033294,0.055384
614884700.000,YZJ,non_handheld,desk_gripped_micro_move,recording,-0.588945,-3.008689,9.350228,0.141162,-0.022255,0.046203
614884710.000,YZJ,non_handheld,desk_gripped_micro_move,recording,-0.647818,-3.012245,9.333623,0.120472,-0.025368,0.035227
614884720.000,YZJ,non_handheld,desk_gripped_micro_move,recording,-0.647997,-2.914379,9.322404,0.097500,-0.054155,0.026939
614884730.000,YZJ,non_handheld,desk_gripped_micro_move,recording,-0.620949,-2.891319,9.347876,0.075221,-0.062189,0.015837
614884740.000,YZJ,non_handheld,desk_gripped_micro_move,recording,-0.632167,-2.942983,9.358672,0.060099,-0.061272,0.009939
614884750.000,YZJ,non_handheld,desk_gripped_micro_move,recording,-0.612569,-2.882335,9.373024,0.047536,-0.052318,0.005783
614884760.000,YZJ,non_handheld,desk_gripped_micro_move,recording,-0.567422,-2.860707,9.386988,0.034785,-0.035976,0.000182
614884770.000,YZJ,non_handheld,desk_gripped_micro_move,recording,-0.636452,-2.892028,9.356403,0.019325,-0.048099,0.001471
614884780.000,YZJ,non_handheld,desk_gripped_micro_move,recording,-0.619668,-2.869968,9.347185,0.006009,-0.067104,0.003755
614884790.000,YZJ,non_handheld,desk_gripped_micro_move,recording,-0.567527,-2.910530,9.392600,-0.000713,-0.056037,0.008747
614884800.000,YZJ,non_handheld,desk_gripped_micro_move,recording,-0.547106,-2.885971,9.397872,0.000876,-0.040311,0.018508
614884810.000,YZJ,non_handheld,desk_gripped_micro_move,recording,-0.534288,-2.892075,9.382354,0.007222,-0.014143,0.028195
614884820.000,YZJ,non_handheld,desk_gripped_micro_move,recording,-0.532562,-2.914576,9.404672,0.022170,0.032215,0.036343
614884830.000,YZJ,non_handheld,desk_gripped_micro_move,recording,-0.493748,-2.821407,9.427516,0.051432,0.074830,0.037481
614884840.000,YZJ,non_handheld,desk_gripped_micro_move,recording,-0.478637,-2.781845,9.440383,0.085481,0.113101,0.026503
614884850.000,YZJ,non_handheld,desk_gripped_micro_move,recording,-0.453946,-2.664983,9.464544,0.131107,0.160412,0.009744
614884860.000,YZJ,non_handheld,desk_gripped_micro_move,recording,-0.499194,-2.576749,9.471587,0.187970,0.222050,-0.009875
614884870.000,YZJ,non_handheld,desk_gripped_micro_move,recording,-0.801206,-2.727009,9.454042,0.212236,0.265254,-0.000451
614884880.000,YZJ,non_handheld,desk_gripped_micro_move,recording,-0.993350,-2.876581,9.553356,0.167479,0.356822,0.058775
614884890.000,YZJ,non_handheld,desk_gripped_micro_move,recording,-0.865042,-3.048284,9.548534,0.101283,0.462937,0.095161
614884900.000,YZJ,non_handheld,desk_gripped_micro_move,recording,-0.278515,-3.008757,9.302462,0.076578,0.461215,0.039252
614884910.000,YZJ,non_handheld,desk_gripped_micro_move,recording,-0.849160,-2.926794,9.168221,0.078357,0.372747,0.003882
614884920.000,YZJ,non_handheld,desk_gripped_micro_move,recording,-0.870959,-2.874073,9.200090,0.078520,0.267640,-0.013214
614884930.000,YZJ,non_handheld,desk_gripped_micro_move,recording,-0.865432,-2.745405,9.361163,0.079022,0.249764,-0.039498
614884940.000,YZJ,non_handheld,desk_gripped_micro_move,recording,-0.822574,-2.755104,9.468612,0.091184,0.307895,-0.058804
614884950.000,YZJ,non_handheld,desk_gripped_micro_move,recording,-0.787728,-2.780623,9.495084,0.117384,0.381781,-0.069682
614884960.000,YZJ,non_handheld,desk_gripped_micro_move,recording,-0.954222,-2.739621,9.352488,0.128785,0.368882,-0.066216
614884970.000,YZJ,non_handheld,desk_gripped_micro_move,recording,-1.070863,-2.714386,9.254119,0.116306,0.280152,-0.052147
614884980.000,YZJ,non_handheld,desk_gripped_micro_move,recording,-1.157444,-2.720562,9.115076,0.077994,0.129250,-0.040925
614884990.000,YZJ,non_handheld,desk_gripped_micro_move,recording,-1.352550,-2.796396,9.165002,0.036935,-0.008568,-0.021893
614885000.000,YZJ,non_handheld,desk_gripped_micro_move,recording,-1.476147,-2.976600,9.211457,0.002967,-0.062331,0.008590
614885010.000,YZJ,non_handheld,desk_gripped_micro_move,recording,-1.363241,-2.905501,9.288937,-0.013361,-0.044637,0.035272
614885020.000,YZJ,non_handheld,desk_gripped_micro_move,recording,-1.144249,-2.679957,9.462566,0.004629,-0.008229,0.046539
614885030.000,YZJ,non_handheld,desk_gripped_micro_move,recording,-0.709632,-2.348070,9.529961,0.038864,0.017675,0.037423
614885040.000,YZJ,non_handheld,desk_gripped_micro_move,recording,-0.832037,-2.655520,9.440481,0.055502,0.030625,0.041099
614885050.000,YZJ,non_handheld,desk_gripped_micro_move,recording,-0.823399,-2.723258,9.386411,0.049124,0.037053,0.043872
614885060.000,YZJ,non_handheld,desk_gripped_micro_move,recording,-0.704909,-2.624332,9.446418,0.047089,0.052854,0.029256
614885070.000,YZJ,non_handheld,desk_gripped_micro_move,recording,-0.728626,-2.686078,9.442015,0.055341,0.061919,0.008889
614885080.000,YZJ,non_handheld,desk_gripped_micro_move,recording,-0.869231,-2.731614,9.377217,0.064016,0.058121,0.003903
614885090.000,YZJ,non_handheld,desk_gripped_micro_move,recording,-1.056571,-2.736479,9.329142,0.061092,0.038956,0.015360
614885100.000,YZJ,non_handheld,desk_gripped_micro_move,recording,-1.075487,-2.724965,9.313772,0.055180,-0.002003,0.025555
614885110.000,YZJ,non_handheld,desk_gripped_micro_move,recording,-1.126540,-2.742030,9.288050,0.039453,-0.053555,0.042233
614885120.000,YZJ,non_handheld,desk_gripped_micro_move,recording,-1.138110,-2.760800,9.251657,0.012669,-0.119897,0.058837
614885130.000,YZJ,non_handheld,desk_gripped_micro_move,recording,-1.105069,-2.768665,9.292478,-0.008412,-0.167008,0.063931
614885140.000,YZJ,non_handheld,desk_gripped_micro_move,recording,-0.899310,-2.574358,9.391950,-0.016337,-0.199918,0.052404
614885150.000,YZJ,non_handheld,desk_gripped_micro_move,recording,-0.972121,-2.654969,9.355009,-0.021885,-0.214394,0.047890
614885160.000,YZJ,non_handheld,desk_gripped_micro_move,recording,-0.891207,-2.641108,9.446313,-0.018440,-0.194484,0.035488
614885170.000,YZJ,non_handheld,desk_gripped_micro_move,recording,-0.830442,-2.597960,9.479327,-0.006839,-0.162087,0.016900
614885180.000,YZJ,non_handheld,desk_gripped_micro_move,recording,-0.926197,-2.619404,9.466011,0.001418,-0.135501,0.011033
614885190.000,YZJ,non_handheld,desk_gripped_micro_move,recording,-0.993168,-2.690475,9.363147,-0.003493,-0.129872,0.011370
614885200.000,YZJ,non_handheld,desk_gripped_micro_move,recording,-0.895934,-2.713487,9.342179,-0.008030,-0.139935,-0.000968
614885210.000,YZJ,non_handheld,desk_gripped_micro_move,recording,-0.870269,-2.720527,9.381210,-0.011424,-0.149482,-0.017810
614885220.000,YZJ,non_handheld,desk_gripped_micro_move,recording,-0.795851,-2.682583,9.405522,-0.017498,-0.144162,-0.030354
614885230.000,YZJ,non_handheld,desk_gripped_micro_move,recording,-0.823900,-2.605201,9.466931,-0.016338,-0.123673,-0.038029
614885240.000,YZJ,non_handheld,desk_gripped_micro_move,recording,-0.893335,-2.725268,9.411590,-0.022550,-0.106233,-0.039931
614885250.000,YZJ,non_handheld,desk_gripped_micro_move,recording,-0.710481,-2.624305,9.519109,-0.016290,-0.067853,-0.050215
614885260.000,YZJ,non_handheld,desk_gripped_micro_move,recording,-0.776386,-2.549219,9.480828,-0.007712,-0.008359,-0.044875
614885270.000,YZJ,non_handheld,desk_gripped_micro_move,recording,-0.894819,-2.814756,9.405042,-0.000759,0.018749,-0.022545
614885280.000,YZJ,non_handheld,desk_gripped_micro_move,recording,-0.837845,-2.704791,9.426748,0.000376,0.016698,0.003873
614885290.000,YZJ,non_handheld,desk_gripped_micro_move,recording,-0.754091,-2.610457,9.479333,-0.005943,0.022582,0.029950
614885300.000,YZJ,non_handheld,desk_gripped_micro_move,recording,-0.756133,-2.605435,9.392768,-0.010404,0.012673,0.053225
614885310.000,YZJ,non_handheld,desk_gripped_micro_move,recording,-0.822022,-2.600342,9.397293,-0.003654,0.004056,0.070510
614885320.000,YZJ,non_handheld,desk_gripped_micro_move,recording,-0.802185,-2.666740,9.459791,0.006756,0.021014,0.075118
614885330.000,YZJ,non_handheld,desk_gripped_micro_move,recording,-0.683283,-2.643478,9.472068,0.017296,0.050883,0.062256
614885340.000,YZJ,non_handheld,desk_gripped_micro_move,recording,-0.722485,-2.605706,9.468668,0.021661,0.081518,0.041723
614885350.000,YZJ,non_handheld,desk_gripped_micro_move,recording,-0.801206,-2.645525,9.404252,0.021937,0.083442,0.029403
614885360.000,YZJ,non_handheld,desk_gripped_micro_move,recording,-0.893616,-2.638409,9.388030,0.020867,0.081800,0.021321
614885370.000,YZJ,non_handheld,desk_gripped_micro_move,recording,-0.940198,-2.617255,9.425206,0.019886,0.085132,0.007784
614885380.000,YZJ,non_handheld,desk_gripped_micro_move,recording,-0.979725,-2.709905,9.361125,0.012417,0.064364,0.002522
614885390.000,YZJ,non_handheld,desk_gripped_micro_move,recording,-0.967309,-2.631913,9.413396,0.005793,0.052755,-0.002034
614885400.000,YZJ,non_handheld,desk_gripped_micro_move,recording,-0.957404,-2.628660,9.403515,0.000094,0.042462,-0.005601
614885410.000,YZJ,non_handheld,desk_gripped_micro_move,recording,-0.967380,-2.680354,9.297765,-0.006286,-0.000039,-0.006171
614885420.000,YZJ,non_handheld,desk_gripped_micro_move,recording,-1.019103,-2.728966,9.270990,-0.009419,-0.063100,-0.004024
614885430.000,YZJ,non_handheld,desk_gripped_micro_move,recording,-0.946518,-2.699527,9.333597,-0.010444,-0.099007,-0.006785
614885440.000,YZJ,non_handheld,desk_gripped_micro_move,recording,-0.896980,-2.710749,9.424825,-0.012238,-0.097629,-0.012050
614885450.000,YZJ,non_handheld,desk_gripped_micro_move,recording,-0.856144,-2.663664,9.426236,-0.014898,-0.083144,-0.017646
614885460.000,YZJ,non_handheld,desk_gripped_micro_move,recording,-0.866198,-2.653580,9.389595,-0.013262,-0.081289,-0.023477
614885470.000,YZJ,non_handheld,desk_gripped_micro_move,recording,-0.867828,-2.676147,9.371416,-0.007405,-0.087352,-0.027022
614885480.000,YZJ,non_handheld,desk_gripped_micro_move,recording,-0.869449,-2.711528,9.416751,-0.003210,-0.081816,-0.030215
614885490.000,YZJ,non_handheld,desk_gripped_micro_move,recording,-0.817836,-2.657673,9.446237,-0.002883,-0.066028,-0.032757
614885500.000,YZJ,non_handheld,desk_gripped_micro_move,recording,-0.798912,-2.634379,9.440139,-0.004978,-0.055902,-0.032140
614885510.000,YZJ,non_handheld,desk_gripped_micro_move,recording,-0.829863,-2.681469,9.377535,-0.007663,-0.060281,-0.024986
614885520.000,YZJ,non_handheld,desk_gripped_micro_move,recording,-0.802211,-2.697854,9.416334,-0.004608,-0.055169,-0.019009
614885530.000,YZJ,non_handheld,desk_gripped_micro_move,recording,-0.799979,-2.693960,9.415281,-0.000497,-0.049915,-0.012288
614885540.000,YZJ,non_handheld,desk_gripped_micro_move,recording,-0.783773,-2.663387,9.423609,-0.002409,-0.048719,-0.004187
614885550.000,YZJ,non_handheld,desk_gripped_micro_move,recording,-0.827703,-2.692146,9.381891,-0.009039,-0.064195,-0.000270
614885560.000,YZJ,non_handheld,desk_gripped_micro_move,recording,-0.807086,-2.675546,9.382240,-0.019275,-0.087530,0.000336
614885570.000,YZJ,non_handheld,desk_gripped_micro_move,recording,-0.804353,-2.682703,9.385730,-0.021950,-0.104443,0.000849
614885580.000,YZJ,non_handheld,desk_gripped_micro_move,recording,-0.783925,-2.687846,9.388155,-0.019473,-0.111754,-0.001708
614885590.000,YZJ,non_handheld,desk_gripped_micro_move,recording,-0.760698,-2.673415,9.423663,-0.015933,-0.100739,-0.006366
614885600.000,YZJ,non_handheld,desk_gripped_micro_move,recording,-0.729060,-2.697231,9.455150,-0.011775,-0.072613,-0.009935
614885610.000,YZJ,non_handheld,desk_gripped_micro_move,recording,-0.717725,-2.695446,9.440193,-0.006574,-0.044283,-0.007714
614885620.000,YZJ,non_handheld,desk_gripped_micro_move,recording,-0.744695,-2.724459,9.398743,-0.001819,-0.030947,0.003002
614885630.000,YZJ,non_handheld,desk_gripped_micro_move,recording,-0.744809,-2.753534,9.399532,0.002936,-0.019782,0.018793
614885640.000,YZJ,non_handheld,desk_gripped_micro_move,recording,-0.712108,-2.714455,9.437606,0.010063,-0.001113,0.026865
614885650.000,YZJ,non_handheld,desk_gripped_micro_move,recording,-0.713885,-2.720007,9.442049,0.012616,0.017389,0.029937
614885660.000,YZJ,non_handheld,desk_gripped_micro_move,recording,-0.741756,-2.670638,9.418482,0.009691,0.023798,0.027749
614885670.000,YZJ,non_handheld,desk_gripped_micro_move,recording,-0.745847,-2.645362,9.417759,0.008819,0.030558,0.014228
614885680.000,YZJ,non_handheld,desk_gripped_micro_move,recording,-0.766374,-2.642335,9.391119,0.008003,0.015316,0.007548
614885690.000,YZJ,non_handheld,desk_gripped_micro_move,recording,-0.804116,-2.676008,9.360526,0.003129,-0.019270,0.012853
614885700.000,YZJ,non_handheld,desk_gripped_micro_move,recording,-0.741228,-2.687404,9.415778,-0.005174,-0.023471,0.012262
614885710.000,YZJ,non_handheld,desk_gripped_micro_move,recording,-0.762825,-2.684593,9.399229,-0.006755,-0.026203,0.011022
614885720.000,YZJ,non_handheld,desk_gripped_micro_move,recording,-0.769440,-2.713027,9.396766,-0.004497,-0.027776,0.009623
614885730.000,YZJ,non_handheld,desk_gripped_micro_move,recording,-0.725802,-2.718308,9.422711,-0.000909,-0.016225,0.006862
614885740.000,YZJ,non_handheld,desk_gripped_micro_move,recording,-0.720233,-2.671354,9.434824,0.001109,-0.005929,0.001284
614885750.000,YZJ,non_handheld,desk_gripped_micro_move,recording,-0.752376,-2.655867,9.404188,-0.001967,-0.010298,-0.002094
614885760.000,YZJ,non_handheld,desk_gripped_micro_move,recording,-0.777556,-2.649077,9.412058,-0.003925,-0.020886,-0.007362
614885770.000,YZJ,non_handheld,desk_gripped_micro_move,recording,-0.746446,-2.631498,9.419715,-0.005013,-0.023764,-0.011433
614885780.000,YZJ,non_handheld,desk_gripped_micro_move,recording,-0.736305,-2.654354,9.415341,-0.007968,-0.018819,-0.010903
614885790.000,YZJ,non_handheld,desk_gripped_micro_move,recording,-0.737955,-2.692236,9.410428,-0.007472,-0.011517,-0.010379
614885800.000,YZJ,non_handheld,desk_gripped_micro_move,recording,-0.727770,-2.703182,9.416253,-0.003979,-0.004908,-0.006836
614885810.000,YZJ,non_handheld,desk_gripped_micro_move,recording,-0.724661,-2.699641,9.422161,-0.000570,0.004323,-0.002765
614885820.000,YZJ,non_handheld,desk_gripped_micro_move,recording,-0.725001,-2.734895,9.425003,0.002821,0.019310,0.003473
614885830.000,YZJ,non_handheld,desk_gripped_micro_move,recording,-0.729001,-2.735604,9.413662,0.003084,0.028590,0.010427
614885840.000,YZJ,non_handheld,desk_gripped_micro_move,recording,-0.735279,-2.678617,9.404670,0.001652,0.023384,0.011378
614885850.000,YZJ,non_handheld,desk_gripped_micro_move,recording,-0.757864,-2.633857,9.400774,0.002232,0.006634,0.009729
614885860.000,YZJ,non_handheld,desk_gripped_micro_move,recording,-0.758769,-2.672395,9.388559,-0.001453,-0.005250,0.009596
614885870.000,YZJ,non_handheld,desk_gripped_micro_move,recording,-0.739499,-2.677427,9.415028,-0.004368,-0.000654,0.007221
614885880.000,YZJ,non_handheld,desk_gripped_micro_move,recording,-0.724518,-2.681558,9.413863,-0.007014,0.001235,0.006273
614885890.000,YZJ,non_handheld,desk_gripped_micro_move,recording,-0.732215,-2.657426,9.416896,-0.007900,-0.004860,0.006331
614885900.000,YZJ,non_handheld,desk_gripped_micro_move,recording,-0.701458,-2.645060,9.420719,-0.006087,-0.008286,0.005609
614885910.000,YZJ,non_handheld,desk_gripped_micro_move,recording,-0.694293,-2.680434,9.415990,-0.002579,0.000363,0.002995
614885920.000,YZJ,non_handheld,desk_gripped_micro_move,recording,-0.762992,-2.678280,9.396958,-0.003125,-0.003034,-0.000058
614885930.000,YZJ,non_handheld,desk_gripped_micro_move,recording,-0.781682,-2.686220,9.393222,-0.006636,-0.014505,-0.006467
614885940.000,YZJ,non_handheld,desk_gripped_micro_move,recording,-0.812194,-2.702058,9.385847,-0.014608,-0.030818,-0.016453
614885950.000,YZJ,non_handheld,desk_gripped_micro_move,recording,-0.777240,-2.664537,9.348779,-0.020858,-0.055165,-0.025409
614885960.000,YZJ,non_handheld,desk_gripped_micro_move,recording,-0.754003,-2.683843,9.405308,-0.021852,-0.064360,-0.029805
614885970.000,YZJ,non_handheld,desk_gripped_micro_move,recording,-0.725560,-2.698954,9.389680,-0.017582,-0.066392,-0.025801
614885980.000,YZJ,non_handheld,desk_gripped_micro_move,recording,-0.695492,-2.717005,9.437569,-0.011759,-0.053497,-0.017611
614885990.000,YZJ,non_handheld,desk_gripped_micro_move,recording,-0.671643,-2.752764,9.425780,-0.004618,-0.027116,-0.011390
614886000.000,YZJ,non_handheld,desk_gripped_micro_move,recording,-0.682167,-2.718056,9.422580,0.005235,-0.007733,-0.002475
614886010.000,YZJ,non_handheld,desk_gripped_micro_move,recording,-0.684391,-2.723515,9.420169,0.012528,0.001552,0.004516
614886020.000,YZJ,non_handheld,desk_gripped_micro_move,recording,-0.702667,-2.701755,9.423845,0.015162,0.010257,0.008108
614886030.000,YZJ,non_handheld,desk_gripped_micro_move,recording,-0.712266,-2.689373,9.419353,0.013579,0.019210,0.007134
614886040.000,YZJ,non_handheld,desk_gripped_micro_move,recording,-0.727586,-2.692430,9.394818,0.009646,0.017206,0.002534
614886050.000,YZJ,non_handheld,desk_gripped_micro_move,recording,-0.749021,-2.678927,9.403648,0.002926,-0.002062,-0.001802
614886060.000,YZJ,non_handheld,desk_gripped_micro_move,recording,-0.733300,-2.670312,9.415474,-0.007403,-0.017770,-0.003769
614886070.000,YZJ,non_handheld,desk_gripped_micro_move,recording,-0.707705,-2.685952,9.423862,-0.015480,-0.022329,-0.003423
614886080.000,YZJ,non_handheld,desk_gripped_micro_move,recording,-0.711781,-2.688900,9.422700,-0.016278,-0.023400,-0.003617
614886090.000,YZJ,non_handheld,desk_gripped_micro_move,recording,-0.699156,-2.649758,9.394191,-0.013642,-0.038336,-0.002757
614886100.000,YZJ,non_handheld,desk_gripped_micro_move,recording,-0.692644,-2.690190,9.407829,-0.012421,-0.040262,-0.002777
614886110.000,YZJ,non_handheld,desk_gripped_micro_move,recording,-0.680153,-2.695827,9.429464,-0.009783,-0.018472,-0.004457
614886120.000,YZJ,non_handheld,desk_gripped_micro_move,recording,-0.691186,-2.710554,9.432139,-0.005602,-0.002809,-0.003791
614886130.000,YZJ,non_handheld,desk_gripped_micro_move,recording,-0.681340,-2.710789,9.427065,-0.000107,0.003620,-0.004076
614886140.000,YZJ,non_handheld,desk_gripped_micro_move,recording,-0.706645,-2.733097,9.414636,0.002795,0.007994,-0.003254
614886150.000,YZJ,non_handheld,desk_gripped_micro_move,recording,-0.717403,-2.731850,9.399929,0.002788,0.009607,-0.001723
614886160.000,YZJ,non_handheld,desk_gripped_micro_move,recording,-0.703932,-2.704169,9.417245,0.000553,0.010375,0.000625
614886170.000,YZJ,non_handheld,desk_gripped_micro_move,recording,-0.685741,-2.700907,9.443129,0.000195,0.018686,0.000604
614886180.000,YZJ,non_handheld,desk_gripped_micro_move,recording,-0.698801,-2.702573,9.426052,0.001936,0.028690,-0.000429
614886190.000,YZJ,non_handheld,desk_gripped_micro_move,recording,-0.713845,-2.697225,9.400408,-0.001224,0.027645,-0.001553
614886200.000,YZJ,non_handheld,desk_gripped_micro_move,recording,-0.713007,-2.686963,9.412564,-0.004394,0.019251,-0.003219
614886210.000,YZJ,non_handheld,desk_gripped_micro_move,recording,-0.701956,-2.669038,9.417232,-0.005455,0.009203,-0.006894
614886220.000,YZJ,non_handheld,desk_gripped_micro_move,recording,-0.702568,-2.685505,9.392512,-0.005555,0.001087,-0.010408
614886230.000,YZJ,non_handheld,desk_gripped_micro_move,recording,-0.727044,-2.718343,9.402975,-0.007291,-0.001738,-0.009834
614886240.000,YZJ,non_handheld,desk_gripped_micro_move,recording,-0.747843,-2.721508,9.393236,-0.009678,-0.004577,-0.006451
614886250.000,YZJ,non_handheld,desk_gripped_micro_move,recording,-0.717283,-2.714175,9.420460,-0.009036,-0.003758,-0.003819
614886260.000,YZJ,non_handheld,desk_gripped_micro_move,recording,-0.707716,-2.722508,9.416893,-0.006744,0.005975,-0.002605
614886270.000,YZJ,non_handheld,desk_gripped_micro_move,recording,-0.683847,-2.702444,9.419685,-0.004988,0.017506,0.000900
614886280.000,YZJ,non_handheld,desk_gripped_micro_move,recording,-0.698382,-2.702861,9.408364,-0.001113,0.022366,0.004050
614886290.000,YZJ,non_handheld,desk_gripped_micro_move,recording,-0.687420,-2.691664,9.404821,0.003632,0.019119,0.003236
614886300.000,YZJ,non_handheld,desk_gripped_micro_move,recording,-0.724678,-2.696122,9.404707,0.001524,0.012013,0.001251
614886310.000,YZJ,non_handheld,desk_gripped_micro_move,recording,-0.781917,-2.727526,9.389025,-0.005882,-0.003922,0.003074
614886320.000,YZJ,non_handheld,desk_gripped_micro_move,recording,-0.762773,-2.712028,9.392176,-0.011925,-0.018163,0.000085
614886330.000,YZJ,non_handheld,desk_gripped_micro_move,recording,-0.717023,-2.693977,9.407016,-0.011243,-0.018084,-0.003871
614886340.000,YZJ,non_handheld,desk_gripped_micro_move,recording,-0.708085,-2.718230,9.419290,-0.011758,-0.016569,-0.002698
614886350.000,YZJ,non_handheld,desk_gripped_micro_move,recording,-0.706731,-2.711033,9.397321,-0.013732,-0.017134,-0.000704
614886360.000,YZJ,non_handheld,desk_gripped_micro_move,recording,-0.711536,-2.703674,9.415639,-0.013076,-0.007587,0.001965
614886370.000,YZJ,non_handheld,desk_gripped_micro_move,recording,-0.714058,-2.710096,9.398148,-0.009492,-0.004999,0.005528
614886380.000,YZJ,non_handheld,desk_gripped_micro_move,recording,-0.713472,-2.725903,9.431497,-0.005866,0.001573,0.008572
614886390.000,YZJ,non_handheld,desk_gripped_micro_move,recording,-0.694912,-2.709848,9.415687,-0.006884,0.011513,0.010931
614886400.000,YZJ,non_handheld,desk_gripped_micro_move,recording,-0.722426,-2.697549,9.398032,-0.012702,0.010541,0.011174
614886410.000,YZJ,non_handheld,desk_gripped_micro_move,recording,-0.726037,-2.709427,9.390730,-0.010120,0.001368,0.009132
614886420.000,YZJ,non_handheld,desk_gripped_micro_move,recording,-0.708880,-2.700335,9.423783,-0.005330,0.001349,0.000886
614886430.000,YZJ,non_handheld,desk_gripped_micro_move,recording,-0.702715,-2.683426,9.425702,-0.004812,0.009612,-0.007082
614886440.000,YZJ,non_handheld,desk_gripped_micro_move,recording,-0.718209,-2.690144,9.402223,-0.006119,0.006096,-0.012165
614886450.000,YZJ,non_handheld,desk_gripped_micro_move,recording,-0.748294,-2.700765,9.392325,-0.007143,0.004393,-0.016808
614886460.000,YZJ,non_handheld,desk_gripped_micro_move,recording,-0.718880,-2.714144,9.427471,-0.007704,0.006824,-0.019020
614886470.000,YZJ,non_handheld,desk_gripped_micro_move,recording,-0.710786,-2.735563,9.390919,-0.010707,0.008761,-0.015423
614886480.000,YZJ,non_handheld,desk_gripped_micro_move,recording,-0.713886,-2.730267,9.397639,-0.008470,0.010431,-0.009700
614886490.000,YZJ,non_handheld,desk_gripped_micro_move,recording,-0.724906,-2.727564,9.409192,-0.003654,0.009347,-0.004777
614886500.000,YZJ,non_handheld,desk_gripped_micro_move,recording,-0.707500,-2.728180,9.407472,-0.001414,0.011783,-0.001739
614886510.000,YZJ,non_handheld,desk_gripped_micro_move,recording,-0.712870,-2.725568,9.397205,-0.005550,0.011673,0.002247
614886520.000,YZJ,non_handheld,desk_gripped_micro_move,recording,-0.706336,-2.701634,9.424067,-0.011869,0.014671,0.001874
614886530.000,YZJ,non_handheld,desk_gripped_micro_move,recording,-0.718330,-2.685490,9.401502,-0.010620,0.011863,0.000605
614886540.000,YZJ,non_handheld,desk_gripped_micro_move,recording,-0.728623,-2.654661,9.420522,-0.007195,0.009380,-0.004057
614886550.000,YZJ,non_handheld,desk_gripped_micro_move,recording,-0.732033,-2.707027,9.427850,-0.008127,0.006030,-0.012051
614886560.000,YZJ,non_handheld,desk_gripped_micro_move,recording,-0.743145,-2.841510,9.347411,-0.017620,0.009996,-0.018022
614886570.000,YZJ,non_handheld,desk_gripped_micro_move,recording,-0.712224,-2.727198,9.435533,-0.022646,0.025933,-0.022092
614886580.000,YZJ,non_handheld,desk_gripped_micro_move,recording,-0.741755,-2.714836,9.401395,-0.019987,0.022239,-0.023484
614886590.000,YZJ,non_handheld,desk_gripped_micro_move,recording,-0.749587,-2.730008,9.363462,-0.016778,-0.002265,-0.020913
614886600.000,YZJ,non_handheld,desk_gripped_micro_move,recording,-0.741130,-2.702141,9.369488,-0.015354,-0.019593,-0.018909
614886610.000,YZJ,non_handheld,desk_gripped_micro_move,recording,-0.723514,-2.705774,9.436075,-0.015651,-0.017245,-0.021464
614886620.000,YZJ,non_handheld,desk_gripped_micro_move,recording,-0.728720,-2.714183,9.385061,-0.015410,-0.029616,-0.021187
614886630.000,YZJ,non_handheld,desk_gripped_micro_move,recording,-0.750514,-2.736784,9.361885,-0.021128,-0.060807,-0.020115
614886640.000,YZJ,non_handheld,desk_gripped_micro_move,recording,-0.739120,-2.784243,9.353552,-0.029496,-0.086655,-0.018579
614886650.000,YZJ,non_handheld,desk_gripped_micro_move,recording,-0.718259,-2.787325,9.368538,-0.033106,-0.099692,-0.017320
614886660.000,YZJ,non_handheld,desk_gripped_micro_move,recording,-0.710752,-2.781384,9.407540,-0.031181,-0.094249,-0.022244
614886670.000,YZJ,non_handheld,desk_gripped_micro_move,recording,-0.638010,-2.779818,9.400804,-0.030108,-0.089788,-0.034387
614886680.000,YZJ,non_handheld,desk_gripped_micro_move,recording,-0.680284,-2.835179,9.339036,-0.038719,-0.102672,-0.048201
614886690.000,YZJ,non_handheld,desk_gripped_micro_move,recording,-0.661999,-2.719494,9.404211,-0.052177,-0.121078,-0.069340
614886700.000,YZJ,non_handheld,desk_gripped_micro_move,recording,-0.738249,-2.637464,9.426270,-0.058730,-0.139533,-0.078019
614886710.000,YZJ,non_handheld,desk_gripped_micro_move,recording,-0.712403,-2.728953,9.406078,-0.055297,-0.140468,-0.075440
614886720.000,YZJ,non_handheld,desk_gripped_micro_move,recording,-0.610675,-2.767543,9.403587,-0.046485,-0.129445,-0.065381
614886730.000,YZJ,non_handheld,desk_gripped_micro_move,recording,-0.559586,-2.825744,9.417797,-0.034317,-0.102050,-0.048718
614886740.000,YZJ,non_handheld,desk_gripped_micro_move,recording,-0.563084,-2.831073,9.415681,-0.021526,-0.071682,-0.029002
614886750.000,YZJ,non_handheld,desk_gripped_micro_move,recording,-0.564085,-2.867632,9.397090,-0.009403,-0.052767,-0.010920
614886760.000,YZJ,non_handheld,desk_gripped_micro_move,recording,-0.573500,-2.889715,9.380191,-0.006891,-0.031787,-0.000281
614886770.000,YZJ,non_handheld,desk_gripped_micro_move,recording,-0.554774,-2.855010,9.384170,-0.007750,-0.024777,0.005048
614886780.000,YZJ,non_handheld,desk_gripped_micro_move,recording,-0.561724,-2.778398,9.396575,-0.009730,-0.023047,0.005392
614886790.000,YZJ,non_handheld,desk_gripped_micro_move,recording,-0.536954,-2.729159,9.455414,-0.009005,-0.008911,0.002524
614886800.000,YZJ,non_handheld,desk_gripped_micro_move,recording,-0.566569,-2.690021,9.427244,-0.007054,0.004855,-0.000957
614886810.000,YZJ,non_handheld,desk_gripped_micro_move,recording,-0.617107,-2.733313,9.397485,-0.006116,0.004926,-0.002235
614886820.000,YZJ,non_handheld,desk_gripped_micro_move,recording,-0.590820,-2.800056,9.395545,-0.006282,-0.000008,-0.004817
614886830.000,YZJ,non_handheld,desk_gripped_micro_move,recording,-0.574768,-2.763827,9.401424,-0.007306,0.000695,-0.013278
614886840.000,YZJ,non_handheld,desk_gripped_micro_move,recording,-0.573410,-2.767132,9.386011,-0.013127,-0.014041,-0.017006
614886850.000,YZJ,non_handheld,desk_gripped_micro_move,recording,-0.621674,-2.829897,9.366780,-0.016751,-0.028466,-0.017025
614886860.000,YZJ,non_handheld,desk_gripped_micro_move,recording,-0.564308,-2.801823,9.417124,-0.014160,-0.022224,-0.018247
614886870.000,YZJ,non_handheld,desk_gripped_micro_move,recording,-0.569100,-2.802080,9.394249,-0.012519,-0.021382,-0.015461
614886880.000,YZJ,non_handheld,desk_gripped_micro_move,recording,-0.564051,-2.800143,9.377016,-0.013661,-0.030350,-0.011295
614886890.000,YZJ,non_handheld,desk_gripped_micro_move,recording,-0.569835,-2.801707,9.373864,-0.013757,-0.035390,-0.008502
614886900.000,YZJ,non_handheld,desk_gripped_micro_move,recording,-0.559049,-2.805674,9.401227,-0.011296,-0.035231,-0.005839
614886910.000,YZJ,non_handheld,desk_gripped_micro_move,recording,-0.535683,-2.798599,9.423438,-0.010536,-0.018724,-0.003241
614886920.000,YZJ,non_handheld,desk_gripped_micro_move,recording,-0.539806,-2.812711,9.386951,-0.013044,-0.015110,-0.000926
614886930.000,YZJ,non_handheld,desk_gripped_micro_move,recording,-0.606970,-2.817060,9.336678,-0.010519,-0.051801,-0.003037
614886940.000,YZJ,non_handheld,desk_gripped_micro_move,recording,-0.620801,-2.837553,9.310041,-0.023645,-0.117945,-0.026931
614886950.000,YZJ,non_handheld,desk_gripped_micro_move,recording,-0.629569,-2.953148,9.224341,-0.063246,-0.218778,-0.065403
614886960.000,YZJ,non_handheld,desk_gripped_micro_move,recording,-0.718817,-3.123083,9.196783,-0.119860,-0.313371,-0.101337
614886970.000,YZJ,non_handheld,desk_gripped_micro_move,recording,-0.682481,-3.029289,9.241669,-0.154076,-0.371463,-0.122553
614886980.000,YZJ,non_handheld,desk_gripped_micro_move,recording,-0.628994,-2.804851,9.479717,-0.153403,-0.338224,-0.119320
614886990.000,YZJ,non_handheld,desk_gripped_micro_move,recording,-0.527597,-2.869383,9.552827,-0.151231,-0.231139,-0.108395
614887000.000,YZJ,non_handheld,desk_gripped_micro_move,recording,-0.677522,-3.145259,9.262096,-0.150757,-0.199385,-0.073123
614887010.000,YZJ,non_handheld,desk_gripped_micro_move,recording,-0.466349,-2.577508,9.459870,-0.118876,-0.203049,-0.047195
614887020.000,YZJ,non_handheld,desk_gripped_micro_move,recording,-0.357807,-2.598028,9.406037,-0.074559,-0.201542,-0.016302
614887030.000,YZJ,non_handheld,desk_gripped_micro_move,recording,-0.099885,-2.630768,9.606801,-0.030281,-0.138076,0.004841
614887040.000,YZJ,non_handheld,desk_gripped_micro_move,recording,0.047153,-2.687282,9.467635,-0.001369,-0.054499,0.013068
614887050.000,YZJ,non_handheld,desk_gripped_micro_move,recording,-0.032039,-2.953204,9.383519,0.020952,-0.023792,0.017684
614887060.000,YZJ,non_handheld,desk_gripped_micro_move,recording,0.084192,-3.054427,9.374999,0.039980,0.009924,0.005019
614887070.000,YZJ,non_handheld,desk_gripped_micro_move,recording,-0.114904,-3.014310,9.421895,0.042500,0.072188,0.005354
614887080.000,YZJ,non_handheld,desk_gripped_micro_move,recording,-0.275581,-2.855186,9.444597,0.027167,0.108095,0.011909
614887090.000,YZJ,non_handheld,desk_gripped_micro_move,recording,-0.345770,-2.901438,9.358274,0.006279,0.104508,0.013838
614887100.000,YZJ,non_handheld,desk_gripped_micro_move,recording,-0.333670,-2.928256,9.376910,-0.004038,0.103105,0.013769
614887110.000,YZJ,non_handheld,desk_gripped_micro_move,recording,-0.362477,-2.860069,9.383728,-0.005862,0.098000,0.010086
614887120.000,YZJ,non_handheld,desk_gripped_micro_move,recording,-0.365565,-2.888302,9.375735,-0.002851,0.088365,0.009078
614887130.000,YZJ,non_handheld,desk_gripped_micro_move,recording,-0.343898,-2.902602,9.373191,0.006509,0.089457,0.011962
614887140.000,YZJ,non_handheld,desk_gripped_micro_move,recording,-0.337658,-2.896203,9.392460,0.009017,0.109325,0.020584
614887150.000,YZJ,non_handheld,desk_gripped_micro_move,recording,-0.388372,-2.893120,9.396972,0.002522,0.107480,0.029171
614887160.000,YZJ,non_handheld,desk_gripped_micro_move,recording,-0.376173,-2.865332,9.387836,0.004367,0.110859,0.037939
614887170.000,YZJ,non_handheld,desk_gripped_micro_move,recording,-0.443307,-2.814333,9.319243,0.016998,0.065097,0.047503
614887180.000,YZJ,non_handheld,desk_gripped_micro_move,recording,-0.391839,-2.778585,9.407758,0.029992,0.049094,0.043149
614887190.000,YZJ,non_handheld,desk_gripped_micro_move,recording,-0.377183,-2.748974,9.436036,0.038262,0.069972,0.039927
614887200.000,YZJ,non_handheld,desk_gripped_micro_move,recording,-0.425537,-2.753751,9.389424,0.040600,0.078653,0.033873
614887210.000,YZJ,non_handheld,desk_gripped_micro_move,recording,-0.478629,-2.892488,9.348499,0.033992,0.064415,0.035916
614887220.000,YZJ,non_handheld,desk_gripped_micro_move,recording,-0.482431,-3.031640,9.313258,0.021576,0.035037,0.035007
614887230.000,YZJ,non_handheld,desk_gripped_micro_move,recording,-0.379706,-2.908586,9.364496,0.016310,0.027001,0.017289
614887240.000,YZJ,non_handheld,desk_gripped_micro_move,recording,-0.493657,-2.969377,9.314671,0.014081,0.006104,0.005035
614887250.000,YZJ,non_handheld,desk_gripped_micro_move,recording,-0.498074,-2.932873,9.338873,0.011673,-0.006347,0.001243
614887260.000,YZJ,non_handheld,desk_gripped_micro_move,recording,-0.479932,-2.917539,9.366479,0.009122,-0.004209,0.001262
614887270.000,YZJ,non_handheld,desk_gripped_micro_move,recording,-0.475291,-2.902173,9.358899,0.006410,-0.014940,0.000075
614887280.000,YZJ,non_handheld,desk_gripped_micro_move,recording,-0.475464,-2.869753,9.343546,0.000712,-0.039899,-0.004203
614887290.000,YZJ,non_handheld,desk_gripped_micro_move,recording,-0.467749,-2.865307,9.347571,-0.000436,-0.048226,-0.009953
614887300.000,YZJ,non_handheld,desk_gripped_micro_move,recording,-0.452241,-2.882890,9.382928,0.002009,-0.047307,-0.013688
614887310.000,YZJ,non_handheld,desk_gripped_micro_move,recording,-0.437804,-2.896043,9.366880,0.003357,-0.047027,-0.016311
614887320.000,YZJ,non_handheld,desk_gripped_micro_move,recording,-0.421237,-2.919651,9.362154,0.002777,-0.055546,-0.015412
614887330.000,YZJ,non_handheld,desk_gripped_micro_move,recording,-0.394124,-2.925550,9.358063,0.002965,-0.056418,-0.015683
614887340.000,YZJ,non_handheld,desk_gripped_micro_move,recording,-0.396345,-2.899810,9.368770,0.004509,-0.061115,-0.015194
614887350.000,YZJ,non_handheld,desk_gripped_micro_move,recording,-0.410482,-2.831633,9.395341,0.006609,-0.060687,-0.012986
614887360.000,YZJ,non_handheld,desk_gripped_micro_move,recording,-0.409329,-2.868538,9.405487,0.006824,-0.048818,-0.010396
614887370.000,YZJ,non_handheld,desk_gripped_micro_move,recording,-0.392794,-2.874789,9.381660,0.003619,-0.036697,-0.009500
614887380.000,YZJ,non_handheld,desk_gripped_micro_move,recording,-0.409069,-2.858638,9.393385,0.001749,-0.029494,-0.009682
614887390.000,YZJ,non_handheld,desk_gripped_micro_move,recording,-0.404828,-2.870752,9.373458,0.000051,-0.026680,-0.011787
614887400.000,YZJ,non_handheld,desk_gripped_micro_move,recording,-0.393663,-2.900791,9.375538,-0.001011,-0.029080,-0.012416
614887410.000,YZJ,non_handheld,desk_gripped_micro_move,recording,-0.403596,-2.853621,9.361308,-0.001983,-0.038502,-0.011242
614887420.000,YZJ,non_handheld,desk_gripped_micro_move,recording,-0.414347,-2.805062,9.391489,-0.004267,-0.050093,-0.008870
614887430.000,YZJ,non_handheld,desk_gripped_micro_move,recording,-0.396796,-2.877639,9.379275,-0.004836,-0.053824,-0.008099
614887440.000,YZJ,non_handheld,desk_gripped_micro_move,recording,-0.396640,-2.913715,9.369637,-0.005880,-0.055063,-0.004783
614887450.000,YZJ,non_handheld,desk_gripped_micro_move,recording,-0.387792,-2.954417,9.369317,-0.006598,-0.042517,-0.001391
614887460.000,YZJ,non_handheld,desk_gripped_micro_move,recording,-0.362635,-2.944101,9.371513,-0.006005,-0.033213,0.001955
614887470.000,YZJ,non_handheld,desk_gripped_micro_move,recording,-0.346873,-2.899664,9.363987,-0.000886,-0.031390,0.005322
614887480.000,YZJ,non_handheld,desk_gripped_micro_move,recording,-0.266195,-2.687479,9.495865,0.008775,-0.013829,0.004879
614887490.000,YZJ,non_handheld,desk_gripped_micro_move,recording,-0.375121,-2.713243,9.391364,0.011312,-0.008952,0.008864
614887500.000,YZJ,non_handheld,desk_gripped_micro_move,recording,-0.362009,-2.905163,9.378484,0.007781,-0.013051,0.007740
614887510.000,YZJ,non_handheld,desk_gripped_micro_move,recording,-0.353952,-2.874987,9.391004,0.005310,-0.003111,0.006696
614887520.000,YZJ,non_handheld,desk_gripped_micro_move,recording,-0.357691,-2.842760,9.402318,0.007913,0.000831,0.003286
614887530.000,YZJ,non_handheld,desk_gripped_micro_move,recording,-0.353100,-2.820081,9.415305,0.007833,0.006709,0.004048
614887540.000,YZJ,non_handheld,desk_gripped_micro_move,recording,-0.364860,-2.857373,9.374325,0.006327,0.012269,0.002357
614887550.000,YZJ,non_handheld,desk_gripped_micro_move,recording,-0.379774,-2.873108,9.382665,0.004486,0.003670,0.002816
614887560.000,YZJ,non_handheld,desk_gripped_micro_move,recording,-0.369837,-2.853457,9.395621,-0.001201,-0.001176,-0.001389
614887570.000,YZJ,non_handheld,desk_gripped_micro_move,recording,-0.341805,-2.822451,9.341851,-0.006689,-0.019107,-0.012745
614887580.000,YZJ,non_handheld,desk_gripped_micro_move,recording,-0.273633,-2.860501,9.392150,-0.007004,-0.019486,-0.024635
614887590.000,YZJ,non_handheld,desk_gripped_micro_move,recording,-0.291514,-2.889588,9.354887,-0.004331,-0.039584,-0.035733
614887600.000,YZJ,non_handheld,desk_gripped_micro_move,recording,-0.343698,-2.981218,9.307722,-0.008523,-0.077055,-0.040045
614887610.000,YZJ,non_handheld,desk_gripped_micro_move,recording,-0.318210,-3.012676,9.393857,-0.019364,-0.055902,-0.043106
614887620.000,YZJ,non_handheld,desk_gripped_micro_move,recording,-0.311765,-2.939875,9.376109,-0.033301,-0.041287,-0.043147
614887630.000,YZJ,non_handheld,desk_gripped_micro_move,recording,-0.240112,-3.008894,9.346851,-0.043287,-0.019990,-0.046532
614887640.000,YZJ,non_handheld,desk_gripped_micro_move,recording,-0.255731,-2.883767,9.398997,-0.046198,0.001091,-0.050424
614887650.000,YZJ,non_handheld,desk_gripped_micro_move,recording,-0.347159,-2.758145,9.451941,-0.043624,0.031606,-0.045349
614887660.000,YZJ,non_handheld,desk_gripped_micro_move,recording,-0.516096,-2.527913,9.498037,-0.037009,0.052903,-0.025725
614887670.000,YZJ,non_handheld,desk_gripped_micro_move,recording,-0.484966,-2.846091,9.387541,-0.031471,0.044889,-0.004221
614887680.000,YZJ,non_handheld,desk_gripped_micro_move,recording,-0.318519,-2.900938,9.349011,-0.027248,0.026516,0.003694
614887690.000,YZJ,non_handheld,desk_gripped_micro_move,recording,-0.348032,-2.908196,9.365203,-0.026703,0.011246,0.008546
614887700.000,YZJ,non_handheld,desk_gripped_micro_move,recording,-0.363606,-2.881711,9.370428,-0.026654,0.017592,0.004858
614887710.000,YZJ,non_handheld,desk_gripped_micro_move,recording,-0.321483,-2.898424,9.392514,-0.023637,0.025033,0.003786
614887720.000,YZJ,non_handheld,desk_gripped_micro_move,recording,-0.372064,-2.918618,9.341300,-0.018677,0.002466,0.004955
614887730.000,YZJ,non_handheld,desk_gripped_micro_move,recording,-0.386206,-2.894159,9.334514,-0.019319,-0.032886,0.007572
614887740.000,YZJ,non_handheld,desk_gripped_micro_move,recording,-0.354010,-2.926275,9.347636,-0.022284,-0.046569,0.004978
614887750.000,YZJ,non_handheld,desk_gripped_micro_move,recording,-0.318462,-2.910447,9.378662,-0.028675,-0.041627,-0.000660
614887760.000,YZJ,non_handheld,desk_gripped_micro_move,recording,-0.334341,-2.907935,9.364957,-0.030996,-0.038644,-0.006263
614887770.000,YZJ,non_handheld,desk_gripped_micro_move,recording,-0.330507,-2.877171,9.368555,-0.029096,-0.040386,-0.012495
614887780.000,YZJ,non_handheld,desk_gripped_micro_move,recording,-0.339196,-2.917549,9.368450,-0.024452,-0.039498,-0.016318
614887790.000,YZJ,non_handheld,desk_gripped_micro_move,recording,-0.297954,-2.931144,9.383432,-0.023265,-0.026756,-0.021415
614887800.000,YZJ,non_handheld,desk_gripped_micro_move,recording,-0.286002,-2.952703,9.384481,-0.023318,-0.016336,-0.023894
614887810.000,YZJ,non_handheld,desk_gripped_micro_move,recording,-0.315735,-2.983921,9.334279,-0.027454,-0.022641,-0.021222
614887820.000,YZJ,non_handheld,desk_gripped_micro_move,recording,-0.298452,-2.986224,9.315723,-0.027874,-0.038366,-0.018919
614887830.000,YZJ,non_handheld,desk_gripped_micro_move,recording,-0.278324,-3.008719,9.359292,-0.026635,-0.036383,-0.023638
614887840.000,YZJ,non_handheld,desk_gripped_micro_move,recording,-0.180061,-2.892338,9.407545,-0.025308,-0.014819,-0.033424
614887850.000,YZJ,non_handheld,desk_gripped_micro_move,recording,-0.282317,-2.934496,9.403401,-0.024242,0.020059,-0.035394
614887860.000,YZJ,non_handheld,desk_gripped_micro_move,recording,-0.325288,-2.908603,9.405153,-0.020959,0.057035,-0.029754
614887870.000,YZJ,non_handheld,desk_gripped_micro_move,recording,-0.366042,-2.870060,9.435553,-0.020635,0.101086,-0.025449
614887880.000,YZJ,non_handheld,desk_gripped_micro_move,recording,-0.321726,-2.951534,9.435252,-0.031382,0.159282,-0.031387
614887890.000,YZJ,non_handheld,desk_gripped_micro_move,recording,-0.391630,-3.182154,9.351465,-0.056066,0.212819,-0.041085
614887900.000,YZJ,non_handheld,desk_gripped_micro_move,recording,-0.400230,-3.272476,9.264299,-0.108599,0.244870,-0.038853
614887910.000,YZJ,non_handheld,desk_gripped_micro_move,recording,-0.255678,-3.105910,9.408609,-0.151427,0.271961,-0.035601
614887920.000,YZJ,non_handheld,desk_gripped_micro_move,recording,-0.269081,-3.107784,9.344088,-0.177607,0.288668,-0.043554
614887930.000,YZJ,non_handheld,desk_gripped_micro_move,recording,-0.261737,-3.236624,9.275445,-0.198962,0.307850,-0.057292
614887940.000,YZJ,non_handheld,desk_gripped_micro_move,recording,-0.278642,-3.176930,9.360947,-0.219681,0.304351,-0.087987
614887950.000,YZJ,non_handheld,desk_gripped_micro_move,recording,-0.413653,-3.342696,9.177116,-0.254764,0.319008,-0.104529
614887960.000,YZJ,non_handheld,desk_gripped_micro_move,recording,-0.385279,-3.378193,9.228236,-0.287341,0.337761,-0.109522
614887970.000,YZJ,non_handheld,desk_gripped_micro_move,recording,-0.441076,-3.139504,9.451073,-0.286203,0.371946,-0.105648
614887980.000,YZJ,non_handheld,desk_gripped_micro_move,recording,-0.621285,-3.144681,9.197173,-0.260166,0.386064,-0.086104
614887990.000,YZJ,non_handheld,desk_gripped_micro_move,recording,-0.583962,-3.156246,9.210121,-0.230324,0.408468,-0.074486
614888000.000,YZJ,non_handheld,desk_gripped_micro_move,recording,-0.720869,-3.036366,9.515371,-0.179933,0.410946,-0.065988
614888010.000,YZJ,non_handheld,desk_gripped_micro_move,recording,-0.830700,-3.116531,9.024866,-0.155669,0.354995,-0.048223
614888020.000,YZJ,non_handheld,desk_gripped_micro_move,recording,-0.878680,-2.998747,9.340822,-0.135837,0.284108,-0.031167
614888030.000,YZJ,non_handheld,desk_gripped_micro_move,recording,-1.109122,-3.017255,9.231607,-0.124727,0.254704,0.000507
614888040.000,YZJ,non_handheld,desk_gripped_micro_move,recording,-1.076630,-3.155447,9.155980,-0.120385,0.247884,0.034422
614888050.000,YZJ,non_handheld,desk_gripped_micro_move,recording,-0.809868,-2.926064,9.418810,-0.117670,0.245001,0.043171
614888060.000,YZJ,non_handheld,desk_gripped_micro_move,recording,-0.712820,-3.034586,9.318018,-0.128303,0.250138,0.038019
614888070.000,YZJ,non_handheld,desk_gripped_micro_move,recording,-0.620273,-3.022361,9.188968,-0.134765,0.208438,0.018361
614888080.000,YZJ,non_handheld,desk_gripped_micro_move,recording,-0.694956,-3.126256,9.307950,-0.122320,0.183735,0.003126
614888090.000,YZJ,non_handheld,desk_gripped_micro_move,recording,-0.702873,-3.050397,9.274364,-0.093322,0.196482,-0.005078
614888100.000,YZJ,non_handheld,desk_gripped_micro_move,recording,-0.896501,-2.994347,9.325561,-0.055822,0.201589,-0.002498
614888110.000,YZJ,non_handheld,desk_gripped_micro_move,recording,-0.956156,-3.063854,9.248612,-0.040506,0.182934,-0.001061
614888120.000,YZJ,non_handheld,desk_gripped_micro_move,recording,-0.981217,-3.315417,9.111904,-0.047869,0.127502,-0.009912
614888130.000,YZJ,non_handheld,desk_gripped_micro_move,recording,-0.986791,-3.217053,9.140588,-0.057627,0.075734,-0.020626
614888140.000,YZJ,non_handheld,desk_gripped_micro_move,recording,-0.955227,-3.241843,9.130156,-0.068508,0.023173,-0.030879
614888150.000,YZJ,non_handheld,desk_gripped_micro_move,recording,-0.924137,-3.273711,9.136930,-0.065492,-0.021625,-0.031316
614888160.000,YZJ,non_handheld,desk_gripped_micro_move,recording,-0.872547,-3.280804,9.235922,-0.057055,-0.011868,-0.032440
614888170.000,YZJ,non_handheld,desk_gripped_micro_move,recording,-0.954240,-3.387358,9.224208,-0.050324,0.021319,-0.032897
614888180.000,YZJ,non_handheld,desk_gripped_micro_move,recording,-0.907080,-3.278373,9.226768,-0.048634,0.046455,-0.037575
614888190.000,YZJ,non_handheld,desk_gripped_micro_move,recording,-0.955750,-3.350683,9.174091,-0.049286,0.067572,-0.031806
614888200.000,YZJ,non_handheld,desk_gripped_micro_move,recording,-0.886125,-3.380872,9.229903,-0.046880,0.093870,-0.015384
614888210.000,YZJ,non_handheld,desk_gripped_micro_move,recording,-0.948376,-3.362492,9.175762,-0.046545,0.094840,0.005588
614888220.000,YZJ,non_handheld,desk_gripped_micro_move,recording,-0.931376,-3.374030,9.161984,-0.047500,0.087670,0.022896
614888230.000,YZJ,non_handheld,desk_gripped_micro_move,recording,-0.931991,-3.359285,9.165727,-0.043225,0.094348,0.032418
614888240.000,YZJ,non_handheld,desk_gripped_micro_move,recording,-0.972916,-3.355256,9.161359,-0.031482,0.092220,0.038739
614888250.000,YZJ,non_handheld,desk_gripped_micro_move,recording,-0.952699,-3.295235,9.172629,-0.018014,0.076239,0.035530
614888260.000,YZJ,non_handheld,desk_gripped_micro_move,recording,-0.892520,-3.233912,9.198009,-0.005629,0.061430,0.019807
614888270.000,YZJ,non_handheld,desk_gripped_micro_move,recording,-0.917899,-3.265341,9.177141,0.001694,0.062864,-0.001164
614888280.000,YZJ,non_handheld,desk_gripped_micro_move,recording,-1.047320,-3.355842,9.185968,0.003343,0.084286,-0.012511
614888290.000,YZJ,non_handheld,desk_gripped_micro_move,recording,-1.116919,-3.428857,9.165867,-0.008986,0.097363,-0.011454
614888300.000,YZJ,non_handheld,desk_gripped_micro_move,recording,-1.092064,-3.431497,9.115342,-0.020793,0.088620,-0.006687
614888310.000,YZJ,non_handheld,desk_gripped_micro_move,recording,-0.999877,-3.341862,9.197880,-0.018092,0.104459,-0.002910
614888320.000,YZJ,non_handheld,desk_gripped_micro_move,recording,-1.027530,-3.400558,9.208265,-0.017517,0.082922,0.010352
614888330.000,YZJ,non_handheld,desk_gripped_micro_move,recording,-1.207819,-3.409106,8.882285,-0.024047,0.009339,0.016094
614888340.000,YZJ,non_handheld,desk_gripped_micro_move,recording,-0.970944,-3.294029,9.258681,-0.027278,-0.002140,0.012336
614888350.000,YZJ,non_handheld,desk_gripped_micro_move,recording,-1.038687,-3.369553,9.156422,-0.021684,-0.002140,0.012498
614888360.000,YZJ,non_handheld,desk_gripped_micro_move,recording,-1.080321,-3.362285,9.095781,-0.013305,-0.005146,0.009967
614888370.000,YZJ,non_handheld,desk_gripped_micro_move,recording,-1.019451,-3.348005,9.198210,-0.011091,-0.008783,0.007544
614888380.000,YZJ,non_handheld,desk_gripped_micro_move,recording,-1.054563,-3.342562,9.178461,-0.016822,-0.008113,0.004767
614888390.000,YZJ,non_handheld,desk_gripped_micro_move,recording,-1.060691,-3.321493,9.150206,-0.022928,-0.009133,-0.002260
614888400.000,YZJ,non_handheld,desk_gripped_micro_move,recording,-1.042227,-3.350645,9.191893,-0.023160,-0.006820,-0.004474
614888410.000,YZJ,non_handheld,desk_gripped_micro_move,recording,-1.027844,-3.386057,9.168343,-0.018354,-0.004466,-0.001666
614888420.000,YZJ,non_handheld,desk_gripped_micro_move,recording,-1.015769,-3.379854,9.227125,-0.021954,0.012263,0.001178
614888430.000,YZJ,non_handheld,desk_gripped_micro_move,recording,-1.023880,-3.391165,9.264425,-0.022781,0.038201,0.004112
614888440.000,YZJ,non_handheld,desk_gripped_micro_move,recording,-1.021220,-3.377523,9.244377,-0.018526,0.058114,0.004199
614888450.000,YZJ,non_handheld,desk_gripped_micro_move,recording,-1.045577,-3.372625,9.128108,-0.013310,0.061159,0.005962
614888460.000,YZJ,non_handheld,desk_gripped_micro_move,recording,-1.054503,-3.363269,9.165983,-0.016495,0.060221,0.005741
614888470.000,YZJ,non_handheld,desk_gripped_micro_move,recording,-1.062389,-3.353019,9.146236,-0.025185,0.059239,-0.000493
614888480.000,YZJ,non_handheld,desk_gripped_micro_move,recording,-1.087806,-3.350129,9.147051,-0.037757,0.045263,-0.006767
614888490.000,YZJ,non_handheld,desk_gripped_micro_move,recording,-1.086047,-3.348937,9.086032,-0.048525,0.024164,-0.012255
614888500.000,YZJ,non_handheld,desk_gripped_micro_move,recording,-1.085865,-3.337951,9.035224,-0.062373,-0.012806,-0.019910
614888510.000,YZJ,non_handheld,desk_gripped_micro_move,recording,-0.829404,-3.163388,9.025636,-0.077907,-0.069977,-0.057465
614888520.000,YZJ,non_handheld,desk_gripped_micro_move,recording,-0.910799,-3.285165,9.082241,-0.081602,-0.101703,-0.086969
614888530.000,YZJ,non_handheld,desk_gripped_micro_move,recording,-1.089322,-3.452482,9.076014,-0.083988,-0.115439,-0.094591
614888540.000,YZJ,non_handheld,desk_gripped_micro_move,recording,-1.264241,-3.406747,9.199356,-0.085888,-0.106583,-0.081352
614888550.000,YZJ,non_handheld,desk_gripped_micro_move,recording,-1.040840,-3.375592,9.109302,-0.095418,-0.115504,-0.081657
614888560.000,YZJ,non_handheld,desk_gripped_micro_move,recording,-0.980043,-3.440580,9.302137,-0.090038,-0.053788,-0.082478
614888570.000,YZJ,non_handheld,desk_gripped_micro_move,recording,-0.836610,-3.535465,9.406955,-0.080614,-0.017999,-0.075646
614888580.000,YZJ,non_handheld,desk_gripped_micro_move,recording,-1.065988,-3.550944,9.063058,-0.091597,-0.020795,-0.074314
614888590.000,YZJ,non_handheld,desk_gripped_micro_move,recording,-0.843521,-3.293732,9.090719,-0.116274,-0.036205,-0.091293
614888600.000,YZJ,non_handheld,desk_gripped_micro_move,recording,-0.848774,-3.488476,9.207444,-0.141804,-0.043583,-0.091897
614888610.000,YZJ,non_handheld,desk_gripped_micro_move,recording,-1.254210,-3.541064,9.078100,-0.165035,-0.059544,-0.060810
614888620.000,YZJ,non_handheld,desk_gripped_micro_move,recording,-1.011873,-3.483236,9.082202,-0.187749,-0.067669,-0.065298
614888630.000,YZJ,non_handheld,desk_gripped_micro_move,recording,-0.850237,-3.352326,9.209770,-0.200898,-0.068472,-0.082839
614888640.000,YZJ,non_handheld,desk_gripped_micro_move,recording,-0.992655,-3.606584,9.099353,-0.198946,-0.062945,-0.076464
614888650.000,YZJ,non_handheld,desk_gripped_micro_move,recording,-1.057936,-3.618654,9.066103,-0.180769,-0.059335,-0.061405
614888660.000,YZJ,non_handheld,desk_gripped_micro_move,recording,-0.878774,-3.531862,9.138884,-0.162544,-0.051704,-0.055272
614888670.000,YZJ,non_handheld,desk_gripped_micro_move,recording,-0.981496,-3.680214,9.021859,-0.155361,-0.062237,-0.036193
614888680.000,YZJ,non_handheld,desk_gripped_micro_move,recording,-1.000663,-3.683206,9.061507,-0.159567,-0.068506,-0.011432
614888690.000,YZJ,non_handheld,desk_gripped_micro_move,recording,-0.940032,-3.704751,9.027545,-0.176368,-0.081083,0.008135
614888700.000,YZJ,non_handheld,desk_gripped_micro_move,recording,-0.946928,-3.701632,9.058855,-0.199565,-0.088292,0.017891
614888710.000,YZJ,non_handheld,desk_gripped_micro_move,recording,-0.904420,-3.634554,9.062667,-0.219918,-0.097228,0.025813
614888720.000,YZJ,non_handheld,desk_gripped_micro_move,recording,-0.907914,-3.769945,9.011608,-0.238459,-0.109008,0.035839
614888730.000,YZJ,non_handheld,desk_gripped_micro_move,recording,-0.795260,-3.763165,9.032910,-0.242432,-0.112074,0.043059
614888740.000,YZJ,non_handheld,desk_gripped_micro_move,recording,-0.830818,-3.725437,9.054805,-0.223169,-0.101705,0.045185
614888750.000,YZJ,non_handheld,desk_gripped_micro_move,recording,-0.799110,-3.646281,9.085755,-0.185477,-0.078240,0.036184
614888760.000,YZJ,non_handheld,desk_gripped_micro_move,recording,-0.845218,-3.722115,9.105140,-0.140013,-0.037690,0.019925
614888770.000,YZJ,non_handheld,desk_gripped_micro_move,recording,-0.865823,-3.841842,9.371181,-0.093477,0.066522,0.011398
614888780.000,YZJ,non_handheld,desk_gripped_micro_move,recording,-0.830723,-3.830942,9.336231,-0.045094,0.189455,0.018030
614888790.000,YZJ,non_handheld,desk_gripped_micro_move,recording,-0.826853,-3.895211,9.247213,-0.006923,0.273654,0.030660
614888800.000,YZJ,non_handheld,desk_gripped_micro_move,recording,-0.899762,-3.854391,9.055846,0.018594,0.309646,0.040498
614888810.000,YZJ,non_handheld,desk_gripped_micro_move,recording,-0.911571,-3.816791,9.046024,0.039235,0.332688,0.048152
614888820.000,YZJ,non_handheld,desk_gripped_micro_move,recording,-0.945681,-3.805946,9.136832,0.073905,0.381901,0.051937
614888830.000,YZJ,non_handheld,desk_gripped_micro_move,recording,-0.964167,-3.827360,9.070828,0.101820,0.411610,0.063953
614888840.000,YZJ,non_handheld,desk_gripped_micro_move,recording,-1.050688,-3.786399,8.963175,0.122623,0.414506,0.070976
614888850.000,YZJ,non_handheld,desk_gripped_micro_move,recording,-1.102469,-3.737718,8.920498,0.132750,0.397823,0.070616
614888860.000,YZJ,non_handheld,desk_gripped_micro_move,recording,-1.163303,-3.680452,8.934815,0.126089,0.371237,0.058819
614888870.000,YZJ,non_handheld,desk_gripped_micro_move,recording,-1.227174,-3.634931,8.816832,0.103425,0.311003,0.044852
614888880.000,YZJ,non_handheld,desk_gripped_micro_move,recording,-1.274460,-3.626426,8.706239,0.067131,0.213661,0.028574
614888890.000,YZJ,non_handheld,desk_gripped_micro_move,recording,-1.307981,-3.608013,8.659591,0.029870,0.110409,0.009620
614888900.000,YZJ,non_handheld,desk_gripped_micro_move,recording,-1.266334,-3.624481,8.867101,0.003877,0.057585,-0.006299
614888910.000,YZJ,non_handheld,desk_gripped_micro_move,recording,-1.250848,-3.631931,9.062308,-0.007745,0.056503,-0.019810
614888920.000,YZJ,non_handheld,desk_gripped_micro_move,recording,-1.242409,-3.696268,8.963770,-0.025110,0.043145,-0.021194
614888930.000,YZJ,non_handheld,desk_gripped_micro_move,recording,-1.251258,-3.717970,8.933045,-0.055687,0.014424,-0.017404
614888940.000,YZJ,non_handheld,desk_gripped_micro_move,recording,-1.263716,-3.756138,8.886244,-0.092050,-0.022714,-0.012646
614888950.000,YZJ,non_handheld,desk_gripped_micro_move,recording,-1.223125,-3.650697,8.947794,-0.118660,-0.052457,-0.016707
614888960.000,YZJ,non_handheld,desk_gripped_micro_move,recording,-1.230355,-3.712366,8.940068,-0.127417,-0.072439,-0.017953
614888970.000,YZJ,non_handheld,desk_gripped_micro_move,recording,-1.216426,-3.744421,9.002322,-0.126554,-0.069483,-0.017908
614888980.000,YZJ,non_handheld,desk_gripped_micro_move,recording,-1.206130,-3.782349,9.066766,-0.122517,-0.049145,-0.015653
614888990.000,YZJ,non_handheld,desk_gripped_micro_move,recording,-1.204960,-3.837596,8.966443,-0.118102,-0.037331,-0.007943
614889000.000,YZJ,non_handheld,desk_gripped_micro_move,recording,-1.205043,-3.877720,8.981937,-0.116980,-0.029479,-0.002832
614889010.000,YZJ,non_handheld,desk_gripped_micro_move,recording,-1.180421,-3.783768,8.935046,-0.119903,-0.036651,0.000222
614889020.000,YZJ,non_handheld,desk_gripped_micro_move,recording,-1.194662,-3.758891,9.035895,-0.115363,-0.024904,0.002071
614889030.000,YZJ,non_handheld,desk_gripped_micro_move,recording,-1.139127,-3.789228,9.051792,-0.103110,-0.004329,0.005568
614889040.000,YZJ,non_handheld,desk_gripped_micro_move,recording,-1.141946,-3.770773,9.153361,-0.076538,0.047401,0.009768
614889050.000,YZJ,non_handheld,desk_gripped_micro_move,recording,-1.152497,-3.771556,9.203689,-0.042564,0.119553,0.012996
614889060.000,YZJ,non_handheld,desk_gripped_micro_move,recording,-1.196779,-3.845792,9.005766,-0.033272,0.139263,0.011938
614889070.000,YZJ,non_handheld,desk_gripped_micro_move,recording,-1.209773,-3.711542,8.745354,-0.057831,0.072595,-0.001269
614889080.000,YZJ,non_handheld,desk_gripped_micro_move,recording,-0.991871,-3.466884,8.651371,-0.110307,-0.069536,-0.043824
614889090.000,YZJ,non_handheld,desk_gripped_micro_move,recording,-0.845043,-3.707473,8.358646,-0.182843,-0.255008,-0.125653
614889100.000,YZJ,non_handheld,desk_gripped_micro_move,recording,-0.377389,-3.676222,8.557665,-0.247200,-0.386883,-0.246241
614889110.000,YZJ,non_handheld,desk_gripped_micro_move,recording,-0.571909,-3.788792,9.017438,-0.280606,-0.396249,-0.336586
614889120.000,YZJ,non_handheld,desk_gripped_micro_move,recording,-1.127348,-4.032670,9.061050,-0.283427,-0.336395,-0.364259
614889130.000,YZJ,non_handheld,desk_gripped_micro_move,recording,-2.066013,-4.000733,9.220519,-0.267235,-0.244902,-0.294994
614889140.000,YZJ,non_handheld,desk_gripped_micro_move,recording,-2.240960,-3.925415,9.121350,-0.250656,-0.174537,-0.192509
614889150.000,YZJ,non_handheld,desk_gripped_micro_move,recording,-1.250527,-3.990821,9.093395,-0.251279,-0.119092,-0.177560
614889160.000,YZJ,non_handheld,desk_gripped_micro_move,recording,-1.523194,-4.184254,8.864483,-0.253788,-0.109454,-0.109611
614889170.000,YZJ,non_handheld,desk_gripped_micro_move,recording,-1.354808,-4.098699,8.796765,-0.254286,-0.138742,-0.027020
614889180.000,YZJ,non_handheld,desk_gripped_micro_move,recording,-1.131418,-3.907450,8.736338,-0.265927,-0.214191,-0.000346
614889190.000,YZJ,non_handheld,desk_gripped_micro_move,recording,-0.559287,-3.851136,8.701884,-0.276520,-0.293215,-0.026482
614889200.000,YZJ,non_handheld,desk_gripped_micro_move,recording,-0.114894,-4.312910,8.454347,-0.295410,-0.385622,-0.086000
614889210.000,YZJ,non_handheld,desk_gripped_micro_move,recording,-0.705816,-4.256242,8.476800,-0.309767,-0.478979,-0.106487
614889220.000,YZJ,non_handheld,desk_gripped_micro_move,recording,-0.479510,-3.932387,8.821836,-0.302279,-0.516409,-0.131099
614889230.000,YZJ,non_handheld,desk_gripped_micro_move,recording,-0.694541,-4.241777,8.991782,-0.272389,-0.474284,-0.138624
614889240.000,YZJ,non_handheld,desk_gripped_micro_move,recording,-1.103099,-4.439420,9.115501,-0.223397,-0.357446,-0.106323
614889250.000,YZJ,non_handheld,desk_gripped_micro_move,recording,-0.743836,-4.505481,9.185013,-0.170556,-0.203027,-0.086864
614889260.000,YZJ,non_handheld,desk_gripped_micro_move,recording,-0.572183,-4.363987,9.205888,-0.114804,-0.062895,-0.061649
614889270.000,YZJ,non_handheld,desk_gripped_micro_move,recording,-0.553089,-4.447801,9.006047,-0.073609,0.011991,-0.025554
614889280.000,YZJ,non_handheld,desk_gripped_micro_move,recording,-0.625867,-4.372832,8.844789,-0.047412,0.041231,-0.001097
614889290.000,YZJ,non_handheld,desk_gripped_micro_move,recording,-0.633561,-4.330617,8.841573,-0.023844,0.060237,0.011708
614889300.000,YZJ,non_handheld,desk_gripped_micro_move,recording,-0.675079,-4.270316,8.737430,-0.005189,0.044689,0.021349
614889310.000,YZJ,non_handheld,desk_gripped_micro_move,recording,-0.614051,-4.062504,8.716414,0.001111,-0.008577,0.024302
614889320.000,YZJ,non_handheld,desk_gripped_micro_move,recording,-0.655953,-4.236065,8.619628,-0.018903,-0.069056,0.012635
614889330.000,YZJ,non_handheld,desk_gripped_micro_move,recording,-0.670519,-4.279999,8.749353,-0.039301,-0.095296,-0.000033
614889340.000,YZJ,non_handheld,desk_gripped_micro_move,recording,-0.663100,-4.176504,8.922592,-0.045041,-0.085531,-0.006333
614889350.000,YZJ,non_handheld,desk_gripped_micro_move,recording,-0.726273,-4.302375,8.758124,-0.053632,-0.084859,-0.009881
614889360.000,YZJ,non_handheld,desk_gripped_micro_move,recording,-0.704606,-4.274713,8.844810,-0.059228,-0.071747,-0.015270
614889370.000,YZJ,non_handheld,desk_gripped_micro_move,recording,-0.713445,-4.335352,8.978651,-0.053878,-0.017569,-0.015220
614889380.000,YZJ,non_handheld,desk_gripped_micro_move,recording,-0.627803,-4.456590,8.983211,-0.043918,0.046408,-0.012599
614889390.000,YZJ,non_handheld,desk_gripped_micro_move,recording,-0.632004,-4.266701,8.900273,-0.030203,0.071904,-0.000648
614889400.000,YZJ,non_handheld,desk_gripped_micro_move,recording,-0.647589,-4.288399,8.711610,-0.025750,0.047411,0.007950
614889410.000,YZJ,non_handheld,desk_gripped_micro_move,recording,-0.654505,-4.316604,8.667862,-0.030710,0.009894,0.009921
614889420.000,YZJ,non_handheld,desk_gripped_micro_move,recording,-0.690870,-4.358236,8.796410,-0.031681,0.014170,0.005192
614889430.000,YZJ,non_handheld,desk_gripped_micro_move,recording,-0.649591,-4.433855,8.810041,-0.030386,0.033454,0.009166
614889440.000,YZJ,non_handheld,desk_gripped_micro_move,recording,-0.619961,-4.399996,8.862341,-0.032284,0.056997,0.015071
614889450.000,YZJ,non_handheld,desk_gripped_micro_move,recording,-0.662493,-4.323537,8.777421,-0.041632,0.050631,0.016332
614889460.000,YZJ,non_handheld,desk_gripped_micro_move,recording,-0.695962,-4.296554,8.755335,-0.047712,0.041029,0.011739
614889470.000,YZJ,non_handheld,desk_gripped_micro_move,recording,-0.678447,-4.326895,8.809249,-0.044014,0.048588,0.008912
614889480.000,YZJ,non_handheld,desk_gripped_micro_move,recording,-0.666217,-4.361295,8.799616,-0.030606,0.061477,0.015756
614889490.000,YZJ,non_handheld,desk_gripped_micro_move,recording,-0.669087,-4.362655,8.801454,-0.015970,0.080591,0.022963
614889500.000,YZJ,non_handheld,desk_gripped_micro_move,recording,-0.694326,-4.341291,8.879231,-0.004868,0.107943,0.024789
614889510.000,YZJ,non_handheld,desk_gripped_micro_move,recording,-0.695028,-4.352332,8.859165,0.009536,0.138734,0.025774
614889520.000,YZJ,non_handheld,desk_gripped_micro_move,recording,-0.708034,-4.364108,8.880621,0.031496,0.180582,0.031719
614889530.000,YZJ,non_handheld,desk_gripped_micro_move,recording,-0.737672,-4.386506,8.864408,0.052322,0.212484,0.044673
614889540.000,YZJ,non_handheld,desk_gripped_micro_move,recording,-0.721683,-4.340838,8.889533,0.070110,0.255647,0.047437
614889550.000,YZJ,non_handheld,desk_gripped_micro_move,recording,-0.733958,-4.338093,8.919624,0.083991,0.295079,0.045622
614889560.000,YZJ,non_handheld,desk_gripped_micro_move,recording,-0.800136,-4.297924,8.810438,0.088084,0.306260,0.047200
614889570.000,YZJ,non_handheld,desk_gripped_micro_move,recording,-0.844081,-4.192419,8.778634,0.090226,0.293101,0.041151
614889580.000,YZJ,non_handheld,desk_gripped_micro_move,recording,-0.826253,-4.017960,8.701536,0.090057,0.240619,0.030009
614889590.000,YZJ,non_handheld,desk_gripped_micro_move,recording,-0.868107,-4.079618,8.570808,0.076499,0.149635,0.010283
614889600.000,YZJ,non_handheld,desk_gripped_micro_move,recording,-0.734311,-4.031919,8.590355,0.067218,0.074331,-0.017241
614889610.000,YZJ,non_handheld,desk_gripped_micro_move,recording,-0.590606,-4.056518,8.854439,0.068637,0.068808,-0.064691
614889620.000,YZJ,non_handheld,desk_gripped_micro_move,recording,-0.701993,-4.440025,8.625829,0.059971,0.044024,-0.107686
614889630.000,YZJ,non_handheld,desk_gripped_micro_move,recording,-1.084808,-4.050007,8.671761,0.048136,0.001142,-0.116783
614889640.000,YZJ,non_handheld,desk_gripped_micro_move,recording,-1.544549,-4.322639,8.688976,0.038855,-0.026852,-0.092920
614889650.000,YZJ,non_handheld,desk_gripped_micro_move,recording,-1.251893,-4.461094,8.724738,0.027629,-0.021249,-0.081118
614889660.000,YZJ,non_handheld,desk_gripped_micro_move,recording,-1.074546,-4.365247,8.875475,0.015940,0.009440,-0.059847
614889670.000,YZJ,non_handheld,desk_gripped_micro_move,recording,-0.996330,-4.412472,8.836790,-0.002272,0.020232,-0.034571
614889680.000,YZJ,non_handheld,desk_gripped_micro_move,recording,-0.712616,-4.567496,8.689243,-0.026875,0.015193,-0.033278
614889690.000,YZJ,non_handheld,desk_gripped_micro_move,recording,-0.867794,-4.285068,8.823022,-0.046249,0.016264,-0.025162
614889700.000,YZJ,non_handheld,desk_gripped_micro_move,recording,-0.891028,-4.342046,8.685206,-0.069644,-0.016066,-0.015891
614889710.000,YZJ,non_handheld,desk_gripped_micro_move,recording,-0.857939,-4.231254,8.646967,-0.096799,-0.070990,-0.016544
614889720.000,YZJ,non_handheld,desk_gripped_micro_move,recording,-0.839813,-4.189773,8.663308,-0.120420,-0.126561,-0.021267
614889730.000,YZJ,non_handheld,desk_gripped_micro_move,recording,-0.885902,-4.254644,8.727834,-0.124301,-0.147593,-0.025330
614889740.000,YZJ,non_handheld,desk_gripped_micro_move,recording,-0.798212,-4.259440,8.835005,-0.101326,-0.129627,-0.034588
614889750.000,YZJ,non_handheld,desk_gripped_micro_move,recording,-0.677361,-4.149600,9.014122,-0.060839,-0.073294,-0.047421
614889760.000,YZJ,non_handheld,desk_gripped_micro_move,recording,-0.930976,-4.455116,8.786027,-0.042751,-0.042833,-0.042603
614889770.000,YZJ,non_handheld,desk_gripped_micro_move,recording,-0.835066,-4.320037,8.639108,-0.058088,-0.072650,-0.037517
614889780.000,YZJ,non_handheld,desk_gripped_micro_move,recording,-0.862701,-4.335593,8.633332,-0.087760,-0.121441,-0.036594
614889790.000,YZJ,non_handheld,desk_gripped_micro_move,recording,-0.891267,-4.386298,8.593063,-0.110431,-0.174130,-0.033720
614889800.000,YZJ,non_handheld,desk_gripped_micro_move,recording,-0.878956,-4.343987,8.641252,-0.134969,-0.219591,-0.034911
614889810.000,YZJ,non_handheld,desk_gripped_micro_move,recording,-0.807568,-4.316582,8.567140,-0.171545,-0.286666,-0.041830
614889820.000,YZJ,non_handheld,desk_gripped_micro_move,recording,-0.794794,-4.321082,8.603110,-0.209352,-0.353954,-0.051012
614889830.000,YZJ,non_handheld,desk_gripped_micro_move,recording,-0.740470,-4.337207,8.655807,-0.234721,-0.394264,-0.064072
614889840.000,YZJ,non_handheld,desk_gripped_micro_move,recording,-0.716226,-4.358198,8.656347,-0.248176,-0.423403,-0.077347
614889850.000,YZJ,non_handheld,desk_gripped_micro_move,recording,-0.648073,-4.418158,8.691878,-0.249979,-0.434358,-0.086322
614889860.000,YZJ,non_handheld,desk_gripped_micro_move,recording,-0.568410,-4.490127,8.833776,-0.233032,-0.403274,-0.082261
614889870.000,YZJ,non_handheld,desk_gripped_micro_move,recording,-0.439820,-4.712823,10.077653,-0.142148,-0.012517,-0.053046
614889880.000,YZJ,non_handheld,desk_gripped_micro_move,recording,-0.357163,-4.536204,8.073568,-0.104341,-0.033066,-0.018518
614889890.000,YZJ,non_handheld,desk_gripped_micro_move,recording,-0.572374,-4.564842,9.079356,-0.105422,-0.061685,-0.002974
614889900.000,YZJ,non_handheld,desk_gripped_micro_move,recording,-0.506738,-4.421103,8.604407,-0.103195,-0.085822,0.012045
614889910.000,YZJ,non_handheld,desk_gripped_micro_move,recording,-0.278588,-4.388194,8.642301,-0.103878,-0.177698,-0.006713
614889920.000,YZJ,non_handheld,desk_gripped_micro_move,recording,-0.040038,-4.408871,8.673675,-0.115288,-0.333653,-0.066614
614889930.000,YZJ,non_handheld,desk_gripped_micro_move,recording,0.004595,-4.442288,8.652562,-0.128275,-0.404843,-0.123289
614889940.000,YZJ,non_handheld,desk_gripped_micro_move,recording,0.170110,-4.656936,8.709410,-0.131522,-0.382454,-0.172053
614889950.000,YZJ,non_handheld,desk_gripped_micro_move,recording,0.027628,-4.583252,8.675251,-0.110785,-0.379469,-0.206539
614889960.000,YZJ,non_handheld,desk_gripped_micro_move,recording,-0.306712,-4.499652,8.720920,-0.085499,-0.379497,-0.207428
614889970.000,YZJ,non_handheld,desk_gripped_micro_move,recording,-0.693125,-4.826632,8.518467,-0.081573,-0.386702,-0.168521
614889980.000,YZJ,non_handheld,desk_gripped_micro_move,recording,-0.804085,-4.744698,8.675100,-0.086431,-0.334634,-0.119365
614889990.000,YZJ,non_handheld,desk_gripped_micro_move,recording,-0.928223,-4.602551,8.747887,-0.079390,-0.251647,-0.047554
614890000.000,YZJ,non_handheld,desk_gripped_micro_move,recording,-0.901337,-4.647390,8.721272,-0.058910,-0.167064,0.026513
614890010.000,YZJ,non_handheld,desk_gripped_micro_move,recording,-0.395578,-4.687272,8.654251,-0.042723,-0.105490,0.052285
614890020.000,YZJ,non_handheld,desk_gripped_micro_move,recording,-0.128540,-4.595397,8.691189,-0.027348,-0.082189,0.054184
614890030.000,YZJ,non_handheld,desk_gripped_micro_move,recording,-0.163371,-4.597301,8.666187,-0.019481,-0.090792,0.060988
614890040.000,YZJ,non_handheld,desk_gripped_micro_move,recording,-0.080894,-4.561629,8.699783,-0.016005,-0.091252,0.059202
614890050.000,YZJ,non_handheld,desk_gripped_micro_move,recording,-0.097546,-4.604817,8.633137,-0.015780,-0.107750,0.050653
614890060.000,YZJ,non_handheld,desk_gripped_micro_move,recording,-0.161095,-4.679357,8.642988,-0.021266,-0.109016,0.041053
614890070.000,YZJ,non_handheld,desk_gripped_micro_move,recording,-0.179497,-4.601450,8.676015,-0.029387,-0.107279,0.027350
614890080.000,YZJ,non_handheld,desk_gripped_micro_move,recording,-0.244420,-4.641003,8.646509,-0.037138,-0.110754,0.023134
614890090.000,YZJ,non_handheld,desk_gripped_micro_move,recording,-0.240387,-4.621521,8.667632,-0.039964,-0.108333,0.018425
614890100.000,YZJ,non_handheld,desk_gripped_micro_move,recording,-0.164157,-4.624181,8.674956,-0.040984,-0.101496,0.013698
614890110.000,YZJ,non_handheld,desk_gripped_micro_move,recording,-0.179111,-4.627663,8.671472,-0.041666,-0.090030,0.010739
614890120.000,YZJ,non_handheld,desk_gripped_micro_move,recording,-0.146060,-4.634744,8.673461,-0.040584,-0.072930,0.006939
614890130.000,YZJ,non_handheld,desk_gripped_micro_move,recording,-0.170893,-4.646624,8.655643,-0.040809,-0.047465,0.006838
614890140.000,YZJ,non_handheld,desk_gripped_micro_move,recording,-0.135285,-4.667441,8.660253,-0.041933,-0.030599,0.008582
614890150.000,YZJ,non_handheld,desk_gripped_micro_move,recording,-0.111027,-4.653751,8.649088,-0.039187,-0.020831,0.011147
614890160.000,YZJ,non_handheld,desk_gripped_micro_move,recording,-0.104698,-4.667631,8.638731,-0.033412,-0.015032,0.012654
614890170.000,YZJ,non_handheld,desk_gripped_micro_move,recording,-0.112675,-4.649368,8.644124,-0.030179,-0.024249,0.015943
614890180.000,YZJ,non_handheld,desk_gripped_micro_move,recording,-0.109608,-4.636259,8.658420,-0.023989,-0.029626,0.018414
614890190.000,YZJ,non_handheld,desk_gripped_micro_move,recording,-0.070699,-4.622518,8.681265,-0.014835,-0.018889,0.018601
614890200.000,YZJ,non_handheld,desk_gripped_micro_move,recording,-0.112532,-4.648028,8.636719,-0.007411,-0.035872,0.024153
614890210.000,YZJ,non_handheld,desk_gripped_micro_move,recording,-0.104477,-4.670006,8.638874,-0.014633,-0.037882,0.024125
614890220.000,YZJ,non_handheld,desk_gripped_micro_move,recording,-0.110989,-4.661441,8.650572,-0.017731,-0.032945,0.018407
614890230.000,YZJ,non_handheld,desk_gripped_micro_move,recording,-0.097286,-4.638812,8.643124,-0.013444,-0.019297,0.018171
614890240.000,YZJ,non_handheld,desk_gripped_micro_move,recording,-0.059484,-4.629319,8.697403,-0.001898,0.028958,0.017080
614890250.000,YZJ,non_handheld,desk_gripped_micro_move,recording,-0.076918,-4.606150,8.715876,0.022207,0.103831,0.020264
614890260.000,YZJ,non_handheld,desk_gripped_micro_move,recording,-0.148272,-4.575924,8.705028,0.050263,0.152615,0.028054
614890270.000,YZJ,non_handheld,desk_gripped_micro_move,recording,-0.252087,-4.532851,8.710657,0.077619,0.154620,0.044207
614890280.000,YZJ,non_handheld,desk_gripped_micro_move,recording,-0.159848,-4.612523,8.685312,0.096002,0.152700,0.051396
614890290.000,YZJ,non_handheld,desk_gripped_micro_move,recording,-0.113541,-4.669557,8.597137,0.104076,0.140651,0.052575
614890300.000,YZJ,non_handheld,desk_gripped_micro_move,recording,-0.104838,-4.537795,8.712707,0.115926,0.120348,0.055824
614890310.000,YZJ,non_handheld,desk_gripped_micro_move,recording,-0.112250,-4.531218,8.652488,0.136032,0.121345,0.057946
614890320.000,YZJ,non_handheld,desk_gripped_micro_move,recording,-0.247711,-4.840553,8.684670,0.152955,0.119369,0.062029
614890330.000,YZJ,non_handheld,desk_gripped_micro_move,recording,-0.047473,-4.418983,8.644301,0.159469,0.128846,0.049818
614890340.000,YZJ,non_handheld,desk_gripped_micro_move,recording,-0.281565,-4.542388,8.685585,0.159696,0.126731,0.044920
614890350.000,YZJ,non_handheld,desk_gripped_micro_move,recording,-0.380954,-4.493560,8.705719,0.158085,0.088081,0.044568
614890360.000,YZJ,non_handheld,desk_gripped_micro_move,recording,-0.300237,-4.502460,8.695113,0.154222,0.055980,0.032578
614890370.000,YZJ,non_handheld,desk_gripped_micro_move,recording,-0.395926,-4.746743,8.586569,0.136002,0.025419,0.025611
614890380.000,YZJ,non_handheld,desk_gripped_micro_move,recording,-0.324758,-4.469715,8.759860,0.118562,0.026239,0.022835
614890390.000,YZJ,non_handheld,desk_gripped_micro_move,recording,-0.416387,-4.636379,8.632556,0.100742,0.011476,0.028159
614890400.000,YZJ,non_handheld,desk_gripped_micro_move,recording,-0.379998,-4.541763,8.667933,0.082070,-0.005212,0.036982
614890410.000,YZJ,non_handheld,desk_gripped_micro_move,recording,-0.373198,-4.451611,8.739740,0.066507,-0.018710,0.042873
614890420.000,YZJ,non_handheld,desk_gripped_micro_move,recording,-0.154398,-4.979879,8.473240,0.038941,-0.035758,0.023092
614890430.000,YZJ,non_handheld,desk_gripped_micro_move,recording,-0.176839,-4.580666,8.713634,0.027773,-0.034939,0.015923
614890440.000,YZJ,non_handheld,desk_gripped_micro_move,recording,-0.218888,-4.470700,8.762814,0.031391,-0.004085,0.014898
614890450.000,YZJ,non_handheld,desk_gripped_micro_move,recording,-0.295029,-4.531744,8.717066,0.040573,0.004698,0.010366
614890460.000,YZJ,non_handheld,desk_gripped_micro_move,recording,-0.292901,-4.534840,8.700499,0.040962,0.004431,0.004278
614890470.000,YZJ,non_handheld,desk_gripped_micro_move,recording,-0.280817,-4.491227,8.719962,0.042953,0.005872,-0.000613
614890480.000,YZJ,non_handheld,desk_gripped_micro_move,recording,-0.293522,-4.484831,8.735228,0.046994,0.003871,-0.001285
614890490.000,YZJ,non_handheld,desk_gripped_micro_move,recording,-0.297998,-4.483324,8.712685,0.050429,-0.011672,0.002813
614890500.000,YZJ,non_handheld,desk_gripped_micro_move,recording,-0.264388,-4.481136,8.728064,0.059190,-0.002910,0.000816
614890510.000,YZJ,non_handheld,desk_gripped_micro_move,recording,-0.259119,-4.479437,8.760196,0.072680,0.014658,-0.000636
614890520.000,YZJ,non_handheld,desk_gripped_micro_move,recording,-0.259884,-4.472467,8.746873,0.081537,0.030815,-0.001217
614890530.000,YZJ,non_handheld,desk_gripped_micro_move,recording,-0.271677,-4.456457,8.738671,0.086947,0.039203,0.002080
614890540.000,YZJ,non_handheld,desk_gripped_micro_move,recording,-0.278808,-4.442471,8.740836,0.088882,0.045806,-0.001420
614890550.000,YZJ,non_handheld,desk_gripped_micro_move,recording,-0.320600,-4.416640,8.754836,0.084256,0.034996,-0.008321
614890560.000,YZJ,non_handheld,desk_gripped_micro_move,recording,-0.330859,-4.409567,8.753619,0.072483,0.010302,-0.015962
614890570.000,YZJ,non_handheld,desk_gripped_micro_move,recording,-0.329477,-4.379628,8.767353,0.047867,-0.011149,-0.023392
614890580.000,YZJ,non_handheld,desk_gripped_micro_move,recording,-0.307759,-4.374988,8.763218,0.021864,-0.033076,-0.029792
614890590.000,YZJ,non_handheld,desk_gripped_micro_move,recording,-0.315705,-4.410591,8.762573,0.005542,-0.056023,-0.033201
614890600.000,YZJ,non_handheld,desk_gripped_micro_move,recording,-0.288621,-4.390116,8.772740,-0.005818,-0.063615,-0.039067
614890610.000,YZJ,non_handheld,desk_gripped_micro_move,recording,-0.278032,-4.420800,8.762494,-0.006002,-0.060628,-0.040858
614890620.000,YZJ,non_handheld,desk_gripped_micro_move,recording,-0.199705,-4.431176,8.788833,0.001337,-0.014208,-0.041518
614890630.000,YZJ,non_handheld,desk_gripped_micro_move,recording,-0.202968,-4.444077,8.816848,0.009858,0.027862,-0.033232
614890640.000,YZJ,non_handheld,desk_gripped_micro_move,recording,-0.293899,-4.442080,8.749417,0.014318,0.034588,-0.013521
614890650.000,YZJ,non_handheld,desk_gripped_micro_move,recording,-0.283647,-4.407842,8.774682,0.013658,0.028473,-0.003611
614890660.000,YZJ,non_handheld,desk_gripped_micro_move,recording,-0.249821,-4.405412,8.738500,0.015411,0.003889,-0.000446
614890670.000,YZJ,non_handheld,desk_gripped_micro_move,recording,-0.273883,-4.391941,8.778746,0.019108,-0.003961,0.001387
614890680.000,YZJ,non_handheld,desk_gripped_micro_move,recording,-0.259697,-4.373657,8.799412,0.019912,0.003431,0.004169
614890690.000,YZJ,non_handheld,desk_gripped_micro_move,recording,-0.258484,-4.380452,8.787224,0.017630,0.008289,0.005520
614890700.000,YZJ,non_handheld,desk_gripped_micro_move,recording,-0.281138,-4.379848,8.770438,0.013756,-0.016068,0.006066
614890710.000,YZJ,non_handheld,desk_gripped_micro_move,recording,-0.306218,-4.377872,8.767046,0.005875,-0.040775,-0.002552
614890720.000,YZJ,non_handheld,desk_gripped_micro_move,recording,-0.293404,-4.403743,8.776254,-0.001968,-0.045209,-0.011729
614890730.000,YZJ,non_handheld,desk_gripped_micro_move,recording,-0.272112,-4.459108,8.748663,-0.009286,-0.034989,-0.017148
614890740.000,YZJ,non_handheld,desk_gripped_micro_move,recording,-0.232324,-4.439727,8.773096,-0.016485,-0.016011,-0.018719
614890750.000,YZJ,non_handheld,desk_gripped_micro_move,recording,-0.251265,-4.437465,8.757510,-0.017463,-0.012164,-0.013524
614890760.000,YZJ,non_handheld,desk_gripped_micro_move,recording,-0.267128,-4.450218,8.753143,-0.016016,-0.017277,-0.004234
614890770.000,YZJ,non_handheld,desk_gripped_micro_move,recording,-0.289278,-4.433555,8.777809,-0.016496,-0.001671,0.001232
614890780.000,YZJ,non_handheld,desk_gripped_micro_move,recording,-0.290698,-4.408335,8.746648,-0.018741,-0.009251,0.004284
614890790.000,YZJ,non_handheld,desk_gripped_micro_move,recording,-0.266598,-4.375067,8.774921,-0.029871,-0.021534,0.005890
614890800.000,YZJ,non_handheld,desk_gripped_micro_move,recording,-0.265679,-4.385001,8.788418,-0.043110,-0.031720,0.009609
614890810.000,YZJ,non_handheld,desk_gripped_micro_move,recording,-0.235002,-4.444249,8.753729,-0.050910,-0.033214,0.012930
614890820.000,YZJ,non_handheld,desk_gripped_micro_move,recording,-0.210000,-4.457594,8.767866,-0.053194,-0.022895,0.011709
614890830.000,YZJ,non_handheld,desk_gripped_micro_move,recording,-0.255717,-4.456400,8.726816,-0.049766,-0.029549,0.015769
614890840.000,YZJ,non_handheld,desk_gripped_micro_move,recording,-0.242053,-4.457347,8.748882,-0.048115,-0.024766,0.021823
614890850.000,YZJ,non_handheld,desk_gripped_micro_move,recording,-0.212655,-4.458167,8.767880,-0.048512,-0.004443,0.025125
614890860.000,YZJ,non_handheld,desk_gripped_micro_move,recording,-0.191226,-4.455451,8.780755,-0.040878,0.029300,0.026428
614890870.000,YZJ,non_handheld,desk_gripped_micro_move,recording,-0.157490,-4.441864,8.754099,-0.028901,0.056634,0.024185
614890880.000,YZJ,non_handheld,desk_gripped_micro_move,recording,-0.227019,-4.463003,8.737104,-0.023762,0.042781,0.026839
614890890.000,YZJ,non_handheld,desk_gripped_micro_move,recording,-0.266118,-4.452457,8.734323,-0.024601,0.019880,0.029517
614890900.000,YZJ,non_handheld,desk_gripped_micro_move,recording,-0.311018,-4.456015,8.700317,-0.018948,0.002795,0.035835
614890910.000,YZJ,non_handheld,desk_gripped_micro_move,recording,-0.313795,-4.473679,8.733331,-0.011864,0.000373,0.036404
614890920.000,YZJ,non_handheld,desk_gripped_micro_move,recording,-0.314494,-4.492634,8.723182,-0.005517,-0.002444,0.036556
614890930.000,YZJ,non_handheld,desk_gripped_micro_move,recording,-0.314210,-4.497161,8.737360,-0.000937,0.005050,0.037288
614890940.000,YZJ,non_handheld,desk_gripped_micro_move,recording,-0.270282,-4.455424,8.732314,-0.000981,0.003876,0.035161
614890950.000,YZJ,non_handheld,desk_gripped_micro_move,recording,-0.176458,-4.434567,8.723604,-0.001033,-0.014923,0.023252
614890960.000,YZJ,non_handheld,desk_gripped_micro_move,recording,-0.238119,-4.421944,8.757682,-0.005469,-0.035796,0.008214
614890970.000,YZJ,non_handheld,desk_gripped_micro_move,recording,-0.247414,-4.423363,8.739623,-0.015581,-0.055499,-0.001948
614890980.000,YZJ,non_handheld,desk_gripped_micro_move,recording,-0.284141,-4.433864,8.719878,-0.028112,-0.083087,-0.008482
614890990.000,YZJ,non_handheld,desk_gripped_micro_move,recording,-0.272126,-4.459812,8.750223,-0.040215,-0.090578,-0.012494
614891000.000,YZJ,non_handheld,desk_gripped_micro_move,recording,-0.254039,-4.487446,8.757607,-0.046589,-0.068796,-0.012238
614891010.000,YZJ,non_handheld,desk_gripped_micro_move,recording,-0.278961,-4.523701,8.721871,-0.047709,-0.040333,-0.002127
614891020.000,YZJ,non_handheld,desk_gripped_micro_move,recording,-0.288950,-4.580332,8.694462,-0.048172,-0.036426,0.021200
614891030.000,YZJ,non_handheld,desk_gripped_micro_move,recording,-0.189545,-4.530709,8.757462,-0.057924,-0.003479,0.035559
614891040.000,YZJ,non_handheld,desk_gripped_micro_move,recording,-0.251735,-4.537443,8.727887,-0.070013,0.019461,0.038257
614891050.000,YZJ,non_handheld,desk_gripped_micro_move,recording,-0.215146,-4.567981,8.696767,-0.090702,0.042927,0.032218
614891060.000,YZJ,non_handheld,desk_gripped_micro_move,recording,-0.244420,-4.503843,8.699476,-0.108474,0.035259,0.023548
614891070.000,YZJ,non_handheld,desk_gripped_micro_move,recording,-0.330484,-4.428010,8.753452,-0.116846,0.000310,0.008253
614891080.000,YZJ,non_handheld,desk_gripped_micro_move,recording,-0.430756,-4.463744,8.686087,-0.127958,-0.050161,0.004027
614891090.000,YZJ,non_handheld,desk_gripped_micro_move,recording,-0.307534,-4.405568,8.765128,-0.136255,-0.074535,-0.001080
614891100.000,YZJ,non_handheld,desk_gripped_micro_move,recording,-0.104830,-4.454694,8.768977,-0.136201,-0.078676,-0.008231
614891110.000,YZJ,non_handheld,desk_gripped_micro_move,recording,-0.212713,-4.554616,8.673547,-0.127304,-0.081564,-0.003718
614891120.000,YZJ,non_handheld,desk_gripped_micro_move,recording,-0.121896,-4.542345,8.698345,-0.108009,-0.063607,0.006673
614891130.000,YZJ,non_handheld,desk_gripped_micro_move,recording,-0.172380,-4.588697,8.733261,-0.088536,-0.030530,0.021051
614891140.000,YZJ,non_handheld,desk_gripped_micro_move,recording,-0.209257,-4.580100,8.699952,-0.078144,-0.004794,0.030778
614891150.000,YZJ,non_handheld,desk_gripped_micro_move,recording,-0.170198,-4.591023,8.691317,-0.074353,0.002719,0.035061
614891160.000,YZJ,non_handheld,desk_gripped_micro_move,recording,-0.199963,-4.593189,8.688400,-0.074339,0.018463,0.039498
614891170.000,YZJ,non_handheld,desk_gripped_micro_move,recording,-0.262241,-4.601665,8.673943,-0.070772,0.025681,0.045197
614891180.000,YZJ,non_handheld,desk_gripped_micro_move,recording,-0.316221,-4.610076,8.689139,-0.070112,0.040133,0.059886
614891190.000,YZJ,non_handheld,desk_gripped_micro_move,recording,-0.296591,-4.600983,8.662906,-0.074504,0.030650,0.071342
614891200.000,YZJ,non_handheld,desk_gripped_micro_move,recording,-0.247946,-4.607916,8.637712,-0.087327,-0.004024,0.068948
614891210.000,YZJ,non_handheld,desk_gripped_micro_move,recording,-0.191632,-4.589341,8.666523,-0.106291,-0.045285,0.057153
614891220.000,YZJ,non_handheld,desk_gripped_micro_move,recording,-0.170784,-4.607798,8.606404,-0.126045,-0.095879,0.036710
614891230.000,YZJ,non_handheld,desk_gripped_micro_move,recording,-0.128537,-4.638731,8.633566,-0.131142,-0.104878,0.021678
614891240.000,YZJ,non_handheld,desk_gripped_micro_move,recording,-0.215511,-4.693766,8.636163,-0.121067,-0.075600,0.022467
614891250.000,YZJ,non_handheld,desk_gripped_micro_move,recording,-0.301794,-4.704031,8.651034,-0.113816,-0.053405,0.025795
614891260.000,YZJ,non_handheld,desk_gripped_micro_move,recording,-0.198028,-4.663461,8.660336,-0.117123,-0.034901,0.027077
614891270.000,YZJ,non_handheld,desk_gripped_micro_move,recording,-0.247512,-4.710238,8.613563,-0.122736,-0.021427,0.031998
614891280.000,YZJ,non_handheld,desk_gripped_micro_move,recording,-0.310239,-4.698046,8.638609,-0.127161,-0.000119,0.047069
614891290.000,YZJ,non_handheld,desk_gripped_micro_move,recording,-0.334569,-4.687935,8.648787,-0.125300,0.013468,0.065815
614891300.000,YZJ,non_handheld,desk_gripped_micro_move,recording,-0.248047,-4.688693,8.639132,-0.116316,0.038447,0.070559
614891310.000,YZJ,non_handheld,desk_gripped_micro_move,recording,-0.109482,-4.700113,8.630107,-0.102919,0.069434,0.065344
614891320.000,YZJ,non_handheld,desk_gripped_micro_move,recording,-0.225567,-4.710256,8.593464,-0.081476,0.064781,0.069485
614891330.000,YZJ,non_handheld,desk_gripped_micro_move,recording,-0.095234,-4.708623,8.608675,-0.062257,0.069791,0.064223
614891340.000,YZJ,non_handheld,desk_gripped_micro_move,recording,-0.136380,-4.721554,8.584721,-0.044087,0.073416,0.056703
614891350.000,YZJ,non_handheld,desk_gripped_micro_move,recording,-0.276854,-4.740731,8.605479,-0.023167,0.075963,0.051168
614891360.000,YZJ,non_handheld,desk_gripped_micro_move,recording,-0.373743,-4.902298,8.497902,-0.019755,0.065678,0.045989
614891370.000,YZJ,non_handheld,desk_gripped_micro_move,recording,-0.283315,-4.738678,8.582866,-0.031499,0.035952,0.042407
614891380.000,YZJ,non_handheld,desk_gripped_micro_move,recording,-0.339356,-4.899771,8.484870,-0.048162,-0.002669,0.051839
614891390.000,YZJ,non_handheld,desk_gripped_micro_move,recording,-0.249297,-4.809011,8.571229,-0.064427,-0.001316,0.052360
614891400.000,YZJ,non_handheld,desk_gripped_micro_move,recording,-0.290349,-4.737952,8.604485,-0.065153,-0.000273,0.048827
614891410.000,YZJ,non_handheld,desk_gripped_micro_move,recording,-0.342610,-4.765095,8.597889,-0.059931,-0.006264,0.045443
614891420.000,YZJ,non_handheld,desk_gripped_micro_move,recording,-0.299758,-4.732035,8.585167,-0.054242,-0.006009,0.027004
614891430.000,YZJ,non_handheld,desk_gripped_micro_move,recording,-0.349020,-4.737705,8.547536,-0.045486,-0.017647,0.012503
614891440.000,YZJ,non_handheld,desk_gripped_micro_move,recording,-0.444667,-4.771549,8.586580,-0.031661,-0.009311,0.021137
614891450.000,YZJ,non_handheld,desk_gripped_micro_move,recording,-0.459659,-4.785625,8.570617,-0.019231,-0.007451,0.043877
614891460.000,YZJ,non_handheld,desk_gripped_micro_move,recording,-0.267768,-4.782213,8.589487,-0.012166,0.002929,0.044530
614891470.000,YZJ,non_handheld,desk_gripped_micro_move,recording,-0.233272,-4.856203,8.532305,-0.004173,-0.002532,0.049104
614891480.000,YZJ,non_handheld,desk_gripped_micro_move,recording,-0.223929,-4.855225,8.546688,-0.004348,0.020287,0.045861
614891490.000,YZJ,non_handheld,desk_gripped_micro_move,recording,-0.357855,-4.824745,8.567825,-0.016838,0.027864,0.050869
614891500.000,YZJ,non_handheld,desk_gripped_micro_move,recording,-0.420513,-4.746866,8.550684,-0.034950,-0.022891,0.061756
614891510.000,YZJ,non_handheld,desk_gripped_micro_move,recording,-0.327309,-4.759853,8.548914,-0.055298,-0.063702,0.061200
614891520.000,YZJ,non_handheld,desk_gripped_micro_move,recording,-0.320113,-4.781339,8.589554,-0.070513,-0.062371,0.058379
614891530.000,YZJ,non_handheld,desk_gripped_micro_move,recording,-0.282421,-4.817376,8.582813,-0.080349,-0.050314,0.056282
614891540.000,YZJ,non_handheld,desk_gripped_micro_move,recording,-0.137669,-4.804359,8.556757,-0.088261,-0.046692,0.038958
614891550.000,YZJ,non_handheld,desk_gripped_micro_move,recording,-0.089220,-4.816635,8.536841,-0.095374,-0.054337,0.015352
614891560.000,YZJ,non_handheld,desk_gripped_micro_move,recording,-0.213488,-4.856735,8.534496,-0.093587,-0.042543,0.009291
614891570.000,YZJ,non_handheld,desk_gripped_micro_move,recording,-0.429423,-4.859399,8.552068,-0.097566,-0.028246,0.013631
614891580.000,YZJ,non_handheld,desk_gripped_micro_move,recording,-0.470401,-4.869829,8.487552,-0.106984,-0.057195,0.024923
614891590.000,YZJ,non_handheld,desk_gripped_micro_move,recording,-0.350034,-4.873982,8.520202,-0.115582,-0.076879,0.033004
614891600.000,YZJ,non_handheld,desk_gripped_micro_move,recording,-0.277009,-4.889620,8.506047,-0.114449,-0.076829,0.036013
614891610.000,YZJ,non_handheld,desk_gripped_micro_move,recording,-0.207906,-4.897365,8.498697,-0.106413,-0.080016,0.041194
614891620.000,YZJ,non_handheld,desk_gripped_micro_move,recording,-0.148956,-4.855562,8.552634,-0.101146,-0.053973,0.031061
614891630.000,YZJ,non_handheld,desk_gripped_micro_move,recording,-0.124484,-4.847002,8.528408,-0.094784,-0.045628,0.013301
614891640.000,YZJ,non_handheld,desk_gripped_micro_move,recording,-0.207119,-4.882126,8.504793,-0.084105,-0.043231,0.000781
614891650.000,YZJ,non_handheld,desk_gripped_micro_move,recording,-0.241849,-4.900771,8.480900,-0.075186,-0.042414,-0.004982
614891660.000,YZJ,non_handheld,desk_gripped_micro_move,recording,-0.267814,-4.933241,8.509590,-0.062850,-0.036802,-0.007462
614891670.000,YZJ,non_handheld,desk_gripped_micro_move,recording,-0.242934,-4.945348,8.484949,-0.042764,-0.021235,-0.003466
614891680.000,YZJ,non_handheld,desk_gripped_micro_move,recording,-0.229341,-4.946386,8.495673,-0.022437,-0.000103,0.003417
614891690.000,YZJ,non_handheld,desk_gripped_micro_move,recording,-0.238286,-4.945356,8.492239,-0.006844,0.015546,0.003691
614891700.000,YZJ,non_handheld,desk_gripped_micro_move,recording,-0.264753,-4.924109,8.475922,0.006770,0.013205,0.001520
614891710.000,YZJ,non_handheld,desk_gripped_micro_move,recording,-0.318533,-4.914813,8.479314,0.017659,0.000894,0.001864
614891720.000,YZJ,non_handheld,desk_gripped_micro_move,recording,-0.331920,-4.907890,8.469115,0.022781,-0.027867,0.003693
614891730.000,YZJ,non_handheld,desk_gripped_micro_move,recording,-0.302242,-4.919555,8.450129,0.024670,-0.081520,0.003916
614891740.000,YZJ,non_handheld,desk_gripped_micro_move,recording,-0.193946,-4.942740,8.499148,0.023476,-0.083217,-0.005627
614891750.000,YZJ,non_handheld,desk_gripped_micro_move,recording,-0.224453,-4.964831,8.480180,0.014602,-0.064921,-0.012162
614891760.000,YZJ,non_handheld,desk_gripped_micro_move,recording,-0.243696,-4.899270,8.496595,0.002764,-0.062138,-0.017623
614891770.000,YZJ,non_handheld,desk_gripped_micro_move,recording,-0.233282,-4.896431,8.527639,-0.008906,-0.062438,-0.030724
614891780.000,YZJ,non_handheld,desk_gripped_micro_move,recording,-0.236767,-4.892159,8.509971,-0.021461,-0.057588,-0.041786
614891790.000,YZJ,non_handheld,desk_gripped_micro_move,recording,-0.219970,-4.898239,8.513753,-0.034437,-0.058903,-0.043523
614891800.000,YZJ,non_handheld,desk_gripped_micro_move,recording,-0.290855,-4.940061,8.481732,-0.042270,-0.066532,-0.033532
614891810.000,YZJ,non_handheld,desk_gripped_micro_move,recording,-0.294139,-4.962454,8.479654,-0.045724,-0.064758,-0.021589
614891820.000,YZJ,non_handheld,desk_gripped_micro_move,recording,-0.292878,-4.950109,8.465014,-0.044268,-0.066555,-0.008068
614891830.000,YZJ,non_handheld,desk_gripped_micro_move,recording,-0.208338,-4.955862,8.486352,-0.040806,-0.056325,0.001291
614891840.000,YZJ,non_handheld,desk_gripped_micro_move,recording,-0.193108,-4.948349,8.486231,-0.038826,-0.039140,0.009954
614891850.000,YZJ,non_handheld,desk_gripped_micro_move,recording,-0.167899,-4.945586,8.479237,-0.029574,-0.049742,0.020164
614891860.000,YZJ,non_handheld,desk_gripped_micro_move,recording,-0.152903,-4.947682,8.497331,-0.026602,-0.033728,0.027890
614891870.000,YZJ,non_handheld,desk_gripped_micro_move,recording,-0.102039,-4.963410,8.470593,-0.031170,-0.026985,0.032858
614891880.000,YZJ,non_handheld,desk_gripped_micro_move,recording,-0.103248,-4.963618,8.470973,-0.037807,-0.015264,0.029925
614891890.000,YZJ,non_handheld,desk_gripped_micro_move,recording,-0.111043,-4.907388,8.505146,-0.036363,-0.012794,0.025789
614891900.000,YZJ,non_handheld,desk_gripped_micro_move,recording,-0.139196,-4.912345,8.516287,-0.037044,0.003496,0.020657
614891910.000,YZJ,non_handheld,desk_gripped_micro_move,recording,-0.119309,-4.942172,8.482221,-0.038313,0.001388,0.015830
614891920.000,YZJ,non_handheld,desk_gripped_micro_move,recording,-0.135385,-4.961022,8.459640,-0.041764,-0.002532,0.016663
614891930.000,YZJ,non_handheld,desk_gripped_micro_move,recording,-0.166278,-4.974251,8.474548,-0.042751,0.003558,0.016971
614891940.000,YZJ,non_handheld,desk_gripped_micro_move,recording,-0.191132,-4.968356,8.460333,-0.036537,0.009466,0.016186
614891950.000,YZJ,non_handheld,desk_gripped_micro_move,recording,-0.169065,-4.988792,8.468679,-0.025829,0.020425,0.016440
614891960.000,YZJ,non_handheld,desk_gripped_micro_move,recording,-0.175387,-4.983019,8.465876,-0.017821,0.038862,0.012334
614891970.000,YZJ,non_handheld,desk_gripped_micro_move,recording,-0.219054,-4.974498,8.462669,-0.011548,0.019836,0.006006
614891980.000,YZJ,non_handheld,desk_gripped_micro_move,recording,-0.232636,-4.964905,8.447071,-0.013554,-0.004838,-0.000564
614891990.000,YZJ,non_handheld,desk_gripped_micro_move,recording,-0.247440,-4.959304,8.451673,-0.014427,-0.009559,-0.002385
614892000.000,YZJ,non_handheld,desk_gripped_micro_move,recording,-0.329018,-4.990287,8.458822,-0.009885,0.003102,0.005971
614892010.000,YZJ,non_handheld,desk_gripped_micro_move,recording,-0.317525,-5.008364,8.477236,0.004462,0.039674,0.019594
614892020.000,YZJ,non_handheld,desk_gripped_micro_move,recording,-0.399084,-4.991921,8.486704,0.023502,0.077738,0.045189
614892030.000,YZJ,non_handheld,desk_gripped_micro_move,recording,-0.310686,-4.943941,8.508902,0.042237,0.101335,0.067227
614892040.000,YZJ,non_handheld,desk_gripped_micro_move,recording,-0.218974,-4.904616,8.477101,0.057686,0.085083,0.076859
614892050.000,YZJ,non_handheld,desk_gripped_micro_move,recording,-0.147671,-4.922072,8.467453,0.066676,0.063488,0.079941
614892060.000,YZJ,non_handheld,desk_gripped_micro_move,recording,-0.067912,-5.210421,8.323132,0.057676,0.036216,0.071284
614892070.000,YZJ,non_handheld,desk_gripped_micro_move,recording,-0.009303,-4.926892,8.459985,0.039717,0.017216,0.050162
614892080.000,YZJ,non_handheld,desk_gripped_micro_move,recording,-0.205418,-4.984986,8.441012,0.019833,-0.014043,0.048000
614892090.000,YZJ,non_handheld,desk_gripped_micro_move,recording,-0.185474,-4.922674,8.505498,0.007357,-0.011880,0.041034
614892100.000,YZJ,non_handheld,desk_gripped_micro_move,recording,-0.198723,-4.928699,8.500731,-0.000256,0.004149,0.028805
614892110.000,YZJ,non_handheld,desk_gripped_micro_move,recording,-0.299034,-4.921623,8.475560,-0.007915,-0.003265,0.014340
614892120.000,YZJ,non_handheld,desk_gripped_micro_move,recording,-0.296698,-4.909384,8.487698,-0.022273,-0.016575,0.003922
614892130.000,YZJ,non_handheld,desk_gripped_micro_move,recording,-0.339135,-4.916320,8.517887,-0.033912,-0.012463,0.005368
614892140.000,YZJ,non_handheld,desk_gripped_micro_move,recording,-0.354780,-4.901006,8.507665,-0.041993,-0.003536,0.014311
614892150.000,YZJ,non_handheld,desk_gripped_micro_move,recording,-0.325025,-4.936148,8.485029,-0.041620,-0.006244,0.021657
614892160.000,YZJ,non_handheld,desk_gripped_micro_move,recording,-0.241788,-4.990908,8.422281,-0.042655,-0.020945,0.018181
614892170.000,YZJ,non_handheld,desk_gripped_micro_move,recording,-0.195242,-4.985942,8.445546,-0.045526,-0.036428,0.013606
614892180.000,YZJ,non_handheld,desk_gripped_micro_move,recording,-0.159281,-4.997813,8.431198,-0.046972,-0.052051,0.011813
614892190.000,YZJ,non_handheld,desk_gripped_micro_move,recording,-0.124068,-4.995639,8.456637,-0.047157,-0.048510,0.010605
614892200.000,YZJ,non_handheld,desk_gripped_micro_move,recording,-0.179932,-4.970081,8.490047,-0.045920,-0.007682,0.011260
614892210.000,YZJ,non_handheld,desk_gripped_micro_move,recording,-0.236152,-4.992792,8.452797,-0.045534,0.004976,0.008736
614892220.000,YZJ,non_handheld,desk_gripped_micro_move,recording,-0.274491,-4.967595,8.446609,-0.053112,-0.003826,0.003082
614892230.000,YZJ,non_handheld,desk_gripped_micro_move,recording,-0.214573,-4.954039,8.477272,-0.060938,-0.015070,-0.003412
614892240.000,YZJ,non_handheld,desk_gripped_micro_move,recording,-0.254101,-4.997466,8.445929,-0.072351,-0.015939,-0.010262
614892250.000,YZJ,non_handheld,desk_gripped_micro_move,recording,-0.255376,-4.979887,8.453303,-0.082675,-0.018967,-0.023090
614892260.000,YZJ,non_handheld,desk_gripped_micro_move,recording,-0.265542,-4.996941,8.441698,-0.088491,-0.035274,-0.036312
614892270.000,YZJ,non_handheld,desk_gripped_micro_move,recording,-0.286406,-4.984494,8.460228,-0.087739,-0.041992,-0.046904
614892280.000,YZJ,non_handheld,desk_gripped_micro_move,recording,-0.309706,-4.984544,8.435785,-0.081757,-0.048890,-0.048477
614892290.000,YZJ,non_handheld,desk_gripped_micro_move,recording,-0.395834,-5.015555,8.393343,-0.073461,-0.085499,-0.040850
614892300.000,YZJ,non_handheld,desk_gripped_micro_move,recording,-0.325505,-5.068113,8.437866,-0.064816,-0.078290,-0.021675
614892310.000,YZJ,non_handheld,desk_gripped_micro_move,recording,-0.419530,-4.989508,8.476474,-0.054871,-0.044507,0.005528
614892320.000,YZJ,non_handheld,desk_gripped_micro_move,recording,-0.528524,-4.901547,8.520871,-0.043423,-0.017779,0.040446
614892330.000,YZJ,non_handheld,desk_gripped_micro_move,recording,-0.476291,-4.939575,8.453667,-0.032575,-0.008637,0.063903
614892340.000,YZJ,non_handheld,desk_gripped_micro_move,recording,-0.327510,-5.052068,8.453334,-0.030156,0.000564,0.072662
614892350.000,YZJ,non_handheld,desk_gripped_micro_move,recording,-0.149046,-5.158585,8.387914,-0.040170,-0.003660,0.068237
614892360.000,YZJ,non_handheld,desk_gripped_micro_move,recording,0.023141,-5.092325,8.369018,-0.056041,-0.013694,0.049803
614892370.000,YZJ,non_handheld,desk_gripped_micro_move,recording,-0.047042,-5.145660,8.355391,-0.073588,-0.027350,0.035887
614892380.000,YZJ,non_handheld,desk_gripped_micro_move,recording,-0.034426,-5.185214,8.320634,-0.090465,-0.047662,0.019712
614892390.000,YZJ,non_handheld,desk_gripped_micro_move,recording,0.011230,-5.128304,8.370662,-0.099155,-0.046910,0.003829
614892400.000,YZJ,non_handheld,desk_gripped_micro_move,recording,-0.060514,-5.132582,8.369614,-0.098893,-0.038160,-0.003407
614892410.000,YZJ,non_handheld,desk_gripped_micro_move,recording,-0.059843,-5.106339,8.377733,-0.095307,-0.034401,-0.008766
614892420.000,YZJ,non_handheld,desk_gripped_micro_move,recording,-0.098938,-5.100533,8.391259,-0.087698,-0.028355,-0.010380
614892430.000,YZJ,non_handheld,desk_gripped_micro_move,recording,-0.152191,-5.118523,8.394387,-0.077434,-0.020294,-0.004105
614892440.000,YZJ,non_handheld,desk_gripped_micro_move,recording,-0.114898,-5.103733,8.380148,-0.064923,-0.008658,0.002997
614892450.000,YZJ,non_handheld,desk_gripped_micro_move,recording,-0.137209,-5.120104,8.382835,-0.053315,0.004707,0.009887
614892460.000,YZJ,non_handheld,desk_gripped_micro_move,recording,-0.192349,-5.138049,8.386448,-0.041422,0.013230,0.015394
614892470.000,YZJ,non_handheld,desk_gripped_micro_move,recording,-0.158067,-5.143270,8.354024,-0.039988,0.014339,0.018432
614892480.000,YZJ,non_handheld,desk_gripped_micro_move,recording,-0.213101,-5.140666,8.347128,-0.038612,0.000539,0.022037
614892490.000,YZJ,non_handheld,desk_gripped_micro_move,recording,-0.201055,-5.123904,8.360939,-0.040393,-0.001403,0.016921
614892500.000,YZJ,non_handheld,desk_gripped_micro_move,recording,-0.224097,-5.127255,8.371525,-0.043282,-0.009558,0.008691
614892510.000,YZJ,non_handheld,desk_gripped_micro_move,recording,-0.214492,-5.137267,8.360044,-0.051510,-0.021309,0.002278
614892520.000,YZJ,non_handheld,desk_gripped_micro_move,recording,-0.215784,-5.137370,8.351673,-0.059253,-0.028003,-0.002171
614892530.000,YZJ,non_handheld,desk_gripped_micro_move,recording,-0.202149,-5.135475,8.381584,-0.060162,-0.016431,-0.002995
614892540.000,YZJ,non_handheld,desk_gripped_micro_move,recording,-0.220909,-5.111666,8.400583,-0.053726,-0.014443,-0.002821
614892550.000,YZJ,non_handheld,desk_gripped_micro_move,recording,-0.220766,-5.140854,8.363311,-0.040987,-0.014471,-0.000021
614892560.000,YZJ,non_handheld,desk_gripped_micro_move,recording,-0.253019,-5.152935,8.341656,-0.027185,-0.016803,0.008718
614892570.000,YZJ,non_handheld,desk_gripped_micro_move,recording,-0.232807,-5.159966,8.354039,-0.011625,-0.009181,0.018948
614892580.000,YZJ,non_handheld,desk_gripped_micro_move,recording,-0.168010,-5.143514,8.371458,0.000933,0.000933,0.021700
614892590.000,YZJ,non_handheld,desk_gripped_micro_move,recording,-0.241879,-5.098175,8.394609,0.017429,0.011320,0.026903
614892600.000,YZJ,non_handheld,desk_gripped_micro_move,recording,-0.365791,-5.126524,8.386004,0.031761,0.022914,0.039888
614892610.000,YZJ,non_handheld,desk_gripped_micro_move,recording,-0.162938,-5.251333,8.319216,0.033567,0.031017,0.031572
614892620.000,YZJ,non_handheld,desk_gripped_micro_move,recording,-0.195421,-5.067104,8.389157,0.034652,0.018732,0.030051
614892630.000,YZJ,non_handheld,desk_gripped_micro_move,recording,-0.313234,-5.139679,8.329028,0.037918,0.001013,0.031913
614892640.000,YZJ,non_handheld,desk_gripped_micro_move,recording,-0.247073,-5.080643,8.396443,0.045454,0.012635,0.030393
614892650.000,YZJ,non_handheld,desk_gripped_micro_move,recording,-0.425418,-5.212133,8.360541,0.054100,0.010737,0.042976
614892660.000,YZJ,non_handheld,desk_gripped_micro_move,recording,-0.236471,-5.071218,8.348120,0.058840,0.005973,0.047128
614892670.000,YZJ,non_handheld,desk_gripped_micro_move,recording,-0.266184,-5.080325,8.383039,0.059382,-0.015336,0.047362
614892680.000,YZJ,non_handheld,desk_gripped_micro_move,recording,-0.125924,-5.385215,8.188359,0.038653,-0.037012,0.030116
614892690.000,YZJ,non_handheld,desk_gripped_micro_move,recording,-0.121106,-5.169522,8.387856,0.007657,-0.034328,0.025155
614892700.000,YZJ,non_handheld,desk_gripped_micro_move,recording,-0.088725,-5.275987,8.273605,-0.016596,-0.051706,0.018981
614892710.000,YZJ,non_handheld,desk_gripped_micro_move,recording,-0.039359,-5.226571,8.330611,-0.034325,-0.050574,0.001990
614892720.000,YZJ,non_handheld,desk_gripped_micro_move,recording,-0.135622,-5.165153,8.366130,-0.035681,-0.036029,-0.001380
614892730.000,YZJ,non_handheld,desk_gripped_micro_move,recording,-0.304827,-5.169790,8.364358,-0.035062,-0.011784,0.007545
614892740.000,YZJ,non_handheld,desk_gripped_micro_move,recording,-0.275231,-5.130108,8.377197,-0.033239,-0.006318,0.017214
614892750.000,YZJ,non_handheld,desk_gripped_micro_move,recording,-0.184370,-5.106031,8.365119,-0.029655,-0.010396,0.019576
614892760.000,YZJ,non_handheld,desk_gripped_micro_move,recording,-0.151988,-5.102950,8.394440,-0.022938,-0.009268,0.019275
614892770.000,YZJ,non_handheld,desk_gripped_micro_move,recording,-0.128715,-5.114470,8.389054,-0.015298,-0.002696,0.016537
614892780.000,YZJ,non_handheld,desk_gripped_micro_move,recording,-0.143778,-5.133276,8.366909,-0.007536,-0.002312,0.014891
614892790.000,YZJ,non_handheld,desk_gripped_micro_move,recording,-0.204400,-5.177489,8.370449,0.000281,0.021513,0.012196
614892800.000,YZJ,non_handheld,desk_gripped_micro_move,recording,-0.167555,-5.194399,8.313554,0.004528,0.024537,0.010322
614892810.000,YZJ,non_handheld,desk_gripped_micro_move,recording,-0.192842,-5.201321,8.306878,0.001396,0.013484,0.013262
614892820.000,YZJ,non_handheld,desk_gripped_micro_move,recording,-0.171697,-5.180376,8.351013,-0.005654,0.022943,0.018710
614892830.000,YZJ,non_handheld,desk_gripped_micro_move,recording,-0.221109,-5.163131,8.351064,-0.006656,0.023799,0.023381
614892840.000,YZJ,non_handheld,desk_gripped_micro_move,recording,-0.185610,-5.124008,8.392663,-0.008531,0.025796,0.019155
614892850.000,YZJ,non_handheld,desk_gripped_micro_move,recording,-0.177568,-5.130082,8.360197,-0.013513,0.026002,0.013044
614892860.000,YZJ,non_handheld,desk_gripped_micro_move,recording,-0.250893,-5.144839,8.358648,-0.019922,0.015239,0.011419
614892870.000,YZJ,non_handheld,desk_gripped_micro_move,recording,-0.244507,-5.150520,8.347380,-0.024915,0.003387,0.010709
614892880.000,YZJ,non_handheld,desk_gripped_micro_move,recording,-0.222691,-5.156211,8.340671,-0.026961,0.002039,0.005257
614892890.000,YZJ,non_handheld,desk_gripped_micro_move,recording,-0.248797,-5.163835,8.335225,-0.024864,0.006028,0.004424
614892900.000,YZJ,non_handheld,desk_gripped_micro_move,recording,-0.316392,-5.205629,8.337270,-0.023672,0.019204,0.008509
614892910.000,YZJ,non_handheld,desk_gripped_micro_move,recording,-0.296054,-5.196743,8.317248,-0.022612,0.012295,0.013060
614892920.000,YZJ,non_handheld,desk_gripped_micro_move,recording,-0.230346,-5.158113,8.339860,-0.024218,-0.007635,0.015989
614892930.000,YZJ,non_handheld,desk_gripped_micro_move,recording,-0.248728,-5.173419,8.317337,-0.021663,-0.023203,0.017713
614892940.000,YZJ,non_handheld,desk_gripped_micro_move,recording,-0.166161,-5.146719,8.365415,-0.012119,-0.011433,0.014932
614892950.000,YZJ,non_handheld,desk_gripped_micro_move,recording,-0.180151,-5.168980,8.356640,-0.000375,-0.008537,0.013428
614892960.000,YZJ,non_handheld,desk_gripped_micro_move,recording,-0.185756,-5.174747,8.334815,0.009140,-0.000779,0.008541
614892970.000,YZJ,non_handheld,desk_gripped_micro_move,recording,-0.247217,-5.171117,8.331039,0.015779,-0.008690,0.008442
614892980.000,YZJ,non_handheld,desk_gripped_micro_move,recording,-0.258011,-5.162258,8.334902,0.023397,-0.017366,0.004955
614892990.000,YZJ,non_handheld,desk_gripped_micro_move,recording,-0.215380,-5.127938,8.365566,0.037082,-0.011521,-0.001008
614893000.000,YZJ,non_handheld,desk_gripped_micro_move,recording,-0.222424,-5.150544,8.367444,0.057656,0.012992,-0.004993
614893010.000,YZJ,non_handheld,desk_gripped_micro_move,recording,-0.237113,-5.136977,8.365901,0.074151,0.023969,-0.005218
614893020.000,YZJ,non_handheld,desk_gripped_micro_move,recording,-0.264106,-5.112596,8.367219,0.082846,0.028162,-0.005246
614893030.000,YZJ,non_handheld,desk_gripped_micro_move,recording,-0.261324,-5.161885,8.360556,0.087797,0.019830,-0.008141
614893040.000,YZJ,non_handheld,desk_gripped_micro_move,recording,-0.273601,-5.172947,8.315629,0.091367,0.005822,-0.009502
614893050.000,YZJ,non_handheld,desk_gripped_micro_move,recording,-0.235496,-5.198908,8.326449,0.092631,0.000246,-0.011982
614893060.000,YZJ,non_handheld,desk_gripped_micro_move,recording,-0.224682,-5.182391,8.307791,0.087370,-0.010151,-0.012394
614893070.000,YZJ,non_handheld,desk_gripped_micro_move,recording,-0.223500,-5.118845,8.371918,0.080143,-0.027408,-0.013089
614893080.000,YZJ,non_handheld,desk_gripped_micro_move,recording,-0.280389,-5.123880,8.354943,0.073849,-0.042176,-0.016952
614893090.000,YZJ,non_handheld,desk_gripped_micro_move,recording,-0.231318,-5.110680,8.388916,0.069852,-0.034999,-0.021501
614893100.000,YZJ,non_handheld,desk_gripped_micro_move,recording,-0.214946,-5.076182,8.393149,0.068900,-0.027733,-0.025344
614893110.000,YZJ,non_handheld,desk_gripped_micro_move,recording,-0.200281,-5.075207,8.410453,0.067381,-0.032562,-0.029335
614893120.000,YZJ,non_handheld,desk_gripped_micro_move,recording,-0.211949,-5.069534,8.419176,0.063224,-0.029537,-0.036963
614893130.000,YZJ,non_handheld,desk_gripped_micro_move,recording,-0.243300,-5.077074,8.393714,0.059692,-0.041496,-0.039201
614893140.000,YZJ,non_handheld,desk_gripped_micro_move,recording,-0.255566,-5.078848,8.393343,0.058440,-0.049536,-0.033753
614893150.000,YZJ,non_handheld,desk_gripped_micro_move,recording,-0.230167,-5.093738,8.426763,0.058708,-0.036632,-0.025631
614893160.000,YZJ,non_handheld,desk_gripped_micro_move,recording,-0.246475,-5.097869,8.397274,0.061018,-0.022569,-0.012891
614893170.000,YZJ,non_handheld,desk_gripped_micro_move,recording,-0.237122,-5.106991,8.408888,0.065875,-0.007309,0.001483
614893180.000,YZJ,non_handheld,desk_gripped_micro_move,recording,-0.178964,-5.052084,8.424893,0.065621,0.014982,0.008471
614893190.000,YZJ,non_handheld,desk_gripped_micro_move,recording,-0.157836,-5.062032,8.438070,0.065977,0.018347,0.010530
614893200.000,YZJ,non_handheld,desk_gripped_micro_move,recording,-0.095455,-5.018188,8.452433,0.063669,0.024563,0.005518
614893210.000,YZJ,non_handheld,desk_gripped_micro_move,recording,-0.105546,-5.014068,8.440358,0.058669,0.029295,0.001515
614893220.000,YZJ,non_handheld,desk_gripped_micro_move,recording,-0.182304,-5.012885,8.428003,0.049344,0.015650,-0.000823
614893230.000,YZJ,non_handheld,desk_gripped_micro_move,recording,-0.211220,-5.030300,8.423790,0.036407,-0.000975,-0.002359
614893240.000,YZJ,non_handheld,desk_gripped_micro_move,recording,-0.207432,-5.022088,8.427129,0.024701,-0.002518,0.001832
614893250.000,YZJ,non_handheld,desk_gripped_micro_move,recording,-0.227643,-5.040559,8.441599,0.020998,0.004283,0.005063
614893260.000,YZJ,non_handheld,desk_gripped_micro_move,recording,-0.196896,-5.001092,8.403247,0.023608,-0.016664,0.007694
614893270.000,YZJ,non_handheld,desk_gripped_micro_move,recording,-0.171144,-5.014576,8.467259,0.022316,-0.012871,0.003866
614893280.000,YZJ,non_handheld,desk_gripped_micro_move,recording,-0.201856,-4.998313,8.449790,0.018622,-0.013385,0.002262
614893290.000,YZJ,non_handheld,desk_gripped_micro_move,recording,-0.193273,-5.019936,8.438533,0.015879,-0.019481,0.003214
614893300.000,YZJ,non_handheld,desk_gripped_micro_move,recording,-0.202808,-5.017162,8.437281,0.014426,-0.013847,0.004351
614893310.000,YZJ,non_handheld,desk_gripped_micro_move,recording,-0.180945,-5.018767,8.465746,0.017825,0.000546,0.003303
614893320.000,YZJ,non_handheld,desk_gripped_micro_move,recording,-0.198569,-5.019105,8.423095,0.020451,0.000635,0.006373
614893330.000,YZJ,non_handheld,desk_gripped_micro_move,recording,-0.200815,-5.020384,8.452884,0.021894,0.001521,0.005592
614893340.000,YZJ,non_handheld,desk_gripped_micro_move,recording,-0.207112,-4.993766,8.442951,0.020216,-0.004248,0.002204
614893350.000,YZJ,non_handheld,desk_gripped_micro_move,recording,-0.205829,-4.970443,8.465896,0.021092,-0.015746,-0.000993
614893360.000,YZJ,non_handheld,desk_gripped_micro_move,recording,-0.203756,-4.978045,8.442227,0.027219,-0.025375,-0.004677
614893370.000,YZJ,non_handheld,desk_gripped_micro_move,recording,-0.177084,-4.996770,8.448838,0.030525,-0.023422,-0.009056
614893380.000,YZJ,non_handheld,desk_gripped_micro_move,recording,-0.202633,-5.026937,8.423289,0.032806,-0.026654,-0.009976
614893390.000,YZJ,non_handheld,desk_gripped_micro_move,recording,-0.176698,-5.013998,8.454742,0.036302,-0.017892,-0.014029
614893400.000,YZJ,non_handheld,desk_gripped_micro_move,recording,-0.196062,-5.015956,8.441514,0.047407,-0.007810,-0.017572
614893410.000,YZJ,non_handheld,desk_gripped_micro_move,recording,-0.174804,-5.022918,8.439151,0.058733,0.013921,-0.019324
614893420.000,YZJ,non_handheld,desk_gripped_micro_move,recording,-0.186292,-5.008790,8.430087,0.068156,0.019095,-0.015929
614893430.000,YZJ,non_handheld,desk_gripped_micro_move,recording,-0.210533,-4.989279,8.443656,0.070600,0.002355,-0.011614
614893440.000,YZJ,non_handheld,desk_gripped_micro_move,recording,-0.201955,-4.979137,8.447351,0.069560,-0.009136,-0.006822
614893450.000,YZJ,non_handheld,desk_gripped_micro_move,recording,-0.180269,-4.978054,8.478538,0.074902,-0.002445,-0.002549
614893460.000,YZJ,non_handheld,desk_gripped_micro_move,recording,-0.176650,-4.967026,8.468012,0.083725,0.003914,0.000293
614893470.000,YZJ,non_handheld,desk_gripped_micro_move,recording,-0.178259,-4.959108,8.471782,0.088809,0.008557,0.003495
614893480.000,YZJ,non_handheld,desk_gripped_micro_move,recording,-0.169869,-4.948265,8.475422,0.090466,0.005792,0.006104
614893490.000,YZJ,non_handheld,desk_gripped_micro_move,recording,-0.185473,-4.943360,8.477937,0.088845,0.000169,0.005535
614893500.000,YZJ,non_handheld,desk_gripped_micro_move,recording,-0.169943,-4.917068,8.500001,0.081619,0.010695,0.001211
614893510.000,YZJ,non_handheld,desk_gripped_micro_move,recording,-0.190729,-4.926480,8.496632,0.073918,0.006858,-0.002055
614893520.000,YZJ,non_handheld,desk_gripped_micro_move,recording,-0.204398,-4.906012,8.494370,0.064112,-0.005146,-0.008535
614893530.000,YZJ,non_handheld,desk_gripped_micro_move,recording,-0.226742,-4.913672,8.478584,0.050697,-0.028777,-0.011587
614893540.000,YZJ,non_handheld,desk_gripped_micro_move,recording,-0.188976,-4.894843,8.503100,0.038690,-0.033626,-0.011323
614893550.000,YZJ,non_handheld,desk_gripped_micro_move,recording,-0.178279,-4.903363,8.511835,0.033911,-0.031896,-0.007773
614893560.000,YZJ,non_handheld,desk_gripped_micro_move,recording,-0.155528,-4.905539,8.521880,0.028384,-0.026250,-0.007621
614893570.000,YZJ,non_handheld,desk_gripped_micro_move,recording,-0.181583,-4.891475,8.502243,0.025273,-0.021065,-0.012002
614893580.000,YZJ,non_handheld,desk_gripped_micro_move,recording,-0.193047,-4.890944,8.485013,0.023649,-0.035189,-0.010983
614893590.000,YZJ,non_handheld,desk_gripped_micro_move,recording,-0.168422,-4.908797,8.530290,0.021545,-0.026167,-0.009994
614893600.000,YZJ,non_handheld,desk_gripped_micro_move,recording,-0.134271,-4.902809,8.525630,0.025998,-0.005993,-0.009114
614893610.000,YZJ,non_handheld,desk_gripped_micro_move,recording,-0.172272,-4.886875,8.502718,0.035199,-0.002267,-0.008975
614893620.000,YZJ,non_handheld,desk_gripped_micro_move,recording,-0.168798,-4.864363,8.514929,0.048173,-0.001145,-0.012465
614893630.000,YZJ,non_handheld,desk_gripped_micro_move,recording,-0.172289,-4.864526,8.534488,0.056829,0.010456,-0.011946
614893640.000,YZJ,non_handheld,desk_gripped_micro_move,recording,-0.176226,-4.846362,8.550842,0.063692,0.026660,-0.007041
614893650.000,YZJ,non_handheld,desk_gripped_micro_move,recording,-0.172562,-4.856915,8.528889,0.068040,0.033398,-0.000844
614893660.000,YZJ,non_handheld,desk_gripped_micro_move,recording,-0.190963,-4.788302,8.567807,0.077265,0.031270,0.001933
614893670.000,YZJ,non_handheld,desk_gripped_micro_move,recording,-0.206722,-4.798704,8.562946,0.088479,0.023064,0.002281
614893680.000,YZJ,non_handheld,desk_gripped_micro_move,recording,-0.114342,-4.852813,8.511226,0.101046,0.020508,-0.008709
614893690.000,YZJ,non_handheld,desk_gripped_micro_move,recording,-0.129201,-4.691785,8.633653,0.118293,0.027998,-0.017572
614893700.000,YZJ,non_handheld,desk_gripped_micro_move,recording,-0.187758,-4.729813,8.568254,0.138345,0.011286,-0.024655
614893710.000,YZJ,non_handheld,desk_gripped_micro_move,recording,-0.232568,-4.681106,8.628528,0.160446,0.012204,-0.031838
614893720.000,YZJ,non_handheld,desk_gripped_micro_move,recording,-0.149285,-4.873357,8.530314,0.175993,0.027478,-0.043646
614893730.000,YZJ,non_handheld,desk_gripped_micro_move,recording,-0.157765,-4.791097,8.583598,0.186658,0.020624,-0.054888
614893740.000,YZJ,non_handheld,desk_gripped_micro_move,recording,-0.212686,-4.652740,8.519039,0.196288,-0.029612,-0.058319
614893750.000,YZJ,non_handheld,desk_gripped_micro_move,recording,-0.267479,-4.963311,8.496714,0.193801,-0.065000,-0.055998
614893760.000,YZJ,non_handheld,desk_gripped_micro_move,recording,-0.144619,-5.015035,8.481282,0.178640,-0.055178,-0.056518
614893770.000,YZJ,non_handheld,desk_gripped_micro_move,recording,-0.076621,-4.822881,8.568036,0.163709,-0.036716,-0.053659
614893780.000,YZJ,non_handheld,desk_gripped_micro_move,recording,-0.214790,-4.823032,8.534394,0.146343,-0.054044,-0.046449
614893790.000,YZJ,non_handheld,desk_gripped_micro_move,recording,-0.113757,-4.875933,8.536513,0.128151,-0.067927,-0.047933
614893800.000,YZJ,non_handheld,desk_gripped_micro_move,recording,-0.083753,-4.675266,8.669958,0.118490,-0.043225,-0.047461
614893810.000,YZJ,non_handheld,desk_gripped_micro_move,recording,-0.095389,-4.700977,8.652702,0.114849,-0.016007,-0.045214
614893820.000,YZJ,non_handheld,desk_gripped_micro_move,recording,-0.095533,-4.664669,8.630206,0.114052,-0.001450,-0.040659
614893830.000,YZJ,non_handheld,desk_gripped_micro_move,recording,-0.096154,-4.676038,8.636318,0.115838,0.016765,-0.037402
614893840.000,YZJ,non_handheld,desk_gripped_micro_move,recording,-0.110548,-4.676720,8.660527,0.115820,0.038054,-0.033387
614893850.000,YZJ,non_handheld,desk_gripped_micro_move,recording,-0.152369,-4.674886,8.633214,0.103782,0.039849,-0.026119
614893860.000,YZJ,non_handheld,desk_gripped_micro_move,recording,-0.205209,-4.701737,8.610996,0.086488,0.018026,-0.012625
614893870.000,YZJ,non_handheld,desk_gripped_micro_move,recording,-0.170651,-4.657916,8.645557,0.066702,0.002014,-0.002654
614893880.000,YZJ,non_handheld,desk_gripped_micro_move,recording,-0.155393,-4.645543,8.655649,0.051279,-0.000015,0.000212
614893890.000,YZJ,non_handheld,desk_gripped_micro_move,recording,-0.144898,-4.661933,8.640821,0.042668,-0.000230,0.003085
614893900.000,YZJ,non_handheld,desk_gripped_micro_move,recording,-0.169758,-4.728516,8.609199,0.026426,0.008937,0.009287
614893910.000,YZJ,non_handheld,desk_gripped_micro_move,recording,-0.141333,-4.652316,8.675612,0.008445,0.014782,0.013927
614893920.000,YZJ,non_handheld,desk_gripped_micro_move,recording,-0.128403,-4.566241,8.682359,-0.004852,0.008398,0.016047
614893930.000,YZJ,non_handheld,desk_gripped_micro_move,recording,-0.156533,-4.589059,8.682573,-0.014480,-0.010965,0.017020
614893940.000,YZJ,non_handheld,desk_gripped_micro_move,recording,-0.120306,-4.537881,8.690654,-0.024776,-0.013676,0.015702
614893950.000,YZJ,non_handheld,desk_gripped_micro_move,recording,-0.092314,-4.655079,8.666478,-0.023593,0.008631,0.012410
614893960.000,YZJ,non_handheld,desk_gripped_micro_move,recording,-0.014101,-4.532260,8.722427,-0.015677,0.034147,0.010116
614893970.000,YZJ,non_handheld,desk_gripped_micro_move,recording,-0.134955,-4.576982,8.683859,-0.006310,0.019331,0.013281
614893980.000,YZJ,non_handheld,desk_gripped_micro_move,recording,-0.036061,-4.459260,8.716844,0.007959,0.001602,0.007000
614893990.000,YZJ,non_handheld,desk_gripped_micro_move,recording,-0.148573,-4.657200,8.628992,0.018871,0.001408,0.005289
614894000.000,YZJ,non_handheld,desk_gripped_micro_move,recording,-0.121301,-4.632291,8.669101,0.032540,0.013566,0.004210
614894010.000,YZJ,non_handheld,desk_gripped_micro_move,recording,-0.125198,-4.627482,8.663166,0.042013,0.024401,0.005214
614894020.000,YZJ,non_handheld,desk_gripped_micro_move,recording,-0.139914,-4.561620,8.658661,0.062281,0.019947,0.000652
614894030.000,YZJ,non_handheld,desk_gripped_micro_move,recording,-0.101328,-4.524031,8.707416,0.078663,0.016501,-0.011530
614894040.000,YZJ,non_handheld,desk_gripped_micro_move,recording,-0.115411,-4.504799,8.721462,0.101364,0.013433,-0.029146
614894050.000,YZJ,non_handheld,desk_gripped_micro_move,recording,-0.113632,-4.415840,8.763355,0.131883,0.012587,-0.048675
614894060.000,YZJ,non_handheld,desk_gripped_micro_move,recording,-0.182578,-4.343810,8.789636,0.179066,0.018977,-0.057779
614894070.000,YZJ,non_handheld,desk_gripped_micro_move,recording,-0.194513,-4.574001,8.713643,0.220733,0.057852,-0.059756
614894080.000,YZJ,non_handheld,desk_gripped_micro_move,recording,-0.178101,-4.596025,8.661467,0.263942,0.080757,-0.058852
614894090.000,YZJ,non_handheld,desk_gripped_micro_move,recording,-0.200502,-4.605748,8.639261,0.303178,0.085933,-0.053705
614894100.000,YZJ,non_handheld,desk_gripped_micro_move,recording,-0.166981,-4.698448,8.628159,0.333037,0.077757,-0.045918
614894110.000,YZJ,non_handheld,desk_gripped_micro_move,recording,-0.174649,-4.597679,8.618191,0.357716,0.062612,-0.039424