timestamp_ms,user_name,hold_state,scene_tag,phase,acc_x,acc_y,acc_z,gyro_x,gyro_y,gyro_z
776451630.000,YZJ,handheld,手持静止（右手）,recording,6.957849,0.911513,7.367269,-0.057734,-0.013468,0.033942
776451640.000,YZJ,handheld,手持静止（右手）,recording,6.862779,1.042353,7.375368,-0.100027,-0.038837,-0.067806
776451650.000,YZJ,handheld,手持静止（右手）,recording,6.161136,1.100642,7.458960,-0.109062,-0.079929,-0.106177
776451660.000,YZJ,handheld,手持静止（右手）,recording,5.507246,1.124953,7.637926,-0.091313,-0.109088,-0.064131
776451670.000,YZJ,handheld,手持静止（右手）,recording,5.099198,1.156705,7.860494,-0.054264,-0.111615,0.027383
776451680.000,YZJ,handheld,手持静止（右手）,recording,5.049120,1.258333,7.927249,-0.016270,-0.096176,0.112931
776451690.000,YZJ,handheld,手持静止（右手）,recording,5.295377,1.357583,7.981215,0.017778,-0.061152,0.155665
776451700.000,YZJ,handheld,手持静止（右手）,recording,5.691919,1.359098,8.100854,0.052772,0.004394,0.138590
776451710.000,YZJ,handheld,手持静止（右手）,recording,6.055442,1.299709,8.141683,0.079797,0.076364,0.079695
776451720.000,YZJ,handheld,手持静止（右手）,recording,6.451680,1.232335,8.059252,0.095956,0.141462,-0.009633
776451730.000,YZJ,handheld,手持静止（右手）,recording,6.586634,1.147450,7.872322,0.097638,0.172274,-0.121455
776451740.000,YZJ,handheld,手持静止（右手）,recording,6.641454,1.076009,7.747957,0.085824,0.160891,-0.229284
776451750.000,YZJ,handheld,手持静止（右手）,recording,6.316944,1.099163,7.555945,0.062715,0.115123,-0.286302
776451760.000,YZJ,handheld,手持静止（右手）,recording,5.727591,1.056761,7.484131,0.038374,0.072181,-0.263758
776451770.000,YZJ,handheld,手持静止（右手）,recording,5.135885,0.963477,7.446176,0.013103,0.036007,-0.178078
776451780.000,YZJ,handheld,手持静止（右手）,recording,4.742878,0.962438,7.532365,-0.010215,0.012084,-0.054587
776451790.000,YZJ,handheld,手持静止（右手）,recording,4.564371,1.015302,7.562971,-0.029097,0.005871,0.071992
776451800.000,YZJ,handheld,手持静止（右手）,recording,4.534624,1.067945,7.598956,-0.049830,0.010665,0.181831
776451810.000,YZJ,handheld,手持静止（右手）,recording,4.575269,1.019145,7.586222,-0.080644,0.028180,0.265929
776451820.000,YZJ,handheld,手持静止（右手）,recording,5.235984,0.965571,7.687088,-0.124172,0.071235,0.297958
776451830.000,YZJ,handheld,手持静止（右手）,recording,5.887733,0.966883,7.841575,-0.159120,0.123341,0.250775
776451840.000,YZJ,handheld,手持静止（右手）,recording,6.540282,1.033832,8.038415,-0.176643,0.156830,0.110793
776451850.000,YZJ,handheld,手持静止（右手）,recording,6.972791,1.133354,8.065485,-0.182019,0.162987,-0.065385
776451860.000,YZJ,handheld,手持静止（右手）,recording,6.683598,1.284581,8.058669,-0.172792,0.147052,-0.208275
776451870.000,YZJ,handheld,手持静止（右手）,recording,6.039435,1.378631,8.117540,-0.141561,0.121291,-0.272201
776451880.000,YZJ,handheld,手持静止（右手）,recording,5.452925,1.307784,8.277273,-0.097703,0.120217,-0.250197
776451890.000,YZJ,handheld,手持静止（右手）,recording,4.986062,1.281943,8.336922,-0.051071,0.124313,-0.168515
776451900.000,YZJ,handheld,手持静止（右手）,recording,4.886508,1.338167,8.356779,-0.007761,0.142071,-0.076279
776451910.000,YZJ,handheld,手持静止（右手）,recording,5.015871,1.339366,8.342500,0.029860,0.161661,-0.004813
776451920.000,YZJ,handheld,手持静止（右手）,recording,5.453260,1.320619,8.206106,0.061651,0.165537,0.006582
776451930.000,YZJ,handheld,手持静止（右手）,recording,5.854637,1.295460,7.962830,0.072349,0.123149,-0.032205
776451940.000,YZJ,handheld,手持静止（右手）,recording,5.930286,1.142275,7.752059,0.064180,0.050591,-0.074560
776451950.000,YZJ,handheld,手持静止（右手）,recording,5.762563,0.973896,7.653500,0.035648,-0.026878,-0.088164
776451960.000,YZJ,handheld,手持静止（右手）,recording,5.581366,0.877198,7.577463,-0.010417,-0.102149,-0.074801
776451970.000,YZJ,handheld,手持静止（右手）,recording,5.531860,0.939573,7.600897,-0.064679,-0.135307,-0.037813
776451980.000,YZJ,handheld,手持静止（右手）,recording,5.389203,1.062764,7.645759,-0.104704,-0.138585,0.002455
776451990.000,YZJ,handheld,手持静止（右手）,recording,5.415503,1.151193,7.838915,-0.111183,-0.115499,0.030107
776452000.000,YZJ,handheld,手持静止（右手）,recording,5.612872,1.098112,8.169453,-0.081073,-0.055549,0.028129
776452010.000,YZJ,handheld,手持静止（右手）,recording,5.768739,0.981020,8.291512,-0.033742,-0.003872,-0.003481
776452020.000,YZJ,handheld,手持静止（右手）,recording,5.634022,1.059962,8.193519,0.013718,0.028264,-0.038287
776452030.000,YZJ,handheld,手持静止（右手）,recording,5.395508,1.128885,8.144476,0.047578,0.053046,-0.049814
776452040.000,YZJ,handheld,手持静止（右手）,recording,5.321290,1.103976,8.099393,0.057819,0.072347,-0.042813
776452050.000,YZJ,handheld,手持静止（右手）,recording,5.473539,1.060166,8.015322,0.045434,0.091856,-0.039175
776452060.000,YZJ,handheld,手持静止（右手）,recording,5.710932,1.019050,7.885927,0.017611,0.106775,-0.047663
776452070.000,YZJ,handheld,手持静止（右手）,recording,5.901283,0.982540,7.839885,-0.009756,0.108664,-0.068383
776452080.000,YZJ,handheld,手持静止（右手）,recording,5.948643,0.999221,7.762471,-0.031289,0.098163,-0.088738
776452090.000,YZJ,handheld,手持静止（右手）,recording,5.882846,1.026525,7.687667,-0.045505,0.065917,-0.097642
776452100.000,YZJ,handheld,手持静止（右手）,recording,5.757668,1.009820,7.796805,-0.050423,0.028991,-0.089472
776452110.000,YZJ,handheld,手持静止（右手）,recording,5.560080,0.985810,7.845487,-0.046680,-0.004864,-0.059252
776452120.000,YZJ,handheld,手持静止（右手）,recording,5.370229,1.003228,7.917024,-0.038633,-0.030700,-0.016050
776452130.000,YZJ,handheld,手持静止（右手）,recording,5.114800,1.015007,7.988271,-0.028457,-0.046322,0.043542
776452140.000,YZJ,handheld,手持静止（右手）,recording,5.042237,1.029663,8.037322,-0.022384,-0.049079,0.101261
776452150.000,YZJ,handheld,手持静止（右手）,recording,5.369021,1.055616,8.086152,-0.015576,-0.041685,0.122225
776452160.000,YZJ,handheld,手持静止（右手）,recording,5.635794,1.001701,8.163422,-0.009686,-0.030863,0.103800
776452170.000,YZJ,handheld,手持静止（右手）,recording,5.883764,0.877648,8.144435,-0.012914,-0.017223,0.063705
776452180.000,YZJ,handheld,手持静止（右手）,recording,6.117866,0.757750,8.108446,-0.027011,0.005377,0.005016
776452190.000,YZJ,handheld,手持静止（右手）,recording,6.084378,0.771836,8.070618,-0.048446,0.018637,-0.058269
776452200.000,YZJ,handheld,手持静止（右手）,recording,5.878686,0.929415,8.040969,-0.065302,0.040339,-0.095566
776452210.000,YZJ,handheld,手持静止（右手）,recording,5.655449,1.168060,8.052318,-0.073585,0.075673,-0.101788
776452220.000,YZJ,handheld,手持静止（右手）,recording,5.480222,1.269531,8.084583,-0.067825,0.098805,-0.089718
776452230.000,YZJ,handheld,手持静止（右手）,recording,5.424946,1.242844,8.192462,-0.045221,0.109330,-0.072282
776452240.000,YZJ,handheld,手持静止（右手）,recording,5.399629,1.174840,8.210327,-0.017991,0.107458,-0.053490
776452250.000,YZJ,handheld,手持静止（右手）,recording,5.364990,1.098129,8.156090,-0.005187,0.102140,-0.026060
776452260.000,YZJ,handheld,手持静止（右手）,recording,5.366206,1.027263,8.118351,-0.007457,0.082912,0.010254
776452270.000,YZJ,handheld,手持静止（右手）,recording,5.492637,1.002873,8.075747,-0.030845,0.067385,0.047449
776452280.000,YZJ,handheld,手持静止（右手）,recording,5.885049,0.980881,8.159838,-0.060901,0.047370,0.052696
776452290.000,YZJ,handheld,手持静止（右手）,recording,6.161631,0.998208,8.230459,-0.077784,0.008422,0.014380
776452300.000,YZJ,handheld,手持静止（右手）,recording,6.129586,1.062794,8.412623,-0.073624,-0.022314,-0.044978
776452310.000,YZJ,handheld,手持静止（右手）,recording,5.893260,1.171814,8.488829,-0.046281,-0.018424,-0.099884
776452320.000,YZJ,handheld,手持静止（右手）,recording,5.500708,1.203974,8.492771,-0.004782,0.007408,-0.130428
776452330.000,YZJ,handheld,手持静止（右手）,recording,5.076950,1.137757,8.449424,0.044338,0.043595,-0.120652
776452340.000,YZJ,handheld,手持静止（右手）,recording,4.766908,1.126501,8.259477,0.072991,0.082223,-0.076019
776452350.000,YZJ,handheld,手持静止（右手）,recording,4.767358,1.101250,8.071056,0.067366,0.116920,-0.018545
776452360.000,YZJ,handheld,手持静止（右手）,recording,5.007971,1.105881,7.884138,0.019068,0.141149,0.030409
776452370.000,YZJ,handheld,手持静止（右手）,recording,5.273549,1.205784,7.746599,-0.050412,0.146388,0.064450
776452380.000,YZJ,handheld,手持静止（右手）,recording,5.585209,1.285983,7.708924,-0.120914,0.138187,0.080561
776452390.000,YZJ,handheld,手持静止（右手）,recording,5.750874,1.246225,7.710897,-0.172888,0.117594,0.088169
776452400.000,YZJ,handheld,手持静止（右手）,recording,5.938392,1.212888,7.811878,-0.202731,0.090480,0.091060
776452410.000,YZJ,handheld,手持静止（右手）,recording,5.982390,1.185437,7.761882,-0.222626,0.040396,0.094897
776452420.000,YZJ,handheld,手持静止（右手）,recording,5.967809,1.110015,7.827392,-0.243520,-0.021886,0.101072
776452430.000,YZJ,handheld,手持静止（右手）,recording,5.847240,1.081954,7.901526,-0.255267,-0.077794,0.105088
776452440.000,YZJ,handheld,手持静止（右手）,recording,5.565261,1.125616,8.064012,-0.248844,-0.128394,0.110290
776452450.000,YZJ,handheld,手持静止（右手）,recording,5.456424,1.109412,8.281542,-0.214782,-0.134495,0.110197
776452460.000,YZJ,handheld,手持静止（右手）,recording,5.536077,1.079429,8.484937,-0.157108,-0.073950,0.093959
776452470.000,YZJ,handheld,手持静止（右手）,recording,5.610606,0.978806,8.555756,-0.090742,-0.005247,0.054303
776452480.000,YZJ,handheld,手持静止（右手）,recording,5.615155,0.863962,8.518365,-0.029157,0.065962,0.001071
776452490.000,YZJ,handheld,手持静止（右手）,recording,5.402393,0.771478,8.258376,0.012867,0.104449,-0.035627
776452500.000,YZJ,handheld,手持静止（右手）,recording,5.213980,0.616468,8.097124,0.025720,0.138378,-0.042877
776452510.000,YZJ,handheld,手持静止（右手）,recording,5.153579,0.506947,7.896654,0.005838,0.149413,-0.030884
776452520.000,YZJ,handheld,手持静止（右手）,recording,5.166411,0.566283,7.793006,-0.036927,0.134156,-0.009071
776452530.000,YZJ,handheld,手持静止（右手）,recording,5.223797,0.619726,7.715253,-0.089260,0.106356,0.016923
776452540.000,YZJ,handheld,手持静止（右手）,recording,5.329018,0.772938,7.798548,-0.142129,0.094261,0.043070
776452550.000,YZJ,handheld,手持静止（右手）,recording,5.463980,0.931031,7.812621,-0.186841,0.066137,0.060124
776452560.000,YZJ,handheld,手持静止（右手）,recording,5.592658,0.968991,7.911803,-0.211357,0.017288,0.063816
776452570.000,YZJ,handheld,手持静止（右手）,recording,5.629639,0.968168,8.017810,-0.217174,-0.039559,0.062339
776452580.000,YZJ,handheld,手持静止（右手）,recording,5.515864,0.951651,8.136864,-0.198976,-0.109125,0.067665
776452590.000,YZJ,handheld,手持静止（右手）,recording,5.333389,0.952284,8.366939,-0.164015,-0.145693,0.092632
776452600.000,YZJ,handheld,手持静止（右手）,recording,5.280466,0.962581,8.521942,-0.123541,-0.148990,0.123821
776452610.000,YZJ,handheld,手持静止（右手）,recording,5.517904,1.003869,8.526551,-0.083477,-0.129911,0.134368
776452620.000,YZJ,handheld,手持静止（右手）,recording,5.783295,1.016698,8.460200,-0.046521,-0.113963,0.104944
776452630.000,YZJ,handheld,手持静止（右手）,recording,6.046244,0.974139,8.401677,-0.016667,-0.094147,0.040142
776452640.000,YZJ,handheld,手持静止（右手）,recording,6.097563,0.914169,8.351874,0.006685,-0.057029,-0.032883
776452650.000,YZJ,handheld,手持静止（右手）,recording,5.852239,0.805839,8.272509,0.023034,-0.025849,-0.086288
776452660.000,YZJ,handheld,手持静止（右手）,recording,5.662057,0.689641,8.198252,0.031529,0.011494,-0.115255
776452670.000,YZJ,handheld,手持静止（右手）,recording,5.504210,0.612121,8.055724,0.023858,0.058218,-0.114247
776452680.000,YZJ,handheld,手持静止（右手）,recording,5.296074,0.605161,7.925486,0.006245,0.072808,-0.087238
776452690.000,YZJ,handheld,手持静止（右手）,recording,5.179894,0.640924,7.844476,-0.017565,0.056214,-0.046073
776452700.000,YZJ,handheld,手持静止（右手）,recording,5.035751,0.588071,7.811470,-0.046112,0.013436,0.006950
776452710.000,YZJ,handheld,手持静止（右手）,recording,5.009594,0.468539,7.843563,-0.077676,-0.030956,0.060895
776452720.000,YZJ,handheld,手持静止（右手）,recording,5.067064,0.389333,7.926850,-0.110045,-0.081218,0.105863
776452730.000,YZJ,handheld,手持静止（右手）,recording,5.164295,0.381515,8.003653,-0.134904,-0.114430,0.129796
776452740.000,YZJ,handheld,手持静止（右手）,recording,5.272472,0.516888,8.062249,-0.150379,-0.124976,0.139436
776452750.000,YZJ,handheld,手持静止（右手）,recording,5.386411,0.713938,8.159584,-0.152780,-0.113239,0.140115
776452760.000,YZJ,handheld,手持静止（右手）,recording,5.635605,0.835054,8.243680,-0.144237,-0.072842,0.123652
776452770.000,YZJ,handheld,手持静止（右手）,recording,5.789244,0.889614,8.283262,-0.119898,-0.046855,0.087515
776452780.000,YZJ,handheld,手持静止（右手）,recording,5.810712,0.871093,8.376367,-0.082754,-0.029350,0.052141
776452790.000,YZJ,handheld,手持静止（右手）,recording,5.743073,0.830887,8.445172,-0.036110,-0.020164,0.024281
776452800.000,YZJ,handheld,手持静止（右手）,recording,5.650082,0.768438,8.370867,0.010304,-0.005822,0.010055
776452810.000,YZJ,handheld,手持静止（右手）,recording,5.576319,0.633985,8.405386,0.045950,0.016401,0.009653
776452820.000,YZJ,handheld,手持静止（右手）,recording,5.602466,0.505162,8.247422,0.059477,0.022680,0.015940
776452830.000,YZJ,handheld,手持静止（右手）,recording,5.732135,0.545087,8.041651,0.056416,0.014139,0.010117
776452840.000,YZJ,handheld,手持静止（右手）,recording,5.866994,0.595954,7.909985,0.043260,-0.006841,-0.011047
776452850.000,YZJ,handheld,手持静止（右手）,recording,5.842064,0.663670,7.843915,0.025983,-0.031368,-0.038143
776452860.000,YZJ,handheld,手持静止（右手）,recording,5.658413,0.679366,7.835265,0.011921,-0.039510,-0.053575
776452870.000,YZJ,handheld,手持静止（右手）,recording,5.373654,0.628521,7.901909,0.004681,-0.031277,-0.049431
776452880.000,YZJ,handheld,手持静止（右手）,recording,5.253380,0.589899,7.982393,0.006275,-0.019329,-0.036391
776452890.000,YZJ,handheld,手持静止（右手）,recording,5.260096,0.534135,8.049580,0.008065,-0.011124,-0.015891
776452900.000,YZJ,handheld,手持静止（右手）,recording,5.190439,0.587353,8.094026,0.008005,-0.006109,0.010574
776452910.000,YZJ,handheld,手持静止（右手）,recording,5.232090,0.619604,8.173759,0.006282,0.001069,0.033822
776452920.000,YZJ,handheld,手持静止（右手）,recording,5.418289,0.657236,8.154870,-0.003399,-0.001683,0.043083
776452930.000,YZJ,handheld,手持静止（右手）,recording,5.577151,0.712151,8.110549,-0.011221,-0.008153,0.034560
776452940.000,YZJ,handheld,手持静止（右手）,recording,5.643344,0.677858,8.078696,-0.018621,-0.011746,0.017938
776452950.000,YZJ,handheld,手持静止（右手）,recording,5.622662,0.657782,8.033071,-0.024160,-0.009577,0.009560
776452960.000,YZJ,handheld,手持静止（右手）,recording,5.495725,0.631489,7.991452,-0.026969,-0.009815,0.010123
776452970.000,YZJ,handheld,手持静止（右手）,recording,5.511439,0.652084,8.009887,-0.029244,-0.007417,0.011158
776452980.000,YZJ,handheld,手持静止（右手）,recording,5.498926,0.682132,8.008426,-0.032762,0.000620,0.012914
776452990.000,YZJ,handheld,手持静止（右手）,recording,5.477163,0.657432,8.014970,-0.034773,0.000593,0.016167
776453000.000,YZJ,handheld,手持静止（右手）,recording,5.537485,0.646317,8.067146,-0.035658,-0.000288,0.019015
776453010.000,YZJ,handheld,手持静止（右手）,recording,5.557613,0.665258,8.100437,-0.027340,-0.000541,0.023932
776453020.000,YZJ,handheld,手持静止（右手）,recording,5.477053,0.633130,8.122907,-0.013332,-0.003759,0.033115
776453030.000,YZJ,handheld,手持静止（右手）,recording,5.381802,0.664160,8.119567,-0.002171,-0.013223,0.051086
776453040.000,YZJ,handheld,手持静止（右手）,recording,5.391541,0.704823,8.030278,0.005587,-0.014079,0.069408
776453050.000,YZJ,handheld,手持静止（右手）,recording,5.520135,0.655170,8.026446,0.006693,-0.018385,0.073380
776453060.000,YZJ,handheld,手持静止（右手）,recording,5.682884,0.565892,7.989240,0.000490,-0.023960,0.058348
776453070.000,YZJ,handheld,手持静止（右手）,recording,5.818553,0.526579,8.005646,-0.014327,-0.032018,0.031058
776453080.000,YZJ,handheld,手持静止（右手）,recording,5.925586,0.570386,8.061128,-0.033766,-0.017783,-0.001776
776453090.000,YZJ,handheld,手持静止（右手）,recording,5.854615,0.622403,8.077284,-0.046032,-0.009445,-0.025023
776453100.000,YZJ,handheld,手持静止（右手）,recording,5.797955,0.605921,8.106741,-0.048521,0.009188,-0.037009
776453110.000,YZJ,handheld,手持静止（右手）,recording,5.745278,0.570095,8.067350,-0.043407,0.014761,-0.041163
776453120.000,YZJ,handheld,手持静止（右手）,recording,5.545178,0.553192,8.013330,-0.033631,0.003049,-0.028101
776453130.000,YZJ,handheld,手持静止（右手）,recording,5.345390,0.530051,7.996307,-0.025959,-0.009607,0.004170
776453140.000,YZJ,handheld,手持静止（右手）,recording,5.145266,0.478204,8.004946,-0.023320,-0.015571,0.051516
776453150.000,YZJ,handheld,手持静止（右手）,recording,5.214607,0.461374,8.037636,-0.031031,-0.017950,0.092815
776453160.000,YZJ,handheld,手持静止（右手）,recording,5.508407,0.468441,8.079583,-0.048079,-0.019874,0.108530
776453170.000,YZJ,handheld,手持静止（右手）,recording,5.796817,0.522731,8.112875,-0.067229,-0.027585,0.090518
776453180.000,YZJ,handheld,手持静止（右手）,recording,6.010720,0.578674,8.129323,-0.084109,-0.040091,0.052611
776453190.000,YZJ,handheld,手持静止（右手）,recording,6.028786,0.612671,8.207256,-0.087057,-0.054290,0.011334
776453200.000,YZJ,handheld,手持静止（右手）,recording,5.875203,0.674699,8.291731,-0.068786,-0.062942,-0.012880
776453210.000,YZJ,handheld,手持静止（右手）,recording,5.666916,0.710598,8.364929,-0.029066,-0.066729,-0.018112
776453220.000,YZJ,handheld,手持静止（右手）,recording,5.530682,0.735891,8.385446,0.015221,-0.070988,-0.010713
776453230.000,YZJ,handheld,手持静止（右手）,recording,5.388809,0.654397,8.404889,0.055338,-0.054196,0.007118
776453240.000,YZJ,handheld,手持静止（右手）,recording,5.428615,0.622556,8.409749,0.090131,-0.017875,0.021107
776453250.000,YZJ,handheld,手持静止（右手）,recording,5.441412,0.568922,8.247292,0.111961,0.009384,0.021545
776453260.000,YZJ,handheld,手持静止（右手）,recording,5.556816,0.490875,8.112128,0.113720,0.034281,0.007688
776453270.000,YZJ,handheld,手持静止（右手）,recording,5.720016,0.435650,7.931355,0.094355,0.051539,-0.019027
776453280.000,YZJ,handheld,手持静止（右手）,recording,5.785671,0.477172,7.738787,0.059503,0.049279,-0.050528
776453290.000,YZJ,handheld,手持静止（右手）,recording,5.702736,0.427671,7.631838,0.012312,0.021419,-0.066873
776453300.000,YZJ,handheld,手持静止（右手）,recording,5.442029,0.400941,7.543743,-0.034109,-0.018476,-0.047874
776453310.000,YZJ,handheld,手持静止（右手）,recording,5.106922,0.402284,7.710344,-0.071061,-0.031429,0.007017
776453320.000,YZJ,handheld,手持静止（右手）,recording,5.187678,0.449665,7.979292,-0.095439,-0.007142,0.065572
776453330.000,YZJ,handheld,手持静止（右手）,recording,5.484817,0.626159,8.057952,-0.102363,0.017061,0.083261
776453340.000,YZJ,handheld,手持静止（右手）,recording,5.873774,0.745776,8.194221,-0.088389,0.035178,0.042183
776453350.000,YZJ,handheld,手持静止（右手）,recording,6.182601,0.768624,8.291725,-0.058288,0.053626,-0.029692
776453360.000,YZJ,handheld,手持静止（右手）,recording,6.099974,0.772345,8.326164,-0.012782,0.046944,-0.102187
776453370.000,YZJ,handheld,手持静止（右手）,recording,5.736245,0.707582,8.373391,0.039865,0.020668,-0.139346
776453380.000,YZJ,handheld,手持静止（右手）,recording,5.308054,0.612431,8.310206,0.089941,-0.007296,-0.115556
776453390.000,YZJ,handheld,手持静止（右手）,recording,4.984244,0.504148,8.214319,0.120892,-0.013895,-0.043786
776453400.000,YZJ,handheld,手持静止（右手）,recording,4.914982,0.401235,7.968824,0.120589,-0.021903,0.032179
776453410.000,YZJ,handheld,手持静止（右手）,recording,5.156062,0.365052,7.720036,0.087359,-0.024644,0.080794
776453420.000,YZJ,handheld,手持静止（右手）,recording,5.499142,0.359083,7.614068,0.029558,-0.015784,0.087126
776453430.000,YZJ,handheld,手持静止（右手）,recording,5.804242,0.388687,7.606229,-0.035774,0.003715,0.060239
776453440.000,YZJ,handheld,手持静止（右手）,recording,5.931817,0.425420,7.613618,-0.093503,0.003765,0.023571
776453450.000,YZJ,handheld,手持静止（右手）,recording,5.937573,0.480895,7.777993,-0.131069,-0.007129,-0.008139
776453460.000,YZJ,handheld,手持静止（右手）,recording,5.882143,0.552696,7.936789,-0.144274,-0.028615,-0.022853
776453470.000,YZJ,handheld,手持静止（右手）,recording,5.626326,0.615697,8.145007,-0.131294,-0.050459,-0.007618
776453480.000,YZJ,handheld,手持静止（右手）,recording,5.406366,0.624167,8.343657,-0.100048,-0.060362,0.032174
776453490.000,YZJ,handheld,手持静止（右手）,recording,5.412030,0.617789,8.520165,-0.059068,-0.048172,0.072182
776453500.000,YZJ,handheld,手持静止（右手）,recording,5.675463,0.694077,8.526901,-0.017423,-0.028611,0.085350
776453510.000,YZJ,handheld,手持静止（右手）,recording,5.889979,0.731317,8.384073,0.017839,-0.025510,0.061784
776453520.000,YZJ,handheld,手持静止（右手）,recording,6.055138,0.664869,8.293451,0.042756,-0.026309,0.019972
776453530.000,YZJ,handheld,手持静止（右手）,recording,6.016327,0.570066,8.180178,0.054726,-0.034386,-0.022153
776453540.000,YZJ,handheld,手持静止（右手）,recording,5.859115,0.557909,8.017265,0.054128,-0.043753,-0.050940
776453550.000,YZJ,handheld,手持静止（右手）,recording,5.549296,0.493976,7.935861,0.043856,-0.044011,-0.048345
776453560.000,YZJ,handheld,手持静止（右手）,recording,5.326080,0.437016,7.899621,0.024675,-0.029091,-0.021025
776453570.000,YZJ,handheld,手持静止（右手）,recording,5.442754,0.435145,7.852142,-0.000741,-0.001394,0.001417
776453580.000,YZJ,handheld,手持静止（右手）,recording,5.527322,0.484132,7.781489,-0.024016,0.013218,0.012646
776453590.000,YZJ,handheld,手持静止（右手）,recording,5.596567,0.550582,7.881477,-0.039774,0.024720,0.009184
776453600.000,YZJ,handheld,手持静止（右手）,recording,5.682181,0.632842,7.856047,-0.045506,0.023156,-0.002398
776453610.000,YZJ,handheld,手持静止（右手）,recording,5.645729,0.657972,7.888907,-0.041471,0.005749,-0.012065
776453620.000,YZJ,handheld,手持静止（右手）,recording,5.497918,0.541177,7.890696,-0.038837,-0.002023,-0.008509
776453630.000,YZJ,handheld,手持静止（右手）,recording,5.390502,0.429179,7.972760,-0.033123,-0.005226,0.013228
776453640.000,YZJ,handheld,手持静止（右手）,recording,5.367711,0.357159,7.955396,-0.033686,-0.022764,0.037985
776453650.000,YZJ,handheld,手持静止（右手）,recording,5.504151,0.381067,7.880532,-0.047922,-0.040609,0.053067
776453660.000,YZJ,handheld,手持静止（右手）,recording,5.618254,0.451695,8.006540,-0.069894,-0.043559,0.060816
776453670.000,YZJ,handheld,手持静止（右手）,recording,5.772399,0.583496,8.127848,-0.088010,-0.029313,0.055234
776453680.000,YZJ,handheld,手持静止（右手）,recording,5.903085,0.674247,8.172845,-0.095081,-0.013701,0.027865
776453690.000,YZJ,handheld,手持静止（右手）,recording,5.958243,0.734562,8.302241,-0.073815,0.005888,-0.016599
776453700.000,YZJ,handheld,手持静止（右手）,recording,5.826443,0.691518,8.412333,-0.033329,0.022070,-0.053034
776453710.000,YZJ,handheld,手持静止（右手）,recording,5.621430,0.635978,8.458168,0.015900,0.035056,-0.067476
776453720.000,YZJ,handheld,手持静止（右手）,recording,5.422927,0.559707,8.402595,0.061774,0.037060,-0.056240
776453730.000,YZJ,handheld,手持静止（右手）,recording,5.309013,0.413920,8.274449,0.091671,0.026811,-0.029941
776453740.000,YZJ,handheld,手持静止（右手）,recording,5.355499,0.298264,8.127916,0.089623,0.016660,-0.002161
776453750.000,YZJ,handheld,手持静止（右手）,recording,5.532133,0.365449,7.995376,0.063382,0.008865,0.016283
776453760.000,YZJ,handheld,手持静止（右手）,recording,5.631235,0.439831,7.796942,0.022372,-0.000837,0.020743
776453770.000,YZJ,handheld,手持静止（右手）,recording,5.757598,0.448633,7.795061,-0.022137,-0.005463,0.014761
776453780.000,YZJ,handheld,手持静止（右手）,recording,5.777031,0.504968,7.823610,-0.056532,-0.004613,0.002757
776453790.000,YZJ,handheld,手持静止（右手）,recording,5.743364,0.512727,7.883321,-0.072119,-0.012412,-0.002119
776453800.000,YZJ,handheld,手持静止（右手）,recording,5.654934,0.487720,8.012075,-0.069848,-0.024502,0.004566
776453810.000,YZJ,handheld,手持静止（右手）,recording,5.508438,0.479374,8.185502,-0.054418,-0.031968,0.023792
776453820.000,YZJ,handheld,手持静止（右手）,recording,5.482590,0.513635,8.289112,-0.034862,-0.027723,0.045636
776453830.000,YZJ,handheld,手持静止（右手）,recording,5.618712,0.602284,8.340680,-0.015321,-0.022512,0.048426
776453840.000,YZJ,handheld,手持静止（右手）,recording,5.698935,0.670870,8.280211,0.004986,-0.018763,0.029378
776453850.000,YZJ,handheld,手持静止（右手）,recording,5.709027,0.636232,8.305480,0.028715,-0.005061,-0.002060
776453860.000,YZJ,handheld,手持静止（右手）,recording,5.699530,0.544115,8.283933,0.051963,0.015049,-0.037440
776453870.000,YZJ,handheld,手持静止（右手）,recording,5.565603,0.458737,8.144313,0.072367,0.023897,-0.063493
776453880.000,YZJ,handheld,手持静止（右手）,recording,5.449764,0.405259,8.047085,0.082365,0.039852,-0.072448
776453890.000,YZJ,handheld,手持静止（右手）,recording,5.298298,0.351004,7.870442,0.073746,0.047251,-0.066552
776453900.000,YZJ,handheld,手持静止（右手）,recording,5.215120,0.400305,7.742201,0.052860,0.067387,-0.043716
776453910.000,YZJ,handheld,手持静止（右手）,recording,5.207212,0.428386,7.729567,0.027804,0.074333,-0.012805
776453920.000,YZJ,handheld,手持静止（右手）,recording,5.339780,0.489698,7.759636,0.003496,0.073277,0.006365
776453930.000,YZJ,handheld,手持静止（右手）,recording,5.408077,0.503660,7.750925,-0.015569,0.053203,0.023975
776453940.000,YZJ,handheld,手持静止（右手）,recording,5.472177,0.468589,7.850787,-0.034009,0.033274,0.042565
776453950.000,YZJ,handheld,手持静止（右手）,recording,5.523332,0.433616,7.820814,-0.051239,0.006735,0.059167
776453960.000,YZJ,handheld,手持静止（右手）,recording,5.601919,0.452302,7.909729,-0.062807,-0.027885,0.072436
776453970.000,YZJ,handheld,手持静止（右手）,recording,5.584176,0.484602,7.939771,-0.071646,-0.054285,0.087634
776453980.000,YZJ,handheld,手持静止（右手）,recording,5.603161,0.513355,8.015540,-0.078863,-0.057398,0.103087
776453990.000,YZJ,handheld,手持静止（右手）,recording,5.724559,0.524625,8.101923,-0.086118,-0.038483,0.104748
776454000.000,YZJ,handheld,手持静止（右手）,recording,5.972275,0.569347,8.196745,-0.090132,-0.007495,0.076696
776454010.000,YZJ,handheld,手持静止（右手）,recording,6.133309,0.639903,8.250179,-0.081272,0.015704,0.026697
776454020.000,YZJ,handheld,手持静止（右手）,recording,6.078001,0.710182,8.334675,-0.057619,0.035401,-0.024389
776454030.000,YZJ,handheld,手持静止（右手）,recording,5.890302,0.639992,8.377073,-0.025905,0.046639,-0.060119
776454040.000,YZJ,handheld,手持静止（右手）,recording,5.682947,0.548662,8.390011,0.012687,0.056562,-0.067282
776454050.000,YZJ,handheld,手持静止（右手）,recording,5.458020,0.378479,8.346186,0.047301,0.045696,-0.046901
776454060.000,YZJ,handheld,手持静止（右手）,recording,5.382861,0.315010,8.239887,0.063017,0.027912,-0.012183
776454070.000,YZJ,handheld,手持静止（右手）,recording,5.360115,0.341554,8.054968,0.056208,0.008299,0.023700
776454080.000,YZJ,handheld,手持静止（右手）,recording,5.398521,0.383400,7.999883,0.032638,-0.004052,0.055143
776454090.000,YZJ,handheld,手持静止（右手）,recording,5.588058,0.473011,8.027717,0.004370,-0.006563,0.069659
776454100.000,YZJ,handheld,手持静止（右手）,recording,5.765361,0.511514,8.058427,-0.016660,-0.008949,0.058819
776454110.000,YZJ,handheld,手持静止（右手）,recording,5.979013,0.502760,8.127044,-0.026144,-0.011465,0.025548
776454120.000,YZJ,handheld,手持静止（右手）,recording,5.977725,0.509129,8.094943,-0.022619,-0.014199,-0.012276
776454130.000,YZJ,handheld,手持静止（右手）,recording,5.786758,0.488318,8.147365,-0.007385,-0.011552,-0.030629
776454140.000,YZJ,handheld,手持静止（右手）,recording,5.593937,0.474869,8.186731,0.016049,-0.006907,-0.023609
776454150.000,YZJ,handheld,手持静止（右手）,recording,5.415292,0.452597,8.135934,0.034224,-0.000070,0.000133
776454160.000,YZJ,handheld,手持静止（右手）,recording,5.443891,0.349830,8.091034,0.037152,0.010412,0.028132
776454170.000,YZJ,handheld,手持静止（右手）,recording,5.623580,0.317197,7.986984,0.025553,0.013856,0.036874
776454180.000,YZJ,handheld,手持静止（右手）,recording,5.758893,0.394477,7.916543,0.003806,0.001988,0.025687
776454190.000,YZJ,handheld,手持静止（右手）,recording,5.763054,0.419045,7.931771,-0.018968,-0.002048,0.015210
776454200.000,YZJ,handheld,手持静止（右手）,recording,5.747723,0.456894,7.989936,-0.036685,-0.000200,0.008277
776454210.000,YZJ,handheld,手持静止（右手）,recording,5.748085,0.544825,8.065893,-0.041450,-0.006357,0.003656
776454220.000,YZJ,handheld,手持静止（右手）,recording,5.705958,0.610425,8.155821,-0.031004,-0.016038,0.002982
776454230.000,YZJ,handheld,手持静止（右手）,recording,5.631748,0.564373,8.226447,-0.009272,-0.022503,0.004839
776454240.000,YZJ,handheld,手持静止（右手）,recording,5.671289,0.442466,8.223742,0.012180,-0.024794,0.001406
776454250.000,YZJ,handheld,手持静止（右手）,recording,5.673336,0.381439,8.192408,0.034803,-0.026594,-0.008110
776454260.000,YZJ,handheld,手持静止（右手）,recording,5.566348,0.357145,8.165008,0.048615,-0.031541,-0.009492
776454270.000,YZJ,handheld,手持静止（右手）,recording,5.473847,0.378368,8.102906,0.048484,-0.027305,0.001740
776454280.000,YZJ,handheld,手持静止（右手）,recording,5.509470,0.414019,8.037795,0.034673,-0.026182,0.011960
776454290.000,YZJ,handheld,手持静止（右手）,recording,5.556487,0.463484,7.947788,0.013630,-0.022878,0.012958
776454300.000,YZJ,handheld,手持静止（右手）,recording,5.555563,0.502650,7.904814,-0.007601,-0.020087,0.014115
776454310.000,YZJ,handheld,手持静止（右手）,recording,5.574462,0.495282,7.975977,-0.021002,-0.006256,0.016801
776454320.000,YZJ,handheld,手持静止（右手）,recording,5.615544,0.481544,8.022598,-0.024313,0.001823,0.010435
776454330.000,YZJ,handheld,手持静止（右手）,recording,5.704669,0.496065,7.981134,-0.023211,-0.000057,-0.004983
776454340.000,YZJ,handheld,手持静止（右手）,recording,5.665429,0.498272,8.062439,-0.018363,-0.006296,-0.018277
776454350.000,YZJ,handheld,手持静止（右手）,recording,5.555241,0.489302,8.131210,-0.007634,-0.013923,-0.019213
776454360.000,YZJ,handheld,手持静止（右手）,recording,5.436321,0.440920,8.109822,0.000112,-0.021394,-0.012799
776454370.000,YZJ,handheld,手持静止（右手）,recording,5.397098,0.442529,8.118756,0.003085,-0.023782,-0.007108
776454380.000,YZJ,handheld,手持静止（右手）,recording,5.340750,0.487735,8.069615,0.000829,-0.019201,-0.002396
776454390.000,YZJ,handheld,手持静止（右手）,recording,5.327616,0.506212,8.113484,-0.001898,-0.004177,0.007194
776454400.000,YZJ,handheld,手持静止（右手）,recording,5.440929,0.545728,8.110543,-0.004684,0.019968,0.013376
776454410.000,YZJ,handheld,手持静止（右手）,recording,5.575524,0.548626,8.078814,-0.000578,0.029269,0.006068
776454420.000,YZJ,handheld,手持静止（右手）,recording,5.766351,0.540071,8.120192,0.008105,0.038170,-0.011501
776454430.000,YZJ,handheld,手持静止（右手）,recording,5.794128,0.538870,8.109475,0.022181,0.040455,-0.031546
776454440.000,YZJ,handheld,手持静止（右手）,recording,5.631422,0.483267,8.085641,0.038718,0.033240,-0.034431
776454450.000,YZJ,handheld,手持静止（右手）,recording,5.446733,0.386234,7.979020,0.048742,0.020552,-0.017190
776454460.000,YZJ,handheld,手持静止（右手）,recording,5.328385,0.352033,7.929074,0.043299,0.012524,0.010453
776454470.000,YZJ,handheld,手持静止（右手）,recording,5.295735,0.389887,7.959922,0.025115,0.005565,0.042215
776454480.000,YZJ,handheld,手持静止（右手）,recording,5.500012,0.450241,8.014292,-0.002520,0.002693,0.061776
776454490.000,YZJ,handheld,手持静止（右手）,recording,5.663502,0.463879,8.034787,-0.028697,-0.007717,0.063734
776454500.000,YZJ,handheld,手持静止（右手）,recording,5.831212,0.513408,8.097487,-0.044834,-0.017572,0.049332
776454510.000,YZJ,handheld,手持静止（右手）,recording,5.959236,0.538493,8.147304,-0.046500,-0.023445,0.027696
776454520.000,YZJ,handheld,手持静止（右手）,recording,5.920261,0.549214,8.215157,-0.032323,-0.025841,0.010735
776454530.000,YZJ,handheld,手持静止（右手）,recording,5.765766,0.461341,8.245609,-0.005376,-0.022676,0.006509
776454540.000,YZJ,handheld,手持静止（右手）,recording,5.639482,0.383774,8.216342,0.021026,-0.018167,0.010375
776454550.000,YZJ,handheld,手持静止（右手）,recording,5.572663,0.398884,8.115650,0.039369,-0.011233,0.017002
776454560.000,YZJ,handheld,手持静止（右手）,recording,5.609607,0.410708,8.029411,0.044997,0.004976,0.019151
776454570.000,YZJ,handheld,手持静止（右手）,recording,5.645747,0.422471,7.994554,0.037446,0.016964,0.015470
776454580.000,YZJ,handheld,手持静止（右手）,recording,5.685167,0.420695,8.011654,0.021420,0.028946,0.010823
776454590.000,YZJ,handheld,手持静止（右手）,recording,5.748130,0.404945,8.026026,0.005090,0.033437,0.003766
776454600.000,YZJ,handheld,手持静止（右手）,recording,5.852035,0.397855,8.032334,-0.007323,0.027312,-0.009458
776454610.000,YZJ,handheld,手持静止（右手）,recording,5.837789,0.382795,8.045311,-0.015808,0.011061,-0.021876
776454620.000,YZJ,handheld,手持静止（右手）,recording,5.794920,0.394889,8.028982,-0.017251,-0.003107,-0.023262
776454630.000,YZJ,handheld,手持静止（右手）,recording,5.659786,0.448613,8.014474,-0.010059,-0.024090,-0.012523
776454640.000,YZJ,handheld,手持静止（右手）,recording,5.568632,0.493978,8.056850,0.000618,-0.046377,0.003426
776454650.000,YZJ,handheld,手持静止（右手）,recording,5.529086,0.506325,8.025853,0.011069,-0.046377,0.022021
776454660.000,YZJ,handheld,手持静止（右手）,recording,5.513010,0.450159,8.070013,0.018281,-0.024566,0.029487
776454670.000,YZJ,handheld,手持静止（右手）,recording,5.574894,0.419863,8.041338,0.022747,0.006618,0.014214
776454680.000,YZJ,handheld,手持静止（右手）,recording,5.579718,0.402607,7.976852,0.020991,0.043036,-0.013539
776454690.000,YZJ,handheld,手持静止（右手）,recording,5.450153,0.396118,7.881729,0.020771,0.086558,-0.037604
776454700.000,YZJ,handheld,手持静止（右手）,recording,5.244575,0.276189,7.835820,0.014218,0.121034,-0.046315
776454710.000,YZJ,handheld,手持静止（右手）,recording,5.213009,0.157362,7.816372,-0.003299,0.153650,-0.038529
776454720.000,YZJ,handheld,手持静止（右手）,recording,5.263890,0.122765,7.712819,-0.032875,0.142071,-0.024994
776454730.000,YZJ,handheld,手持静止（右手）,recording,5.443332,0.178724,7.824007,-0.069514,0.126207,-0.013076
776454740.000,YZJ,handheld,手持静止（右手）,recording,5.600117,0.382931,7.856426,-0.102375,0.092425,-0.001655
776454750.000,YZJ,handheld,手持静止（右手）,recording,5.726829,0.576746,7.997731,-0.120295,0.059982,0.009156
776454760.000,YZJ,handheld,手持静止（右手）,recording,5.768634,0.665210,8.144074,-0.113357,0.020860,0.014464
776454770.000,YZJ,handheld,手持静止（右手）,recording,5.720220,0.693982,8.292142,-0.080240,-0.019304,0.021633
776454780.000,YZJ,handheld,手持静止（右手）,recording,5.602217,0.667083,8.429068,-0.031813,-0.044052,0.038228
776454790.000,YZJ,handheld,手持静止（右手）,recording,5.538753,0.602065,8.438400,0.017306,-0.057742,0.054503
776454800.000,YZJ,handheld,手持静止（右手）,recording,5.666218,0.465131,8.324201,0.046708,-0.054058,0.046280
776454810.000,YZJ,handheld,手持静止（右手）,recording,5.859453,0.351981,8.139582,0.048434,-0.039227,0.016335
776454820.000,YZJ,handheld,手持静止（右手）,recording,5.823608,0.343964,8.003105,0.029669,-0.024118,-0.016808
776454830.000,YZJ,handheld,手持静止（右手）,recording,5.666600,0.401992,7.907784,-0.000249,-0.004217,-0.035281
776454840.000,YZJ,handheld,手持静止（右手）,recording,5.564757,0.454885,7.853522,-0.030291,0.011793,-0.037919
776454850.000,YZJ,handheld,手持静止（右手）,recording,5.523788,0.401019,7.914114,-0.053845,0.020692,-0.031613
776454860.000,YZJ,handheld,手持静止（右手）,recording,5.446420,0.398557,8.074623,-0.061529,0.018468,-0.016426
776454870.000,YZJ,handheld,手持静止（右手）,recording,5.425677,0.419594,8.207438,-0.056575,0.014369,0.004926
776454880.000,YZJ,handheld,手持静止（右手）,recording,5.429086,0.483466,8.353012,-0.036457,0.000489,0.030532
776454890.000,YZJ,handheld,手持静止（右手）,recording,5.563266,0.497067,8.463101,-0.013142,-0.010449,0.044608
776454900.000,YZJ,handheld,手持静止（右手）,recording,5.727825,0.518796,8.469957,0.009916,-0.030000,0.040970
776454910.000,YZJ,handheld,手持静止（右手）,recording,5.852073,0.490414,8.439121,0.029131,-0.044596,0.020460
776454920.000,YZJ,handheld,手持静止（右手）,recording,5.832390,0.484595,8.346335,0.044754,-0.053390,-0.006267
776454930.000,YZJ,handheld,手持静止（右手）,recording,5.684407,0.486301,8.255876,0.056533,-0.057911,-0.024694
776454940.000,YZJ,handheld,手持静止（右手）,recording,5.530392,0.454317,8.160153,0.060816,-0.044075,-0.023494
776454950.000,YZJ,handheld,手持静止（右手）,recording,5.485829,0.423673,8.098608,0.057654,-0.028496,-0.014440
776454960.000,YZJ,handheld,手持静止（右手）,recording,5.553165,0.403282,8.001544,0.045225,-0.017897,-0.010278
776454970.000,YZJ,handheld,手持静止（右手）,recording,5.616638,0.403213,7.988178,0.029176,-0.008782,-0.014940
776454980.000,YZJ,handheld,手持静止（右手）,recording,5.665908,0.401688,8.017585,0.012886,0.006632,-0.024009
776454990.000,YZJ,handheld,手持静止（右手）,recording,5.708591,0.430971,7.993053,0.003371,0.016961,-0.037018
776455000.000,YZJ,handheld,手持静止（右手）,recording,5.686971,0.467180,8.011339,-0.003929,0.019720,-0.049705
776455010.000,YZJ,handheld,手持静止（右手）,recording,5.665801,0.426369,7.992623,-0.006250,0.020442,-0.058335
776455020.000,YZJ,handheld,手持静止（右手）,recording,5.444189,0.411073,7.966341,-0.005563,0.006098,-0.048239
776455030.000,YZJ,handheld,手持静止（右手）,recording,5.299677,0.407879,7.967105,-0.002271,-0.004331,-0.021306
776455040.000,YZJ,handheld,手持静止（右手）,recording,5.254107,0.435690,7.945718,-0.003858,-0.009676,0.009348
776455050.000,YZJ,handheld,手持静止（右手）,recording,5.336925,0.435929,7.975089,-0.011333,-0.018180,0.033998
776455060.000,YZJ,handheld,手持静止（右手）,recording,5.503664,0.452587,8.039541,-0.015450,-0.016610,0.040512
776455070.000,YZJ,handheld,手持静止（右手）,recording,5.703589,0.514928,8.063959,-0.015746,-0.016302,0.022853
776455080.000,YZJ,handheld,手持静止（右手）,recording,5.908350,0.521716,8.078291,-0.008040,-0.004829,-0.010097
776455090.000,YZJ,handheld,手持静止（右手）,recording,5.818751,0.483872,8.094797,0.007375,-0.000041,-0.041879
776455100.000,YZJ,handheld,手持静止（右手）,recording,5.589224,0.423740,8.054952,0.028618,0.000628,-0.052238
776455110.000,YZJ,handheld,手持静止（右手）,recording,5.433859,0.373330,8.031744,0.043673,0.004671,-0.038937
776455120.000,YZJ,handheld,手持静止（右手）,recording,5.326293,0.328308,7.935304,0.041249,0.005667,-0.013441
776455130.000,YZJ,handheld,手持静止（右手）,recording,5.361676,0.261247,7.849729,0.020594,0.002461,0.005184
776455140.000,YZJ,handheld,手持静止（右手）,recording,5.399656,0.280918,7.818925,-0.013613,-0.006284,0.017408
776455150.000,YZJ,handheld,手持静止（右手）,recording,5.519166,0.321769,7.891808,-0.051778,-0.010599,0.021712
776455160.000,YZJ,handheld,手持静止（右手）,recording,5.583348,0.397041,7.953159,-0.077955,-0.009146,0.021281
776455170.000,YZJ,handheld,手持静止（右手）,recording,5.518790,0.500466,8.068301,-0.086307,-0.017054,0.022766
776455180.000,YZJ,handheld,手持静止（右手）,recording,5.577183,0.553758,8.185898,-0.077072,-0.017418,0.027019
776455190.000,YZJ,handheld,手持静止（右手）,recording,5.563876,0.625441,8.264950,-0.052505,-0.016895,0.029491
776455200.000,YZJ,handheld,手持静止（右手）,recording,5.553986,0.627211,8.288886,-0.021561,-0.019047,0.029437
776455210.000,YZJ,handheld,手持静止（右手）,recording,5.613615,0.531428,8.367066,0.008927,-0.004216,0.023004
776455220.000,YZJ,handheld,手持静止（右手）,recording,5.790690,0.433289,8.373575,0.032303,0.009238,0.005714
776455230.000,YZJ,handheld,手持静止（右手）,recording,5.875598,0.459564,8.238275,0.041991,0.005269,-0.019034
776455240.000,YZJ,handheld,手持静止（右手）,recording,5.795884,0.473987,8.174837,0.039435,0.004925,-0.031074
776455250.000,YZJ,handheld,手持静止（右手）,recording,5.634889,0.435834,8.047191,0.027816,0.002116,-0.028071
776455260.000,YZJ,handheld,手持静止（右手）,recording,5.495663,0.450299,7.986923,0.010605,0.000645,-0.016898
776455270.000,YZJ,handheld,手持静止（右手）,recording,5.439368,0.450085,7.932241,-0.006120,0.003260,-0.002230
776455280.000,YZJ,handheld,手持静止（右手）,recording,5.413860,0.419172,7.981530,-0.018898,0.003925,0.011099
776455290.000,YZJ,handheld,手持静止（右手）,recording,5.571790,0.378811,8.059118,-0.026407,0.003858,0.009889
776455300.000,YZJ,handheld,手持静止（右手）,recording,5.752663,0.397289,8.119962,-0.027945,-0.001750,-0.004297
776455310.000,YZJ,handheld,手持静止（右手）,recording,5.741360,0.475435,8.179900,-0.024183,-0.014123,-0.018439
776455320.000,YZJ,handheld,手持静止（右手）,recording,5.683593,0.542720,8.239227,-0.012112,-0.021452,-0.022214
776455330.000,YZJ,handheld,手持静止（右手）,recording,5.569240,0.564493,8.226317,0.003851,-0.032724,-0.014155
776455340.000,YZJ,handheld,手持静止（右手）,recording,5.405120,0.491186,8.208658,0.019696,-0.037644,0.004050
776455350.000,YZJ,handheld,手持静止（右手）,recording,5.347727,0.417054,8.155931,0.031057,-0.031817,0.024828
776455360.000,YZJ,handheld,手持静止（右手）,recording,5.351521,0.379168,8.003353,0.031905,-0.030578,0.039559
776455370.000,YZJ,handheld,手持静止（右手）,recording,5.354005,0.355019,7.939389,0.020596,-0.008208,0.049749
776455380.000,YZJ,handheld,手持静止（右手）,recording,5.526815,0.348151,7.974724,-0.001451,0.024886,0.046206
776455390.000,YZJ,handheld,手持静止（右手）,recording,5.865484,0.399657,7.979367,-0.027133,0.044727,0.018017
776455400.000,YZJ,handheld,手持静止（右手）,recording,6.020152,0.512505,8.038194,-0.047010,0.042032,-0.021405
776455410.000,YZJ,handheld,手持静止（右手）,recording,6.057431,0.597890,8.208607,-0.045857,0.036116,-0.054199
776455420.000,YZJ,handheld,手持静止（右手）,recording,5.864719,0.624144,8.357971,-0.021460,0.015544,-0.065804
776455430.000,YZJ,handheld,手持静止（右手）,recording,5.668935,0.554477,8.372151,0.014867,-0.014722,-0.059741
776455440.000,YZJ,handheld,手持静止（右手）,recording,5.450969,0.437418,8.332317,0.052869,-0.032408,-0.041383
776455450.000,YZJ,handheld,手持静止（右手）,recording,5.242142,0.367312,8.210598,0.079150,-0.039030,-0.016523
776455460.000,YZJ,handheld,手持静止（右手）,recording,5.085340,0.312742,8.056675,0.087007,-0.021555,0.010986
776455470.000,YZJ,handheld,手持静止（右手）,recording,5.021918,0.286605,7.920014,0.076483,0.001595,0.036930
776455480.000,YZJ,handheld,手持静止（右手）,recording,5.169522,0.262648,7.798090,0.053691,0.038229,0.051952
776455490.000,YZJ,handheld,手持静止（右手）,recording,5.269632,0.191386,7.792658,0.022653,0.090395,0.050802
776455500.000,YZJ,handheld,手持静止（右手）,recording,5.682372,0.176417,7.754371,-0.014952,0.139154,0.020503
776455510.000,YZJ,handheld,手持静止（右手）,recording,5.921551,0.266349,7.743538,-0.046056,0.164366,-0.023816
776455520.000,YZJ,handheld,手持静止（右手）,recording,5.860079,0.346114,7.821722,-0.063288,0.172898,-0.059541
776455530.000,YZJ,handheld,手持静止（右手）,recording,5.822283,0.440339,7.934474,-0.065464,0.167171,-0.074915
776455540.000,YZJ,handheld,手持静止（右手）,recording,5.814233,0.490929,8.041669,-0.055043,0.139755,-0.072526
776455550.000,YZJ,handheld,手持静止（右手）,recording,5.711630,0.489504,8.149698,-0.039144,0.096745,-0.053440
776455560.000,YZJ,handheld,手持静止（右手）,recording,5.615863,0.568362,8.242596,-0.023188,0.065023,-0.022090
776455570.000,YZJ,handheld,手持静止（右手）,recording,5.561575,0.569543,8.295869,-0.007233,0.043768,0.010984
776455580.000,YZJ,handheld,手持静止（右手）,recording,5.632371,0.553757,8.300882,0.008262,0.035779,0.028539
776455590.000,YZJ,handheld,手持静止（右手）,recording,5.742231,0.531595,8.202081,0.020305,0.020118,0.021329
776455600.000,YZJ,handheld,手持静止（右手）,recording,5.823494,0.470991,8.088404,0.023810,0.005009,-0.003794
776455610.000,YZJ,handheld,手持静止（右手）,recording,5.831385,0.390353,8.058153,0.017379,-0.011446,-0.029909
776455620.000,YZJ,handheld,手持静止（右手）,recording,5.753531,0.328625,8.004401,-0.002042,-0.022129,-0.046622
776455630.000,YZJ,handheld,手持静止（右手）,recording,5.649384,0.256911,8.031726,-0.028078,-0.036988,-0.050850
776455640.000,YZJ,handheld,手持静止（右手）,recording,5.588430,0.333004,8.091482,-0.049506,-0.043866,-0.044934
776455650.000,YZJ,handheld,手持静止（右手）,recording,5.487837,0.441946,8.208196,-0.062783,-0.043335,-0.030428
776455660.000,YZJ,handheld,手持静止（右手）,recording,5.465304,0.526456,8.292459,-0.063023,-0.037713,-0.016694
776455670.000,YZJ,handheld,手持静止（右手）,recording,5.497267,0.614796,8.330222,-0.052943,-0.043168,-0.010776
776455680.000,YZJ,handheld,手持静止（右手）,recording,5.523597,0.634277,8.361496,-0.030911,-0.051381,-0.010677
776455690.000,YZJ,handheld,手持静止（右手）,recording,5.490204,0.616365,8.412613,-0.004914,-0.050108,-0.006539
776455700.000,YZJ,handheld,手持静止（右手）,recording,5.454724,0.535914,8.398941,0.021222,-0.048639,-0.002506
776455710.000,YZJ,handheld,手持静止（右手）,recording,5.521857,0.540874,8.338407,0.044213,-0.049259,-0.006127
776455720.000,YZJ,handheld,手持静止（右手）,recording,5.449042,0.495300,8.181024,0.054072,-0.051662,-0.013303
776455730.000,YZJ,handheld,手持静止（右手）,recording,5.454116,0.436037,8.091204,0.049926,-0.040967,-0.018523
776455740.000,YZJ,handheld,手持静止（右手）,recording,5.405861,0.350122,7.972231,0.033529,-0.035426,-0.019809
776455750.000,YZJ,handheld,手持静止（右手）,recording,5.399711,0.317545,7.945834,0.006633,-0.037001,-0.018606
776455760.000,YZJ,handheld,手持静止（右手）,recording,5.388695,0.390665,7.971020,-0.018119,-0.035800,-0.015592
776455770.000,YZJ,handheld,手持静止（右手）,recording,5.404523,0.522279,8.035047,-0.040800,-0.033629,-0.012832
776455780.000,YZJ,handheld,手持静止（右手）,recording,5.424912,0.568090,8.111317,-0.046904,-0.018375,-0.008460
776455790.000,YZJ,handheld,手持静止（右手）,recording,5.445083,0.626718,8.248616,-0.025880,-0.009386,-0.004138
776455800.000,YZJ,handheld,手持静止（右手）,recording,5.448303,0.582690,8.395888,0.012643,-0.011110,-0.000732
776455810.000,YZJ,handheld,手持静止（右手）,recording,5.491051,0.543116,8.405254,0.049824,-0.003111,-0.001834
776455820.000,YZJ,handheld,手持静止（右手）,recording,5.523997,0.496051,8.241801,0.072270,-0.002434,-0.009319
776455830.000,YZJ,handheld,手持静止（右手）,recording,5.555128,0.431405,8.031356,0.073352,-0.009780,-0.020757
776455840.000,YZJ,handheld,手持静止（右手）,recording,5.603048,0.421055,7.893362,0.051768,-0.015298,-0.027378
776455850.000,YZJ,handheld,手持静止（右手）,recording,5.518746,0.455733,7.749025,0.017839,-0.033426,-0.025486
776455860.000,YZJ,handheld,手持静止（右手）,recording,5.411850,0.454729,7.786381,-0.012243,-0.048253,-0.012018
776455870.000,YZJ,handheld,手持静止（右手）,recording,5.459738,0.429423,7.831026,-0.033455,-0.062725,0.003646
776455880.000,YZJ,handheld,手持静止（右手）,recording,5.481304,0.444171,7.913189,-0.042520,-0.059415,0.020533
776455890.000,YZJ,handheld,手持静止（右手）,recording,5.489127,0.412443,7.932515,-0.040698,-0.055506,0.027360
776455900.000,YZJ,handheld,手持静止（右手）,recording,5.517875,0.370116,7.976665,-0.034186,-0.044826,0.026704
776455910.000,YZJ,handheld,手持静止（右手）,recording,5.554987,0.403030,8.018703,-0.026900,-0.030667,0.022123
776455920.000,YZJ,handheld,手持静止（右手）,recording,5.514419,0.492666,7.978840,-0.020656,-0.021342,0.016543
776455930.000,YZJ,handheld,手持静止（右手）,recording,5.558035,0.525106,8.000666,-0.018764,-0.009550,0.011929
776455940.000,YZJ,handheld,手持静止（右手）,recording,5.551263,0.462469,8.064992,-0.021067,0.007551,0.008152
776455950.000,YZJ,handheld,手持静止（右手）,recording,5.551406,0.401914,8.139745,-0.023736,0.011324,0.003652
776455960.000,YZJ,handheld,手持静止（右手）,recording,5.632707,0.418955,8.148954,-0.023223,0.007492,-0.001431
776455970.000,YZJ,handheld,手持静止（右手）,recording,5.655473,0.457678,8.153198,-0.022423,-0.000406,-0.005038
776455980.000,YZJ,handheld,手持静止（右手）,recording,5.705355,0.521787,8.146001,-0.018515,-0.006631,-0.011164
776455990.000,YZJ,handheld,手持静止（右手）,recording,5.637502,0.547665,8.123169,-0.003908,-0.012754,-0.013584
776456000.000,YZJ,handheld,手持静止（右手）,recording,5.510964,0.470764,8.185021,0.013402,-0.023292,-0.008750
776456010.000,YZJ,handheld,手持静止（右手）,recording,5.376716,0.445804,8.171121,0.026036,-0.014547,0.004067
776456020.000,YZJ,handheld,手持静止（右手）,recording,5.352209,0.497882,8.131194,0.030639,0.003762,0.016728
776456030.000,YZJ,handheld,手持静止（右手）,recording,5.527899,0.453439,8.096701,0.023499,0.029595,0.014847
776456040.000,YZJ,handheld,手持静止（右手）,recording,5.678237,0.368212,8.072320,0.008861,0.042849,0.000226
776456050.000,YZJ,handheld,手持静止（右手）,recording,5.754647,0.360853,8.032769,-0.009165,0.044540,-0.017738
776456060.000,YZJ,handheld,手持静止（右手）,recording,5.683630,0.383965,8.034352,-0.025019,0.023624,-0.021639
776456070.000,YZJ,handheld,手持静止（右手）,recording,5.573647,0.436464,8.103648,-0.034152,-0.002006,-0.002490
776456080.000,YZJ,handheld,手持静止（右手）,recording,5.530273,0.483168,8.105916,-0.039348,-0.032869,0.026236
776456090.000,YZJ,handheld,手持静止（右手）,recording,5.564427,0.537944,8.124872,-0.038098,-0.068066,0.047127
776456100.000,YZJ,handheld,手持静止（右手）,recording,5.573114,0.504068,8.145954,-0.031365,-0.098456,0.059606
776456110.000,YZJ,handheld,手持静止（右手）,recording,5.548796,0.454309,8.158950,-0.022013,-0.105349,0.066176
776456120.000,YZJ,handheld,手持静止（右手）,recording,5.613042,0.388054,8.123826,-0.020601,-0.095570,0.059389
776456130.000,YZJ,handheld,手持静止（右手）,recording,5.602980,0.390024,8.130927,-0.023424,-0.071574,0.046818
776456140.000,YZJ,handheld,手持静止（右手）,recording,5.636380,0.436000,8.149414,-0.029358,-0.035928,0.033988
776456150.000,YZJ,handheld,手持静止（右手）,recording,5.652758,0.558723,8.157061,-0.027587,-0.004556,0.019365
776456160.000,YZJ,handheld,手持静止（右手）,recording,5.641950,0.592231,8.146806,-0.013876,0.016284,0.003514
776456170.000,YZJ,handheld,手持静止（右手）,recording,5.594164,0.496448,8.181539,0.008957,0.025950,-0.003890
776456180.000,YZJ,handheld,手持静止（右手）,recording,5.555007,0.371002,8.165587,0.030281,0.023799,-0.005478
776456190.000,YZJ,handheld,手持静止（右手）,recording,5.473101,0.271271,8.097757,0.044202,0.016420,0.000561
776456200.000,YZJ,handheld,手持静止（右手）,recording,5.439918,0.227865,8.086807,0.043373,0.010723,0.017195
776456210.000,YZJ,handheld,手持静止（右手）,recording,5.542320,0.257046,7.995218,0.022912,0.006144,0.031227
776456220.000,YZJ,handheld,手持静止（右手）,recording,5.651835,0.356504,7.888511,-0.002104,-0.008391,0.032686
776456230.000,YZJ,handheld,手持静止（右手）,recording,5.731810,0.470288,7.851825,-0.021944,-0.023911,0.022370
776456240.000,YZJ,handheld,手持静止（右手）,recording,5.685794,0.523058,7.866273,-0.030511,-0.022709,0.013226
776456250.000,YZJ,handheld,手持静止（右手）,recording,5.627589,0.484057,7.975977,-0.022465,-0.005799,0.008400
776456260.000,YZJ,handheld,手持静止（右手）,recording,5.624899,0.402614,8.085501,-0.006119,0.011850,0.002242
776456270.000,YZJ,handheld,手持静止（右手）,recording,5.658132,0.389425,8.091502,0.010936,0.023330,-0.001828
776456280.000,YZJ,handheld,手持静止（右手）,recording,5.640371,0.360313,8.152631,0.022013,0.031578,-0.000395
776456290.000,YZJ,handheld,手持静止（右手）,recording,5.727654,0.418205,8.186872,0.024865,0.042252,0.004387
776456300.000,YZJ,handheld,手持静止（右手）,recording,5.775999,0.518412,8.073932,0.020624,0.037815,0.004395
776456310.000,YZJ,handheld,手持静止（右手）,recording,5.818470,0.449031,7.999161,0.008869,0.019747,-0.002035
776456320.000,YZJ,handheld,手持静止（右手）,recording,5.868402,0.366918,7.965431,-0.001242,0.001235,-0.012878
776456330.000,YZJ,handheld,手持静止（右手）,recording,5.748925,0.330421,7.935709,-0.006617,-0.027667,-0.020071
776456340.000,YZJ,handheld,手持静止（右手）,recording,5.562655,0.281933,7.930910,-0.009539,-0.050757,-0.012887
776456350.000,YZJ,handheld,手持静止（右手）,recording,5.358758,0.267557,7.977632,-0.009891,-0.066636,0.007433
776456360.000,YZJ,handheld,手持静止（右手）,recording,5.214804,0.341787,7.986204,-0.011868,-0.067405,0.037172
776456370.000,YZJ,handheld,手持静止（右手）,recording,5.167506,0.402015,8.012256,-0.010222,-0.046945,0.064216
776456380.000,YZJ,handheld,手持静止（右手）,recording,5.253921,0.384718,8.121450,-0.005703,-0.006399,0.076862
776456390.000,YZJ,handheld,手持静止（右手）,recording,5.468359,0.360345,8.116404,-0.001605,0.038871,0.065648
776456400.000,YZJ,handheld,手持静止（右手）,recording,5.734765,0.376767,8.039712,0.000973,0.075585,0.030857
776456410.000,YZJ,handheld,手持静止（右手）,recording,5.930822,0.337946,8.018947,-0.000863,0.095775,-0.013812
776456420.000,YZJ,handheld,手持静止（右手）,recording,6.018153,0.364275,7.941886,-0.003085,0.095440,-0.054875
776456430.000,YZJ,handheld,手持静止（右手）,recording,5.860587,0.391231,7.847711,-0.005986,0.070067,-0.068285
776456440.000,YZJ,handheld,手持静止（右手）,recording,5.688558,0.374192,7.899003,-0.008562,0.040223,-0.048475
776456450.000,YZJ,handheld,手持静止（右手）,recording,5.593769,0.359994,7.978554,-0.009916,0.010085,-0.011868
776456460.000,YZJ,handheld,手持静止（右手）,recording,5.615822,0.414134,8.022494,-0.013054,-0.021095,0.019972
776456470.000,YZJ,handheld,手持静止（右手）,recording,5.676149,0.421971,8.096702,-0.015102,-0.038503,0.035613
776456480.000,YZJ,handheld,手持静止（右手）,recording,5.671947,0.401898,8.171423,-0.015546,-0.043503,0.032267
776456490.000,YZJ,handheld,手持静止（右手）,recording,5.733081,0.347324,8.271663,-0.015039,-0.029375,0.018018
776456500.000,YZJ,handheld,手持静止（右手）,recording,5.787070,0.415201,8.275536,-0.014667,-0.013914,-0.006575
776456510.000,YZJ,handheld,手持静止（右手）,recording,5.730455,0.521871,8.212721,-0.012986,-0.009203,-0.030203
776456520.000,YZJ,handheld,手持静止（右手）,recording,5.685284,0.495534,8.219251,-0.009038,0.005654,-0.044728
776456530.000,YZJ,handheld,手持静止（右手）,recording,5.563651,0.459457,8.162858,-0.005484,0.016766,-0.046007
776456540.000,YZJ,handheld,手持静止（右手）,recording,5.472708,0.436601,8.136228,-0.001209,0.016813,-0.038386
776456550.000,YZJ,handheld,手持静止（右手）,recording,5.478290,0.395133,8.146141,-0.001367,0.022718,-0.024744
776456560.000,YZJ,handheld,手持静止（右手）,recording,5.438736,0.379559,8.104377,-0.008618,0.017059,-0.005848
776456570.000,YZJ,handheld,手持静止（右手）,recording,5.439968,0.380439,8.152181,-0.018530,0.012423,0.016734
776456580.000,YZJ,handheld,手持静止（右手）,recording,5.503564,0.420710,8.208639,-0.028795,0.005618,0.038649
776456590.000,YZJ,handheld,手持静止（右手）,recording,5.600963,0.511437,8.223300,-0.034304,-0.011605,0.050346
776456600.000,YZJ,handheld,手持静止（右手）,recording,5.720898,0.511814,8.288161,-0.034545,-0.040489,0.047967
776456610.000,YZJ,handheld,手持静止（右手）,recording,5.818928,0.494099,8.339376,-0.028733,-0.066322,0.035861
776456620.000,YZJ,handheld,手持静止（右手）,recording,5.881431,0.493520,8.308267,-0.018318,-0.086542,0.017376
776456630.000,YZJ,handheld,手持静止（右手）,recording,5.753109,0.491184,8.307481,-0.001797,-0.088597,0.003787
776456640.000,YZJ,handheld,手持静止（右手）,recording,5.649343,0.428164,8.341456,0.018005,-0.062976,-0.001205
776456650.000,YZJ,handheld,手持静止（右手）,recording,5.763920,0.447285,8.255644,0.031785,-0.028446,-0.014313
776456660.000,YZJ,handheld,手持静止（右手）,recording,5.866461,0.513029,8.147537,0.040481,-0.009739,-0.037211
776456670.000,YZJ,handheld,手持静止（右手）,recording,5.816658,0.485832,8.109827,0.043089,0.005856,-0.055692
776456680.000,YZJ,handheld,手持静止（右手）,recording,5.664683,0.429962,7.982992,0.043973,0.006461,-0.063687
776456690.000,YZJ,handheld,手持静止（右手）,recording,5.533336,0.392107,7.953322,0.039210,0.009314,-0.055771
776456700.000,YZJ,handheld,手持静止（右手）,recording,5.392201,0.383022,7.878294,0.033161,0.011506,-0.038223
776456710.000,YZJ,handheld,手持静止（右手）,recording,5.302610,0.359837,7.852600,0.024929,0.014819,-0.017792
776456720.000,YZJ,handheld,手持静止（右手）,recording,5.265042,0.332749,7.833951,0.012329,0.018472,0.002358
776456730.000,YZJ,handheld,手持静止（右手）,recording,5.421487,0.311022,7.879668,-0.000450,0.028064,0.012625
776456740.000,YZJ,handheld,手持静止（右手）,recording,5.667777,0.327419,7.919233,-0.015446,0.028238,0.002908
776456750.000,YZJ,handheld,手持静止（右手）,recording,5.864856,0.392042,7.938508,-0.031619,0.013578,-0.018287
776456760.000,YZJ,handheld,手持静止（右手）,recording,5.920936,0.471942,8.013093,-0.036803,-0.004729,-0.035899
776456770.000,YZJ,handheld,手持静止（右手）,recording,5.850441,0.497853,8.091819,-0.029765,-0.031014,-0.042567
776456780.000,YZJ,handheld,手持静止（右手）,recording,5.663785,0.506306,8.134694,-0.011296,-0.059935,-0.034901
776456790.000,YZJ,handheld,手持静止（右手）,recording,5.422533,0.441665,8.136936,0.012326,-0.071259,-0.010941
776456800.000,YZJ,handheld,手持静止（右手）,recording,5.200630,0.353365,8.134455,0.037172,-0.067059,0.017921
776456810.000,YZJ,handheld,手持静止（右手）,recording,5.177873,0.288909,8.050933,0.052078,-0.041856,0.037554
776456820.000,YZJ,handheld,手持静止（右手）,recording,5.259805,0.196254,7.970545,0.046120,-0.002312,0.040235
776456830.000,YZJ,handheld,手持静止（右手）,recording,5.534985,0.135733,7.900448,0.019595,0.032796,0.023044
776456840.000,YZJ,handheld,手持静止（右手）,recording,5.707590,0.182174,7.828403,-0.015185,0.051156,-0.005689
776456850.000,YZJ,handheld,手持静止（右手）,recording,5.817274,0.383417,7.880845,-0.050559,0.054354,-0.028074
776456860.000,YZJ,handheld,手持静止（右手）,recording,5.746452,0.508316,7.922775,-0.072299,0.047560,-0.036558
776456870.000,YZJ,handheld,手持静止（右手）,recording,5.680368,0.544283,8.132207,-0.069414,0.037623,-0.028621
776456880.000,YZJ,handheld,手持静止（右手）,recording,5.642915,0.535886,8.233076,-0.047940,0.020533,-0.017008
776456890.000,YZJ,handheld,手持静止（右手）,recording,5.595885,0.542755,8.246280,-0.012957,-0.004189,-0.003687
776456900.000,YZJ,handheld,手持静止（右手）,recording,5.553543,0.519270,8.309842,0.023457,-0.016879,0.010498
776456910.000,YZJ,handheld,手持静止（右手）,recording,5.546835,0.508981,8.209275,0.054342,-0.011888,0.019644
776456920.000,YZJ,handheld,手持静止（右手）,recording,5.548025,0.446823,8.129946,0.067123,-0.006040,0.021836
776456930.000,YZJ,handheld,手持静止（右手）,recording,5.617257,0.379117,8.048155,0.063635,0.001065,0.018560
776456940.000,YZJ,handheld,手持静止（右手）,recording,5.663511,0.335117,7.887268,0.043649,0.005472,0.010111
776456950.000,YZJ,handheld,手持静止（右手）,recording,5.663948,0.342234,7.792694,0.009533,0.007708,0.001326
776456960.000,YZJ,handheld,手持静止（右手）,recording,5.691105,0.362745,7.795752,-0.029171,0.002253,-0.002628
776456970.000,YZJ,handheld,手持静止（右手）,recording,5.708946,0.401547,7.771879,-0.060573,-0.009308,-0.010842
776456980.000,YZJ,handheld,手持静止（右手）,recording,5.715315,0.458246,7.832953,-0.080510,-0.024021,-0.016703
776456990.000,YZJ,handheld,手持静止（右手）,recording,5.597379,0.461368,7.968988,-0.081855,-0.035876,-0.009548
776457000.000,YZJ,handheld,手持静止（右手）,recording,5.444188,0.478854,8.167637,-0.061771,-0.040249,0.006522
776457010.000,YZJ,handheld,手持静止（右手）,recording,5.417718,0.511126,8.215464,-0.031480,-0.037154,0.022724
776457020.000,YZJ,handheld,手持静止（右手）,recording,5.400274,0.479428,8.294102,0.002703,-0.020591,0.034541
776457030.000,YZJ,handheld,手持静止（右手）,recording,5.489051,0.436070,8.297028,0.030706,0.001597,0.032867
776457040.000,YZJ,handheld,手持静止（右手）,recording,5.528007,0.387233,8.187727,0.049405,0.021516,0.023102
776457050.000,YZJ,handheld,手持静止（右手）,recording,5.561672,0.334194,8.166662,0.053285,0.039960,0.013684
776457060.000,YZJ,handheld,手持静止（右手）,recording,5.633583,0.273274,7.990624,0.041660,0.045969,0.005413
776457070.000,YZJ,handheld,手持静止（右手）,recording,5.644087,0.259230,7.859035,0.014287,0.046535,-0.002331
776457080.000,YZJ,handheld,手持静止（右手）,recording,5.686212,0.306006,7.810802,-0.019003,0.054422,-0.006488
776457090.000,YZJ,handheld,手持静止（右手）,recording,5.685750,0.409659,7.842083,-0.048739,0.049670,-0.009215
776457100.000,YZJ,handheld,手持静止（右手）,recording,5.785081,0.476785,7.963142,-0.061475,0.044594,-0.014195
776457110.000,YZJ,handheld,手持静止（右手）,recording,5.883786,0.483070,8.090234,-0.059378,0.028373,-0.024175
776457120.000,YZJ,handheld,手持静止（右手）,recording,5.854564,0.482503,8.191024,-0.039073,0.007747,-0.032164
776457130.000,YZJ,handheld,手持静止（右手）,recording,5.717046,0.448533,8.264502,-0.005676,-0.015596,-0.027954
776457140.000,YZJ,handheld,手持静止（右手）,recording,5.534718,0.421044,8.220966,0.025955,-0.036563,-0.011957
776457150.000,YZJ,handheld,手持静止（右手）,recording,5.415177,0.355481,8.149004,0.045091,-0.046216,0.010975
776457160.000,YZJ,handheld,手持静止（右手）,recording,5.349628,0.244025,8.012701,0.042091,-0.036451,0.033699
776457170.000,YZJ,handheld,手持静止（右手）,recording,5.393031,0.179196,7.895991,0.015075,-0.025394,0.043955
776457180.000,YZJ,handheld,手持静止（右手）,recording,5.649636,0.182443,7.820854,-0.033332,-0.005556,0.027655
776457190.000,YZJ,handheld,手持静止（右手）,recording,5.857985,0.284687,7.785646,-0.082136,0.006092,-0.003023
776457200.000,YZJ,handheld,手持静止（右手）,recording,5.854184,0.439098,7.855021,-0.114452,0.011736,-0.029973
776457210.000,YZJ,handheld,手持静止（右手）,recording,5.803849,0.509438,7.969811,-0.119708,0.009368,-0.045968
776457220.000,YZJ,handheld,手持静止（右手）,recording,5.688272,0.472757,8.027777,-0.101898,-0.014712,-0.050099
776457230.000,YZJ,handheld,手持静止（右手）,recording,5.570928,0.392794,8.076129,-0.071942,-0.039820,-0.037658
776457240.000,YZJ,handheld,手持静止（右手）,recording,5.274891,0.321508,8.112150,-0.039715,-0.061374,-0.001192
776457250.000,YZJ,handheld,手持静止（右手）,recording,5.055055,0.296987,8.213159,-0.015217,-0.061366,0.055526
776457260.000,YZJ,handheld,手持静止（右手）,recording,5.216883,0.332993,8.298883,-0.000208,-0.022389,0.101592
776457270.000,YZJ,handheld,手持静止（右手）,recording,5.600946,0.413262,8.232090,0.004404,-0.001936,0.097187
776457280.000,YZJ,handheld,手持静止（右手）,recording,5.993319,0.449510,8.242806,0.000014,0.025586,0.045368
776457290.000,YZJ,handheld,手持静止（右手）,recording,6.169398,0.498628,8.183794,-0.006116,0.042621,-0.028658
776457300.000,YZJ,handheld,手持静止（右手）,recording,5.995744,0.534319,8.191477,-0.005368,0.041731,-0.089846
776457310.000,YZJ,handheld,手持静止（右手）,recording,5.667347,0.542130,8.189299,0.007008,0.028218,-0.105072
776457320.000,YZJ,handheld,手持静止（右手）,recording,5.402312,0.428714,8.218303,0.023356,0.033847,-0.074034
776457330.000,YZJ,handheld,手持静止（右手）,recording,5.152274,0.379898,8.080203,0.040202,-0.006015,-0.020897
776457340.000,YZJ,handheld,手持静止（右手）,recording,5.153832,0.366860,8.102502,0.049511,-0.023165,0.031930
776457350.000,YZJ,handheld,手持静止（右手）,recording,5.309342,0.351113,8.070344,0.043577,-0.017371,0.071596
776457360.000,YZJ,handheld,手持静止（右手）,recording,5.576222,0.432763,8.042479,0.027915,-0.004318,0.073323
776457370.000,YZJ,handheld,手持静止（右手）,recording,5.790526,0.440168,8.013173,0.007392,0.002228,0.044708
776457380.000,YZJ,handheld,手持静止（右手）,recording,5.902296,0.397517,8.010896,-0.012534,0.017021,0.005886
776457390.000,YZJ,handheld,手持静止（右手）,recording,5.816295,0.365435,8.048401,-0.024130,0.014163,-0.025313
776457400.000,YZJ,handheld,手持静止（右手）,recording,5.625787,0.331799,8.077828,-0.027592,0.001148,-0.031531
776457410.000,YZJ,handheld,手持静止（右手）,recording,5.425638,0.370640,8.124158,-0.022268,-0.006095,-0.010998
776457420.000,YZJ,handheld,手持静止（右手）,recording,5.397236,0.415198,8.169503,-0.011925,-0.011013,0.016174
776457430.000,YZJ,handheld,手持静止（右手）,recording,5.529379,0.432039,8.163781,-0.000289,-0.013869,0.028664
776457440.000,YZJ,handheld,手持静止（右手）,recording,5.657253,0.415990,8.152828,0.008703,-0.012811,0.019877
776457450.000,YZJ,handheld,手持静止（右手）,recording,5.766907,0.344156,8.143799,0.011157,0.003024,-0.003294
776457460.000,YZJ,handheld,手持静止（右手）,recording,5.849363,0.324619,8.047771,0.006782,0.027177,-0.032296
776457470.000,YZJ,handheld,手持静止（右手）,recording,5.721576,0.310523,7.981846,-0.005291,0.030161,-0.051218
776457480.000,YZJ,handheld,手持静止（右手）,recording,5.508752,0.358702,7.868100,-0.020452,0.019031,-0.046223
776457490.000,YZJ,handheld,手持静止（右手）,recording,5.329447,0.317903,7.950956,-0.032633,0.003607,-0.015052
776457500.000,YZJ,handheld,手持静止（右手）,recording,5.375043,0.274725,8.068610,-0.040336,0.000287,0.017117
776457510.000,YZJ,handheld,手持静止（右手）,recording,5.521331,0.269858,8.076310,-0.044121,-0.009234,0.028435
776457520.000,YZJ,handheld,手持静止（右手）,recording,5.741197,0.360376,8.054823,-0.050135,-0.004908,0.017790
776457530.000,YZJ,handheld,手持静止（右手）,recording,5.823551,0.390620,8.133964,-0.051930,-0.007518,-0.005296
776457540.000,YZJ,handheld,手持静止（右手）,recording,5.844934,0.435215,8.263333,-0.033604,0.011180,-0.025603
776457550.000,YZJ,handheld,手持静止（右手）,recording,5.576350,0.433084,8.208483,-0.005860,0.022173,-0.023768
776457560.000,YZJ,handheld,手持静止（右手）,recording,5.496337,0.347999,8.216318,0.023809,0.032665,-0.004713
776457570.000,YZJ,handheld,手持静止（右手）,recording,5.595365,0.277127,8.131971,0.045427,0.049883,0.010781
776457580.000,YZJ,handheld,手持静止（右手）,recording,5.706786,0.285790,7.982526,0.046844,0.031685,0.010712
776457590.000,YZJ,handheld,手持静止（右手）,recording,5.788330,0.234902,7.882315,0.030234,0.011088,0.001030
776457600.000,YZJ,handheld,手持静止（右手）,recording,5.823886,0.226103,7.887707,-0.001964,-0.004669,-0.005706
776457610.000,YZJ,handheld,手持静止（右手）,recording,5.794325,0.316134,7.910684,-0.036682,-0.023671,-0.007378
776457620.000,YZJ,handheld,手持静止（右手）,recording,5.748676,0.424558,7.962694,-0.058946,-0.045593,-0.003172
776457630.000,YZJ,handheld,手持静止（右手）,recording,5.686640,0.476534,8.022899,-0.057926,-0.065504,0.003926
776457640.000,YZJ,handheld,手持静止（右手）,recording,5.625116,0.423023,8.173003,-0.036798,-0.076521,0.012020
776457650.000,YZJ,handheld,手持静止（右手）,recording,5.541899,0.283528,8.211390,-0.008764,-0.075446,0.018293
776457660.000,YZJ,handheld,手持静止（右手）,recording,5.580757,0.201797,8.186800,0.015406,-0.054098,0.018709
776457670.000,YZJ,handheld,手持静止（右手）,recording,5.588672,0.211631,8.072287,0.021419,-0.034171,0.010589
776457680.000,YZJ,handheld,手持静止（右手）,recording,5.594129,0.299925,7.969779,0.009732,-0.013661,0.000527
776457690.000,YZJ,handheld,手持静止（右手）,recording,5.592332,0.387233,7.964424,-0.012722,0.006997,-0.007191
776457700.000,YZJ,handheld,手持静止（右手）,recording,5.557900,0.411388,7.946156,-0.030292,0.019586,-0.010495
776457710.000,YZJ,handheld,手持静止（右手）,recording,5.545659,0.395507,7.989800,-0.038281,0.020207,-0.011714
776457720.000,YZJ,handheld,手持静止（右手）,recording,5.553419,0.350038,8.103068,-0.032159,0.016303,-0.007182
776457730.000,YZJ,handheld,手持静止（右手）,recording,5.574712,0.290013,8.104757,-0.019966,0.003863,-0.001076
776457740.000,YZJ,handheld,手持静止（右手）,recording,5.692907,0.262260,8.144275,-0.009461,-0.013163,0.002726
776457750.000,YZJ,handheld,手持静止（右手）,recording,5.759324,0.287337,8.105591,-0.006514,-0.027899,0.007184
776457760.000,YZJ,handheld,手持静止（右手）,recording,5.779444,0.399793,8.108438,-0.008656,-0.035729,0.008632
776457770.000,YZJ,handheld,手持静止（右手）,recording,5.800911,0.476076,8.081521,-0.010227,-0.043350,0.006268
776457780.000,YZJ,handheld,手持静止（右手）,recording,5.794614,0.451354,8.093283,-0.011873,-0.043244,-0.003364
776457790.000,YZJ,handheld,手持静止（右手）,recording,5.761605,0.369697,8.057067,-0.008957,-0.044991,-0.021157
776457800.000,YZJ,handheld,手持静止（右手）,recording,5.595316,0.327853,8.034302,-0.006372,-0.046884,-0.032463
776457810.000,YZJ,handheld,手持静止（右手）,recording,5.467801,0.295468,8.051634,-0.003034,-0.034121,-0.027737
776457820.000,YZJ,handheld,手持静止（右手）,recording,5.333406,0.309332,8.006263,-0.004182,-0.021651,-0.015951
776457830.000,YZJ,handheld,手持静止（右手）,recording,5.233858,0.306447,8.020187,-0.007455,-0.013635,0.000096
776457840.000,YZJ,handheld,手持静止（右手）,recording,5.308291,0.295672,8.019593,-0.013006,0.002098,0.016542
776457850.000,YZJ,handheld,手持静止（右手）,recording,5.425261,0.329927,7.963702,-0.017847,0.015855,0.024982
776457860.000,YZJ,handheld,手持静止（右手）,recording,5.610113,0.384321,7.971362,-0.019153,0.022732,0.021911
776457870.000,YZJ,handheld,手持静止（右手）,recording,5.688994,0.397499,7.928936,-0.021108,0.017128,0.009980
776457880.000,YZJ,handheld,手持静止（右手）,recording,5.773774,0.364908,7.933202,-0.023323,0.013036,-0.000641
776457890.000,YZJ,handheld,手持静止（右手）,recording,5.704924,0.341121,7.964453,-0.027139,0.002588,0.001786
776457900.000,YZJ,handheld,手持静止（右手）,recording,5.564150,0.297840,7.998084,-0.029050,-0.012560,0.018972
776457910.000,YZJ,handheld,手持静止（右手）,recording,5.472194,0.267758,8.023463,-0.032977,-0.029175,0.049597
776457920.000,YZJ,handheld,手持静止（右手）,recording,5.451290,0.291681,8.004397,-0.036237,-0.054640,0.078273
776457930.000,YZJ,handheld,手持静止（右手）,recording,5.373573,0.287349,7.990745,-0.039292,-0.076165,0.098201
776457940.000,YZJ,handheld,手持静止（右手）,recording,5.515078,0.248175,8.070168,-0.047425,-0.071577,0.103776
776457950.000,YZJ,handheld,手持静止（右手）,recording,5.713245,0.279862,8.088014,-0.058402,-0.058733,0.086058
776457960.000,YZJ,handheld,手持静止（右手）,recording,5.879472,0.377308,8.102164,-0.066496,-0.043662,0.049976
776457970.000,YZJ,handheld,手持静止（右手）,recording,5.969403,0.411915,8.178981,-0.062411,-0.024481,0.013662
776457980.000,YZJ,handheld,手持静止（右手）,recording,5.908535,0.396385,8.271448,-0.045696,-0.006864,-0.010229
776457990.000,YZJ,handheld,手持静止（右手）,recording,5.827660,0.351357,8.276248,-0.023863,-0.014085,-0.026868
776458000.000,YZJ,handheld,手持静止（右手）,recording,5.767054,0.295569,8.180289,-0.013330,0.007780,-0.033311
776458010.000,YZJ,handheld,手持静止（右手）,recording,5.655251,0.274036,8.227610,0.005283,0.029103,-0.020785
776458020.000,YZJ,handheld,手持静止（右手）,recording,5.639153,0.175210,8.260304,0.023998,0.026884,-0.012763
776458030.000,YZJ,handheld,手持静止（右手）,recording,5.781815,0.201155,8.166788,0.031998,0.014400,-0.014087
776458040.000,YZJ,handheld,手持静止（右手）,recording,5.906358,0.223869,8.030968,0.027410,-0.002229,-0.019732
776458050.000,YZJ,handheld,手持静止（右手）,recording,5.891596,0.202433,7.908621,0.010957,-0.032758,-0.024574
776458060.000,YZJ,handheld,手持静止（右手）,recording,5.761884,0.221294,7.871559,-0.008742,-0.062621,-0.013768
776458070.000,YZJ,handheld,手持静止（右手）,recording,5.647221,0.233181,7.873188,-0.024216,-0.084235,0.010879
776458080.000,YZJ,handheld,手持静止（右手）,recording,5.494544,0.204452,7.857852,-0.038221,-0.103029,0.042303
776458090.000,YZJ,handheld,手持静止（右手）,recording,5.562955,0.182567,7.935957,-0.047894,-0.103684,0.065363
776458100.000,YZJ,handheld,手持静止（右手）,recording,5.663601,0.176677,8.031955,-0.051142,-0.098904,0.071291
776458110.000,YZJ,handheld,手持静止（右手）,recording,5.758125,0.217798,8.139265,-0.045105,-0.073694,0.058441
776458120.000,YZJ,handheld,手持静止（右手）,recording,5.881998,0.289186,8.196645,-0.031702,-0.039194,0.027751
776458130.000,YZJ,handheld,手持静止（右手）,recording,5.917230,0.322568,8.174552,-0.014163,-0.005439,-0.011698
776458140.000,YZJ,handheld,手持静止（右手）,recording,5.885359,0.313543,8.119395,0.004959,0.018375,-0.051901
776458150.000,YZJ,handheld,手持静止（右手）,recording,5.759815,0.282279,8.064375,0.024630,0.026098,-0.070253
776458160.000,YZJ,handheld,手持静止（右手）,recording,5.556478,0.244145,7.968603,0.039779,0.011008,-0.058107
776458170.000,YZJ,handheld,手持静止（右手）,recording,5.445670,0.181893,7.919400,0.047693,-0.007685,-0.024630
776458180.000,YZJ,handheld,手持静止（右手）,recording,5.559946,0.142417,7.852312,0.042488,-0.027462,0.008653
776458190.000,YZJ,handheld,手持静止（右手）,recording,5.644860,0.222335,7.747231,0.026928,-0.047705,0.027125
776458200.000,YZJ,handheld,手持静止（右手）,recording,5.841813,0.269294,7.784411,0.004943,-0.050989,0.021857
776458210.000,YZJ,handheld,手持静止（右手）,recording,5.973565,0.347299,7.794458,-0.012589,-0.043199,-0.001755
776458220.000,YZJ,handheld,手持静止（右手）,recording,5.878624,0.388456,7.834697,-0.021159,-0.035293,-0.029719
776458230.000,YZJ,handheld,手持静止（右手）,recording,5.690164,0.288038,7.950894,-0.016237,-0.016143,-0.044927
776458240.000,YZJ,handheld,手持静止（右手）,recording,5.491450,0.144248,7.938603,-0.006550,0.002412,-0.040468
776458250.000,YZJ,handheld,手持静止（右手）,recording,5.414775,0.056396,7.913566,-0.000611,0.024373,-0.025574
776458260.000,YZJ,handheld,手持静止（右手）,recording,5.441045,0.062307,7.875034,-0.002986,0.039553,-0.008834
776458270.000,YZJ,handheld,手持静止（右手）,recording,5.502391,0.146420,7.802844,-0.013240,0.042662,0.001115
776458280.000,YZJ,handheld,手持静止（右手）,recording,5.649991,0.270794,7.818842,-0.030135,0.030952,-0.000501
776458290.000,YZJ,handheld,手持静止（右手）,recording,5.741509,0.353302,7.841212,-0.041889,0.011217,-0.008182
776458300.000,YZJ,handheld,手持静止（右手）,recording,5.625857,0.402114,7.910057,-0.044086,-0.011660,-0.005398
776458310.000,YZJ,handheld,手持静止（右手）,recording,5.465529,0.314698,8.024307,-0.036128,-0.016876,0.014176
776458320.000,YZJ,handheld,手持静止（右手）,recording,5.490082,0.201434,8.108554,-0.026079,-0.000006,0.036135
776458330.000,YZJ,handheld,手持静止（右手）,recording,5.630119,0.169984,8.131504,-0.023087,0.025307,0.038638
776458340.000,YZJ,handheld,手持静止（右手）,recording,5.873161,0.228511,8.141922,-0.026128,0.050860,0.017196
776458350.000,YZJ,handheld,手持静止（右手）,recording,6.012338,0.311446,8.192617,-0.029723,0.066408,-0.013955
776458360.000,YZJ,handheld,手持静止（右手）,recording,6.013696,0.409746,8.222074,-0.027618,0.074091,-0.041490
776458370.000,YZJ,handheld,手持静止（右手）,recording,5.918861,0.448312,8.304802,-0.009114,0.066937,-0.058333
776458380.000,YZJ,handheld,手持静止（右手）,recording,5.857445,0.436868,8.336391,0.017851,0.051135,-0.065856
776458390.000,YZJ,handheld,手持静止（右手）,recording,5.810290,0.371230,8.269506,0.046482,0.021834,-0.067484
776458400.000,YZJ,handheld,手持静止（右手）,recording,5.638372,0.267298,8.224165,0.067964,0.001765,-0.055877
776458410.000,YZJ,handheld,手持静止（右手）,recording,5.537201,0.223751,8.129704,0.074526,-0.002125,-0.028139
776458420.000,YZJ,handheld,手持静止（右手）,recording,5.480431,0.255030,7.974842,0.061178,0.000650,-0.003824
776458430.000,YZJ,handheld,手持静止（右手）,recording,5.568313,0.245466,7.871641,0.034929,0.012423,0.011834
776458440.000,YZJ,handheld,手持静止（右手）,recording,5.643180,0.230654,7.817788,0.002410,0.020534,0.009830
776458450.000,YZJ,handheld,手持静止（右手）,recording,5.670543,0.197187,7.816505,-0.025148,0.022006,-0.000401
776458460.000,YZJ,handheld,手持静止（右手）,recording,5.659677,0.171509,7.972273,-0.044320,0.029584,-0.007239
776458470.000,YZJ,handheld,手持静止（右手）,recording,5.654010,0.215985,8.012286,-0.052783,0.026662,-0.012416
776458480.000,YZJ,handheld,手持静止（右手）,recording,5.546802,0.246605,8.135152,-0.050444,0.012110,-0.002393
776458490.000,YZJ,handheld,手持静止（右手）,recording,5.534962,0.292539,8.265734,-0.039276,-0.000796,0.020550
776458500.000,YZJ,handheld,手持静止（右手）,recording,5.642712,0.390073,8.278644,-0.024140,-0.018599,0.041251
776458510.000,YZJ,handheld,手持静止（右手）,recording,5.724843,0.474786,8.251269,-0.007059,-0.022021,0.050516
776458520.000,YZJ,handheld,手持静止（右手）,recording,5.838309,0.416653,8.229801,0.012532,-0.011027,0.042014
776458530.000,YZJ,handheld,手持静止（右手）,recording,5.913861,0.340274,8.164841,0.031846,-0.001393,0.014447
776458540.000,YZJ,handheld,手持静止（右手）,recording,5.915239,0.260162,8.032333,0.046995,0.005007,-0.018491
776458550.000,YZJ,handheld,手持静止（右手）,recording,5.783891,0.151375,7.972158,0.048593,0.011308,-0.035335
776458560.000,YZJ,handheld,手持静止（右手）,recording,5.561713,0.158038,7.683515,0.038564,-0.010328,-0.032624
776458570.000,YZJ,handheld,手持静止（右手）,recording,5.327207,0.094930,7.789549,0.016870,-0.024503,-0.004948
776458580.000,YZJ,handheld,手持静止（右手）,recording,5.305078,0.098407,7.680649,-0.016020,-0.035873,0.035822
776458590.000,YZJ,handheld,手持静止（右手）,recording,5.304289,0.145512,7.826775,-0.049191,-0.029186,0.075420
776458600.000,YZJ,handheld,手持静止（右手）,recording,5.564033,0.248618,8.009162,-0.071892,-0.005335,0.088871
776458610.000,YZJ,handheld,手持静止（右手）,recording,5.908218,0.347482,8.085350,-0.078915,0.013077,0.067848
776458620.000,YZJ,handheld,手持静止（右手）,recording,6.108142,0.444726,8.223088,-0.059114,0.024742,0.020048
776458630.000,YZJ,handheld,手持静止（右手）,recording,6.189128,0.418555,8.310608,-0.017446,0.031534,-0.031552
776458640.000,YZJ,handheld,手持静止（右手）,recording,6.054817,0.316225,8.283147,0.029666,0.020044,-0.061745
776458650.000,YZJ,handheld,手持静止（右手）,recording,5.746369,0.228327,8.185091,0.073373,-0.008233,-0.059606
776458660.000,YZJ,handheld,手持静止（右手）,recording,5.573066,0.176844,8.066115,0.093964,-0.027168,-0.031814
776458670.000,YZJ,handheld,手持静止（右手）,recording,5.499943,0.085368,7.849334,0.083380,-0.037296,0.003926
776458680.000,YZJ,handheld,手持静止（右手）,recording,5.595094,0.089058,7.728978,0.047218,-0.037014,0.025292
776458690.000,YZJ,handheld,手持静止（右手）,recording,5.786549,0.162294,7.691918,0.002866,-0.025972,0.024120
776458700.000,YZJ,handheld,手持静止（右手）,recording,5.849752,0.205989,7.736988,-0.034189,-0.013539,0.008473
776458710.000,YZJ,handheld,手持静止（右手）,recording,5.900341,0.192174,7.840062,-0.058668,-0.004509,-0.015061
776458720.000,YZJ,handheld,手持静止（右手）,recording,5.863311,0.223724,7.939381,-0.061721,-0.002599,-0.035535
776458730.000,YZJ,handheld,手持静止（右手）,recording,5.644197,0.210777,8.066319,-0.047554,-0.001242,-0.035652
776458740.000,YZJ,handheld,手持静止（右手）,recording,5.528148,0.232845,8.146572,-0.028713,-0.007351,-0.019094
776458750.000,YZJ,handheld,手持静止（右手）,recording,5.511383,0.272302,8.136611,-0.011550,-0.019911,0.001464
776458760.000,YZJ,handheld,手持静止（右手）,recording,5.562916,0.304600,8.172740,-0.005958,-0.021454,0.016240
776458770.000,YZJ,handheld,手持静止（右手）,recording,5.705047,0.338129,8.195650,-0.005779,-0.009781,0.017254
776458780.000,YZJ,handheld,手持静止（右手）,recording,5.855883,0.366432,8.240742,-0.005307,0.006400,0.000848
776458790.000,YZJ,handheld,手持静止（右手）,recording,5.956663,0.380463,8.232064,0.003021,0.017963,-0.025152
776458800.000,YZJ,handheld,手持静止（右手）,recording,5.941583,0.336106,8.198610,0.021961,0.016566,-0.051357
776458810.000,YZJ,handheld,手持静止（右手）,recording,5.787366,0.274872,8.065901,0.045874,-0.004793,-0.061464
776458820.000,YZJ,handheld,手持静止（右手）,recording,5.572932,0.212911,7.919565,0.059791,-0.023992,-0.050369
776458830.000,YZJ,handheld,手持静止（右手）,recording,5.457764,0.115340,7.785716,0.054162,-0.035296,-0.025759
776458840.000,YZJ,handheld,手持静止（右手）,recording,5.388540,0.077590,7.683157,0.028380,-0.042889,0.004888
776458850.000,YZJ,handheld,手持静止（右手）,recording,5.418339,0.165198,7.651994,-0.010666,-0.043851,0.034972
776458860.000,YZJ,handheld,手持静止（右手）,recording,5.461910,0.228610,7.737388,-0.051310,-0.026365,0.053536
776458870.000,YZJ,handheld,手持静止（右手）,recording,5.637081,0.302694,7.917776,-0.077387,0.001918,0.051169
776458880.000,YZJ,handheld,手持静止（右手）,recording,5.796498,0.321250,8.057003,-0.083909,0.028340,0.027057
776458890.000,YZJ,handheld,手持静止（右手）,recording,5.932100,0.341462,8.179912,-0.067100,0.046226,-0.008232
776458900.000,YZJ,handheld,手持静止（右手）,recording,5.873787,0.423279,8.272035,-0.030222,0.038577,-0.041620
776458910.000,YZJ,handheld,手持静止（右手）,recording,5.728354,0.473014,8.297200,0.012512,0.027593,-0.050046
776458920.000,YZJ,handheld,手持静止（右手）,recording,5.580149,0.359010,8.312346,0.052590,0.012513,-0.039392
776458930.000,YZJ,handheld,手持静止（右手）,recording,5.534474,0.240940,8.217827,0.078849,-0.003286,-0.018297
776458940.000,YZJ,handheld,手持静止（右手）,recording,5.525889,0.191872,8.087827,0.079440,-0.022172,0.004462
776458950.000,YZJ,handheld,手持静止（右手）,recording,5.591180,0.194796,7.910249,0.058577,-0.032037,0.021727
776458960.000,YZJ,handheld,手持静止（右手）,recording,5.626350,0.230528,7.817599,0.026426,-0.030066,0.029980
776458970.000,YZJ,handheld,手持静止（右手）,recording,5.658175,0.240755,7.776546,-0.003852,-0.021103,0.028097
776458980.000,YZJ,handheld,手持静止（右手）,recording,5.715690,0.221820,7.825356,-0.027594,-0.001912,0.015046
776458990.000,YZJ,handheld,手持静止（右手）,recording,5.713977,0.214288,7.913187,-0.037106,0.023283,-0.001621
776459000.000,YZJ,handheld,手持静止（右手）,recording,5.699780,0.242825,8.013489,-0.034147,0.043665,-0.013405
776459010.000,YZJ,handheld,手持静止（右手）,recording,5.683009,0.271291,8.090003,-0.020801,0.046934,-0.019140
776459020.000,YZJ,handheld,手持静止（右手）,recording,5.661476,0.338408,8.183631,-0.004730,0.036252,-0.011852
776459030.000,YZJ,handheld,手持静止（右手）,recording,5.761712,0.394021,8.263712,0.017486,0.022966,0.001437
776459040.000,YZJ,handheld,手持静止（右手）,recording,5.885439,0.410138,8.231416,0.035465,0.000507,0.007195
776459050.000,YZJ,handheld,手持静止（右手）,recording,5.898926,0.355324,8.171555,0.047230,-0.016976,0.004762
776459060.000,YZJ,handheld,手持静止（右手）,recording,5.902735,0.262479,8.105910,0.051921,-0.025007,-0.001630
776459070.000,YZJ,handheld,手持静止（右手）,recording,5.789052,0.233401,7.982441,0.050641,-0.028012,-0.008962
776459080.000,YZJ,handheld,手持静止（右手）,recording,5.746533,0.243894,7.843720,0.042503,-0.022298,-0.013665
776459090.000,YZJ,handheld,手持静止（右手）,recording,5.705317,0.197738,7.749962,0.025723,-0.011903,-0.017647
776459100.000,YZJ,handheld,手持静止（右手）,recording,5.602082,0.130781,7.740410,0.003913,-0.009265,-0.017394
776459110.000,YZJ,handheld,手持静止（右手）,recording,5.539006,0.120829,7.798119,-0.020768,-0.001970,-0.010999
776459120.000,YZJ,handheld,手持静止（右手）,recording,5.524299,0.185625,7.905415,-0.042176,0.007375,0.000469
776459130.000,YZJ,handheld,手持静止（右手）,recording,5.566231,0.299199,8.019265,-0.052562,0.007538,0.012629
776459140.000,YZJ,handheld,手持静止（右手）,recording,5.625338,0.388580,8.153548,-0.046198,0.004079,0.020970
776459150.000,YZJ,handheld,手持静止（右手）,recording,5.715068,0.394631,8.264648,-0.025124,0.001489,0.021952
776459160.000,YZJ,handheld,手持静止（右手）,recording,5.829090,0.348395,8.291645,0.005451,0.000570,0.011933
776459170.000,YZJ,handheld,手持静止（右手）,recording,5.870579,0.367413,8.157690,0.030528,-0.015557,-0.005445
776459180.000,YZJ,handheld,手持静止（右手）,recording,5.916702,0.312913,8.060090,0.046974,-0.024747,-0.020088
776459190.000,YZJ,handheld,手持静止（右手）,recording,5.820177,0.256713,7.914104,0.050043,-0.034889,-0.026428
776459200.000,YZJ,handheld,手持静止（右手）,recording,5.629592,0.221172,7.793806,0.039717,-0.046258,-0.019988
776459210.000,YZJ,handheld,手持静止（右手）,recording,5.455163,0.193687,7.752812,0.016566,-0.036041,0.004004
776459220.000,YZJ,handheld,手持静止（右手）,recording,5.461806,0.188767,7.747582,-0.008713,-0.008519,0.023925
776459230.000,YZJ,handheld,手持静止（右手）,recording,5.611552,0.244607,7.750523,-0.036120,0.011520,0.022689
776459240.000,YZJ,handheld,手持静止（右手）,recording,5.706190,0.294743,7.832555,-0.049719,0.028472,0.004580
776459250.000,YZJ,handheld,手持静止（右手）,recording,5.787416,0.267496,7.950024,-0.047755,0.037406,-0.021091
776459260.000,YZJ,handheld,手持静止（右手）,recording,5.775583,0.254415,8.045312,-0.029750,0.029353,-0.043634
776459270.000,YZJ,handheld,手持静止（右手）,recording,5.593814,0.221950,8.049556,-0.007509,0.007763,-0.046526
776459280.000,YZJ,handheld,手持静止（右手）,recording,5.390419,0.209455,8.036564,0.015762,-0.008855,-0.019434
776459290.000,YZJ,handheld,手持静止（右手）,recording,5.240001,0.209382,7.991237,0.027582,-0.022403,0.024613
776459300.000,YZJ,handheld,手持静止（右手）,recording,5.362144,0.210144,7.896192,0.019637,-0.023922,0.055769
776459310.000,YZJ,handheld,手持静止（右手）,recording,5.632133,0.241652,7.857602,-0.001778,-0.013678,0.060849
776459320.000,YZJ,handheld,手持静止（右手）,recording,5.707975,0.269936,7.820190,-0.027875,0.001942,0.048352
776459330.000,YZJ,handheld,手持静止（右手）,recording,5.775418,0.280619,7.918909,-0.049968,0.031297,0.029319
776459340.000,YZJ,handheld,手持静止（右手）,recording,5.843330,0.303886,7.976941,-0.057803,0.048774,0.007229
776459350.000,YZJ,handheld,手持静止（右手）,recording,5.824493,0.310662,8.042844,-0.051431,0.049446,-0.007283
776459360.000,YZJ,handheld,手持静止（右手）,recording,5.806720,0.245184,8.063652,-0.040377,0.037020,-0.012117
776459370.000,YZJ,handheld,手持静止（右手）,recording,5.703375,0.245841,8.025687,-0.032511,0.010275,-0.006392
776459380.000,YZJ,handheld,手持静止（右手）,recording,5.629065,0.315004,8.028269,-0.026727,-0.019606,0.010469
776459390.000,YZJ,handheld,手持静止（右手）,recording,5.501733,0.382384,8.108123,-0.022335,-0.040622,0.041628
776459400.000,YZJ,handheld,手持静止（右手）,recording,5.520776,0.418102,8.168903,-0.013226,-0.039896,0.063426
776459410.000,YZJ,handheld,手持静止（右手）,recording,5.689219,0.387734,8.195699,0.000890,-0.030397,0.060689
776459420.000,YZJ,handheld,手持静止（右手）,recording,5.753877,0.328525,8.295213,0.025193,-0.003061,0.037735
776459430.000,YZJ,handheld,手持静止（右手）,recording,5.662429,0.258215,8.259366,0.051787,0.023135,0.010951
776459440.000,YZJ,handheld,手持静止（右手）,recording,5.606835,0.232658,8.220373,0.065907,0.041428,-0.005254
776459450.000,YZJ,handheld,手持静止（右手）,recording,5.737243,0.187344,8.063639,0.063199,0.068947,-0.023605
776459460.000,YZJ,handheld,手持静止（右手）,recording,5.683181,0.177648,7.952194,0.043121,0.067095,-0.040758
776459470.000,YZJ,handheld,手持静止（右手）,recording,5.631787,0.241973,7.897841,0.011784,0.060340,-0.033815
776459480.000,YZJ,handheld,手持静止（右手）,recording,5.532237,0.289946,7.951199,-0.014767,0.052214,-0.004151
776459490.000,YZJ,handheld,手持静止（右手）,recording,5.546421,0.358214,8.014674,-0.031300,0.031330,0.029602
776459500.000,YZJ,handheld,手持静止（右手）,recording,5.646285,0.368284,8.124728,-0.029405,0.009599,0.054171
776459510.000,YZJ,handheld,手持静止（右手）,recording,5.801626,0.311628,8.262158,-0.014351,-0.002818,0.061754
776459520.000,YZJ,handheld,手持静止（右手）,recording,6.025231,0.245015,8.301877,0.001907,-0.012762,0.043528
776459530.000,YZJ,handheld,手持静止（右手）,recording,6.083087,0.273833,8.334401,0.017992,-0.016781,0.018157
776459540.000,YZJ,handheld,手持静止（右手）,recording,6.025948,0.310831,8.318949,0.030581,-0.014507,-0.001628
776459550.000,YZJ,handheld,手持静止（右手）,recording,5.993954,0.358782,8.215748,0.034614,-0.009472,-0.012610
776459560.000,YZJ,handheld,手持静止（右手）,recording,5.922820,0.372142,8.144834,0.037348,-0.008758,-0.020872
776459570.000,YZJ,handheld,手持静止（右手）,recording,5.866984,0.285552,8.093789,0.037053,-0.017812,-0.025836
776459580.000,YZJ,handheld,手持静止（右手）,recording,5.810415,0.195290,8.065456,0.038337,-0.019489,-0.028070
776459590.000,YZJ,handheld,手持静止（右手）,recording,5.683651,0.184994,8.001603,0.038779,-0.021398,-0.023172
776459600.000,YZJ,handheld,手持静止（右手）,recording,5.590748,0.185214,7.952945,0.035936,-0.014002,-0.012602
776459610.000,YZJ,handheld,手持静止（右手）,recording,5.551483,0.170494,7.895484,0.029296,-0.003252,-0.002892
776459620.000,YZJ,handheld,手持静止（右手）,recording,5.627064,0.144473,7.893075,0.017026,0.003606,0.002989
776459630.000,YZJ,handheld,手持静止（右手）,recording,5.794190,0.198820,7.906992,0.005548,0.002298,-0.000034
776459640.000,YZJ,handheld,手持静止（右手）,recording,5.864645,0.230878,7.952899,-0.001500,-0.003342,-0.009137
776459650.000,YZJ,handheld,手持静止（右手）,recording,5.966430,0.235292,7.997000,-0.005616,-0.015535,-0.026182
776459660.000,YZJ,handheld,手持静止（右手）,recording,5.860957,0.258064,8.013440,-0.005898,-0.027627,-0.033727
776459670.000,YZJ,handheld,手持静止（右手）,recording,5.710529,0.299820,8.024538,-0.003578,-0.039260,-0.029594
776459680.000,YZJ,handheld,手持静止（右手）,recording,5.620460,0.337228,7.995358,0.000552,-0.050305,-0.020579
776459690.000,YZJ,handheld,手持静止（右手）,recording,5.594941,0.276383,7.978814,0.005022,-0.042392,-0.005496
776459700.000,YZJ,handheld,手持静止（右手）,recording,5.592895,0.231385,8.019519,0.007993,-0.026537,-0.000965
776459710.000,YZJ,handheld,手持静止（右手）,recording,5.622295,0.251004,7.994241,0.013040,-0.012363,-0.004172
776459720.000,YZJ,handheld,手持静止（右手）,recording,5.591419,0.271260,8.030052,0.021998,0.002515,-0.012502
776459730.000,YZJ,handheld,手持静止（右手）,recording,5.593882,0.282620,7.964322,0.029103,0.017283,-0.023350
776459740.000,YZJ,handheld,手持静止（右手）,recording,5.529344,0.263319,7.863968,0.035472,0.027796,-0.034937
776459750.000,YZJ,handheld,手持静止（右手）,recording,5.553898,0.199202,7.747500,0.028901,0.032004,-0.041633
776459760.000,YZJ,handheld,手持静止（右手）,recording,5.426908,0.108916,7.659853,0.008798,0.023587,-0.034862
776459770.000,YZJ,handheld,手持静止（右手）,recording,5.350706,0.113930,7.653553,-0.017811,0.012552,-0.010745
776459780.000,YZJ,handheld,手持静止（右手）,recording,5.345415,0.227673,7.751394,-0.046773,0.013684,0.024345
776459790.000,YZJ,handheld,手持静止（右手）,recording,5.558914,0.340169,7.878364,-0.066157,0.012032,0.043777
776459800.000,YZJ,handheld,手持静止（右手）,recording,5.776153,0.415658,8.023784,-0.068947,-0.001579,0.038222
776459810.000,YZJ,handheld,手持静止（右手）,recording,5.913462,0.435017,8.200529,-0.051097,-0.011263,0.016746
776459820.000,YZJ,handheld,手持静止（右手）,recording,5.855883,0.437767,8.334311,-0.016808,-0.014494,-0.000745
776459830.000,YZJ,handheld,手持静止（右手）,recording,5.712392,0.400257,8.310755,0.019600,-0.009625,-0.007694
776459840.000,YZJ,handheld,手持静止（右手）,recording,5.660754,0.366924,8.227763,0.044418,0.001374,-0.008707
776459850.000,YZJ,handheld,手持静止（右手）,recording,5.554797,0.294624,8.050870,0.050026,0.004963,-0.003567
776459860.000,YZJ,handheld,手持静止（右手）,recording,5.535699,0.293701,7.994859,0.037983,0.009031,0.004317
776459870.000,YZJ,handheld,手持静止（右手）,recording,5.534529,0.314024,7.911590,0.012598,0.016295,0.011194
776459880.000,YZJ,handheld,手持静止（右手）,recording,5.613929,0.325078,7.915970,-0.007838,0.029153,0.009077
776459890.000,YZJ,handheld,手持静止（右手）,recording,5.708755,0.266535,8.007528,-0.021046,0.045373,-0.000510
776459900.000,YZJ,handheld,手持静止（右手）,recording,5.750574,0.269631,8.102931,-0.025832,0.052326,-0.013741
776459910.000,YZJ,handheld,手持静止（右手）,recording,5.812914,0.322299,8.136661,-0.024394,0.049477,-0.029406
776459920.000,YZJ,handheld,手持静止（右手）,recording,5.737518,0.386365,8.186241,-0.014407,0.025901,-0.029627
776459930.000,YZJ,handheld,手持静止（右手）,recording,5.657000,0.438843,8.224659,0.001400,0.000798,-0.010813
776459940.000,YZJ,handheld,手持静止（右手）,recording,5.582491,0.457689,8.201536,0.022742,-0.029155,0.018031
776459950.000,YZJ,handheld,手持静止（右手）,recording,5.511338,0.365357,8.203866,0.045441,-0.046347,0.046338
776459960.000,YZJ,handheld,手持静止（右手）,recording,5.553575,0.283763,8.200988,0.062401,-0.036141,0.062194
776459970.000,YZJ,handheld,手持静止（右手）,recording,5.730164,0.191892,8.161507,0.065759,-0.001454,0.048673
776459980.000,YZJ,handheld,手持静止（右手）,recording,5.927207,0.145525,8.009106,0.052638,0.029321,0.009316
776459990.000,YZJ,handheld,手持静止（右手）,recording,6.000982,0.178093,7.881637,0.027756,0.044890,-0.036098
776460000.000,YZJ,handheld,手持静止（右手）,recording,5.961441,0.195833,7.813641,0.002041,0.046484,-0.063367
776460010.000,YZJ,handheld,手持静止（右手）,recording,5.738659,0.236880,7.825405,-0.013936,0.027191,-0.059326
776460020.000,YZJ,handheld,手持静止（右手）,recording,5.527385,0.224998,7.877132,-0.022932,0.002957,-0.026275
776460030.000,YZJ,handheld,手持静止（右手）,recording,5.511457,0.287659,7.898516,-0.024299,-0.023851,0.012600
776460040.000,YZJ,handheld,手持静止（右手）,recording,5.633403,0.293456,7.966048,-0.022075,-0.042152,0.041158
776460050.000,YZJ,handheld,手持静止（右手）,recording,5.788647,0.318951,8.057537,-0.015796,-0.040030,0.043624
776460060.000,YZJ,handheld,手持静止（右手）,recording,5.907650,0.384305,8.079007,-0.002925,-0.028997,0.023911
776460070.000,YZJ,handheld,手持静止（右手）,recording,5.878562,0.342964,8.056647,0.014217,-0.019653,-0.004722
776460080.000,YZJ,handheld,手持静止（右手）,recording,5.811313,0.242262,8.048025,0.031434,-0.005908,-0.031213
776460090.000,YZJ,handheld,手持静止（右手）,recording,5.593922,0.160766,7.948642,0.040070,0.000781,-0.040336
776460100.000,YZJ,handheld,手持静止（右手）,recording,5.339233,0.126759,7.830273,0.029843,0.007427,-0.025699
776460110.000,YZJ,handheld,手持静止（右手）,recording,5.346610,0.132021,7.784985,0.004810,0.028847,0.000481
776460120.000,YZJ,handheld,手持静止（右手）,recording,5.407388,0.181552,7.749953,-0.028456,0.038870,0.020956
776460130.000,YZJ,handheld,手持静止（右手）,recording,5.606197,0.285822,7.842279,-0.058932,0.048292,0.027119
776460140.000,YZJ,handheld,手持静止（右手）,recording,5.859479,0.365865,7.972406,-0.070595,0.056284,0.015456
776460150.000,YZJ,handheld,手持静止（右手）,recording,5.996712,0.408851,8.105997,-0.059728,0.044065,-0.008930
776460160.000,YZJ,handheld,手持静止（右手）,recording,5.930953,0.372417,8.189126,-0.030884,0.011442,-0.023337
776460170.000,YZJ,handheld,手持静止（右手）,recording,5.776388,0.321622,8.243354,0.003325,-0.009660,-0.016465
776460180.000,YZJ,handheld,手持静止（右手）,recording,5.576452,0.257048,8.181992,0.028437,-0.033388,0.009075
776460190.000,YZJ,handheld,手持静止（右手）,recording,5.574971,0.231276,8.077757,0.030704,-0.049187,0.032647
776460200.000,YZJ,handheld,手持静止（右手）,recording,5.646195,0.237092,7.946311,0.011826,-0.045655,0.044693
776460210.000,YZJ,handheld,手持静止（右手）,recording,5.807699,0.274718,7.951056,-0.021703,-0.023763,0.033809
776460220.000,YZJ,handheld,手持静止（右手）,recording,5.944825,0.358503,7.968730,-0.047034,-0.003933,0.001897
776460230.000,YZJ,handheld,手持静止（右手）,recording,5.966629,0.359505,8.059039,-0.055826,0.013481,-0.034217
776460240.000,YZJ,handheld,手持静止（右手）,recording,5.896094,0.326180,8.175662,-0.042874,0.030301,-0.062767
776460250.000,YZJ,handheld,手持静止（右手）,recording,5.746125,0.332812,8.179312,-0.015878,0.030449,-0.073748
776460260.000,YZJ,handheld,手持静止（右手）,recording,5.514718,0.350039,8.173569,0.014989,0.015132,-0.056571
776460270.000,YZJ,handheld,手持静止（右手）,recording,5.365192,0.360204,8.160106,0.039384,0.003860,-0.018232
776460280.000,YZJ,handheld,手持静止（右手）,recording,5.421669,0.355751,8.144924,0.050529,-0.001923,0.011863
776460290.000,YZJ,handheld,手持静止（右手）,recording,5.557752,0.372851,8.110395,0.050091,-0.004987,0.022251
776460300.000,YZJ,handheld,手持静止（右手）,recording,5.634052,0.363692,8.149542,0.045314,0.002703,0.012529
776460310.000,YZJ,handheld,手持静止（右手）,recording,5.786038,0.318315,8.134423,0.036933,0.028198,-0.017255
776460320.000,YZJ,handheld,手持静止（右手）,recording,5.756054,0.330208,8.036768,0.035422,0.039228,-0.049085
776460330.000,YZJ,handheld,手持静止（右手）,recording,5.544539,0.265237,7.936180,0.036845,0.051973,-0.058501
776460340.000,YZJ,handheld,手持静止（右手）,recording,5.332638,0.191846,7.848396,0.034765,0.049420,-0.045736
776460350.000,YZJ,handheld,手持静止（右手）,recording,5.149331,0.164703,7.713301,0.025111,0.027101,-0.012819
776460360.000,YZJ,handheld,手持静止（右手）,recording,5.037306,0.168679,7.759886,0.004585,0.015074,0.037250
776460370.000,YZJ,handheld,手持静止（右手）,recording,5.127384,0.234781,7.925272,-0.014846,0.023588,0.085168
776460380.000,YZJ,handheld,手持静止（右手）,recording,5.487840,0.344777,7.962276,-0.034929,0.024266,0.100786
776460390.000,YZJ,handheld,手持静止（右手）,recording,5.826365,0.449885,8.085052,-0.044674,0.031053,0.078835
776460400.000,YZJ,handheld,手持静止（右手）,recording,6.106146,0.481485,8.255921,-0.039253,0.045388,0.026827
776460410.000,YZJ,handheld,手持静止（右手）,recording,6.156775,0.533486,8.288235,-0.019440,0.037458,-0.026381
776460420.000,YZJ,handheld,手持静止（右手）,recording,6.045173,0.519496,8.332091,0.009101,0.019837,-0.061526
776460430.000,YZJ,handheld,手持静止（右手）,recording,5.822906,0.434975,8.307090,0.041055,0.004657,-0.064416
776460440.000,YZJ,handheld,手持静止（右手）,recording,5.597491,0.294961,8.142931,0.061664,-0.013543,-0.040351
776460450.000,YZJ,handheld,手持静止（右手）,recording,5.585931,0.202515,8.021258,0.060467,-0.028283,-0.013846
776460460.000,YZJ,handheld,手持静止（右手）,recording,5.568876,0.185108,7.865619,0.038627,-0.032877,0.003060
776460470.000,YZJ,handheld,手持静止（右手）,recording,5.602890,0.171020,7.800505,0.004514,-0.029158,0.011389
776460480.000,YZJ,handheld,手持静止（右手）,recording,5.512554,0.167990,7.807360,-0.033544,-0.032697,0.016370
776460490.000,YZJ,handheld,手持静止（右手）,recording,5.480027,0.198274,7.909214,-0.060690,-0.027298,0.022983
776460500.000,YZJ,handheld,手持静止（右手）,recording,5.496366,0.220363,8.039515,-0.076751,-0.025135,0.029396
776460510.000,YZJ,handheld,手持静止（右手）,recording,5.528047,0.259092,8.196195,-0.074519,-0.022174,0.032546
776460520.000,YZJ,handheld,手持静止（右手）,recording,5.660022,0.300279,8.305739,-0.059828,-0.021954,0.029459
776460530.000,YZJ,handheld,手持静止（右手）,recording,5.781120,0.389180,8.406012,-0.035019,-0.019693,0.020674
776460540.000,YZJ,handheld,手持静止（右手）,recording,5.890037,0.482406,8.346624,-0.006613,-0.016369,0.007041
776460550.000,YZJ,handheld,手持静止（右手）,recording,5.961993,0.537878,8.327248,0.025497,-0.013385,-0.010120
776460560.000,YZJ,handheld,手持静止（右手）,recording,5.893757,0.433897,8.318193,0.057177,-0.010277,-0.026993
776460570.000,YZJ,handheld,手持静止（右手）,recording,5.782412,0.348210,8.151546,0.078525,-0.004600,-0.036590
776460580.000,YZJ,handheld,手持静止（右手）,recording,5.638947,0.253015,8.077920,0.086486,0.010440,-0.032709
776460590.000,YZJ,handheld,手持静止（右手）,recording,5.554484,0.191783,7.958538,0.074966,0.019640,-0.024372
776460600.000,YZJ,handheld,手持静止（右手）,recording,5.602975,0.162389,7.829570,0.043303,0.029235,-0.019737
776460610.000,YZJ,handheld,手持静止（右手）,recording,5.644414,0.218171,7.823069,0.000736,0.030885,-0.018066
776460620.000,YZJ,handheld,手持静止（右手）,recording,5.752993,0.314050,7.815692,-0.040198,0.025544,-0.021212
776460630.000,YZJ,handheld,手持静止（右手）,recording,5.742437,0.469441,7.929508,-0.062415,0.012999,-0.018655
776460640.000,YZJ,handheld,手持静止（右手）,recording,5.802252,0.520623,8.089969,-0.057614,-0.006070,-0.016088
776460650.000,YZJ,handheld,手持静止（右手）,recording,5.825909,0.539558,8.227827,-0.026963,-0.034085,-0.015263
776460660.000,YZJ,handheld,手持静止（右手）,recording,5.760386,0.486436,8.337385,0.017499,-0.060169,-0.014348
776460670.000,YZJ,handheld,手持静止（右手）,recording,5.697308,0.440907,8.348432,0.063265,-0.061778,-0.012926
776460680.000,YZJ,handheld,手持静止（右手）,recording,5.572600,0.349908,8.246662,0.096035,-0.051605,-0.009330
776460690.000,YZJ,handheld,手持静止（右手）,recording,5.398365,0.247223,8.069718,0.104339,-0.038884,-0.004280
776460700.000,YZJ,handheld,手持静止（右手）,recording,5.379903,0.193071,7.846992,0.082298,-0.020041,-0.002019
776460710.000,YZJ,handheld,手持静止（右手）,recording,5.401779,0.176573,7.710055,0.035090,-0.000808,0.000171
776460720.000,YZJ,handheld,手持静止（右手）,recording,5.375083,0.227558,7.649025,-0.016830,0.009619,0.006369
776460730.000,YZJ,handheld,手持静止（右手）,recording,5.329729,0.328237,7.749349,-0.055001,0.030824,0.020283
776460740.000,YZJ,handheld,手持静止（右手）,recording,5.322547,0.424368,7.944875,-0.066807,0.056817,0.034787
776460750.000,YZJ,handheld,手持静止（右手）,recording,5.412094,0.463835,8.188929,-0.045041,0.089081,0.035585
776460760.000,YZJ,handheld,手持静止（右手）,recording,5.661122,0.469923,8.339042,-0.006205,0.123097,0.012445
776460770.000,YZJ,handheld,手持静止（右手）,recording,5.791041,0.448649,8.418089,0.039137,0.137641,-0.025222
776460780.000,YZJ,handheld,手持静止（右手）,recording,5.840793,0.414095,8.331623,0.077055,0.116800,-0.057587
776460790.000,YZJ,handheld,手持静止（右手）,recording,5.672979,0.391808,8.207298,0.096640,0.072794,-0.058324
776460800.000,YZJ,handheld,手持静止（右手）,recording,5.351089,0.280059,8.061087,0.093459,0.031815,-0.016418
776460810.000,YZJ,handheld,手持静止（右手）,recording,5.333917,0.213188,7.911978,0.065938,0.000292,0.036699
776460820.000,YZJ,handheld,手持静止（右手）,recording,5.477580,0.257428,7.739985,0.020653,-0.033143,0.075723
776460830.000,YZJ,handheld,手持静止（右手）,recording,5.733657,0.316023,7.747069,-0.023745,-0.051372,0.084367
776460840.000,YZJ,handheld,手持静止（右手）,recording,6.000481,0.365775,7.820913,-0.058668,-0.048144,0.059203
776460850.000,YZJ,handheld,手持静止（右手）,recording,6.038516,0.372762,7.925194,-0.070881,-0.039654,0.016138
776460860.000,YZJ,handheld,手持静止（右手）,recording,5.891294,0.329789,8.050838,-0.062303,-0.016148,-0.019739
776460870.000,YZJ,handheld,手持静止（右手）,recording,5.631611,0.334917,8.223114,-0.038484,0.020518,-0.033391
776460880.000,YZJ,handheld,手持静止（右手）,recording,5.473914,0.419304,8.260263,-0.011878,0.053348,-0.026738
776460890.000,YZJ,handheld,手持静止（右手）,recording,5.398662,0.497439,8.275853,0.011789,0.077430,-0.012490
776460900.000,YZJ,handheld,手持静止（右手）,recording,5.482978,0.536529,8.301160,0.028576,0.091492,-0.000993
776460910.000,YZJ,handheld,手持静止（右手）,recording,5.678664,0.493884,8.286716,0.039401,0.085228,-0.006060
776460920.000,YZJ,handheld,手持静止（右手）,recording,5.925821,0.441575,8.231806,0.047039,0.051029,-0.030011
776460930.000,YZJ,handheld,手持静止（右手）,recording,6.013523,0.348338,8.125540,0.050078,-0.005027,-0.056892
776460940.000,YZJ,handheld,手持静止（右手）,recording,5.849673,0.250672,8.036151,0.050013,-0.061228,-0.059834
776460950.000,YZJ,handheld,手持静止（右手）,recording,5.516960,0.182741,7.937908,0.041901,-0.111513,-0.030564
776460960.000,YZJ,handheld,手持静止（右手）,recording,5.189822,0.216017,7.816805,0.025359,-0.145682,0.025748
776460970.000,YZJ,handheld,手持静止（右手）,recording,5.130154,0.248563,7.776283,-0.004098,-0.140248,0.083997
776460980.000,YZJ,handheld,手持静止（右手）,recording,5.217889,0.275078,7.815763,-0.036768,-0.110396,0.112114
776460990.000,YZJ,handheld,手持静止（右手）,recording,5.493919,0.331027,7.968029,-0.061545,-0.059070,0.102439
776461000.000,YZJ,handheld,手持静止（右手）,recording,5.748125,0.413688,8.064621,-0.067948,-0.000926,0.060473
776461010.000,YZJ,handheld,手持静止（右手）,recording,5.829390,0.417001,8.195568,-0.051881,0.050133,0.001986
776461020.000,YZJ,handheld,手持静止（右手）,recording,5.914205,0.398872,8.291358,-0.018786,0.089187,-0.047296
776461030.000,YZJ,handheld,手持静止（右手）,recording,5.898229,0.415632,8.263646,0.020600,0.092935,-0.078616
776461040.000,YZJ,handheld,手持静止（右手）,recording,5.815198,0.430687,8.228744,0.056118,0.074703,-0.085856
776461050.000,YZJ,handheld,手持静止（右手）,recording,5.680417,0.406113,8.129073,0.075528,0.042687,-0.069048
776461060.000,YZJ,handheld,手持静止（右手）,recording,5.584297,0.387042,7.979761,0.077533,-0.002429,-0.033329
776461070.000,YZJ,handheld,手持静止（右手）,recording,5.565203,0.330797,7.881074,0.059795,-0.036299,0.000364
776461080.000,YZJ,handheld,手持静止（右手）,recording,5.550223,0.297565,7.879032,0.031851,-0.067215,0.025766
776461090.000,YZJ,handheld,手持静止（右手）,recording,5.467051,0.278061,7.861884,0.005036,-0.084787,0.045740
776461100.000,YZJ,handheld,手持静止（右手）,recording,5.440019,0.260172,7.895689,-0.014464,-0.069612,0.057175
776461110.000,YZJ,handheld,手持静止（右手）,recording,5.534652,0.235027,7.995215,-0.024469,-0.031720,0.052450
776461120.000,YZJ,handheld,手持静止（右手）,recording,5.679654,0.255813,8.000974,-0.029269,-0.004330,0.028382
776461130.000,YZJ,handheld,手持静止（右手）,recording,5.863422,0.307983,8.022656,-0.027698,0.021957,-0.006267
776461140.000,YZJ,handheld,手持静止（右手）,recording,5.865800,0.358921,8.069287,-0.021728,0.036442,-0.033618
776461150.000,YZJ,handheld,手持静止（右手）,recording,5.810586,0.444933,8.094282,-0.009108,0.025757,-0.045710
776461160.000,YZJ,handheld,手持静止（右手）,recording,5.687733,0.471931,8.128601,0.004040,0.006748,-0.037796
776461170.000,YZJ,handheld,手持静止（右手）,recording,5.589837,0.471038,8.155377,0.024618,-0.007546,-0.014213
776461180.000,YZJ,handheld,手持静止（右手）,recording,5.608885,0.384430,8.149567,0.039941,-0.017877,0.004945
776461190.000,YZJ,handheld,手持静止（右手）,recording,5.700683,0.293077,8.123412,0.048507,-0.021049,0.009701
776461200.000,YZJ,handheld,手持静止（右手）,recording,5.741580,0.275170,8.026909,0.046956,-0.024435,0.002575
776461210.000,YZJ,handheld,手持静止（右手）,recording,5.749147,0.210135,7.923498,0.031760,-0.025955,-0.005697
776461220.000,YZJ,handheld,手持静止（右手）,recording,5.742310,0.183054,7.799872,0.006742,-0.032387,-0.012115
776461230.000,YZJ,handheld,手持静止（右手）,recording,5.599184,0.235958,7.743495,-0.023892,-0.036809,-0.008174
776461240.000,YZJ,handheld,手持静止（右手）,recording,5.571854,0.275154,7.758978,-0.056095,-0.031209,0.004837
776461250.000,YZJ,handheld,手持静止（右手）,recording,5.621762,0.341065,7.851915,-0.080385,-0.024409,0.015231
776461260.000,YZJ,handheld,手持静止（右手）,recording,5.671473,0.419805,7.954336,-0.093394,-0.023704,0.016836
776461270.000,YZJ,handheld,手持静止（右手）,recording,5.764562,0.446922,8.155294,-0.087029,-0.022262,0.009965
776461280.000,YZJ,handheld,手持静止（右手）,recording,5.798250,0.510703,8.290974,-0.058891,-0.022066,-0.003128
776461290.000,YZJ,handheld,手持静止（右手）,recording,5.717482,0.536354,8.410809,-0.015858,-0.028328,-0.015269
776461300.000,YZJ,handheld,手持静止（右手）,recording,5.647297,0.531702,8.529028,0.034557,-0.022043,-0.017415
776461310.000,YZJ,handheld,手持静止（右手）,recording,5.611107,0.455710,8.455597,0.078609,-0.017041,-0.018832
776461320.000,YZJ,handheld,手持静止（右手）,recording,5.736765,0.371722,8.251827,0.101574,-0.020880,-0.031455
776461330.000,YZJ,handheld,手持静止（右手）,recording,5.732075,0.292957,8.002595,0.093344,-0.025455,-0.042140
776461340.000,YZJ,handheld,手持静止（右手）,recording,5.607684,0.267328,7.720862,0.060821,-0.024910,-0.044150
776461350.000,YZJ,handheld,手持静止（右手）,recording,5.465972,0.312457,7.567624,0.013915,-0.021653,-0.038582
776461360.000,YZJ,handheld,手持静止（右手）,recording,5.360797,0.353828,7.554150,-0.028955,-0.012285,-0.026490
776461370.000,YZJ,handheld,手持静止（右手）,recording,5.290623,0.337112,7.665578,-0.057027,-0.005404,-0.008605
776461380.000,YZJ,handheld,手持静止（右手）,recording,5.209223,0.223957,7.872204,-0.065760,0.006211,0.013985
776461390.000,YZJ,handheld,手持静止（右手）,recording,5.290759,0.243464,8.063465,-0.060166,0.014271,0.034826
776461400.000,YZJ,handheld,手持静止（右手）,recording,5.420021,0.378405,8.112484,-0.047813,0.014983,0.046065
776461410.000,YZJ,handheld,手持静止（右手）,recording,5.597336,0.521496,8.204845,-0.032495,0.002415,0.051446
776461420.000,YZJ,handheld,手持静止（右手）,recording,5.683214,0.588677,8.270490,-0.014155,-0.010822,0.052456
776461430.000,YZJ,handheld,手持静止（右手）,recording,5.892290,0.595260,8.245678,-0.000428,-0.018018,0.040816
776461440.000,YZJ,handheld,手持静止（右手）,recording,6.024461,0.498600,8.235137,0.013920,-0.025461,0.015608
776461450.000,YZJ,handheld,手持静止（右手）,recording,5.980519,0.366097,8.087577,0.023957,-0.037827,-0.007992
776461460.000,YZJ,handheld,手持静止（右手）,recording,5.866424,0.268119,8.039107,0.025693,-0.029030,-0.016963
776461470.000,YZJ,handheld,手持静止（右手）,recording,5.706663,0.249993,7.944570,0.017977,-0.020372,-0.011252
776461480.000,YZJ,handheld,手持静止（右手）,recording,5.621286,0.334369,7.857275,0.002969,-0.012280,-0.001910
776461490.000,YZJ,handheld,手持静止（右手）,recording,5.531205,0.380400,7.815893,-0.015227,-0.005749,0.008512
776461500.000,YZJ,handheld,手持静止（右手）,recording,5.497785,0.377317,7.916572,-0.030844,0.003834,0.018048
776461510.000,YZJ,handheld,手持静止（右手）,recording,5.496237,0.332305,8.022204,-0.037159,0.012290,0.020878
776461520.000,YZJ,handheld,手持静止（右手）,recording,5.545726,0.365995,8.204889,-0.037209,0.019718,0.025828
776461530.000,YZJ,handheld,手持静止（右手）,recording,5.679415,0.375491,8.327072,-0.029338,0.025377,0.025864
776461540.000,YZJ,handheld,手持静止（右手）,recording,5.784531,0.388198,8.302651,-0.019428,0.014427,0.020377
776461550.000,YZJ,handheld,手持静止（右手）,recording,5.866353,0.359546,8.324714,-0.010458,-0.006280,0.015001
776461560.000,YZJ,handheld,手持静止（右手）,recording,6.003492,0.412820,8.355475,-0.001507,-0.024174,0.004370
776461570.000,YZJ,handheld,手持静止（右手）,recording,6.026942,0.543468,8.246948,0.010461,-0.050242,-0.009568
776461580.000,YZJ,handheld,手持静止（右手）,recording,5.963085,0.550924,8.185626,0.027779,-0.069560,-0.020650
776461590.000,YZJ,handheld,手持静止（右手）,recording,5.790724,0.457053,8.242672,0.052032,-0.066006,-0.024438
776461600.000,YZJ,handheld,手持静止（右手）,recording,5.724112,0.379103,8.228046,0.074606,-0.046260,-0.026242
776461610.000,YZJ,handheld,手持静止（右手）,recording,5.638092,0.302600,8.172145,0.087982,-0.015722,-0.031131
776461620.000,YZJ,handheld,手持静止（右手）,recording,5.558210,0.284109,8.061632,0.090104,0.012700,-0.029343
776461630.000,YZJ,handheld,手持静止（右手）,recording,5.538222,0.254671,7.858751,0.074006,0.031075,-0.026727
776461640.000,YZJ,handheld,手持静止（右手）,recording,5.575859,0.233541,7.772757,0.045604,0.038803,-0.025385
776461650.000,YZJ,handheld,手持静止（右手）,recording,5.646341,0.221415,7.683079,0.009051,0.030886,-0.025479
776461660.000,YZJ,handheld,手持静止（右手）,recording,5.630928,0.260819,7.738233,-0.022871,0.016792,-0.019411
776461670.000,YZJ,handheld,手持静止（右手）,recording,5.615150,0.300493,7.848550,-0.045704,0.004316,-0.004724
776461680.000,YZJ,handheld,手持静止（右手）,recording,5.682526,0.451101,7.997816,-0.050491,-0.005580,0.003405
776461690.000,YZJ,handheld,手持静止（右手）,recording,5.728625,0.538179,8.070399,-0.034998,-0.015833,0.004995
776461700.000,YZJ,handheld,手持静止（右手）,recording,5.707729,0.561090,8.215206,-0.001990,-0.017112,0.003333
776461710.000,YZJ,handheld,手持静止（右手）,recording,5.707974,0.540182,8.249900,0.043322,-0.016481,-0.002624
776461720.000,YZJ,handheld,手持静止（右手）,recording,5.633676,0.474118,8.161026,0.090302,-0.025206,-0.008802
776461730.000,YZJ,handheld,手持静止（右手）,recording,5.616866,0.338456,8.061545,0.116837,-0.024694,-0.010678