timestamp_ms,user_name,hold_state,scene_tag,phase,acc_x,acc_y,acc_z,gyro_x,gyro_y,gyro_z
153543470.000,ZR,non_handheld,桌面静置,recording,-0.091008,0.566404,9.742968,0.000098,-0.021145,0.001933
153543480.000,ZR,non_handheld,桌面静置,recording,-0.078607,0.565688,9.716124,0.001105,-0.077430,0.005702
153543490.000,ZR,non_handheld,桌面静置,recording,0.042891,0.578490,9.808219,0.000557,-0.066943,0.004839
153543500.000,ZR,non_handheld,桌面静置,recording,0.125105,0.574050,9.873993,-0.000136,-0.002615,0.000612
153543510.000,ZR,non_handheld,桌面静置,recording,0.100976,0.577681,9.846754,-0.001967,0.055573,-0.003085
153543520.000,ZR,non_handheld,桌面静置,recording,0.024939,0.561904,9.793738,-0.002511,0.069167,-0.003231
153543530.000,ZR,non_handheld,桌面静置,recording,-0.063678,0.557367,9.731743,-0.002329,0.025727,-0.001353
153543540.000,ZR,non_handheld,桌面静置,recording,-0.087675,0.580089,9.752609,0.000605,-0.040176,0.003154
153543550.000,ZR,non_handheld,桌面静置,recording,-0.015648,0.570594,9.812937,0.001078,-0.066424,0.003779
153543560.000,ZR,non_handheld,桌面静置,recording,0.074139,0.575142,9.853706,0.000496,-0.036861,0.002578
153543570.000,ZR,non_handheld,桌面静置,recording,0.101284,0.566951,9.832411,-0.002327,0.016045,-0.001138
153543580.000,ZR,non_handheld,桌面静置,recording,0.073761,0.577171,9.777084,-0.001910,0.056319,-0.002216
153543590.000,ZR,non_handheld,桌面静置,recording,-0.013631,0.574357,9.762014,-0.003297,0.047333,-0.002087
153543600.000,ZR,non_handheld,桌面静置,recording,-0.054264,0.563328,9.763859,0.000614,-0.002206,0.001010
153543610.000,ZR,non_handheld,桌面静置,recording,-0.041511,0.572456,9.808733,0.001214,-0.048233,0.003521
153543620.000,ZR,non_handheld,桌面静置,recording,0.023198,0.565969,9.813353,0.000070,-0.049743,0.003964
153543630.000,ZR,non_handheld,桌面静置,recording,0.078812,0.572480,9.794620,0.000031,-0.009502,0.001606
153543640.000,ZR,non_handheld,桌面静置,recording,0.077452,0.573597,9.784526,-0.001135,0.033804,-0.001798
153543650.000,ZR,non_handheld,桌面静置,recording,0.042559,0.567439,9.791671,-0.002222,0.047983,-0.002409
153543660.000,ZR,non_handheld,桌面静置,recording,-0.025961,0.570967,9.806841,-0.001103,0.021164,-0.000905
153543670.000,ZR,non_handheld,桌面静置,recording,-0.055679,0.569445,9.803732,-0.000318,-0.022393,0.002475
153543680.000,ZR,non_handheld,桌面静置,recording,-0.013404,0.571699,9.760429,-0.000216,-0.046524,0.003394
153543690.000,ZR,non_handheld,桌面静置,recording,0.055594,0.574264,9.779550,0.000450,-0.026648,0.002470
153543700.000,ZR,non_handheld,桌面静置,recording,0.075118,0.581234,9.797986,-0.000829,0.011888,-0.001375
153543710.000,ZR,non_handheld,桌面静置,recording,0.054712,0.578714,9.834279,-0.002436,0.040302,-0.002672
153543720.000,ZR,non_handheld,桌面静置,recording,-0.003784,0.559721,9.813682,-0.002434,0.031063,-0.002030
153543730.000,ZR,non_handheld,桌面静置,recording,-0.039660,0.573804,9.801638,-0.000055,-0.005468,0.000492
153543740.000,ZR,non_handheld,桌面静置,recording,-0.038196,0.576709,9.753985,-0.000787,-0.036563,0.002515
153543750.000,ZR,non_handheld,桌面静置,recording,0.025954,0.563604,9.778619,0.000450,-0.033718,0.002897
153543760.000,ZR,non_handheld,桌面静置,recording,0.073451,0.584965,9.806279,-0.001469,-0.000672,0.000076
153543770.000,ZR,non_handheld,桌面静置,recording,0.070516,0.582385,9.830592,-0.002317,0.029680,-0.001893
153543780.000,ZR,non_handheld,桌面静置,recording,0.009151,0.585215,9.813824,-0.000166,0.031939,-0.001972
153543790.000,ZR,non_handheld,桌面静置,recording,-0.035768,0.567794,9.785016,-0.000475,0.005590,-0.000619
153543800.000,ZR,non_handheld,桌面静置,recording,-0.040537,0.562165,9.757834,-0.000355,-0.027013,0.002533
153543810.000,ZR,non_handheld,桌面静置,recording,0.019421,0.566470,9.771557,0.000891,-0.033585,0.002459
153543820.000,ZR,non_handheld,桌面静置,recording,0.044184,0.562798,9.827875,-0.000600,-0.007697,0.000932
153543830.000,ZR,non_handheld,桌面静置,recording,0.041644,0.582739,9.843425,-0.000887,0.022171,-0.001606
153543840.000,ZR,non_handheld,桌面静置,recording,0.021845,0.576187,9.808429,-0.002452,0.030684,-0.001970
153543850.000,ZR,non_handheld,桌面静置,recording,-0.016722,0.569970,9.761260,-0.001216,0.008354,-0.001417
153543860.000,ZR,non_handheld,桌面静置,recording,-0.031520,0.558413,9.751529,0.000200,-0.020057,0.001943
153543870.000,ZR,non_handheld,桌面静置,recording,0.007798,0.568793,9.777256,-0.000260,-0.029320,0.002840
153543880.000,ZR,non_handheld,桌面静置,recording,0.049716,0.573988,9.814568,-0.000221,-0.009084,0.001008
153543890.000,ZR,non_handheld,桌面静置,recording,0.052673,0.576415,9.831396,-0.000909,0.016651,-0.001074
153543900.000,ZR,non_handheld,桌面静置,recording,0.024458,0.577319,9.797011,-0.001022,0.023081,-0.001951
153543910.000,ZR,non_handheld,桌面静置,recording,-0.009173,0.575797,9.771447,-0.001556,0.006545,-0.000691
153543920.000,ZR,non_handheld,桌面静置,recording,-0.010543,0.567656,9.764847,-0.000623,-0.015281,0.001486
153543930.000,ZR,non_handheld,桌面静置,recording,-0.001356,0.578222,9.807737,0.000676,-0.023343,0.002477
153543940.000,ZR,non_handheld,桌面静置,recording,0.049620,0.571680,9.827684,-0.000262,-0.006057,0.000930
153543950.000,ZR,non_handheld,桌面静置,recording,0.043039,0.580435,9.808436,-0.001710,0.014604,-0.000615
153543960.000,ZR,non_handheld,桌面静置,recording,0.002221,0.572602,9.786966,-0.001254,0.017732,-0.001533
153543970.000,ZR,non_handheld,桌面静置,recording,0.003062,0.576198,9.771680,-0.000622,0.004455,-0.000709
153543980.000,ZR,non_handheld,桌面静置,recording,-0.010488,0.576746,9.788560,0.000334,-0.010447,0.000871
153543990.000,ZR,non_handheld,桌面静置,recording,0.012062,0.580684,9.815340,-0.000068,-0.015396,0.001618
153544000.000,ZR,non_handheld,桌面静置,recording,0.026918,0.575654,9.815691,-0.000542,-0.004273,0.000620
153544010.000,ZR,non_handheld,桌面静置,recording,0.031201,0.574087,9.794479,-0.001176,0.009241,-0.000711
153544020.000,ZR,non_handheld,桌面静置,recording,0.020511,0.561568,9.790812,-0.001825,0.012750,-0.001398
153544030.000,ZR,non_handheld,桌面静置,recording,0.006887,0.566444,9.793351,-0.000505,0.002389,-0.000246
153544040.000,ZR,non_handheld,桌面静置,recording,-0.012163,0.566367,9.797438,0.000318,-0.007597,0.000530
153544050.000,ZR,non_handheld,桌面静置,recording,0.003230,0.587056,9.807461,0.000199,-0.010911,0.001620
153544060.000,ZR,non_handheld,桌面静置,recording,0.022854,0.562898,9.793381,-0.000220,-0.003361,0.000816
153544070.000,ZR,non_handheld,桌面静置,recording,0.027158,0.572871,9.790732,-0.001527,0.006548,-0.000675
153544080.000,ZR,non_handheld,桌面静置,recording,0.020779,0.566924,9.811042,-0.000905,0.008213,-0.000554
153544090.000,ZR,non_handheld,桌面静置,recording,0.011838,0.572731,9.802635,-0.000201,0.002789,-0.000788
153544100.000,ZR,non_handheld,桌面静置,recording,-0.000676,0.563745,9.809309,-0.000245,-0.006395,0.000839
153544110.000,ZR,non_handheld,桌面静置,recording,0.004662,0.577829,9.791394,-0.000108,-0.008609,0.001638
153544120.000,ZR,non_handheld,桌面静置,recording,0.022922,0.567855,9.781436,0.000393,-0.001757,0.000201
153544130.000,ZR,non_handheld,桌面静置,recording,0.018053,0.572969,9.799744,-0.000707,0.005239,-0.000336
153544140.000,ZR,non_handheld,桌面静置,recording,0.009209,0.574513,9.804658,-0.000849,0.006693,-0.000807
153544150.000,ZR,non_handheld,桌面静置,recording,0.014065,0.577906,9.823010,0.000224,0.001055,-0.000610
153544160.000,ZR,non_handheld,桌面静置,recording,-0.001656,0.571090,9.780318,-0.000286,-0.005479,0.001186
153544170.000,ZR,non_handheld,桌面静置,recording,0.008715,0.576978,9.772327,0.000158,-0.008292,0.001499
153544180.000,ZR,non_handheld,桌面静置,recording,0.036490,0.579587,9.794784,-0.000305,-0.000954,0.000033
153544190.000,ZR,non_handheld,桌面静置,recording,0.028026,0.568601,9.818874,-0.000716,0.006161,-0.000441
153544200.000,ZR,non_handheld,桌面静置,recording,0.001381,0.574093,9.813318,-0.002352,0.007339,-0.000009
153544210.000,ZR,non_handheld,桌面静置,recording,0.007214,0.569874,9.790085,-0.000189,0.001053,-0.000013
153544220.000,ZR,non_handheld,桌面静置,recording,-0.000171,0.579736,9.768797,0.000581,-0.005370,0.001208
153544230.000,ZR,non_handheld,桌面静置,recording,0.016405,0.572184,9.782209,-0.000017,-0.006100,0.000954
153544240.000,ZR,non_handheld,桌面静置,recording,0.025797,0.592132,9.811367,0.000344,-0.001022,0.000679
153544250.000,ZR,non_handheld,桌面静置,recording,0.029679,0.575536,9.814697,-0.001630,0.003931,-0.000693
153544260.000,ZR,non_handheld,桌面静置,recording,0.016134,0.571469,9.801361,-0.001533,0.004547,-0.000550
153544270.000,ZR,non_handheld,桌面静置,recording,-0.000152,0.571740,9.770418,-0.001140,0.001856,-0.000456
153544280.000,ZR,non_handheld,桌面静置,recording,-0.000304,0.570588,9.776130,-0.000961,-0.003332,0.001133
153544290.000,ZR,non_handheld,桌面静置,recording,0.018815,0.578979,9.807992,0.000151,-0.005120,0.000840
153544300.000,ZR,non_handheld,桌面静置,recording,0.024512,0.580794,9.829436,0.000487,-0.001519,-0.000128
153544310.000,ZR,non_handheld,桌面静置,recording,0.017884,0.565058,9.810450,-0.001434,0.004243,0.000104
153544320.000,ZR,non_handheld,桌面静置,recording,0.021473,0.571013,9.790756,-0.001771,0.004661,-0.000140
153544330.000,ZR,non_handheld,桌面静置,recording,0.003534,0.567538,9.760089,-0.000009,0.001114,-0.000029
153544340.000,ZR,non_handheld,桌面静置,recording,0.001885,0.578160,9.782269,0.001187,-0.003104,0.000991
153544350.000,ZR,non_handheld,桌面静置,recording,0.017989,0.562861,9.817380,0.000674,-0.003749,0.000921
153544360.000,ZR,non_handheld,桌面静置,recording,0.012218,0.567572,9.819955,-0.000125,-0.000755,-0.000174
153544370.000,ZR,non_handheld,桌面静置,recording,0.011363,0.564025,9.800218,0.000434,0.002343,-0.000546
153544380.000,ZR,non_handheld,桌面静置,recording,0.011898,0.563410,9.774255,0.000186,0.002333,-0.000823
153544390.000,ZR,non_handheld,桌面静置,recording,0.004590,0.568351,9.789655,-0.000877,0.000223,-0.000233
153544400.000,ZR,non_handheld,桌面静置,recording,0.002478,0.576160,9.783134,-0.000253,-0.002220,0.000804
153544410.000,ZR,non_handheld,桌面静置,recording,0.007862,0.573783,9.829933,-0.000661,-0.003729,0.001620
153544420.000,ZR,non_handheld,桌面静置,recording,0.020345,0.569374,9.808847,0.000767,-0.000545,-0.000081
153544430.000,ZR,non_handheld,桌面静置,recording,0.021405,0.573909,9.788838,-0.000437,0.002714,-0.000176
153544440.000,ZR,non_handheld,桌面静置,recording,0.029848,0.574117,9.772183,0.000025,0.002754,-0.000990
153544450.000,ZR,non_handheld,桌面静置,recording,0.002967,0.569174,9.797326,0.000210,0.000497,-0.000269
153544460.000,ZR,non_handheld,桌面静置,recording,0.013519,0.571912,9.804676,-0.000755,-0.003189,0.001083
153544470.000,ZR,non_handheld,桌面静置,recording,0.010864,0.576444,9.813086,-0.000236,-0.002338,0.000529
153544480.000,ZR,non_handheld,桌面静置,recording,0.020435,0.567607,9.802905,-0.000087,-0.000283,0.000659
153544490.000,ZR,non_handheld,桌面静置,recording,0.016924,0.562941,9.783995,-0.000884,0.001162,-0.000325
153544500.000,ZR,non_handheld,桌面静置,recording,0.025611,0.578658,9.786648,0.000451,0.001089,0.000008
153544510.000,ZR,non_handheld,桌面静置,recording,0.009576,0.578791,9.801257,0.000119,-0.000431,0.000659
153544520.000,ZR,non_handheld,桌面静置,recording,0.009836,0.565077,9.823424,-0.000051,-0.000635,0.001049
153544530.000,ZR,non_handheld,桌面静置,recording,0.007200,0.584981,9.804577,0.001228,-0.000376,-0.000066
153544540.000,ZR,non_handheld,桌面静置,recording,0.011009,0.566236,9.787040,-0.000014,-0.000302,0.000731
153544550.000,ZR,non_handheld,桌面静置,recording,0.029675,0.567142,9.791050,-0.000272,-0.001062,0.000510
153544560.000,ZR,non_handheld,桌面静置,recording,0.019610,0.575215,9.782426,-0.000438,0.000294,-0.000326
153544570.000,ZR,non_handheld,桌面静置,recording,0.029461,0.569575,9.817183,-0.000146,0.001347,-0.000509
153544580.000,ZR,non_handheld,桌面静置,recording,0.008584,0.586528,9.811356,0.000283,0.000680,-0.000750
153544590.000,ZR,non_handheld,桌面静置,recording,0.014888,0.583062,9.802948,-0.000677,-0.000158,-0.000264
153544600.000,ZR,non_handheld,桌面静置,recording,0.015977,0.565437,9.788690,0.000042,-0.001338,0.001121
153544610.000,ZR,non_handheld,桌面静置,recording,0.019866,0.564773,9.763397,0.000653,-0.001296,0.000544
153544620.000,ZR,non_handheld,桌面静置,recording,0.023241,0.582487,9.793714,-0.000236,0.000591,-0.001159
153544630.000,ZR,non_handheld,桌面静置,recording,0.016955,0.571296,9.818254,-0.000276,0.002478,-0.000842
153544640.000,ZR,non_handheld,桌面静置,recording,0.009089,0.565229,9.797585,0.000529,0.000551,0.000069
153544650.000,ZR,non_handheld,桌面静置,recording,0.018264,0.560317,9.778737,0.000787,-0.002399,0.000977
153544660.000,ZR,non_handheld,桌面静置,recording,0.021328,0.563182,9.776550,0.000262,-0.003635,0.001584
153544670.000,ZR,non_handheld,桌面静置,recording,0.017605,0.575476,9.813133,0.000414,-0.000019,0.000954
153544680.000,ZR,non_handheld,桌面静置,recording,0.032045,0.574777,9.822690,0.001452,0.003223,-0.000451
153544690.000,ZR,non_handheld,桌面静置,recording,0.017851,0.574814,9.797743,0.000248,0.002770,-0.000639
153544700.000,ZR,non_handheld,桌面静置,recording,0.010964,0.560243,9.780183,0.000298,-0.000925,0.000344
153544710.000,ZR,non_handheld,桌面静置,recording,0.024395,0.569338,9.781479,0.000078,-0.003611,0.000918
153544720.000,ZR,non_handheld,桌面静置,recording,0.024437,0.572452,9.795706,-0.000650,-0.001498,0.000630
153544730.000,ZR,non_handheld,桌面静置,recording,0.019092,0.578354,9.821349,-0.000224,0.002541,-0.000713
153544740.000,ZR,non_handheld,桌面静置,recording,0.012277,0.578941,9.811775,-0.000016,0.004232,-0.000150
153544750.000,ZR,non_handheld,桌面静置,recording,0.010940,0.570327,9.779052,-0.000460,0.000552,-0.000112
153544760.000,ZR,non_handheld,桌面静置,recording,-0.002460,0.575742,9.769782,-0.000124,-0.003945,0.001047
153544770.000,ZR,non_handheld,桌面静置,recording,0.017879,0.569707,9.793950,0.000624,-0.004768,0.000846
153544780.000,ZR,non_handheld,桌面静置,recording,0.025259,0.584017,9.812556,-0.000060,-0.000064,0.000026
153544790.000,ZR,non_handheld,桌面静置,recording,0.007061,0.573917,9.813255,-0.000469,0.002026,-0.000476
153544800.000,ZR,non_handheld,桌面静置,recording,0.020427,0.561880,9.795261,-0.000688,0.001678,-0.000878
153544810.000,ZR,non_handheld,桌面静置,recording,0.012352,0.574164,9.768070,-0.000562,-0.000419,0.000646
153544820.000,ZR,non_handheld,桌面静置,recording,0.008457,0.561536,9.775468,-0.000244,-0.003181,0.000746
153544830.000,ZR,non_handheld,桌面静置,recording,0.011353,0.587771,9.817259,0.000434,-0.000937,0.000063
153544840.000,ZR,non_handheld,桌面静置,recording,0.016933,0.590747,9.825688,-0.000510,0.001283,-0.000121
153544850.000,ZR,non_handheld,桌面静置,recording,0.026290,0.559415,9.788728,-0.000298,0.002846,-0.000430
153544860.000,ZR,non_handheld,桌面静置,recording,0.006367,0.573183,9.769261,-0.000636,0.000548,-0.000731
153544870.000,ZR,non_handheld,桌面静置,recording,0.004312,0.564667,9.775849,0.000953,-0.002808,0.000847
153544880.000,ZR,non_handheld,桌面静置,recording,0.018001,0.566148,9.805737,-0.000879,-0.002314,0.001355
153544890.000,ZR,non_handheld,桌面静置,recording,0.012271,0.582570,9.831573,0.000542,0.000203,0.000564
153544900.000,ZR,non_handheld,桌面静置,recording,0.021198,0.580151,9.808850,0.000162,0.001612,-0.000823
153544910.000,ZR,non_handheld,桌面静置,recording,0.018971,0.560574,9.779871,-0.000638,0.000656,-0.000642
153544920.000,ZR,non_handheld,桌面静置,recording,0.011499,0.572163,9.763568,0.000003,-0.000735,0.000654
153544930.000,ZR,non_handheld,桌面静置,recording,0.016591,0.568969,9.802043,0.000610,-0.001539,0.000332
153544940.000,ZR,non_handheld,桌面静置,recording,0.026199,0.571945,9.814854,-0.000789,-0.000068,-0.000193
153544950.000,ZR,non_handheld,桌面静置,recording,0.010795,0.558859,9.814406,-0.000096,0.000601,-0.000429
153544960.000,ZR,non_handheld,桌面静置,recording,0.015490,0.577005,9.785345,-0.000398,0.001216,-0.000194
153544970.000,ZR,non_handheld,桌面静置,recording,0.004911,0.580066,9.758714,-0.000611,-0.000050,0.000473
153544980.000,ZR,non_handheld,桌面静置,recording,0.009450,0.573515,9.787122,-0.000335,-0.000763,0.000382
153544990.000,ZR,non_handheld,桌面静置,recording,0.008350,0.569048,9.808782,0.000217,-0.002508,0.000668
153545000.000,ZR,non_handheld,桌面静置,recording,0.008867,0.568603,9.813528,0.000166,0.000616,0.000112
153545010.000,ZR,non_handheld,桌面静置,recording,0.008566,0.588266,9.801699,0.000022,0.002035,-0.000642
153545020.000,ZR,non_handheld,桌面静置,recording,-0.001079,0.574003,9.771765,0.000488,0.000188,-0.001325
153545030.000,ZR,non_handheld,桌面静置,recording,0.017767,0.573981,9.776429,0.000757,-0.001698,0.000527
153545040.000,ZR,non_handheld,桌面静置,recording,0.011241,0.574614,9.810805,0.000648,-0.000283,0.000005
153545050.000,ZR,non_handheld,桌面静置,recording,0.015043,0.572172,9.813298,0.000058,0.000169,-0.000211
153545060.000,ZR,non_handheld,桌面静置,recording,0.031063,0.579710,9.811279,-0.000249,0.001462,-0.000553
153545070.000,ZR,non_handheld,桌面静置,recording,0.006239,0.573344,9.785769,0.000506,0.001660,-0.000302
153545080.000,ZR,non_handheld,桌面静置,recording,0.013965,0.566899,9.763204,0.000435,-0.000406,-0.000786
153545090.000,ZR,non_handheld,桌面静置,recording,0.025201,0.571295,9.790783,0.000148,-0.001521,-0.000248
153545100.000,ZR,non_handheld,桌面静置,recording,0.004203,0.571434,9.808904,-0.000608,0.000008,0.000346
153545110.000,ZR,non_handheld,桌面静置,recording,0.029324,0.581785,9.819815,0.000901,0.000600,-0.000032
153545120.000,ZR,non_handheld,桌面静置,recording,0.021971,0.589560,9.782124,0.001027,0.000438,-0.001127
153545130.000,ZR,non_handheld,桌面静置,recording,0.002360,0.578137,9.767399,-0.001094,-0.000965,0.001156
153545140.000,ZR,non_handheld,桌面静置,recording,0.017208,0.560909,9.774986,0.000003,-0.002294,0.000939
153545150.000,ZR,non_handheld,桌面静置,recording,0.018594,0.572840,9.800225,0.000272,-0.001702,0.000723
153545160.000,ZR,non_handheld,桌面静置,recording,0.025694,0.575527,9.834712,0.000163,0.000762,-0.000249
153545170.000,ZR,non_handheld,桌面静置,recording,0.020424,0.582425,9.807773,-0.000069,0.002866,-0.000750
153545180.000,ZR,non_handheld,桌面静置,recording,0.005055,0.568030,9.773074,-0.000391,0.000810,-0.000283
153545190.000,ZR,non_handheld,桌面静置,recording,0.020786,0.563050,9.774771,0.000437,-0.001608,0.000113
153545200.000,ZR,non_handheld,桌面静置,recording,0.031589,0.581834,9.790190,0.000001,-0.002059,0.000490
153545210.000,ZR,non_handheld,桌面静置,recording,0.000403,0.567772,9.833591,0.001210,0.000064,-0.000572
153545220.000,ZR,non_handheld,桌面静置,recording,0.020735,0.573697,9.817488,-0.000341,0.002364,-0.000139
153545230.000,ZR,non_handheld,桌面静置,recording,0.003210,0.567815,9.781088,-0.000604,0.001128,-0.000389
153545240.000,ZR,non_handheld,桌面静置,recording,0.016803,0.565848,9.777387,0.000358,-0.000482,-0.000371
153545250.000,ZR,non_handheld,桌面静置,recording,0.018784,0.565324,9.784118,-0.000087,-0.002386,0.000596
153545260.000,ZR,non_handheld,桌面静置,recording,0.010125,0.576799,9.815273,0.000292,0.000064,0.000003
153545270.000,ZR,non_handheld,桌面静置,recording,0.019657,0.575453,9.819332,-0.000140,0.000941,-0.000282
153545280.000,ZR,non_handheld,桌面静置,recording,0.019604,0.571261,9.811116,-0.000420,0.000509,-0.000857
153545290.000,ZR,non_handheld,桌面静置,recording,0.019664,0.561964,9.754713,0.000162,-0.002932,0.000549
153545300.000,ZR,non_handheld,桌面静置,recording,0.019050,0.575113,9.775786,0.000268,-0.003555,0.001154
153545310.000,ZR,non_handheld,桌面静置,recording,0.013498,0.569555,9.798521,0.000080,-0.000007,-0.000377
153545320.000,ZR,non_handheld,桌面静置,recording,0.013125,0.578324,9.833901,-0.000113,0.002665,-0.000750
153545330.000,ZR,non_handheld,桌面静置,recording,0.007754,0.571347,9.804010,-0.000166,0.002227,-0.000477
153545340.000,ZR,non_handheld,桌面静置,recording,0.010526,0.562034,9.778214,0.000001,-0.002192,0.001304
153545350.000,ZR,non_handheld,桌面静置,recording,0.017322,0.561705,9.756574,-0.000211,-0.003529,0.000720
153545360.000,ZR,non_handheld,桌面静置,recording,0.016426,0.572801,9.792840,-0.000158,-0.000572,0.000392
153545370.000,ZR,non_handheld,桌面静置,recording,0.013219,0.569877,9.823951,-0.000857,0.004032,-0.000431
153545380.000,ZR,non_handheld,桌面静置,recording,0.016810,0.578680,9.821088,0.000019,0.003235,-0.000688
153545390.000,ZR,non_handheld,桌面静置,recording,0.014854,0.566275,9.777717,0.000019,-0.000078,0.000340
153545400.000,ZR,non_handheld,桌面静置,recording,0.011951,0.581137,9.775211,0.000471,-0.004788,0.001171
153545410.000,ZR,non_handheld,桌面静置,recording,0.009072,0.569368,9.803221,-0.000476,-0.002720,0.000489
153545420.000,ZR,non_handheld,桌面静置,recording,0.026049,0.575259,9.814054,-0.000839,0.002333,-0.000937
153545430.000,ZR,non_handheld,桌面静置,recording,0.011511,0.570678,9.808228,-0.000758,0.005059,-0.000164
153545440.000,ZR,non_handheld,桌面静置,recording,0.011937,0.558239,9.776123,-0.000722,0.001742,-0.000715
153545450.000,ZR,non_handheld,桌面静置,recording,0.010912,0.569040,9.782560,-0.000440,-0.001878,0.000436
153545460.000,ZR,non_handheld,桌面静置,recording,0.017988,0.568640,9.779394,0.000289,-0.004902,0.000854
153545470.000,ZR,non_handheld,桌面静置,recording,0.015522,0.568229,9.813169,-0.000105,-0.001266,0.000248
153545480.000,ZR,non_handheld,桌面静置,recording,0.030923,0.579965,9.823485,-0.000140,0.002181,-0.000733
153545490.000,ZR,non_handheld,桌面静置,recording,0.017315,0.572353,9.798167,0.000413,0.002643,-0.000768
153545500.000,ZR,non_handheld,桌面静置,recording,0.014607,0.564127,9.756788,-0.000259,-0.000486,0.000208
153545510.000,ZR,non_handheld,桌面静置,recording,-0.002057,0.570534,9.767743,0.000752,-0.003189,0.000436
153545520.000,ZR,non_handheld,桌面静置,recording,0.007557,0.571926,9.813131,0.001426,-0.001891,0.000370
153545530.000,ZR,non_handheld,桌面静置,recording,0.019275,0.569438,9.839503,-0.000505,0.000591,-0.000438
153545540.000,ZR,non_handheld,桌面静置,recording,0.024098,0.575752,9.802154,0.000939,0.003351,-0.000002
153545550.000,ZR,non_handheld,桌面静置,recording,0.013227,0.557504,9.754414,0.000083,0.000927,0.000244
153545560.000,ZR,non_handheld,桌面静置,recording,0.013448,0.569919,9.776400,0.000281,-0.001551,0.000539
153545570.000,ZR,non_handheld,桌面静置,recording,0.016735,0.568930,9.788773,-0.000350,-0.001083,0.000977
153545580.000,ZR,non_handheld,桌面静置,recording,0.021350,0.575275,9.827192,-0.000611,0.000226,-0.000087
153545590.000,ZR,non_handheld,桌面静置,recording,0.016849,0.574967,9.818711,0.000785,0.001170,-0.000680
153545600.000,ZR,non_handheld,桌面静置,recording,0.012312,0.568775,9.772666,-0.000907,0.000524,0.000209
153545610.000,ZR,non_handheld,桌面静置,recording,0.024326,0.570023,9.764753,-0.000436,0.000088,-0.000402
153545620.000,ZR,non_handheld,桌面静置,recording,0.017256,0.570250,9.798301,0.000471,-0.001082,0.000715
153545630.000,ZR,non_handheld,桌面静置,recording,0.012834,0.570673,9.820469,-0.000314,-0.000087,0.000768
153545640.000,ZR,non_handheld,桌面静置,recording,0.020599,0.577271,9.826319,0.000018,0.000733,-0.000000
153545650.000,ZR,non_handheld,桌面静置,recording,0.007675,0.568624,9.790695,-0.001273,0.000384,-0.000436
153545660.000,ZR,non_handheld,桌面静置,recording,0.006435,0.585303,9.747167,-0.000681,0.000087,0.000193
153545670.000,ZR,non_handheld,桌面静置,recording,0.006418,0.564782,9.774197,0.000697,-0.001257,0.000785
153545680.000,ZR,non_handheld,桌面静置,recording,0.004792,0.572396,9.819382,-0.000157,-0.001815,0.000192
153545690.000,ZR,non_handheld,桌面静置,recording,0.016520,0.575998,9.821692,0.000225,-0.000002,-0.000277
153545700.000,ZR,non_handheld,桌面静置,recording,0.009731,0.573568,9.795058,-0.000400,0.000891,0.000156
153545710.000,ZR,non_handheld,桌面静置,recording,0.008228,0.556171,9.773051,-0.000418,0.000770,-0.000386
153545720.000,ZR,non_handheld,桌面静置,recording,0.008318,0.576003,9.780964,-0.000209,0.000172,-0.000085
153545730.000,ZR,non_handheld,桌面静置,recording,0.021712,0.572617,9.802373,0.000419,-0.002651,0.000786
153545740.000,ZR,non_handheld,桌面静置,recording,0.000230,0.583079,9.836593,0.000104,-0.002524,0.001272
153545750.000,ZR,non_handheld,桌面静置,recording,0.016402,0.567266,9.815221,0.000955,0.000264,-0.000348
153545760.000,ZR,non_handheld,桌面静置,recording,0.014204,0.564131,9.776367,-0.000222,0.001384,-0.001031
153545770.000,ZR,non_handheld,桌面静置,recording,-0.004415,0.583251,9.768095,0.000695,0.001360,-0.000785
153545780.000,ZR,non_handheld,桌面静置,recording,0.020661,0.575558,9.798502,-0.000924,-0.000110,-0.000224
153545790.000,ZR,non_handheld,桌面静置,recording,0.010625,0.574738,9.818841,0.000144,-0.000994,0.000541
153545800.000,ZR,non_handheld,桌面静置,recording,0.022843,0.569799,9.817418,-0.000003,-0.001171,0.000682
153545810.000,ZR,non_handheld,桌面静置,recording,0.007256,0.572907,9.791950,-0.000302,-0.000100,-0.000227
153545820.000,ZR,non_handheld,桌面静置,recording,0.027919,0.560259,9.776272,-0.000921,0.002265,-0.000455
153545830.000,ZR,non_handheld,桌面静置,recording,0.018334,0.572112,9.774113,-0.000449,0.000818,-0.000403
153545840.000,ZR,non_handheld,桌面静置,recording,0.012461,0.566590,9.805934,0.000399,0.000377,-0.000296
153545850.000,ZR,non_handheld,桌面静置,recording,0.013984,0.573969,9.825029,-0.000594,-0.000522,0.000179
153545860.000,ZR,non_handheld,桌面静置,recording,-0.002266,0.575995,9.806737,-0.000070,0.000051,0.000003
153545870.000,ZR,non_handheld,桌面静置,recording,0.014494,0.559662,9.797893,-0.000507,-0.000001,0.000458
153545880.000,ZR,non_handheld,桌面静置,recording,0.025257,0.556634,9.755817,-0.000702,-0.000383,0.000540
153545890.000,ZR,non_handheld,桌面静置,recording,0.010563,0.575070,9.791629,-0.000386,0.000332,-0.000681
153545900.000,ZR,non_handheld,桌面静置,recording,0.012833,0.569200,9.818199,-0.000022,0.000917,-0.000751
153545910.000,ZR,non_handheld,桌面静置,recording,0.006675,0.584803,9.817399,0.000822,0.000535,-0.000525
153545920.000,ZR,non_handheld,桌面静置,recording,0.003424,0.575788,9.778621,0.000311,-0.000976,0.000112
153545930.000,ZR,non_handheld,桌面静置,recording,0.016352,0.572674,9.768796,-0.000555,-0.000383,0.000108
153545940.000,ZR,non_handheld,桌面静置,recording,0.027269,0.573647,9.780541,-0.000006,0.000107,-0.000001
153545950.000,ZR,non_handheld,桌面静置,recording,0.008212,0.567581,9.809647,-0.000438,0.001041,-0.000687
153545960.000,ZR,non_handheld,桌面静置,recording,0.016332,0.572856,9.826443,0.000207,0.002021,-0.000070
153545970.000,ZR,non_handheld,桌面静置,recording,0.017512,0.570297,9.805369,0.000046,-0.001373,0.001047
153545980.000,ZR,non_handheld,桌面静置,recording,0.013757,0.570142,9.784603,0.000258,-0.002203,0.000978
153545990.000,ZR,non_handheld,桌面静置,recording,0.023029,0.565328,9.778182,-0.001165,-0.001281,0.000575
153546000.000,ZR,non_handheld,桌面静置,recording,0.020354,0.570196,9.795633,-0.000041,0.001249,-0.000595
153546010.000,ZR,non_handheld,桌面静置,recording,0.012611,0.571584,9.823202,-0.000519,0.002527,-0.000232
153546020.000,ZR,non_handheld,桌面静置,recording,0.002749,0.565364,9.817850,-0.000940,0.000136,0.000413
153546030.000,ZR,non_handheld,桌面静置,recording,0.004006,0.566698,9.784061,-0.000474,-0.002373,0.000391
153546040.000,ZR,non_handheld,桌面静置,recording,0.020835,0.574008,9.763117,0.000309,-0.003067,0.000616
153546050.000,ZR,non_handheld,桌面静置,recording,0.026495,0.575054,9.803320,-0.000294,-0.000127,-0.000009
153546060.000,ZR,non_handheld,桌面静置,recording,0.018705,0.584973,9.811530,-0.000291,0.002935,-0.000285
153546070.000,ZR,non_handheld,桌面静置,recording,0.012449,0.579933,9.805644,0.000154,0.002192,-0.000750
153546080.000,ZR,non_handheld,桌面静置,recording,0.006883,0.584349,9.787408,0.000585,-0.000737,-0.000443
153546090.000,ZR,non_handheld,桌面静置,recording,0.018747,0.564690,9.771775,0.000368,-0.005096,0.000764
153546100.000,ZR,non_handheld,桌面静置,recording,0.023652,0.571514,9.790877,-0.000198,-0.003472,0.000986
153546110.000,ZR,non_handheld,桌面静置,recording,0.020148,0.581982,9.813360,-0.000982,0.000424,-0.000536
153546120.000,ZR,non_handheld,桌面静置,recording,0.022964,0.580395,9.807862,-0.000620,0.004385,-0.000586
153546130.000,ZR,non_handheld,桌面静置,recording,0.002094,0.573343,9.807873,-0.000371,0.003852,-0.000811
153546140.000,ZR,non_handheld,桌面静置,recording,0.004628,0.585400,9.794001,-0.000199,-0.000312,0.000462
153546150.000,ZR,non_handheld,桌面静置,recording,0.010672,0.560632,9.780579,0.000171,-0.004727,0.000884
153546160.000,ZR,non_handheld,桌面静置,recording,0.015551,0.579449,9.801768,-0.000087,-0.002326,0.000729
153546170.000,ZR,non_handheld,桌面静置,recording,0.015485,0.572223,9.814675,-0.000896,0.001632,-0.000674
153546180.000,ZR,non_handheld,桌面静置,recording,0.017585,0.579510,9.783742,-0.000337,0.003766,-0.000372
153546190.000,ZR,non_handheld,桌面静置,recording,0.002904,0.564410,9.787187,0.000045,0.001886,-0.000750
153546200.000,ZR,non_handheld,桌面静置,recording,0.009740,0.567466,9.788550,-0.000561,-0.001631,0.000971
153546210.000,ZR,non_handheld,桌面静置,recording,0.008157,0.570204,9.802403,-0.000035,-0.003193,0.000873
153546220.000,ZR,non_handheld,桌面静置,recording,0.011135,0.575032,9.816896,-0.000181,-0.000605,0.000179
153546230.000,ZR,non_handheld,桌面静置,recording,0.028711,0.571777,9.791165,0.000499,0.001667,-0.000108
153546240.000,ZR,non_handheld,桌面静置,recording,0.001931,0.582483,9.784546,-0.000784,0.002199,-0.001238
153546250.000,ZR,non_handheld,桌面静置,recording,0.013754,0.565768,9.787604,0.000307,0.000226,-0.000103
153546260.000,ZR,non_handheld,桌面静置,recording,0.024722,0.563860,9.802770,-0.000544,-0.001784,0.001133
153546270.000,ZR,non_handheld,桌面静置,recording,0.004534,0.570618,9.821127,-0.000152,-0.002124,0.000958
153546280.000,ZR,non_handheld,桌面静置,recording,0.018057,0.572388,9.792298,0.000198,0.000034,-0.000236
153546290.000,ZR,non_handheld,桌面静置,recording,0.025093,0.577699,9.777796,-0.000711,0.001766,-0.001368
153546300.000,ZR,non_handheld,桌面静置,recording,0.007628,0.573161,9.796120,0.000866,0.000709,-0.000374
153546310.000,ZR,non_handheld,桌面静置,recording,0.007753,0.564581,9.809470,0.000489,0.000008,-0.000454
153546320.000,ZR,non_handheld,桌面静置,recording,0.026130,0.573383,9.819423,-0.000145,-0.001780,0.001344
153546330.000,ZR,non_handheld,桌面静置,recording,0.025814,0.573209,9.787241,-0.000127,-0.001003,0.001127
153546340.000,ZR,non_handheld,桌面静置,recording,0.013737,0.565848,9.781372,0.000090,0.001424,-0.000670
153546350.000,ZR,non_handheld,桌面静置,recording,0.002441,0.563841,9.779805,0.000210,0.001787,-0.000397
153546360.000,ZR,non_handheld,桌面静置,recording,0.011858,0.574869,9.784100,-0.000515,-0.000639,0.000363
153546370.000,ZR,non_handheld,桌面静置,recording,0.007308,0.561014,9.817782,-0.000452,-0.003179,0.001043
153546380.000,ZR,non_handheld,桌面静置,recording,0.014282,0.569286,9.802144,0.000335,-0.002022,0.000527
153546390.000,ZR,non_handheld,桌面静置,recording,0.019566,0.568420,9.796646,0.000831,0.000174,-0.000396
153546400.000,ZR,non_handheld,桌面静置,recording,0.014467,0.562254,9.788264,-0.001176,0.002955,-0.000289
153546410.000,ZR,non_handheld,桌面静置,recording,0.022707,0.571753,9.785093,-0.000924,0.001456,-0.000174
153546420.000,ZR,non_handheld,桌面静置,recording,0.004799,0.573735,9.798714,-0.000497,-0.001505,0.000180
153546430.000,ZR,non_handheld,桌面静置,recording,0.008923,0.571444,9.808479,-0.000552,-0.003340,0.000740
153546440.000,ZR,non_handheld,桌面静置,recording,0.025787,0.576113,9.792954,0.000105,-0.000674,0.000269
153546450.000,ZR,non_handheld,桌面静置,recording,0.022048,0.565264,9.788069,-0.000336,0.001414,-0.000666
153546460.000,ZR,non_handheld,桌面静置,recording,0.010778,0.576182,9.778890,-0.000187,0.001592,-0.000447
153546470.000,ZR,non_handheld,桌面静置,recording,0.013780,0.577122,9.812358,-0.001043,0.001206,0.000218
153546480.000,ZR,non_handheld,桌面静置,recording,0.011435,0.572761,9.813993,0.000097,-0.000971,0.001235
153546490.000,ZR,non_handheld,桌面静置,recording,0.008523,0.568667,9.800983,-0.000494,-0.002008,0.000726
153546500.000,ZR,non_handheld,桌面静置,recording,0.017634,0.567130,9.806274,-0.000408,-0.000720,0.000336
153546510.000,ZR,non_handheld,桌面静置,recording,0.008941,0.566454,9.780700,-0.000432,0.000316,-0.000174
153546520.000,ZR,non_handheld,桌面静置,recording,0.017557,0.572729,9.786267,0.000423,0.000929,-0.000716
153546530.000,ZR,non_handheld,桌面静置,recording,0.014411,0.574843,9.810358,-0.000138,-0.000039,0.000215
153546540.000,ZR,non_handheld,桌面静置,recording,0.010432,0.577643,9.810466,-0.001037,-0.000141,-0.000072
153546550.000,ZR,non_handheld,桌面静置,recording,0.016827,0.578051,9.812075,-0.000427,0.000283,-0.000446
153546560.000,ZR,non_handheld,桌面静置,recording,0.013809,0.566512,9.795488,-0.000427,0.000280,-0.000020
153546570.000,ZR,non_handheld,桌面静置,recording,0.022918,0.573926,9.771457,0.000013,0.000467,-0.000193
153546580.000,ZR,non_handheld,桌面静置,recording,0.020784,0.566289,9.794838,0.000032,-0.000025,0.000727
153546590.000,ZR,non_handheld,桌面静置,recording,0.011581,0.578866,9.807727,-0.000001,0.000587,0.000504
153546600.000,ZR,non_handheld,桌面静置,recording,0.016443,0.564897,9.815035,-0.000153,0.000333,-0.000633
153546610.000,ZR,non_handheld,桌面静置,recording,0.015415,0.566633,9.789721,-0.000121,-0.001565,0.000827
153546620.000,ZR,non_handheld,桌面静置,recording,0.027037,0.569833,9.777667,-0.000816,-0.000941,0.000351
153546630.000,ZR,non_handheld,桌面静置,recording,0.017612,0.575078,9.787474,0.000625,0.000689,-0.000191
153546640.000,ZR,non_handheld,桌面静置,recording,0.013243,0.579437,9.804664,0.001184,0.001911,-0.000362
153546650.000,ZR,non_handheld,桌面静置,recording,0.020891,0.578197,9.810465,0.000099,0.000774,-0.000666
153546660.000,ZR,non_handheld,桌面静置,recording,0.004574,0.570433,9.811042,-0.000478,-0.001466,0.000674
153546670.000,ZR,non_handheld,桌面静置,recording,0.022442,0.578253,9.775321,0.000456,-0.002755,0.000946
153546680.000,ZR,non_handheld,桌面静置,recording,0.016997,0.567318,9.782886,-0.000105,-0.000955,0.000132
153546690.000,ZR,non_handheld,桌面静置,recording,0.022332,0.576813,9.801235,-0.001087,0.001327,-0.001361
153546700.000,ZR,non_handheld,桌面静置,recording,0.000861,0.573294,9.805074,-0.001953,0.003250,-0.000802
153546710.000,ZR,non_handheld,桌面静置,recording,0.003411,0.585943,9.809210,-0.000597,0.000671,-0.001310
153546720.000,ZR,non_handheld,桌面静置,recording,0.012135,0.563737,9.787189,0.000183,-0.005150,0.000521
153546730.000,ZR,non_handheld,桌面静置,recording,0.020401,0.563528,9.777747,-0.000120,-0.006144,0.000776
153546740.000,ZR,non_handheld,桌面静置,recording,0.025105,0.582913,9.789909,-0.000648,0.000644,-0.000718
153546750.000,ZR,non_handheld,桌面静置,recording,0.010676,0.590745,9.821006,-0.001835,0.005731,-0.001244
153546760.000,ZR,non_handheld,桌面静置,recording,0.004898,0.571488,9.808152,-0.000745,0.004686,-0.001275
153546770.000,ZR,non_handheld,桌面静置,recording,0.004613,0.555567,9.774709,0.000134,-0.002306,0.000439
153546780.000,ZR,non_handheld,桌面静置,recording,0.015125,0.565912,9.766447,-0.000358,-0.008605,0.000948
153546790.000,ZR,non_handheld,桌面静置,recording,0.036617,0.563957,9.796734,-0.000394,-0.005633,0.001422
153546800.000,ZR,non_handheld,桌面静置,recording,0.034618,0.575403,9.823835,-0.001208,0.003586,-0.000532
153546810.000,ZR,non_handheld,桌面静置,recording,0.009884,0.572885,9.816529,-0.001188,0.007356,-0.000444
153546820.000,ZR,non_handheld,桌面静置,recording,-0.000796,0.575909,9.778643,-0.000751,0.003996,-0.000719
153546830.000,ZR,non_handheld,桌面静置,recording,-0.012257,0.572706,9.784334,0.000654,-0.004798,0.000880
153546840.000,ZR,non_handheld,桌面静置,recording,0.004478,0.567370,9.775679,0.000468,-0.006353,0.000913
153546850.000,ZR,non_handheld,桌面静置,recording,0.026979,0.584210,9.819963,0.000203,-0.001931,0.001092
153546860.000,ZR,non_handheld,桌面静置,recording,0.027970,0.568765,9.821228,-0.001395,0.004755,-0.000905
153546870.000,ZR,non_handheld,桌面静置,recording,0.019271,0.567076,9.784385,-0.000840,0.006241,-0.000665
153546880.000,ZR,non_handheld,桌面静置,recording,0.011766,0.567526,9.775309,0.000496,0.000324,-0.000291
153546890.000,ZR,non_handheld,桌面静置,recording,0.004802,0.562146,9.769938,0.000947,-0.004469,0.001619
153546900.000,ZR,non_handheld,桌面静置,recording,0.010736,0.582040,9.807269,0.000727,-0.004789,0.000607
153546910.000,ZR,non_handheld,桌面静置,recording,0.021950,0.574673,9.821988,0.000067,-0.001026,0.000326
153546920.000,ZR,non_handheld,桌面静置,recording,0.012552,0.567626,9.800452,0.000285,0.002541,-0.000787
153546930.000,ZR,non_handheld,桌面静置,recording,0.023087,0.572805,9.780260,-0.000245,0.003155,-0.000523
153546940.000,ZR,non_handheld,桌面静置,recording,0.006689,0.569076,9.770247,0.000087,0.000169,0.000214
153546950.000,ZR,non_handheld,桌面静置,recording,0.017990,0.572303,9.802411,-0.000119,-0.002350,0.001163
153546960.000,ZR,non_handheld,桌面静置,recording,0.000923,0.566655,9.814309,-0.000389,-0.002513,0.000591
153546970.000,ZR,non_handheld,桌面静置,recording,0.020784,0.575811,9.803610,0.000092,-0.000805,0.000419
153546980.000,ZR,non_handheld,桌面静置,recording,0.013997,0.558988,9.766520,0.000204,0.001780,-0.000502
153546990.000,ZR,non_handheld,桌面静置,recording,0.019333,0.573495,9.771142,-0.001538,0.002020,-0.000798
153547000.000,ZR,non_handheld,桌面静置,recording,0.009425,0.573766,9.802622,0.000166,0.000099,-0.000990
153547010.000,ZR,non_handheld,桌面静置,recording,0.021586,0.574171,9.827578,0.000920,-0.001859,0.000688
153547020.000,ZR,non_handheld,桌面静置,recording,0.019537,0.572642,9.819282,0.000008,-0.002601,0.000579
153547030.000,ZR,non_handheld,桌面静置,recording,0.019296,0.575311,9.789268,0.000345,0.000441,-0.000434
153547040.000,ZR,non_handheld,桌面静置,recording,0.013643,0.570909,9.773799,-0.000534,0.002844,-0.001129
153547050.000,ZR,non_handheld,桌面静置,recording,0.012580,0.567074,9.777091,-0.000238,0.001173,-0.001408
153547060.000,ZR,non_handheld,桌面静置,recording,0.008822,0.563279,9.814990,0.000708,-0.000968,0.000129
153547070.000,ZR,non_handheld,桌面静置,recording,0.012456,0.572710,9.818249,-0.000289,-0.004166,0.000954
153547080.000,ZR,non_handheld,桌面静置,recording,0.026487,0.578420,9.796529,0.000400,-0.000722,-0.000401
153547090.000,ZR,non_handheld,桌面静置,recording,0.020494,0.566560,9.769894,0.000355,0.002249,-0.001039
153547100.000,ZR,non_handheld,桌面静置,recording,0.019058,0.568343,9.776817,0.000923,0.002979,-0.000838
153547110.000,ZR,non_handheld,桌面静置,recording,0.004951,0.579839,9.799592,0.001291,0.000480,-0.000788
153547120.000,ZR,non_handheld,桌面静置,recording,0.004930,0.565416,9.822156,0.000087,-0.003121,0.000585
153547130.000,ZR,non_handheld,桌面静置,recording,0.025817,0.573530,9.796500,0.000455,-0.003139,0.000743
153547140.000,ZR,non_handheld,桌面静置,recording,0.020145,0.568091,9.787250,0.000170,0.000223,0.000746
153547150.000,ZR,non_handheld,桌面静置,recording,0.025447,0.568407,9.782377,-0.000014,0.002761,-0.000319
153547160.000,ZR,non_handheld,桌面静置,recording,0.026365,0.565877,9.789768,-0.000381,0.001631,-0.001038
153547170.000,ZR,non_handheld,桌面静置,recording,0.002693,0.567489,9.790056,0.000413,0.000243,0.000151
153547180.000,ZR,non_handheld,桌面静置,recording,0.020710,0.583908,9.826492,0.000272,-0.002930,0.000433
153547190.000,ZR,non_handheld,桌面静置,recording,0.023379,0.580583,9.786639,0.000255,-0.001927,0.000177
153547200.000,ZR,non_handheld,桌面静置,recording,0.020137,0.572042,9.793723,-0.000039,0.001031,-0.000310
153547210.000,ZR,non_handheld,桌面静置,recording,0.021445,0.557732,9.789376,-0.000416,0.001732,-0.000545
153547220.000,ZR,non_handheld,桌面静置,recording,0.011629,0.571883,9.787446,-0.000197,0.000517,-0.000771
153547230.000,ZR,non_handheld,桌面静置,recording,0.011880,0.569813,9.812525,-0.000222,0.000142,-0.000604
153547240.000,ZR,non_handheld,桌面静置,recording,0.008684,0.589463,9.811633,0.000798,-0.000459,-0.000487
153547250.000,ZR,non_handheld,桌面静置,recording,0.007768,0.579174,9.792790,0.001382,-0.001078,-0.000294
153547260.000,ZR,non_handheld,桌面静置,recording,0.021562,0.564256,9.777809,0.000625,-0.000333,0.000391
153547270.000,ZR,non_handheld,桌面静置,recording,0.022430,0.574048,9.795159,0.000144,0.000340,-0.001054
153547280.000,ZR,non_handheld,桌面静置,recording,0.027510,0.573175,9.809757,0.000136,0.000862,-0.000998
153547290.000,ZR,non_handheld,桌面静置,recording,0.012040,0.568149,9.802731,0.000397,0.001618,-0.001198
153547300.000,ZR,non_handheld,桌面静置,recording,0.010784,0.565466,9.801730,-0.000146,-0.000215,-0.000043
153547310.000,ZR,non_handheld,桌面静置,recording,0.017348,0.582469,9.790907,0.001182,-0.003031,0.000972
153547320.000,ZR,non_handheld,桌面静置,recording,0.023949,0.568076,9.784783,0.000476,-0.002752,0.001300
153547330.000,ZR,non_handheld,桌面静置,recording,0.016402,0.577247,9.782802,-0.000245,0.002012,-0.000076
153547340.000,ZR,non_handheld,桌面静置,recording,0.023066,0.580825,9.812785,-0.000706,0.004294,-0.001219
153547350.000,ZR,non_handheld,桌面静置,recording,0.002463,0.585294,9.814512,-0.000411,0.001715,-0.000838
153547360.000,ZR,non_handheld,桌面静置,recording,0.007631,0.581009,9.788625,-0.000672,-0.002677,0.000995
153547370.000,ZR,non_handheld,桌面静置,recording,0.014036,0.554571,9.771542,-0.000490,-0.005557,0.001522
153547380.000,ZR,non_handheld,桌面静置,recording,0.030983,0.567891,9.774261,0.000226,-0.002237,0.001099
153547390.000,ZR,non_handheld,桌面静置,recording,0.020247,0.580988,9.813163,-0.001046,0.004661,0.000007
153547400.000,ZR,non_handheld,桌面静置,recording,0.002304,0.577014,9.820957,-0.000822,0.007227,-0.001099
153547410.000,ZR,non_handheld,桌面静置,recording,0.005267,0.582149,9.800323,0.000075,0.001139,-0.000082
153547420.000,ZR,non_handheld,桌面静置,recording,0.005171,0.575980,9.775246,-0.000639,-0.006340,0.001668
153547430.000,ZR,non_handheld,桌面静置,recording,0.031585,0.573102,9.788540,0.000435,-0.008633,0.001725
153547440.000,ZR,non_handheld,桌面静置,recording,0.028482,0.560476,9.809958,0.000202,0.000365,-0.000504
153547450.000,ZR,non_handheld,桌面静置,recording,0.017449,0.575046,9.832469,-0.001021,0.007855,-0.000508
153547460.000,ZR,non_handheld,桌面静置,recording,0.009523,0.569905,9.811985,-0.001403,0.006181,-0.000492
153547470.000,ZR,non_handheld,桌面静置,recording,0.001929,0.576437,9.772633,0.000681,-0.002174,0.000183
153547480.000,ZR,non_handheld,桌面静置,recording,0.007559,0.563392,9.762654,0.000915,-0.008812,0.001542
153547490.000,ZR,non_handheld,桌面静置,recording,0.023064,0.570274,9.796429,-0.000722,-0.004628,0.000980
153547500.000,ZR,non_handheld,桌面静置,recording,0.017515,0.573806,9.830114,-0.001209,0.004704,-0.001047
153547510.000,ZR,non_handheld,桌面静置,recording,0.018322,0.575462,9.807588,-0.002242,0.007765,-0.000873
153547520.000,ZR,non_handheld,桌面静置,recording,0.000200,0.560621,9.779599,-0.000391,0.001927,-0.000427
153547530.000,ZR,non_handheld,桌面静置,recording,-0.001091,0.565213,9.762982,-0.000082,-0.004630,0.001028
153547540.000,ZR,non_handheld,桌面静置,recording,0.013500,0.568698,9.785788,0.000169,-0.006469,0.001440
153547550.000,ZR,non_handheld,桌面静置,recording,0.018359,0.581046,9.812845,0.000067,-0.001420,0.000754
153547560.000,ZR,non_handheld,桌面静置,recording,0.027859,0.572750,9.829820,-0.001699,0.004078,-0.001366
153547570.000,ZR,non_handheld,桌面静置,recording,0.013640,0.566700,9.786530,-0.000786,0.005605,-0.000622
153547580.000,ZR,non_handheld,桌面静置,recording,-0.002389,0.572961,9.748788,-0.000276,-0.000108,-0.000228
153547590.000,ZR,non_handheld,桌面静置,recording,-0.002182,0.569766,9.767881,0.000285,-0.004351,0.000616
153547600.000,ZR,non_handheld,桌面静置,recording,0.012373,0.581815,9.815820,-0.000111,-0.004766,0.001043
153547610.000,ZR,non_handheld,桌面静置,recording,0.029136,0.572001,9.828569,0.000219,0.000152,-0.000194
153547620.000,ZR,non_handheld,桌面静置,recording,0.019312,0.576266,9.796259,-0.000060,0.002926,-0.001018
153547630.000,ZR,non_handheld,桌面静置,recording,0.022223,0.576567,9.760688,0.000483,0.002034,-0.000194
153547640.000,ZR,non_handheld,桌面静置,recording,0.003985,0.576604,9.768198,-0.000671,-0.000755,0.000714
153547650.000,ZR,non_handheld,桌面静置,recording,-0.007689,0.573457,9.814663,0.000285,-0.002306,0.000597
153547660.000,ZR,non_handheld,桌面静置,recording,0.014109,0.576555,9.822140,0.000037,-0.001940,0.000944
153547670.000,ZR,non_handheld,桌面静置,recording,0.002236,0.572113,9.802194,0.000385,0.000020,0.000169
153547680.000,ZR,non_handheld,桌面静置,recording,0.017042,0.578333,9.777502,0.000336,0.001045,-0.000722
153547690.000,ZR,non_handheld,桌面静置,recording,0.008757,0.580612,9.781165,-0.000094,0.001656,-0.000391
153547700.000,ZR,non_handheld,桌面静置,recording,0.012873,0.574200,9.811114,-0.000557,0.000450,-0.000820
153547710.000,ZR,non_handheld,桌面静置,recording,0.013832,0.577373,9.827921,0.000350,-0.001483,0.000581
153547720.000,ZR,non_handheld,桌面静置,recording,0.021922,0.557988,9.805872,0.000023,-0.001890,0.000779
153547730.000,ZR,non_handheld,桌面静置,recording,0.008950,0.573949,9.778782,0.000269,0.000550,-0.000524
153547740.000,ZR,non_handheld,桌面静置,recording,0.018327,0.556486,9.767693,0.000584,0.000767,-0.000820
153547750.000,ZR,non_handheld,桌面静置,recording,0.007906,0.572988,9.790634,0.000961,0.000896,-0.001284
153547760.000,ZR,non_handheld,桌面静置,recording,0.005572,0.564520,9.829229,0.000070,-0.000131,-0.000437
153547770.000,ZR,non_handheld,桌面静置,recording,0.015008,0.565826,9.818060,0.000021,-0.002784,0.001109
153547780.000,ZR,non_handheld,桌面静置,recording,0.022446,0.568124,9.787804,0.000585,-0.002401,0.000846
153547790.000,ZR,non_handheld,桌面静置,recording,0.019764,0.570623,9.763091,0.000251,0.000187,-0.000361
153547800.000,ZR,non_handheld,桌面静置,recording,0.020966,0.575528,9.799860,0.000057,0.001818,-0.001136
153547810.000,ZR,non_handheld,桌面静置,recording,0.015293,0.584294,9.823843,0.000134,0.000828,-0.000540
153547820.000,ZR,non_handheld,桌面静置,recording,0.009859,0.563257,9.816516,0.000517,0.000014,0.000209
153547830.000,ZR,non_handheld,桌面静置,recording,0.018139,0.574724,9.795307,0.000389,-0.004146,0.001519
153547840.000,ZR,non_handheld,桌面静置,recording,0.024695,0.568915,9.772451,0.000232,-0.001254,0.000432
153547850.000,ZR,non_handheld,桌面静置,recording,0.015575,0.580027,9.798038,-0.000776,0.002710,-0.000608
153547860.000,ZR,non_handheld,桌面静置,recording,0.018420,0.573303,9.799569,0.000087,0.003500,-0.000861
153547870.000,ZR,non_handheld,桌面静置,recording,0.007629,0.565306,9.816786,-0.000506,0.000183,0.000155
153547880.000,ZR,non_handheld,桌面静置,recording,0.010874,0.577297,9.791482,0.000068,-0.003083,0.002114
153547890.000,ZR,non_handheld,桌面静置,recording,0.019479,0.562711,9.783968,0.000135,-0.002358,0.000726
153547900.000,ZR,non_handheld,桌面静置,recording,0.018254,0.582677,9.794024,0.000150,0.000655,0.000037
153547910.000,ZR,non_handheld,桌面静置,recording,0.020890,0.565701,9.798589,-0.000386,0.002533,-0.000532
153547920.000,ZR,non_handheld,桌面静置,recording,0.011361,0.569529,9.814290,-0.000604,0.002735,-0.000330
153547930.000,ZR,non_handheld,桌面静置,recording,0.013460,0.576847,9.797065,-0.000506,-0.000876,-0.000423
153547940.000,ZR,non_handheld,桌面静置,recording,-0.008206,0.576691,9.797395,0.000140,-0.002635,0.000188
153547950.000,ZR,non_handheld,桌面静置,recording,0.030565,0.578114,9.794892,0.000746,-0.001768,0.001103
153547960.000,ZR,non_handheld,桌面静置,recording,0.009355,0.576132,9.793431,0.000658,0.001308,-0.000256
153547970.000,ZR,non_handheld,桌面静置,recording,0.033234,0.566945,9.796393,-0.000028,0.002101,-0.000701
153547980.000,ZR,non_handheld,桌面静置,recording,0.001212,0.569810,9.796236,0.000037,0.001069,-0.000348
153547990.000,ZR,non_handheld,桌面静置,recording,0.007472,0.566693,9.796691,-0.000613,-0.001274,0.000269
153548000.000,ZR,non_handheld,桌面静置,recording,0.009539,0.573631,9.787571,0.000413,-0.002309,0.001336
153548010.000,ZR,non_handheld,桌面静置,recording,0.016398,0.574269,9.801012,0.000239,-0.001686,0.000743
153548020.000,ZR,non_handheld,桌面静置,recording,0.030494,0.568717,9.788118,0.000876,0.000245,-0.000707
153548030.000,ZR,non_handheld,桌面静置,recording,0.007002,0.573917,9.791554,0.000115,0.001288,-0.000762
153548040.000,ZR,non_handheld,桌面静置,recording,0.015505,0.572076,9.792889,-0.000201,0.002860,-0.000885
153548050.000,ZR,non_handheld,桌面静置,recording,-0.000407,0.578429,9.796117,0.000836,0.000785,-0.000259
153548060.000,ZR,non_handheld,桌面静置,recording,0.016003,0.584667,9.790863,0.000217,-0.003629,0.000334
153548070.000,ZR,non_handheld,桌面静置,recording,0.025527,0.558097,9.794413,0.000568,-0.004884,0.001858
153548080.000,ZR,non_handheld,桌面静置,recording,0.033231,0.569204,9.782282,-0.000433,-0.000935,0.000832
153548090.000,ZR,non_handheld,桌面静置,recording,0.020079,0.567821,9.809117,-0.000467,0.003104,-0.000904
153548100.000,ZR,non_handheld,桌面静置,recording,0.019192,0.579684,9.803523,-0.000587,0.005157,-0.000805
153548110.000,ZR,non_handheld,桌面静置,recording,0.005593,0.573725,9.789083,0.000568,0.000329,0.000472
153548120.000,ZR,non_handheld,桌面静置,recording,0.012439,0.570184,9.783647,0.000265,-0.004626,0.000962
153548130.000,ZR,non_handheld,桌面静置,recording,0.018323,0.564413,9.778111,0.000575,-0.004621,0.001196
153548140.000,ZR,non_handheld,桌面静置,recording,0.024240,0.576077,9.803586,-0.000036,0.001346,-0.000578
153548150.000,ZR,non_handheld,桌面静置,recording,0.023433,0.580891,9.789854,-0.001736,0.004595,-0.000991
153548160.000,ZR,non_handheld,桌面静置,recording,0.021657,0.582168,9.799403,-0.000335,0.002611,-0.000324
153548170.000,ZR,non_handheld,桌面静置,recording,0.009107,0.576114,9.809911,0.000318,-0.003670,0.000897
153548180.000,ZR,non_handheld,桌面静置,recording,0.017568,0.569448,9.782710,0.000666,-0.005550,0.001125
153548190.000,ZR,non_handheld,桌面静置,recording,0.026786,0.575538,9.788207,0.000090,-0.001114,0.000409
153548200.000,ZR,non_handheld,桌面静置,recording,0.020175,0.574742,9.822650,-0.001065,0.003318,-0.001134
153548210.000,ZR,non_handheld,桌面静置,recording,0.022458,0.573485,9.818415,-0.000708,0.004488,-0.000918
153548220.000,ZR,non_handheld,桌面静置,recording,-0.009812,0.571232,9.792390,-0.000352,0.000006,0.000361
153548230.000,ZR,non_handheld,桌面静置,recording,0.019283,0.563102,9.773999,0.000127,-0.005189,0.001172
153548240.000,ZR,non_handheld,桌面静置,recording,0.024922,0.572483,9.787106,0.000108,-0.004317,0.001566
153548250.000,ZR,non_handheld,桌面静置,recording,0.027220,0.573533,9.811569,0.000828,0.000878,0.000089
153548260.000,ZR,non_handheld,桌面静置,recording,0.024363,0.573079,9.806992,-0.000150,0.004401,-0.000881
153548270.000,ZR,non_handheld,桌面静置,recording,0.015710,0.563458,9.792129,-0.000258,0.001728,-0.000565
153548280.000,ZR,non_handheld,桌面静置,recording,0.013769,0.579168,9.774617,-0.000689,-0.001576,0.001027
153548290.000,ZR,non_handheld,桌面静置,recording,0.016560,0.577783,9.776882,0.000466,-0.003734,0.001412
153548300.000,ZR,non_handheld,桌面静置,recording,0.009284,0.581504,9.808790,0.000337,-0.001229,0.000646
153548310.000,ZR,non_handheld,桌面静置,recording,0.027369,0.570836,9.814987,-0.000353,0.002883,-0.000503
153548320.000,ZR,non_handheld,桌面静置,recording,0.012062,0.562988,9.790176,-0.000311,0.002063,-0.000395
153548330.000,ZR,non_handheld,桌面静置,recording,0.019740,0.568323,9.779387,-0.000544,-0.000055,-0.000505
153548340.000,ZR,non_handheld,桌面静置,recording,0.002131,0.574769,9.779861,0.000422,-0.002489,0.000349
153548350.000,ZR,non_handheld,桌面静置,recording,0.016435,0.568920,9.796869,-0.000620,-0.001788,0.000965
153548360.000,ZR,non_handheld,桌面静置,recording,0.023603,0.576696,9.814850,0.000505,0.000265,-0.000463
153548370.000,ZR,non_handheld,桌面静置,recording,0.011896,0.577408,9.808291,0.000107,0.002010,-0.000870
153548380.000,ZR,non_handheld,桌面静置,recording,0.008812,0.563669,9.781416,0.000943,0.000513,-0.000838
153548390.000,ZR,non_handheld,桌面静置,recording,0.003582,0.569425,9.768262,-0.000332,-0.001172,0.000720
153548400.000,ZR,non_handheld,桌面静置,recording,0.021597,0.564159,9.792898,-0.000326,-0.003636,0.001137
153548410.000,ZR,non_handheld,桌面静置,recording,0.018957,0.574480,9.809832,0.000335,-0.000420,-0.000742
153548420.000,ZR,non_handheld,桌面静置,recording,0.018801,0.576286,9.812293,-0.000638,0.002506,-0.000627
153548430.000,ZR,non_handheld,桌面静置,recording,-0.004326,0.568461,9.782548,-0.000929,0.002801,-0.001242
153548440.000,ZR,non_handheld,桌面静置,recording,0.019817,0.575551,9.782296,0.000231,-0.001027,0.000495
153548450.000,ZR,non_handheld,桌面静置,recording,0.021008,0.561827,9.789220,0.000351,-0.003300,0.001478
153548460.000,ZR,non_handheld,桌面静置,recording,0.015593,0.575935,9.807475,0.000491,-0.001885,0.000753
153548470.000,ZR,non_handheld,桌面静置,recording,0.026574,0.566827,9.808804,0.000043,0.000831,0.000130
153548480.000,ZR,non_handheld,桌面静置,recording,0.021272,0.589223,9.801832,-0.000974,0.002217,-0.000773
153548490.000,ZR,non_handheld,桌面静置,recording,0.009533,0.558397,9.773166,0.000075,0.000530,-0.000501
153548500.000,ZR,non_handheld,桌面静置,recording,0.020694,0.580489,9.785179,0.000955,-0.001028,0.000288
153548510.000,ZR,non_handheld,桌面静置,recording,0.027280,0.574136,9.799664,0.001035,-0.001768,0.000738
153548520.000,ZR,non_handheld,桌面静置,recording,0.013404,0.586117,9.814248,0.001341,-0.000276,-0.000227
153548530.000,ZR,non_handheld,桌面静置,recording,0.005847,0.577037,9.810721,0.000246,0.000367,-0.000854
153548540.000,ZR,non_handheld,桌面静置,recording,0.012234,0.573738,9.776046,0.000394,0.000498,-0.001143
153548550.000,ZR,non_handheld,桌面静置,recording,-0.003171,0.565008,9.775603,0.000649,0.000753,-0.000214
153548560.000,ZR,non_handheld,桌面静置,recording,0.024379,0.571041,9.791948,-0.000073,-0.002380,0.000995
153548570.000,ZR,non_handheld,桌面静置,recording,0.014913,0.579335,9.818851,0.000170,-0.001365,-0.000035
153548580.000,ZR,non_handheld,桌面静置,recording,0.022078,0.580602,9.820865,0.000554,-0.000036,0.000399
153548590.000,ZR,non_handheld,桌面静置,recording,0.011750,0.576253,9.796082,0.000957,0.001219,-0.000675
153548600.000,ZR,non_handheld,桌面静置,recording,0.005801,0.567331,9.780885,0.000410,-0.000017,0.000416
153548610.000,ZR,non_handheld,桌面静置,recording,0.016648,0.577582,9.767193,0.000247,-0.001242,0.000625
153548620.000,ZR,non_handheld,桌面静置,recording,0.001688,0.564535,9.828008,0.000184,-0.000483,0.000177
153548630.000,ZR,non_handheld,桌面静置,recording,0.008402,0.564294,9.822296,0.000247,0.000963,-0.000614
153548640.000,ZR,non_handheld,桌面静置,recording,0.013190,0.567527,9.802573,0.000954,0.000462,-0.000564
153548650.000,ZR,non_handheld,桌面静置,recording,0.014692,0.565167,9.764513,0.000648,-0.001446,0.000594
153548660.000,ZR,non_handheld,桌面静置,recording,0.010077,0.573271,9.773442,0.000393,-0.000437,0.000608
153548670.000,ZR,non_handheld,桌面静置,recording,0.021134,0.580312,9.796269,0.000425,0.000821,-0.000294
153548680.000,ZR,non_handheld,桌面静置,recording,0.001069,0.573354,9.819095,0.000215,0.000953,-0.000806
153548690.000,ZR,non_handheld,桌面静置,recording,0.014908,0.570585,9.809937,-0.000217,0.000415,-0.000501
153548700.000,ZR,non_handheld,桌面静置,recording,0.007367,0.570745,9.778084,-0.001039,-0.000779,0.000513
153548710.000,ZR,non_handheld,桌面静置,recording,0.019861,0.550667,9.767284,0.000231,-0.002489,0.000722
153548720.000,ZR,non_handheld,桌面静置,recording,0.011398,0.565092,9.796995,-0.000587,-0.000637,0.000391
153548730.000,ZR,non_handheld,桌面静置,recording,0.011106,0.577927,9.827199,0.000156,0.001255,-0.000214
153548740.000,ZR,non_handheld,桌面静置,recording,0.013235,0.572765,9.819544,-0.000106,0.001721,-0.000597
153548750.000,ZR,non_handheld,桌面静置,recording,0.010867,0.570814,9.799466,0.000236,-0.000935,-0.000207
153548760.000,ZR,non_handheld,桌面静置,recording,0.018926,0.561919,9.763910,0.001318,-0.003453,0.001397
153548770.000,ZR,non_handheld,桌面静置,recording,0.024239,0.562673,9.767486,-0.000492,-0.001864,0.000888
153548780.000,ZR,non_handheld,桌面静置,recording,0.013465,0.580701,9.817381,-0.000359,0.001843,-0.000293
153548790.000,ZR,non_handheld,桌面静置,recording,0.012424,0.575290,9.824558,-0.000442,0.003091,-0.000731
153548800.000,ZR,non_handheld,桌面静置,recording,0.006619,0.574851,9.796046,-0.000454,0.000228,0.000144
153548810.000,ZR,non_handheld,桌面静置,recording,0.018655,0.566706,9.775268,-0.000718,-0.004210,0.001313
153548820.000,ZR,non_handheld,桌面静置,recording,0.028045,0.565191,9.782420,-0.000570,-0.003853,0.000942
153548830.000,ZR,non_handheld,桌面静置,recording,0.026738,0.574308,9.802836,0.000543,0.000839,-0.000071
153548840.000,ZR,non_handheld,桌面静置,recording,0.015156,0.578001,9.834906,-0.000474,0.004600,-0.000502
153548850.000,ZR,non_handheld,桌面静置,recording,0.017348,0.580590,9.799818,0.000133,0.001352,-0.000284
153548860.000,ZR,non_handheld,桌面静置,recording,-0.005087,0.568114,9.779741,0.000289,-0.003441,0.001020
153548870.000,ZR,non_handheld,桌面静置,recording,0.016272,0.567274,9.761129,-0.000072,-0.005036,0.001302
153548880.000,ZR,non_handheld,桌面静置,recording,0.029078,0.566712,9.798343,0.000542,-0.002005,0.000880
153548890.000,ZR,non_handheld,桌面静置,recording,0.024584,0.574714,9.839201,-0.000702,0.003355,-0.000806
153548900.000,ZR,non_handheld,桌面静置,recording,0.017199,0.579720,9.813620,-0.001119,0.004757,-0.000422
153548910.000,ZR,non_handheld,桌面静置,recording,0.009066,0.569518,9.779347,-0.000216,-0.000205,0.000425
153548920.000,ZR,non_handheld,桌面静置,recording,0.010996,0.580331,9.758361,0.000173,-0.004779,0.000995
153548930.000,ZR,non_handheld,桌面静置,recording,0.026446,0.560320,9.799102,0.000290,-0.003962,0.000860
153548940.000,ZR,non_handheld,桌面静置,recording,0.027355,0.574976,9.833319,-0.000619,0.001510,-0.000163
153548950.000,ZR,non_handheld,桌面静置,recording,0.014574,0.572250,9.822072,-0.000818,0.004334,-0.000584
153548960.000,ZR,non_handheld,桌面静置,recording,0.016927,0.566853,9.770700,-0.000832,0.001148,-0.000820
153548970.000,ZR,non_handheld,桌面静置,recording,0.007727,0.562609,9.758668,-0.000117,-0.002836,0.000969
153548980.000,ZR,non_handheld,桌面静置,recording,0.014729,0.571237,9.778104,0.000287,-0.004543,0.001574
153548990.000,ZR,non_handheld,桌面静置,recording,0.018464,0.579777,9.826032,-0.000207,-0.000629,0.000210
153549000.000,ZR,non_handheld,桌面静置,recording,0.029087,0.571703,9.825825,-0.000126,0.002494,-0.000529
153549010.000,ZR,non_handheld,桌面静置,recording,0.026860,0.571515,9.781691,-0.000896,0.002327,-0.000774
153549020.000,ZR,non_handheld,桌面静置,recording,0.012612,0.550706,9.760348,-0.000127,-0.002492,0.000749
153549030.000,ZR,non_handheld,桌面静置,recording,0.012907,0.562148,9.779884,0.000547,-0.001480,0.000289
153549040.000,ZR,non_handheld,桌面静置,recording,0.012680,0.579020,9.812643,0.001260,-0.000051,-0.000669
153549050.000,ZR,non_handheld,桌面静置,recording,0.013787,0.569175,9.838245,0.000119,0.000911,-0.001013
153549060.000,ZR,non_handheld,桌面静置,recording,0.021745,0.574548,9.808973,-0.000126,0.000795,-0.000838
153549070.000,ZR,non_handheld,桌面静置,recording,0.007488,0.574188,9.773901,-0.000071,0.000184,-0.000497
153549080.000,ZR,non_handheld,桌面静置,recording,0.016837,0.574516,9.748022,0.000441,-0.000694,-0.000453
153549090.000,ZR,non_handheld,桌面静置,recording,0.013569,0.564846,9.804012,0.000207,-0.000827,0.001167
153549100.000,ZR,non_handheld,桌面静置,recording,0.014486,0.563091,9.842889,-0.000111,-0.001259,0.000046
153549110.000,ZR,non_handheld,桌面静置,recording,0.017396,0.563707,9.813570,-0.000807,0.000015,-0.000416
153549120.000,ZR,non_handheld,桌面静置,recording,0.015378,0.568122,9.765614,0.000142,0.000706,-0.000442
153549130.000,ZR,non_handheld,桌面静置,recording,0.008312,0.563638,9.764598,0.000064,0.000340,0.000240
153549140.000,ZR,non_handheld,桌面静置,recording,0.012847,0.580302,9.793306,-0.000079,0.000163,-0.000554
153549150.000,ZR,non_handheld,桌面静置,recording,0.012535,0.579554,9.827533,0.000550,-0.001179,0.000127
153549160.000,ZR,non_handheld,桌面静置,recording,0.021470,0.565056,9.827194,0.000276,-0.001670,0.001203
153549170.000,ZR,non_handheld,桌面静置,recording,0.027432,0.578063,9.782085,0.000641,-0.000106,-0.000617
153549180.000,ZR,non_handheld,桌面静置,recording,0.005690,0.571321,9.777117,0.000330,0.000806,-0.000303
153549190.000,ZR,non_handheld,桌面静置,recording,0.013793,0.580994,9.775185,0.000245,0.001992,-0.000410
153549200.000,ZR,non_handheld,桌面静置,recording,-0.006094,0.579771,9.804726,-0.000241,0.000445,-0.000364
153549210.000,ZR,non_handheld,桌面静置,recording,0.003577,0.579158,9.822533,0.000712,-0.003054,0.001013
153549220.000,ZR,non_handheld,桌面静置,recording,0.018173,0.566676,9.791371,-0.000042,-0.002213,0.001121
153549230.000,ZR,non_handheld,桌面静置,recording,0.015250,0.562108,9.772773,0.000276,-0.000524,0.000003
153549240.000,ZR,non_handheld,桌面静置,recording,0.015892,0.571297,9.772900,0.000977,0.000541,-0.000426
153549250.000,ZR,non_handheld,桌面静置,recording,0.012612,0.570258,9.803904,-0.000178,0.001560,-0.000761
153549260.000,ZR,non_handheld,桌面静置,recording,-0.004438,0.579246,9.790215,0.000307,-0.000444,-0.000575
153549270.000,ZR,non_handheld,桌面静置,recording,0.009778,0.572059,9.813645,-0.000164,-0.000914,0.000747
153549280.000,ZR,non_handheld,桌面静置,recording,0.004792,0.570742,9.789710,0.000307,-0.000792,-0.000133
153549290.000,ZR,non_handheld,桌面静置,recording,0.006828,0.576093,9.797121,-0.000490,0.000290,-0.000697
153549300.000,ZR,non_handheld,桌面静置,recording,0.011882,0.559277,9.789755,0.000195,0.000773,-0.000664
153549310.000,ZR,non_handheld,桌面静置,recording,0.020500,0.578750,9.791689,-0.000044,0.000793,-0.000319
153549320.000,ZR,non_handheld,桌面静置,recording,0.009773,0.575940,9.808799,0.000493,0.000090,-0.000091
153549330.000,ZR,non_handheld,桌面静置,recording,0.019763,0.558727,9.788520,0.000867,-0.000617,0.000431
153549340.000,ZR,non_handheld,桌面静置,recording,0.016779,0.567501,9.797670,-0.000473,-0.000822,-0.000385
153549350.000,ZR,non_handheld,桌面静置,recording,0.009235,0.573085,9.777674,0.000117,-0.000319,-0.000539
153549360.000,ZR,non_handheld,桌面静置,recording,0.015385,0.574214,9.789930,0.000544,-0.000066,-0.000026
153549370.000,ZR,non_handheld,桌面静置,recording,0.011923,0.571346,9.797163,-0.000132,0.000304,-0.000633
153549380.000,ZR,non_handheld,桌面静置,recording,0.014772,0.566583,9.789889,-0.000042,0.000492,-0.000820
153549390.000,ZR,non_handheld,桌面静置,recording,0.010727,0.584357,9.806821,-0.000148,-0.000129,0.000196
153549400.000,ZR,non_handheld,桌面静置,recording,0.010813,0.575529,9.808879,-0.000301,-0.001401,0.000933
153549410.000,ZR,non_handheld,桌面静置,recording,0.020413,0.563307,9.783661,-0.000100,-0.001039,0.001182
153549420.000,ZR,non_handheld,桌面静置,recording,0.011005,0.569023,9.798659,0.000101,0.000179,-0.000682
153549430.000,ZR,non_handheld,桌面静置,recording,0.010389,0.574752,9.808344,0.000400,0.001949,-0.000619
153549440.000,ZR,non_handheld,桌面静置,recording,0.012367,0.574385,9.806156,0.000351,0.001356,-0.000244
153549450.000,ZR,non_handheld,桌面静置,recording,0.010537,0.567326,9.795969,0.000588,-0.002872,0.001027
153549460.000,ZR,non_handheld,桌面静置,recording,0.021566,0.574016,9.788526,0.000636,-0.004030,0.001009
153549470.000,ZR,non_handheld,桌面静置,recording,0.030757,0.573835,9.801739,0.000824,-0.001210,0.000025
153549480.000,ZR,non_handheld,桌面静置,recording,0.011058,0.569398,9.798013,-0.000960,0.004461,-0.000588
153549490.000,ZR,non_handheld,桌面静置,recording,0.006442,0.573007,9.812193,-0.001176,0.004372,-0.000085
153549500.000,ZR,non_handheld,桌面静置,recording,0.000150,0.568577,9.803812,0.000556,-0.000688,0.000006
153549510.000,ZR,non_handheld,桌面静置,recording,0.010253,0.571397,9.793897,0.000259,-0.006133,0.001477
153549520.000,ZR,non_handheld,桌面静置,recording,0.021882,0.581495,9.783300,0.000443,-0.003488,0.000872
153549530.000,ZR,non_handheld,桌面静置,recording,0.034042,0.571580,9.800240,0.000428,0.002728,-0.000634
153549540.000,ZR,non_handheld,桌面静置,recording,0.013230,0.578374,9.802657,-0.000744,0.006308,-0.001151
153549550.000,ZR,non_handheld,桌面静置,recording,0.000456,0.574669,9.803320,-0.000770,0.003833,-0.000851
153549560.000,ZR,non_handheld,桌面静置,recording,0.013002,0.560540,9.791090,0.000152,-0.005585,0.001306
153549570.000,ZR,non_handheld,桌面静置,recording,0.027086,0.569221,9.787505,-0.000287,-0.007450,0.001637
153549580.000,ZR,non_handheld,桌面静置,recording,0.020127,0.573926,9.793687,0.000621,-0.001589,0.001192
153549590.000,ZR,non_handheld,桌面静置,recording,0.033451,0.565277,9.815166,0.000206,0.005028,-0.000623
153549600.000,ZR,non_handheld,桌面静置,recording,0.005465,0.567547,9.801985,-0.001307,0.004495,-0.001507
153549610.000,ZR,non_handheld,桌面静置,recording,-0.002226,0.575394,9.777770,0.000070,-0.001566,-0.000086
153549620.000,ZR,non_handheld,桌面静置,recording,0.005886,0.558967,9.778783,0.000056,-0.006229,0.000964
153549630.000,ZR,non_handheld,桌面静置,recording,0.016853,0.583433,9.793017,-0.000240,-0.004749,0.000778
153549640.000,ZR,non_handheld,桌面静置,recording,0.022650,0.579771,9.822536,-0.000355,0.002866,-0.000365
153549650.000,ZR,non_handheld,桌面静置,recording,0.022928,0.566614,9.813684,-0.001869,0.005143,-0.001196
153549660.000,ZR,non_handheld,桌面静置,recording,0.008661,0.562739,9.770920,-0.000519,0.000610,-0.000178
153549670.000,ZR,non_handheld,桌面静置,recording,0.004389,0.571673,9.774922,0.000397,-0.002803,0.001030
153549680.000,ZR,non_handheld,桌面静置,recording,0.017571,0.573129,9.799780,0.000069,-0.004082,0.001243
153549690.000,ZR,non_handheld,桌面静置,recording,0.004076,0.568849,9.811797,-0.000130,0.000342,-0.000433
153549700.000,ZR,non_handheld,桌面静置,recording,0.023229,0.574260,9.812976,0.000266,0.001822,-0.000421
153549710.000,ZR,non_handheld,桌面静置,recording,0.010277,0.570807,9.800023,0.000216,0.001378,-0.000246
153549720.000,ZR,non_handheld,桌面静置,recording,-0.002829,0.571487,9.786903,0.001069,-0.000741,-0.000102
153549730.000,ZR,non_handheld,桌面静置,recording,0.001109,0.569202,9.772479,0.000132,-0.001926,0.000570
153549740.000,ZR,non_handheld,桌面静置,recording,0.004075,0.584946,9.814696,0.000340,-0.000372,0.000081
153549750.000,ZR,non_handheld,桌面静置,recording,0.017000,0.576832,9.816513,-0.000344,0.001295,-0.000461
153549760.000,ZR,non_handheld,桌面静置,recording,0.020096,0.571638,9.806900,0.000729,0.001298,-0.000494
153549770.000,ZR,non_handheld,桌面静置,recording,0.022564,0.568276,9.772665,-0.000096,0.000797,0.000168
153549780.000,ZR,non_handheld,桌面静置,recording,0.000959,0.578061,9.780598,0.000989,-0.000419,0.000343
153549790.000,ZR,non_handheld,桌面静置,recording,0.025921,0.578960,9.824003,0.000626,0.000024,0.000024
153549800.000,ZR,non_handheld,桌面静置,recording,0.020838,0.579696,9.832648,-0.000085,-0.001510,0.001015
153549810.000,ZR,non_handheld,桌面静置,recording,0.019789,0.569250,9.802219,-0.000753,0.000236,-0.000659
153549820.000,ZR,non_handheld,桌面静置,recording,0.018111,0.566180,9.760069,0.000563,-0.001287,0.000228
153549830.000,ZR,non_handheld,桌面静置,recording,0.017806,0.565792,9.760930,0.000785,0.001087,0.000112
153549840.000,ZR,non_handheld,桌面静置,recording,0.009665,0.582158,9.798916,-0.000774,0.001268,-0.000341
153549850.000,ZR,non_handheld,桌面静置,recording,0.011225,0.564587,9.811910,0.000738,0.000054,-0.000391
153549860.000,ZR,non_handheld,桌面静置,recording,0.006540,0.575646,9.814836,-0.000017,-0.002131,0.000424
153549870.000,ZR,non_handheld,桌面静置,recording,0.020858,0.552772,9.786140,-0.000567,-0.003882,0.000948
153549880.000,ZR,non_handheld,桌面静置,recording,0.025033,0.581688,9.773026,-0.000396,0.001562,-0.000460
153549890.000,ZR,non_handheld,桌面静置,recording,0.007948,0.576875,9.809314,-0.000796,0.005165,-0.000794
153549900.000,ZR,non_handheld,桌面静置,recording,0.017544,0.574793,9.818081,-0.001152,0.002721,-0.001471
153549910.000,ZR,non_handheld,桌面静置,recording,0.009604,0.572353,9.809716,-0.000194,-0.003028,0.000942
153549920.000,ZR,non_handheld,桌面静置,recording,0.019580,0.572795,9.778694,-0.000519,-0.004350,0.001386
153549930.000,ZR,non_handheld,桌面静置,recording,0.028259,0.568521,9.775196,-0.000465,-0.000794,-0.000052
153549940.000,ZR,non_handheld,桌面静置,recording,0.031388,0.567112,9.804444,-0.000914,0.004764,-0.001101
153549950.000,ZR,non_handheld,桌面静置,recording,0.016116,0.566395,9.814964,-0.000602,0.004020,-0.000108
153549960.000,ZR,non_handheld,桌面静置,recording,0.006580,0.572965,9.812918,0.001234,0.000247,-0.000446
153549970.000,ZR,non_handheld,桌面静置,recording,0.000812,0.571696,9.773124,0.001233,-0.003358,0.000942
153549980.000,ZR,non_handheld,桌面静置,recording,0.006724,0.570180,9.782291,-0.000054,-0.002952,0.000451
153549990.000,ZR,non_handheld,桌面静置,recording,0.030446,0.573519,9.799128,0.000298,-0.000423,0.000413
153550000.000,ZR,non_handheld,桌面静置,recording,0.022215,0.575866,9.822115,-0.000112,0.002091,-0.001507
153550010.000,ZR,non_handheld,桌面静置,recording,0.000876,0.576660,9.792107,0.000502,0.001636,-0.000689
153550020.000,ZR,non_handheld,桌面静置,recording,0.015608,0.564388,9.780910,-0.000002,-0.000652,0.000128
153550030.000,ZR,non_handheld,桌面静置,recording,-0.005106,0.562976,9.771544,0.000994,-0.001410,0.000080
153550040.000,ZR,non_handheld,桌面静置,recording,0.011682,0.585824,9.800928,-0.000355,-0.000201,0.000330
153550050.000,ZR,non_handheld,桌面静置,recording,0.013246,0.581581,9.824492,0.000617,0.000857,-0.000532
153550060.000,ZR,non_handheld,桌面静置,recording,0.017980,0.570762,9.797381,-0.000051,0.000522,0.000081
153550070.000,ZR,non_handheld,桌面静置,recording,0.009968,0.563195,9.786568,0.000017,0.000166,0.000005
153550080.000,ZR,non_handheld,桌面静置,recording,0.013619,0.566735,9.783301,-0.000296,-0.000371,0.000197
153550090.000,ZR,non_handheld,桌面静置,recording,0.010119,0.580336,9.803164,-0.000075,-0.000135,-0.000206
153550100.000,ZR,non_handheld,桌面静置,recording,0.018699,0.576286,9.797717,-0.000266,-0.000842,0.000654
153550110.000,ZR,non_handheld,桌面静置,recording,0.021230,0.574757,9.798363,0.000032,-0.000475,0.000318
153550120.000,ZR,non_handheld,桌面静置,recording,0.011242,0.578558,9.773087,-0.001052,0.000515,0.000624
153550130.000,ZR,non_handheld,桌面静置,recording,0.016352,0.573196,9.795495,-0.000284,0.001278,-0.000593
153550140.000,ZR,non_handheld,桌面静置,recording,0.021158,0.565745,9.795509,-0.000288,0.000332,-0.000187
153550150.000,ZR,non_handheld,桌面静置,recording,0.005761,0.569343,9.826565,-0.000135,0.000139,-0.000205
153550160.000,ZR,non_handheld,桌面静置,recording,0.013735,0.571072,9.814756,0.000117,-0.000842,0.000820
153550170.000,ZR,non_handheld,桌面静置,recording,0.020470,0.579828,9.785658,-0.000070,-0.000690,0.000166
153550180.000,ZR,non_handheld,桌面静置,recording,0.006621,0.565993,9.773078,0.001040,0.000454,0.000157
153550190.000,ZR,non_handheld,桌面静置,recording,0.014278,0.575976,9.795689,0.000463,0.001066,-0.000206
153550200.000,ZR,non_handheld,桌面静置,recording,0.017305,0.583180,9.816718,0.000293,0.000773,-0.000781
153550210.000,ZR,non_handheld,桌面静置,recording,0.004349,0.575224,9.813945,-0.000351,-0.000428,-0.000459
153550220.000,ZR,non_handheld,桌面静置,recording,0.018597,0.578773,9.788577,-0.000725,-0.001241,0.001006
153550230.000,ZR,non_handheld,桌面静置,recording,0.005028,0.568245,9.774985,-0.000404,-0.001726,0.000944
153550240.000,ZR,non_handheld,桌面静置,recording,0.013895,0.559147,9.779254,0.000086,0.000697,-0.000336
153550250.000,ZR,non_handheld,桌面静置,recording,0.014701,0.578755,9.800151,0.000144,0.002791,-0.000092
153550260.000,ZR,non_handheld,桌面静置,recording,0.009507,0.572400,9.827750,0.000204,0.001032,-0.000521
153550270.000,ZR,non_handheld,桌面静置,recording,0.020611,0.581891,9.792598,-0.000301,-0.001668,0.000544
153550280.000,ZR,non_handheld,桌面静置,recording,0.008551,0.568275,9.780078,0.001290,-0.003195,0.000744
153550290.000,ZR,non_handheld,桌面静置,recording,0.009321,0.563869,9.769276,-0.000163,-0.000488,0.000139
153550300.000,ZR,non_handheld,桌面静置,recording,0.009125,0.577146,9.799126,-0.000055,0.002068,-0.000643
153550310.000,ZR,non_handheld,桌面静置,recording,0.002056,0.573931,9.828958,-0.000760,0.001049,-0.000032
153550320.000,ZR,non_handheld,桌面静置,recording,0.013667,0.578070,9.808513,0.000740,-0.000203,-0.000353
153550330.000,ZR,non_handheld,桌面静置,recording,0.014492,0.575131,9.771961,0.000754,-0.002774,-0.000387
153550340.000,ZR,non_handheld,桌面静置,recording,0.035323,0.561620,9.763881,0.000278,-0.000443,-0.000062
153550350.000,ZR,non_handheld,桌面静置,recording,0.011439,0.575183,9.787836,-0.000195,0.001433,-0.000586
153550360.000,ZR,non_handheld,桌面静置,recording,0.013456,0.568254,9.841264,0.000325,0.002084,-0.000400
153550370.000,ZR,non_handheld,桌面静置,recording,0.008250,0.587421,9.817045,-0.000342,0.001117,-0.000257
153550380.000,ZR,non_handheld,桌面静置,recording,0.001457,0.568766,9.766128,-0.000321,-0.002319,0.000561
153550390.000,ZR,non_handheld,桌面静置,recording,0.025483,0.570347,9.760633,0.000217,-0.002794,0.001372
153550400.000,ZR,non_handheld,桌面静置,recording,0.024108,0.564483,9.776480,-0.000074,-0.000090,0.000465
153550410.000,ZR,non_handheld,桌面静置,recording,0.002749,0.581292,9.826237,-0.000160,0.003563,-0.000729
153550420.000,ZR,non_handheld,桌面静置,recording,0.013565,0.576743,9.827939,-0.000341,0.002783,-0.000474
153550430.000,ZR,non_handheld,桌面静置,recording,-0.002104,0.566823,9.794802,0.000250,-0.001021,0.000398
153550440.000,ZR,non_handheld,桌面静置,recording,0.001914,0.563149,9.762250,0.000644,-0.003690,0.001082
153550450.000,ZR,non_handheld,桌面静置,recording,0.016877,0.579578,9.783281,0.000385,-0.001360,0.000093
153550460.000,ZR,non_handheld,桌面静置,recording,0.024361,0.570940,9.802520,0.000843,0.002284,-0.000861
153550470.000,ZR,non_handheld,桌面静置,recording,0.018361,0.568658,9.843965,-0.001780,0.004260,-0.000916
153550480.000,ZR,non_handheld,桌面静置,recording,0.001240,0.579621,9.807814,0.000816,0.000065,-0.000322
153550490.000,ZR,non_handheld,桌面静置,recording,0.006488,0.559380,9.771487,0.000249,-0.004102,0.000839
153550500.000,ZR,non_handheld,桌面静置,recording,0.013645,0.574914,9.757613,0.000175,-0.003702,0.000593
153550510.000,ZR,non_handheld,桌面静置,recording,0.017058,0.566249,9.787097,0.000125,0.000377,-0.000403
153550520.000,ZR,non_handheld,桌面静置,recording,0.019043,0.579156,9.842541,-0.001217,0.003751,-0.000752
153550530.000,ZR,non_handheld,桌面静置,recording,0.013654,0.578186,9.830637,-0.001368,0.003283,-0.000855
153550540.000,ZR,non_handheld,桌面静置,recording,0.012060,0.572964,9.786628,-0.000159,-0.000156,0.000238
153550550.000,ZR,non_handheld,桌面静置,recording,0.009836,0.561096,9.754179,0.000487,-0.002461,0.000930
153550560.000,ZR,non_handheld,桌面静置,recording,0.014249,0.581707,9.787835,0.001313,-0.001171,0.000293
153550570.000,ZR,non_handheld,桌面静置,recording,0.035449,0.583968,9.831528,-0.000446,0.001186,-0.000313
153550580.000,ZR,non_handheld,桌面静置,recording,0.007043,0.563702,9.818908,-0.000911,0.003007,-0.000843
153550590.000,ZR,non_handheld,桌面静置,recording,0.020144,0.565384,9.795053,-0.000090,0.000765,-0.000163
153550600.000,ZR,non_handheld,桌面静置,recording,0.017932,0.559009,9.772953,0.000082,-0.000879,0.000469
153550610.000,ZR,non_handheld,桌面静置,recording,0.001560,0.569705,9.779676,-0.000489,-0.003179,0.000542
153550620.000,ZR,non_handheld,桌面静置,recording,0.018799,0.578573,9.798088,-0.000498,-0.000331,-0.000396
153550630.000,ZR,non_handheld,桌面静置,recording,0.021297,0.574849,9.803210,0.000345,0.001600,-0.000425
153550640.000,ZR,non_handheld,桌面静置,recording,0.027588,0.567935,9.805263,0.000263,0.001457,-0.001131
153550650.000,ZR,non_handheld,桌面静置,recording,0.007858,0.573846,9.803743,0.000553,0.000536,-0.000450
153550660.000,ZR,non_handheld,桌面静置,recording,0.015273,0.561432,9.778494,0.000005,-0.001913,0.000499
153550670.000,ZR,non_handheld,桌面静置,recording,0.006486,0.562576,9.799127,-0.000121,-0.001456,0.001470
153550680.000,ZR,non_handheld,桌面静置,recording,0.032720,0.573115,9.811640,0.000334,0.000473,-0.000064
153550690.000,ZR,non_handheld,桌面静置,recording,0.022571,0.570193,9.799105,-0.000348,0.003122,-0.000744
153550700.000,ZR,non_handheld,桌面静置,recording,-0.004221,0.573479,9.790532,-0.000121,0.001009,-0.000388
153550710.000,ZR,non_handheld,桌面静置,recording,0.007732,0.571884,9.779295,0.000335,-0.000909,0.000666
153550720.000,ZR,non_handheld,桌面静置,recording,0.018626,0.570877,9.796398,-0.000906,-0.001970,0.001236
153550730.000,ZR,non_handheld,桌面静置,recording,0.016180,0.568170,9.795718,-0.000079,0.000450,-0.000035
153550740.000,ZR,non_handheld,桌面静置,recording,0.019056,0.581638,9.811767,0.000126,0.002109,0.000182
153550750.000,ZR,non_handheld,桌面静置,recording,0.000733,0.567346,9.788649,-0.000229,0.001683,-0.000765
153550760.000,ZR,non_handheld,桌面静置,recording,0.019281,0.561995,9.794623,-0.000409,0.000178,-0.000596
153550770.000,ZR,non_handheld,桌面静置,recording,0.015564,0.564090,9.797788,-0.000075,-0.001718,0.001379
153550780.000,ZR,non_handheld,桌面静置,recording,0.029675,0.561353,9.792083,0.000105,-0.001531,0.000696
153550790.000,ZR,non_handheld,桌面静置,recording,0.012256,0.570421,9.794935,0.000531,0.001716,-0.000407
153550800.000,ZR,non_handheld,桌面静置,recording,0.019483,0.574134,9.787233,-0.000499,0.002242,-0.000932
153550810.000,ZR,non_handheld,桌面静置,recording,0.009828,0.576507,9.792527,0.000646,0.000534,-0.000697
153550820.000,ZR,non_handheld,桌面静置,recording,0.013156,0.571487,9.798656,0.000154,-0.001846,0.001570
153550830.000,ZR,non_handheld,桌面静置,recording,0.021359,0.566395,9.790038,-0.000396,-0.002837,0.000972
153550840.000,ZR,non_handheld,桌面静置,recording,0.027583,0.572394,9.804327,0.000407,0.000363,0.000511
153550850.000,ZR,non_handheld,桌面静置,recording,0.019894,0.570301,9.802050,-0.000256,0.003470,-0.000646
153550860.000,ZR,non_handheld,桌面静置,recording,0.008818,0.574422,9.800167,-0.000540,0.003864,-0.001197
153550870.000,ZR,non_handheld,桌面静置,recording,-0.008576,0.573023,9.792224,-0.000064,0.000115,0.000450
153550880.000,ZR,non_handheld,桌面静置,recording,0.011654,0.567505,9.794128,0.000184,-0.005322,0.001238
153550890.000,ZR,non_handheld,桌面静置,recording,0.015874,0.580887,9.806884,0.000361,-0.005318,0.001169
153550900.000,ZR,non_handheld,桌面静置,recording,0.020798,0.569853,9.794933,-0.000037,0.000508,-0.000617
153550910.000,ZR,non_handheld,桌面静置,recording,0.013482,0.573230,9.805220,-0.001492,0.005287,-0.000942
153550920.000,ZR,non_handheld,桌面静置,recording,0.001422,0.570620,9.801457,-0.000761,0.003473,-0.000724
153550930.000,ZR,non_handheld,桌面静置,recording,0.000951,0.568565,9.801106,0.000465,-0.002814,0.001168
153550940.000,ZR,non_handheld,桌面静置,recording,0.008335,0.576414,9.793012,0.000227,-0.006171,0.000764
153550950.000,ZR,non_handheld,桌面静置,recording,0.029352,0.576215,9.796913,-0.000282,-0.003283,0.000899
153550960.000,ZR,non_handheld,桌面静置,recording,0.025425,0.567042,9.789038,-0.000524,0.002793,-0.001139
153550970.000,ZR,non_handheld,桌面静置,recording,0.012580,0.578966,9.805161,-0.001202,0.005496,-0.000885
153550980.000,ZR,non_handheld,桌面静置,recording,-0.005131,0.565869,9.796992,-0.000084,0.001623,0.000033
153550990.000,ZR,non_handheld,桌面静置,recording,0.016137,0.578165,9.789711,-0.000037,-0.004754,0.001150
153551000.000,ZR,non_handheld,桌面静置,recording,0.017286,0.571175,9.785779,0.000528,-0.006916,0.001974
153551010.000,ZR,non_handheld,桌面静置,recording,0.020822,0.577716,9.783381,-0.000024,-0.000244,0.000041
153551020.000,ZR,non_handheld,桌面静置,recording,0.022403,0.566217,9.818036,-0.000575,0.006298,-0.000826
153551030.000,ZR,non_handheld,桌面静置,recording,0.011577,0.574914,9.806869,-0.001525,0.004953,-0.000766
153551040.000,ZR,non_handheld,桌面静置,recording,0.002899,0.576641,9.785012,0.000141,-0.001334,0.000183
153551050.000,ZR,non_handheld,桌面静置,recording,0.008095,0.563085,9.780686,0.001328,-0.005711,0.001168
153551060.000,ZR,non_handheld,桌面静置,recording,0.024901,0.570544,9.802090,0.000205,-0.002430,0.000230
153551070.000,ZR,non_handheld,桌面静置,recording,0.019201,0.577761,9.795025,-0.000648,0.002635,-0.000636
153551080.000,ZR,non_handheld,桌面静置,recording,0.018744,0.576166,9.807915,-0.001870,0.005730,-0.000855
153551090.000,ZR,non_handheld,桌面静置,recording,0.016426,0.573690,9.796629,0.000272,0.001125,-0.000527
153551100.000,ZR,non_handheld,桌面静置,recording,0.006547,0.565480,9.783786,-0.000366,-0.002433,0.000793
153551110.000,ZR,non_handheld,桌面静置,recording,0.014322,0.559693,9.781429,-0.001088,-0.003514,0.000360
153551120.000,ZR,non_handheld,桌面静置,recording,0.018455,0.568191,9.796853,0.000334,-0.000122,-0.000382
153551130.000,ZR,non_handheld,桌面静置,recording,0.018880,0.575351,9.827971,-0.000813,0.002892,-0.000814
153551140.000,ZR,non_handheld,桌面静置,recording,0.015556,0.577857,9.806650,-0.001146,0.001563,-0.000676
153551150.000,ZR,non_handheld,桌面静置,recording,0.023779,0.567167,9.783176,-0.000125,-0.000562,0.000620
153551160.000,ZR,non_handheld,桌面静置,recording,0.013362,0.564351,9.772951,0.000274,-0.003848,0.001539
153551170.000,ZR,non_handheld,桌面静置,recording,0.012234,0.562288,9.797225,0.000124,-0.001497,0.000494
153551180.000,ZR,non_handheld,桌面静置,recording,0.020314,0.578082,9.814313,-0.000736,0.002491,-0.000796
153551190.000,ZR,non_handheld,桌面静置,recording,0.014974,0.575433,9.800660,-0.000884,0.003019,-0.000766
153551200.000,ZR,non_handheld,桌面静置,recording,0.004337,0.571112,9.790441,-0.000584,0.000215,0.000243
153551210.000,ZR,non_handheld,桌面静置,recording,0.023166,0.562904,9.787903,-0.000323,-0.003355,0.000845
153551220.000,ZR,non_handheld,桌面静置,recording,0.008486,0.577711,9.780261,-0.000803,-0.002546,0.000998
153551230.000,ZR,non_handheld,桌面静置,recording,0.039419,0.568084,9.811858,-0.000217,0.000466,-0.000254
153551240.000,ZR,non_handheld,桌面静置,recording,0.008948,0.576663,9.819677,-0.000436,0.003049,-0.000983
153551250.000,ZR,non_handheld,桌面静置,recording,0.009858,0.563938,9.801152,-0.000364,0.002312,-0.000607
153551260.000,ZR,non_handheld,桌面静置,recording,-0.006471,0.563629,9.775426,-0.000389,-0.000978,0.000206
153551270.000,ZR,non_handheld,桌面静置,recording,0.011079,0.564325,9.793944,0.000123,-0.003970,0.000930
153551280.000,ZR,non_handheld,桌面静置,recording,0.029306,0.570055,9.797247,-0.000193,-0.002974,0.000702
153551290.000,ZR,non_handheld,桌面静置,recording,0.016215,0.574142,9.834411,-0.000463,0.001501,-0.000713
153551300.000,ZR,non_handheld,桌面静置,recording,0.013084,0.585393,9.805882,-0.000794,0.005422,-0.001449
153551310.000,ZR,non_handheld,桌面静置,recording,0.008137,0.558675,9.781846,-0.000988,0.002269,-0.000791
153551320.000,ZR,non_handheld,桌面静置,recording,0.009084,0.565745,9.773822,0.000299,-0.002783,0.000278
153551330.000,ZR,non_handheld,桌面静置,recording,0.018128,0.561666,9.797982,0.000446,-0.005310,0.000390
153551340.000,ZR,non_handheld,桌面静置,recording,0.033962,0.574127,9.818011,-0.000253,-0.001533,0.000343
153551350.000,ZR,non_handheld,桌面静置,recording,0.011457,0.562098,9.826902,-0.001257,0.003989,-0.000562
153551360.000,ZR,non_handheld,桌面静置,recording,0.019403,0.571008,9.775267,-0.000347,0.003706,-0.000403
153551370.000,ZR,non_handheld,桌面静置,recording,0.003147,0.565650,9.776044,0.000316,-0.000177,-0.000020
153551380.000,ZR,non_handheld,桌面静置,recording,0.003058,0.566918,9.788528,0.000522,-0.005139,0.000942
153551390.000,ZR,non_handheld,桌面静置,recording,0.004029,0.567042,9.791391,-0.000034,-0.002652,0.000408
153551400.000,ZR,non_handheld,桌面静置,recording,0.027459,0.567152,9.818473,0.000335,0.000454,-0.000755
153551410.000,ZR,non_handheld,桌面静置,recording,0.009542,0.560157,9.802403,0.000042,0.003049,-0.000855
153551420.000,ZR,non_handheld,桌面静置,recording,0.015516,0.577055,9.785184,-0.000219,0.002222,-0.000037
153551430.000,ZR,non_handheld,桌面静置,recording,0.013472,0.571958,9.780715,0.000082,-0.002139,0.001155
153551440.000,ZR,non_handheld,桌面静置,recording,0.003304,0.577090,9.786264,0.000513,-0.003766,0.001696
153551450.000,ZR,non_handheld,桌面静置,recording,0.030276,0.574753,9.822119,-0.000258,-0.001621,0.000839
153551460.000,ZR,non_handheld,桌面静置,recording,0.007755,0.571590,9.818104,0.000566,0.001417,-0.000341
153551470.000,ZR,non_handheld,桌面静置,recording,0.013544,0.564137,9.785502,0.001040,0.002321,-0.001261
153551480.000,ZR,non_handheld,桌面静置,recording,0.012928,0.569512,9.780080,0.000228,0.000363,0.000051
153551490.000,ZR,non_handheld,桌面静置,recording,0.014834,0.576395,9.771528,0.000392,-0.002160,0.001322
153551500.000,ZR,non_handheld,桌面静置,recording,0.004522,0.575591,9.807272,0.000307,-0.000561,0.000639
153551510.000,ZR,non_handheld,桌面静置,recording,0.016459,0.570821,9.807493,-0.000327,0.000994,-0.000639
153551520.000,ZR,non_handheld,桌面静置,recording,0.012709,0.572412,9.802604,-0.000403,0.002136,-0.000507
153551530.000,ZR,non_handheld,桌面静置,recording,0.016539,0.563473,9.776330,0.000023,0.000119,-0.000417
153551540.000,ZR,non_handheld,桌面静置,recording,-0.004066,0.570953,9.780632,-0.000076,-0.001599,0.001244
153551550.000,ZR,non_handheld,桌面静置,recording,0.020611,0.564967,9.809295,0.000257,-0.000385,0.000320
153551560.000,ZR,non_handheld,桌面静置,recording,0.017411,0.564669,9.812436,-0.000228,0.001257,0.000142
153551570.000,ZR,non_handheld,桌面静置,recording,0.010080,0.573280,9.809555,0.000239,0.000605,-0.000670
153551580.000,ZR,non_handheld,桌面静置,recording,0.007974,0.557795,9.792482,0.000326,0.000478,-0.000613
153551590.000,ZR,non_handheld,桌面静置,recording,0.022302,0.565870,9.770064,0.000663,-0.000872,0.000709
153551600.000,ZR,non_handheld,桌面静置,recording,0.011353,0.563404,9.780811,-0.000222,-0.000012,-0.000063
153551610.000,ZR,non_handheld,桌面静置,recording,0.020386,0.589572,9.818338,0.000617,0.001419,-0.000972
153551620.000,ZR,non_handheld,桌面静置,recording,0.012825,0.576462,9.816749,-0.000285,0.001333,-0.000681
153551630.000,ZR,non_handheld,桌面静置,recording,0.014909,0.574393,9.790757,-0.000623,-0.000204,0.000052
153551640.000,ZR,non_handheld,桌面静置,recording,0.018640,0.564955,9.769596,-0.000471,-0.002746,-0.000204
153551650.000,ZR,non_handheld,桌面静置,recording,0.018424,0.561398,9.773151,0.000105,-0.002175,0.000395
153551660.000,ZR,non_handheld,桌面静置,recording,0.022984,0.574798,9.817150,0.000588,0.000460,-0.000815
153551670.000,ZR,non_handheld,桌面静置,recording,0.009930,0.583640,9.814898,-0.000745,0.003742,-0.000868
153551680.000,ZR,non_handheld,桌面静置,recording,-0.001393,0.570455,9.809335,-0.000118,0.002395,-0.000722
153551690.000,ZR,non_handheld,桌面静置,recording,-0.001530,0.576866,9.776505,0.000133,-0.001823,0.000785
153551700.000,ZR,non_handheld,桌面静置,recording,0.013827,0.572232,9.767830,0.000430,-0.003845,0.001205
153551710.000,ZR,non_handheld,桌面静置,recording,0.032791,0.573206,9.805185,-0.000384,-0.000751,0.000365
153551720.000,ZR,non_handheld,桌面静置,recording,0.022163,0.583341,9.821889,0.000190,0.003168,-0.000581
153551730.000,ZR,non_handheld,桌面静置,recording,0.007243,0.565647,9.802843,-0.002144,0.004415,-0.000915
153551740.000,ZR,non_handheld,桌面静置,recording,0.019673,0.572853,9.777177,-0.000089,0.000676,-0.000463
153551750.000,ZR,non_handheld,桌面静置,recording,0.002421,0.563542,9.770696,0.000835,-0.002926,0.001148
153551760.000,ZR,non_handheld,桌面静置,recording,0.021694,0.571253,9.795187,-0.000064,-0.002302,0.001348
153551770.000,ZR,non_handheld,桌面静置,recording,0.021477,0.569175,9.819551,0.001457,-0.000114,0.000138
153551780.000,ZR,non_handheld,桌面静置,recording,0.019667,0.574841,9.820069,0.000385,0.001838,-0.000786
153551790.000,ZR,non_handheld,桌面静置,recording,0.005795,0.560796,9.799433,-0.000159,0.002636,-0.001217
153551800.000,ZR,non_handheld,桌面静置,recording,0.015219,0.575507,9.761644,-0.000022,0.000190,-0.000215
153551810.000,ZR,non_handheld,桌面静置,recording,0.008151,0.566323,9.781834,0.000660,-0.001511,0.000783
153551820.000,ZR,non_handheld,桌面静置,recording,0.014556,0.580819,9.822796,-0.000150,-0.001817,0.000927
153551830.000,ZR,non_handheld,桌面静置,recording,0.014237,0.567045,9.831213,0.000721,0.000522,0.000160
153551840.000,ZR,non_handheld,桌面静置,recording,0.027955,0.569601,9.793242,0.000091,0.000720,-0.001264
153551850.000,ZR,non_handheld,桌面静置,recording,0.013433,0.563628,9.764018,-0.000556,0.000042,-0.000158
153551860.000,ZR,non_handheld,桌面静置,recording,0.012808,0.579172,9.773630,0.000150,-0.000997,0.000563
153551870.000,ZR,non_handheld,桌面静置,recording,0.013696,0.570530,9.821611,-0.000024,-0.000048,-0.000464
153551880.000,ZR,non_handheld,桌面静置,recording,0.008062,0.573811,9.819075,0.000184,0.000650,-0.000099
153551890.000,ZR,non_handheld,桌面静置,recording,0.016789,0.571858,9.817696,-0.000633,0.000720,-0.000331
153551900.000,ZR,non_handheld,桌面静置,recording,0.004354,0.564088,9.774652,0.000005,-0.000266,0.000189
153551910.000,ZR,non_handheld,桌面静置,recording,0.016714,0.566177,9.770146,0.000099,-0.000248,0.000033
153551920.000,ZR,non_handheld,桌面静置,recording,0.009080,0.578993,9.794784,-0.000455,0.000604,-0.000683
153551930.000,ZR,non_handheld,桌面静置,recording,0.013630,0.574964,9.828812,0.000577,0.000242,-0.000071
153551940.000,ZR,non_handheld,桌面静置,recording,0.018011,0.567294,9.822793,-0.000339,0.000011,0.000181
153551950.000,ZR,non_handheld,桌面静置,recording,0.028993,0.575142,9.783746,0.000502,-0.000744,0.000291
153551960.000,ZR,non_handheld,桌面静置,recording,0.011777,0.569093,9.759516,-0.000167,0.000472,-0.001150
153551970.000,ZR,non_handheld,桌面静置,recording,0.008775,0.579031,9.789597,0.000318,0.001026,-0.000348
153551980.000,ZR,non_handheld,桌面静置,recording,0.020949,0.578069,9.819344,0.000571,0.000605,-0.000826
153551990.000,ZR,non_handheld,桌面静置,recording,0.007644,0.576743,9.824487,0.000646,-0.001085,0.000971
153552000.000,ZR,non_handheld,桌面静置,recording,0.009492,0.563115,9.787282,-0.000817,-0.001153,0.000475
153552010.000,ZR,non_handheld,桌面静置,recording,0.025019,0.567467,9.764885,0.000179,0.000346,-0.000378
153552020.000,ZR,non_handheld,桌面静置,recording,0.011558,0.564494,9.787795,0.000590,0.001217,-0.000386
153552030.000,ZR,non_handheld,桌面静置,recording,0.010442,0.576833,9.814546,0.000933,0.001310,-0.001054
153552040.000,ZR,non_handheld,桌面静置,recording,0.017367,0.558825,9.804491,0.000351,0.000556,-0.000244
153552050.000,ZR,non_handheld,桌面静置,recording,-0.002983,0.561573,9.793369,0.000844,-0.000751,0.000047
153552060.000,ZR,non_handheld,桌面静置,recording,0.022853,0.570168,9.766235,0.000893,-0.001208,0.000828
153552070.000,ZR,non_handheld,桌面静置,recording,0.014843,0.574027,9.790900,0.000348,-0.000004,-0.000511
153552080.000,ZR,non_handheld,桌面静置,recording,0.013960,0.569048,9.816410,-0.000728,0.001477,-0.000376
153552090.000,ZR,non_handheld,桌面静置,recording,0.004388,0.574906,9.802731,0.000245,0.001940,-0.000426
153552100.000,ZR,non_handheld,桌面静置,recording,0.020204,0.575226,9.799223,0.000614,0.000506,-0.000938
153552110.000,ZR,non_handheld,桌面静置,recording,0.001037,0.568237,9.776628,-0.000684,-0.001373,0.000311
153552120.000,ZR,non_handheld,桌面静置,recording,0.024688,0.570650,9.792789,-0.000173,-0.000743,0.000506
153552130.000,ZR,non_handheld,桌面静置,recording,0.009261,0.581341,9.799088,-0.000104,0.000473,-0.000348
153552140.000,ZR,non_handheld,桌面静置,recording,0.019983,0.562571,9.808876,0.000385,0.000347,-0.000086
153552150.000,ZR,non_handheld,桌面静置,recording,0.022518,0.575612,9.793073,-0.000244,0.000447,-0.000308
153552160.000,ZR,non_handheld,桌面静置,recording,0.009038,0.569282,9.777619,-0.000770,0.000354,0.000030
153552170.000,ZR,non_handheld,桌面静置,recording,0.010505,0.574761,9.793871,-0.000119,-0.000325,0.000063
153552180.000,ZR,non_handheld,桌面静置,recording,0.012357,0.568504,9.797647,-0.000530,-0.000879,0.001217
153552190.000,ZR,non_handheld,桌面静置,recording,0.014957,0.573563,9.816141,0.001096,-0.001755,0.000951
153552200.000,ZR,non_handheld,桌面静置,recording,0.012557,0.560119,9.789756,0.000686,0.000844,-0.000279
153552210.000,ZR,non_handheld,桌面静置,recording,0.012971,0.573200,9.783664,0.000115,0.002106,-0.000416
153552220.000,ZR,non_handheld,桌面静置,recording,-0.001377,0.574113,9.789896,0.000029,0.000273,-0.000490
153552230.000,ZR,non_handheld,桌面静置,recording,0.018037,0.577556,9.820757,-0.000365,-0.001884,0.000469
153552240.000,ZR,non_handheld,桌面静置,recording,0.017565,0.565798,9.814754,0.000447,-0.001570,0.000753
153552250.000,ZR,non_handheld,桌面静置,recording,0.017155,0.581787,9.796174,-0.000370,-0.000303,0.000194
153552260.000,ZR,non_handheld,桌面静置,recording,0.024067,0.570237,9.773959,-0.000308,0.001187,-0.000707
153552270.000,ZR,non_handheld,桌面静置,recording,0.012862,0.571415,9.784375,-0.000158,0.002014,-0.000558
153552280.000,ZR,non_handheld,桌面静置,recording,0.000110,0.574091,9.803192,0.000190,0.000775,-0.000176
153552290.000,ZR,non_handheld,桌面静置,recording,0.004152,0.571176,9.800206,0.000322,-0.001192,0.001240
153552300.000,ZR,non_handheld,桌面静置,recording,0.030168,0.574821,9.791330,0.000500,-0.002706,0.001184
153552310.000,ZR,non_handheld,桌面静置,recording,0.011359,0.567665,9.793875,-0.000587,0.000426,-0.000283
153552320.000,ZR,non_handheld,桌面静置,recording,0.022616,0.577678,9.780705,-0.000811,0.004302,-0.000855
153552330.000,ZR,non_handheld,桌面静置,recording,0.002788,0.568339,9.804023,0.000117,0.002185,-0.000873
153552340.000,ZR,non_handheld,桌面静置,recording,0.014168,0.574887,9.808950,0.000489,-0.000971,0.000499
153552350.000,ZR,non_handheld,桌面静置,recording,0.015910,0.564222,9.809545,0.000231,-0.005046,0.000826
153552360.000,ZR,non_handheld,桌面静置,recording,0.015622,0.568647,9.782494,0.000816,-0.001997,0.000391
153552370.000,ZR,non_handheld,桌面静置,recording,0.017177,0.573029,9.789212,-0.000567,0.002986,0.000000
153552380.000,ZR,non_handheld,桌面静置,recording,0.008711,0.579052,9.800220,-0.002236,0.003262,-0.000628
153552390.000,ZR,non_handheld,桌面静置,recording,0.013820,0.578680,9.803961,-0.001259,0.001730,-0.000083
153552400.000,ZR,non_handheld,桌面静置,recording,-0.003674,0.559313,9.802850,0.000927,-0.002999,0.001371
153552410.000,ZR,non_handheld,桌面静置,recording,0.019748,0.572010,9.780387,-0.000023,-0.004278,0.000813
153552420.000,ZR,non_handheld,桌面静置,recording,0.026854,0.562992,9.792153,-0.000089,-0.000403,0.000417
153552430.000,ZR,non_handheld,桌面静置,recording,0.025604,0.569039,9.808811,-0.000575,0.002948,-0.000967
153552440.000,ZR,non_handheld,桌面静置,recording,0.007906,0.573258,9.819935,-0.000014,0.003877,-0.000432
153552450.000,ZR,non_handheld,桌面静置,recording,0.010453,0.565888,9.783222,0.000289,-0.000156,-0.000008
153552460.000,ZR,non_handheld,桌面静置,recording,0.002520,0.571081,9.801660,0.000635,-0.003982,0.000699
153552470.000,ZR,non_handheld,桌面静置,recording,0.012278,0.565724,9.792847,-0.000043,-0.003514,0.000705
153552480.000,ZR,non_handheld,桌面静置,recording,0.026378,0.576901,9.804232,0.000533,0.001384,0.000360
153552490.000,ZR,non_handheld,桌面静置,recording,0.026029,0.571504,9.814691,0.000165,0.003517,-0.000873
153552500.000,ZR,non_handheld,桌面静置,recording,0.007922,0.572762,9.787507,-0.000502,0.001950,-0.000329
153552510.000,ZR,non_handheld,桌面静置,recording,0.013657,0.572986,9.779914,-0.000145,-0.001625,0.001141
153552520.000,ZR,non_handheld,桌面静置,recording,0.003207,0.568621,9.792225,0.000374,-0.003298,0.000989
153552530.000,ZR,non_handheld,桌面静置,recording,0.028056,0.561913,9.812332,-0.000503,-0.001810,0.000603
153552540.000,ZR,non_handheld,桌面静置,recording,0.018907,0.576556,9.798875,0.000121,0.000876,-0.000658
153552550.000,ZR,non_handheld,桌面静置,recording,0.008108,0.571607,9.779991,-0.001366,0.002350,-0.000498
153552560.000,ZR,non_handheld,桌面静置,recording,0.020008,0.572204,9.778871,-0.000011,0.000932,-0.000177
153552570.000,ZR,non_handheld,桌面静置,recording,0.006698,0.571374,9.785252,0.000758,-0.000116,0.000055
153552580.000,ZR,non_handheld,桌面静置,recording,0.020472,0.567252,9.818412,0.000999,-0.002177,0.000622
153552590.000,ZR,non_handheld,桌面静置,recording,0.013326,0.566413,9.803010,0.000299,-0.000992,0.000733
153552600.000,ZR,non_handheld,桌面静置,recording,0.009364,0.569530,9.791835,0.000494,0.001347,-0.000572
153552610.000,ZR,non_handheld,桌面静置,recording,0.003643,0.573111,9.782735,0.000065,0.002523,-0.000142
153552620.000,ZR,non_handheld,桌面静置,recording,0.010226,0.573377,9.796796,0.000728,0.000525,0.000449
153552630.000,ZR,non_handheld,桌面静置,recording,0.021144,0.569073,9.804704,0.000249,-0.002678,0.001016
153552640.000,ZR,non_handheld,桌面静置,recording,0.026270,0.575513,9.818057,0.000418,-0.002368,0.001325
153552650.000,ZR,non_handheld,桌面静置,recording,0.021451,0.579814,9.802234,-0.000755,0.001531,-0.000163
153552660.000,ZR,non_handheld,桌面静置,recording,0.013241,0.573130,9.784218,-0.001745,0.003563,-0.001024
153552670.000,ZR,non_handheld,桌面静置,recording,0.011918,0.573706,9.778225,0.000196,0.001576,-0.000873
153552680.000,ZR,non_handheld,桌面静置,recording,-0.002452,0.556288,9.800494,-0.000935,-0.002844,0.000416
153552690.000,ZR,non_handheld,桌面静置,recording,0.018971,0.569195,9.821534,0.000438,-0.005374,0.000914
153552700.000,ZR,non_handheld,桌面静置,recording,0.008844,0.569107,9.814515,0.000724,-0.001596,0.000826
153552710.000,ZR,non_handheld,桌面静置,recording,0.031030,0.576827,9.781783,-0.000945,0.001956,-0.000419
153552720.000,ZR,non_handheld,桌面静置,recording,0.013992,0.571809,9.792330,-0.000554,0.005160,-0.000476
153552730.000,ZR,non_handheld,桌面静置,recording,-0.002297,0.583146,9.789262,-0.000508,0.001727,-0.000005
153552740.000,ZR,non_handheld,桌面静置,recording,0.009782,0.570484,9.808477,0.000108,-0.002857,0.000634
153552750.000,ZR,non_handheld,桌面静置,recording,0.014743,0.574361,9.804447,-0.000396,-0.006019,0.001060
153552760.000,ZR,non_handheld,桌面静置,recording,0.026321,0.577963,9.810074,0.000994,-0.000818,-0.000222
153552770.000,ZR,non_handheld,桌面静置,recording,0.020162,0.568100,9.786678,-0.001130,0.003967,-0.001079
153552780.000,ZR,non_handheld,桌面静置,recording,0.014525,0.564140,9.769330,-0.001639,0.005378,-0.000625
153552790.000,ZR,non_handheld,桌面静置,recording,-0.000371,0.573148,9.783566,0.000254,-0.000070,0.000232
153552800.000,ZR,non_handheld,桌面静置,recording,0.020715,0.571951,9.805335,0.000439,-0.004569,0.001116
153552810.000,ZR,non_handheld,桌面静置,recording,0.022098,0.582865,9.809417,-0.000967,-0.002751,0.001054
153552820.000,ZR,non_handheld,桌面静置,recording,0.026152,0.578207,9.782140,0.000492,0.000645,-0.000370
153552830.000,ZR,non_handheld,桌面静置,recording,0.019318,0.567596,9.779814,-0.000241,0.004164,-0.000401
153552840.000,ZR,non_handheld,桌面静置,recording,0.006144,0.564933,9.791029,0.000702,0.003253,-0.000817
153552850.000,ZR,non_handheld,桌面静置,recording,0.005945,0.575802,9.791900,0.000457,0.000586,0.000356
153552860.000,ZR,non_handheld,桌面静置,recording,-0.004232,0.572891,9.818594,-0.001148,-0.003107,0.001135
153552870.000,ZR,non_handheld,桌面静置,recording,0.025113,0.566027,9.803773,-0.000052,-0.002362,0.000813
153552880.000,ZR,non_handheld,桌面静置,recording,0.028418,0.573429,9.788776,-0.000476,-0.000056,0.000136
153552890.000,ZR,non_handheld,桌面静置,recording,0.005130,0.571758,9.785766,-0.000711,0.002132,-0.000789
153552900.000,ZR,non_handheld,桌面静置,recording,0.002121,0.571673,9.789466,-0.000033,0.002362,-0.001233
153552910.000,ZR,non_handheld,桌面静置,recording,0.007004,0.559302,9.803458,-0.000536,0.000011,-0.000057
153552920.000,ZR,non_handheld,桌面静置,recording,0.008863,0.571419,9.807285,0.000134,-0.002543,0.000777
153552930.000,ZR,non_handheld,桌面静置,recording,0.024296,0.572899,9.803602,-0.000571,-0.002776,0.000830
153552940.000,ZR,non_handheld,桌面静置,recording,0.031586,0.563435,9.775941,-0.000107,0.000500,-0.000307
153552950.000,ZR,non_handheld,桌面静置,recording,0.019645,0.566246,9.781256,0.000085,0.002695,-0.000576
153552960.000,ZR,non_handheld,桌面静置,recording,0.011662,0.569918,9.795425,-0.000515,0.002732,-0.000900
153552970.000,ZR,non_handheld,桌面静置,recording,0.004982,0.576974,9.811518,0.000540,-0.000101,0.000084
153552980.000,ZR,non_handheld,桌面静置,recording,0.013231,0.572084,9.808866,0.000559,-0.003046,0.000675
153552990.000,ZR,non_handheld,桌面静置,recording,0.008429,0.560388,9.781759,0.000014,-0.003978,0.001414
153553000.000,ZR,non_handheld,桌面静置,recording,0.032686,0.557684,9.775702,0.000090,0.000062,0.000061
153553010.000,ZR,non_handheld,桌面静置,recording,0.011488,0.575378,9.788646,-0.000353,0.005623,-0.000439
153553020.000,ZR,non_handheld,桌面静置,recording,0.002474,0.578856,9.810210,0.000011,0.005014,-0.001501
153553030.000,ZR,non_handheld,桌面静置,recording,0.013599,0.567397,9.805979,-0.000978,0.000200,0.000520
153553040.000,ZR,non_handheld,桌面静置,recording,0.001807,0.569920,9.783196,0.000393,-0.006647,0.001053
153553050.000,ZR,non_handheld,桌面静置,recording,0.028873,0.567497,9.789762,0.000375,-0.005109,0.000682
153553060.000,ZR,non_handheld,桌面静置,recording,0.016554,0.570217,9.783973,0.000010,0.001735,-0.000340
153553070.000,ZR,non_handheld,桌面静置,recording,0.013156,0.571983,9.795350,-0.001257,0.006392,-0.000778
153553080.000,ZR,non_handheld,桌面静置,recording,-0.002816,0.574054,9.816275,-0.000811,0.004203,-0.000705
153553090.000,ZR,non_handheld,桌面静置,recording,0.003677,0.568138,9.776897,-0.000646,-0.003804,0.000676
153553100.000,ZR,non_handheld,桌面静置,recording,0.009506,0.571431,9.771169,0.000014,-0.007625,0.001108
153553110.000,ZR,non_handheld,桌面静置,recording,0.021262,0.568579,9.775341,-0.000144,-0.003127,0.001013
153553120.000,ZR,non_handheld,桌面静置,recording,0.025286,0.569504,9.811331,-0.000536,0.005727,-0.001300
153553130.000,ZR,non_handheld,桌面静置,recording,0.025918,0.576202,9.815223,-0.001728,0.007958,-0.001446
153553140.000,ZR,non_handheld,桌面静置,recording,0.007342,0.556763,9.791820,0.000432,0.001914,-0.000327
153553150.000,ZR,non_handheld,桌面静置,recording,-0.000760,0.572060,9.766853,-0.000183,-0.006263,0.001291
153553160.000,ZR,non_handheld,桌面静置,recording,0.015817,0.569084,9.779653,0.000936,-0.006458,0.001136
153553170.000,ZR,non_handheld,桌面静置,recording,0.019453,0.572114,9.817603,-0.000016,-0.000283,-0.000082
153553180.000,ZR,non_handheld,桌面静置,recording,0.022568,0.575524,9.829893,-0.000934,0.006451,-0.000665
153553190.000,ZR,non_handheld,桌面静置,recording,0.007693,0.560713,9.795745,-0.001423,0.004272,-0.000732
153553200.000,ZR,non_handheld,桌面静置,recording,0.013309,0.572177,9.772657,-0.000865,-0.001339,0.000915
153553210.000,ZR,non_handheld,桌面静置,recording,0.008278,0.574245,9.770787,-0.000008,-0.005736,0.000584
153553220.000,ZR,non_handheld,桌面静置,recording,0.023985,0.582507,9.802351,-0.000216,-0.002164,0.000703
153553230.000,ZR,non_handheld,桌面静置,recording,0.018769,0.563292,9.824343,0.000308,0.002847,-0.000169
153553240.000,ZR,non_handheld,桌面静置,recording,0.023021,0.571769,9.798181,-0.000037,0.004196,-0.000895
153553250.000,ZR,non_handheld,桌面静置,recording,0.015325,0.566783,9.778481,0.000070,0.000473,0.000309
153553260.000,ZR,non_handheld,桌面静置,recording,-0.004509,0.570995,9.771982,0.000901,-0.003323,0.001015
153553270.000,ZR,non_handheld,桌面静置,recording,0.015961,0.571728,9.805175,0.000846,-0.002429,0.001041
153553280.000,ZR,non_handheld,桌面静置,recording,0.021777,0.581730,9.826800,0.000908,0.000180,0.000103
153553290.000,ZR,non_handheld,桌面静置,recording,0.020216,0.571563,9.816760,-0.000798,0.003493,-0.000653
153553300.000,ZR,non_handheld,桌面静置,recording,0.006603,0.566740,9.789437,-0.000297,0.003014,-0.000873
153553310.000,ZR,non_handheld,桌面静置,recording,0.009934,0.571460,9.755175,0.000368,-0.000352,-0.000200
153553320.000,ZR,non_handheld,桌面静置,recording,0.003835,0.569233,9.781635,-0.000030,-0.004074,0.000860
153553330.000,ZR,non_handheld,桌面静置,recording,0.013731,0.582745,9.829725,0.000169,-0.003065,0.000843
153553340.000,ZR,non_handheld,桌面静置,recording,0.019970,0.579918,9.827938,0.000369,0.001915,-0.000269
153553350.000,ZR,non_handheld,桌面静置,recording,0.020808,0.568259,9.781267,-0.000908,0.003795,-0.000628
153553360.000,ZR,non_handheld,桌面静置,recording,0.009637,0.571901,9.764868,0.000015,0.001473,-0.000169
153553370.000,ZR,non_handheld,桌面静置,recording,0.006842,0.582095,9.775859,-0.000569,-0.000846,0.000359
153553380.000,ZR,non_handheld,桌面静置,recording,0.011395,0.576434,9.825374,0.000015,-0.004503,0.000477
153553390.000,ZR,non_handheld,桌面静置,recording,0.018327,0.558895,9.816433,0.000398,-0.002462,0.000469
153553400.000,ZR,non_handheld,桌面静置,recording,0.028132,0.573762,9.808480,-0.000251,0.002408,-0.000317
153553410.000,ZR,non_handheld,桌面静置,recording,0.017066,0.573230,9.770945,-0.001372,0.005271,-0.000717
153553420.000,ZR,non_handheld,桌面静置,recording,0.001723,0.563960,9.772217,0.000872,0.001888,-0.000700
153553430.000,ZR,non_handheld,桌面静置,recording,0.011779,0.569107,9.771819,0.001127,-0.002126,0.000587
153553440.000,ZR,non_handheld,桌面静置,recording,0.021100,0.567287,9.813838,0.000589,-0.003671,0.001745
153553450.000,ZR,non_handheld,桌面静置,recording,0.014663,0.564229,9.814825,-0.000049,-0.001290,0.000851
153553460.000,ZR,non_handheld,桌面静置,recording,0.029596,0.569664,9.784796,-0.000660,0.001810,-0.000086
153553470.000,ZR,non_handheld,桌面静置,recording,0.004241,0.569811,9.760026,-0.000414,0.003498,-0.000071
153553480.000,ZR,non_handheld,桌面静置,recording,0.012499,0.577219,9.783639,0.000187,0.000297,0.000498
153553490.000,ZR,non_handheld,桌面静置,recording,0.003573,0.574655,9.802604,0.000565,-0.001625,0.000870
153553500.000,ZR,non_handheld,桌面静置,recording,0.016455,0.576587,9.819516,0.000797,-0.001249,0.000150
153553510.000,ZR,non_handheld,桌面静置,recording,0.010089,0.576252,9.797888,-0.000216,0.000917,-0.000259
153553520.000,ZR,non_handheld,桌面静置,recording,0.018289,0.572741,9.764186,0.000883,0.002125,-0.000812
153553530.000,ZR,non_handheld,桌面静置,recording,0.006872,0.566658,9.782630,0.000272,0.001238,-0.000791
153553540.000,ZR,non_handheld,桌面静置,recording,-0.006508,0.567865,9.792988,0.000998,-0.001086,-0.000927
153553550.000,ZR,non_handheld,桌面静置,recording,0.010401,0.573604,9.810155,0.000490,-0.001403,0.000795
153553560.000,ZR,non_handheld,桌面静置,recording,0.010386,0.562110,9.811279,-0.000230,-0.000644,0.000386
153553570.000,ZR,non_handheld,桌面静置,recording,0.014829,0.577460,9.798664,0.000342,0.000494,-0.000262
153553580.000,ZR,non_handheld,桌面静置,recording,0.026194,0.572819,9.797261,-0.000533,0.000930,-0.000326
153553590.000,ZR,non_handheld,桌面静置,recording,-0.000180,0.571108,9.769924,0.000626,0.000960,-0.000588
153553600.000,ZR,non_handheld,桌面静置,recording,0.007552,0.563540,9.802846,0.000186,-0.000466,0.000300
153553610.000,ZR,non_handheld,桌面静置,recording,0.000132,0.584715,9.815468,-0.000575,-0.000492,0.000735
153553620.000,ZR,non_handheld,桌面静置,recording,0.007568,0.569728,9.806970,0.000594,-0.000095,-0.000305
153553630.000,ZR,non_handheld,桌面静置,recording,0.010357,0.569910,9.785396,0.000277,-0.000099,0.000390
153553640.000,ZR,non_handheld,桌面静置,recording,0.011954,0.567240,9.777741,-0.000927,0.000708,-0.000390
153553650.000,ZR,non_handheld,桌面静置,recording,0.022288,0.572088,9.784709,-0.000028,0.001204,-0.000900
153553660.000,ZR,non_handheld,桌面静置,recording,0.002407,0.567145,9.808165,0.000355,0.000912,-0.000506
153553670.000,ZR,non_handheld,桌面静置,recording,0.009412,0.575875,9.811128,0.000314,0.000308,0.000044
153553680.000,ZR,non_handheld,桌面静置,recording,0.011953,0.568674,9.785683,-0.000276,-0.000354,0.000579
153553690.000,ZR,non_handheld,桌面静置,recording,0.017054,0.572531,9.786759,0.000060,-0.001605,0.000559
153553700.000,ZR,non_handheld,桌面静置,recording,0.017857,0.570147,9.791568,-0.000361,-0.000001,0.000290
153553710.000,ZR,non_handheld,桌面静置,recording,0.018652,0.574984,9.799764,0.000646,0.002232,-0.000819
153553720.000,ZR,non_handheld,桌面静置,recording,0.008372,0.573926,9.828305,0.000277,0.003085,-0.000873
153553730.000,ZR,non_handheld,桌面静置,recording,0.002663,0.562694,9.803192,0.000491,-0.000132,-0.000641
153553740.000,ZR,non_handheld,桌面静置,recording,0.006414,0.559232,9.796916,-0.000272,-0.002197,0.000475
153553750.000,ZR,non_handheld,桌面静置,recording,0.011480,0.560339,9.785152,-0.000479,-0.003425,0.001240
153553760.000,ZR,non_handheld,桌面静置,recording,0.019271,0.575322,9.797822,0.000386,0.000394,-0.000647
153553770.000,ZR,non_handheld,桌面静置,recording,0.018220,0.572363,9.817519,-0.000964,0.003853,-0.000316
153553780.000,ZR,non_handheld,桌面静置,recording,0.012822,0.570147,9.799058,-0.001388,0.003955,-0.000980
153553790.000,ZR,non_handheld,桌面静置,recording,-0.000688,0.568013,9.792861,-0.000209,-0.000268,-0.000136
153553800.000,ZR,non_handheld,桌面静置,recording,0.007122,0.569149,9.755074,0.000374,-0.004446,0.000736
153553810.000,ZR,non_handheld,桌面静置,recording,0.014956,0.572966,9.797853,0.000043,-0.003935,0.000906
153553820.000,ZR,non_handheld,桌面静置,recording,0.017311,0.584160,9.802664,-0.000865,0.002238,-0.000612
153553830.000,ZR,non_handheld,桌面静置,recording,0.012640,0.578568,9.814996,-0.001530,0.004869,-0.001214
153553840.000,ZR,non_handheld,桌面静置,recording,0.007853,0.570809,9.785360,-0.000236,0.001581,-0.000495
153553850.000,ZR,non_handheld,桌面静置,recording,0.006874,0.558108,9.774724,-0.001197,-0.002965,0.000224
153553860.000,ZR,non_handheld,桌面静置,recording,0.011939,0.578231,9.783612,0.001391,-0.004185,0.001013
153553870.000,ZR,non_handheld,桌面静置,recording,0.020085,0.566989,9.814388,0.000346,0.000047,-0.000344
153553880.000,ZR,non_handheld,桌面静置,recording,0.013525,0.573080,9.823259,-0.000657,0.004150,-0.000855
153553890.000,ZR,non_handheld,桌面静置,recording,0.012406,0.569956,9.800573,-0.000820,0.003015,-0.000737
153553900.000,ZR,non_handheld,桌面静置,recording,0.016005,0.567932,9.795467,0.000834,-0.000916,-0.000074
153553910.000,ZR,non_handheld,桌面静置,recording,0.007663,0.573599,9.771226,-0.000172,-0.001608,0.000654
153553920.000,ZR,non_handheld,桌面静置,recording,0.019617,0.571061,9.801526,-0.000032,-0.000741,-0.000156
153553930.000,ZR,non_handheld,桌面静置,recording,0.012415,0.574481,9.824273,0.000383,0.001710,-0.000613
153553940.000,ZR,non_handheld,桌面静置,recording,0.030409,0.571743,9.801834,-0.001088,0.003493,-0.000584
153553950.000,ZR,non_handheld,桌面静置,recording,0.008913,0.569064,9.767500,-0.000196,0.000441,-0.000360
153553960.000,ZR,non_handheld,桌面静置,recording,0.009422,0.577537,9.769493,0.000114,-0.001984,0.001077
153553970.000,ZR,non_handheld,桌面静置,recording,0.024001,0.571495,9.796214,0.001004,-0.000926,-0.000042
153553980.000,ZR,non_handheld,桌面静置,recording,0.016469,0.579505,9.809246,-0.000127,0.000522,-0.000708
153553990.000,ZR,non_handheld,桌面静置,recording,0.024774,0.572238,9.823531,-0.000324,0.002114,-0.000292
153554000.000,ZR,non_handheld,桌面静置,recording,0.014619,0.566406,9.780620,0.000091,0.000760,-0.000717
153554010.000,ZR,non_handheld,桌面静置,recording,0.007480,0.565252,9.756594,0.000761,-0.002090,0.000198
153554020.000,ZR,non_handheld,桌面静置,recording,0.015819,0.577632,9.796145,0.001180,-0.002176,0.000154
153554030.000,ZR,non_handheld,桌面静置,recording,0.019705,0.571985,9.813090,0.000657,0.000415,-0.000668
153554040.000,ZR,non_handheld,桌面静置,recording,0.011343,0.570702,9.817478,0.000122,0.000982,-0.000788
153554050.000,ZR,non_handheld,桌面静置,recording,0.023581,0.572136,9.789998,0.000949,0.000352,-0.000520
153554060.000,ZR,non_handheld,桌面静置,recording,0.022139,0.566244,9.778604,0.000524,-0.000214,-0.000021
153554070.000,ZR,non_handheld,桌面静置,recording,-0.003795,0.572762,9.778960,0.000506,0.000452,0.000229
153554080.000,ZR,non_handheld,桌面静置,recording,0.030865,0.572684,9.819573,0.000505,-0.000302,-0.000143
153554090.000,ZR,non_handheld,桌面静置,recording,0.022607,0.564986,9.814090,0.000826,-0.000412,0.000171
153554100.000,ZR,non_handheld,桌面静置,recording,0.014149,0.574434,9.813625,0.000478,0.000549,-0.000185
153554110.000,ZR,non_handheld,桌面静置,recording,0.013102,0.568434,9.773946,-0.000213,0.001317,-0.000535
153554120.000,ZR,non_handheld,桌面静置,recording,0.003791,0.565310,9.784525,0.000668,0.000629,-0.000766
153554130.000,ZR,non_handheld,桌面静置,recording,0.002157,0.575796,9.801496,0.000018,0.000089,-0.000103
153554140.000,ZR,non_handheld,桌面静置,recording,0.018339,0.575101,9.813903,-0.000770,-0.000364,0.000456
153554150.000,ZR,non_handheld,桌面静置,recording,0.009025,0.576765,9.818845,-0.000524,0.000265,-0.000633
153554160.000,ZR,non_handheld,桌面静置,recording,0.025256,0.578819,9.782235,0.000024,0.000567,-0.000492
153554170.000,ZR,non_handheld,桌面静置,recording,0.019474,0.577118,9.764436,0.000300,-0.000246,-0.000334
153554180.000,ZR,non_handheld,桌面静置,recording,0.025443,0.566327,9.785040,0.000414,-0.000044,0.000189
153554190.000,ZR,non_handheld,桌面静置,recording,0.012021,0.570461,9.801697,0.000141,-0.000204,0.000845
153554200.000,ZR,non_handheld,桌面静置,recording,0.005832,0.573334,9.805730,0.000087,-0.000151,-0.000076
153554210.000,ZR,non_handheld,桌面静置,recording,0.013746,0.568630,9.809543,0.000087,0.000372,-0.000704
153554220.000,ZR,non_handheld,桌面静置,recording,0.017513,0.567750,9.798171,0.000477,-0.001461,0.000668
153554230.000,ZR,non_handheld,桌面静置,recording,0.003886,0.563701,9.805637,0.000716,-0.000814,0.000429
153554240.000,ZR,non_handheld,桌面静置,recording,0.027294,0.567466,9.814003,-0.000117,0.000187,-0.000607
153554250.000,ZR,non_handheld,桌面静置,recording,0.007243,0.574709,9.793052,-0.000674,0.001267,-0.000377
153554260.000,ZR,non_handheld,桌面静置,recording,0.000067,0.566402,9.803771,0.000087,0.000656,-0.000687
153554270.000,ZR,non_handheld,桌面静置,recording,0.018781,0.573546,9.808268,0.000087,-0.000585,0.000218
153554280.000,ZR,non_handheld,桌面静置,recording,0.015943,0.563745,9.789385,0.000085,-0.003849,0.001351
153554290.000,ZR,non_handheld,桌面静置,recording,0.014088,0.571032,9.794476,0.000609,-0.001016,-0.000182
153554300.000,ZR,non_handheld,桌面静置,recording,0.026571,0.572430,9.784646,-0.000315,0.001416,-0.000458
153554310.000,ZR,non_handheld,桌面静置,recording,0.018418,0.561865,9.803089,-0.000820,0.003805,-0.000544
153554320.000,ZR,non_handheld,桌面静置,recording,0.002753,0.571838,9.812614,0.000460,0.001139,-0.000072
153554330.000,ZR,non_handheld,桌面静置,recording,0.016984,0.566466,9.796698,0.000365,-0.003050,0.000638
153554340.000,ZR,non_handheld,桌面静置,recording,0.010663,0.582812,9.787560,0.000952,-0.003985,0.000570
153554350.000,ZR,non_handheld,桌面静置,recording,0.020972,0.573547,9.799944,0.000601,-0.000297,0.000038
153554360.000,ZR,non_handheld,桌面静置,recording,0.018692,0.570214,9.795023,-0.000733,0.004769,-0.000220
153554370.000,ZR,non_handheld,桌面静置,recording,0.006984,0.566770,9.792078,-0.000826,0.004855,-0.000503
153554380.000,ZR,non_handheld,桌面静置,recording,0.008651,0.573550,9.809560,0.000878,-0.001983,0.000828
153554390.000,ZR,non_handheld,桌面静置,recording,0.008457,0.560086,9.796541,0.000087,-0.006739,0.001342
153554400.000,ZR,non_handheld,桌面静置,recording,0.016950,0.576467,9.790502,0.000804,-0.002557,0.000245
153554410.000,ZR,non_handheld,桌面静置,recording,0.019103,0.575061,9.790377,-0.000444,0.003207,-0.001005
153554420.000,ZR,non_handheld,桌面静置,recording,0.003138,0.569801,9.808536,-0.001122,0.007080,-0.000939
153554430.000,ZR,non_handheld,桌面静置,recording,0.015835,0.573913,9.806686,-0.000212,0.002299,-0.000719
153554440.000,ZR,non_handheld,桌面静置,recording,0.007719,0.562693,9.787278,0.000342,-0.005709,0.000806
153554450.000,ZR,non_handheld,桌面静置,recording,0.014929,0.574511,9.789061,0.000865,-0.007259,0.001870
153554460.000,ZR,non_handheld,桌面静置,recording,0.029578,0.576207,9.791579,-0.000332,-0.001127,-0.000074
153554470.000,ZR,non_handheld,桌面静置,recording,0.017492,0.568463,9.809919,-0.001157,0.008380,-0.000992
153554480.000,ZR,non_handheld,桌面静置,recording,0.000699,0.589089,9.792447,-0.001159,0.006733,-0.000564
153554490.000,ZR,non_handheld,桌面静置,recording,-0.000711,0.573212,9.784454,0.000812,-0.000861,0.000530
153554500.000,ZR,non_handheld,桌面静置,recording,0.010183,0.566758,9.778976,0.000459,-0.008663,0.001168
153554510.000,ZR,non_handheld,桌面静置,recording,0.027705,0.567511,9.796688,-0.000138,-0.005807,0.001302
153554520.000,ZR,non_handheld,桌面静置,recording,0.020889,0.576512,9.802382,-0.001071,0.003184,-0.000888
153554530.000,ZR,non_handheld,桌面静置,recording,0.011572,0.576125,9.804483,-0.000423,0.008749,-0.001405
153554540.000,ZR,non_handheld,桌面静置,recording,-0.002187,0.563812,9.785708,-0.000613,0.003369,-0.000266
153554550.000,ZR,non_handheld,桌面静置,recording,0.007364,0.571247,9.774429,0.000486,-0.004837,0.000958
153554560.000,ZR,non_handheld,桌面静置,recording,0.011755,0.566792,9.797073,0.001099,-0.007062,0.001412
153554570.000,ZR,non_handheld,桌面静置,recording,0.018097,0.571497,9.810352,-0.000236,-0.001683,0.000028
153554580.000,ZR,non_handheld,桌面静置,recording,0.039064,0.578616,9.808030,-0.000435,0.005092,-0.000750
153554590.000,ZR,non_handheld,桌面静置,recording,0.014514,0.567614,9.776860,-0.002050,0.006118,-0.001135
153554600.000,ZR,non_handheld,桌面静置,recording,0.006752,0.568048,9.780091,0.000435,0.000569,-0.000220
153554610.000,ZR,non_handheld,桌面静置,recording,0.004075,0.572734,9.785621,0.000254,-0.004711,0.001369
153554620.000,ZR,non_handheld,桌面静置,recording,0.012553,0.577796,9.814187,0.000611,-0.004364,0.000864
153554630.000,ZR,non_handheld,桌面静置,recording,0.022874,0.568586,9.816549,0.001012,0.000663,0.000087
153554640.000,ZR,non_handheld,桌面静置,recording,0.016663,0.573331,9.790516,0.000148,0.003168,-0.000829
153554650.000,ZR,non_handheld,桌面静置,recording,0.008568,0.562513,9.776929,-0.000340,0.003709,-0.000620
153554660.000,ZR,non_handheld,桌面静置,recording,0.001959,0.574903,9.784546,0.000332,-0.000158,0.000149
153554670.000,ZR,non_handheld,桌面静置,recording,0.005032,0.573299,9.803109,0.000478,-0.004740,0.001231
153554680.000,ZR,non_handheld,桌面静置,recording,0.021299,0.571620,9.826697,-0.000131,-0.003412,0.000671
153554690.000,ZR,non_handheld,桌面静置,recording,0.035561,0.561377,9.793398,0.000060,0.000199,-0.000086
153554700.000,ZR,non_handheld,桌面静置,recording,0.024850,0.566858,9.764080,-0.000175,0.003519,-0.000585
153554710.000,ZR,non_handheld,桌面静置,recording,0.015645,0.579683,9.775752,0.000272,0.002790,-0.000164
153554720.000,ZR,non_handheld,桌面静置,recording,0.003624,0.567267,9.797606,-0.000278,-0.000860,0.000464
153554730.000,ZR,non_handheld,桌面静置,recording,0.013269,0.571106,9.813341,0.000235,-0.003637,0.000801
153554740.000,ZR,non_handheld,桌面静置,recording,0.012288,0.575031,9.819928,0.000802,-0.001902,0.000097
153554750.000,ZR,non_handheld,桌面静置,recording,0.031926,0.576393,9.790697,0.000233,0.000642,-0.000699
153554760.000,ZR,non_handheld,桌面静置,recording,0.012614,0.575890,9.770050,-0.000891,0.003066,-0.000337
153554770.000,ZR,non_handheld,桌面静置,recording,0.007036,0.571172,9.788952,-0.000512,0.002458,-0.000977
153554780.000,ZR,non_handheld,桌面静置,recording,-0.003287,0.581516,9.808084,0.000235,-0.001365,-0.000016
153554790.000,ZR,non_handheld,桌面静置,recording,0.021046,0.579985,9.812239,0.000420,-0.004543,0.000661
153554800.000,ZR,non_handheld,桌面静置,recording,0.018262,0.565090,9.802841,0.000802,-0.003191,0.000904
153554810.000,ZR,non_handheld,桌面静置,recording,0.027742,0.582986,9.777693,-0.001060,0.003126,-0.000795
153554820.000,ZR,non_handheld,桌面静置,recording,0.011562,0.561379,9.780658,-0.000935,0.005489,-0.000808
153554830.000,ZR,non_handheld,桌面静置,recording,0.000723,0.577582,9.817665,-0.000272,0.002240,-0.000829
153554840.000,ZR,non_handheld,桌面静置,recording,0.013473,0.576621,9.820246,0.000261,-0.003349,0.001276
153554850.000,ZR,non_handheld,桌面静置,recording,-0.003406,0.556841,9.803204,0.000525,-0.004532,0.001046
153554860.000,ZR,non_handheld,桌面静置,recording,0.020173,0.568603,9.782309,-0.000376,-0.000797,0.001102
153554870.000,ZR,non_handheld,桌面静置,recording,0.013719,0.573085,9.774547,-0.000407,0.003943,-0.000799
153554880.000,ZR,non_handheld,桌面静置,recording,0.008585,0.568030,9.797818,0.000144,0.004058,-0.000916
153554890.000,ZR,non_handheld,桌面静置,recording,0.012941,0.569361,9.814597,-0.000734,0.000444,-0.000199
153554900.000,ZR,non_handheld,桌面静置,recording,0.008052,0.572504,9.805378,0.000214,-0.002458,0.000945
153554910.000,ZR,non_handheld,桌面静置,recording,0.016482,0.569372,9.799329,0.001029,-0.004014,0.001398
153554920.000,ZR,non_handheld,桌面静置,recording,0.022726,0.577535,9.778018,0.000087,0.000381,-0.000190
153554930.000,ZR,non_handheld,桌面静置,recording,0.020731,0.566593,9.787888,-0.000249,0.003121,-0.000847
153554940.000,ZR,non_handheld,桌面静置,recording,0.014614,0.568375,9.799566,-0.001262,0.003565,-0.000873
153554950.000,ZR,non_handheld,桌面静置,recording,0.009079,0.581456,9.813071,0.000244,0.000071,-0.000197
153554960.000,ZR,non_handheld,桌面静置,recording,0.003424,0.562810,9.806765,0.000139,-0.004017,0.001062
153554970.000,ZR,non_handheld,桌面静置,recording,0.007790,0.575565,9.792338,-0.000299,-0.002876,0.000899
153554980.000,ZR,non_handheld,桌面静置,recording,0.018672,0.563386,9.774493,0.000054,-0.000139,0.000264
153554990.000,ZR,non_handheld,桌面静置,recording,0.028480,0.557875,9.804923,-0.000806,0.003095,0.000083
153555000.000,ZR,non_handheld,桌面静置,recording,0.014600,0.583168,9.808623,-0.000083,0.003019,-0.000675
153555010.000,ZR,non_handheld,桌面静置,recording,0.000602,0.575074,9.810457,-0.000205,0.000068,0.000590
153555020.000,ZR,non_handheld,桌面静置,recording,0.013132,0.562659,9.791097,0.000500,-0.002383,0.001020
153555030.000,ZR,non_handheld,桌面静置,recording,0.016542,0.566322,9.777456,-0.000678,-0.003932,0.001252
153555040.000,ZR,non_handheld,桌面静置,recording,0.024928,0.562121,9.787922,-0.000300,-0.000757,0.000375
153555050.000,ZR,non_handheld,桌面静置,recording,0.026950,0.568710,9.798743,0.000448,0.002427,-0.001157
153555060.000,ZR,non_handheld,桌面静置,recording,0.011267,0.576713,9.805719,-0.000110,0.004929,-0.000563
153555070.000,ZR,non_handheld,桌面静置,recording,-0.000282,0.568441,9.805341,-0.001031,0.000041,0.000005
153555080.000,ZR,non_handheld,桌面静置,recording,0.004389,0.571973,9.793862,0.000276,-0.004555,0.000565
153555090.000,ZR,non_handheld,桌面静置,recording,0.023978,0.571290,9.775056,0.000070,-0.004298,0.000460
153555100.000,ZR,non_handheld,桌面静置,recording,0.022494,0.568340,9.780364,-0.000197,0.001140,-0.000195
153555110.000,ZR,non_handheld,桌面静置,recording,0.021319,0.585512,9.813246,-0.001544,0.005870,0.000116
153555120.000,ZR,non_handheld,桌面静置,recording,0.004258,0.565459,9.810937,-0.000419,0.003622,-0.000536
153555130.000,ZR,non_handheld,桌面静置,recording,0.013354,0.573930,9.793676,-0.000164,-0.002622,0.000799
153555140.000,ZR,non_handheld,桌面静置,recording,0.015928,0.572492,9.767498,0.000449,-0.007345,0.001063
153555150.000,ZR,non_handheld,桌面静置,recording,0.028670,0.571055,9.783353,0.000139,-0.002690,0.000991
153555160.000,ZR,non_handheld,桌面静置,recording,0.031765,0.581704,9.819129,-0.001083,0.004647,-0.000382
153555170.000,ZR,non_handheld,桌面静置,recording,0.011164,0.591547,9.809447,-0.001682,0.007717,-0.001004
153555180.000,ZR,non_handheld,桌面静置,recording,0.011002,0.565532,9.808562,-0.001058,0.000720,-0.000515
153555190.000,ZR,non_handheld,桌面静置,recording,0.003153,0.560825,9.767535,0.000295,-0.006865,0.000908
153555200.000,ZR,non_handheld,桌面静置,recording,0.022451,0.566792,9.790942,0.000215,-0.006477,0.001353
153555210.000,ZR,non_handheld,桌面静置,recording,0.033955,0.573584,9.806112,0.000617,0.002673,-0.000321
153555220.000,ZR,non_handheld,桌面静置,recording,0.020003,0.571963,9.813718,-0.000938,0.007710,-0.000719
153555230.000,ZR,non_handheld,桌面静置,recording,-0.002460,0.564010,9.800120,-0.001548,0.003868,-0.000873
153555240.000,ZR,non_handheld,桌面静置,recording,0.006818,0.570698,9.787196,0.000075,-0.003321,0.001118
153555250.000,ZR,non_handheld,桌面静置,recording,0.019548,0.574744,9.783073,0.000310,-0.008258,0.001755
153555260.000,ZR,non_handheld,桌面静置,recording,0.016358,0.572637,9.794456,0.000997,-0.002764,0.000483
153555270.000,ZR,non_handheld,桌面静置,recording,0.028659,0.572563,9.815132,-0.000175,0.005510,-0.000663
153555280.000,ZR,non_handheld,桌面静置,recording,0.007043,0.575813,9.815694,-0.001296,0.007341,-0.001543
153555290.000,ZR,non_handheld,桌面静置,recording,0.012813,0.557514,9.795315,0.000156,0.001417,-0.000208
153555300.000,ZR,non_handheld,桌面静置,recording,0.000267,0.560002,9.760558,-0.000351,-0.005306,0.001133
153555310.000,ZR,non_handheld,桌面静置,recording,0.014636,0.574526,9.788430,-0.000504,-0.005975,0.001655
153555320.000,ZR,non_handheld,桌面静置,recording,0.028377,0.577819,9.820864,0.000513,-0.000066,0.000054
153555330.000,ZR,non_handheld,桌面静置,recording,0.018330,0.560577,9.830106,-0.000549,0.005195,-0.001517
153555340.000,ZR,non_handheld,桌面静置,recording,0.011897,0.562640,9.780173,-0.001313,0.005238,-0.001288
153555350.000,ZR,non_handheld,桌面静置,recording,0.013497,0.557996,9.763642,-0.000524,-0.000210,0.000219
153555360.000,ZR,non_handheld,桌面静置,recording,0.001345,0.575250,9.792127,-0.000152,-0.005582,0.000993
153555370.000,ZR,non_handheld,桌面静置,recording,0.011701,0.576991,9.803811,-0.000447,-0.003889,0.000790
153555380.000,ZR,non_handheld,桌面静置,recording,0.026230,0.580004,9.814541,-0.000040,0.001177,-0.000669
153555390.000,ZR,non_handheld,桌面静置,recording,0.022312,0.569498,9.792139,-0.000540,0.004920,-0.000695
153555400.000,ZR,non_handheld,桌面静置,recording,0.008555,0.564948,9.777075,0.000715,0.002604,-0.000372
153555410.000,ZR,non_handheld,桌面静置,recording,0.002813,0.572271,9.787516,0.000036,-0.000985,0.000510
153555420.000,ZR,non_handheld,桌面静置,recording,0.004309,0.576523,9.806454,-0.000150,-0.004591,0.000747
153555430.000,ZR,non_handheld,桌面静置,recording,0.020992,0.581193,9.819294,-0.000218,-0.001908,0.000467
153555440.000,ZR,non_handheld,桌面静置,recording,0.029944,0.574768,9.811161,0.000774,0.001731,0.000162
153555450.000,ZR,non_handheld,桌面静置,recording,0.009627,0.573034,9.775409,-0.001227,0.005422,-0.000543
153555460.000,ZR,non_handheld,桌面静置,recording,0.014954,0.571075,9.769940,0.000275,0.001371,-0.000365
153555470.000,ZR,non_handheld,桌面静置,recording,-0.002688,0.576425,9.801116,0.000255,-0.002840,0.001145
153555480.000,ZR,non_handheld,桌面静置,recording,0.004503,0.571907,9.826058,0.001260,-0.006109,0.000841
153555490.000,ZR,non_handheld,桌面静置,recording,0.036864,0.573113,9.809224,0.000037,-0.001335,0.000320
153555500.000,ZR,non_handheld,桌面静置,recording,0.019233,0.568062,9.794271,0.000311,0.003152,-0.000118
153555510.000,ZR,non_handheld,桌面静置,recording,0.006567,0.579530,9.759320,-0.001811,0.004639,-0.000839
153555520.000,ZR,non_handheld,桌面静置,recording,0.016877,0.569790,9.791419,0.000760,-0.000090,-0.001118
153555530.000,ZR,non_handheld,桌面静置,recording,0.005730,0.581710,9.813037,0.000056,-0.004221,0.000729
153555540.000,ZR,non_handheld,桌面静置,recording,0.012057,0.561159,9.804847,-0.000199,-0.003255,0.000985
153555550.000,ZR,non_handheld,桌面静置,recording,0.013933,0.555949,9.786924,0.000062,0.000335,-0.000670
153555560.000,ZR,non_handheld,桌面静置,recording,0.020246,0.568772,9.789631,-0.001337,0.003177,-0.000873
153555570.000,ZR,non_handheld,桌面静置,recording,0.003466,0.580799,9.783966,0.000618,0.001752,-0.000873
153555580.000,ZR,non_handheld,桌面静置,recording,0.007008,0.565786,9.800918,-0.000410,-0.000408,-0.000002
153555590.000,ZR,non_handheld,桌面静置,recording,0.010130,0.567336,9.794218,-0.000738,-0.002878,0.001069
153555600.000,ZR,non_handheld,桌面静置,recording,0.008738,0.575930,9.810534,0.000373,-0.002334,0.000913
153555610.000,ZR,non_handheld,桌面静置,recording,0.019726,0.573585,9.807021,-0.000387,0.001061,0.000440
153555620.000,ZR,non_handheld,桌面静置,recording,0.020264,0.564727,9.781744,0.000492,0.002944,-0.000814
153555630.000,ZR,non_handheld,桌面静置,recording,0.025093,0.564845,9.800729,0.000285,0.000054,-0.000211
153555640.000,ZR,non_handheld,桌面静置,recording,0.019071,0.570886,9.786333,0.000644,-0.000801,0.000101
153555650.000,ZR,non_handheld,桌面静置,recording,0.019895,0.565688,9.793267,0.000180,-0.001441,0.000314
153555660.000,ZR,non_handheld,桌面静置,recording,0.013337,0.578871,9.795318,-0.001243,0.000069,0.000119
153555670.000,ZR,non_handheld,桌面静置,recording,0.011138,0.567059,9.792639,-0.000226,0.000292,-0.000455
153555680.000,ZR,non_handheld,桌面静置,recording,0.024339,0.567722,9.783348,-0.000046,0.000181,-0.000186
153555690.000,ZR,non_handheld,桌面静置,recording,0.007876,0.568841,9.798667,0.000382,-0.000510,0.000138
153555700.000,ZR,non_handheld,桌面静置,recording,0.014431,0.578564,9.793190,-0.000423,0.000692,-0.000083
153555710.000,ZR,non_handheld,桌面静置,recording,0.012295,0.571329,9.787709,0.000356,0.001011,-0.000295
153555720.000,ZR,non_handheld,桌面静置,recording,0.012979,0.579945,9.811200,0.000806,-0.000754,-0.000370
153555730.000,ZR,non_handheld,桌面静置,recording,0.025179,0.574901,9.800197,0.000155,-0.001013,0.000424
153555740.000,ZR,non_handheld,桌面静置,recording,0.025298,0.571310,9.782790,0.000439,0.000391,0.000234
153555750.000,ZR,non_handheld,桌面静置,recording,0.017933,0.565780,9.798302,0.000682,0.000359,-0.000313
153555760.000,ZR,non_handheld,桌面静置,recording,0.020161,0.572214,9.788853,0.000514,0.000533,-0.000253
153555770.000,ZR,non_handheld,桌面静置,recording,-0.006196,0.575347,9.811516,0.000272,0.001129,-0.000805
153555780.000,ZR,non_handheld,桌面静置,recording,0.007243,0.589862,9.802441,0.000338,0.000526,-0.000227
153555790.000,ZR,non_handheld,桌面静置,recording,0.013260,0.557794,9.784549,-0.000013,-0.000117,0.000139
153555800.000,ZR,non_handheld,桌面静置,recording,0.015841,0.571714,9.803414,0.000030,-0.000553,0.000717
153555810.000,ZR,non_handheld,桌面静置,recording,0.040683,0.575171,9.787915,-0.000071,-0.001062,0.000682
153555820.000,ZR,non_handheld,桌面静置,recording,0.025344,0.586440,9.821617,0.000660,0.000489,-0.000732
153555830.000,ZR,non_handheld,桌面静置,recording,0.005187,0.571562,9.799960,-0.000196,0.002699,-0.000883
153555840.000,ZR,non_handheld,桌面静置,recording,0.017554,0.561516,9.798122,0.000750,0.000523,0.000775
153555850.000,ZR,non_handheld,桌面静置,recording,0.017965,0.559160,9.779127,0.000040,-0.002531,0.001153
153555860.000,ZR,non_handheld,桌面静置,recording,0.018018,0.561598,9.794109,0.000725,-0.001666,0.001050
153555870.000,ZR,non_handheld,桌面静置,recording,0.018212,0.585562,9.799940,-0.000204,0.000241,-0.000323
153555880.000,ZR,non_handheld,桌面静置,recording,0.017145,0.570145,9.810705,0.000752,0.001413,-0.000310
153555890.000,ZR,non_handheld,桌面静置,recording,0.013229,0.585661,9.797719,-0.000496,0.001277,-0.000729
153555900.000,ZR,non_handheld,桌面静置,recording,0.013440,0.574065,9.777787,0.000578,-0.000341,-0.000285
153555910.000,ZR,non_handheld,桌面静置,recording,0.023931,0.569319,9.784001,-0.000045,-0.001067,0.001017
153555920.000,ZR,non_handheld,桌面静置,recording,0.014765,0.571326,9.806528,0.000688,0.000424,-0.000765
153555930.000,ZR,non_handheld,桌面静置,recording,0.003955,0.578076,9.822717,0.000062,0.000910,-0.000883
153555940.000,ZR,non_handheld,桌面静置,recording,0.019403,0.576201,9.789791,0.000967,0.001040,-0.000334
153555950.000,ZR,non_handheld,桌面静置,recording,0.002191,0.570265,9.779107,0.000310,0.000002,-0.000262
153555960.000,ZR,non_handheld,桌面静置,recording,0.015210,0.573640,9.775658,0.000122,-0.002276,0.001230
153555970.000,ZR,non_handheld,桌面静置,recording,0.000442,0.574922,9.812812,0.000318,-0.000315,0.000261
153555980.000,ZR,non_handheld,桌面静置,recording,0.011429,0.582960,9.823202,0.000797,0.001319,-0.000557
153555990.000,ZR,non_handheld,桌面静置,recording,0.006967,0.570856,9.809814,0.000484,0.000807,-0.000287
153556000.000,ZR,non_handheld,桌面静置,recording,0.010584,0.573900,9.755534,0.000078,-0.000876,0.000048
153556010.000,ZR,non_handheld,桌面静置,recording,0.022392,0.563456,9.762993,-0.000091,-0.000932,0.000850
153556020.000,ZR,non_handheld,桌面静置,recording,0.014495,0.580686,9.808821,0.000303,0.000156,-0.000117
153556030.000,ZR,non_handheld,桌面静置,recording,0.015516,0.588829,9.816420,0.001237,0.001845,-0.001014
153556040.000,ZR,non_handheld,桌面静置,recording,0.002198,0.566265,9.801386,0.000083,0.000228,-0.000125
153556050.000,ZR,non_handheld,桌面静置,recording,0.015330,0.560550,9.783706,-0.000505,-0.002543,0.000992
153556060.000,ZR,non_handheld,桌面静置,recording,0.012836,0.570614,9.776570,0.000443,-0.001557,0.000503
153556070.000,ZR,non_handheld,桌面静置,recording,0.020902,0.577559,9.785677,0.000140,0.000151,-0.000216
153556080.000,ZR,non_handheld,桌面静置,recording,0.014179,0.570685,9.822106,0.000034,0.002918,-0.001015
153556090.000,ZR,non_handheld,桌面静置,recording,0.019751,0.578721,9.828624,0.000256,0.000184,0.000167
153556100.000,ZR,non_handheld,桌面静置,recording,0.008300,0.565565,9.806512,-0.000280,-0.001463,0.000438
153556110.000,ZR,non_handheld,桌面静置,recording,0.026221,0.561041,9.749571,0.000023,-0.001812,0.000471
153556120.000,ZR,non_handheld,桌面静置,recording,0.013339,0.570510,9.780410,-0.000090,0.000022,-0.000336
153556130.000,ZR,non_handheld,桌面静置,recording,0.019168,0.565874,9.810361,0.000627,0.001375,-0.000262
153556140.000,ZR,non_handheld,桌面静置,recording,0.012999,0.566048,9.833263,0.000708,0.001276,-0.000071
153556150.000,ZR,non_handheld,桌面静置,recording,0.008633,0.565150,9.794136,-0.000379,-0.001374,0.000974
153556160.000,ZR,non_handheld,桌面静置,recording,0.007962,0.567575,9.765272,0.000577,-0.001531,0.000752
153556170.000,ZR,non_handheld,桌面静置,recording,0.020674,0.566653,9.776200,-0.000322,-0.000324,0.000579
153556180.000,ZR,non_handheld,桌面静置,recording,0.016121,0.571751,9.804377,0.001022,0.001375,-0.000305
153556190.000,ZR,non_handheld,桌面静置,recording,0.012663,0.573322,9.828451,0.000362,0.001333,-0.000774
153556200.000,ZR,non_handheld,桌面静置,recording,0.017478,0.571586,9.808660,-0.000452,0.000242,0.000001
153556210.000,ZR,non_handheld,桌面静置,recording,0.009634,0.564075,9.781338,-0.000024,-0.002010,0.000553
153556220.000,ZR,non_handheld,桌面静置,recording,0.007900,0.575520,9.777615,-0.000131,-0.002189,0.000898
153556230.000,ZR,non_handheld,桌面静置,recording,0.018780,0.570023,9.805832,0.000337,0.000327,-0.000693
153556240.000,ZR,non_handheld,桌面静置,recording,0.015526,0.566377,9.801279,-0.000717,0.001654,-0.000543
153556250.000,ZR,non_handheld,桌面静置,recording,0.011981,0.565499,9.816820,0.001172,0.000696,-0.000599
153556260.000,ZR,non_handheld,桌面静置,recording,0.010393,0.568854,9.796951,0.000379,-0.001073,-0.000136
153556270.000,ZR,non_handheld,桌面静置,recording,0.014656,0.569313,9.773527,0.000392,-0.001467,0.000708
153556280.000,ZR,non_handheld,桌面静置,recording,0.022527,0.563200,9.783168,-0.000176,-0.000407,-0.000311
153556290.000,ZR,non_handheld,桌面静置,recording,0.021326,0.565994,9.810663,0.000203,0.000790,-0.000599
153556300.000,ZR,non_handheld,桌面静置,recording,0.011867,0.582447,9.812667,0.000698,0.001833,-0.000286
153556310.000,ZR,non_handheld,桌面静置,recording,0.005185,0.572124,9.796721,0.000399,0.000921,-0.001245
153556320.000,ZR,non_handheld,桌面静置,recording,0.002658,0.552168,9.781773,0.000668,-0.000070,0.000125
153556330.000,ZR,non_handheld,桌面静置,recording,0.009819,0.558113,9.784952,0.000501,-0.001452,0.000785
153556340.000,ZR,non_handheld,桌面静置,recording,0.016091,0.577544,9.806215,-0.000140,-0.000487,0.000358
153556350.000,ZR,non_handheld,桌面静置,recording,0.021847,0.574641,9.801283,0.000022,0.001920,-0.000407
153556360.000,ZR,non_handheld,桌面静置,recording,0.009332,0.572970,9.808700,0.000206,0.000744,-0.000866
153556370.000,ZR,non_handheld,桌面静置,recording,0.012898,0.565259,9.799987,0.000549,-0.000062,0.000327
153556380.000,ZR,non_handheld,桌面静置,recording,0.014904,0.559006,9.785855,-0.000177,-0.002031,0.000908
153556390.000,ZR,non_handheld,桌面静置,recording,0.027796,0.574005,9.789444,0.000798,-0.001420,0.000760
153556400.000,ZR,non_handheld,桌面静置,recording,0.014214,0.577080,9.800641,0.000525,-0.000081,-0.000073
153556410.000,ZR,non_handheld,桌面静置,recording,0.008604,0.578220,9.794505,-0.001187,0.002901,-0.000426
153556420.000,ZR,non_handheld,桌面静置,recording,0.009641,0.567480,9.806517,0.000213,0.002178,-0.000126
153556430.000,ZR,non_handheld,桌面静置,recording,0.017746,0.570488,9.796841,-0.000077,0.000419,-0.000073
153556440.000,ZR,non_handheld,桌面静置,recording,0.011662,0.565875,9.776680,0.000381,-0.002828,0.001253
153556450.000,ZR,non_handheld,桌面静置,recording,0.017127,0.569779,9.791387,0.000489,-0.001846,0.001494
153556460.000,ZR,non_handheld,桌面静置,recording,0.014835,0.572103,9.784087,0.000694,0.000231,-0.000056
153556470.000,ZR,non_handheld,桌面静置,recording,0.023004,0.576436,9.809704,-0.000241,0.003945,-0.001061
153556480.000,ZR,non_handheld,桌面静置,recording,0.011667,0.566215,9.794058,0.000790,0.002406,-0.000156
153556490.000,ZR,non_handheld,桌面静置,recording,0.005802,0.568840,9.803381,-0.000787,-0.002244,0.001275
153556500.000,ZR,non_handheld,桌面静置,recording,0.011852,0.560692,9.793201,-0.000082,-0.004776,0.000642
153556510.000,ZR,non_handheld,桌面静置,recording,0.013407,0.568576,9.800348,-0.000315,-0.000258,-0.000091
153556520.000,ZR,non_handheld,桌面静置,recording,0.022705,0.579956,9.806892,-0.000690,0.005152,-0.001362
153556530.000,ZR,non_handheld,桌面静置,recording,0.005665,0.574905,9.807938,0.000337,0.004081,-0.000352
153556540.000,ZR,non_handheld,桌面静置,recording,0.022174,0.561045,9.804175,0.000522,-0.001459,0.000910
153556550.000,ZR,non_handheld,桌面静置,recording,0.015353,0.563518,9.795722,0.001573,-0.005492,0.001359
153556560.000,ZR,non_handheld,桌面静置,recording,0.019395,0.570442,9.800768,-0.000079,-0.001636,0.000565
153556570.000,ZR,non_handheld,桌面静置,recording,0.005912,0.561603,9.804563,-0.001304,0.004896,-0.000800
153556580.000,ZR,non_handheld,桌面静置,recording,0.025984,0.579904,9.794097,-0.000259,0.005206,-0.000800
153556590.000,ZR,non_handheld,桌面静置,recording,0.009433,0.562067,9.800075,0.000354,0.000266,0.000071
153556600.000,ZR,non_handheld,桌面静置,recording,0.010651,0.565007,9.800216,-0.000169,-0.005419,0.000821
153556610.000,ZR,non_handheld,桌面静置,recording,0.015346,0.569730,9.802869,0.000786,-0.005667,0.001265
153556620.000,ZR,non_handheld,桌面静置,recording,0.021916,0.577288,9.810857,0.000702,0.000293,-0.000485
153556630.000,ZR,non_handheld,桌面静置,recording,0.026829,0.568694,9.813314,-0.000502,0.006183,-0.000473
153556640.000,ZR,non_handheld,桌面静置,recording,0.011582,0.569941,9.777675,-0.000786,0.003574,-0.001259
153556650.000,ZR,non_handheld,桌面静置,recording,0.007170,0.568771,9.771579,0.001332,-0.001468,0.000629
153556660.000,ZR,non_handheld,桌面静置,recording,0.008353,0.569797,9.799065,0.000794,-0.005706,0.001015
153556670.000,ZR,non_handheld,桌面静置,recording,0.020524,0.571547,9.808899,0.000393,-0.001697,-0.000208
153556680.000,ZR,non_handheld,桌面静置,recording,0.026491,0.576724,9.812672,-0.000466,0.002956,-0.001018
153556690.000,ZR,non_handheld,桌面静置,recording,0.020395,0.566911,9.792710,0.000025,0.003195,-0.001285
153556700.000,ZR,non_handheld,桌面静置,recording,0.013890,0.567092,9.770231,-0.000405,0.000673,-0.000552
153556710.000,ZR,non_handheld,桌面静置,recording,-0.006222,0.563548,9.790293,0.000291,-0.002595,0.000859
153556720.000,ZR,non_handheld,桌面静置,recording,0.006298,0.576123,9.803165,0.000678,-0.002188,0.000332
153556730.000,ZR,non_handheld,桌面静置,recording,0.010379,0.573341,9.813011,0.000295,-0.000001,-0.000183
153556740.000,ZR,non_handheld,桌面静置,recording,0.018025,0.560304,9.796182,0.000765,0.001883,-0.001138
153556750.000,ZR,non_handheld,桌面静置,recording,0.008893,0.576318,9.786711,0.000022,0.001337,-0.000545
153556760.000,ZR,non_handheld,桌面静置,recording,0.000339,0.568156,9.780725,0.001183,-0.000509,-0.000438
153556770.000,ZR,non_handheld,桌面静置,recording,0.005631,0.579153,9.805237,0.000646,-0.001707,0.000443
153556780.000,ZR,non_handheld,桌面静置,recording,0.022160,0.565644,9.814946,-0.000150,-0.001662,0.000435
153556790.000,ZR,non_handheld,桌面静置,recording,0.011510,0.575124,9.813036,-0.000517,0.000436,-0.000470
153556800.000,ZR,non_handheld,桌面静置,recording,0.019151,0.558835,9.768897,0.000251,0.001423,-0.000391
153556810.000,ZR,non_handheld,桌面静置,recording,0.020257,0.572399,9.774474,-0.000936,0.002067,-0.000076
153556820.000,ZR,non_handheld,桌面静置,recording,0.019117,0.574871,9.805841,0.000356,-0.000608,0.000266
153556830.000,ZR,non_handheld,桌面静置,recording,0.016534,0.565716,9.830404,0.000614,0.000362,-0.000064
153556840.000,ZR,non_handheld,桌面静置,recording,0.003307,0.568286,9.814973,0.000815,0.000211,-0.000159
153556850.000,ZR,non_handheld,桌面静置,recording,0.034472,0.557438,9.762744,0.000919,-0.001535,0.000877
153556860.000,ZR,non_handheld,桌面静置,recording,0.023234,0.569400,9.768060,0.000324,-0.002191,0.000347
153556870.000,ZR,non_handheld,桌面静置,recording,0.020586,0.576847,9.799745,-0.000389,0.001982,-0.000530
153556880.000,ZR,non_handheld,桌面静置,recording,0.006213,0.577791,9.812316,-0.000491,0.004243,-0.000873
153556890.000,ZR,non_handheld,桌面静置,recording,-0.005080,0.562911,9.817721,0.000667,0.001147,0.000002
153556900.000,ZR,non_handheld,桌面静置,recording,0.016758,0.561613,9.789633,-0.000454,-0.003029,0.000421
153556910.000,ZR,non_handheld,桌面静置,recording,0.005806,0.570671,9.792774,0.000500,-0.002675,0.000757
153556920.000,ZR,non_handheld,桌面静置,recording,0.014303,0.582770,9.791695,0.000781,0.000374,-0.000490
153556930.000,ZR,non_handheld,桌面静置,recording,0.013635,0.575814,9.788952,0.000475,0.002847,-0.000249
153556940.000,ZR,non_handheld,桌面静置,recording,0.013032,0.567606,9.807446,0.000146,0.001775,-0.000429
153556950.000,ZR,non_handheld,桌面静置,recording,0.011836,0.572024,9.798735,0.000235,-0.000304,0.000099
153556960.000,ZR,non_handheld,桌面静置,recording,0.005033,0.561980,9.801330,0.000959,-0.001898,0.000573
153556970.000,ZR,non_handheld,桌面静置,recording,0.015851,0.579441,9.784610,0.000679,-0.001085,0.000527
153556980.000,ZR,non_handheld,桌面静置,recording,0.004920,0.565617,9.807188,0.000562,0.000032,-0.000005
153556990.000,ZR,non_handheld,桌面静置,recording,0.018904,0.571216,9.807281,0.000402,0.000824,-0.000583
153557000.000,ZR,non_handheld,桌面静置,recording,0.017225,0.576070,9.801799,-0.000239,0.002469,-0.000682
153557010.000,ZR,non_handheld,桌面静置,recording,0.010869,0.570326,9.794717,-0.000376,0.000479,-0.000535
153557020.000,ZR,non_handheld,桌面静置,recording,0.006998,0.574446,9.794601,-0.000191,-0.001967,0.001151
153557030.000,ZR,non_handheld,桌面静置,recording,0.026760,0.566267,9.788604,0.000276,-0.002728,0.000908
153557040.000,ZR,non_handheld,桌面静置,recording,0.017318,0.580192,9.789010,0.000328,-0.000617,0.000713
153557050.000,ZR,non_handheld,桌面静置,recording,0.019407,0.564421,9.790116,0.000196,0.002828,-0.000819
153557060.000,ZR,non_handheld,桌面静置,recording,0.007988,0.573576,9.801229,0.000100,0.002350,-0.000491
153557070.000,ZR,non_handheld,桌面静置,recording,0.012333,0.573068,9.823758,0.000033,0.000093,-0.000321
153557080.000,ZR,non_handheld,桌面静置,recording,0.002701,0.567502,9.798773,0.000051,-0.002602,0.000726
153557090.000,ZR,non_handheld,桌面静置,recording,0.026641,0.575284,9.785038,0.000081,-0.003054,0.000641
153557100.000,ZR,non_handheld,桌面静置,recording,0.027294,0.557646,9.771359,-0.000241,-0.000539,-0.000089
153557110.000,ZR,non_handheld,桌面静置,recording,0.010330,0.580456,9.802090,0.000732,0.001578,-0.000700
153557120.000,ZR,non_handheld,桌面静置,recording,0.013852,0.569425,9.799515,0.001260,0.003111,-0.000652
153557130.000,ZR,non_handheld,桌面静置,recording,0.003288,0.572634,9.798404,-0.000199,0.000109,-0.000179
153557140.000,ZR,non_handheld,桌面静置,recording,0.016921,0.569892,9.805296,-0.000661,-0.004043,0.000450
153557150.000,ZR,non_handheld,桌面静置,recording,0.014220,0.579612,9.782827,-0.000240,-0.002585,0.000996
153557160.000,ZR,non_handheld,桌面静置,recording,0.013702,0.574404,9.797936,0.000425,0.002285,-0.000297
153557170.000,ZR,non_handheld,桌面静置,recording,0.011024,0.569342,9.802283,-0.000454,0.003904,-0.000653
153557180.000,ZR,non_handheld,桌面静置,recording,0.013191,0.576867,9.814110,0.001052,0.000438,0.000309
153557190.000,ZR,non_handheld,桌面静置,recording,0.015712,0.567275,9.798864,-0.000757,-0.004043,0.000995
153557200.000,ZR,non_handheld,桌面静置,recording,0.014080,0.581538,9.772501,0.000679,-0.003810,0.001370
153557210.000,ZR,non_handheld,桌面静置,recording,0.024284,0.577253,9.778659,0.000253,0.001838,-0.000249
153557220.000,ZR,non_handheld,桌面静置,recording,0.012121,0.580438,9.810084,-0.000924,0.004984,-0.000701
153557230.000,ZR,non_handheld,桌面静置,recording,-0.000981,0.562962,9.814892,0.000100,0.002258,-0.000284
153557240.000,ZR,non_handheld,桌面静置,recording,0.001418,0.574813,9.808687,0.000010,-0.002715,0.000839
153557250.000,ZR,non_handheld,桌面静置,recording,0.025580,0.554298,9.764895,0.000526,-0.006013,0.000998
153557260.000,ZR,non_handheld,桌面静置,recording,0.021020,0.566480,9.771020,0.000157,-0.001546,0.000976
153557270.000,ZR,non_handheld,桌面静置,recording,0.019730,0.569831,9.812175,-0.000637,0.004846,-0.000566
153557280.000,ZR,non_handheld,桌面静置,recording,-0.000259,0.572094,9.812876,-0.000643,0.005404,-0.000873
153557290.000,ZR,non_handheld,桌面静置,recording,0.018054,0.572810,9.809168,0.000122,-0.000413,0.000368
153557300.000,ZR,non_handheld,桌面静置,recording,0.000798,0.559026,9.785281,0.000078,-0.006117,0.001188
153557310.000,ZR,non_handheld,桌面静置,recording,0.035978,0.575565,9.789641,0.000226,-0.004179,0.000827
153557320.000,ZR,non_handheld,桌面静置,recording,0.025813,0.569641,9.801040,0.000123,0.002190,-0.000348
153557330.000,ZR,non_handheld,桌面静置,recording,0.033601,0.573725,9.815684,-0.001140,0.007096,-0.001173
153557340.000,ZR,non_handheld,桌面静置,recording,0.003874,0.574600,9.792538,-0.000421,0.004029,-0.000003
153557350.000,ZR,non_handheld,桌面静置,recording,0.005960,0.573235,9.787871,0.000661,-0.003212,0.000226
153557360.000,ZR,non_handheld,桌面静置,recording,0.007003,0.573050,9.793112,0.001009,-0.007414,0.001459
153557370.000,ZR,non_handheld,桌面静置,recording,0.022457,0.567032,9.792380,0.000405,-0.002451,0.000549
153557380.000,ZR,non_handheld,桌面静置,recording,0.031470,0.571458,9.812051,0.000557,0.003389,-0.000473
153557390.000,ZR,non_handheld,桌面静置,recording,0.017647,0.562108,9.808671,-0.001100,0.004741,-0.001096
153557400.000,ZR,non_handheld,桌面静置,recording,0.010070,0.574937,9.774314,-0.000137,0.000118,0.000091
153557410.000,ZR,non_handheld,桌面静置,recording,0.005642,0.569007,9.791348,0.000033,-0.003818,0.000972
153557420.000,ZR,non_handheld,桌面静置,recording,0.010703,0.573942,9.785687,0.000122,-0.002517,0.000966
153557430.000,ZR,non_handheld,桌面静置,recording,0.027566,0.574388,9.823610,-0.000712,0.000265,-0.000198
153557440.000,ZR,non_handheld,桌面静置,recording,0.022556,0.580234,9.793692,0.000112,0.001181,-0.000356
153557450.000,ZR,non_handheld,桌面静置,recording,0.019585,0.564912,9.789407,-0.000297,0.001514,-0.000350
153557460.000,ZR,non_handheld,桌面静置,recording,0.002293,0.574779,9.773790,0.000317,0.000260,-0.000632
153557470.000,ZR,non_handheld,桌面静置,recording,0.014196,0.579073,9.806855,0.000069,-0.000860,0.000140
153557480.000,ZR,non_handheld,桌面静置,recording,0.020274,0.562244,9.820064,-0.000104,-0.000870,0.000013
153557490.000,ZR,non_handheld,桌面静置,recording,0.017602,0.578526,9.806528,0.000087,0.000430,-0.000615
153557500.000,ZR,non_handheld,桌面静置,recording,0.026038,0.552087,9.783988,0.000561,0.000524,-0.000492
153557510.000,ZR,non_handheld,桌面静置,recording,0.006306,0.571102,9.779852,-0.000281,0.001228,-0.000396
153557520.000,ZR,non_handheld,桌面静置,recording,0.019985,0.574493,9.822714,0.000257,0.000021,0.000338
153557530.000,ZR,non_handheld,桌面静置,recording,0.001405,0.562652,9.804557,0.000239,-0.000181,0.000384
153557540.000,ZR,non_handheld,桌面静置,recording,0.015147,0.566237,9.791657,0.000601,-0.000193,0.000244
153557550.000,ZR,non_handheld,桌面静置,recording,0.013843,0.564970,9.776634,-0.000018,-0.000400,0.000213
153557560.000,ZR,non_handheld,桌面静置,recording,0.017388,0.574053,9.784380,-0.000086,0.000757,-0.000773
153557570.000,ZR,non_handheld,桌面静置,recording,0.008288,0.570430,9.792663,0.000068,0.000541,-0.000530
153557580.000,ZR,non_handheld,桌面静置,recording,0.020940,0.564659,9.812277,0.000357,-0.000063,-0.000559
153557590.000,ZR,non_handheld,桌面静置,recording,0.017019,0.574727,9.814907,0.001017,-0.001274,-0.000099
153557600.000,ZR,non_handheld,桌面静置,recording,0.006665,0.567868,9.787090,0.000390,-0.001444,0.000734
153557610.000,ZR,non_handheld,桌面静置,recording,0.024749,0.571550,9.773434,0.000750,0.000448,-0.000256
153557620.000,ZR,non_handheld,桌面静置,recording,0.009390,0.581757,9.778462,0.000489,0.001635,-0.001012
153557630.000,ZR,non_handheld,桌面静置,recording,0.007527,0.569048,9.801202,-0.000076,-0.000111,0.000500
153557640.000,ZR,non_handheld,桌面静置,recording,0.019079,0.575557,9.828082,0.000099,-0.000477,-0.000093
153557650.000,ZR,non_handheld,桌面静置,recording,0.001862,0.572358,9.806303,0.000378,-0.000936,-0.000163
153557660.000,ZR,non_handheld,桌面静置,recording,0.010949,0.567654,9.772751,-0.000164,0.000239,0.000169
153557670.000,ZR,non_handheld,桌面静置,recording,0.009563,0.582250,9.785639,0.000653,0.000471,-0.000146
153557680.000,ZR,non_handheld,桌面静置,recording,-0.004111,0.577324,9.788554,0.000879,0.000529,0.000058
153557690.000,ZR,non_handheld,桌面静置,recording,0.020909,0.562944,9.810619,0.000768,-0.001193,0.000855
153557700.000,ZR,non_handheld,桌面静置,recording,0.007636,0.578758,9.800325,-0.000417,-0.001518,0.000304
153557710.000,ZR,non_handheld,桌面静置,recording,0.012297,0.568017,9.804162,0.001122,-0.000580,0.000011
153557720.000,ZR,non_handheld,桌面静置,recording,0.013272,0.567432,9.796012,0.000659,0.000866,-0.000687
153557730.000,ZR,non_handheld,桌面静置,recording,0.003894,0.573965,9.802288,0.000178,0.000686,-0.000728
153557740.000,ZR,non_handheld,桌面静置,recording,0.018812,0.572716,9.785717,0.000667,0.000139,0.000216
153557750.000,ZR,non_handheld,桌面静置,recording,0.011589,0.580415,9.791296,0.001037,-0.000229,0.000415
153557760.000,ZR,non_handheld,桌面静置,recording,0.019004,0.569410,9.816478,-0.000109,-0.001578,0.001591
153557770.000,ZR,non_handheld,桌面静置,recording,0.010862,0.577220,9.788673,0.000409,-0.000183,0.000166
153557780.000,ZR,non_handheld,桌面静置,recording,0.028818,0.572558,9.789225,0.000251,0.000672,-0.000140
153557790.000,ZR,non_handheld,桌面静置,recording,0.007536,0.568661,9.776368,0.000035,0.000570,-0.000549
153557800.000,ZR,non_handheld,桌面静置,recording,0.013882,0.567056,9.798387,-0.000587,0.000610,-0.000873
153557810.000,ZR,non_handheld,桌面静置,recording,0.013623,0.574837,9.817759,0.000433,0.000623,-0.000187
153557820.000,ZR,non_handheld,桌面静置,recording,0.004436,0.571583,9.803237,-0.000454,0.000501,-0.000246
153557830.000,ZR,non_handheld,桌面静置,recording,0.020841,0.569386,9.796660,-0.000097,-0.000167,0.000423
153557840.000,ZR,non_handheld,桌面静置,recording,0.019239,0.580952,9.775562,-0.000066,-0.000813,0.000377
153557850.000,ZR,non_handheld,桌面静置,recording,0.005396,0.556568,9.795665,0.000012,0.000938,-0.000354
153557860.000,ZR,non_handheld,桌面静置,recording,0.004875,0.569255,9.792091,0.000053,0.002051,-0.001235
153557870.000,ZR,non_handheld,桌面静置,recording,0.007786,0.583701,9.829184,0.000283,0.001365,-0.000827
153557880.000,ZR,non_handheld,桌面静置,recording,0.009446,0.578350,9.801916,-0.000154,-0.001119,0.000948
153557890.000,ZR,non_handheld,桌面静置,recording,0.021668,0.565916,9.779168,0.000163,-0.003441,0.000222
153557900.000,ZR,non_handheld,桌面静置,recording,0.014400,0.575528,9.798282,-0.000316,-0.000962,-0.000009
153557910.000,ZR,non_handheld,桌面静置,recording,0.008114,0.564035,9.789336,0.000741,0.002847,-0.000440
153557920.000,ZR,non_handheld,桌面静置,recording,0.008404,0.584085,9.829581,0.000226,0.003532,-0.000867
153557930.000,ZR,non_handheld,桌面静置,recording,0.006588,0.556617,9.800485,-0.000096,-0.001848,0.000816
153557940.000,ZR,non_handheld,桌面静置,recording,0.015267,0.565611,9.778476,-0.000146,-0.004254,0.000521
153557950.000,ZR,non_handheld,桌面静置,recording,0.023912,0.576295,9.804564,0.000067,-0.002306,0.000332
153557960.000,ZR,non_handheld,桌面静置,recording,0.019302,0.550381,9.754442,0.000096,0.001830,-0.000873
153557970.000,ZR,non_handheld,桌面静置,recording,0.015257,0.593009,9.834077,-0.001578,0.005365,-0.000350
153557980.000,ZR,non_handheld,桌面静置,recording,0.007879,0.563399,9.837206,0.000733,0.001324,-0.000047
153557990.000,ZR,non_handheld,桌面静置,recording,0.001535,0.561171,9.749184,0.000949,-0.003523,0.000862
153558000.000,ZR,non_handheld,桌面静置,recording,0.029723,0.582587,9.819805,0.000682,-0.005545,0.001281
153558010.000,ZR,non_handheld,桌面静置,recording,0.010523,0.545466,9.751527,0.000460,-0.000387,-0.000237
153558020.000,ZR,non_handheld,桌面静置,recording,0.027270,0.582863,9.849526,-0.000675,0.004536,-0.001272
153558030.000,ZR,non_handheld,桌面静置,recording,-0.002575,0.577354,9.814981,0.000052,0.004414,-0.001182
153558040.000,ZR,non_handheld,桌面静置,recording,-0.000895,0.556476,9.786549,0.000522,0.000385,-0.000103
153558050.000,ZR,non_handheld,桌面静置,recording,0.005390,0.582492,9.801516,-0.000311,-0.005110,0.001444
153558060.000,ZR,non_handheld,桌面静置,recording,-0.003874,0.560366,9.742109,0.000688,-0.002835,0.000629
153558070.000,ZR,non_handheld,桌面静置,recording,0.020733,0.572933,9.823674,0.000984,0.002246,-0.000439
153558080.000,ZR,non_handheld,桌面静置,recording,0.006316,0.568803,9.834988,-0.001065,0.004240,-0.000388
153558090.000,ZR,non_handheld,桌面静置,recording,0.018228,0.577692,9.806506,0.000984,0.001558,-0.000234
153558100.000,ZR,non_handheld,桌面静置,recording,0.011471,0.577228,9.766074,-0.000009,-0.003581,0.000828
153558110.000,ZR,non_handheld,桌面静置,recording,-0.000699,0.565861,9.735383,-0.000139,-0.003266,0.000646
153558120.000,ZR,non_handheld,桌面静置,recording,0.016564,0.580530,9.821395,0.000139,0.000759,-0.000485
153558130.000,ZR,non_handheld,桌面静置,recording,0.022647,0.574623,9.831073,-0.001139,0.002967,-0.001432
153558140.000,ZR,non_handheld,桌面静置,recording,0.016898,0.569554,9.811823,-0.000767,0.001743,-0.000987
153558150.000,ZR,non_handheld,桌面静置,recording,0.013899,0.574397,9.764223,0.000409,-0.001345,-0.000392
153558160.000,ZR,non_handheld,桌面静置,recording,0.015723,0.561255,9.757550,0.000126,-0.002402,0.000193
153558170.000,ZR,non_handheld,桌面静置,recording,0.029092,0.579115,9.819526,0.000572,-0.000040,0.000011
153558180.000,ZR,non_handheld,桌面静置,recording,0.007630,0.573513,9.830039,-0.000037,0.001723,-0.001049
153558190.000,ZR,non_handheld,桌面静置,recording,0.022137,0.576598,9.821147,0.000481,0.001471,-0.000977
153558200.000,ZR,non_handheld,桌面静置,recording,0.004740,0.576228,9.761336,0.000117,-0.000146,-0.000481
153558210.000,ZR,non_handheld,桌面静置,recording,0.018146,0.571400,9.761797,0.000367,-0.002531,0.000400
153558220.000,ZR,non_handheld,桌面静置,recording,0.016957,0.578999,9.804288,0.000433,-0.000402,0.000192
153558230.000,ZR,non_handheld,桌面静置,recording,0.016924,0.558564,9.812179,-0.000178,0.000911,-0.000899
153558240.000,ZR,non_handheld,桌面静置,recording,0.018108,0.567111,9.830573,0.000302,0.000682,-0.000710
153558250.000,ZR,non_handheld,桌面静置,recording,0.009816,0.581515,9.784417,0.000099,-0.000055,-0.000342
153558260.000,ZR,non_handheld,桌面静置,recording,0.007782,0.562729,9.760334,0.000729,-0.000826,-0.000257
153558270.000,ZR,non_handheld,桌面静置,recording,0.006446,0.586555,9.783638,0.000393,0.000337,-0.001320
153558280.000,ZR,non_handheld,桌面静置,recording,0.024662,0.570544,9.823331,0.000230,0.001066,-0.000501
153558290.000,ZR,non_handheld,桌面静置,recording,0.013190,0.579013,9.816817,-0.001037,0.001569,-0.000867
153558300.000,ZR,non_handheld,桌面静置,recording,0.012097,0.573596,9.800060,0.000082,0.000632,-0.000596
153558310.000,ZR,non_handheld,桌面静置,recording,0.010208,0.564003,9.767765,0.000467,-0.000799,0.000093
153558320.000,ZR,non_handheld,桌面静置,recording,0.023649,0.584178,9.779720,-0.000064,-0.000850,-0.000149
153558330.000,ZR,non_handheld,桌面静置,recording,0.025988,0.565802,9.809946,-0.000607,0.000048,-0.000415
153558340.000,ZR,non_handheld,桌面静置,recording,0.023101,0.568538,9.810584,0.000915,0.000772,-0.000623
153558350.000,ZR,non_handheld,桌面静置,recording,0.015698,0.571737,9.809024,0.000976,0.000541,0.000201
153558360.000,ZR,non_handheld,桌面静置,recording,0.015390,0.572995,9.787457,0.000778,0.000524,0.000094
153558370.000,ZR,non_handheld,桌面静置,recording,0.002989,0.563522,9.787558,-0.000127,-0.001439,0.000382
153558380.000,ZR,non_handheld,桌面静置,recording,0.012926,0.577344,9.814215,-0.000404,-0.000535,0.000004
153558390.000,ZR,non_handheld,桌面静置,recording,0.001036,0.579101,9.817883,0.000428,-0.001472,0.000234
153558400.000,ZR,non_handheld,桌面静置,recording,0.017387,0.562472,9.797249,0.000916,0.000439,-0.000227
153558410.000,ZR,non_handheld,桌面静置,recording,0.018418,0.582058,9.800476,0.000010,0.000200,-0.000064
153558420.000,ZR,non_handheld,桌面静置,recording,0.005919,0.571757,9.790389,0.001106,0.000011,0.000306
153558430.000,ZR,non_handheld,桌面静置,recording,0.021707,0.566843,9.778476,0.001209,-0.001131,0.000368
153558440.000,ZR,non_handheld,桌面静置,recording,0.026925,0.559053,9.788502,0.000935,-0.000923,0.000629
153558450.000,ZR,non_handheld,桌面静置,recording,0.011199,0.577471,9.813403,-0.000482,0.000439,-0.000118
153558460.000,ZR,non_handheld,桌面静置,recording,0.024603,0.578983,9.812619,0.000306,0.000968,-0.000823
153558470.000,ZR,non_handheld,桌面静置,recording,0.009020,0.568293,9.794028,0.000284,0.000681,-0.000441
153558480.000,ZR,non_handheld,桌面静置,recording,0.014047,0.566880,9.779552,0.000720,-0.000870,-0.000085
153558490.000,ZR,non_handheld,桌面静置,recording,0.028288,0.569061,9.803530,0.000379,-0.000501,0.000409
153558500.000,ZR,non_handheld,桌面静置,recording,0.016772,0.584874,9.807581,0.000072,0.001436,-0.000317
153558510.000,ZR,non_handheld,桌面静置,recording,0.018574,0.579488,9.808303,-0.000007,0.003090,-0.000503
153558520.000,ZR,non_handheld,桌面静置,recording,0.003336,0.580874,9.790256,0.000426,0.001213,-0.000481
153558530.000,ZR,non_handheld,桌面静置,recording,0.011398,0.574766,9.785759,0.000189,-0.001548,0.000499
153558540.000,ZR,non_handheld,桌面静置,recording,0.018877,0.569997,9.790361,0.000851,-0.004212,0.000281
153558550.000,ZR,non_handheld,桌面静置,recording,0.016343,0.567676,9.784041,0.000312,-0.000193,-0.000689
153558560.000,ZR,non_handheld,桌面静置,recording,0.022488,0.583483,9.807085,0.000038,0.002714,-0.001176
153558570.000,ZR,non_handheld,桌面静置,recording,0.006082,0.579182,9.822909,-0.000998,0.002310,-0.000895
153558580.000,ZR,non_handheld,桌面静置,recording,0.015605,0.571432,9.797921,-0.000337,-0.001636,0.000096
153558590.000,ZR,non_handheld,桌面静置,recording,0.021172,0.571772,9.772672,-0.000275,-0.004845,0.001166
153558600.000,ZR,non_handheld,桌面静置,recording,0.026442,0.564823,9.787067,0.000050,-0.001877,0.000033
153558610.000,ZR,non_handheld,桌面静置,recording,0.021663,0.567169,9.813664,0.000425,0.004838,-0.000712
153558620.000,ZR,non_handheld,桌面静置,recording,0.014969,0.579510,9.819076,-0.001167,0.005282,-0.000520
153558630.000,ZR,non_handheld,桌面静置,recording,0.007777,0.573380,9.796462,0.000492,0.000254,0.000069
153558640.000,ZR,non_handheld,桌面静置,recording,0.008486,0.575745,9.788076,0.000074,-0.006710,0.000683
153558650.000,ZR,non_handheld,桌面静置,recording,0.035822,0.560063,9.783818,-0.000039,-0.004572,0.000844
153558660.000,ZR,non_handheld,桌面静置,recording,0.028615,0.572468,9.816597,-0.000116,0.002271,-0.000125
153558670.000,ZR,non_handheld,桌面静置,recording,0.013999,0.580642,9.811559,-0.000404,0.008250,-0.000453
153558680.000,ZR,non_handheld,桌面静置,recording,0.002907,0.567658,9.802160,-0.000602,0.003175,0.000044
153558690.000,ZR,non_handheld,桌面静置,recording,0.001687,0.567140,9.767307,0.000956,-0.005904,0.001402
153558700.000,ZR,non_handheld,桌面静置,recording,0.021619,0.575116,9.783948,0.000209,-0.008889,0.001536
153558710.000,ZR,non_handheld,桌面静置,recording,0.029020,0.573392,9.812938,0.000802,-0.001447,-0.000067
153558720.000,ZR,non_handheld,桌面静置,recording,0.028505,0.579565,9.809558,-0.001103,0.006248,-0.001239
153558730.000,ZR,non_handheld,桌面静置,recording,0.016183,0.564940,9.815645,-0.001298,0.007049,-0.000908
153558740.000,ZR,non_handheld,桌面静置,recording,0.013946,0.573695,9.784523,0.000249,-0.000911,0.000242
153558750.000,ZR,non_handheld,桌面静置,recording,0.002512,0.564674,9.775077,0.000684,-0.006856,0.001341
153558760.000,ZR,non_handheld,桌面静置,recording,0.026984,0.578250,9.795200,0.000117,-0.004102,0.000731
153558770.000,ZR,non_handheld,桌面静置,recording,0.032841,0.573619,9.835022,0.000428,0.002041,-0.000629
153558780.000,ZR,non_handheld,桌面静置,recording,0.017438,0.571886,9.820899,-0.001309,0.004672,-0.000895
153558790.000,ZR,non_handheld,桌面静置,recording,0.021198,0.567231,9.783191,0.000078,0.001272,-0.000673
153558800.000,ZR,non_handheld,桌面静置,recording,-0.000512,0.563023,9.767085,-0.000010,-0.002597,0.000203
153558810.000,ZR,non_handheld,桌面静置,recording,0.010945,0.571622,9.785542,0.000313,-0.004730,0.000686
153558820.000,ZR,non_handheld,桌面静置,recording,0.020524,0.568866,9.829212,0.001189,-0.001114,-0.000051
153558830.000,ZR,non_handheld,桌面静置,recording,0.019434,0.574968,9.821939,-0.000742,0.002326,-0.001054
153558840.000,ZR,non_handheld,桌面静置,recording,0.018964,0.563741,9.777071,-0.001411,0.002680,-0.000461
153558850.000,ZR,non_handheld,桌面静置,recording,0.000772,0.568828,9.760964,-0.000327,-0.000076,-0.000084
153558860.000,ZR,non_handheld,桌面静置,recording,0.016268,0.579300,9.794497,0.000865,-0.001776,0.000682
153558870.000,ZR,non_handheld,桌面静置,recording,0.022745,0.578625,9.817770,0.000689,-0.001801,0.001009
153558880.000,ZR,non_handheld,桌面静置,recording,0.018465,0.559646,9.829818,-0.000285,0.000131,-0.000262
153558890.000,ZR,non_handheld,桌面静置,recording,0.023162,0.573731,9.797815,-0.000229,0.000755,-0.000591
153558900.000,ZR,non_handheld,桌面静置,recording,0.011611,0.561329,9.777739,0.000795,0.000561,0.000129
153558910.000,ZR,non_handheld,桌面静置,recording,0.013063,0.562680,9.771801,0.000234,0.000546,-0.000240
153558920.000,ZR,non_handheld,桌面静置,recording,0.014256,0.572075,9.801757,-0.000500,-0.000443,0.000288
153558930.000,ZR,non_handheld,桌面静置,recording,0.015247,0.567189,9.834218,0.000466,-0.001142,0.001333
153558940.000,ZR,non_handheld,桌面静置,recording,0.014630,0.576923,9.809933,0.000053,-0.000619,0.001113
153558950.000,ZR,non_handheld,桌面静置,recording,0.009793,0.561155,9.774145,-0.000866,0.000365,-0.000218
153558960.000,ZR,non_handheld,桌面静置,recording,0.004883,0.574999,9.760209,0.000409,0.000906,-0.000592
153558970.000,ZR,non_handheld,桌面静置,recording,0.024511,0.575192,9.786971,-0.000562,-0.000250,0.000129
153558980.000,ZR,non_handheld,桌面静置,recording,0.018159,0.570567,9.827837,0.000796,-0.001472,0.000459
153558990.000,ZR,non_handheld,桌面静置,recording,0.014723,0.568003,9.814412,-0.000276,-0.001164,0.001730
153559000.000,ZR,non_handheld,桌面静置,recording,0.020573,0.558310,9.784536,0.000796,0.000344,-0.000394
153559010.000,ZR,non_handheld,桌面静置,recording,0.011084,0.578047,9.774380,-0.000173,0.001124,-0.000851
153559020.000,ZR,non_handheld,桌面静置,recording,0.005238,0.580067,9.792324,0.000278,0.000712,-0.000174
153559030.000,ZR,non_handheld,桌面静置,recording,0.009891,0.568859,9.811017,-0.000348,-0.000904,0.000837
153559040.000,ZR,non_handheld,桌面静置,recording,0.013466,0.572099,9.809417,0.000471,-0.001425,0.000439
153559050.000,ZR,non_handheld,桌面静置,recording,0.025970,0.573505,9.793407,0.000473,-0.000595,-0.000251
153559060.000,ZR,non_handheld,桌面静置,recording,0.027945,0.565470,9.788555,0.000598,0.001524,-0.000216
153559070.000,ZR,non_handheld,桌面静置,recording,0.005173,0.573431,9.791898,-0.001023,0.002786,-0.000313
153559080.000,ZR,non_handheld,桌面静置,recording,0.003618,0.565601,9.793257,0.000096,0.000458,-0.001284
153559090.000,ZR,non_handheld,桌面静置,recording,0.014095,0.576680,9.800594,0.000660,-0.002157,0.000593
153559100.000,ZR,non_handheld,桌面静置,recording,0.006899,0.569189,9.798734,0.000087,-0.002666,0.001269
153559110.000,ZR,non_handheld,桌面静置,recording,0.010374,0.567737,9.795050,0.000885,0.000291,-0.000506
153559120.000,ZR,non_handheld,桌面静置,recording,0.016100,0.575524,9.786635,0.000860,0.001828,-0.000571
153559130.000,ZR,non_handheld,桌面静置,recording,0.017334,0.554516,9.794229,-0.000921,0.000820,-0.000497
153559140.000,ZR,non_handheld,桌面静置,recording,0.012606,0.566566,9.807286,0.000646,-0.001117,0.000698
153559150.000,ZR,non_handheld,桌面静置,recording,0.003509,0.569280,9.805849,0.000559,-0.001531,0.000397
153559160.000,ZR,non_handheld,桌面静置,recording,0.012763,0.574068,9.791974,-0.000166,0.000258,-0.000769
153559170.000,ZR,non_handheld,桌面静置,recording,0.016078,0.562609,9.798160,-0.000139,0.000458,-0.000170
153559180.000,ZR,non_handheld,桌面静置,recording,0.013271,0.571392,9.793832,-0.000279,0.000258,-0.000135
153559190.000,ZR,non_handheld,桌面静置,recording,0.023386,0.561137,9.784325,0.000384,0.000537,-0.000432
153559200.000,ZR,non_handheld,桌面静置,recording,0.010042,0.579191,9.804177,0.000291,0.000324,-0.000416
153559210.000,ZR,non_handheld,桌面静置,recording,0.012188,0.571389,9.783026,-0.000400,0.000606,-0.000009
153559220.000,ZR,non_handheld,桌面静置,recording,0.015827,0.575167,9.809267,0.001635,-0.001566,0.000927
153559230.000,ZR,non_handheld,桌面静置,recording,0.018877,0.568406,9.798359,0.000945,-0.001520,0.000512
153559240.000,ZR,non_handheld,桌面静置,recording,0.022999,0.571915,9.786989,-0.000281,0.000406,-0.000638
153559250.000,ZR,non_handheld,桌面静置,recording,0.001856,0.567144,9.792096,0.000511,0.000555,-0.000158
153559260.000,ZR,non_handheld,桌面静置,recording,0.025077,0.567627,9.812411,0.000000,0.000901,-0.001115
153559270.000,ZR,non_handheld,桌面静置,recording,0.006162,0.574565,9.809968,0.000036,0.000105,-0.000244
153559280.000,ZR,non_handheld,桌面静置,recording,0.006890,0.569017,9.801996,-0.000351,-0.001481,0.000513
153559290.000,ZR,non_handheld,桌面静置,recording,0.027711,0.576111,9.784163,0.000017,-0.002041,0.000722
153559300.000,ZR,non_handheld,桌面静置,recording,0.016796,0.570826,9.771251,0.000875,-0.000590,-0.000409
153559310.000,ZR,non_handheld,桌面静置,recording,0.029902,0.574697,9.811126,-0.000702,0.002721,-0.000413
153559320.000,ZR,non_handheld,桌面静置,recording,0.007543,0.583763,9.797687,0.000212,0.004097,-0.000504
153559330.000,ZR,non_handheld,桌面静置,recording,0.002468,0.564790,9.796985,0.001230,0.000982,-0.000209
153559340.000,ZR,non_handheld,桌面静置,recording,0.011615,0.571019,9.802120,0.000289,-0.004242,0.000964
153559350.000,ZR,non_handheld,桌面静置,recording,0.028461,0.574261,9.785709,0.000462,-0.004611,0.001115
153559360.000,ZR,non_handheld,桌面静置,recording,0.025715,0.576375,9.784857,0.000171,0.002296,-0.000244
153559370.000,ZR,non_handheld,桌面静置,recording,0.017592,0.569258,9.796130,-0.000628,0.006779,-0.000847
153559380.000,ZR,non_handheld,桌面静置,recording,0.005294,0.573440,9.816184,-0.000775,0.002488,-0.000175
153559390.000,ZR,non_handheld,桌面静置,recording,0.009178,0.567590,9.797963,-0.000121,-0.003463,0.000500
153559400.000,ZR,non_handheld,桌面静置,recording,0.012059,0.564749,9.770331,0.000138,-0.005388,0.000483
153559410.000,ZR,non_handheld,桌面静置,recording,0.020845,0.567086,9.784333,0.000429,-0.001139,-0.000360
153559420.000,ZR,non_handheld,桌面静置,recording,0.021987,0.565893,9.809955,-0.000900,0.004837,-0.000354
153559430.000,ZR,non_handheld,桌面静置,recording,0.014953,0.570632,9.818358,-0.000207,0.003708,-0.000532
153559440.000,ZR,non_handheld,桌面静置,recording,-0.002854,0.572423,9.787609,0.000717,0.000259,-0.000009
153559450.000,ZR,non_handheld,桌面静置,recording,0.001867,0.564723,9.767347,-0.000440,-0.005201,0.000555
153559460.000,ZR,non_handheld,桌面静置,recording,0.025646,0.566009,9.769963,-0.000297,-0.006187,0.001084
153559470.000,ZR,non_handheld,桌面静置,recording,0.024838,0.571801,9.801654,0.000292,0.001071,-0.000176
153559480.000,ZR,non_handheld,桌面静置,recording,0.020441,0.573587,9.818579,-0.000831,0.005949,-0.000847
153559490.000,ZR,non_handheld,桌面静置,recording,0.009051,0.576398,9.796299,-0.001708,0.004093,-0.000594
153559500.000,ZR,non_handheld,桌面静置,recording,0.006461,0.562813,9.766065,0.000305,-0.002778,0.000831
153559510.000,ZR,non_handheld,桌面静置,recording,0.005134,0.556393,9.772168,0.000069,-0.005421,0.001146
153559520.000,ZR,non_handheld,桌面静置,recording,0.021447,0.581310,9.790734,0.000491,-0.002431,0.000932
153559530.000,ZR,non_handheld,桌面静置,recording,0.024519,0.576505,9.829525,-0.000982,0.004889,-0.000658
153559540.000,ZR,non_handheld,桌面静置,recording,0.003635,0.572360,9.831100,-0.001672,0.004867,-0.000787
153559550.000,ZR,non_handheld,桌面静置,recording,0.012261,0.568916,9.773016,0.000216,-0.000091,-0.000219
153559560.000,ZR,non_handheld,桌面静置,recording,0.012246,0.562748,9.760643,0.000366,-0.003782,0.001382
153559570.000,ZR,non_handheld,桌面静置,recording,0.019689,0.576167,9.801311,0.001031,-0.002373,0.001404
153559580.000,ZR,non_handheld,桌面静置,recording,0.016336,0.570904,9.814357,-0.000999,0.002332,-0.000429
153559590.000,ZR,non_handheld,桌面静置,recording,0.026787,0.581806,9.831476,-0.000863,0.004446,-0.000748
153559600.000,ZR,non_handheld,桌面静置,recording,0.015363,0.565160,9.788450,-0.000416,0.001507,-0.000518
153559610.000,ZR,non_handheld,桌面静置,recording,-0.000491,0.552059,9.756807,0.000362,-0.002342,0.001194
153559620.000,ZR,non_handheld,桌面静置,recording,0.027681,0.568688,9.786068,0.000281,-0.001786,0.000396
153559630.000,ZR,non_handheld,桌面静置,recording,0.001846,0.576131,9.801609,-0.000014,-0.000650,-0.000014
153559640.000,ZR,non_handheld,桌面静置,recording,0.018759,0.578044,9.831302,-0.001121,0.002438,-0.000975
153559650.000,ZR,non_handheld,桌面静置,recording,0.020411,0.562150,9.799318,-0.000948,0.002857,-0.000873
153559660.000,ZR,non_handheld,桌面静置,recording,0.005013,0.576166,9.765929,0.000580,-0.000113,-0.000222
153559670.000,ZR,non_handheld,桌面静置,recording,0.005576,0.566402,9.777445,0.000640,-0.002112,0.000669
153559680.000,ZR,non_handheld,桌面静置,recording,0.017658,0.576452,9.802544,0.000135,-0.002289,0.000694
153559690.000,ZR,non_handheld,桌面静置,recording,0.027093,0.564745,9.820480,0.000470,0.000004,-0.000706
153559700.000,ZR,non_handheld,桌面静置,recording,0.011165,0.564207,9.803757,0.000217,0.001152,-0.000956
153559710.000,ZR,non_handheld,桌面静置,recording,0.002721,0.560530,9.788080,0.000178,0.001132,-0.000666
153559720.000,ZR,non_handheld,桌面静置,recording,0.007605,0.563865,9.780338,0.000451,0.000143,-0.000558
153559730.000,ZR,non_handheld,桌面静置,recording,0.011015,0.566696,9.774210,-0.000205,-0.001232,0.000059
153559740.000,ZR,non_handheld,桌面静置,recording,0.023179,0.570608,9.819576,-0.001363,-0.000752,0.000904
153559750.000,ZR,non_handheld,桌面静置,recording,0.023293,0.579087,9.815697,0.000074,-0.000088,-0.000469
153559760.000,ZR,non_handheld,桌面静置,recording,0.023968,0.567278,9.796551,-0.000819,0.000520,-0.000855
153559770.000,ZR,non_handheld,桌面静置,recording,0.010636,0.558200,9.777716,-0.000268,0.000686,-0.001017
153559780.000,ZR,non_handheld,桌面静置,recording,0.026169,0.585023,9.785394,-0.000522,0.000092,-0.000364
153559790.000,ZR,non_handheld,桌面静置,recording,0.005886,0.563790,9.814472,0.000517,-0.001358,-0.000202
153559800.000,ZR,non_handheld,桌面静置,recording,0.009386,0.571924,9.806330,0.000156,-0.000374,0.000459
153559810.000,ZR,non_handheld,桌面静置,recording,0.006151,0.577054,9.789338,0.000262,0.000669,-0.000746
153559820.000,ZR,non_handheld,桌面静置,recording,0.007366,0.556192,9.800256,-0.000565,0.001000,-0.001144
153559830.000,ZR,non_handheld,桌面静置,recording,0.016958,0.571682,9.793388,0.000682,0.000328,-0.000341
153559840.000,ZR,non_handheld,桌面静置,recording,0.010217,0.571148,9.792391,0.000384,-0.001487,0.000397
153559850.000,ZR,non_handheld,桌面静置,recording,0.024777,0.572553,9.783016,0.000666,-0.000727,-0.000577
153559860.000,ZR,non_handheld,桌面静置,recording,0.023524,0.565710,9.788875,0.000083,0.000708,-0.000201
153559870.000,ZR,non_handheld,桌面静置,recording,0.008117,0.569334,9.797148,0.000124,0.001697,-0.000813
153559880.000,ZR,non_handheld,桌面静置,recording,0.017425,0.575685,9.806575,0.000242,-0.000059,-0.000722
153559890.000,ZR,non_handheld,桌面静置,recording,-0.001936,0.574747,9.801411,-0.000193,-0.000709,0.001135
153559900.000,ZR,non_handheld,桌面静置,recording,0.009427,0.563494,9.790986,0.000186,-0.001923,0.001234
153559910.000,ZR,non_handheld,桌面静置,recording,0.020746,0.576416,9.793240,-0.000649,0.000415,-0.000135
153559920.000,ZR,non_handheld,桌面静置,recording,0.018112,0.577546,9.817647,0.000327,0.001025,-0.000872
153559930.000,ZR,non_handheld,桌面静置,recording,0.012765,0.569303,9.807832,-0.000077,0.000980,-0.000561
153559940.000,ZR,non_handheld,桌面静置,recording,0.007163,0.576573,9.781475,-0.000064,-0.001085,0.000690
153559950.000,ZR,non_handheld,桌面静置,recording,0.018014,0.568675,9.779865,0.000820,-0.000427,0.000175
153559960.000,ZR,non_handheld,桌面静置,recording,0.026066,0.571905,9.803691,-0.000266,-0.000410,0.000752
153559970.000,ZR,non_handheld,桌面静置,recording,0.002092,0.573817,9.804325,-0.001346,0.003040,-0.000810
153559980.000,ZR,non_handheld,桌面静置,recording,0.027709,0.571917,9.785784,0.001085,0.001353,-0.000873
153559990.000,ZR,non_handheld,桌面静置,recording,0.021557,0.564875,9.803832,-0.000056,-0.001786,0.000502
153560000.000,ZR,non_handheld,桌面静置,recording,0.028018,0.566758,9.792499,0.000579,-0.002891,0.001065
153560010.000,ZR,non_handheld,桌面静置,recording,0.023017,0.569318,9.790797,0.000681,0.000362,-0.001427
153560020.000,ZR,non_handheld,桌面静置,recording,0.011583,0.570394,9.799521,-0.001071,0.004387,-0.001340
153560030.000,ZR,non_handheld,桌面静置,recording,0.005669,0.575431,9.802169,-0.000936,0.002905,-0.000471
153560040.000,ZR,non_handheld,桌面静置,recording,0.003601,0.580634,9.803427,-0.000244,-0.002922,0.001009
153560050.000,ZR,non_handheld,桌面静置,recording,0.018693,0.559902,9.792652,0.000286,-0.005149,0.001470
153560060.000,ZR,non_handheld,桌面静置,recording,0.018596,0.563612,9.781175,-0.000025,-0.001168,-0.000248
153560070.000,ZR,non_handheld,桌面静置,recording,0.017621,0.567573,9.809898,-0.001205,0.003468,-0.000852
153560080.000,ZR,non_handheld,桌面静置,recording,0.013810,0.562553,9.822461,-0.001290,0.005584,-0.000450
153560090.000,ZR,non_handheld,桌面静置,recording,-0.000295,0.562976,9.811993,-0.000286,0.001048,-0.000613
153560100.000,ZR,non_handheld,桌面静置,recording,0.006551,0.560750,9.778174,0.000362,-0.005714,0.001449
153560110.000,ZR,non_handheld,桌面静置,recording,0.017984,0.564417,9.785623,-0.000014,-0.005395,0.000474
153560120.000,ZR,non_handheld,桌面静置,recording,0.029617,0.573311,9.815830,0.000174,0.000504,-0.000283
153560130.000,ZR,non_handheld,桌面静置,recording,0.019978,0.575469,9.806748,-0.001412,0.006379,-0.000894
153560140.000,ZR,non_handheld,桌面静置,recording,0.001007,0.567872,9.800738,0.000052,0.003252,-0.000481
153560150.000,ZR,non_handheld,桌面静置,recording,0.000190,0.569089,9.784463,-0.000316,-0.002640,0.000470
153560160.000,ZR,non_handheld,桌面静置,recording,0.013231,0.567860,9.791443,-0.000010,-0.005554,0.000960
153560170.000,ZR,non_handheld,桌面静置,recording,0.018327,0.577260,9.796473,0.000350,-0.001957,-0.000196
153560180.000,ZR,non_handheld,桌面静置,recording,0.017034,0.574491,9.816832,0.000048,0.002468,-0.000398
153560190.000,ZR,non_handheld,桌面静置,recording,0.011894,0.572765,9.804009,-0.000649,0.005129,-0.001018
153560200.000,ZR,non_handheld,桌面静置,recording,0.006048,0.569873,9.796858,0.000155,0.000598,-0.000449
153560210.000,ZR,non_handheld,桌面静置,recording,0.009915,0.570339,9.773765,-0.000545,-0.003504,0.000302
153560220.000,ZR,non_handheld,桌面静置,recording,0.008507,0.572995,9.793177,0.000629,-0.003024,0.000942
153560230.000,ZR,non_handheld,桌面静置,recording,0.027556,0.577102,9.824702,0.000315,0.000269,-0.000091
153560240.000,ZR,non_handheld,桌面静置,recording,0.030900,0.569076,9.817990,0.000075,0.002424,-0.000849
153560250.000,ZR,non_handheld,桌面静置,recording,0.014621,0.567309,9.777561,0.000799,0.000665,-0.000632
153560260.000,ZR,non_handheld,桌面静置,recording,0.012858,0.561572,9.760795,0.000434,0.000303,-0.000207
153560270.000,ZR,non_handheld,桌面静置,recording,0.014786,0.578218,9.794035,0.000459,-0.001274,0.000269
153560280.000,ZR,non_handheld,桌面静置,recording,0.014796,0.574158,9.813534,-0.000680,-0.000864,-0.000113
153560290.000,ZR,non_handheld,桌面静置,recording,0.021512,0.568904,9.815579,-0.000321,0.000231,-0.000196
153560300.000,ZR,non_handheld,桌面静置,recording,0.024358,0.567258,9.793474,0.000334,0.001255,-0.000442
153560310.000,ZR,non_handheld,桌面静置,recording,0.008129,0.565403,9.770855,-0.001198,0.000524,-0.000749
153560320.000,ZR,non_handheld,桌面静置,recording,0.016014,0.565355,9.794954,0.000331,-0.000740,0.000270
153560330.000,ZR,non_handheld,桌面静置,recording,0.022160,0.570668,9.813365,0.000216,-0.000353,-0.000309
153560340.000,ZR,non_handheld,桌面静置,recording,0.002287,0.577534,9.817116,-0.000401,0.000393,-0.000486
153560350.000,ZR,non_handheld,桌面静置,recording,0.028655,0.571377,9.793505,0.000753,0.000784,-0.000179
153560360.000,ZR,non_handheld,桌面静置,recording,0.003593,0.567943,9.766417,0.000311,0.001312,-0.001112
153560370.000,ZR,non_handheld,桌面静置,recording,0.014254,0.568904,9.781250,0.000251,0.000501,-0.000287
153560380.000,ZR,non_handheld,桌面静置,recording,0.014915,0.571855,9.806770,0.000312,-0.001027,0.000579
153560390.000,ZR,non_handheld,桌面静置,recording,0.019015,0.565556,9.816664,0.000129,-0.002880,0.000698
153560400.000,ZR,non_handheld,桌面静置,recording,0.013734,0.577323,9.803646,-0.000053,0.000256,-0.000302
153560410.000,ZR,non_handheld,桌面静置,recording,0.021127,0.579938,9.784016,0.000003,0.001619,-0.000852
153560420.000,ZR,non_handheld,桌面静置,recording,0.015744,0.563055,9.767952,0.000270,0.001457,-0.000629
153560430.000,ZR,non_handheld,桌面静置,recording,0.010987,0.563706,9.779342,-0.000649,-0.000340,0.000572
153560440.000,ZR,non_handheld,桌面静置,recording,0.012760,0.581071,9.812633,0.000803,-0.002252,0.001169
153560450.000,ZR,non_handheld,桌面静置,recording,0.022582,0.577568,9.816879,-0.000279,-0.001600,0.000496
153560460.000,ZR,non_handheld,桌面静置,recording,0.026205,0.575528,9.799769,-0.000729,0.001330,-0.000101
153560470.000,ZR,non_handheld,桌面静置,recording,0.013486,0.562176,9.763061,0.000170,0.001727,-0.000835
153560480.000,ZR,non_handheld,桌面静置,recording,0.025061,0.568323,9.788787,0.000072,0.000375,0.000213
153560490.000,ZR,non_handheld,桌面静置,recording,0.017608,0.571926,9.812258,-0.001275,-0.002232,0.000823
153560500.000,ZR,non_handheld,桌面静置,recording,0.013722,0.575957,9.807152,0.000295,-0.001520,0.000656
153560510.000,ZR,non_handheld,桌面静置,recording,0.014319,0.572344,9.801036,0.000231,0.000724,0.000147
153560520.000,ZR,non_handheld,桌面静置,recording,0.025017,0.569906,9.784446,-0.000526,0.001009,-0.000551
153560530.000,ZR,non_handheld,桌面静置,recording,0.008710,0.568904,9.770680,0.000798,0.000623,-0.000002
153560540.000,ZR,non_handheld,桌面静置,recording,0.009628,0.565876,9.791165,-0.000058,-0.000786,-0.000159
153560550.000,ZR,non_handheld,桌面静置,recording,0.015846,0.578062,9.803368,0.000111,-0.000624,-0.000405
153560560.000,ZR,non_handheld,桌面静置,recording,0.012390,0.580204,9.820359,-0.000628,0.000439,-0.000587
153560570.000,ZR,non_handheld,桌面静置,recording,0.019269,0.565586,9.804324,0.000006,0.001172,0.000039
153560580.000,ZR,non_handheld,桌面静置,recording,0.018761,0.569657,9.777866,0.000516,0.000134,0.000072
153560590.000,ZR,non_handheld,桌面静置,recording,0.014398,0.567804,9.779867,-0.000121,-0.000586,0.000580
153560600.000,ZR,non_handheld,桌面静置,recording,0.020529,0.564821,9.790720,0.000559,0.000317,-0.000507
153560610.000,ZR,non_handheld,桌面静置,recording,0.016886,0.582485,9.817385,0.000054,0.000681,-0.000585
153560620.000,ZR,non_handheld,桌面静置,recording,0.019491,0.580811,9.824585,-0.000751,0.000017,0.000093
153560630.000,ZR,non_handheld,桌面静置,recording,0.011264,0.565479,9.770198,-0.000160,-0.001239,0.000436
153560640.000,ZR,non_handheld,桌面静置,recording,0.006273,0.572210,9.787596,0.000399,-0.000864,-0.000105
153560650.000,ZR,non_handheld,桌面静置,recording,0.020618,0.574687,9.793813,0.000661,0.000497,-0.001449
153560660.000,ZR,non_handheld,桌面静置,recording,0.013229,0.579929,9.818061,0.000332,0.000681,-0.000224
153560670.000,ZR,non_handheld,桌面静置,recording,0.000766,0.566254,9.798852,0.000034,0.000948,-0.000422
153560680.000,ZR,non_handheld,桌面静置,recording,0.026685,0.566619,9.798686,-0.000438,-0.001040,0.000336
153560690.000,ZR,non_handheld,桌面静置,recording,0.011001,0.572448,9.772304,0.000396,-0.002082,0.000355
153560700.000,ZR,non_handheld,桌面静置,recording,0.028411,0.568322,9.779777,-0.000516,0.000467,-0.001043
153560710.000,ZR,non_handheld,桌面静置,recording,0.014943,0.558312,9.805600,-0.001835,0.003076,-0.000910
153560720.000,ZR,non_handheld,桌面静置,recording,0.011672,0.572630,9.811463,0.000432,0.001126,-0.000196
153560730.000,ZR,non_handheld,桌面静置,recording,0.017694,0.568838,9.789241,0.000107,-0.001566,0.001620
153560740.000,ZR,non_handheld,桌面静置,recording,0.013913,0.575223,9.784151,0.000321,-0.003428,0.001105
153560750.000,ZR,non_handheld,桌面静置,recording,0.018408,0.568592,9.777737,0.000562,-0.001126,-0.000169
153560760.000,ZR,non_handheld,桌面静置,recording,0.019012,0.585623,9.802853,-0.000006,0.002910,-0.000839
153560770.000,ZR,non_handheld,桌面静置,recording,0.008532,0.585826,9.814830,-0.002036,0.004183,-0.000707
153560780.000,ZR,non_handheld,桌面静置,recording,0.002248,0.559970,9.802954,-0.000612,0.000693,-0.000522
153560790.000,ZR,non_handheld,桌面静置,recording,0.007154,0.569511,9.786551,0.000322,-0.004214,0.000511
153560800.000,ZR,non_handheld,桌面静置,recording,0.010316,0.575239,9.783570,-0.001146,-0.003973,0.001013
153560810.000,ZR,non_handheld,桌面静置,recording,0.028096,0.562797,9.799734,-0.000596,0.000277,-0.000285
153560820.000,ZR,non_handheld,桌面静置,recording,0.010407,0.585952,9.820764,-0.000440,0.004286,-0.000830
153560830.000,ZR,non_handheld,桌面静置,recording,0.012591,0.568104,9.803849,0.000754,0.003507,-0.001302
153560840.000,ZR,non_handheld,桌面静置,recording,0.007379,0.568918,9.781431,0.000639,-0.001770,0.000052
153560850.000,ZR,non_handheld,桌面静置,recording,0.005241,0.574125,9.778276,0.000184,-0.005340,0.001410
153560860.000,ZR,non_handheld,桌面静置,recording,0.017845,0.568264,9.795306,-0.000078,-0.002089,0.000963
153560870.000,ZR,non_handheld,桌面静置,recording,0.021286,0.582127,9.808011,-0.000686,0.002746,-0.000712
153560880.000,ZR,non_handheld,桌面静置,recording,0.014593,0.575593,9.813879,-0.000078,0.004169,-0.001300
153560890.000,ZR,non_handheld,桌面静置,recording,0.013933,0.568129,9.790301,-0.000978,0.000750,0.000050
153560900.000,ZR,non_handheld,桌面静置,recording,0.004357,0.562607,9.767648,0.000280,-0.003828,0.000581
153560910.000,ZR,non_handheld,桌面静置,recording,0.024548,0.566567,9.793821,-0.000189,-0.003468,0.000882
153560920.000,ZR,non_handheld,桌面静置,recording,0.019609,0.580234,9.808270,-0.000539,0.000509,-0.000064
153560930.000,ZR,non_handheld,桌面静置,recording,0.017893,0.573189,9.808743,-0.000465,0.003348,-0.000835
153560940.000,ZR,non_handheld,桌面静置,recording,0.000522,0.569676,9.768906,-0.000396,0.001892,-0.000612
153560950.000,ZR,non_handheld,桌面静置,recording,0.003199,0.565934,9.793013,0.000085,-0.001019,0.000073
153560960.000,ZR,non_handheld,桌面静置,recording,0.016293,0.575023,9.783357,0.001279,-0.003532,0.000521
153560970.000,ZR,non_handheld,桌面静置,recording,0.017233,0.581321,9.816863,0.000043,-0.002346,0.001083
153560980.000,ZR,non_handheld,桌面静置,recording,0.032574,0.565172,9.811040,0.000286,0.001265,-0.001366
153560990.000,ZR,non_handheld,桌面静置,recording,0.019972,0.568687,9.778499,-0.000182,0.002616,-0.000893
153561000.000,ZR,non_handheld,桌面静置,recording,0.007043,0.577207,9.771153,0.000620,0.000979,-0.000873
153561010.000,ZR,non_handheld,桌面静置,recording,0.015140,0.562248,9.794630,0.000399,-0.002072,0.000392
153561020.000,ZR,non_handheld,桌面静置,recording,0.014702,0.582778,9.811684,-0.000215,-0.003898,0.001015
153561030.000,ZR,non_handheld,桌面静置,recording,0.018455,0.567968,9.812108,-0.000194,-0.000675,0.000395
153561040.000,ZR,non_handheld,桌面静置,recording,0.021873,0.558611,9.789374,-0.000314,0.002562,-0.001009
153561050.000,ZR,non_handheld,桌面静置,recording,0.005952,0.577607,9.774920,-0.000114,0.003612,-0.000833
153561060.000,ZR,non_handheld,桌面静置,recording,0.018173,0.576205,9.785344,0.001045,0.001217,-0.000613
153561070.000,ZR,non_handheld,桌面静置,recording,0.000763,0.565183,9.808641,-0.000566,-0.002095,0.000566
153561080.000,ZR,non_handheld,桌面静置,recording,0.020333,0.569683,9.821389,0.000044,-0.003430,0.000745
153561090.000,ZR,non_handheld,桌面静置,recording,0.023981,0.563305,9.795462,0.000636,-0.001495,0.000416
153561100.000,ZR,non_handheld,桌面静置,recording,0.016591,0.576610,9.783604,-0.000169,0.003886,-0.000399
153561110.000,ZR,non_handheld,桌面静置,recording,0.019601,0.566997,9.786361,-0.000947,0.002992,-0.000716
153561120.000,ZR,non_handheld,桌面静置,recording,0.000188,0.570936,9.781458,0.000317,0.000168,-0.000341
153561130.000,ZR,non_handheld,桌面静置,recording,0.010687,0.577620,9.815383,-0.000626,-0.004087,0.001002
153561140.000,ZR,non_handheld,桌面静置,recording,0.018640,0.568389,9.826100,0.000889,-0.003070,0.000354
153561150.000,ZR,non_handheld,桌面静置,recording,0.027051,0.572158,9.796742,-0.000353,0.002093,-0.000341
153561160.000,ZR,non_handheld,桌面静置,recording,0.015216,0.568432,9.782164,0.000245,0.002923,-0.001285
153561170.000,ZR,non_handheld,桌面静置,recording,0.014171,0.567017,9.796398,-0.000014,0.002040,-0.000636
153561180.000,ZR,non_handheld,桌面静置,recording,0.024920,0.564676,9.793141,-0.000904,-0.000270,0.000097
153561190.000,ZR,non_handheld,桌面静置,recording,0.003419,0.571673,9.800270,-0.000117,-0.002456,0.000746
153561200.000,ZR,non_handheld,桌面静置,recording,0.023273,0.572843,9.799585,0.000181,-0.001786,0.001178
153561210.000,ZR,non_handheld,桌面静置,recording,0.018430,0.580945,9.797977,0.000379,0.001603,-0.000772
153561220.000,ZR,non_handheld,桌面静置,recording,0.021016,0.573882,9.778012,0.000402,0.001822,-0.000341
153561230.000,ZR,non_handheld,桌面静置,recording,0.011161,0.563736,9.773888,-0.000114,0.001075,-0.000163
153561240.000,ZR,non_handheld,桌面静置,recording,0.010812,0.593050,9.804748,0.000653,0.000069,0.000094
153561250.000,ZR,non_handheld,桌面静置,recording,-0.006130,0.565396,9.804874,0.000460,-0.001195,0.000408
153561260.000,ZR,non_handheld,桌面静置,recording,0.025054,0.574867,9.809867,0.000559,-0.000546,0.000076
153561270.000,ZR,non_handheld,桌面静置,recording,0.022787,0.567374,9.786691,0.000615,0.000440,-0.001442
153561280.000,ZR,non_handheld,桌面静置,recording,0.020999,0.571546,9.787964,0.000304,0.000677,-0.001149
153561290.000,ZR,non_handheld,桌面静置,recording,0.017501,0.565558,9.777645,0.000398,0.000876,-0.000244
153561300.000,ZR,non_handheld,桌面静置,recording,0.001855,0.569842,9.813910,0.000068,0.000445,-0.000457
153561310.000,ZR,non_handheld,桌面静置,recording,0.006168,0.576268,9.813337,0.000318,0.000108,-0.000402
153561320.000,ZR,non_handheld,桌面静置,recording,0.012382,0.563979,9.786180,0.000399,-0.000681,-0.000419
153561330.000,ZR,non_handheld,桌面静置,recording,0.025256,0.566668,9.777152,0.000017,-0.000269,-0.000262
153561340.000,ZR,non_handheld,桌面静置,recording,0.021390,0.561496,9.784353,0.000261,0.000384,-0.000656
153561350.000,ZR,non_handheld,桌面静置,recording,0.011126,0.574500,9.795391,-0.000073,0.001564,-0.000855
153561360.000,ZR,non_handheld,桌面静置,recording,-0.001049,0.577699,9.816026,-0.000253,0.000417,0.000061
153561370.000,ZR,non_handheld,桌面静置,recording,0.018717,0.553582,9.798836,-0.000921,-0.000861,0.000120
153561380.000,ZR,non_handheld,桌面静置,recording,0.009911,0.570539,9.777432,0.000427,-0.001881,0.000585
153561390.000,ZR,non_handheld,桌面静置,recording,0.024037,0.562617,9.788058,0.000439,-0.000733,-0.000070
153561400.000,ZR,non_handheld,桌面静置,recording,0.015588,0.566750,9.791475,-0.001161,0.002671,0.000253
153561410.000,ZR,non_handheld,桌面静置,recording,0.008508,0.570923,9.812255,-0.000349,0.002982,-0.000301
153561420.000,ZR,non_handheld,桌面静置,recording,0.021223,0.575070,9.819072,0.000576,0.000413,0.000163
153561430.000,ZR,non_handheld,桌面静置,recording,0.015598,0.569632,9.792142,0.001069,-0.002795,0.001122
153561440.000,ZR,non_handheld,桌面静置,recording,0.016244,0.564762,9.774429,0.000153,-0.002639,0.000651
153561450.000,ZR,non_handheld,桌面静置,recording,0.029737,0.567930,9.789993,-0.001459,0.001067,0.000034
153561460.000,ZR,non_handheld,桌面静置,recording,0.007954,0.580050,9.815678,-0.002302,0.004822,-0.000834
153561470.000,ZR,non_handheld,桌面静置,recording,0.003192,0.566691,9.833940,-0.001369,0.003506,-0.000342
153561480.000,ZR,non_handheld,桌面静置,recording,0.011360,0.564491,9.790747,-0.000269,-0.003213,0.000380
153561490.000,ZR,non_handheld,桌面静置,recording,0.028637,0.566290,9.750344,-0.000015,-0.006503,0.001708
153561500.000,ZR,non_handheld,桌面静置,recording,0.032175,0.562596,9.797965,0.000305,-0.001407,0.000654
153561510.000,ZR,non_handheld,桌面静置,recording,0.023084,0.577402,9.803496,-0.001073,0.004376,-0.000379
153561520.000,ZR,non_handheld,桌面静置,recording,-0.000027,0.572385,9.825779,-0.001469,0.005712,-0.000777
153561530.000,ZR,non_handheld,桌面静置,recording,0.017051,0.575169,9.784768,-0.000035,-0.000838,0.000208
153561540.000,ZR,non_handheld,桌面静置,recording,0.018990,0.571760,9.761076,-0.000347,-0.007333,0.000863
153561550.000,ZR,non_handheld,桌面静置,recording,0.027691,0.558635,9.787122,-0.000540,-0.005530,0.001185
153561560.000,ZR,non_handheld,桌面静置,recording,0.039055,0.581680,9.806224,-0.001095,0.002487,-0.000863
153561570.000,ZR,non_handheld,桌面静置,recording,0.025866,0.579795,9.818019,-0.001200,0.006126,-0.000873
153561580.000,ZR,non_handheld,桌面静置,recording,0.010632,0.565322,9.803985,-0.000628,0.001908,-0.000040
153561590.000,ZR,non_handheld,桌面静置,recording,0.002991,0.579404,9.764628,0.000325,-0.002389,0.000904
153561600.000,ZR,non_handheld,桌面静置,recording,0.003529,0.558693,9.769565,-0.000318,-0.004931,0.001717
153561610.000,ZR,non_handheld,桌面静置,recording,0.022854,0.567721,9.807476,0.000002,-0.001019,-0.000294
153561620.000,ZR,non_handheld,桌面静置,recording,0.022902,0.577372,9.820182,-0.000653,0.003065,-0.000812
153561630.000,ZR,non_handheld,桌面静置,recording,0.021593,0.569244,9.815944,-0.000665,0.003815,-0.001136
153561640.000,ZR,non_handheld,桌面静置,recording,0.002949,0.556919,9.756163,0.000617,-0.000233,-0.000190
153561650.000,ZR,non_handheld,桌面静置,recording,0.014721,0.570347,9.769907,0.000627,-0.003540,0.001360
153561660.000,ZR,non_handheld,桌面静置,recording,0.013660,0.579705,9.785414,0.001079,-0.003725,0.000583
153561670.000,ZR,non_handheld,桌面静置,recording,0.020863,0.580163,9.821619,0.001016,0.000383,-0.000033
153561680.000,ZR,non_handheld,桌面静置,recording,0.031531,0.569383,9.810715,-0.000968,0.004002,-0.001008
153561690.000,ZR,non_handheld,桌面静置,recording,0.002905,0.566834,9.779746,0.000309,0.002192,-0.001045
153561700.000,ZR,non_handheld,桌面静置,recording,0.001612,0.580898,9.762184,0.000195,-0.001933,0.000751
153561710.000,ZR,non_handheld,桌面静置,recording,0.027637,0.562861,9.795933,0.000764,-0.004168,0.000809
153561720.000,ZR,non_handheld,桌面静置,recording,0.026401,0.562448,9.819678,0.000523,-0.000310,-0.000183
153561730.000,ZR,non_handheld,桌面静置,recording,0.021852,0.576841,9.815719,0.000486,0.001628,-0.000852
153561740.000,ZR,non_handheld,桌面静置,recording,0.005706,0.570964,9.786038,0.000141,0.001801,-0.000435
153561750.000,ZR,non_handheld,桌面静置,recording,0.008719,0.577475,9.763586,-0.000246,0.000316,-0.000395
153561760.000,ZR,non_handheld,桌面静置,recording,-0.012102,0.566419,9.772911,0.000025,-0.001964,0.000370
153561770.000,ZR,non_handheld,桌面静置,recording,0.021553,0.565762,9.813186,-0.000227,-0.002500,0.001228
153561780.000,ZR,non_handheld,桌面静置,recording,0.021392,0.563973,9.829914,0.000343,0.000672,-0.000033
153561790.000,ZR,non_handheld,桌面静置,recording,0.019936,0.565711,9.807747,-0.000228,0.002241,-0.000127
153561800.000,ZR,non_handheld,桌面静置,recording,0.009768,0.566452,9.779178,0.000347,0.001097,-0.000836
153561810.000,ZR,non_handheld,桌面静置,recording,0.012013,0.568321,9.775261,-0.000876,-0.000983,0.000582
153561820.000,ZR,non_handheld,桌面静置,recording,0.017437,0.565984,9.806758,0.000744,-0.002440,0.001351
153561830.000,ZR,non_handheld,桌面静置,recording,0.012961,0.576051,9.832094,-0.000230,-0.000627,0.000709
153561840.000,ZR,non_handheld,桌面静置,recording,0.013840,0.573097,9.807189,-0.000534,0.000958,-0.000209
153561850.000,ZR,non_handheld,桌面静置,recording,0.027092,0.566047,9.782562,0.000421,0.000616,-0.000346
153561860.000,ZR,non_handheld,桌面静置,recording,0.007174,0.567228,9.752343,0.000000,0.000675,-0.000346
153561870.000,ZR,non_handheld,桌面静置,recording,0.009581,0.560233,9.795141,0.000057,-0.001217,0.000156
153561880.000,ZR,non_handheld,桌面静置,recording,0.019337,0.577295,9.817747,-0.000136,-0.000282,0.000516
153561890.000,ZR,non_handheld,桌面静置,recording,0.015191,0.583059,9.820000,-0.000402,-0.000150,0.000344
153561900.000,ZR,non_handheld,桌面静置,recording,0.017583,0.577717,9.796165,0.000023,0.000216,0.000633
153561910.000,ZR,non_handheld,桌面静置,recording,0.004837,0.569958,9.769826,0.000766,-0.001694,0.000535
153561920.000,ZR,non_handheld,桌面静置,recording,0.015249,0.576197,9.780555,-0.000878,-0.000740,0.000993
153561930.000,ZR,non_handheld,桌面静置,recording,0.027125,0.564733,9.804290,0.000518,0.000598,-0.000309
153561940.000,ZR,non_handheld,桌面静置,recording,0.018545,0.576188,9.811394,0.000535,0.000578,-0.000668
153561950.000,ZR,non_handheld,桌面静置,recording,0.011517,0.577128,9.828997,0.000267,0.001435,-0.000305
153561960.000,ZR,non_handheld,桌面静置,recording,0.009031,0.568122,9.776139,0.000439,-0.001070,0.000230
153561970.000,ZR,non_handheld,桌面静置,recording,0.011998,0.563032,9.769457,0.001814,-0.002880,0.001356
153561980.000,ZR,non_handheld,桌面静置,recording,0.015840,0.560419,9.783347,0.000288,-0.001291,0.001109
153561990.000,ZR,non_handheld,桌面静置,recording,0.015108,0.581349,9.831255,0.000974,0.000733,-0.001128
153562000.000,ZR,non_handheld,桌面静置,recording,0.008530,0.580606,9.821126,-0.000362,0.003004,-0.000324
153562010.000,ZR,non_handheld,桌面静置,recording,0.011810,0.586322,9.794240,0.000749,0.001185,-0.000267
153562020.000,ZR,non_handheld,桌面静置,recording,0.016240,0.570143,9.765101,0.000038,-0.002885,0.001185
153562030.000,ZR,non_handheld,桌面静置,recording,0.016228,0.568869,9.788912,-0.000532,-0.002318,0.000723
153562040.000,ZR,non_handheld,桌面静置,recording,0.020903,0.570262,9.804004,0.001122,0.000946,-0.000190
153562050.000,ZR,non_handheld,桌面静置,recording,0.007088,0.578349,9.811240,-0.000247,0.003902,-0.000097
153562060.000,ZR,non_handheld,桌面静置,recording,0.012029,0.566983,9.807636,-0.000302,0.002539,-0.000250
153562070.000,ZR,non_handheld,桌面静置,recording,0.025167,0.565387,9.777804,-0.000713,-0.003264,0.000842
153562080.000,ZR,non_handheld,桌面静置,recording,0.017144,0.572788,9.777409,-0.000065,-0.002561,0.001969
153562090.000,ZR,non_handheld,桌面静置,recording,0.028483,0.573744,9.789328,-0.001222,0.001145,-0.000250
153562100.000,ZR,non_handheld,桌面静置,recording,0.006032,0.573631,9.824278,-0.001234,0.004516,-0.000765
153562110.000,ZR,non_handheld,桌面静置,recording,0.009457,0.581192,9.803542,-0.000112,0.002209,-0.000557
153562120.000,ZR,non_handheld,桌面静置,recording,0.001247,0.567986,9.791208,0.000358,-0.003103,0.000401
153562130.000,ZR,non_handheld,桌面静置,recording,0.022535,0.566983,9.771392,0.000650,-0.005693,0.001050
153562140.000,ZR,non_handheld,桌面静置,recording,0.013137,0.573917,9.786050,0.000473,-0.002164,0.000241
153562150.000,ZR,non_handheld,桌面静置,recording,0.032534,0.580133,9.826850,-0.001941,0.005330,-0.000707
153562160.000,ZR,non_handheld,桌面静置,recording,0.005607,0.579805,9.825156,-0.001307,0.006914,-0.001048
153562170.000,ZR,non_handheld,桌面静置,recording,0.006768,0.571754,9.794012,-0.000461,0.000497,0.000139
153562180.000,ZR,non_handheld,桌面静置,recording,0.017171,0.563157,9.776700,0.000209,-0.005213,0.001548
153562190.000,ZR,non_handheld,桌面静置,recording,0.026109,0.565320,9.784683,0.000528,-0.005118,0.000992
153562200.000,ZR,non_handheld,桌面静置,recording,0.028152,0.565664,9.819482,-0.000330,0.001696,-0.000129
153562210.000,ZR,non_handheld,桌面静置,recording,0.015540,0.560871,9.809250,-0.001362,0.006285,-0.000654
153562220.000,ZR,non_handheld,桌面静置,recording,0.001839,0.567633,9.789998,-0.000291,0.003359,-0.000671
153562230.000,ZR,non_handheld,桌面静置,recording,0.009360,0.563900,9.767186,-0.000611,-0.002779,0.000992
153562240.000,ZR,non_handheld,桌面静置,recording,0.013211,0.584652,9.776223,0.001149,-0.007590,0.001603
153562250.000,ZR,non_handheld,桌面静置,recording,0.014052,0.580810,9.810736,0.000349,-0.001167,0.000334
153562260.000,ZR,non_handheld,桌面静置,recording,0.027972,0.573668,9.814673,0.000165,0.003973,-0.001021
153562270.000,ZR,non_handheld,桌面静置,recording,0.013401,0.569005,9.800990,-0.000751,0.004627,-0.000565
153562280.000,ZR,non_handheld,桌面静置,recording,0.001170,0.560964,9.760114,0.000115,0.001364,-0.000424
153562290.000,ZR,non_handheld,桌面静置,recording,0.002221,0.563360,9.770179,0.000439,-0.004315,0.001285
153562300.000,ZR,non_handheld,桌面静置,recording,0.010151,0.575282,9.809010,-0.000878,-0.003762,0.001517
153562310.000,ZR,non_handheld,桌面静置,recording,0.027814,0.577381,9.835935,0.000426,0.000791,-0.000134
153562320.000,ZR,non_handheld,桌面静置,recording,0.024405,0.578368,9.802983,-0.001203,0.004661,-0.000840
153562330.000,ZR,non_handheld,桌面静置,recording,0.019550,0.575245,9.767481,-0.000373,0.002996,-0.000372
153562340.000,ZR,non_handheld,桌面静置,recording,0.006562,0.551499,9.770522,-0.000002,-0.000286,0.000230
153562350.000,ZR,non_handheld,桌面静置,recording,0.000148,0.575103,9.800262,-0.000222,-0.003938,0.000676
153562360.000,ZR,non_handheld,桌面静置,recording,0.015812,0.575276,9.830676,-0.000037,-0.001433,-0.000151
153562370.000,ZR,non_handheld,桌面静置,recording,0.032242,0.579718,9.829917,-0.000461,0.001964,-0.000597
153562380.000,ZR,non_handheld,桌面静置,recording,0.005500,0.566975,9.766685,-0.000043,0.002615,-0.001522
153562390.000,ZR,non_handheld,桌面静置,recording,0.001689,0.577791,9.774711,0.000132,0.000708,-0.000615
153562400.000,ZR,non_handheld,桌面静置,recording,0.004395,0.567357,9.783741,-0.000149,-0.001715,0.000254
153562410.000,ZR,non_handheld,桌面静置,recording,0.021920,0.577584,9.829742,-0.000077,-0.002257,0.000331
153562420.000,ZR,non_handheld,桌面静置,recording,0.013574,0.564268,9.822348,0.001335,-0.000555,-0.000136
153562430.000,ZR,non_handheld,桌面静置,recording,0.032551,0.569454,9.785557,0.000000,0.001431,-0.000542
153562440.000,ZR,non_handheld,桌面静置,recording,0.014529,0.573250,9.763877,0.000149,0.003202,-0.000673
153562450.000,ZR,non_handheld,桌面静置,recording,0.000768,0.570217,9.783674,-0.000241,0.000727,-0.000526
153562460.000,ZR,non_handheld,桌面静置,recording,0.006394,0.566973,9.825211,0.000428,-0.002310,0.001106
153562470.000,ZR,non_handheld,桌面静置,recording,0.021687,0.572741,9.809688,-0.000648,-0.003366,0.001069
153562480.000,ZR,non_handheld,桌面静置,recording,0.002806,0.569542,9.804576,-0.001036,-0.000258,-0.000193
153562490.000,ZR,non_handheld,桌面静置,recording,0.005868,0.574332,9.771255,-0.001370,0.001300,-0.000506
153562500.000,ZR,non_handheld,桌面静置,recording,0.014942,0.569934,9.782115,-0.000592,0.002301,-0.001174
153562510.000,ZR,non_handheld,桌面静置,recording,0.013325,0.572940,9.790910,0.000686,0.000060,0.000458
153562520.000,ZR,non_handheld,桌面静置,recording,0.020418,0.566610,9.827044,0.000037,-0.002218,0.000493
153562530.000,ZR,non_handheld,桌面静置,recording,0.020879,0.571352,9.823768,-0.000517,-0.000553,0.000936
153562540.000,ZR,non_handheld,桌面静置,recording,0.032082,0.570527,9.776058,0.000353,0.000856,0.000216
153562550.000,ZR,non_handheld,桌面静置,recording,0.016363,0.566975,9.776973,-0.000261,0.001132,-0.001043
153562560.000,ZR,non_handheld,桌面静置,recording,0.005676,0.575648,9.789832,-0.000129,0.000761,-0.000747
153562570.000,ZR,non_handheld,桌面静置,recording,0.007204,0.573878,9.826960,-0.000262,-0.000349,0.000681
153562580.000,ZR,non_handheld,桌面静置,recording,0.017727,0.580882,9.801800,-0.000352,-0.001425,0.001273
153562590.000,ZR,non_handheld,桌面静置,recording,0.018606,0.573617,9.799629,-0.000742,-0.000010,0.000272
153562600.000,ZR,non_handheld,桌面静置,recording,0.017709,0.563860,9.774365,0.000296,0.000747,0.000177
153562610.000,ZR,non_handheld,桌面静置,recording,0.015228,0.578006,9.781215,0.000518,0.001409,-0.000376
153562620.000,ZR,non_handheld,桌面静置,recording,0.000795,0.568521,9.798996,0.000891,0.000964,-0.000100
153562630.000,ZR,non_handheld,桌面静置,recording,0.003297,0.572802,9.806630,0.000166,0.000016,0.000093
153562640.000,ZR,non_handheld,桌面静置,recording,0.007923,0.569875,9.801178,0.000332,-0.002681,0.000530
153562650.000,ZR,non_handheld,桌面静置,recording,0.030978,0.575347,9.784640,0.000093,-0.001179,0.001118
153562660.000,ZR,non_handheld,桌面静置,recording,0.010016,0.570244,9.782811,0.000409,0.000656,-0.000229
153562670.000,ZR,non_handheld,桌面静置,recording,0.026628,0.577936,9.785224,-0.000184,0.001487,-0.001174
153562680.000,ZR,non_handheld,桌面静置,recording,0.013168,0.584153,9.801490,0.000038,0.000968,-0.000528
153562690.000,ZR,non_handheld,桌面静置,recording,0.011239,0.577938,9.805623,-0.000055,0.000817,-0.000820
153562700.000,ZR,non_handheld,桌面静置,recording,0.014253,0.569929,9.795887,0.000002,-0.001414,0.000499
153562710.000,ZR,non_handheld,桌面静置,recording,0.013439,0.577303,9.781171,0.000588,-0.002105,0.000858
153562720.000,ZR,non_handheld,桌面静置,recording,0.021613,0.562582,9.784824,-0.000137,-0.000638,0.000267
153562730.000,ZR,non_handheld,桌面静置,recording,0.016889,0.577898,9.803097,-0.000773,0.002589,-0.000748
153562740.000,ZR,non_handheld,桌面静置,recording,0.014232,0.569557,9.802526,-0.000230,0.002567,-0.000639
153562750.000,ZR,non_handheld,桌面静置,recording,0.002178,0.566629,9.808910,0.000037,0.000800,-0.001140
153562760.000,ZR,non_handheld,桌面静置,recording,0.006594,0.570292,9.797865,-0.000227,-0.004172,0.000829
153562770.000,ZR,non_handheld,桌面静置,recording,0.030051,0.559806,9.792028,-0.000593,-0.004466,0.000712
153562780.000,ZR,non_handheld,桌面静置,recording,0.023437,0.562672,9.786800,0.000493,0.000849,-0.000821
153562790.000,ZR,non_handheld,桌面静置,recording,0.016670,0.576667,9.810305,-0.001368,0.005237,-0.000520
153562800.000,ZR,non_handheld,桌面静置,recording,0.007813,0.571799,9.810394,-0.001568,0.003969,-0.000675
153562810.000,ZR,non_handheld,桌面静置,recording,0.004608,0.581824,9.788517,0.000230,-0.001276,0.000502
153562820.000,ZR,non_handheld,桌面静置,recording,0.007150,0.558808,9.775712,0.000447,-0.007476,0.002244
153562830.000,ZR,non_handheld,桌面静置,recording,0.026623,0.556739,9.773978,0.001279,-0.004344,0.000929
153562840.000,ZR,non_handheld,桌面静置,recording,0.029167,0.575780,9.795633,-0.001185,0.003373,-0.000465
153562850.000,ZR,non_handheld,桌面静置,recording,0.010520,0.570455,9.816248,-0.001029,0.007169,-0.001149
153562860.000,ZR,non_handheld,桌面静置,recording,0.013227,0.582259,9.800943,-0.001176,0.002024,0.000303
153562870.000,ZR,non_handheld,桌面静置,recording,-0.003439,0.565903,9.781157,0.000424,-0.005602,0.000886
153562880.000,ZR,non_handheld,桌面静置,recording,0.026005,0.566952,9.787561,0.000659,-0.008247,0.001478
153562890.000,ZR,non_handheld,桌面静置,recording,0.021685,0.579786,9.799859,0.000333,-0.000949,0.000638
153562900.000,ZR,non_handheld,桌面静置,recording,0.021213,0.575185,9.828015,-0.001149,0.007122,-0.001352
153562910.000,ZR,non_handheld,桌面静置,recording,0.017443,0.569912,9.804485,-0.001828,0.006679,-0.001069
153562920.000,ZR,non_handheld,桌面静置,recording,-0.003331,0.566464,9.772749,-0.000646,-0.000848,0.000681
153562930.000,ZR,non_handheld,桌面静置,recording,0.003017,0.577057,9.769979,0.000308,-0.007965,0.001587
153562940.000,ZR,non_handheld,桌面静置,recording,0.026915,0.576283,9.790652,-0.000036,-0.004628,0.000818
153562950.000,ZR,non_handheld,桌面静置,recording,0.025302,0.575697,9.821475,-0.001380,0.003959,-0.000423
153562960.000,ZR,non_handheld,桌面静置,recording,0.026732,0.572325,9.816209,-0.002177,0.006219,-0.000785
153562970.000,ZR,non_handheld,桌面静置,recording,0.005826,0.577376,9.781782,-0.000163,0.001915,-0.001164
153562980.000,ZR,non_handheld,桌面静置,recording,0.004429,0.562785,9.770243,0.000000,-0.003710,0.000831
153562990.000,ZR,non_handheld,桌面静置,recording,0.010585,0.572205,9.800036,-0.000467,-0.005911,0.000835
153563000.000,ZR,non_handheld,桌面静置,recording,0.022123,0.571189,9.825652,-0.000198,-0.000506,-0.000190
153563010.000,ZR,non_handheld,桌面静置,recording,0.025368,0.565128,9.829806,-0.001364,0.003843,-0.000336
153563020.000,ZR,non_handheld,桌面静置,recording,0.012544,0.569379,9.785619,0.000087,0.003202,-0.000856
153563030.000,ZR,non_handheld,桌面静置,recording,0.002643,0.567425,9.758700,0.000972,0.000040,-0.000229
153563040.000,ZR,non_handheld,桌面静置,recording,0.012904,0.570419,9.781099,0.000198,-0.003519,0.001138
153563050.000,ZR,non_handheld,桌面静置,recording,0.012995,0.574205,9.833178,0.000449,-0.002856,0.000778
153563060.000,ZR,non_handheld,桌面静置,recording,0.035362,0.568689,9.817240,0.000235,0.000684,0.000024
153563070.000,ZR,non_handheld,桌面静置,recording,0.020345,0.570568,9.788567,-0.001688,0.002732,-0.000371
153563080.000,ZR,non_handheld,桌面静置,recording,0.006767,0.576427,9.770564,-0.000091,0.001295,-0.000587
153563090.000,ZR,non_handheld,桌面静置,recording,-0.001939,0.571910,9.786714,0.000198,-0.000915,0.000510
153563100.000,ZR,non_handheld,桌面静置,recording,0.023578,0.584748,9.812412,0.000432,-0.001597,-0.000319
153563110.000,ZR,non_handheld,桌面静置,recording,0.015305,0.561822,9.824116,0.000790,-0.000052,-0.000481
153563120.000,ZR,non_handheld,桌面静置,recording,0.010872,0.572793,9.788378,0.000414,0.001620,-0.000587
153563130.000,ZR,non_handheld,桌面静置,recording,0.022203,0.561165,9.790038,-0.000450,0.002501,-0.000731
153563140.000,ZR,non_handheld,桌面静置,recording,0.019686,0.580805,9.770023,0.000237,0.000810,-0.000281
153563150.000,ZR,non_handheld,桌面静置,recording,-0.001283,0.564837,9.799311,0.000468,-0.000359,0.000312
153563160.000,ZR,non_handheld,桌面静置,recording,0.014499,0.582787,9.818601,-0.000215,-0.002118,0.001427
153563170.000,ZR,non_handheld,桌面静置,recording,0.029294,0.565947,9.808361,0.000340,-0.000461,-0.000391
153563180.000,ZR,non_handheld,桌面静置,recording,0.024242,0.571997,9.791440,-0.000521,0.001984,-0.000553
153563190.000,ZR,non_handheld,桌面静置,recording,0.000894,0.565144,9.758014,0.000290,0.003795,-0.000553
153563200.000,ZR,non_handheld,桌面静置,recording,0.002865,0.563365,9.779151,0.000321,0.000951,-0.000445
153563210.000,ZR,non_handheld,桌面静置,recording,-0.000208,0.576078,9.803387,-0.000215,-0.001621,0.000816
153563220.000,ZR,non_handheld,桌面静置,recording,0.010607,0.573454,9.810098,-0.000000,-0.003446,0.000816
153563230.000,ZR,non_handheld,桌面静置,recording,0.029842,0.571099,9.803250,0.000000,-0.000551,0.000562
153563240.000,ZR,non_handheld,桌面静置,recording,0.032094,0.570877,9.778693,-0.000629,0.001544,-0.000571
153563250.000,ZR,non_handheld,桌面静置,recording,0.016333,0.553580,9.784957,-0.001690,0.003524,-0.000228
153563260.000,ZR,non_handheld,桌面静置,recording,0.004855,0.577817,9.791753,-0.000196,0.000808,-0.000661
153563270.000,ZR,non_handheld,桌面静置,recording,0.003569,0.573697,9.791985,-0.000457,-0.002033,0.001374
153563280.000,ZR,non_handheld,桌面静置,recording,0.018354,0.572626,9.797148,0.000813,-0.002377,0.000449
153563290.000,ZR,non_handheld,桌面静置,recording,0.016366,0.571312,9.804740,-0.000291,0.000600,-0.000128
153563300.000,ZR,non_handheld,桌面静置,recording,0.010638,0.575741,9.791039,-0.000207,0.003002,-0.000679
153563310.000,ZR,non_handheld,桌面静置,recording,0.017552,0.571978,9.788086,0.000867,0.001827,-0.000803
153563320.000,ZR,non_handheld,桌面静置,recording,0.010257,0.566868,9.799106,0.000388,-0.000202,-0.001165
153563330.000,ZR,non_handheld,桌面静置,recording,0.005524,0.568848,9.811290,-0.000451,-0.002894,0.000880
153563340.000,ZR,non_handheld,桌面静置,recording,0.029518,0.579475,9.808082,0.000026,-0.000947,0.000835
153563350.000,ZR,non_handheld,桌面静置,recording,0.005789,0.578425,9.794410,0.000868,0.001142,-0.000732
153563360.000,ZR,non_handheld,桌面静置,recording,0.026560,0.559471,9.774081,0.000080,0.000913,-0.000803
153563370.000,ZR,non_handheld,桌面静置,recording,0.010753,0.566481,9.783304,0.000753,0.000559,-0.000298
153563380.000,ZR,non_handheld,桌面静置,recording,-0.002174,0.575030,9.795534,0.000762,-0.000319,-0.000157
153563390.000,ZR,non_handheld,桌面静置,recording,0.011471,0.572125,9.814205,0.000780,0.000036,-0.000599
153563400.000,ZR,non_handheld,桌面静置,recording,0.003061,0.571062,9.792769,0.000727,0.000382,-0.000156
153563410.000,ZR,non_handheld,桌面静置,recording,0.019876,0.580354,9.790916,-0.000276,0.000541,-0.000503
153563420.000,ZR,non_handheld,桌面静置,recording,0.029985,0.555556,9.793243,-0.000194,0.000541,-0.000820
153563430.000,ZR,non_handheld,桌面静置,recording,0.007233,0.566410,9.776339,-0.000417,0.000248,-0.000873
153563440.000,ZR,non_handheld,桌面静置,recording,0.002832,0.558184,9.793447,0.000346,0.000665,0.000331
153563450.000,ZR,non_handheld,桌面静置,recording,0.011208,0.584999,9.817422,-0.000505,-0.000099,0.000184
153563460.000,ZR,non_handheld,桌面静置,recording,0.020922,0.568450,9.790182,-0.000770,-0.001756,0.000819
153563470.000,ZR,non_handheld,桌面静置,recording,0.031990,0.562489,9.786934,0.000400,-0.001785,0.000231
153563480.000,ZR,non_handheld,桌面静置,recording,0.015401,0.567073,9.774514,-0.000593,0.000624,-0.000592
153563490.000,ZR,non_handheld,桌面静置,recording,0.012565,0.583275,9.807541,-0.001687,0.002984,-0.000574
153563500.000,ZR,non_handheld,桌面静置,recording,0.002198,0.573244,9.826524,0.000119,0.001121,-0.000451
153563510.000,ZR,non_handheld,桌面静置,recording,0.002653,0.583340,9.800162,0.000137,-0.003288,0.001219
153563520.000,ZR,non_handheld,桌面静置,recording,0.019404,0.568675,9.778901,0.000453,-0.005673,0.001830
153563530.000,ZR,non_handheld,桌面静置,recording,0.027667,0.566714,9.789236,0.000228,0.000131,0.000124
153563540.000,ZR,non_handheld,桌面静置,recording,0.029552,0.565131,9.798743,-0.000400,0.005840,-0.000957
153563550.000,ZR,non_handheld,桌面静置,recording,0.000174,0.580087,9.813046,-0.001412,0.005536,-0.001519
153563560.000,ZR,non_handheld,桌面静置,recording,0.006995,0.563803,9.801394,0.000871,-0.000378,-0.000297
153563570.000,ZR,non_handheld,桌面静置,recording,0.013472,0.568258,9.776437,0.000523,-0.007063,0.000612
153563580.000,ZR,non_handheld,桌面静置,recording,0.030231,0.570565,9.769756,-0.000436,-0.006984,0.000942
153563590.000,ZR,non_handheld,桌面静置,recording,0.018223,0.582803,9.797003,-0.000313,0.001935,-0.000470
153563600.000,ZR,non_handheld,桌面静置,recording,0.028322,0.567463,9.824684,-0.002130,0.008080,-0.000803
153563610.000,ZR,non_handheld,桌面静置,recording,0.008856,0.581016,9.816654,-0.000629,0.004191,0.000052
153563620.000,ZR,non_handheld,桌面静置,recording,0.001542,0.575223,9.802300,-0.000872,-0.002093,0.000803
153563630.000,ZR,non_handheld,桌面静置,recording,0.004951,0.554928,9.764866,0.000646,-0.007854,0.000489
153563640.000,ZR,non_handheld,桌面静置,recording,0.023828,0.568671,9.778447,0.000122,-0.003700,0.000803
153563650.000,ZR,non_handheld,桌面静置,recording,0.031590,0.577321,9.813386,-0.001239,0.004172,-0.000384
153563660.000,ZR,non_handheld,桌面静置,recording,0.018378,0.593535,9.819767,-0.001396,0.005565,-0.000472
153563670.000,ZR,non_handheld,桌面静置,recording,0.008700,0.571889,9.797153,-0.000715,0.000505,0.000699
153563680.000,ZR,non_handheld,桌面静置,recording,0.021645,0.560751,9.764228,-0.000959,-0.004697,0.000977
153563690.000,ZR,non_handheld,桌面静置,recording,0.018395,0.565306,9.773202,0.000279,-0.002476,0.001011
153563700.000,ZR,non_handheld,桌面静置,recording,0.020355,0.582212,9.821544,-0.000628,0.001191,-0.000209
153563710.000,ZR,non_handheld,桌面静置,recording,0.017419,0.577271,9.828666,-0.000383,0.002983,-0.000314
153563720.000,ZR,non_handheld,桌面静置,recording,0.020932,0.568816,9.789987,0.000312,0.000519,-0.000241
153563730.000,ZR,non_handheld,桌面静置,recording,0.011727,0.568939,9.769399,-0.000122,-0.001714,0.001188
153563740.000,ZR,non_handheld,桌面静置,recording,0.025735,0.570366,9.759382,0.001236,-0.001725,0.000278
153563750.000,ZR,non_handheld,桌面静置,recording,0.013098,0.566766,9.812473,0.000000,0.000614,0.000032
153563760.000,ZR,non_handheld,桌面静置,recording,0.017209,0.570231,9.842221,-0.000524,0.002600,-0.000768
153563770.000,ZR,non_handheld,桌面静置,recording,0.020142,0.568202,9.812905,0.000022,0.001063,-0.000349
153563780.000,ZR,non_handheld,桌面静置,recording,-0.000404,0.572889,9.798833,0.000943,-0.002481,0.001325
153563790.000,ZR,non_handheld,桌面静置,recording,0.024216,0.572527,9.765476,-0.000318,-0.002218,0.000876
153563800.000,ZR,non_handheld,桌面静置,recording,0.005182,0.568566,9.796540,-0.000208,0.000723,-0.000470
153563810.000,ZR,non_handheld,桌面静置,recording,0.027144,0.574141,9.818298,-0.000229,0.000964,-0.000314
153563820.000,ZR,non_handheld,桌面静置,recording,0.027350,0.567172,9.815020,-0.001316,0.000573,-0.000846
153563830.000,ZR,non_handheld,桌面静置,recording,0.007367,0.551893,9.783785,0.000295,-0.001534,0.000821
153563840.000,ZR,non_handheld,桌面静置,recording,0.010614,0.570543,9.775993,0.000323,-0.002139,0.001144
153563850.000,ZR,non_handheld,桌面静置,recording,0.016628,0.573075,9.781318,0.000458,-0.000000,0.000065
153563860.000,ZR,non_handheld,桌面静置,recording,0.025550,0.573411,9.809181,0.000538,0.000506,-0.000195
153563870.000,ZR,non_handheld,桌面静置,recording,0.014744,0.567029,9.817883,-0.000437,0.000663,-0.000664
153563880.000,ZR,non_handheld,桌面静置,recording,0.009217,0.569986,9.781199,-0.000443,-0.000874,-0.000573
153563890.000,ZR,non_handheld,桌面静置,recording,0.027928,0.563413,9.758836,0.000152,-0.001153,0.000128
153563900.000,ZR,non_handheld,桌面静置,recording,0.001783,0.576378,9.789160,0.000602,0.000034,-0.000400
153563910.000,ZR,non_handheld,桌面静置,recording,0.019345,0.571519,9.823996,-0.000035,0.000472,-0.000434
153563920.000,ZR,non_handheld,桌面静置,recording,0.019198,0.567254,9.825998,-0.000178,0.000966,-0.000543
153563930.000,ZR,non_handheld,桌面静置,recording,0.011916,0.579552,9.803206,0.000341,0.000640,-0.000269
153563940.000,ZR,non_handheld,桌面静置,recording,0.013385,0.569333,9.774724,-0.000415,0.000064,0.000505
153563950.000,ZR,non_handheld,桌面静置,recording,0.015538,0.563215,9.799724,0.000151,-0.000744,0.000441
153563960.000,ZR,non_handheld,桌面静置,recording,0.007544,0.569510,9.789374,0.000761,-0.000599,0.000718
153563970.000,ZR,non_handheld,桌面静置,recording,0.022489,0.567742,9.814897,0.000571,-0.000531,0.000004
153563980.000,ZR,non_handheld,桌面静置,recording,0.021491,0.575775,9.802359,0.000346,0.000518,-0.000699
153563990.000,ZR,non_handheld,桌面静置,recording,0.008359,0.571556,9.793270,0.000340,0.001014,-0.000532
153564000.000,ZR,non_handheld,桌面静置,recording,0.018387,0.572778,9.782222,0.000103,-0.000052,0.000136
153564010.000,ZR,non_handheld,桌面静置,recording,0.010909,0.553749,9.776160,-0.000840,-0.001263,0.000661
153564020.000,ZR,non_handheld,桌面静置,recording,0.020856,0.571286,9.800747,0.000887,-0.000991,-0.000008
153564030.000,ZR,non_handheld,桌面静置,recording,0.022601,0.568350,9.799421,0.000784,0.000651,-0.000751
153564040.000,ZR,non_handheld,桌面静置,recording,0.011499,0.576362,9.797702,-0.000369,0.001376,-0.000993
153564050.000,ZR,non_handheld,桌面静置,recording,0.006292,0.575303,9.793910,0.000359,0.000144,-0.000278
153564060.000,ZR,non_handheld,桌面静置,recording,0.006252,0.564317,9.782373,0.000355,-0.001419,0.000622
153564070.000,ZR,non_handheld,桌面静置,recording,0.020457,0.579401,9.797181,0.000128,-0.001311,0.000256
153564080.000,ZR,non_handheld,桌面静置,recording,0.010320,0.568055,9.793509,0.000120,0.000428,0.000128
153564090.000,ZR,non_handheld,桌面静置,recording,0.014526,0.565942,9.804569,-0.000096,0.002416,-0.000665
153564100.000,ZR,non_handheld,桌面静置,recording,-0.002854,0.569620,9.795541,0.000372,0.000782,-0.000355
153564110.000,ZR,non_handheld,桌面静置,recording,0.012779,0.564981,9.796622,0.000249,-0.001194,0.000926
153564120.000,ZR,non_handheld,桌面静置,recording,0.022381,0.560959,9.787188,0.000438,-0.002970,0.000436
153564130.000,ZR,non_handheld,桌面静置,recording,0.027693,0.567900,9.787726,0.000689,-0.000389,0.000514
153564140.000,ZR,non_handheld,桌面静置,recording,0.019941,0.581991,9.796195,0.000035,0.001961,-0.000717
153564150.000,ZR,non_handheld,桌面静置,recording,0.007071,0.578456,9.808073,-0.000301,0.003286,-0.000381
153564160.000,ZR,non_handheld,桌面静置,recording,0.017159,0.573925,9.798129,-0.000680,-0.000104,-0.000003
153564170.000,ZR,non_handheld,桌面静置,recording,0.019181,0.566925,9.779696,0.000250,-0.003933,0.001434
153564180.000,ZR,non_handheld,桌面静置,recording,0.023525,0.564237,9.779929,-0.000404,-0.002718,0.001485
153564190.000,ZR,non_handheld,桌面静置,recording,0.023689,0.577063,9.795290,0.000308,0.001714,-0.000236
153564200.000,ZR,non_handheld,桌面静置,recording,0.008911,0.583603,9.801224,-0.001290,0.005031,-0.001233
153564210.000,ZR,non_handheld,桌面静置,recording,-0.010156,0.573380,9.801813,-0.000584,0.001843,-0.000509
153564220.000,ZR,non_handheld,桌面静置,recording,0.028350,0.565140,9.792295,0.001295,-0.005071,0.001047
153564230.000,ZR,non_handheld,桌面静置,recording,0.018831,0.575306,9.803310,0.000412,-0.005545,0.000710
153564240.000,ZR,non_handheld,桌面静置,recording,0.045368,0.567548,9.789550,0.000368,0.000604,0.000210
153564250.000,ZR,non_handheld,桌面静置,recording,0.011363,0.576324,9.800064,-0.000552,0.006825,-0.000769
153564260.000,ZR,non_handheld,桌面静置,recording,0.010169,0.565163,9.805242,-0.002046,0.005654,-0.001105
153564270.000,ZR,non_handheld,桌面静置,recording,-0.011876,0.566423,9.797753,0.000902,-0.001352,0.000680
153564280.000,ZR,non_handheld,桌面静置,recording,0.001814,0.548528,9.775258,0.000411,-0.008101,0.000920
153564290.000,ZR,non_handheld,桌面静置,recording,0.026263,0.577055,9.785785,0.000405,-0.004742,0.001235
153564300.000,ZR,non_handheld,桌面静置,recording,0.034877,0.575127,9.800579,-0.000256,0.002885,-0.000632
153564310.000,ZR,non_handheld,桌面静置,recording,0.008912,0.568066,9.815362,-0.001547,0.007946,-0.000985
153564320.000,ZR,non_handheld,桌面静置,recording,0.011240,0.573578,9.793539,-0.000034,0.003499,-0.000534
153564330.000,ZR,non_handheld,桌面静置,recording,-0.000706,0.566519,9.775901,-0.000171,-0.004101,0.000499
153564340.000,ZR,non_handheld,桌面静置,recording,0.003261,0.566087,9.789430,0.000662,-0.007668,0.001663
153564350.000,ZR,non_handheld,桌面静置,recording,0.023147,0.573777,9.803853,0.000885,-0.002323,0.001149
153564360.000,ZR,non_handheld,桌面静置,recording,0.021690,0.573717,9.819489,-0.001131,0.003631,0.000008
153564370.000,ZR,non_handheld,桌面静置,recording,0.013729,0.570273,9.805111,-0.000701,0.005267,-0.000700
153564380.000,ZR,non_handheld,桌面静置,recording,0.004156,0.553726,9.767714,0.000581,0.001138,-0.000266
153564390.000,ZR,non_handheld,桌面静置,recording,0.005447,0.576807,9.782967,0.000282,-0.003311,0.001166
153564400.000,ZR,non_handheld,桌面静置,recording,0.009815,0.569141,9.808459,-0.000568,-0.003218,0.000802
153564410.000,ZR,non_handheld,桌面静置,recording,0.021141,0.580583,9.816798,0.000440,0.000559,0.000171
153564420.000,ZR,non_handheld,桌面静置,recording,0.017015,0.565908,9.788933,-0.000410,0.003882,-0.000782
153564430.000,ZR,non_handheld,桌面静置,recording,0.002425,0.581071,9.779964,-0.001024,0.003752,-0.000858
153564440.000,ZR,non_handheld,桌面静置,recording,0.015296,0.569550,9.780454,-0.000819,0.000322,-0.000422
153564450.000,ZR,non_handheld,桌面静置,recording,0.004058,0.566882,9.802596,0.000163,-0.003120,0.001101
153564460.000,ZR,non_handheld,桌面静置,recording,0.017016,0.570984,9.820949,0.000245,-0.001602,0.000116
153564470.000,ZR,non_handheld,桌面静置,recording,0.030954,0.572137,9.804941,0.000583,0.000722,-0.000294
153564480.000,ZR,non_handheld,桌面静置,recording,0.023827,0.571022,9.788565,-0.001017,0.002692,-0.000428
153564490.000,ZR,non_handheld,桌面静置,recording,0.007608,0.565596,9.763910,0.000048,0.001561,-0.000601
153564500.000,ZR,non_handheld,桌面静置,recording,0.002944,0.569058,9.797753,0.000591,-0.001130,0.000313
153564510.000,ZR,non_handheld,桌面静置,recording,0.017629,0.564821,9.820830,0.000293,-0.002933,0.000586
153564520.000,ZR,non_handheld,桌面静置,recording,0.021534,0.565302,9.807282,0.000798,-0.000413,-0.000054
153564530.000,ZR,non_handheld,桌面静置,recording,0.025129,0.572115,9.790868,-0.000010,0.002491,-0.000888
153564540.000,ZR,non_handheld,桌面静置,recording,0.009156,0.565227,9.764488,0.000353,0.002308,-0.000922
153564550.000,ZR,non_handheld,桌面静置,recording,0.009773,0.579495,9.789497,0.000487,0.000411,-0.000448
153564560.000,ZR,non_handheld,桌面静置,recording,0.019269,0.569928,9.832414,0.000255,-0.001782,0.001133
153564570.000,ZR,non_handheld,桌面静置,recording,0.012575,0.573927,9.812814,0.000578,-0.001715,0.001098
153564580.000,ZR,non_handheld,桌面静置,recording,0.019528,0.586736,9.815153,-0.001355,0.000927,-0.000055
153564590.000,ZR,non_handheld,桌面静置,recording,0.023265,0.564365,9.774004,-0.000680,0.003240,-0.000802
153564600.000,ZR,non_handheld,桌面静置,recording,-0.002014,0.576394,9.776281,0.000576,0.002443,-0.000533
153564610.000,ZR,non_handheld,桌面静置,recording,-0.001316,0.567680,9.800901,0.000254,-0.000559,0.000265
153564620.000,ZR,non_handheld,桌面静置,recording,0.008705,0.561956,9.798123,0.000474,-0.002818,0.001555
153564630.000,ZR,non_handheld,桌面静置,recording,0.022416,0.575956,9.809044,0.000067,-0.003313,0.001030
153564640.000,ZR,non_handheld,桌面静置,recording,0.016100,0.567586,9.790679,-0.001035,0.001304,-0.001040
153564650.000,ZR,non_handheld,桌面静置,recording,0.004922,0.572065,9.783485,-0.000458,0.002527,-0.000701
153564660.000,ZR,non_handheld,桌面静置,recording,0.017248,0.571178,9.777494,0.000593,-0.000748,-0.000073
153564670.000,ZR,non_handheld,桌面静置,recording,0.003750,0.583735,9.817937,0.000542,-0.001054,-0.000210
153564680.000,ZR,non_handheld,桌面静置,recording,0.009777,0.572903,9.822069,0.000322,-0.001850,0.001317
153564690.000,ZR,non_handheld,桌面静置,recording,0.023220,0.574965,9.801793,0.001050,0.000219,0.000130
153564700.000,ZR,non_handheld,桌面静置,recording,0.019598,0.570604,9.787092,-0.000559,0.002254,-0.000463
153564710.000,ZR,non_handheld,桌面静置,recording,0.014463,0.572160,9.782577,-0.000883,0.000880,-0.000429
153564720.000,ZR,non_handheld,桌面静置,recording,0.016565,0.573767,9.790950,-0.000103,-0.000359,0.000114
153564730.000,ZR,non_handheld,桌面静置,recording,0.005474,0.577131,9.820566,-0.000221,-0.000796,0.001028
153564740.000,ZR,non_handheld,桌面静置,recording,0.016616,0.574677,9.803479,0.000474,-0.000170,-0.000209
153564750.000,ZR,non_handheld,桌面静置,recording,0.009085,0.578898,9.776472,0.000760,-0.000187,0.000587
153564760.000,ZR,non_handheld,桌面静置,recording,0.022629,0.569852,9.778528,0.000352,0.000185,0.000080
153564770.000,ZR,non_handheld,桌面静置,recording,0.013710,0.567077,9.791816,0.000338,0.000541,-0.000902
153564780.000,ZR,non_handheld,桌面静置,recording,0.012659,0.565531,9.799579,0.000019,0.001307,-0.000309
153564790.000,ZR,non_handheld,桌面静置,recording,0.014135,0.575736,9.823961,-0.000169,0.000761,-0.000142
153564800.000,ZR,non_handheld,桌面静置,recording,0.004360,0.569478,9.799472,0.000514,-0.000210,0.000268
153564810.000,ZR,non_handheld,桌面静置,recording,0.009203,0.572814,9.789179,0.001066,-0.003427,0.001029
153564820.000,ZR,non_handheld,桌面静置,recording,0.018414,0.576349,9.773294,0.000359,-0.001654,0.000633
153564830.000,ZR,non_handheld,桌面静置,recording,0.013413,0.580157,9.788660,0.000464,0.001671,0.000260
153564840.000,ZR,non_handheld,桌面静置,recording,0.015708,0.578843,9.809257,-0.000287,0.002967,-0.000091
153564850.000,ZR,non_handheld,桌面静置,recording,-0.004440,0.572276,9.809156,-0.000440,0.000875,-0.000734
153564860.000,ZR,non_handheld,桌面静置,recording,0.017873,0.566850,9.783932,-0.000114,-0.002792,0.000740
153564870.000,ZR,non_handheld,桌面静置,recording,0.011122,0.573988,9.775526,0.000811,-0.003511,0.001280
153564880.000,ZR,non_handheld,桌面静置,recording,0.034144,0.573456,9.792608,0.000815,-0.000690,0.000093
153564890.000,ZR,non_handheld,桌面静置,recording,0.014488,0.582880,9.805844,0.000299,0.002947,-0.000772
153564900.000,ZR,non_handheld,桌面静置,recording,0.015443,0.581641,9.817540,-0.001109,0.003924,-0.000855
153564910.000,ZR,non_handheld,桌面静置,recording,0.013139,0.566972,9.796058,0.000765,-0.000553,0.000163
153564920.000,ZR,non_handheld,桌面静置,recording,0.021564,0.574565,9.776523,0.000777,-0.006524,0.000505
153564930.000,ZR,non_handheld,桌面静置,recording,0.025752,0.577780,9.786793,0.000087,-0.002941,0.000400
153564940.000,ZR,non_handheld,桌面静置,recording,0.022145,0.564856,9.790526,-0.000680,0.002443,-0.000430
153564950.000,ZR,non_handheld,桌面静置,recording,0.026366,0.567694,9.819524,-0.000927,0.006690,-0.000384
153564960.000,ZR,non_handheld,桌面静置,recording,-0.000944,0.580338,9.796203,-0.000122,0.002874,-0.000817
153564970.000,ZR,non_handheld,桌面静置,recording,0.006611,0.571828,9.789141,-0.000094,-0.004244,0.001027
153564980.000,ZR,non_handheld,桌面静置,recording,0.026698,0.567553,9.753817,-0.000002,-0.006586,0.001291
153564990.000,ZR,non_handheld,桌面静置,recording,0.034302,0.562847,9.801634,0.000893,-0.001980,0.000427
153565000.000,ZR,non_handheld,桌面静置,recording,0.016437,0.579218,9.827427,-0.001443,0.004532,-0.000329
153565010.000,ZR,non_handheld,桌面静置,recording,0.011089,0.580269,9.812129,-0.001895,0.005971,-0.001477
153565020.000,ZR,non_handheld,桌面静置,recording,0.008748,0.571698,9.769546,-0.000261,0.000098,-0.000106
153565030.000,ZR,non_handheld,桌面静置,recording,0.009235,0.564455,9.769345,0.000428,-0.004828,0.001101
153565040.000,ZR,non_handheld,桌面静置,recording,0.025849,0.574735,9.792756,0.000529,-0.005793,0.001117
153565050.000,ZR,non_handheld,桌面静置,recording,0.022958,0.576328,9.811066,-0.000121,0.001380,-0.000845
153565060.000,ZR,non_handheld,桌面静置,recording,0.030269,0.579360,9.821221,-0.001521,0.005495,-0.000747
153565070.000,ZR,non_handheld,桌面静置,recording,0.023448,0.569089,9.781982,0.000255,0.002738,-0.000804
153565080.000,ZR,non_handheld,桌面静置,recording,-0.001118,0.562616,9.767359,0.000349,-0.003237,0.001001
153565090.000,ZR,non_handheld,桌面静置,recording,0.005974,0.574579,9.773781,-0.000648,-0.005802,0.001194
153565100.000,ZR,non_handheld,桌面静置,recording,0.030765,0.572997,9.812879,-0.000131,-0.001321,0.000912
153565110.000,ZR,non_handheld,桌面静置,recording,0.022038,0.587333,9.812542,-0.000724,0.003813,-0.000772
153565120.000,ZR,non_handheld,桌面静置,recording,0.019089,0.568467,9.806308,-0.000080,0.004014,-0.000588
153565130.000,ZR,non_handheld,桌面静置,recording,0.015490,0.568431,9.774390,0.000739,-0.000503,0.000014
153565140.000,ZR,non_handheld,桌面静置,recording,0.011483,0.571909,9.753877,0.000723,-0.003256,0.000474
153565150.000,ZR,non_handheld,桌面静置,recording,0.012132,0.579363,9.798108,-0.000055,-0.001173,0.000743
153565160.000,ZR,non_handheld,桌面静置,recording,0.018546,0.574176,9.829459,0.000680,0.000742,-0.000755
153565170.000,ZR,non_handheld,桌面静置,recording,0.015794,0.568503,9.826337,0.000095,0.001453,-0.000714
153565180.000,ZR,non_handheld,桌面静置,recording,0.013228,0.566286,9.776253,0.000329,0.000315,-0.000362
153565190.000,ZR,non_handheld,桌面静置,recording,0.005639,0.570021,9.770280,-0.000347,-0.001634,0.000298
153565200.000,ZR,non_handheld,桌面静置,recording,0.008877,0.570996,9.783978,0.000473,-0.001174,0.000074
153565210.000,ZR,non_handheld,桌面静置,recording,0.014559,0.564060,9.829964,0.000707,0.000300,0.000065
153565220.000,ZR,non_handheld,桌面静置,recording,0.017740,0.564036,9.815894,-0.000273,0.001480,-0.000639
153565230.000,ZR,non_handheld,桌面静置,recording,0.033446,0.559668,9.772004,-0.000146,0.000657,-0.000545
153565240.000,ZR,non_handheld,桌面静置,recording,0.006426,0.560467,9.772403,-0.000183,-0.000721,0.000096
153565250.000,ZR,non_handheld,桌面静置,recording,0.015601,0.568061,9.789476,0.000521,0.000164,-0.000426
153565260.000,ZR,non_handheld,桌面静置,recording,0.007737,0.572070,9.808714,0.000602,-0.000002,-0.000086
153565270.000,ZR,non_handheld,桌面静置,recording,0.019914,0.577657,9.820782,-0.000179,-0.000117,-0.000086
153565280.000,ZR,non_handheld,桌面静置,recording,0.017864,0.567968,9.804040,-0.000651,-0.000536,0.000216
153565290.000,ZR,non_handheld,桌面静置,recording,0.021927,0.569228,9.769766,0.000593,0.000375,-0.000734
153565300.000,ZR,non_handheld,桌面静置,recording,0.011161,0.573794,9.785913,-0.000318,0.001984,-0.001106
153565310.000,ZR,non_handheld,桌面静置,recording,0.000977,0.571021,9.797579,-0.000512,0.000979,-0.000127
153565320.000,ZR,non_handheld,桌面静置,recording,0.024385,0.575395,9.813900,-0.000040,-0.000840,0.000727
153565330.000,ZR,non_handheld,桌面静置,recording,0.014228,0.565625,9.819865,-0.000107,-0.002986,0.001215
153565340.000,ZR,non_handheld,桌面静置,recording,0.020725,0.574864,9.778794,-0.000508,-0.000392,-0.000257
153565350.000,ZR,non_handheld,桌面静置,recording,0.016668,0.569716,9.788079,0.000327,0.001620,-0.000594
153565360.000,ZR,non_handheld,桌面静置,recording,0.012806,0.568409,9.781160,0.000481,0.001801,-0.000789
153565370.000,ZR,non_handheld,桌面静置,recording,0.012558,0.572167,9.808390,0.000468,0.000176,-0.000972
153565380.000,ZR,non_handheld,桌面静置,recording,0.003183,0.570894,9.800743,-0.000209,-0.000751,0.000573
153565390.000,ZR,non_handheld,桌面静置,recording,0.001705,0.568298,9.793389,0.000282,-0.001624,0.000863
153565400.000,ZR,non_handheld,桌面静置,recording,0.017329,0.567083,9.797401,-0.000008,-0.001179,0.001442
153565410.000,ZR,non_handheld,桌面静置,recording,0.030238,0.563291,9.804279,0.000208,0.000192,-0.000574
153565420.000,ZR,non_handheld,桌面静置,recording,0.025370,0.561552,9.791484,-0.000196,0.002061,-0.000594
153565430.000,ZR,non_handheld,桌面静置,recording,0.011942,0.580697,9.782080,0.000141,0.001292,-0.000234
153565440.000,ZR,non_handheld,桌面静置,recording,0.014545,0.573109,9.800431,0.000216,-0.001440,0.001009
153565450.000,ZR,non_handheld,桌面静置,recording,0.016269,0.569249,9.797570,0.000976,-0.001576,0.000434
153565460.000,ZR,non_handheld,桌面静置,recording,0.012144,0.562339,9.806012,-0.000460,-0.001587,0.000976
153565470.000,ZR,non_handheld,桌面静置,recording,0.014609,0.570072,9.790000,-0.000476,0.000210,-0.000061
153565480.000,ZR,non_handheld,桌面静置,recording,0.023449,0.572411,9.800752,0.000024,0.001185,-0.000705
153565490.000,ZR,non_handheld,桌面静置,recording,0.017366,0.569157,9.804122,0.000169,0.001338,-0.000972
153565500.000,ZR,non_handheld,桌面静置,recording,0.000914,0.569189,9.799134,0.000004,-0.000057,0.000117
153565510.000,ZR,non_handheld,桌面静置,recording,0.015860,0.568656,9.814210,-0.000060,-0.001817,0.001095
153565520.000,ZR,non_handheld,桌面静置,recording,0.030922,0.566496,9.795906,0.000619,-0.001276,0.000051
153565530.000,ZR,non_handheld,桌面静置,recording,0.024211,0.575146,9.783947,-0.000211,0.000440,-0.000443
153565540.000,ZR,non_handheld,桌面静置,recording,0.019127,0.569917,9.794258,0.000670,0.003049,-0.000392
153565550.000,ZR,non_handheld,桌面静置,recording,-0.003880,0.568820,9.803866,0.000399,0.002290,-0.000954
153565560.000,ZR,non_handheld,桌面静置,recording,0.003641,0.561887,9.802121,-0.000475,-0.001385,0.000546
153565570.000,ZR,non_handheld,桌面静置,recording,0.028942,0.565792,9.801090,0.001177,-0.004641,0.000729
153565580.000,ZR,non_handheld,桌面静置,recording,0.017544,0.561589,9.795473,0.000003,-0.003144,0.000713
153565590.000,ZR,non_handheld,桌面静置,recording,0.028566,0.571747,9.790385,0.000088,0.002883,-0.000443
153565600.000,ZR,non_handheld,桌面静置,recording,0.018071,0.569609,9.797787,-0.001582,0.005941,-0.000774
153565610.000,ZR,non_handheld,桌面静置,recording,-0.001436,0.584396,9.801656,-0.000065,0.001863,-0.000394
153565620.000,ZR,non_handheld,桌面静置,recording,0.000498,0.572465,9.805345,0.000267,-0.005699,0.000959
153565630.000,ZR,non_handheld,桌面静置,recording,0.015920,0.570026,9.792362,0.002909,-0.007267,0.001208
153565640.000,ZR,non_handheld,桌面静置,recording,0.026544,0.575794,9.770090,-0.000326,-0.000795,-0.000029
153565650.000,ZR,non_handheld,桌面静置,recording,0.021802,0.563159,9.810320,-0.001532,0.006007,-0.000774
153565660.000,ZR,non_handheld,桌面静置,recording,0.004761,0.579479,9.805910,-0.000391,0.004978,-0.001170
153565670.000,ZR,non_handheld,桌面静置,recording,0.005238,0.565555,9.796874,0.000052,-0.002102,0.000942
153565680.000,ZR,non_handheld,桌面静置,recording,0.021086,0.564796,9.788377,-0.000655,-0.007400,0.001059
153565690.000,ZR,non_handheld,桌面静置,recording,0.020791,0.573099,9.788752,0.000449,-0.004585,0.000876
153565700.000,ZR,non_handheld,桌面静置,recording,0.032531,0.563810,9.798168,-0.000394,0.003175,-0.000724
153565710.000,ZR,non_handheld,桌面静置,recording,0.002856,0.571794,9.802621,-0.001087,0.007326,-0.000955
153565720.000,ZR,non_handheld,桌面静置,recording,0.002145,0.576923,9.790049,-0.001299,0.003074,0.000003
153565730.000,ZR,non_handheld,桌面静置,recording,0.000489,0.573726,9.780322,0.000842,-0.004416,0.000797
153565740.000,ZR,non_handheld,桌面静置,recording,0.021684,0.577793,9.788100,-0.000110,-0.007143,0.000782
153565750.000,ZR,non_handheld,桌面静置,recording,0.022251,0.572617,9.804760,0.000727,-0.000489,-0.000507
153565760.000,ZR,non_handheld,桌面静置,recording,0.025019,0.572249,9.805564,-0.000079,0.006041,-0.000906
153565770.000,ZR,non_handheld,桌面静置,recording,0.018188,0.563391,9.810240,-0.000968,0.005356,-0.000790
153565780.000,ZR,non_handheld,桌面静置,recording,-0.004479,0.574839,9.779188,-0.000193,-0.000277,0.000579
153565790.000,ZR,non_handheld,桌面静置,recording,0.017032,0.565022,9.788777,-0.000357,-0.004485,0.000778
153565800.000,ZR,non_handheld,桌面静置,recording,0.020164,0.578824,9.789904,-0.000080,-0.003939,0.000766
153565810.000,ZR,non_handheld,桌面静置,recording,0.021767,0.584946,9.818484,-0.000541,0.002001,-0.000444
153565820.000,ZR,non_handheld,桌面静置,recording,0.015323,0.569416,9.805725,-0.000911,0.005606,-0.001230
153565830.000,ZR,non_handheld,桌面静置,recording,0.010878,0.569423,9.784569,0.000002,0.002149,0.000020
153565840.000,ZR,non_handheld,桌面静置,recording,-0.002624,0.573422,9.768655,0.000524,-0.002557,0.001062
153565850.000,ZR,non_handheld,桌面静置,recording,0.012190,0.569416,9.806338,0.000556,-0.004391,0.001553
153565860.000,ZR,non_handheld,桌面静置,recording,0.021729,0.578563,9.825437,0.000532,-0.000740,0.000823
153565870.000,ZR,non_handheld,桌面静置,recording,0.018614,0.569602,9.796683,-0.000508,0.003185,-0.000692
153565880.000,ZR,non_handheld,桌面静置,recording,0.011259,0.568417,9.780564,-0.000050,0.003377,-0.000641
153565890.000,ZR,non_handheld,桌面静置,recording,0.016132,0.573179,9.767710,0.000185,-0.000257,-0.000310
153565900.000,ZR,non_handheld,桌面静置,recording,0.012015,0.569391,9.807892,-0.000430,-0.004198,0.000266
153565910.000,ZR,non_handheld,桌面静置,recording,0.017270,0.579336,9.818803,0.000479,-0.002604,0.000993
153565920.000,ZR,non_handheld,桌面静置,recording,0.022403,0.573373,9.820074,-0.000056,0.000573,-0.000053
153565930.000,ZR,non_handheld,桌面静置,recording,0.015362,0.574621,9.801865,-0.000649,0.003311,-0.000800
153565940.000,ZR,non_handheld,桌面静置,recording,0.004094,0.566711,9.778143,-0.000008,0.002265,-0.000921
153565950.000,ZR,non_handheld,桌面静置,recording,0.004880,0.569343,9.790681,0.000435,0.000202,-0.000714
153565960.000,ZR,non_handheld,桌面静置,recording,0.013185,0.568036,9.807959,-0.000387,-0.003539,0.000954
153565970.000,ZR,non_handheld,桌面静置,recording,0.021170,0.563332,9.823902,-0.000046,-0.002574,0.000578
153565980.000,ZR,non_handheld,桌面静置,recording,0.019635,0.582766,9.811765,-0.000138,0.001143,0.000099
153565990.000,ZR,non_handheld,桌面静置,recording,0.026176,0.569922,9.784575,-0.001318,0.004337,-0.000209
153566000.000,ZR,non_handheld,桌面静置,recording,0.006579,0.571139,9.769399,0.000174,0.002361,0.000051
153566010.000,ZR,non_handheld,桌面静置,recording,0.009656,0.563701,9.784099,-0.000339,-0.001441,0.000323
153566020.000,ZR,non_handheld,桌面静置,recording,-0.000101,0.574098,9.816341,0.001372,-0.003457,0.001180
153566030.000,ZR,non_handheld,桌面静置,recording,0.034585,0.575284,9.810503,-0.000014,-0.002093,0.001044
153566040.000,ZR,non_handheld,桌面静置,recording,0.028900,0.562897,9.787753,-0.000060,0.001264,-0.000302
153566050.000,ZR,non_handheld,桌面静置,recording,0.021970,0.573012,9.774428,-0.000817,0.003375,-0.000865
153566060.000,ZR,non_handheld,桌面静置,recording,0.013035,0.566102,9.794075,0.000623,0.000932,-0.001158
153566070.000,ZR,non_handheld,桌面静置,recording,0.002907,0.568137,9.808585,0.000623,-0.001712,0.001163
153566080.000,ZR,non_handheld,桌面静置,recording,0.008596,0.577536,9.811884,0.000721,-0.001610,0.000307
153566090.000,ZR,non_handheld,桌面静置,recording,0.021831,0.571059,9.800073,-0.000354,-0.000728,0.000456
153566100.000,ZR,non_handheld,桌面静置,recording,0.010740,0.570819,9.789689,-0.000418,0.002747,-0.000114
153566110.000,ZR,non_handheld,桌面静置,recording,0.012519,0.579712,9.795979,0.000437,0.002210,-0.000082
153566120.000,ZR,non_handheld,桌面静置,recording,0.026109,0.564532,9.798660,0.000382,0.000158,-0.000359
153566130.000,ZR,non_handheld,桌面静置,recording,0.008581,0.580345,9.808354,0.000120,-0.002398,0.000414
153566140.000,ZR,non_handheld,桌面静置,recording,0.025671,0.569571,9.814310,-0.000045,-0.000787,0.000992
153566150.000,ZR,non_handheld,桌面静置,recording,0.011845,0.579387,9.791600,0.000737,0.000420,-0.000879
153566160.000,ZR,non_handheld,桌面静置,recording,0.014690,0.568161,9.793857,0.000657,0.001234,-0.000271
153566170.000,ZR,non_handheld,桌面静置,recording,0.029598,0.562886,9.775378,-0.000713,0.000688,0.000210
153566180.000,ZR,non_handheld,桌面静置,recording,0.015327,0.576494,9.805167,0.000394,-0.000287,-0.000498
153566190.000,ZR,non_handheld,桌面静置,recording,0.007352,0.574344,9.821167,0.000110,0.000467,-0.000379
153566200.000,ZR,non_handheld,桌面静置,recording,0.016704,0.568680,9.803269,-0.000609,-0.000192,-0.000558
153566210.000,ZR,non_handheld,桌面静置,recording,0.024004,0.559285,9.782751,0.000411,0.000401,-0.000461
153566220.000,ZR,non_handheld,桌面静置,recording,0.015273,0.573896,9.787453,0.000123,0.000476,-0.000157
153566230.000,ZR,non_handheld,桌面静置,recording,0.011533,0.561875,9.806894,0.000278,0.000796,-0.000553
153566240.000,ZR,non_handheld,桌面静置,recording,0.013056,0.574101,9.796391,-0.000265,0.000818,-0.000514
153566250.000,ZR,non_handheld,桌面静置,recording,0.008736,0.569385,9.812155,0.000209,0.000092,0.000017
153566260.000,ZR,non_handheld,桌面静置,recording,0.011081,0.570676,9.794310,0.000003,-0.001611,0.000569
153566270.000,ZR,non_handheld,桌面静置,recording,0.019987,0.572211,9.791705,0.000338,-0.001727,0.000636
153566280.000,ZR,non_handheld,桌面静置,recording,0.016599,0.565309,9.778759,0.000584,-0.000238,0.000435
153566290.000,ZR,non_handheld,桌面静置,recording,0.011818,0.578885,9.804629,0.000446,0.000977,-0.000385
153566300.000,ZR,non_handheld,桌面静置,recording,0.013827,0.577700,9.812176,-0.000262,0.001525,-0.000362
153566310.000,ZR,non_handheld,桌面静置,recording,0.022204,0.578871,9.811928,0.000158,0.000638,-0.000617
153566320.000,ZR,non_handheld,桌面静置,recording,0.011003,0.571374,9.781745,0.000663,-0.003318,0.001254
153566330.000,ZR,non_handheld,桌面静置,recording,0.023282,0.566270,9.775771,0.001473,-0.004324,0.001025
153566340.000,ZR,non_handheld,桌面静置,recording,0.012775,0.577609,9.803593,0.000919,0.000615,-0.000709
153566350.000,ZR,non_handheld,桌面静置,recording,0.019018,0.570375,9.826797,-0.000812,0.005262,-0.000535
153566360.000,ZR,non_handheld,桌面静置,recording,0.006246,0.571903,9.797791,0.000613,0.002512,0.000004
153566370.000,ZR,non_handheld,桌面静置,recording,0.010176,0.575310,9.782104,0.000474,-0.003532,0.000813
153566380.000,ZR,non_handheld,桌面静置,recording,0.020037,0.559927,9.773251,0.000792,-0.006098,0.000945
153566390.000,ZR,non_handheld,桌面静置,recording,0.024419,0.567872,9.794360,0.000382,-0.000993,0.000050
153566400.000,ZR,non_handheld,桌面静置,recording,0.025768,0.568295,9.819464,-0.000459,0.004855,-0.000810
153566410.000,ZR,non_handheld,桌面静置,recording,0.010032,0.565759,9.825942,-0.000546,0.005581,-0.000840
153566420.000,ZR,non_handheld,桌面静置,recording,0.005420,0.573281,9.784313,0.000795,0.000137,-0.000861
153566430.000,ZR,non_handheld,桌面静置,recording,0.008328,0.562769,9.797500,0.000170,-0.005737,0.001459
153566440.000,ZR,non_handheld,桌面静置,recording,0.012376,0.568637,9.787825,0.000809,-0.004284,0.001024
153566450.000,ZR,non_handheld,桌面静置,recording,0.029637,0.572365,9.817027,-0.001245,0.000890,-0.000662
153566460.000,ZR,non_handheld,桌面静置,recording,0.017334,0.568757,9.819674,-0.000424,0.005914,-0.000437
153566470.000,ZR,non_handheld,桌面静置,recording,0.021058,0.576053,9.791868,-0.000945,0.002523,-0.000212
153566480.000,ZR,non_handheld,桌面静置,recording,0.011587,0.568255,9.775083,0.000406,-0.001672,0.000732
153566490.000,ZR,non_handheld,桌面静置,recording,0.015141,0.578961,9.780267,-0.000044,-0.004682,0.001217
153566500.000,ZR,non_handheld,桌面静置,recording,0.026667,0.567648,9.816361,0.000794,-0.000393,-0.000551
153566510.000,ZR,non_handheld,桌面静置,recording,0.023985,0.572909,9.830885,-0.000586,0.003641,-0.000759
153566520.000,ZR,non_handheld,桌面静置,recording,0.017536,0.570659,9.789731,0.000425,0.002600,-0.001080
153566530.000,ZR,non_handheld,桌面静置,recording,0.012175,0.566844,9.775567,0.000729,-0.000454,0.000479
153566540.000,ZR,non_handheld,桌面静置,recording,0.008720,0.574820,9.782542,-0.000814,-0.002786,0.000669
153566550.000,ZR,non_handheld,桌面静置,recording,0.009810,0.571869,9.803572,0.000280,-0.001884,0.000960
153566560.000,ZR,non_handheld,桌面静置,recording,0.032492,0.584286,9.822136,-0.000493,0.000493,-0.000182
153566570.000,ZR,non_handheld,桌面静置,recording,0.023488,0.569190,9.802344,-0.000137,0.001282,-0.000262
153566580.000,ZR,non_handheld,桌面静置,recording,0.005679,0.568987,9.771673,0.000488,0.000158,0.000093
153566590.000,ZR,non_handheld,桌面静置,recording,0.013080,0.577180,9.776083,-0.000381,-0.001934,0.000768
153566600.000,ZR,non_handheld,桌面静置,recording,0.015773,0.570149,9.797821,0.000360,-0.000646,0.000733
153566610.000,ZR,non_handheld,桌面静置,recording,0.021866,0.579550,9.817967,-0.000042,-0.000070,-0.000535
153566620.000,ZR,non_handheld,桌面静置,recording,0.026060,0.574166,9.811797,0.000567,0.000925,-0.000532
153566630.000,ZR,non_handheld,桌面静置,recording,0.002318,0.566154,9.780684,0.000518,0.000785,-0.000468
153566640.000,ZR,non_handheld,桌面静置,recording,0.026007,0.580053,9.778973,0.000116,-0.000602,0.000268
153566650.000,ZR,non_handheld,桌面静置,recording,-0.003448,0.566499,9.774576,-0.000090,-0.001085,0.000818
153566660.000,ZR,non_handheld,桌面静置,recording,0.024669,0.571267,9.816252,-0.000396,-0.000514,0.000633
153566670.000,ZR,non_handheld,桌面静置,recording,0.012068,0.571115,9.821797,0.000088,0.000576,-0.000440
153566680.000,ZR,non_handheld,桌面静置,recording,0.016917,0.573515,9.794386,-0.000683,0.003029,-0.001128
153566690.000,ZR,non_handheld,桌面静置,recording,0.013061,0.575851,9.765012,-0.000268,0.000878,-0.000518
153566700.000,ZR,non_handheld,桌面静置,recording,0.007044,0.562997,9.781667,-0.000204,-0.001603,-0.000150
153566710.000,ZR,non_handheld,桌面静置,recording,0.009448,0.573309,9.821288,-0.000059,-0.002319,0.000332
153566720.000,ZR,non_handheld,桌面静置,recording,0.024079,0.578066,9.827411,-0.000715,-0.000356,-0.000121
153566730.000,ZR,non_handheld,桌面静置,recording,0.021484,0.562578,9.800918,-0.000104,0.002055,-0.000051
153566740.000,ZR,non_handheld,桌面静置,recording,0.005759,0.567094,9.780055,-0.000409,0.002386,-0.000818
153566750.000,ZR,non_handheld,桌面静置,recording,0.020141,0.573395,9.782771,0.000826,0.000377,-0.000213
153566760.000,ZR,non_handheld,桌面静置,recording,0.007821,0.566605,9.797976,0.000350,-0.001802,0.000616
153566770.000,ZR,non_handheld,桌面静置,recording,0.023846,0.580872,9.805844,-0.000133,0.000075,-0.000164
153566780.000,ZR,non_handheld,桌面静置,recording,0.009599,0.572836,9.815405,0.000909,0.001177,-0.000250
153566790.000,ZR,non_handheld,桌面静置,recording,0.014364,0.561771,9.791625,-0.000613,0.000654,-0.000728
153566800.000,ZR,non_handheld,桌面静置,recording,0.017032,0.571388,9.767984,0.000278,-0.000828,-0.000227
153566810.000,ZR,non_handheld,桌面静置,recording,0.027711,0.563011,9.782445,0.000198,-0.001708,0.000878
153566820.000,ZR,non_handheld,桌面静置,recording,0.020096,0.569902,9.816945,0.000501,0.000046,-0.000485
153566830.000,ZR,non_handheld,桌面静置,recording,0.010850,0.574487,9.818356,0.000140,0.001050,-0.001116
153566840.000,ZR,non_handheld,桌面静置,recording,0.018173,0.576976,9.799484,0.000553,0.000668,-0.000562
153566850.000,ZR,non_handheld,桌面静置,recording,0.021882,0.567258,9.781750,0.000155,-0.000593,0.000593
153566860.000,ZR,non_handheld,桌面静置,recording,0.017732,0.575562,9.790696,0.000553,0.000272,-0.000314
153566870.000,ZR,non_handheld,桌面静置,recording,0.013190,0.571965,9.798819,-0.000164,0.000181,-0.000425
153566880.000,ZR,non_handheld,桌面静置,recording,0.013014,0.573322,9.831059,0.000461,0.000248,-0.000724
153566890.000,ZR,non_handheld,桌面静置,recording,0.013453,0.580080,9.810589,0.000568,0.000509,-0.000425
153566900.000,ZR,non_handheld,桌面静置,recording,0.003974,0.578454,9.790020,-0.000316,-0.000179,0.000141
153566910.000,ZR,non_handheld,桌面静置,recording,0.015508,0.565468,9.778494,0.000981,-0.000862,0.000214
153566920.000,ZR,non_handheld,桌面静置,recording,0.003712,0.576561,9.789569,-0.000338,-0.000194,-0.000022
153566930.000,ZR,non_handheld,桌面静置,recording,0.014380,0.577300,9.802695,0.000450,0.000953,0.000286
153566940.000,ZR,non_handheld,桌面静置,recording,0.016047,0.565930,9.800785,0.000064,0.001048,-0.000484
153566950.000,ZR,non_handheld,桌面静置,recording,0.021976,0.573122,9.790536,-0.000227,0.000391,-0.000584
153566960.000,ZR,non_handheld,桌面静置,recording,0.015622,0.562946,9.774565,-0.000184,-0.002147,0.001271
153566970.000,ZR,non_handheld,桌面静置,recording,0.031179,0.572060,9.773812,0.001314,-0.001902,0.000652
153566980.000,ZR,non_handheld,桌面静置,recording,0.028359,0.575084,9.800781,0.000871,0.000756,-0.000339
153566990.000,ZR,non_handheld,桌面静置,recording,0.011425,0.579142,9.815380,-0.000413,0.002533,-0.000086
153567000.000,ZR,non_handheld,桌面静置,recording,-0.004153,0.583673,9.803610,0.000766,0.001634,-0.000483
153567010.000,ZR,non_handheld,桌面静置,recording,0.014869,0.567852,9.782817,0.000632,-0.002490,0.000833
153567020.000,ZR,non_handheld,桌面静置,recording,0.029125,0.560691,9.776913,-0.000144,-0.004216,0.000879
153567030.000,ZR,non_handheld,桌面静置,recording,0.014918,0.577356,9.797525,0.000484,-0.000527,0.000033
153567040.000,ZR,non_handheld,桌面静置,recording,0.017920,0.580653,9.813156,-0.001040,0.004357,-0.001620
153567050.000,ZR,non_handheld,桌面静置,recording,0.007238,0.573983,9.808783,-0.000042,0.002503,-0.001856
153567060.000,ZR,non_handheld,桌面静置,recording,0.008273,0.565044,9.779539,0.000165,-0.000938,0.000356
153567070.000,ZR,non_handheld,桌面静置,recording,0.002136,0.575716,9.780231,0.000017,-0.005196,0.000638
153567080.000,ZR,non_handheld,桌面静置,recording,0.020927,0.567837,9.796634,-0.000800,-0.001760,0.000306
153567090.000,ZR,non_handheld,桌面静置,recording,0.025538,0.583909,9.820354,0.000245,0.001976,-0.000855
153567100.000,ZR,non_handheld,桌面静置,recording,0.011262,0.574429,9.805082,-0.000819,0.004393,-0.000652
153567110.000,ZR,non_handheld,桌面静置,recording,0.015942,0.565741,9.797284,-0.000762,0.001491,0.000128
153567120.000,ZR,non_handheld,桌面静置,recording,-0.000395,0.569758,9.770134,-0.000587,-0.002906,0.000444
153567130.000,ZR,non_handheld,桌面静置,recording,0.016495,0.577491,9.786666,0.000133,-0.003926,0.000991
153567140.000,ZR,non_handheld,桌面静置,recording,0.020296,0.563748,9.814087,-0.000214,0.000410,0.000211
153567150.000,ZR,non_handheld,桌面静置,recording,0.016611,0.577074,9.819533,-0.000468,0.005181,-0.001076
153567160.000,ZR,non_handheld,桌面静置,recording,0.016621,0.570791,9.785935,-0.000020,0.003227,-0.000496
153567170.000,ZR,non_handheld,桌面静置,recording,0.007126,0.569055,9.755704,0.000298,-0.002179,-0.000068
153567180.000,ZR,non_handheld,桌面静置,recording,0.002754,0.568436,9.773163,-0.000605,-0.004761,0.001324
153567190.000,ZR,non_handheld,桌面静置,recording,0.020805,0.581789,9.813887,0.000142,-0.001288,-0.000383
153567200.000,ZR,non_handheld,桌面静置,recording,0.024794,0.579814,9.820168,0.000145,0.002842,-0.000226
153567210.000,ZR,non_handheld,桌面静置,recording,0.016946,0.570909,9.792601,0.000296,0.002988,-0.000464
153567220.000,ZR,non_handheld,桌面静置,recording,0.006957,0.559260,9.770686,0.000901,0.000029,0.000300
153567230.000,ZR,non_handheld,桌面静置,recording,0.016408,0.570604,9.781486,-0.000450,-0.003759,0.000614
153567240.000,ZR,non_handheld,桌面静置,recording,0.019260,0.565884,9.805452,-0.000513,-0.002722,0.001529
153567250.000,ZR,non_handheld,桌面静置,recording,0.012481,0.588793,9.825116,0.000059,0.002231,-0.000653
153567260.000,ZR,non_handheld,桌面静置,recording,0.021399,0.566514,9.809073,-0.000743,0.004046,-0.001135
153567270.000,ZR,non_handheld,桌面静置,recording,0.002950,0.558130,9.773075,0.000076,0.001004,-0.000034
153567280.000,ZR,non_handheld,桌面静置,recording,0.013825,0.574945,9.778192,0.000207,-0.002745,0.000709
153567290.000,ZR,non_handheld,桌面静置,recording,0.018230,0.568867,9.803188,0.000267,-0.002629,0.000863
153567300.000,ZR,non_handheld,桌面静置,recording,0.020182,0.572653,9.826230,-0.000169,0.000614,-0.000230
153567310.000,ZR,non_handheld,桌面静置,recording,0.015472,0.565660,9.825268,-0.000998,0.003237,-0.000305
153567320.000,ZR,non_handheld,桌面静置,recording,0.006169,0.570281,9.793292,-0.000618,0.002407,-0.000636
153567330.000,ZR,non_handheld,桌面静置,recording,0.013177,0.577485,9.754181,-0.000651,-0.000472,0.000521
153567340.000,ZR,non_handheld,桌面静置,recording,0.017902,0.578648,9.783019,0.001150,-0.002620,0.000722
153567350.000,ZR,non_handheld,桌面静置,recording,0.019570,0.584912,9.816295,0.000402,-0.000711,0.000039
153567360.000,ZR,non_handheld,桌面静置,recording,0.024458,0.568652,9.838196,-0.000569,0.002232,-0.000763
153567370.000,ZR,non_handheld,桌面静置,recording,0.013386,0.574483,9.793989,-0.000151,0.002342,-0.000666
153567380.000,ZR,non_handheld,桌面静置,recording,0.004427,0.566440,9.765496,0.000697,0.000823,-0.000904
153567390.000,ZR,non_handheld,桌面静置,recording,0.013970,0.566291,9.789129,0.000788,-0.000806,0.000710
153567400.000,ZR,non_handheld,桌面静置,recording,0.006901,0.572694,9.799984,0.000074,-0.001382,0.000960
153567410.000,ZR,non_handheld,桌面静置,recording,0.029640,0.570318,9.816254,-0.000028,0.000399,0.000318
153567420.000,ZR,non_handheld,桌面静置,recording,0.016787,0.584539,9.807731,-0.000336,0.000336,0.000006
153567430.000,ZR,non_handheld,桌面静置,recording,0.023428,0.565979,9.779292,-0.000496,0.000197,-0.000494
153567440.000,ZR,non_handheld,桌面静置,recording,0.015816,0.561490,9.777911,0.000195,0.000024,-0.000231
153567450.000,ZR,non_handheld,桌面静置,recording,0.016659,0.572924,9.789889,-0.000225,0.000260,-0.000636
153567460.000,ZR,non_handheld,桌面静置,recording,0.010163,0.577412,9.808506,-0.000413,-0.000303,0.000804
153567470.000,ZR,non_handheld,桌面静置,recording,0.013568,0.560837,9.802408,-0.000350,0.000136,-0.000307
153567480.000,ZR,non_handheld,桌面静置,recording,0.018487,0.572721,9.800227,0.000196,0.000635,-0.000686
153567490.000,ZR,non_handheld,桌面静置,recording,0.005489,0.577900,9.780435,-0.000244,0.000448,-0.000246
153567500.000,ZR,non_handheld,桌面静置,recording,0.015325,0.568379,9.784142,0.000399,0.000337,-0.000165
153567510.000,ZR,non_handheld,桌面静置,recording,0.014000,0.571917,9.806063,-0.000243,0.000430,-0.000886
153567520.000,ZR,non_handheld,桌面静置,recording,0.017835,0.580462,9.807410,-0.000339,0.000605,0.000003
153567530.000,ZR,non_handheld,桌面静置,recording,0.006160,0.569060,9.795082,-0.000444,0.000539,-0.000635
153567540.000,ZR,non_handheld,桌面静置,recording,0.024458,0.573930,9.787146,0.000710,-0.000228,-0.000398
153567550.000,ZR,non_handheld,桌面静置,recording,0.011876,0.568829,9.774872,0.000696,-0.002132,0.000414
153567560.000,ZR,non_handheld,桌面静置,recording,0.014585,0.571975,9.799590,0.000214,0.000099,-0.000431
153567570.000,ZR,non_handheld,桌面静置,recording,0.012735,0.576011,9.817099,0.000692,0.001656,-0.000462
153567580.000,ZR,non_handheld,桌面静置,recording,0.013328,0.584529,9.796412,-0.000086,0.000680,-0.000731
153567590.000,ZR,non_handheld,桌面静置,recording,0.021881,0.559291,9.800476,-0.000005,-0.001398,0.000635
153567600.000,ZR,non_handheld,桌面静置,recording,0.008865,0.583600,9.790409,0.000622,-0.002002,0.001053
153567610.000,ZR,non_handheld,桌面静置,recording,0.027985,0.573151,9.778164,0.000567,-0.000677,0.000083
153567620.000,ZR,non_handheld,桌面静置,recording,0.019529,0.576432,9.797386,0.000978,0.001252,-0.000655
153567630.000,ZR,non_handheld,桌面静置,recording,0.009934,0.577618,9.819876,-0.000316,0.002467,-0.000993
153567640.000,ZR,non_handheld,桌面静置,recording,0.013192,0.581358,9.814672,0.000764,0.000333,-0.000745
153567650.000,ZR,non_handheld,桌面静置,recording,0.011936,0.566100,9.782538,0.000229,-0.003544,0.000650
153567660.000,ZR,non_handheld,桌面静置,recording,0.022964,0.565614,9.783486,0.000490,-0.003319,0.001146
153567670.000,ZR,non_handheld,桌面静置,recording,0.018276,0.565887,9.791998,0.000083,0.000457,-0.000094
153567680.000,ZR,non_handheld,桌面静置,recording,0.019018,0.586976,9.804727,-0.000134,0.003543,-0.001170
153567690.000,ZR,non_handheld,桌面静置,recording,-0.001568,0.575726,9.793512,-0.000285,0.003038,-0.000417
153567700.000,ZR,non_handheld,桌面静置,recording,0.013759,0.578058,9.786058,0.000459,-0.000807,0.000168
153567710.000,ZR,non_handheld,桌面静置,recording,0.013400,0.564237,9.774110,-0.000160,-0.004958,0.001331
153567720.000,ZR,non_handheld,桌面静置,recording,0.027745,0.562690,9.790752,0.000378,-0.002513,0.000728
153567730.000,ZR,non_handheld,桌面静置,recording,0.024942,0.572539,9.812260,-0.000152,0.003055,-0.000219
153567740.000,ZR,non_handheld,桌面静置,recording,0.009788,0.585649,9.811801,-0.001152,0.006799,-0.001381
153567750.000,ZR,non_handheld,桌面静置,recording,0.001948,0.562894,9.778877,0.000360,0.001234,-0.000105
153567760.000,ZR,non_handheld,桌面静置,recording,-0.003744,0.564529,9.779695,-0.000073,-0.005797,0.001399
153567770.000,ZR,non_handheld,桌面静置,recording,0.022463,0.566903,9.794682,-0.000003,-0.006945,0.001244
153567780.000,ZR,non_handheld,桌面静置,recording,0.023237,0.574442,9.805070,0.000356,0.000093,-0.000817
153567790.000,ZR,non_handheld,桌面静置,recording,0.018140,0.573868,9.825123,-0.000784,0.007089,-0.001651
153567800.000,ZR,non_handheld,桌面静置,recording,0.005253,0.576268,9.786549,-0.001041,0.006073,-0.000835
153567810.000,ZR,non_handheld,桌面静置,recording,0.009391,0.575282,9.779946,-0.000335,-0.001962,0.000518
153567820.000,ZR,non_handheld,桌面静置,recording,0.019677,0.567932,9.770842,0.000447,-0.007833,0.000897
153567830.000,ZR,non_handheld,桌面静置,recording,0.027511,0.569643,9.801671,0.000457,-0.003501,0.000431
153567840.000,ZR,non_handheld,桌面静置,recording,0.034453,0.575311,9.829942,-0.000402,0.004275,-0.000738
153567850.000,ZR,non_handheld,桌面静置,recording,0.023687,0.569717,9.814126,-0.002343,0.006511,-0.000609
153567860.000,ZR,non_handheld,桌面静置,recording,0.002637,0.567792,9.773832,0.000594,0.001550,-0.001543
153567870.000,ZR,non_handheld,桌面静置,recording,0.009539,0.562566,9.772963,0.000348,-0.005632,0.001016
153567880.000,ZR,non_handheld,桌面静置,recording,-0.002285,0.570936,9.794079,-0.000067,-0.004550,0.001008
153567890.000,ZR,non_handheld,桌面静置,recording,0.014544,0.578026,9.834008,0.000519,-0.000044,-0.000161
153567900.000,ZR,non_handheld,桌面静置,recording,0.021394,0.567742,9.791762,-0.001486,0.005235,-0.001154
153567910.000,ZR,non_handheld,桌面静置,recording,0.009071,0.557448,9.782888,-0.000294,0.003797,-0.001014
153567920.000,ZR,non_handheld,桌面静置,recording,0.010079,0.572944,9.760921,0.001102,-0.002712,0.000968
153567930.000,ZR,non_handheld,桌面静置,recording,0.000867,0.559164,9.789769,0.000206,-0.004451,0.001316
153567940.000,ZR,non_handheld,桌面静置,recording,0.020877,0.580488,9.810322,0.000246,-0.002533,0.000797
153567950.000,ZR,non_handheld,桌面静置,recording,0.028908,0.562664,9.816307,-0.000370,0.002001,-0.001067
153567960.000,ZR,non_handheld,桌面静置,recording,0.006186,0.563355,9.787792,-0.000407,0.003008,0.000159
153567970.000,ZR,non_handheld,桌面静置,recording,-0.001215,0.573615,9.772325,-0.000124,0.000490,-0.000388
153567980.000,ZR,non_handheld,桌面静置,recording,0.002132,0.575399,9.772803,0.000919,-0.001913,0.000855
153567990.000,ZR,non_handheld,桌面静置,recording,0.018331,0.570181,9.808760,0.000762,-0.003075,0.000380
153568000.000,ZR,non_handheld,桌面静置,recording,0.018002,0.584558,9.823029,-0.000524,0.000033,-0.000439
153568010.000,ZR,non_handheld,桌面静置,recording,0.031477,0.569422,9.811081,0.000127,0.001465,-0.000133
153568020.000,ZR,non_handheld,桌面静置,recording,0.006662,0.560183,9.771807,-0.000418,0.002128,-0.000825
153568030.000,ZR,non_handheld,桌面静置,recording,0.005706,0.581206,9.773179,0.000112,0.000421,-0.000715
153568040.000,ZR,non_handheld,桌面静置,recording,0.012142,0.566542,9.800642,0.000589,-0.002781,0.001002
153568050.000,ZR,non_handheld,桌面静置,recording,0.021292,0.571532,9.820928,0.000020,-0.002180,0.000546
153568060.000,ZR,non_handheld,桌面静置,recording,0.028376,0.581544,9.812471,0.000847,0.000070,-0.000825
153568070.000,ZR,non_handheld,桌面静置,recording,0.016546,0.563726,9.781280,-0.000340,0.003106,-0.000746
153568080.000,ZR,non_handheld,桌面静置,recording,0.007872,0.568328,9.763156,0.000167,0.001539,-0.000446
153568090.000,ZR,non_handheld,桌面静置,recording,0.009664,0.574932,9.782008,-0.000046,-0.001622,0.000007
153568100.000,ZR,non_handheld,桌面静置,recording,0.008828,0.557096,9.811670,0.000633,-0.003424,0.001112
153568110.000,ZR,non_handheld,桌面静置,recording,0.022317,0.573418,9.824542,-0.000262,-0.000455,0.000036
153568120.000,ZR,non_handheld,桌面静置,recording,0.022533,0.568590,9.801625,0.000388,0.001348,-0.000519
153568130.000,ZR,non_handheld,桌面静置,recording,0.025700,0.572591,9.776569,-0.000047,0.002148,-0.000842
153568140.000,ZR,non_handheld,桌面静置,recording,0.011796,0.574039,9.782828,0.000554,0.000249,0.000336
153568150.000,ZR,non_handheld,桌面静置,recording,0.005751,0.573274,9.789889,-0.000446,-0.001502,0.000454
153568160.000,ZR,non_handheld,桌面静置,recording,0.013520,0.579712,9.825086,-0.000226,-0.001034,0.000213
153568170.000,ZR,non_handheld,桌面静置,recording,0.022840,0.565089,9.827423,0.000074,0.000905,-0.000838
153568180.000,ZR,non_handheld,桌面静置,recording,0.020737,0.570628,9.786385,-0.001118,0.002035,-0.000763
153568190.000,ZR,non_handheld,桌面静置,recording,0.002854,0.563678,9.770340,0.000636,0.000388,-0.000934
153568200.000,ZR,non_handheld,桌面静置,recording,0.003595,0.569592,9.792227,0.000389,-0.001137,0.000516
153568210.000,ZR,non_handheld,桌面静置,recording,0.003464,0.580606,9.809868,0.000163,-0.001305,0.000335
153568220.000,ZR,non_handheld,桌面静置,recording,0.021494,0.570872,9.833069,-0.000141,0.000389,-0.001070
153568230.000,ZR,non_handheld,桌面静置,recording,0.021964,0.573347,9.800608,0.000389,0.000708,-0.000379
153568240.000,ZR,non_handheld,桌面静置,recording,0.014637,0.572102,9.778033,0.000014,0.000248,-0.000412
153568250.000,ZR,non_handheld,桌面静置,recording,0.016881,0.567512,9.772880,-0.000800,-0.000252,0.000286
153568260.000,ZR,non_handheld,桌面静置,recording,0.014977,0.573453,9.802505,-0.000313,-0.000222,0.000608
153568270.000,ZR,non_handheld,桌面静置,recording,0.018647,0.584448,9.818466,-0.000111,0.000159,-0.000277
153568280.000,ZR,non_handheld,桌面静置,recording,0.003535,0.569819,9.812073,-0.000492,0.000569,-0.000320
153568290.000,ZR,non_handheld,桌面静置,recording,0.034430,0.571871,9.803047,-0.000554,-0.000144,-0.000078
153568300.000,ZR,non_handheld,桌面静置,recording,0.014786,0.565684,9.778646,-0.000267,-0.000633,-0.000030
153568310.000,ZR,non_handheld,桌面静置,recording,0.006684,0.558768,9.790908,0.000545,0.000770,-0.000302
153568320.000,ZR,non_handheld,桌面静置,recording,0.006358,0.577791,9.809939,-0.000116,0.001304,-0.000427
153568330.000,ZR,non_handheld,桌面静置,recording,0.012505,0.569529,9.821785,-0.000692,0.001807,-0.000748
153568340.000,ZR,non_handheld,桌面静置,recording,-0.000881,0.563611,9.804881,0.000282,0.000019,-0.000046
153568350.000,ZR,non_handheld,桌面静置,recording,0.021467,0.563522,9.775651,0.000192,-0.003198,0.001358
153568360.000,ZR,non_handheld,桌面静置,recording,0.033317,0.563871,9.786039,0.000940,-0.000027,-0.000158
153568370.000,ZR,non_handheld,桌面静置,recording,0.020163,0.576268,9.800348,-0.000268,0.002621,-0.000903
153568380.000,ZR,non_handheld,桌面静置,recording,0.016365,0.568108,9.819645,-0.000978,0.003005,-0.001098
153568390.000,ZR,non_handheld,桌面静置,recording,-0.001276,0.577695,9.805279,-0.000034,-0.000716,0.000367
153568400.000,ZR,non_handheld,桌面静置,recording,0.029948,0.550308,9.767283,-0.000360,-0.005114,0.001086
153568410.000,ZR,non_handheld,桌面静置,recording,0.030137,0.580988,9.774427,-0.000294,-0.003440,0.000700
153568420.000,ZR,non_handheld,桌面静置,recording,0.031344,0.563750,9.803426,-0.000269,0.003512,-0.000371
153568430.000,ZR,non_handheld,桌面静置,recording,-0.006416,0.576805,9.816663,-0.000524,0.006717,-0.001037
153568440.000,ZR,non_handheld,桌面静置,recording,-0.006933,0.566375,9.810493,0.000240,0.001484,-0.000970
153568450.000,ZR,non_handheld,桌面静置,recording,0.009382,0.570195,9.773077,0.000983,-0.005831,0.000169
153568460.000,ZR,non_handheld,桌面静置,recording,0.027266,0.562266,9.776339,0.000639,-0.007726,0.001154
153568470.000,ZR,non_handheld,桌面静置,recording,0.033758,0.572901,9.806586,0.000167,-0.000906,0.000043
153568480.000,ZR,non_handheld,桌面静置,recording,0.030627,0.579614,9.811964,-0.001203,0.007397,-0.000825
153568490.000,ZR,non_handheld,桌面静置,recording,0.006187,0.575029,9.803895,-0.000921,0.007827,-0.000697
153568500.000,ZR,non_handheld,桌面静置,recording,-0.001893,0.563235,9.775493,-0.000800,-0.000526,0.000900
153568510.000,ZR,non_handheld,桌面静置,recording,-0.007158,0.574071,9.768631,0.000361,-0.008131,0.001101
153568520.000,ZR,non_handheld,桌面静置,recording,0.033543,0.562204,9.798976,0.001030,-0.006485,0.001558
153568530.000,ZR,non_handheld,桌面静置,recording,0.030073,0.574245,9.831983,-0.000343,0.002553,-0.000252
153568540.000,ZR,non_handheld,桌面静置,recording,0.023286,0.569066,9.828174,-0.001217,0.008533,-0.000919
153568550.000,ZR,non_handheld,桌面静置,recording,0.006748,0.576541,9.771866,-0.001195,0.005437,-0.000482
153568560.000,ZR,non_handheld,桌面静置,recording,-0.001030,0.572546,9.768827,-0.000623,-0.003655,0.000900
153568570.000,ZR,non_handheld,桌面静置,recording,0.013303,0.564595,9.793344,0.000224,-0.007314,0.000517
153568580.000,ZR,non_handheld,桌面静置,recording,0.020184,0.582866,9.821326,0.000022,-0.001860,-0.000097
153568590.000,ZR,non_handheld,桌面静置,recording,0.031209,0.568104,9.824949,-0.001083,0.005312,-0.000795
153568600.000,ZR,non_handheld,桌面静置,recording,0.010437,0.566687,9.784989,-0.001130,0.006189,-0.001414
153568610.000,ZR,non_handheld,桌面静置,recording,-0.005582,0.564249,9.757376,0.000793,0.000910,-0.000498
153568620.000,ZR,non_handheld,桌面静置,recording,0.006529,0.565367,9.789247,0.000478,-0.004799,0.001283
153568630.000,ZR,non_handheld,桌面静置,recording,0.010187,0.574554,9.822183,0.000117,-0.004180,0.001476
153568640.000,ZR,non_handheld,桌面静置,recording,0.016638,0.571920,9.825826,0.000440,0.000836,-0.000545
153568650.000,ZR,non_handheld,桌面静置,recording,0.033755,0.570762,9.801208,-0.000025,0.003242,-0.000237
153568660.000,ZR,non_handheld,桌面静置,recording,0.006237,0.575147,9.773608,-0.000884,0.003004,-0.000845
153568670.000,ZR,non_handheld,桌面静置,recording,-0.003165,0.574902,9.773122,-0.000253,-0.000727,0.000372
153568680.000,ZR,non_handheld,桌面静置,recording,0.014368,0.573733,9.814915,-0.000704,-0.003257,0.001428
153568690.000,ZR,non_handheld,桌面静置,recording,0.021999,0.558307,9.819291,0.000220,-0.002646,0.001440
153568700.000,ZR,non_handheld,桌面静置,recording,0.037454,0.567227,9.810506,-0.000858,0.000451,0.000120
153568710.000,ZR,non_handheld,桌面静置,recording,0.015151,0.578258,9.780779,-0.001205,0.003482,-0.000364
153568720.000,ZR,non_handheld,桌面静置,recording,0.009584,0.576974,9.770066,0.000267,0.002884,-0.000347
153568730.000,ZR,non_handheld,桌面静置,recording,0.006782,0.568719,9.803145,0.001357,-0.000746,0.000139
153568740.000,ZR,non_handheld,桌面静置,recording,0.016573,0.570843,9.830495,-0.000542,-0.004908,0.001068
153568750.000,ZR,non_handheld,桌面静置,recording,0.020898,0.581020,9.809107,-0.000668,-0.002104,0.000469
153568760.000,ZR,non_handheld,桌面静置,recording,0.021527,0.559247,9.772182,0.000100,0.002034,-0.000987
153568770.000,ZR,non_handheld,桌面静置,recording,0.017146,0.579301,9.783646,-0.000967,0.004015,-0.000975
153568780.000,ZR,non_handheld,桌面静置,recording,0.016537,0.570139,9.782083,-0.000240,0.002013,-0.001244
153568790.000,ZR,non_handheld,桌面静置,recording,-0.010048,0.572874,9.809047,-0.000810,-0.003926,0.000229
153568800.000,ZR,non_handheld,桌面静置,recording,0.017708,0.561600,9.816594,0.000112,-0.004714,0.000918
153568810.000,ZR,non_handheld,桌面静置,recording,0.037300,0.565886,9.805546,0.000622,-0.000250,0.000174
153568820.000,ZR,non_handheld,桌面静置,recording,0.008927,0.577755,9.785418,-0.000366,0.003549,-0.000569
153568830.000,ZR,non_handheld,桌面静置,recording,0.018178,0.572521,9.784312,-0.000357,0.003411,-0.001428
153568840.000,ZR,non_handheld,桌面静置,recording,0.015602,0.570823,9.802328,-0.000076,-0.000019,-0.000001
153568850.000,ZR,non_handheld,桌面静置,recording,0.012791,0.571506,9.809925,0.000142,-0.003612,0.000986
153568860.000,ZR,non_handheld,桌面静置,recording,0.011083,0.576109,9.805360,-0.000301,-0.002353,0.000549
153568870.000,ZR,non_handheld,桌面静置,recording,0.017957,0.581222,9.788266,0.000227,0.002072,-0.000745
153568880.000,ZR,non_handheld,桌面静置,recording,0.015238,0.563042,9.792182,-0.000434,0.003387,-0.001210
153568890.000,ZR,non_handheld,桌面静置,recording,0.011439,0.567165,9.777761,0.000770,0.000468,-0.000590
153568900.000,ZR,non_handheld,桌面静置,recording,0.011303,0.574078,9.803139,-0.000526,-0.002645,0.000543
153568910.000,ZR,non_handheld,桌面静置,recording,0.020207,0.565463,9.812280,-0.000255,-0.003584,0.000933
153568920.000,ZR,non_handheld,桌面静置,recording,0.018104,0.577472,9.797112,-0.000692,-0.000092,0.000468
153568930.000,ZR,non_handheld,桌面静置,recording,0.022342,0.577990,9.804350,-0.000387,0.002054,-0.000647
153568940.000,ZR,non_handheld,桌面静置,recording,0.007436,0.576960,9.791300,-0.000627,0.001628,-0.000750
153568950.000,ZR,non_handheld,桌面静置,recording,0.014908,0.570937,9.795103,0.001274,-0.000333,-0.000276
153568960.000,ZR,non_handheld,桌面静置,recording,0.001686,0.560354,9.792289,0.000070,-0.002274,0.000871
153568970.000,ZR,non_handheld,桌面静置,recording,0.015283,0.572507,9.804565,0.000159,-0.001294,0.000467
153568980.000,ZR,non_handheld,桌面静置,recording,0.016531,0.571537,9.800039,0.000843,0.000854,-0.000321
153568990.000,ZR,non_handheld,桌面静置,recording,0.024558,0.565249,9.798993,-0.000048,0.001152,-0.000784
153569000.000,ZR,non_handheld,桌面静置,recording,0.029426,0.578960,9.780995,-0.000375,0.000375,-0.000362
153569010.000,ZR,non_handheld,桌面静置,recording,0.010545,0.564241,9.782408,-0.000422,0.000097,-0.000406
153569020.000,ZR,non_handheld,桌面静置,recording,0.020295,0.568156,9.809924,0.000005,0.000553,-0.000138
153569030.000,ZR,non_handheld,桌面静置,recording,0.003993,0.577784,9.809623,-0.000506,0.000915,-0.000618
153569040.000,ZR,non_handheld,桌面静置,recording,0.029734,0.564986,9.797394,-0.000452,-0.000948,0.000052
153569050.000,ZR,non_handheld,桌面静置,recording,0.012970,0.571156,9.776429,0.000206,-0.001766,0.001719
153569060.000,ZR,non_handheld,桌面静置,recording,0.019118,0.561603,9.784065,0.000070,0.000613,0.000289
153569070.000,ZR,non_handheld,桌面静置,recording,0.006374,0.584187,9.803518,0.000308,0.002671,-0.000991
153569080.000,ZR,non_handheld,桌面静置,recording,0.011098,0.579372,9.813370,-0.000239,0.000172,-0.000185
153569090.000,ZR,non_handheld,桌面静置,recording,0.017112,0.570358,9.797268,0.001302,-0.003725,0.000664
153569100.000,ZR,non_handheld,桌面静置,recording,0.017423,0.561265,9.783586,-0.000167,-0.003539,0.000918
153569110.000,ZR,non_handheld,桌面静置,recording,0.023176,0.572515,9.782885,0.000546,-0.000281,-0.000423
153569120.000,ZR,non_handheld,桌面静置,recording,0.027722,0.571318,9.813969,-0.000455,0.003271,-0.000838
153569130.000,ZR,non_handheld,桌面静置,recording,0.014085,0.576069,9.820783,-0.000877,0.003978,-0.001061
153569140.000,ZR,non_handheld,桌面静置,recording,-0.001559,0.558149,9.798148,0.000117,-0.000537,0.000765
153569150.000,ZR,non_handheld,桌面静置,recording,0.014758,0.571640,9.798566,0.000171,-0.004791,0.001243
153569160.000,ZR,non_handheld,桌面静置,recording,0.025975,0.564981,9.781667,0.000476,-0.003050,0.000585
153569170.000,ZR,non_handheld,桌面静置,recording,0.029587,0.568372,9.805399,0.000483,0.001638,-0.000631
153569180.000,ZR,non_handheld,桌面静置,recording,0.017630,0.580886,9.805916,-0.001595,0.004977,-0.000498
153569190.000,ZR,non_handheld,桌面静置,recording,0.012506,0.566226,9.824364,0.000129,0.002692,-0.000442
153569200.000,ZR,non_handheld,桌面静置,recording,0.008238,0.569170,9.771045,0.000259,-0.002944,0.000597
153569210.000,ZR,non_handheld,桌面静置,recording,0.017965,0.560567,9.775395,-0.000541,-0.006128,0.001541
153569220.000,ZR,non_handheld,桌面静置,recording,0.024057,0.567294,9.805983,0.000644,-0.001640,0.000464
153569230.000,ZR,non_handheld,桌面静置,recording,0.018602,0.565686,9.826565,-0.001311,0.004295,-0.000451
153569240.000,ZR,non_handheld,桌面静置,recording,0.018441,0.565470,9.802252,-0.000238,0.003764,-0.000775
153569250.000,ZR,non_handheld,桌面静置,recording,0.010212,0.560948,9.783849,0.001211,-0.000491,0.000159
153569260.000,ZR,non_handheld,桌面静置,recording,0.002600,0.568896,9.783382,-0.000659,-0.003600,0.001073
153569270.000,ZR,non_handheld,桌面静置,recording,0.017884,0.565554,9.804143,0.001520,-0.001824,0.000855
153569280.000,ZR,non_handheld,桌面静置,recording,0.006437,0.572815,9.816985,0.000010,0.001164,-0.000355
153569290.000,ZR,non_handheld,桌面静置,recording,0.019930,0.568369,9.804112,-0.000070,0.001880,0.000085
153569300.000,ZR,non_handheld,桌面静置,recording,0.003884,0.567145,9.795241,0.000367,-0.000011,0.000479
153569310.000,ZR,non_handheld,桌面静置,recording,0.007838,0.583496,9.774325,-0.000499,-0.002048,0.000595
153569320.000,ZR,non_handheld,桌面静置,recording,0.009288,0.565219,9.801351,0.000692,-0.001234,0.000508
153569330.000,ZR,non_handheld,桌面静置,recording,0.023992,0.563800,9.816573,-0.000424,0.001311,-0.000244
153569340.000,ZR,non_handheld,桌面静置,recording,0.026643,0.565531,9.811967,0.000469,0.000359,-0.000720
153569350.000,ZR,non_handheld,桌面静置,recording,0.013521,0.562668,9.781017,0.000616,-0.000428,-0.000004
153569360.000,ZR,non_handheld,桌面静置,recording,0.020824,0.569900,9.767185,0.000182,-0.000598,0.000143
153569370.000,ZR,non_handheld,桌面静置,recording,0.007744,0.567244,9.788059,-0.000037,-0.000040,-0.000262
153569380.000,ZR,non_handheld,桌面静置,recording,0.007279,0.571495,9.802641,-0.000736,0.000494,-0.000004
153569390.000,ZR,non_handheld,桌面静置,recording,0.018014,0.583449,9.825763,-0.000223,-0.000147,0.000191
153569400.000,ZR,non_handheld,桌面静置,recording,0.010406,0.562079,9.788846,0.000468,-0.000839,0.000577
153569410.000,ZR,non_handheld,桌面静置,recording,0.020871,0.567596,9.765802,0.000429,-0.001834,0.000891
153569420.000,ZR,non_handheld,桌面静置,recording,0.020392,0.571965,9.778234,-0.000339,0.000732,-0.000381
153569430.000,ZR,non_handheld,桌面静置,recording,0.006147,0.579422,9.812089,0.000425,0.001888,-0.000742
153569440.000,ZR,non_handheld,桌面静置,recording,0.010349,0.578753,9.828188,0.000255,0.000658,-0.000797
153569450.000,ZR,non_handheld,桌面静置,recording,0.016147,0.559601,9.783875,0.000158,-0.000759,0.001169
153569460.000,ZR,non_handheld,桌面静置,recording,0.012841,0.570624,9.783632,-0.000203,-0.002433,0.000780
153569470.000,ZR,non_handheld,桌面静置,recording,0.013346,0.571710,9.791788,0.000476,0.000260,0.000127
153569480.000,ZR,non_handheld,桌面静置,recording,0.012155,0.571652,9.804550,0.000324,0.002666,-0.000855
153569490.000,ZR,non_handheld,桌面静置,recording,0.017795,0.570709,9.803913,-0.001038,0.001070,-0.000507
153569500.000,ZR,non_handheld,桌面静置,recording,0.014427,0.569795,9.789921,0.000616,-0.000941,0.000329
153569510.000,ZR,non_handheld,桌面静置,recording,0.024905,0.570677,9.771312,0.000187,-0.002127,0.000124
153569520.000,ZR,non_handheld,桌面静置,recording,0.012508,0.568694,9.778446,-0.000367,-0.000049,-0.000098
153569530.000,ZR,non_handheld,桌面静置,recording,0.023455,0.565130,9.803094,0.000202,0.002743,-0.000359
153569540.000,ZR,non_handheld,桌面静置,recording,0.011465,0.573759,9.805922,-0.000582,0.001726,-0.000507
153569550.000,ZR,non_handheld,桌面静置,recording,0.009693,0.575964,9.798119,0.000732,-0.001350,0.001038
153569560.000,ZR,non_handheld,桌面静置,recording,0.017902,0.576029,9.785279,0.000583,-0.002019,0.000244
153569570.000,ZR,non_handheld,桌面静置,recording,0.012725,0.575273,9.774482,-0.000134,-0.000140,-0.000094
153569580.000,ZR,non_handheld,桌面静置,recording,0.016265,0.572702,9.804943,0.000157,0.001010,-0.000390
153569590.000,ZR,non_handheld,桌面静置,recording,0.014830,0.577770,9.816009,-0.000552,0.001811,-0.000016
153569600.000,ZR,non_handheld,桌面静置,recording,0.000789,0.564835,9.797330,0.000798,-0.000092,-0.000316
153569610.000,ZR,non_handheld,桌面静置,recording,0.020655,0.567876,9.768014,-0.000022,-0.002282,0.000757
153569620.000,ZR,non_handheld,桌面静置,recording,0.011277,0.562370,9.776389,-0.000407,-0.000437,-0.000256
153569630.000,ZR,non_handheld,桌面静置,recording,0.025947,0.568722,9.804201,0.000041,0.000896,-0.000041
153569640.000,ZR,non_handheld,桌面静置,recording,0.020472,0.562382,9.818822,-0.000116,0.001134,-0.000809
153569650.000,ZR,non_handheld,桌面静置,recording,0.015683,0.572169,9.779293,-0.000011,0.000442,-0.000407
153569660.000,ZR,non_handheld,桌面静置,recording,0.021474,0.575638,9.777305,-0.000570,-0.002426,0.001251
153569670.000,ZR,non_handheld,桌面静置,recording,0.018059,0.577453,9.787134,-0.000023,-0.000506,0.000146
153569680.000,ZR,non_handheld,桌面静置,recording,0.025729,0.565970,9.799657,0.000564,0.001147,-0.000622
153569690.000,ZR,non_handheld,桌面静置,recording,0.019261,0.582099,9.829634,0.001046,0.000931,-0.000593
153569700.000,ZR,non_handheld,桌面静置,recording,0.013736,0.567581,9.807845,-0.000054,-0.000315,-0.000243
153569710.000,ZR,non_handheld,桌面静置,recording,0.009879,0.551282,9.781841,0.000740,-0.001496,0.000744
153569720.000,ZR,non_handheld,桌面静置,recording,0.008214,0.573116,9.776511,0.000793,-0.000226,-0.000420
153569730.000,ZR,non_handheld,桌面静置,recording,0.018095,0.578548,9.809416,-0.000089,0.001194,-0.000639
153569740.000,ZR,non_handheld,桌面静置,recording,0.013954,0.576883,9.820869,0.000518,0.000958,0.000024
153569750.000,ZR,non_handheld,桌面静置,recording,0.019442,0.574192,9.815942,0.001120,0.000096,-0.000314
153569760.000,ZR,non_handheld,桌面静置,recording,0.008185,0.566423,9.782128,0.000811,-0.001321,-0.000053
153569770.000,ZR,non_handheld,桌面静置,recording,0.016313,0.562878,9.775022,0.000637,-0.000015,0.000161
153569780.000,ZR,non_handheld,桌面静置,recording,0.020109,0.570743,9.805478,0.000663,0.001473,-0.000768
153569790.000,ZR,non_handheld,桌面静置,recording,0.005596,0.573900,9.818947,-0.000622,0.000857,-0.000754
153569800.000,ZR,non_handheld,桌面静置,recording,0.012141,0.581589,9.817781,0.000825,0.000115,-0.000345
153569810.000,ZR,non_handheld,桌面静置,recording,0.017059,0.554841,9.783361,-0.000004,-0.002030,0.000775
153569820.000,ZR,non_handheld,桌面静置,recording,0.003248,0.552701,9.764619,-0.000306,-0.002332,0.000756
153569830.000,ZR,non_handheld,桌面静置,recording,0.024017,0.569433,9.801102,-0.000005,0.000951,-0.000318
153569840.000,ZR,non_handheld,桌面静置,recording,0.011040,0.572986,9.825673,-0.001094,0.003538,-0.000838
153569850.000,ZR,non_handheld,桌面静置,recording,0.021538,0.578614,9.812479,0.000623,0.001714,-0.000855
153569860.000,ZR,non_handheld,桌面静置,recording,0.003432,0.570406,9.784064,0.000572,-0.002077,0.000538
153569870.000,ZR,non_handheld,桌面静置,recording,0.017193,0.576923,9.762990,0.000081,-0.004012,0.001524
153569880.000,ZR,non_handheld,桌面静置,recording,0.008223,0.556929,9.800623,-0.000319,-0.000186,-0.000071
153569890.000,ZR,non_handheld,桌面静置,recording,0.021420,0.577866,9.813699,-0.000005,0.003749,-0.000215
153569900.000,ZR,non_handheld,桌面静置,recording,0.015598,0.570686,9.814103,-0.000103,0.003223,-0.000930
153569910.000,ZR,non_handheld,桌面静置,recording,0.020620,0.573333,9.785142,-0.000235,-0.001094,0.000412
153569920.000,ZR,non_handheld,桌面静置,recording,0.004427,0.566518,9.770800,-0.000219,-0.003527,0.000758
153569930.000,ZR,non_handheld,桌面静置,recording,0.016543,0.578898,9.787450,0.000001,-0.001516,0.000989
153569940.000,ZR,non_handheld,桌面静置,recording,0.021141,0.572827,9.812658,0.000756,0.001319,-0.000043
153569950.000,ZR,non_handheld,桌面静置,recording,0.021069,0.579250,9.825290,-0.000149,0.002909,-0.001218
153569960.000,ZR,non_handheld,桌面静置,recording,0.010215,0.578155,9.797522,0.000732,0.000789,-0.000596
153569970.000,ZR,non_handheld,桌面静置,recording,0.007063,0.566010,9.772373,-0.000046,-0.001540,0.000924
153569980.000,ZR,non_handheld,桌面静置,recording,0.018637,0.569640,9.775640,0.000012,-0.000605,0.000217
153569990.000,ZR,non_handheld,桌面静置,recording,0.013789,0.574687,9.813049,0.000364,-0.000350,0.000457
153570000.000,ZR,non_handheld,桌面静置,recording,0.014581,0.577297,9.832001,0.000271,0.002230,-0.000798
153570010.000,ZR,non_handheld,桌面静置,recording,0.012257,0.571226,9.796761,-0.000058,0.000907,-0.000503
153570020.000,ZR,non_handheld,桌面静置,recording,0.014712,0.559607,9.769127,-0.000349,0.000522,0.000104
153570030.000,ZR,non_handheld,桌面静置,recording,0.005937,0.581210,9.771587,0.000864,-0.000518,-0.000338
153570040.000,ZR,non_handheld,桌面静置,recording,0.014951,0.571132,9.823575,0.000548,-0.000805,0.000202
153570050.000,ZR,non_handheld,桌面静置,recording,0.021153,0.573672,9.825919,-0.000339,0.000753,-0.000253
153570060.000,ZR,non_handheld,桌面静置,recording,0.014920,0.571342,9.803864,-0.000922,0.000704,0.000332
153570070.000,ZR,non_handheld,桌面静置,recording,0.003215,0.563768,9.775345,0.001013,-0.000156,-0.000116
153570080.000,ZR,non_handheld,桌面静置,recording,0.008678,0.575667,9.776224,-0.000561,0.000292,-0.000474
153570090.000,ZR,non_handheld,桌面静置,recording,0.012500,0.570086,9.796734,0.000013,0.000188,0.000146
153570100.000,ZR,non_handheld,桌面静置,recording,0.018513,0.576111,9.821611,0.000902,-0.000434,0.000028
153570110.000,ZR,non_handheld,桌面静置,recording,0.027947,0.559196,9.814072,0.000921,-0.001225,0.001267
153570120.000,ZR,non_handheld,桌面静置,recording,0.014287,0.564340,9.785946,0.000038,0.000640,-0.000191
153570130.000,ZR,non_handheld,桌面静置,recording,0.016376,0.570497,9.773646,-0.000241,0.000570,-0.000930
153570140.000,ZR,non_handheld,桌面静置,recording,0.012086,0.579564,9.788221,0.000470,0.000520,-0.000084
153570150.000,ZR,non_handheld,桌面静置,recording,0.016311,0.577585,9.807590,0.000731,-0.001377,0.000617
153570160.000,ZR,non_handheld,桌面静置,recording,0.011788,0.564705,9.826622,-0.000324,-0.000960,0.000239
153570170.000,ZR,non_handheld,桌面静置,recording,0.021572,0.579571,9.791666,0.000195,0.000095,0.000037
153570180.000,ZR,non_handheld,桌面静置,recording,0.012581,0.572872,9.787388,-0.000746,0.001818,-0.000724
153570190.000,ZR,non_handheld,桌面静置,recording,0.021108,0.572900,9.786594,-0.000005,0.001255,-0.001130
153570200.000,ZR,non_handheld,桌面静置,recording,0.017449,0.565634,9.804841,0.000657,-0.000264,0.000520
153570210.000,ZR,non_handheld,桌面静置,recording,0.003663,0.568681,9.815224,0.000745,-0.001949,0.000821
153570220.000,ZR,non_handheld,桌面静置,recording,0.017705,0.574419,9.806616,0.000281,-0.000457,-0.000027
153570230.000,ZR,non_handheld,桌面静置,recording,0.021221,0.571755,9.789237,-0.000267,0.000604,-0.000873
153570240.000,ZR,non_handheld,桌面静置,recording,0.011586,0.566385,9.791893,0.000036,0.000866,-0.000855
153570250.000,ZR,non_handheld,桌面静置,recording,0.009671,0.560966,9.786669,0.000725,0.000979,-0.000186
153570260.000,ZR,non_handheld,桌面静置,recording,0.020606,0.571116,9.816437,0.000420,-0.000668,0.000569
153570270.000,ZR,non_handheld,桌面静置,recording,0.016341,0.575734,9.803883,-0.000854,-0.000896,0.000662
153570280.000,ZR,non_handheld,桌面静置,recording,0.015753,0.571454,9.793698,-0.000605,-0.000447,0.000178
153570290.000,ZR,non_handheld,桌面静置,recording,0.026015,0.568897,9.793142,0.000354,0.000626,0.000537
153570300.000,ZR,non_handheld,桌面静置,recording,0.015209,0.572162,9.787832,0.000521,0.001266,-0.001026
153570310.000,ZR,non_handheld,桌面静置,recording,0.014895,0.579431,9.798120,0.000563,0.000924,-0.000500
153570320.000,ZR,non_handheld,桌面静置,recording,0.019986,0.569686,9.801805,-0.000782,-0.000251,-0.000180
153570330.000,ZR,non_handheld,桌面静置,recording,0.001690,0.573372,9.814001,-0.000456,-0.000581,0.000332
153570340.000,ZR,non_handheld,桌面静置,recording,0.015378,0.558622,9.796909,-0.000768,-0.000485,0.000829
153570350.000,ZR,non_handheld,桌面静置,recording,0.023382,0.564462,9.788746,0.000692,-0.000106,-0.000169
153570360.000,ZR,non_handheld,桌面静置,recording,0.018412,0.569881,9.790933,-0.000004,0.000367,-0.000827
153570370.000,ZR,non_handheld,桌面静置,recording,0.011275,0.585169,9.812588,-0.000796,0.000513,-0.000788
153570380.000,ZR,non_handheld,桌面静置,recording,0.017772,0.566403,9.802922,0.000380,0.001361,-0.000196
153570390.000,ZR,non_handheld,桌面静置,recording,0.012096,0.575346,9.798654,0.000105,0.000484,-0.000484
153570400.000,ZR,non_handheld,桌面静置,recording,0.007505,0.578436,9.807450,0.000238,-0.002186,0.000689
153570410.000,ZR,non_handheld,桌面静置,recording,0.024530,0.566847,9.797492,-0.000525,-0.000371,-0.000244
153570420.000,ZR,non_handheld,桌面静置,recording,0.017289,0.562981,9.787940,-0.000064,0.000812,-0.000857
153570430.000,ZR,non_handheld,桌面静置,recording,0.008622,0.574415,9.805259,-0.000053,0.001747,-0.000714
153570440.000,ZR,non_handheld,桌面静置,recording,0.018081,0.573757,9.808333,0.000313,0.000741,-0.000368
153570450.000,ZR,non_handheld,桌面静置,recording,0.008322,0.560448,9.811755,-0.000025,-0.002615,0.001317
153570460.000,ZR,non_handheld,桌面静置,recording,0.032754,0.581306,9.780733,-0.000156,-0.003192,0.000507
153570470.000,ZR,non_handheld,桌面静置,recording,0.025447,0.556031,9.785408,0.000720,0.000953,-0.000611
153570480.000,ZR,non_handheld,桌面静置,recording,0.016059,0.571909,9.807559,0.000190,0.003465,-0.000488
153570490.000,ZR,non_handheld,桌面静置,recording,-0.004084,0.580994,9.802305,0.000296,0.003398,-0.000827
153570500.000,ZR,non_handheld,桌面静置,recording,0.010498,0.575930,9.794626,0.000681,-0.000353,-0.000375
153570510.000,ZR,non_handheld,桌面静置,recording,0.011759,0.570797,9.797339,0.000217,-0.004685,0.001430
153570520.000,ZR,non_handheld,桌面静置,recording,0.036524,0.577530,9.784606,-0.000139,-0.002963,0.001457
153570530.000,ZR,non_handheld,桌面静置,recording,0.024361,0.574766,9.811466,0.000351,0.002574,-0.000612
153570540.000,ZR,non_handheld,桌面静置,recording,0.014020,0.571931,9.799031,-0.000682,0.005834,-0.000953
153570550.000,ZR,non_handheld,桌面静置,recording,-0.001629,0.562153,9.802288,0.000720,0.001658,-0.000555
153570560.000,ZR,non_handheld,桌面静置,recording,0.015005,0.565313,9.791002,0.000651,-0.004143,0.001300
153570570.000,ZR,non_handheld,桌面静置,recording,0.014871,0.562431,9.791929,-0.000027,-0.006685,0.000836
153570580.000,ZR,non_handheld,桌面静置,recording,0.026807,0.569922,9.794607,0.000547,-0.000728,0.000127
153570590.000,ZR,non_handheld,桌面静置,recording,0.018425,0.569136,9.810150,-0.001212,0.007057,0.000083
153570600.000,ZR,non_handheld,桌面静置,recording,0.020536,0.573092,9.809896,-0.000452,0.005629,-0.000810
153570610.000,ZR,non_handheld,桌面静置,recording,-0.001933,0.556715,9.782271,0.000750,-0.002047,0.000098
153570620.000,ZR,non_handheld,桌面静置,recording,0.015473,0.571185,9.782985,-0.000110,-0.006536,0.000876
153570630.000,ZR,non_handheld,桌面静置,recording,0.026308,0.577500,9.797975,-0.000211,-0.003579,0.002151
153570640.000,ZR,non_handheld,桌面静置,recording,0.030545,0.566439,9.813797,-0.002183,0.004699,-0.000006
153570650.000,ZR,non_handheld,桌面静置,recording,0.025520,0.583775,9.799651,-0.000935,0.005301,-0.000957
153570660.000,ZR,non_handheld,桌面静置,recording,0.008761,0.566191,9.787876,0.000624,0.001538,-0.000311
153570670.000,ZR,non_handheld,桌面静置,recording,0.016129,0.562856,9.766560,-0.000113,-0.004283,0.000742
153570680.000,ZR,non_handheld,桌面静置,recording,0.006841,0.582428,9.793678,-0.000485,-0.004753,0.001020
153570690.000,ZR,non_handheld,桌面静置,recording,0.012001,0.578816,9.807904,-0.000253,-0.000048,0.000159
153570700.000,ZR,non_handheld,桌面静置,recording,0.024439,0.575701,9.817907,-0.000187,0.005372,-0.001129
153570710.000,ZR,non_handheld,桌面静置,recording,0.010144,0.556909,9.778956,0.000456,0.002868,-0.000873
153570720.000,ZR,non_handheld,桌面静置,recording,0.004594,0.561085,9.763881,0.000765,-0.002499,0.000639
153570730.000,ZR,non_handheld,桌面静置,recording,0.008227,0.568856,9.787411,-0.000281,-0.005148,0.001357
153570740.000,ZR,non_handheld,桌面静置,recording,0.014484,0.577898,9.816477,-0.000676,-0.001618,0.000720
153570750.000,ZR,non_handheld,桌面静置,recording,0.027330,0.588935,9.822388,-0.000373,0.001611,-0.000642
153570760.000,ZR,non_handheld,桌面静置,recording,0.018205,0.572475,9.805933,0.000759,0.001919,-0.000390
153570770.000,ZR,non_handheld,桌面静置,recording,0.011346,0.574876,9.773848,0.000154,-0.000154,-0.000356
153570780.000,ZR,non_handheld,桌面静置,recording,0.003621,0.567438,9.787057,-0.000277,-0.002216,0.001313
153570790.000,ZR,non_handheld,桌面静置,recording,0.008571,0.569692,9.791955,0.000383,-0.001961,0.000221
153570800.000,ZR,non_handheld,桌面静置,recording,0.018353,0.560051,9.819531,0.000154,-0.000015,0.000399
153570810.000,ZR,non_handheld,桌面静置,recording,0.022102,0.568635,9.812570,-0.000188,0.000877,-0.000799
153570820.000,ZR,non_handheld,桌面静置,recording,0.018623,0.569119,9.791038,-0.000590,0.001176,-0.000754
153570830.000,ZR,non_handheld,桌面静置,recording,0.004671,0.567613,9.779461,0.000520,0.000848,-0.000838
153570840.000,ZR,non_handheld,桌面静置,recording,0.019026,0.580902,9.794700,0.000070,0.000202,-0.000635
153570850.000,ZR,non_handheld,桌面静置,recording,0.013057,0.579454,9.817987,0.000192,-0.002765,0.000430
153570860.000,ZR,non_handheld,桌面静置,recording,0.022006,0.561291,9.824090,-0.000409,-0.000998,0.000765
153570870.000,ZR,non_handheld,桌面静置,recording,0.033274,0.572639,9.782818,-0.000658,0.000475,-0.000607
153570880.000,ZR,non_handheld,桌面静置,recording,0.020810,0.565529,9.773443,0.000605,0.003512,-0.000430
153570890.000,ZR,non_handheld,桌面静置,recording,0.006027,0.572830,9.775194,0.001526,0.001227,-0.000465
153570900.000,ZR,non_handheld,桌面静置,recording,0.001609,0.571783,9.809495,-0.000161,-0.000735,0.000182
153570910.000,ZR,non_handheld,桌面静置,recording,0.020903,0.563470,9.823015,-0.000329,-0.002228,0.000654
153570920.000,ZR,non_handheld,桌面静置,recording,0.015004,0.572445,9.804017,0.000674,-0.001415,0.000031
153570930.000,ZR,non_handheld,桌面静置,recording,0.025550,0.570987,9.795373,0.000063,0.001281,-0.000438
153570940.000,ZR,non_handheld,桌面静置,recording,0.014639,0.566467,9.781411,0.000237,0.001865,0.000008
153570950.000,ZR,non_handheld,桌面静置,recording,0.016871,0.582542,9.793374,-0.000615,0.000103,0.000174
153570960.000,ZR,non_handheld,桌面静置,recording,0.006390,0.569414,9.794019,0.000728,-0.000561,-0.000024
153570970.000,ZR,non_handheld,桌面静置,recording,0.020845,0.578505,9.807510,0.000376,-0.001218,0.001227
153570980.000,ZR,non_handheld,桌面静置,recording,0.012648,0.563233,9.792642,0.000118,0.000235,0.000172
153570990.000,ZR,non_handheld,桌面静置,recording,0.030954,0.558091,9.792825,-0.000311,0.000892,-0.000272
153571000.000,ZR,non_handheld,桌面静置,recording,0.011960,0.565190,9.799925,0.000469,0.000475,-0.000588
153571010.000,ZR,non_handheld,桌面静置,recording,0.019763,0.565156,9.801840,-0.000205,-0.000052,-0.000411
153571020.000,ZR,non_handheld,桌面静置,recording,0.009323,0.579708,9.807275,-0.000051,-0.000312,-0.000106
153571030.000,ZR,non_handheld,桌面静置,recording,0.010587,0.565752,9.810504,0.001718,0.000142,0.000117
153571040.000,ZR,non_handheld,桌面静置,recording,0.017412,0.577487,9.797483,0.000146,0.000409,0.000738
153571050.000,ZR,non_handheld,桌面静置,recording,0.018620,0.566830,9.784400,0.000476,0.000280,-0.000155
153571060.000,ZR,non_handheld,桌面静置,recording,0.015207,0.572614,9.792692,-0.000252,0.000125,-0.000827
153571070.000,ZR,non_handheld,桌面静置,recording,0.006321,0.569523,9.798593,-0.000096,-0.000717,0.000410
153571080.000,ZR,non_handheld,桌面静置,recording,0.012428,0.579887,9.809318,-0.000209,0.000136,-0.000217
153571090.000,ZR,non_handheld,桌面静置,recording,0.011181,0.564570,9.810666,0.000402,0.000891,-0.000647
153571100.000,ZR,non_handheld,桌面静置,recording,0.011191,0.570184,9.800397,-0.000048,0.000081,-0.000303
153571110.000,ZR,non_handheld,桌面静置,recording,0.008944,0.573995,9.781306,0.000248,-0.000897,0.000392
153571120.000,ZR,non_handheld,桌面静置,recording,0.015826,0.568987,9.783742,-0.000393,0.000154,-0.000842
153571130.000,ZR,non_handheld,桌面静置,recording,0.004952,0.572956,9.792162,0.000204,0.001625,-0.000172
153571140.000,ZR,non_handheld,桌面静置,recording,0.014786,0.577513,9.813249,0.000287,0.002281,-0.000810
153571150.000,ZR,non_handheld,桌面静置,recording,0.004979,0.569334,9.803806,0.000287,-0.000296,0.000352
153571160.000,ZR,non_handheld,桌面静置,recording,0.017907,0.561071,9.772292,-0.000009,-0.003493,0.001557
153571170.000,ZR,non_handheld,桌面静置,recording,0.018429,0.563410,9.786044,-0.000251,-0.001467,0.000264
153571180.000,ZR,non_handheld,桌面静置,recording,0.014796,0.575860,9.801810,-0.000807,0.002202,-0.000479
153571190.000,ZR,non_handheld,桌面静置,recording,0.004994,0.576278,9.812849,-0.000331,0.003416,-0.001283
153571200.000,ZR,non_handheld,桌面静置,recording,0.002251,0.571495,9.811336,0.000842,0.001710,-0.000258
153571210.000,ZR,non_handheld,桌面静置,recording,0.014449,0.565670,9.798234,-0.000666,-0.003816,0.000729
153571220.000,ZR,non_handheld,桌面静置,recording,0.010936,0.569930,9.779592,-0.000348,-0.003230,0.001057
153571230.000,ZR,non_handheld,桌面静置,recording,0.027647,0.565869,9.793254,0.000127,0.000631,-0.000580
153571240.000,ZR,non_handheld,桌面静置,recording,0.012735,0.578752,9.817589,-0.001458,0.005436,-0.000920
153571250.000,ZR,non_handheld,桌面静置,recording,0.008987,0.571967,9.806201,-0.000559,0.004103,-0.000722
153571260.000,ZR,non_handheld,桌面静置,recording,-0.000023,0.575062,9.795875,0.000471,-0.003086,0.000394
153571270.000,ZR,non_handheld,桌面静置,recording,0.010457,0.565753,9.766104,0.000520,-0.006173,0.001423
153571280.000,ZR,non_handheld,桌面静置,recording,0.025917,0.562635,9.778161,0.000492,-0.003041,0.001087
153571290.000,ZR,non_handheld,桌面静置,recording,0.028300,0.568494,9.814098,-0.000667,0.003837,-0.000745
153571300.000,ZR,non_handheld,桌面静置,recording,0.021547,0.580818,9.812499,-0.000728,0.004988,-0.000474
153571310.000,ZR,non_handheld,桌面静置,recording,-0.002136,0.570782,9.795883,-0.000998,0.000894,0.000019
153571320.000,ZR,non_handheld,桌面静置,recording,0.017267,0.561508,9.767193,-0.000205,-0.005611,0.000943
153571330.000,ZR,non_handheld,桌面静置,recording,0.019389,0.568589,9.781756,0.000780,-0.005163,0.000476
153571340.000,ZR,non_handheld,桌面静置,recording,0.023479,0.575203,9.815276,0.000070,0.000964,0.000277
153571350.000,ZR,non_handheld,桌面静置,recording,0.027257,0.582619,9.823661,-0.001097,0.005573,-0.000800
153571360.000,ZR,non_handheld,桌面静置,recording,0.018613,0.573787,9.797429,-0.000935,0.003927,-0.000838
153571370.000,ZR,non_handheld,桌面静置,recording,0.000953,0.567386,9.763861,0.000691,-0.001801,0.000541
153571380.000,ZR,non_handheld,桌面静置,recording,0.006580,0.576291,9.777424,0.000763,-0.005569,0.001215
153571390.000,ZR,non_handheld,桌面静置,recording,0.024124,0.570344,9.815087,-0.000733,-0.000489,0.000321
153571400.000,ZR,non_handheld,桌面静置,recording,0.016520,0.575927,9.822832,-0.000861,0.003304,-0.000883
153571410.000,ZR,non_handheld,桌面静置,recording,0.022593,0.556782,9.797773,-0.000194,0.003067,-0.000720
153571420.000,ZR,non_handheld,桌面静置,recording,0.002431,0.572400,9.779025,0.000673,-0.000328,-0.000400
153571430.000,ZR,non_handheld,桌面静置,recording,0.019006,0.564083,9.777262,0.000716,-0.003035,0.001461
153571440.000,ZR,non_handheld,桌面静置,recording,0.018391,0.567449,9.795133,-0.000268,-0.001254,0.000540
153571450.000,ZR,non_handheld,桌面静置,recording,0.024225,0.577481,9.847878,0.000222,0.000787,-0.000646
153571460.000,ZR,non_handheld,桌面静置,recording,0.021030,0.569173,9.801683,-0.000231,0.002538,-0.000617
153571470.000,ZR,non_handheld,桌面静置,recording,0.025336,0.567486,9.780460,-0.000653,0.000777,-0.000073
153571480.000,ZR,non_handheld,桌面静置,recording,0.007433,0.564298,9.772106,0.000479,-0.001495,0.000342
153571490.000,ZR,non_handheld,桌面静置,recording,0.019309,0.571479,9.792078,-0.000616,-0.002107,0.000677
153571500.000,ZR,non_handheld,桌面静置,recording,0.022089,0.570516,9.808370,-0.000196,-0.001345,0.000476
153571510.000,ZR,non_handheld,桌面静置,recording,0.025112,0.584855,9.817173,0.000137,0.000340,-0.000210
153571520.000,ZR,non_handheld,桌面静置,recording,0.024277,0.567989,9.799742,-0.000408,0.000852,-0.000772
153571530.000,ZR,non_handheld,桌面静置,recording,0.013570,0.558994,9.773250,0.001073,0.000413,-0.000701
153571540.000,ZR,non_handheld,桌面静置,recording,0.013257,0.568533,9.794893,-0.000142,0.000039,0.000448
153571550.000,ZR,non_handheld,桌面静置,recording,0.014889,0.574879,9.815100,0.000173,-0.000984,0.000763
153571560.000,ZR,non_handheld,桌面静置,recording,0.010486,0.570144,9.825308,-0.000119,-0.000897,0.000081
153571570.000,ZR,non_handheld,桌面静置,recording,0.028276,0.561824,9.800554,0.000532,-0.000048,-0.000424
153571580.000,ZR,non_handheld,桌面静置,recording,0.013383,0.565894,9.767236,0.000070,0.001251,-0.000521
153571590.000,ZR,non_handheld,桌面静置,recording,0.011006,0.571818,9.779172,-0.000284,0.001251,-0.000484
153571600.000,ZR,non_handheld,桌面静置,recording,0.009492,0.579395,9.809335,0.000057,0.000979,-0.000697
153571610.000,ZR,non_handheld,桌面静置,recording,0.017835,0.566997,9.811336,-0.000061,-0.000013,-0.000163
153571620.000,ZR,non_handheld,桌面静置,recording,0.013102,0.556356,9.808207,0.000341,-0.000533,0.000254
153571630.000,ZR,non_handheld,桌面静置,recording,0.020336,0.575559,9.781217,-0.000089,0.000297,-0.000489
153571640.000,ZR,non_handheld,桌面静置,recording,0.016163,0.574027,9.784811,0.000423,0.000772,-0.000570
153571650.000,ZR,non_handheld,桌面静置,recording,0.012150,0.570680,9.796507,0.000491,-0.000129,-0.000189
153571660.000,ZR,non_handheld,桌面静置,recording,0.011609,0.586681,9.805468,0.000880,-0.000877,0.000414
153571670.000,ZR,non_handheld,桌面静置,recording,0.015312,0.574170,9.815134,0.000306,0.000348,0.000241
153571680.000,ZR,non_handheld,桌面静置,recording,0.006287,0.572507,9.801623,-0.000253,-0.000513,0.000709
153571690.000,ZR,non_handheld,桌面静置,recording,0.027734,0.560832,9.752675,-0.000324,-0.000422,0.000418
153571700.000,ZR,non_handheld,桌面静置,recording,0.015641,0.573596,9.794345,0.000419,0.000164,-0.000064
153571710.000,ZR,non_handheld,桌面静置,recording,0.008360,0.567720,9.805971,0.000198,0.000135,-0.001343
153571720.000,ZR,non_handheld,桌面静置,recording,0.005930,0.580999,9.797255,-0.000007,0.001042,-0.000865
153571730.000,ZR,non_handheld,桌面静置,recording,0.009701,0.555948,9.788526,-0.000516,0.000810,-0.000757
153571740.000,ZR,non_handheld,桌面静置,recording,0.014178,0.576462,9.785942,-0.000555,-0.000771,-0.000119
153571750.000,ZR,non_handheld,桌面静置,recording,0.013673,0.574419,9.805080,0.000151,-0.001505,0.000295
153571760.000,ZR,non_handheld,桌面静置,recording,0.026069,0.571884,9.797671,0.000771,-0.000582,0.000161
153571770.000,ZR,non_handheld,桌面静置,recording,0.014585,0.575946,9.784810,-0.000290,0.001179,-0.000190
153571780.000,ZR,non_handheld,桌面静置,recording,0.007286,0.560446,9.803637,0.000987,0.001358,-0.000918
153571790.000,ZR,non_handheld,桌面静置,recording,0.007882,0.572329,9.810324,-0.000003,0.000488,-0.000272
153571800.000,ZR,non_handheld,桌面静置,recording,0.008152,0.563894,9.790447,-0.000551,-0.000825,0.000950
153571810.000,ZR,non_handheld,桌面静置,recording,0.020165,0.568752,9.800075,0.000170,-0.001652,0.000663
153571820.000,ZR,non_handheld,桌面静置,recording,0.023728,0.569879,9.791361,-0.000343,-0.000933,0.000241
153571830.000,ZR,non_handheld,桌面静置,recording,0.029966,0.576175,9.792945,0.000197,0.001260,-0.000389
153571840.000,ZR,non_handheld,桌面静置,recording,0.004116,0.573448,9.804747,-0.000596,0.003505,-0.000470
153571850.000,ZR,non_handheld,桌面静置,recording,0.014430,0.561706,9.782344,-0.000396,0.000044,0.000171
153571860.000,ZR,non_handheld,桌面静置,recording,0.025131,0.574306,9.800636,0.000160,-0.004069,0.001220
153571870.000,ZR,non_handheld,桌面静置,recording,0.020042,0.566994,9.786421,0.000077,-0.001111,0.000123
153571880.000,ZR,non_handheld,桌面静置,recording,0.019426,0.585321,9.808481,-0.000209,0.001656,0.000123
153571890.000,ZR,non_handheld,桌面静置,recording,0.015088,0.576324,9.812721,-0.001655,0.005050,-0.000254
153571900.000,ZR,non_handheld,桌面静置,recording,0.000600,0.580203,9.816771,-0.000704,0.001274,-0.000539
153571910.000,ZR,non_handheld,桌面静置,recording,0.015476,0.578467,9.800052,-0.000460,-0.003963,0.000482
153571920.000,ZR,non_handheld,桌面静置,recording,0.023167,0.566098,9.785472,0.000607,-0.003803,0.001096
153571930.000,ZR,non_handheld,桌面静置,recording,0.024586,0.567923,9.795881,0.000639,-0.000136,0.000111
153571940.000,ZR,non_handheld,桌面静置,recording,0.015634,0.577124,9.794467,-0.000230,0.004732,-0.001449
153571950.000,ZR,non_handheld,桌面静置,recording,0.016199,0.580161,9.810928,-0.000514,0.004057,-0.000882
153571960.000,ZR,non_handheld,桌面静置,recording,0.002050,0.589414,9.797126,-0.000451,-0.001435,0.000685
153571970.000,ZR,non_handheld,桌面静置,recording,0.019196,0.560678,9.780905,0.000663,-0.004784,0.000947
153571980.000,ZR,non_handheld,桌面静置,recording,0.024873,0.571622,9.792125,0.000478,-0.002280,0.001228
153571990.000,ZR,non_handheld,桌面静置,recording,0.024163,0.572603,9.821269,0.000177,0.002086,-0.000218
153572000.000,ZR,non_handheld,桌面静置,recording,0.006883,0.574580,9.802863,-0.001581,0.006368,-0.000909
153572010.000,ZR,non_handheld,桌面静置,recording,0.016200,0.572635,9.802256,0.000261,0.001750,-0.000571
153572020.000,ZR,non_handheld,桌面静置,recording,0.012170,0.569593,9.773659,0.000257,-0.004261,0.000906
153572030.000,ZR,non_handheld,桌面静置,recording,0.018165,0.559434,9.796431,-0.000412,-0.004641,0.001031
153572040.000,ZR,non_handheld,桌面静置,recording,0.028921,0.570186,9.812395,0.000422,-0.000345,0.000393
153572050.000,ZR,non_handheld,桌面静置,recording,0.026361,0.573845,9.821518,-0.001232,0.004170,-0.000441
153572060.000,ZR,non_handheld,桌面静置,recording,0.006673,0.569810,9.792311,-0.000558,0.003183,-0.000561
153572070.000,ZR,non_handheld,桌面静置,recording,0.005194,0.559691,9.773132,0.001612,-0.001616,0.000242
153572080.000,ZR,non_handheld,桌面静置,recording,0.002133,0.561704,9.784302,0.000480,-0.004842,0.001214
153572090.000,ZR,non_handheld,桌面静置,recording,0.020904,0.580854,9.795310,0.000847,-0.000812,0.000025
153572100.000,ZR,non_handheld,桌面静置,recording,0.024751,0.574101,9.807749,-0.000805,0.002050,-0.000811
153572110.000,ZR,non_handheld,桌面静置,recording,0.005858,0.578769,9.802717,-0.000283,0.001576,-0.000615
153572120.000,ZR,non_handheld,桌面静置,recording,0.008682,0.578217,9.774970,-0.000119,0.000499,-0.000251
153572130.000,ZR,non_handheld,桌面静置,recording,0.014865,0.556734,9.768441,0.000032,-0.002132,0.001782
153572140.000,ZR,non_handheld,桌面静置,recording,0.010481,0.571455,9.789331,0.000607,-0.001818,0.000909
153572150.000,ZR,non_handheld,桌面静置,recording,0.023596,0.575788,9.814008,-0.000225,0.000395,-0.000207
153572160.000,ZR,non_handheld,桌面静置,recording,0.015152,0.573141,9.824135,-0.000737,0.002366,-0.000474
153572170.000,ZR,non_handheld,桌面静置,recording,0.014745,0.568798,9.781247,-0.000170,0.000408,0.000395
153572180.000,ZR,non_handheld,桌面静置,recording,0.009347,0.571745,9.758032,-0.000028,-0.001131,0.001003
153572190.000,ZR,non_handheld,桌面静置,recording,0.013714,0.574627,9.785983,0.000424,-0.001479,0.001093
153572200.000,ZR,non_handheld,桌面静置,recording,0.001541,0.575499,9.817621,-0.000735,-0.000088,0.000102
153572210.000,ZR,non_handheld,桌面静置,recording,0.013534,0.565587,9.812206,0.000442,0.000532,-0.000554
153572220.000,ZR,non_handheld,桌面静置,recording,0.022830,0.578327,9.790122,-0.000009,0.000497,-0.001042
153572230.000,ZR,non_handheld,桌面静置,recording,0.011522,0.565376,9.765298,-0.000196,-0.000194,0.000553
153572240.000,ZR,non_handheld,桌面静置,recording,0.015186,0.575980,9.788405,0.000424,0.000329,-0.000306
153572250.000,ZR,non_handheld,桌面静置,recording,0.014340,0.572367,9.813892,0.000504,0.000541,-0.000687
153572260.000,ZR,non_handheld,桌面静置,recording,0.022033,0.567394,9.806085,0.000123,-0.000912,0.000828
153572270.000,ZR,non_handheld,桌面静置,recording,0.017903,0.556669,9.796094,0.001158,-0.000256,-0.000030
153572280.000,ZR,non_handheld,桌面静置,recording,0.017403,0.569230,9.778369,-0.000302,0.000055,-0.000635
153572290.000,ZR,non_handheld,桌面静置,recording,0.013663,0.575591,9.780304,0.000264,0.001232,-0.000323
153572300.000,ZR,non_handheld,桌面静置,recording,0.017842,0.575719,9.794387,-0.000239,0.000575,-0.000255
153572310.000,ZR,non_handheld,桌面静置,recording,0.012868,0.568626,9.819944,-0.000806,0.000082,-0.000308
153572320.000,ZR,non_handheld,桌面静置,recording,0.018586,0.568130,9.814181,0.000306,-0.000981,-0.000280
153572330.000,ZR,non_handheld,桌面静置,recording,0.006509,0.565897,9.776593,0.000458,0.000206,0.000128
153572340.000,ZR,non_handheld,桌面静置,recording,0.017015,0.566083,9.779717,0.000330,0.000541,-0.000838
153572350.000,ZR,non_handheld,桌面静置,recording,0.022376,0.562106,9.786938,-0.000164,0.000033,-0.000242
153572360.000,ZR,non_handheld,桌面静置,recording,0.011333,0.575985,9.821343,-0.000512,0.000106,-0.000259
153572370.000,ZR,non_handheld,桌面静置,recording,0.009109,0.568494,9.818326,-0.000297,0.000036,0.000228
153572380.000,ZR,non_handheld,桌面静置,recording,0.014725,0.573540,9.806497,0.000543,-0.000188,0.000678
153572390.000,ZR,non_handheld,桌面静置,recording,0.015910,0.571541,9.779849,0.000317,0.000018,-0.000271
153572400.000,ZR,non_handheld,桌面静置,recording,0.026648,0.579947,9.798859,-0.000265,0.000171,-0.000148
153572410.000,ZR,non_handheld,桌面静置,recording,0.013770,0.568010,9.794242,-0.000322,0.000941,-0.000376
153572420.000,ZR,non_handheld,桌面静置,recording,0.019958,0.566827,9.797701,0.000118,0.000602,-0.000267
153572430.000,ZR,non_handheld,桌面静置,recording,0.012781,0.572845,9.805419,-0.000040,-0.000158,-0.000091
153572440.000,ZR,non_handheld,桌面静置,recording,0.005094,0.571248,9.799826,-0.000031,-0.001287,0.000723
153572450.000,ZR,non_handheld,桌面静置,recording,0.010435,0.580998,9.789702,0.000901,-0.000430,0.000375
153572460.000,ZR,non_handheld,桌面静置,recording,0.015805,0.566272,9.779468,0.000308,0.000304,-0.000232
153572470.000,ZR,non_handheld,桌面静置,recording,0.015180,0.570066,9.803965,0.000393,-0.000395,-0.000095
153572480.000,ZR,non_handheld,桌面静置,recording,0.004593,0.578080,9.801119,-0.000783,0.001371,-0.000811
153572490.000,ZR,non_handheld,桌面静置,recording,0.009475,0.566067,9.806667,0.000289,0.000817,0.000240
153572500.000,ZR,non_handheld,桌面静置,recording,0.012923,0.570193,9.787217,0.000225,-0.000386,-0.000052
153572510.000,ZR,non_handheld,桌面静置,recording,0.013281,0.568031,9.790562,-0.000255,-0.001388,0.000945
153572520.000,ZR,non_handheld,桌面静置,recording,0.031840,0.572839,9.792350,-0.000313,0.000363,-0.000557
153572530.000,ZR,non_handheld,桌面静置,recording,0.008757,0.571810,9.787836,-0.000407,0.001769,-0.000174
153572540.000,ZR,non_handheld,桌面静置,recording,0.017646,0.574805,9.812122,0.000330,0.001870,-0.000785
153572550.000,ZR,non_handheld,桌面静置,recording,0.012397,0.568540,9.806891,0.000171,-0.000197,-0.000159
153572560.000,ZR,non_handheld,桌面静置,recording,0.014873,0.570090,9.794112,0.000395,-0.002000,0.000627
153572570.000,ZR,non_handheld,桌面静置,recording,0.025671,0.566271,9.780066,-0.000298,-0.001626,0.000482
153572580.000,ZR,non_handheld,桌面静置,recording,0.014090,0.578665,9.793697,0.000104,0.001159,-0.000444
153572590.000,ZR,non_handheld,桌面静置,recording,0.024129,0.576080,9.810405,-0.000026,0.001335,-0.000313
153572600.000,ZR,non_handheld,桌面静置,recording,-0.005049,0.577710,9.812950,-0.000192,0.000672,-0.000394
153572610.000,ZR,non_handheld,桌面静置,recording,-0.000903,0.587512,9.804504,0.000384,-0.002303,0.000444
153572620.000,ZR,non_handheld,桌面静置,recording,0.019904,0.570214,9.786164,0.000576,-0.003875,0.000812
153572630.000,ZR,non_handheld,桌面静置,recording,0.021913,0.562310,9.789455,0.000026,-0.000489,0.000201
153572640.000,ZR,non_handheld,桌面静置,recording,0.025197,0.582696,9.797973,-0.000777,0.003438,-0.000812
153572650.000,ZR,non_handheld,桌面静置,recording,0.014684,0.566771,9.812851,-0.000724,0.003831,-0.001021
153572660.000,ZR,non_handheld,桌面静置,recording,0.005293,0.582111,9.801864,0.000331,0.000732,-0.000436
153572670.000,ZR,non_handheld,桌面静置,recording,0.011602,0.569900,9.773543,0.001212,-0.003937,0.000899
153572680.000,ZR,non_handheld,桌面静置,recording,0.016479,0.572956,9.781141,-0.000142,-0.003760,0.000680
153572690.000,ZR,non_handheld,桌面静置,recording,0.021786,0.572590,9.793459,-0.000505,0.000918,-0.000035
153572700.000,ZR,non_handheld,桌面静置,recording,0.021344,0.574241,9.812891,-0.000508,0.002799,-0.000211
153572710.000,ZR,non_handheld,桌面静置,recording,0.000412,0.572530,9.808300,-0.000261,0.001840,-0.000635
153572720.000,ZR,non_handheld,桌面静置,recording,0.014281,0.576725,9.778166,0.000733,-0.003309,0.000742
153572730.000,ZR,non_handheld,桌面静置,recording,0.016758,0.568573,9.787243,0.000724,-0.003201,0.001396
153572740.000,ZR,non_handheld,桌面静置,recording,0.034709,0.569871,9.798398,0.000324,-0.000276,0.000251
153572750.000,ZR,non_handheld,桌面静置,recording,0.020811,0.570408,9.815811,-0.000515,0.002515,-0.000455
153572760.000,ZR,non_handheld,桌面静置,recording,0.016387,0.569051,9.807309,0.000675,0.002275,-0.000366
153572770.000,ZR,non_handheld,桌面静置,recording,0.007869,0.563973,9.800213,-0.001140,-0.000484,0.000737
153572780.000,ZR,non_handheld,桌面静置,recording,0.010110,0.573291,9.760408,-0.000026,-0.003089,0.001041
153572790.000,ZR,non_handheld,桌面静置,recording,0.023011,0.560352,9.788691,-0.000609,-0.002397,0.000774
153572800.000,ZR,non_handheld,桌面静置,recording,0.029253,0.583574,9.807686,-0.000003,0.001232,-0.000772
153572810.000,ZR,non_handheld,桌面静置,recording,0.016479,0.580938,9.829379,-0.000775,0.003851,-0.000478
153572820.000,ZR,non_handheld,桌面静置,recording,0.006796,0.570907,9.793293,0.000529,0.001166,-0.000669
153572830.000,ZR,non_handheld,桌面静置,recording,0.015850,0.573015,9.778112,-0.000385,-0.003553,0.001081
153572840.000,ZR,non_handheld,桌面静置,recording,0.020012,0.565048,9.780548,-0.000086,-0.002712,0.001597
153572850.000,ZR,non_handheld,桌面静置,recording,0.022128,0.577222,9.814619,-0.000116,0.000832,0.000301
153572860.000,ZR,non_handheld,桌面静置,recording,0.020739,0.578775,9.814282,-0.000662,0.004298,-0.000643
153572870.000,ZR,non_handheld,桌面静置,recording,0.026310,0.556873,9.789016,0.000256,0.001406,-0.000478
153572880.000,ZR,non_handheld,桌面静置,recording,0.002772,0.559964,9.768309,0.000877,-0.003953,0.000072
153572890.000,ZR,non_handheld,桌面静置,recording,0.012972,0.562841,9.776512,0.001363,-0.002888,0.000986
153572900.000,ZR,non_handheld,桌面静置,recording,0.023269,0.570268,9.803856,0.000698,0.000553,-0.000757
153572910.000,ZR,non_handheld,桌面静置,recording,0.015459,0.569541,9.819886,-0.000161,0.002754,-0.000789
153572920.000,ZR,non_handheld,桌面静置,recording,0.013151,0.568636,9.810979,-0.000709,0.001759,-0.000976
153572930.000,ZR,non_handheld,桌面静置,recording,0.014146,0.552050,9.789303,0.000277,-0.000331,-0.000229
153572940.000,ZR,non_handheld,桌面静置,recording,0.009218,0.566091,9.760802,0.000029,-0.001781,0.001045
153572950.000,ZR,non_handheld,桌面静置,recording,0.024088,0.572956,9.792280,0.000158,0.000153,0.000023
153572960.000,ZR,non_handheld,桌面静置,recording,0.021885,0.584955,9.823518,-0.000679,0.001866,-0.000717
153572970.000,ZR,non_handheld,桌面静置,recording,0.022582,0.567736,9.811427,-0.000041,0.001153,-0.000579
153572980.000,ZR,non_handheld,桌面静置,recording,0.014771,0.571395,9.789924,0.000301,0.000567,-0.000220
153572990.000,ZR,non_handheld,桌面静置,recording,0.009613,0.575421,9.759967,0.000457,-0.001177,0.000623
153573000.000,ZR,non_handheld,桌面静置,recording,0.011931,0.582719,9.797094,0.000388,0.000385,0.000100
153573010.000,ZR,non_handheld,桌面静置,recording,0.015866,0.580151,9.813773,-0.000308,0.000713,-0.000709
153573020.000,ZR,non_handheld,桌面静置,recording,0.015361,0.569226,9.802309,-0.000129,0.000937,-0.000373
153573030.000,ZR,non_handheld,桌面静置,recording,0.005561,0.567655,9.791176,-0.000085,-0.000009,-0.000149
153573040.000,ZR,non_handheld,桌面静置,recording,0.012273,0.565485,9.779455,-0.000507,-0.000207,-0.000081
153573050.000,ZR,non_handheld,桌面静置,recording,0.014371,0.569025,9.800221,0.000121,0.000542,-0.000158
153573060.000,ZR,non_handheld,桌面静置,recording,0.016014,0.574630,9.808314,0.000284,0.000919,-0.000778
153573070.000,ZR,non_handheld,桌面静置,recording,0.008813,0.565028,9.806110,-0.000903,0.000894,-0.000296
153573080.000,ZR,non_handheld,桌面静置,recording,-0.005364,0.563164,9.784485,0.000657,-0.000843,0.000021
153573090.000,ZR,non_handheld,桌面静置,recording,0.013784,0.567699,9.803481,-0.000198,-0.000377,0.000244
153573100.000,ZR,non_handheld,桌面静置,recording,-0.002343,0.581312,9.792759,-0.000290,-0.000163,-0.000246
153573110.000,ZR,non_handheld,桌面静置,recording,0.021248,0.569121,9.813161,0.000483,0.000524,-0.000658
153573120.000,ZR,non_handheld,桌面静置,recording,0.004459,0.569921,9.804606,0.000412,0.001015,-0.000504
153573130.000,ZR,non_handheld,桌面静置,recording,0.010741,0.578785,9.781330,0.000558,-0.000363,0.000247
153573140.000,ZR,non_handheld,桌面静置,recording,0.003272,0.564490,9.788737,0.000183,-0.000738,0.000715
153573150.000,ZR,non_handheld,桌面静置,recording,0.014831,0.578752,9.799231,-0.000307,-0.000061,0.000210
153573160.000,ZR,non_handheld,桌面静置,recording,0.014381,0.579516,9.808529,0.000227,0.000490,-0.000769
153573170.000,ZR,non_handheld,桌面静置,recording,0.022222,0.574539,9.802623,0.000179,0.000161,-0.000296
153573180.000,ZR,non_handheld,桌面静置,recording,0.008625,0.564406,9.788438,-0.000025,0.000353,-0.000270
153573190.000,ZR,non_handheld,桌面静置,recording,0.013085,0.573363,9.793419,0.000237,0.000456,-0.000347
153573200.000,ZR,non_handheld,桌面静置,recording,0.007892,0.573918,9.798801,0.000027,0.000208,-0.000231
153573210.000,ZR,non_handheld,桌面静置,recording,0.007076,0.577974,9.814814,0.000432,-0.001094,0.001088
153573220.000,ZR,non_handheld,桌面静置,recording,0.023731,0.549969,9.803479,0.000326,-0.000104,-0.000398
153573230.000,ZR,non_handheld,桌面静置,recording,0.017330,0.562769,9.783076,-0.000016,-0.000206,0.000606
153573240.000,ZR,non_handheld,桌面静置,recording,0.026909,0.570810,9.780696,0.000198,0.000515,-0.000531
153573250.000,ZR,non_handheld,桌面静置,recording,0.013934,0.568196,9.811304,-0.000127,0.001755,-0.000326
153573260.000,ZR,non_handheld,桌面静置,recording,0.012025,0.585367,9.807586,0.000236,0.000973,-0.000073
153573270.000,ZR,non_handheld,桌面静置,recording,0.006764,0.570638,9.817150,0.000180,-0.001510,0.000921
153573280.000,ZR,non_handheld,桌面静置,recording,0.023546,0.568185,9.786787,-0.000072,-0.001723,0.000972
153573290.000,ZR,non_handheld,桌面静置,recording,0.018896,0.569457,9.783599,0.000178,0.000097,-0.000099
153573300.000,ZR,non_handheld,桌面静置,recording,0.013897,0.573951,9.797761,-0.000944,0.002991,-0.000056
153573310.000,ZR,non_handheld,桌面静置,recording,0.005273,0.569955,9.813875,-0.001230,0.003419,-0.000619
153573320.000,ZR,non_handheld,桌面静置,recording,0.001096,0.575125,9.804484,-0.000024,-0.000016,0.000441
153573330.000,ZR,non_handheld,桌面静置,recording,0.009032,0.575270,9.792943,0.000357,-0.004386,0.001171
153573340.000,ZR,non_handheld,桌面静置,recording,0.025239,0.569769,9.773456,-0.000047,-0.002991,0.000271
153573350.000,ZR,non_handheld,桌面静置,recording,0.019824,0.565220,9.792463,-0.000080,0.002253,-0.000463
153573360.000,ZR,non_handheld,桌面静置,recording,0.020661,0.571785,9.822393,-0.001679,0.004181,-0.000499
153573370.000,ZR,non_handheld,桌面静置,recording,0.009436,0.570810,9.804754,-0.000788,0.001416,-0.000507
153573380.000,ZR,non_handheld,桌面静置,recording,0.007494,0.566464,9.787137,0.001409,-0.002868,0.000833
153573390.000,ZR,non_handheld,桌面静置,recording,0.006942,0.570375,9.771794,0.000867,-0.004261,0.001385
153573400.000,ZR,non_handheld,桌面静置,recording,0.018632,0.569257,9.770496,-0.000227,0.000778,-0.000345
153573410.000,ZR,non_handheld,桌面静置,recording,0.016273,0.566753,9.818103,-0.000846,0.003995,-0.000863
153573420.000,ZR,non_handheld,桌面静置,recording,0.023243,0.578518,9.824840,-0.000040,0.002534,-0.000218
153573430.000,ZR,non_handheld,桌面静置,recording,0.005910,0.553574,9.803648,-0.000253,-0.001020,0.000715
153573440.000,ZR,non_handheld,桌面静置,recording,0.000811,0.562316,9.776505,0.000045,-0.004048,0.001308
153573450.000,ZR,non_handheld,桌面静置,recording,0.024820,0.567634,9.786333,0.000765,-0.000721,0.000332
153573460.000,ZR,non_handheld,桌面静置,recording,0.017061,0.578714,9.808374,-0.000695,0.001758,-0.000627
153573470.000,ZR,non_handheld,桌面静置,recording,0.019780,0.567217,9.819979,-0.000301,0.003746,-0.000254
153573480.000,ZR,non_handheld,桌面静置,recording,0.011977,0.581810,9.805558,-0.000107,0.000386,0.000121
153573490.000,ZR,non_handheld,桌面静置,recording,0.005419,0.572351,9.763422,0.000501,-0.002711,0.001393
153573500.000,ZR,non_handheld,桌面静置,recording,0.016539,0.576602,9.775526,0.000232,-0.001753,0.000866
153573510.000,ZR,non_handheld,桌面静置,recording,0.024013,0.577821,9.783347,-0.000296,0.000664,-0.000523
153573520.000,ZR,non_handheld,桌面静置,recording,0.012957,0.573884,9.826507,-0.000408,0.002543,-0.000830
153573530.000,ZR,non_handheld,桌面静置,recording,0.026248,0.567213,9.804571,-0.000049,-0.000057,0.000566
153573540.000,ZR,non_handheld,桌面静置,recording,0.013548,0.575137,9.791018,0.000551,-0.002937,0.000662
153573550.000,ZR,non_handheld,桌面静置,recording,0.020092,0.558455,9.758902,0.000270,-0.002543,0.000367
153573560.000,ZR,non_handheld,桌面静置,recording,0.015790,0.565449,9.783814,0.000093,0.001244,-0.000501
153573570.000,ZR,non_handheld,桌面静置,recording,0.020023,0.572777,9.848277,-0.000597,0.002537,-0.000830
153573580.000,ZR,non_handheld,桌面静置,recording,0.004055,0.574108,9.818005,-0.000314,0.001460,-0.000678
153573590.000,ZR,non_handheld,桌面静置,recording,0.017507,0.566752,9.783517,-0.000125,-0.001110,0.000190
153573600.000,ZR,non_handheld,桌面静置,recording,0.016234,0.571227,9.764565,0.001203,-0.002445,0.000168
153573610.000,ZR,non_handheld,桌面静置,recording,0.026236,0.568250,9.781956,0.001042,-0.000309,0.000337
153573620.000,ZR,non_handheld,桌面静置,recording,0.028482,0.574599,9.824819,-0.000264,0.001566,-0.000172
153573630.000,ZR,non_handheld,桌面静置,recording,0.021155,0.570181,9.817859,0.000853,0.002775,-0.000820
153573640.000,ZR,non_handheld,桌面静置,recording,0.006649,0.556775,9.795698,0.000045,0.000506,0.000085
153573650.000,ZR,non_handheld,桌面静置,recording,0.001402,0.553237,9.771267,0.000714,-0.003379,0.000525
153573660.000,ZR,non_handheld,桌面静置,recording,0.005136,0.574024,9.782574,0.000972,-0.003219,0.000367
153573670.000,ZR,non_handheld,桌面静置,recording,0.012959,0.572321,9.812507,-0.000329,0.000839,-0.000755
153573680.000,ZR,non_handheld,桌面静置,recording,0.019773,0.565292,9.833053,-0.000182,0.002122,-0.000615
153573690.000,ZR,non_handheld,桌面静置,recording,0.011380,0.556722,9.797868,-0.000436,0.001378,-0.000953
153573700.000,ZR,non_handheld,桌面静置,recording,0.005309,0.555062,9.781104,-0.000015,-0.001211,0.000615
153573710.000,ZR,non_handheld,桌面静置,recording,0.022614,0.568990,9.786801,-0.000614,-0.001784,0.001003
153573720.000,ZR,non_handheld,桌面静置,recording,0.016985,0.561103,9.804591,-0.000249,-0.000279,-0.000034
153573730.000,ZR,non_handheld,桌面静置,recording,0.020721,0.578362,9.805608,-0.000193,0.000949,-0.000613
153573740.000,ZR,non_handheld,桌面静置,recording,0.022607,0.567234,9.805791,0.000413,0.000994,-0.000302
153573750.000,ZR,non_handheld,桌面静置,recording,0.018211,0.566129,9.787682,-0.000374,0.000901,0.000014
153573760.000,ZR,non_handheld,桌面静置,recording,0.015260,0.569672,9.779164,0.000110,-0.001801,0.001178