timestamp_ms,user_name,hold_state,scene_tag,phase,acc_x,acc_y,acc_z,gyro_x,gyro_y,gyro_z
1457362930.000,YZJ,handheld,车载手持,recording,-0.235301,5.122423,8.193706,-0.176565,-0.426359,-0.306453
1457362940.000,YZJ,handheld,车载手持,recording,-0.066670,5.183534,8.140057,-0.267748,-0.379523,-0.341398
1457362950.000,YZJ,handheld,车载手持,recording,-0.098554,5.273329,8.454030,-0.321576,-0.301472,-0.352630
1457362960.000,YZJ,handheld,车载手持,recording,-0.407523,5.276783,9.087594,-0.291762,-0.224594,-0.322599
1457362970.000,YZJ,handheld,车载手持,recording,-0.695320,5.193089,9.626389,-0.175725,-0.166584,-0.247448
1457362980.000,YZJ,handheld,车载手持,recording,-0.932765,5.076105,9.946106,-0.003293,-0.115573,-0.138256
1457362990.000,YZJ,handheld,车载手持,recording,-0.910517,5.071145,9.957548,0.186739,-0.067441,-0.019128
1457363000.000,YZJ,handheld,车载手持,recording,-0.689908,5.030244,9.538272,0.350830,-0.044744,0.080466
1457363010.000,YZJ,handheld,车载手持,recording,-0.377926,4.991210,9.002507,0.472652,-0.032575,0.144529
1457363020.000,YZJ,handheld,车载手持,recording,-0.139855,5.014765,8.458024,0.542942,-0.008631,0.176813
1457363030.000,YZJ,handheld,车载手持,recording,0.108963,5.025462,7.940973,0.563705,0.038798,0.188729
1457363040.000,YZJ,handheld,车载手持,recording,0.232829,5.071307,7.413769,0.525286,0.101526,0.187475
1457363050.000,YZJ,handheld,车载手持,recording,0.248402,5.120467,7.019200,0.432917,0.158883,0.180179
1457363060.000,YZJ,handheld,车载手持,recording,0.212575,5.136015,6.756481,0.310908,0.175946,0.164588
1457363070.000,YZJ,handheld,车载手持,recording,0.205114,5.158174,6.551365,0.169063,0.142497,0.139179
1457363080.000,YZJ,handheld,车载手持,recording,0.091429,5.144796,6.566378,0.015009,0.098960,0.110341
1457363090.000,YZJ,handheld,车载手持,recording,-0.092562,5.097463,6.716862,-0.126971,0.082988,0.090091
1457363100.000,YZJ,handheld,车载手持,recording,-0.293235,5.221206,7.178351,-0.232803,0.042616,0.099908
1457363110.000,YZJ,handheld,车载手持,recording,-0.624764,5.192061,7.848537,-0.277338,-0.020789,0.136176
1457363120.000,YZJ,handheld,车载手持,recording,-0.884466,5.026917,8.359997,-0.263582,-0.084966,0.199294
1457363130.000,YZJ,handheld,车载手持,recording,-0.929620,4.845255,8.588630,-0.224119,-0.106092,0.283841
1457363140.000,YZJ,handheld,车载手持,recording,-0.658388,4.703227,8.421047,-0.185198,-0.086248,0.361469
1457363150.000,YZJ,handheld,车载手持,recording,-0.218308,4.772076,8.147059,-0.166876,-0.034774,0.404711
1457363160.000,YZJ,handheld,车载手持,recording,0.085619,4.963577,8.045221,-0.163344,0.057700,0.416086
1457363170.000,YZJ,handheld,车载手持,recording,0.283686,5.062556,8.131878,-0.176542,0.236875,0.391028
1457363180.000,YZJ,handheld,车载手持,recording,0.411263,5.114052,8.443908,-0.174404,0.447166,0.332018
1457363190.000,YZJ,handheld,车载手持,recording,0.306283,5.283505,9.290768,-0.064275,0.584658,0.284331
1457363200.000,YZJ,handheld,车载手持,recording,-0.095569,5.212230,9.552953,0.047849,0.644296,0.258845
1457363210.000,YZJ,handheld,车载手持,recording,-0.289226,4.986800,9.588661,0.133365,0.660903,0.254367
1457363220.000,YZJ,handheld,车载手持,recording,-0.172317,4.855932,9.651367,0.246443,0.601947,0.248229
1457363230.000,YZJ,handheld,车载手持,recording,-0.044984,4.936676,9.377660,0.360682,0.447782,0.229194
1457363240.000,YZJ,handheld,车载手持,recording,0.057463,5.000019,8.804416,0.443209,0.233082,0.193974
1457363250.000,YZJ,handheld,车载手持,recording,0.486111,5.039256,8.021132,0.452632,0.012830,0.120378
1457363260.000,YZJ,handheld,车载手持,recording,0.905672,5.277045,7.175962,0.332839,-0.157146,0.002528
1457363270.000,YZJ,handheld,车载手持,recording,1.214586,5.453798,6.642163,0.107239,-0.193215,-0.155345
1457363280.000,YZJ,handheld,车载手持,recording,1.455615,5.635309,6.652575,-0.129639,-0.136854,-0.333457
1457363290.000,YZJ,handheld,车载手持,recording,1.348706,5.813637,7.065013,-0.320412,-0.101820,-0.499172
1457363300.000,YZJ,handheld,车载手持,recording,0.968780,5.842555,7.570793,-0.426484,-0.149694,-0.622088
1457363310.000,YZJ,handheld,车载手持,recording,0.443941,5.667714,8.185101,-0.422276,-0.261678,-0.669819
1457363320.000,YZJ,handheld,车载手持,recording,-0.068642,5.582741,8.758919,-0.323174,-0.392105,-0.657200
1457363330.000,YZJ,handheld,车载手持,recording,-0.404814,5.687173,9.090499,-0.161303,-0.484248,-0.616536
1457363340.000,YZJ,handheld,车载手持,recording,-0.619427,5.905732,9.305180,0.028580,-0.477304,-0.557868
1457363350.000,YZJ,handheld,车载手持,recording,-0.753323,6.115112,9.333036,0.214936,-0.391593,-0.482449
1457363360.000,YZJ,handheld,车载手持,recording,-0.756261,6.147405,9.139688,0.378091,-0.266359,-0.389519
1457363370.000,YZJ,handheld,车载手持,recording,-0.704696,6.135665,8.876239,0.488446,-0.133555,-0.293315
1457363380.000,YZJ,handheld,车载手持,recording,-0.791484,6.121354,8.432284,0.526258,0.002570,-0.187070
1457363390.000,YZJ,handheld,车载手持,recording,-0.776860,6.083511,8.033894,0.503904,0.042128,-0.087812
1457363400.000,YZJ,handheld,车载手持,recording,-0.580292,5.986873,7.749413,0.461071,-0.054315,-0.026139
1457363410.000,YZJ,handheld,车载手持,recording,-0.321594,5.772648,7.572181,0.420765,-0.193668,-0.008417
1457363420.000,YZJ,handheld,车载手持,recording,-0.007190,5.705032,7.358127,0.381145,-0.281883,-0.042055
1457363430.000,YZJ,handheld,车载手持,recording,0.206818,5.800111,7.088585,0.320362,-0.302459,-0.107398
1457363440.000,YZJ,handheld,车载手持,recording,0.113951,5.808192,6.863956,0.239600,-0.273820,-0.165099
1457363450.000,YZJ,handheld,车载手持,recording,-0.131453,5.668971,6.681791,0.146582,-0.239729,-0.184151
1457363460.000,YZJ,handheld,车载手持,recording,-0.313382,5.534168,6.742871,0.075117,-0.241802,-0.164533
1457363470.000,YZJ,handheld,车载手持,recording,-0.360008,5.443461,6.936715,0.032164,-0.284942,-0.131260
1457363480.000,YZJ,handheld,车载手持,recording,-0.184858,5.389393,6.963680,0.003654,-0.354167,-0.109496
1457363490.000,YZJ,handheld,车载手持,recording,0.150137,5.485819,6.850710,-0.024143,-0.447088,-0.119492
1457363500.000,YZJ,handheld,车载手持,recording,0.548582,5.646084,6.766838,-0.046344,-0.545328,-0.177482
1457363510.000,YZJ,handheld,车载手持,recording,0.767224,5.857981,6.777034,-0.070769,-0.595197,-0.271574
1457363520.000,YZJ,handheld,车载手持,recording,0.786457,6.040165,6.874226,-0.105323,-0.582730,-0.384534
1457363530.000,YZJ,handheld,车载手持,recording,0.571914,6.146070,7.015561,-0.153901,-0.509125,-0.473448
1457363540.000,YZJ,handheld,车载手持,recording,0.074751,6.262238,7.139431,-0.205883,-0.416675,-0.501241
1457363550.000,YZJ,handheld,车载手持,recording,-0.439185,6.312561,7.269213,-0.256061,-0.327918,-0.457254
1457363560.000,YZJ,handheld,车载手持,recording,-0.812956,6.288285,7.418083,-0.300602,-0.235940,-0.348989
1457363570.000,YZJ,handheld,车载手持,recording,-0.952558,6.187516,7.855461,-0.308659,-0.126107,-0.208845
1457363580.000,YZJ,handheld,车载手持,recording,-0.798894,6.062694,8.317675,-0.262073,0.010949,-0.083205
1457363590.000,YZJ,handheld,车载手持,recording,-0.544609,5.934803,8.817685,-0.160796,0.155250,-0.020033
1457363600.000,YZJ,handheld,车载手持,recording,-0.286945,5.908149,9.169503,-0.020542,0.296009,-0.020483
1457363610.000,YZJ,handheld,车载手持,recording,-0.221906,5.980552,9.097895,0.105696,0.421992,-0.051070
1457363620.000,YZJ,handheld,车载手持,recording,-0.557141,5.993746,8.749341,0.171108,0.490426,-0.063736
1457363630.000,YZJ,handheld,车载手持,recording,-0.936119,5.961855,8.332212,0.183302,0.451747,-0.037133
1457363640.000,YZJ,handheld,车载手持,recording,-1.088701,5.900316,8.065500,0.165161,0.323281,0.010495
1457363650.000,YZJ,handheld,车载手持,recording,-0.994452,5.878122,7.883096,0.131582,0.159343,0.054084
1457363660.000,YZJ,handheld,车载手持,recording,-0.646415,5.893241,7.756144,0.084631,0.015083,0.068655
1457363670.000,YZJ,handheld,车载手持,recording,-0.288981,5.876253,7.673880,0.033709,-0.080312,0.049364
1457363680.000,YZJ,handheld,车载手持,recording,-0.033405,5.894571,7.567880,-0.013548,-0.136019,0.016008
1457363690.000,YZJ,handheld,车载手持,recording,0.137775,5.964541,7.466491,-0.071905,-0.161800,-0.011750
1457363700.000,YZJ,handheld,车载手持,recording,0.160136,5.986841,7.391053,-0.137134,-0.161621,-0.036048
1457363710.000,YZJ,handheld,车载手持,recording,0.131742,6.028793,7.463595,-0.200846,-0.134385,-0.052525
1457363720.000,YZJ,handheld,车载手持,recording,0.091791,6.115847,7.566052,-0.269520,-0.064361,-0.051136
1457363730.000,YZJ,handheld,车载手持,recording,-0.013237,6.139687,7.748369,-0.334598,0.044867,-0.029134
1457363740.000,YZJ,handheld,车载手持,recording,-0.272061,5.982121,7.993757,-0.374576,0.144822,0.015977
1457363750.000,YZJ,handheld,车载手持,recording,-0.395747,5.731546,8.194484,-0.383292,0.188339,0.080735
1457363760.000,YZJ,handheld,车载手持,recording,-0.328376,5.540344,8.396409,-0.370596,0.176169,0.138746
1457363770.000,YZJ,handheld,车载手持,recording,-0.167143,5.430501,8.624459,-0.340638,0.156188,0.170923
1457363780.000,YZJ,handheld,车载手持,recording,-0.017470,5.348631,8.764603,-0.299820,0.146527,0.182809
1457363790.000,YZJ,handheld,车载手持,recording,0.066082,5.258381,8.858207,-0.257820,0.125905,0.184840
1457363800.000,YZJ,handheld,车载手持,recording,0.200397,5.206602,8.829235,-0.218141,0.095119,0.183994
1457363810.000,YZJ,handheld,车载手持,recording,0.359728,5.203259,8.836666,-0.184073,0.062618,0.170755
1457363820.000,YZJ,handheld,车载手持,recording,0.501406,5.146300,8.779149,-0.150438,0.024330,0.139894
1457363830.000,YZJ,handheld,车载手持,recording,0.638789,5.106309,8.722152,-0.107295,-0.016007,0.090704
1457363840.000,YZJ,handheld,车载手持,recording,0.710924,5.132145,8.608967,-0.080824,-0.026581,0.036397
1457363850.000,YZJ,handheld,车载手持,recording,0.687743,5.212858,8.501545,-0.064387,-0.019571,-0.010630
1457363860.000,YZJ,handheld,车载手持,recording,0.548019,5.197732,8.398005,-0.050953,-0.017024,-0.045134
1457363870.000,YZJ,handheld,车载手持,recording,0.378978,5.268297,8.316874,-0.041522,-0.018502,-0.063543
1457363880.000,YZJ,handheld,车载手持,recording,0.229214,5.344015,8.277432,-0.037020,0.009215,-0.071774
1457363890.000,YZJ,handheld,车载手持,recording,0.037105,5.380955,8.199390,-0.042164,0.044421,-0.073529
1457363900.000,YZJ,handheld,车载手持,recording,-0.090647,5.389897,8.224342,-0.035772,0.033073,-0.072933
1457363910.000,YZJ,handheld,车载手持,recording,-0.130180,5.430305,8.278662,-0.012817,-0.024595,-0.066417
1457363920.000,YZJ,handheld,车载手持,recording,-0.137297,5.472694,8.181286,0.005027,-0.090727,-0.062580
1457363930.000,YZJ,handheld,车载手持,recording,-0.131393,5.494978,7.911171,-0.003061,-0.129933,-0.059583
1457363940.000,YZJ,handheld,车载手持,recording,-0.059246,5.624902,7.650442,-0.047032,-0.129781,-0.052520
1457363950.000,YZJ,handheld,车载手持,recording,-0.103762,5.712189,7.595706,-0.107864,-0.093703,-0.035062
1457363960.000,YZJ,handheld,车载手持,recording,-0.239249,5.641062,7.665768,-0.170371,-0.017801,-0.000096
1457363970.000,YZJ,handheld,车载手持,recording,-0.342159,5.499681,7.881133,-0.216612,0.078336,0.045300
1457363980.000,YZJ,handheld,车载手持,recording,-0.278165,5.324119,8.215574,-0.231822,0.132574,0.084089
1457363990.000,YZJ,handheld,车载手持,recording,-0.190838,5.186222,8.571596,-0.202857,0.116463,0.098296
1457364000.000,YZJ,handheld,车载手持,recording,-0.105294,4.967002,8.864672,-0.131851,0.048197,0.087280
1457364010.000,YZJ,handheld,车载手持,recording,0.060606,4.801309,8.885881,-0.037836,-0.064839,0.058644
1457364020.000,YZJ,handheld,车载手持,recording,0.283818,4.784607,8.655437,0.056506,-0.175941,0.011767
1457364030.000,YZJ,handheld,车载手持,recording,0.479139,4.955208,8.295853,0.110775,-0.211057,-0.041845
1457364040.000,YZJ,handheld,车载手持,recording,0.389647,5.127956,7.804248,0.107049,-0.154263,-0.087047
1457364050.000,YZJ,handheld,车载手持,recording,0.131437,5.255187,7.499844,0.063014,-0.066491,-0.109944
1457364060.000,YZJ,handheld,车载手持,recording,-0.216652,5.360511,7.237875,-0.017609,-0.001028,-0.093103
1457364070.000,YZJ,handheld,车载手持,recording,-0.388412,5.473946,7.204712,-0.111810,0.024489,-0.039583
1457364080.000,YZJ,handheld,车载手持,recording,-0.356032,5.576786,7.514549,-0.175295,0.008029,0.021226
1457364090.000,YZJ,handheld,车载手持,recording,-0.122103,5.447463,8.008807,-0.183196,-0.001344,0.061606
1457364100.000,YZJ,handheld,车载手持,recording,0.257711,5.359413,8.439783,-0.131403,0.007154,0.054051
1457364110.000,YZJ,handheld,车载手持,recording,0.575054,5.409565,8.647202,-0.047665,0.029056,0.001191
1457364120.000,YZJ,handheld,车载手持,recording,0.471347,5.496505,8.626488,0.020971,0.057664,-0.049705
1457364130.000,YZJ,handheld,车载手持,recording,0.057500,5.529605,8.326025,0.043353,0.076602,-0.054448
1457364140.000,YZJ,handheld,车载手持,recording,-0.274786,5.463201,7.985963,0.014926,0.090935,-0.009370
1457364150.000,YZJ,handheld,车载手持,recording,-0.364702,5.492548,7.858854,-0.049030,0.118117,0.039735
1457364160.000,YZJ,handheld,车载手持,recording,-0.260403,5.518860,7.943693,-0.125866,0.148101,0.065617
1457364170.000,YZJ,handheld,车载手持,recording,-0.112452,5.452047,8.261176,-0.180329,0.156667,0.063157
1457364180.000,YZJ,handheld,车载手持,recording,0.020757,5.336021,8.587816,-0.200204,0.134604,0.043395
1457364190.000,YZJ,handheld,车载手持,recording,0.167161,5.301663,8.968303,-0.162375,0.086109,0.019083
1457364200.000,YZJ,handheld,车载手持,recording,0.133014,5.305301,9.214573,-0.090953,0.022916,0.009965
1457364210.000,YZJ,handheld,车载手持,recording,0.181574,5.267821,9.251726,-0.007685,0.009027,-0.005403
1457364220.000,YZJ,handheld,车载手持,recording,0.235312,5.275722,9.106246,0.068639,0.022042,-0.019555
1457364230.000,YZJ,handheld,车载手持,recording,0.086908,5.216617,8.869572,0.121061,0.056961,-0.019713
1457364240.000,YZJ,handheld,车载手持,recording,-0.061013,5.083613,8.535573,0.146049,0.074958,-0.008665
1457364250.000,YZJ,handheld,车载手持,recording,-0.188910,4.984652,8.281928,0.148674,0.048838,0.002289
1457364260.000,YZJ,handheld,车载手持,recording,-0.145077,4.966388,8.118392,0.134321,0.006115,0.006235
1457364270.000,YZJ,handheld,车载手持,recording,0.005748,4.968686,7.974141,0.103718,-0.023597,-0.005461
1457364280.000,YZJ,handheld,车载手持,recording,0.131363,5.042696,7.847112,0.053485,-0.025462,-0.033361
1457364290.000,YZJ,handheld,车载手持,recording,0.135682,5.149816,7.815152,-0.000338,-0.019595,-0.062988
1457364300.000,YZJ,handheld,车载手持,recording,0.020846,5.141800,7.875773,-0.042182,-0.040640,-0.078371
1457364310.000,YZJ,handheld,车载手持,recording,-0.089308,5.096491,7.951993,-0.060030,-0.103269,-0.076469
1457364320.000,YZJ,handheld,车载手持,recording,-0.053973,5.076658,8.134105,-0.035842,-0.185236,-0.068786
1457364330.000,YZJ,handheld,车载手持,recording,0.104200,5.077949,8.134113,0.016888,-0.229954,-0.069192
1457364340.000,YZJ,handheld,车载手持,recording,0.269733,5.176437,7.985439,0.059163,-0.186569,-0.078204
1457364350.000,YZJ,handheld,车载手持,recording,0.331677,5.245477,7.754576,0.077279,-0.057144,-0.092731
1457364360.000,YZJ,handheld,车载手持,recording,0.164719,5.361118,7.514110,0.053197,0.093592,-0.104610
1457364370.000,YZJ,handheld,车载手持,recording,-0.035162,5.480983,7.322922,-0.027725,0.230674,-0.101870
1457364380.000,YZJ,handheld,车载手持,recording,-0.234792,5.585330,7.276782,-0.162519,0.348122,-0.085036
1457364390.000,YZJ,handheld,车载手持,recording,-0.525802,5.526536,7.445899,-0.324044,0.431476,-0.056417
1457364400.000,YZJ,handheld,车载手持,recording,-0.735758,5.376368,7.931599,-0.463403,0.455234,-0.020798
1457364410.000,YZJ,handheld,车载手持,recording,-0.799646,5.199013,8.773476,-0.529213,0.382975,0.016666
1457364420.000,YZJ,handheld,车载手持,recording,-0.710247,4.949454,9.687391,-0.492986,0.276580,0.039122
1457364430.000,YZJ,handheld,车载手持,recording,-0.538396,4.743092,10.256659,-0.374730,0.149673,0.036746
1457364440.000,YZJ,handheld,车载手持,recording,-0.328543,4.588762,10.432347,-0.212325,0.024070,0.006515
1457364450.000,YZJ,handheld,车载手持,recording,-0.161693,4.617461,10.122951,-0.062529,-0.068559,-0.050256
1457364460.000,YZJ,handheld,车载手持,recording,-0.180728,4.804159,9.441207,0.002752,-0.074298,-0.097396
1457364470.000,YZJ,handheld,车载手持,recording,-0.392403,4.959284,8.724382,-0.030129,-0.010162,-0.101969
1457364480.000,YZJ,handheld,车载手持,recording,-0.624293,5.065292,8.374256,-0.118255,0.065463,-0.065758
1457364490.000,YZJ,handheld,车载手持,recording,-0.685986,5.025584,8.488436,-0.209079,0.120143,-0.007206
1457364500.000,YZJ,handheld,车载手持,recording,-0.536583,4.943866,8.922025,-0.253494,0.131428,0.035102
1457364510.000,YZJ,handheld,车载手持,recording,-0.285912,4.905848,9.418796,-0.240480,0.128308,0.033169
1457364520.000,YZJ,handheld,车载手持,recording,-0.191510,4.880400,9.693775,-0.188860,0.075293,0.004148
1457364530.000,YZJ,handheld,车载手持,recording,-0.205971,4.818861,9.644903,-0.123228,-0.028822,-0.022007
1457364540.000,YZJ,handheld,车载手持,recording,-0.129540,4.878705,9.419530,-0.070895,-0.114264,-0.042283
1457364550.000,YZJ,handheld,车载手持,recording,-0.066567,5.021650,9.178730,-0.048112,-0.088996,-0.055721
1457364560.000,YZJ,handheld,车载手持,recording,-0.143855,5.099054,9.124542,-0.043594,0.014924,-0.059990
1457364570.000,YZJ,handheld,车载手持,recording,-0.359133,5.019503,9.194672,-0.031043,0.105521,-0.054481
1457364580.000,YZJ,handheld,车载手持,recording,-0.499561,4.926474,9.377606,-0.001646,0.157107,-0.048325
1457364590.000,YZJ,handheld,车载手持,recording,-0.555317,4.966661,9.568656,0.043285,0.169962,-0.048934
1457364600.000,YZJ,handheld,车载手持,recording,-0.608407,5.005710,9.567070,0.092398,0.147605,-0.054094
1457364610.000,YZJ,handheld,车载手持,recording,-0.700502,5.004797,9.364186,0.117667,0.104708,-0.048471
1457364620.000,YZJ,handheld,车载手持,recording,-0.845248,5.061725,9.064741,0.107613,0.060255,-0.020039
1457364630.000,YZJ,handheld,车载手持,recording,-0.976414,5.105567,8.804598,0.072051,0.004149,0.037154
1457364640.000,YZJ,handheld,车载手持,recording,-0.957945,4.918385,8.681814,0.047497,-0.056053,0.108201
1457364650.000,YZJ,handheld,车载手持,recording,-0.735609,4.658733,8.694019,0.057982,-0.101006,0.164127
1457364660.000,YZJ,handheld,车载手持,recording,-0.363048,4.436287,8.844999,0.117489,-0.141474,0.186273
1457364670.000,YZJ,handheld,车载手持,recording,0.088559,4.247153,9.007198,0.242123,-0.170154,0.160248
1457364680.000,YZJ,handheld,车载手持,recording,0.413087,4.072575,8.931779,0.398068,-0.176681,0.095431
1457364690.000,YZJ,handheld,车载手持,recording,0.525068,4.017078,8.452368,0.523640,-0.170938,0.023143
1457364700.000,YZJ,handheld,车载手持,recording,0.492413,4.109576,7.771456,0.581412,-0.125890,-0.065542
1457364710.000,YZJ,handheld,车载手持,recording,0.375713,4.345599,7.026944,0.543919,-0.055703,-0.151737
1457364720.000,YZJ,handheld,车载手持,recording,-0.097909,4.604311,6.361143,0.398687,0.057725,-0.187911
1457364730.000,YZJ,handheld,车载手持,recording,-0.658353,4.834025,6.028801,0.189838,0.152883,-0.159911
1457364740.000,YZJ,handheld,车载手持,recording,-1.129182,4.915701,6.110423,-0.013779,0.153279,-0.073671
1457364750.000,YZJ,handheld,车载手持,recording,-1.369058,4.757903,6.421154,-0.188174,0.071514,0.049042
1457364760.000,YZJ,handheld,车载手持,recording,-1.038204,4.552821,7.048806,-0.279628,-0.045479,0.150775
1457364770.000,YZJ,handheld,车载手持,recording,-0.296434,4.395762,7.904901,-0.241977,-0.173655,0.175946
1457364780.000,YZJ,handheld,车载手持,recording,0.390639,4.232334,8.616891,-0.092429,-0.260660,0.118983
1457364790.000,YZJ,handheld,车载手持,recording,0.855394,4.180061,8.801821,0.106076,-0.264975,0.009788
1457364800.000,YZJ,handheld,车载手持,recording,0.983441,4.275737,8.533406,0.284947,-0.163847,-0.129999
1457364810.000,YZJ,handheld,车载手持,recording,0.716556,4.529854,7.945283,0.380310,0.000676,-0.254052
1457364820.000,YZJ,handheld,车载手持,recording,-0.023576,4.741482,7.226124,0.355398,0.187936,-0.312700
1457364830.000,YZJ,handheld,车载手持,recording,-0.846141,4.940083,6.581885,0.218816,0.346988,-0.293926
1457364840.000,YZJ,handheld,车载手持,recording,-1.463311,5.177654,6.269457,-0.001951,0.426367,-0.204468
1457364850.000,YZJ,handheld,车载手持,recording,-1.794564,5.322834,6.526767,-0.241261,0.414473,-0.069584
1457364860.000,YZJ,handheld,车载手持,recording,-1.784799,5.233589,7.296301,-0.396168,0.336330,0.064966
1457364870.000,YZJ,handheld,车载手持,recording,-1.358844,4.929219,8.391219,-0.416146,0.216379,0.161544
1457364880.000,YZJ,handheld,车载手持,recording,-0.635512,4.697541,9.335247,-0.294274,0.047769,0.189031
1457364890.000,YZJ,handheld,车载手持,recording,0.059438,4.502794,9.664772,-0.102615,-0.101849,0.127232
1457364900.000,YZJ,handheld,车载手持,recording,0.575614,4.649820,9.426284,0.071298,-0.140207,-0.013339
1457364910.000,YZJ,handheld,车载手持,recording,0.611890,5.008152,8.842980,0.143009,-0.033439,-0.149607
1457364920.000,YZJ,handheld,车载手持,recording,-0.148120,5.164689,8.137753,0.098767,0.151950,-0.218689
1457364930.000,YZJ,handheld,车载手持,recording,-1.083662,5.171377,7.725245,-0.045622,0.335022,-0.191776
1457364940.000,YZJ,handheld,车载手持,recording,-1.656338,5.195772,7.835005,-0.228144,0.438737,-0.095461
1457364950.000,YZJ,handheld,车载手持,recording,-1.895453,5.174378,8.415137,-0.368950,0.437124,0.014590
1457364960.000,YZJ,handheld,车载手持,recording,-1.852615,5.032684,9.185182,-0.436179,0.345866,0.113427
1457364970.000,YZJ,handheld,车载手持,recording,-1.569772,4.714474,9.926451,-0.399865,0.145079,0.178594
1457364980.000,YZJ,handheld,车载手持,recording,-0.885003,4.378840,10.395556,-0.271810,-0.081584,0.173004
1457364990.000,YZJ,handheld,车载手持,recording,-0.058200,4.488292,10.381363,-0.119970,-0.213323,0.071021
1457365000.000,YZJ,handheld,车载手持,recording,0.295997,4.852891,9.960142,-0.039911,-0.155978,-0.063056
1457365010.000,YZJ,handheld,车载手持,recording,-0.155919,5.129518,9.325775,-0.056209,-0.010204,-0.148483
1457365020.000,YZJ,handheld,车载手持,recording,-1.062292,5.037734,8.822477,-0.146944,0.096077,-0.134852
1457365030.000,YZJ,handheld,车载手持,recording,-1.616889,4.976800,8.735906,-0.264770,0.106903,-0.042962
1457365040.000,YZJ,handheld,车载手持,recording,-1.563011,5.151194,9.099070,-0.352341,0.078956,0.056177
1457365050.000,YZJ,handheld,车载手持,recording,-1.230989,5.217651,9.723322,-0.371344,0.064048,0.125437
1457365060.000,YZJ,handheld,车载手持,recording,-0.948762,5.013478,10.277635,-0.303549,0.033867,0.163030
1457365070.000,YZJ,handheld,车载手持,recording,-0.512757,4.681951,10.586214,-0.144747,-0.040988,0.168787
1457365080.000,YZJ,handheld,车载手持,recording,0.109531,4.581506,10.572067,0.045958,-0.124266,0.120885
1457365090.000,YZJ,handheld,车载手持,recording,0.568889,4.778635,10.150800,0.214516,-0.144822,0.018106
1457365100.000,YZJ,handheld,车载手持,recording,0.568489,5.009631,9.372676,0.305793,-0.095331,-0.097346
1457365110.000,YZJ,handheld,车载手持,recording,0.189508,5.122792,8.472600,0.285547,-0.022389,-0.174128
1457365120.000,YZJ,handheld,车载手持,recording,-0.341350,5.377286,7.846004,0.165095,0.076570,-0.191368
1457365130.000,YZJ,handheld,车载手持,recording,-0.821146,5.712091,7.691163,-0.003987,0.170575,-0.156217
1457365140.000,YZJ,handheld,车载手持,recording,-1.288283,5.739657,7.917100,-0.154475,0.206371,-0.074764
1457365150.000,YZJ,handheld,车载手持,recording,-1.538015,5.480187,8.460797,-0.234718,0.140628,0.030649
1457365160.000,YZJ,handheld,车载手持,recording,-1.334202,5.291998,9.131560,-0.212302,0.002597,0.111114
1457365170.000,YZJ,handheld,车载手持,recording,-0.773282,5.192280,9.638117,-0.094154,-0.135135,0.130960
1457365180.000,YZJ,handheld,车载手持,recording,-0.073467,5.132402,9.860508,0.083821,-0.222377,0.091586
1457365190.000,YZJ,handheld,车载手持,recording,0.366253,5.187711,9.574978,0.267680,-0.221342,0.011980
1457365200.000,YZJ,handheld,车载手持,recording,0.393578,5.315680,8.951995,0.399356,-0.155076,-0.065622
1457365210.000,YZJ,handheld,车载手持,recording,0.026302,5.379505,8.065332,0.437914,-0.068655,-0.096699
1457365220.000,YZJ,handheld,车载手持,recording,-0.456512,5.400740,7.323659,0.382461,0.006380,-0.067717
1457365230.000,YZJ,handheld,车载手持,recording,-0.836735,5.428519,6.878234,0.265938,0.076990,-0.001895
1457365240.000,YZJ,handheld,车载手持,recording,-0.963140,5.383668,6.792384,0.116959,0.126231,0.087590
1457365250.000,YZJ,handheld,车载手持,recording,-0.888848,5.186891,7.074866,-0.002541,0.123421,0.163026
1457365260.000,YZJ,handheld,车载手持,recording,-0.670740,4.930254,7.640196,-0.056099,0.077306,0.187644
1457365270.000,YZJ,handheld,车载手持,recording,-0.394885,4.751953,8.099259,-0.054539,0.001889,0.168239
1457365280.000,YZJ,handheld,车载手持,recording,-0.251394,4.522904,8.335250,-0.013614,-0.095246,0.127244
1457365290.000,YZJ,handheld,车载手持,recording,-0.234417,4.305788,8.312171,0.046711,-0.199138,0.081685
1457365300.000,YZJ,handheld,车载手持,recording,-0.213465,4.226644,8.047988,0.084916,-0.240577,0.050178
1457365310.000,YZJ,handheld,车载手持,recording,-0.219975,4.213943,7.798157,0.097785,-0.209073,0.026635
1457365320.000,YZJ,handheld,车载手持,recording,-0.270542,4.285483,7.612917,0.088654,-0.126894,0.013341
1457365330.000,YZJ,handheld,车载手持,recording,-0.336603,4.349938,7.455084,0.058765,-0.021303,0.014880
1457365340.000,YZJ,handheld,车载手持,recording,-0.408434,4.307902,7.486349,0.027384,0.054257,0.027943
1457365350.000,YZJ,handheld,车载手持,recording,-0.407464,4.230800,7.685528,0.030088,0.042310,0.024802
1457365360.000,YZJ,handheld,车载手持,recording,-0.238734,4.181783,7.992632,0.075505,-0.040730,-0.010160
1457365370.000,YZJ,handheld,车载手持,recording,0.068574,4.284724,8.097932,0.138205,-0.097997,-0.084826
1457365380.000,YZJ,handheld,车载手持,recording,0.167840,4.508009,8.067180,0.193041,-0.094225,-0.174400
1457365390.000,YZJ,handheld,车载手持,recording,-0.118679,4.708970,7.747746,0.215754,-0.076180,-0.233011
1457365400.000,YZJ,handheld,车载手持,recording,-0.584810,4.791977,7.273847,0.183884,-0.074055,-0.230225
1457365410.000,YZJ,handheld,车载手持,recording,-0.870481,4.983387,7.040996,0.125816,-0.112337,-0.178552
1457365420.000,YZJ,handheld,车载手持,recording,-0.764761,5.148133,7.062685,0.077287,-0.138718,-0.114992
1457365430.000,YZJ,handheld,车载手持,recording,-0.456515,5.200086,7.345440,0.069023,-0.113617,-0.076128
1457365440.000,YZJ,handheld,车载手持,recording,-0.134746,5.126520,7.588429,0.104555,-0.075040,-0.075505
1457365450.000,YZJ,handheld,车载手持,recording,0.103450,5.158672,7.675551,0.153513,-0.014120,-0.108281
1457365460.000,YZJ,handheld,车载手持,recording,0.123424,5.231493,7.625257,0.190868,0.059682,-0.161512
1457365470.000,YZJ,handheld,车载手持,recording,-0.194215,5.271585,7.463921,0.200166,0.105586,-0.203341
1457365480.000,YZJ,handheld,车载手持,recording,-0.650381,5.354163,7.157842,0.154606,0.110401,-0.200929
1457365490.000,YZJ,handheld,车载手持,recording,-0.927432,5.474032,6.959505,0.056388,0.105483,-0.163947
1457365500.000,YZJ,handheld,车载手持,recording,-1.074468,5.648241,7.009011,-0.068064,0.109191,-0.112454
1457365510.000,YZJ,handheld,车载手持,recording,-1.138977,5.589555,7.343348,-0.182465,0.115261,-0.059988
1457365520.000,YZJ,handheld,车载手持,recording,-1.070497,5.468352,7.911365,-0.236598,0.090280,-0.027121
1457365530.000,YZJ,handheld,车载手持,recording,-0.887506,5.354628,8.499129,-0.222449,0.038963,-0.014181
1457365540.000,YZJ,handheld,车载手持,recording,-0.800640,5.284192,8.891199,-0.161877,-0.016798,-0.018572
1457365550.000,YZJ,handheld,车载手持,recording,-0.808935,5.169972,8.919181,-0.088068,-0.059349,-0.027798
1457365560.000,YZJ,handheld,车载手持,recording,-0.846104,5.177207,8.717075,-0.035429,-0.081614,-0.028039
1457365570.000,YZJ,handheld,车载手持,recording,-0.893306,5.254289,8.512657,-0.018718,-0.048727,-0.014684
1457365580.000,YZJ,handheld,车载手持,recording,-0.943907,5.371337,8.331366,-0.037981,0.013444,0.008306
1457365590.000,YZJ,handheld,车载手持,recording,-0.965190,5.406488,8.327447,-0.075756,0.077493,0.038432
1457365600.000,YZJ,handheld,车载手持,recording,-0.887802,5.352293,8.558538,-0.098075,0.093142,0.055493
1457365610.000,YZJ,handheld,车载手持,recording,-0.691055,5.353411,8.812444,-0.091260,0.055435,0.046622
1457365620.000,YZJ,handheld,车载手持,recording,-0.482842,5.357079,9.037043,-0.063934,0.010381,0.012275
1457365630.000,YZJ,handheld,车载手持,recording,-0.370328,5.430477,9.026034,-0.027915,-0.040063,-0.036165
1457365640.000,YZJ,handheld,车载手持,recording,-0.421702,5.530800,8.777498,-0.015587,-0.091014,-0.069613
1457365650.000,YZJ,handheld,车载手持,recording,-0.440856,5.694098,8.357885,-0.045575,-0.111332,-0.073291
1457365660.000,YZJ,handheld,车载手持,recording,-0.463604,5.928560,8.122082,-0.110627,-0.079736,-0.055114
1457365670.000,YZJ,handheld,车载手持,recording,-0.532786,6.093956,8.150500,-0.193219,0.008186,-0.021435
1457365680.000,YZJ,handheld,车载手持,recording,-0.724691,6.048050,8.432733,-0.262047,0.107587,0.027265
1457365690.000,YZJ,handheld,车载手持,recording,-0.851229,5.860804,8.905191,-0.287147,0.176317,0.082988
1457365700.000,YZJ,handheld,车载手持,recording,-0.770696,5.688852,9.466048,-0.251356,0.209030,0.121571
1457365710.000,YZJ,handheld,车载手持,recording,-0.599237,5.547376,9.934832,-0.166400,0.202271,0.131212
1457365720.000,YZJ,handheld,车载手持,recording,-0.390910,5.284541,10.269474,-0.035451,0.153082,0.104302
1457365730.000,YZJ,handheld,车载手持,recording,-0.307163,5.155480,10.292109,0.114674,0.085097,0.047892
1457365740.000,YZJ,handheld,车载手持,recording,-0.360680,5.124316,9.827719,0.211944,0.011410,-0.008904
1457365750.000,YZJ,handheld,车载手持,recording,-0.609021,5.140864,9.134556,0.233587,-0.055823,-0.034387
1457365760.000,YZJ,handheld,车载手持,recording,-0.850428,5.173480,8.440345,0.188919,-0.115676,-0.020854
1457365770.000,YZJ,handheld,车载手持,recording,-0.985556,5.198569,7.998642,0.101776,-0.166455,0.021258
1457365780.000,YZJ,handheld,车载手持,recording,-0.926917,5.244466,7.739654,-0.006670,-0.188895,0.080621
1457365790.000,YZJ,handheld,车载手持,recording,-0.644693,5.293487,7.763136,-0.106987,-0.166089,0.126402
1457365800.000,YZJ,handheld,车载手持,recording,-0.294990,5.210666,8.038162,-0.168223,-0.108881,0.137418
1457365810.000,YZJ,handheld,车载手持,recording,-0.012534,5.096818,8.387401,-0.177694,-0.045581,0.109146
1457365820.000,YZJ,handheld,车载手持,recording,0.096005,4.982440,8.707659,-0.142934,0.007587,0.050377
1457365830.000,YZJ,handheld,车载手持,recording,0.016586,4.842128,8.971282,-0.071882,0.038097,-0.019633
1457365840.000,YZJ,handheld,车载手持,recording,-0.138591,4.874494,9.075746,0.018103,0.018956,-0.078772
1457365850.000,YZJ,handheld,车载手持,recording,-0.450528,4.905978,9.037623,0.115072,-0.022620,-0.109972
1457365860.000,YZJ,handheld,车载手持,recording,-0.814400,4.895221,8.756357,0.193281,-0.061710,-0.101514
1457365870.000,YZJ,handheld,车载手持,recording,-1.023198,4.929863,8.333557,0.234254,-0.083580,-0.057035
1457365880.000,YZJ,handheld,车载手持,recording,-1.001053,5.007272,7.916207,0.238085,-0.093349,-0.009678
1457365890.000,YZJ,handheld,车载手持,recording,-0.848924,5.171346,7.511642,0.209858,-0.084050,0.028605
1457365900.000,YZJ,handheld,车载手持,recording,-0.652723,5.246661,7.217690,0.146827,-0.049983,0.053565
1457365910.000,YZJ,handheld,车载手持,recording,-0.486349,5.332067,7.040305,0.061400,-0.017397,0.062806
1457365920.000,YZJ,handheld,车载手持,recording,-0.312966,5.338753,7.040729,-0.024339,0.010022,0.054385
1457365930.000,YZJ,handheld,车载手持,recording,-0.209079,5.344808,7.268736,-0.096083,0.036278,0.028219
1457365940.000,YZJ,handheld,车载手持,recording,-0.191345,5.338121,7.564419,-0.144487,0.047981,-0.004954
1457365950.000,YZJ,handheld,车载手持,recording,-0.319598,5.350231,7.971932,-0.163605,0.050881,-0.033475
1457365960.000,YZJ,handheld,车载手持,recording,-0.586825,5.244862,8.335911,-0.147900,0.048073,-0.045292
1457365970.000,YZJ,handheld,车载手持,recording,-0.897646,5.081507,8.640255,-0.096395,0.016783,-0.033281
1457365980.000,YZJ,handheld,车载手持,recording,-1.001007,4.906500,8.736604,-0.023999,-0.041280,-0.009610
1457365990.000,YZJ,handheld,车载手持,recording,-0.911140,4.920636,8.624707,0.040784,-0.084692,0.006919
1457366000.000,YZJ,handheld,车载手持,recording,-0.665742,5.095258,8.281784,0.063073,-0.078351,0.007357
1457366010.000,YZJ,handheld,车载手持,recording,-0.537847,5.283983,7.889799,0.032553,-0.027145,0.002817
1457366020.000,YZJ,handheld,车载手持,recording,-0.631315,5.404237,7.620919,-0.036485,0.036522,0.016061
1457366030.000,YZJ,handheld,车载手持,recording,-0.762742,5.350247,7.544188,-0.122512,0.079787,0.058110
1457366040.000,YZJ,handheld,车载手持,recording,-0.779311,5.257727,7.804430,-0.177468,0.075282,0.104473
1457366050.000,YZJ,handheld,车载手持,recording,-0.574506,5.094535,8.257514,-0.170250,0.042903,0.128615
1457366060.000,YZJ,handheld,车载手持,recording,-0.274758,4.849172,8.731861,-0.092885,-0.010569,0.123188
1457366070.000,YZJ,handheld,车载手持,recording,0.043424,4.639542,8.987418,0.041158,-0.072186,0.079396
1457366080.000,YZJ,handheld,车载手持,recording,0.326000,4.582259,8.949892,0.194784,-0.119397,0.002034
1457366090.000,YZJ,handheld,车载手持,recording,0.454645,4.661379,8.477673,0.306946,-0.113180,-0.093464
1457366100.000,YZJ,handheld,车载手持,recording,0.325257,4.851761,7.830263,0.333170,-0.053348,-0.173671
1457366110.000,YZJ,handheld,车载手持,recording,-0.091092,5.125916,7.162526,0.261262,0.041261,-0.218592
1457366120.000,YZJ,handheld,车载手持,recording,-0.704301,5.450813,6.650513,0.094132,0.135517,-0.207148
1457366130.000,YZJ,handheld,车载手持,recording,-1.288104,5.669844,6.476352,-0.126821,0.176999,-0.120893
1457366140.000,YZJ,handheld,车载手持,recording,-1.669011,5.647765,6.825848,-0.322933,0.145575,0.008036
1457366150.000,YZJ,handheld,车载手持,recording,-1.591969,5.453693,7.511815,-0.430657,0.042983,0.137076
1457366160.000,YZJ,handheld,车载手持,recording,-0.936707,5.177977,8.506790,-0.416199,-0.091332,0.209320
1457366170.000,YZJ,handheld,车载手持,recording,-0.062805,4.955028,9.300890,-0.271687,-0.197686,0.176254
1457366180.000,YZJ,handheld,车载手持,recording,0.641034,4.891414,9.726936,-0.064845,-0.207293,0.049851
1457366190.000,YZJ,handheld,车载手持,recording,0.877416,4.918074,9.611028,0.139273,-0.124843,-0.109391
1457366200.000,YZJ,handheld,车载手持,recording,0.501560,5.110065,8.979840,0.270065,0.009074,-0.233284
1457366210.000,YZJ,handheld,车载手持,recording,-0.353252,5.296941,8.268112,0.293280,0.151147,-0.273073
1457366220.000,YZJ,handheld,车载手持,recording,-1.181254,5.504212,7.641416,0.209977,0.231836,-0.218481
1457366230.000,YZJ,handheld,车载手持,recording,-1.671670,5.572482,7.399777,0.067556,0.248463,-0.105084
1457366240.000,YZJ,handheld,车载手持,recording,-1.955438,5.576909,7.581876,-0.064050,0.173683,0.025637
1457366250.000,YZJ,handheld,车载手持,recording,-1.706233,5.448692,7.903777,-0.152238,0.021578,0.137893
1457366260.000,YZJ,handheld,车载手持,recording,-1.074430,5.226091,8.321121,-0.169657,-0.125565,0.186682
1457366270.000,YZJ,handheld,车载手持,recording,-0.377701,5.075256,8.599409,-0.127033,-0.207010,0.160891
1457366280.000,YZJ,handheld,车载手持,recording,0.066967,4.930207,8.546190,-0.064211,-0.216037,0.092230
1457366290.000,YZJ,handheld,车载手持,recording,0.266652,5.008412,8.326141,-0.018470,-0.163123,0.013669
1457366300.000,YZJ,handheld,车载手持,recording,0.234999,5.105447,7.991088,-0.020414,-0.049564,-0.040713
1457366310.000,YZJ,handheld,车载手持,recording,-0.134729,5.232045,7.760873,-0.078084,0.083161,-0.059877
1457366320.000,YZJ,handheld,车载手持,recording,-0.540415,5.253241,7.836589,-0.152907,0.163047,-0.047947
1457366330.000,YZJ,handheld,车载手持,recording,-0.763910,5.304288,8.220762,-0.212401,0.172831,-0.022636
1457366340.000,YZJ,handheld,车载手持,recording,-0.767682,5.261635,8.693684,-0.239843,0.141081,-0.002619
1457366350.000,YZJ,handheld,车载手持,recording,-0.782271,5.184669,9.124752,-0.229725,0.087615,0.008617
1457366360.000,YZJ,handheld,车载手持,recording,-0.859305,5.042442,9.446718,-0.184706,0.019510,0.023193
1457366370.000,YZJ,handheld,车载手持,recording,-0.849189,4.888552,9.647747,-0.115664,-0.054744,0.039475
1457366380.000,YZJ,handheld,车载手持,recording,-0.702131,4.809510,9.652112,-0.039893,-0.097342,0.047618
1457366390.000,YZJ,handheld,车载手持,recording,-0.528714,4.874355,9.465340,0.010956,-0.060582,0.042975
1457366400.000,YZJ,handheld,车载手持,recording,-0.532955,4.954168,9.156200,0.025597,0.008121,0.032044
1457366410.000,YZJ,handheld,车载手持,recording,-0.694463,4.959352,8.884693,-0.000007,0.051067,0.039224
1457366420.000,YZJ,handheld,车载手持,recording,-0.819234,4.978124,8.699025,-0.055538,0.057503,0.064738
1457366430.000,YZJ,handheld,车载手持,recording,-0.787888,5.015941,8.822985,-0.111662,0.046199,0.089362
1457366440.000,YZJ,handheld,车载手持,recording,-0.637417,4.908604,9.125485,-0.128330,0.025541,0.092917
1457366450.000,YZJ,handheld,车载手持,recording,-0.450015,4.681584,9.531554,-0.093452,0.008951,0.069650
1457366460.000,YZJ,handheld,车载手持,recording,-0.345590,4.531421,9.842863,-0.008218,-0.003296,0.025274
1457366470.000,YZJ,handheld,车载手持,recording,-0.456464,4.416852,9.848314,0.103390,-0.044657,-0.012365
1457366480.000,YZJ,handheld,车载手持,recording,-0.654355,4.359960,9.461784,0.196646,-0.122451,-0.014594
1457366490.000,YZJ,handheld,车载手持,recording,-0.719493,4.326196,8.807210,0.243894,-0.179678,0.016017
1457366500.000,YZJ,handheld,车载手持,recording,-0.565647,4.378410,8.247190,0.244289,-0.190556,0.050532
1457366510.000,YZJ,handheld,车载手持,recording,-0.307649,4.479268,7.914602,0.213749,-0.135072,0.067836
1457366520.000,YZJ,handheld,车载手持,recording,-0.066284,4.519925,7.783287,0.179778,-0.047787,0.051049
1457366530.000,YZJ,handheld,车载手持,recording,0.060292,4.430700,7.676817,0.132257,0.032855,0.004586
1457366540.000,YZJ,handheld,车载手持,recording,0.107412,4.523321,7.724423,0.076389,0.082561,-0.058098
1457366550.000,YZJ,handheld,车载手持,recording,-0.051854,4.754090,7.954917,0.029095,0.080241,-0.124586
1457366560.000,YZJ,handheld,车载手持,recording,-0.435224,4.734354,8.132753,-0.005385,0.022998,-0.162514
1457366570.000,YZJ,handheld,车载手持,recording,-0.811283,4.646625,8.236007,-0.028078,-0.044970,-0.156000
1457366580.000,YZJ,handheld,车载手持,recording,-0.955887,4.702225,8.377350,-0.032580,-0.088924,-0.126679
1457366590.000,YZJ,handheld,车载手持,recording,-1.029742,4.833387,8.449366,-0.028805,-0.093591,-0.080581
1457366600.000,YZJ,handheld,车载手持,recording,-1.165755,4.778861,8.342621,-0.026192,-0.072219,-0.009963
1457366610.000,YZJ,handheld,车载手持,recording,-1.131445,4.619793,8.262696,-0.019658,-0.053690,0.071355
1457366620.000,YZJ,handheld,车载手持,recording,-0.853678,4.472495,8.282233,0.003195,-0.034808,0.130807
1457366630.000,YZJ,handheld,车载手持,recording,-0.406131,4.472710,8.429727,0.049326,-0.016454,0.133684
1457366640.000,YZJ,handheld,车载手持,recording,0.001950,4.511837,8.536767,0.115307,0.002452,0.090160
1457366650.000,YZJ,handheld,车载手持,recording,0.188889,4.449697,8.535826,0.186622,0.016343,0.016992
1457366660.000,YZJ,handheld,车载手持,recording,0.162296,4.446925,8.360416,0.232765,0.039709,-0.064808
1457366670.000,YZJ,handheld,车载手持,recording,-0.024970,4.665224,8.136566,0.223032,0.085561,-0.134831
1457366680.000,YZJ,handheld,车载手持,recording,-0.516032,4.918290,7.833069,0.156167,0.116009,-0.164635
1457366690.000,YZJ,handheld,车载手持,recording,-1.123150,4.891639,7.611994,0.041233,0.100555,-0.128359
1457366700.000,YZJ,handheld,车载手持,recording,-1.578017,4.789890,7.590404,-0.091636,0.034584,-0.041897
1457366710.000,YZJ,handheld,车载手持,recording,-1.642013,4.730597,7.950210,-0.187780,-0.047316,0.042515
1457366720.000,YZJ,handheld,车载手持,recording,-1.390021,4.659745,8.431410,-0.225647,-0.103525,0.102995
1457366730.000,YZJ,handheld,车载手持,recording,-0.998789,4.426842,8.882501,-0.201591,-0.116196,0.127994
1457366740.000,YZJ,handheld,车载手持,recording,-0.656464,4.270134,9.148332,-0.125760,-0.094921,0.120045
1457366750.000,YZJ,handheld,车载手持,recording,-0.456118,4.196903,9.282130,-0.023023,-0.039976,0.089593
1457366760.000,YZJ,handheld,车载手持,recording,-0.435531,4.093078,9.165279,0.066171,0.019340,0.057018
1457366770.000,YZJ,handheld,车载手持,recording,-0.561456,4.024451,8.906875,0.130575,0.061216,0.037569
1457366780.000,YZJ,handheld,车载手持,recording,-0.689110,4.037647,8.610378,0.159746,0.076590,0.032312
1457366790.000,YZJ,handheld,车载手持,recording,-0.746055,4.062848,8.290390,0.152870,0.063706,0.038994
1457366800.000,YZJ,handheld,车载手持,recording,-0.727459,4.172726,8.082263,0.116898,0.025480,0.048782
1457366810.000,YZJ,handheld,车载手持,recording,-0.638336,4.232761,7.941313,0.074833,-0.024787,0.050410
1457366820.000,YZJ,handheld,车载手持,recording,-0.377260,4.223043,7.948979,0.043230,-0.084436,0.025083
1457366830.000,YZJ,handheld,车载手持,recording,-0.047847,4.350275,7.971530,0.018369,-0.114232,-0.036915
1457366840.000,YZJ,handheld,车载手持,recording,0.119936,4.588559,7.992088,-0.018125,-0.065036,-0.129250
1457366850.000,YZJ,handheld,车载手持,recording,-0.078860,4.922437,7.950343,-0.074804,0.002704,-0.201373
1457366860.000,YZJ,handheld,车载手持,recording,-0.623950,5.129048,7.845114,-0.161374,0.058920,-0.211645
1457366870.000,YZJ,handheld,车载手持,recording,-1.228302,5.198760,7.896680,-0.266631,0.083922,-0.147940
1457366880.000,YZJ,handheld,车载手持,recording,-1.498804,5.309635,8.227525,-0.348795,0.070095,-0.046649
1457366890.000,YZJ,handheld,车载手持,recording,-1.404330,5.385549,8.791431,-0.379436,0.063217,0.048664
1457366900.000,YZJ,handheld,车载手持,recording,-1.170018,5.296421,9.501508,-0.333505,0.056375,0.118900
1457366910.000,YZJ,handheld,车载手持,recording,-0.748110,5.077847,10.006144,-0.210603,0.035012,0.142247
1457366920.000,YZJ,handheld,车载手持,recording,-0.244410,4.995363,10.239565,-0.051915,0.027034,0.093977
1457366930.000,YZJ,handheld,车载手持,recording,0.046591,5.070843,10.073085,0.078795,0.058631,0.001683
1457366940.000,YZJ,handheld,车载手持,recording,-0.056651,5.251462,9.605074,0.139897,0.113369,-0.089060
1457366950.000,YZJ,handheld,车载手持,recording,-0.633201,5.373112,8.858519,0.099430,0.165880,-0.124740
1457366960.000,YZJ,handheld,车载手持,recording,-1.350576,5.439499,8.415119,-0.024554,0.195786,-0.075358
1457366970.000,YZJ,handheld,车载手持,recording,-1.804344,5.499921,8.366192,-0.170643,0.170749,0.036557
1457366980.000,YZJ,handheld,车载手持,recording,-1.787044,5.454070,8.686377,-0.271284,0.109680,0.156503
1457366990.000,YZJ,handheld,车载手持,recording,-1.342436,5.217262,9.220950,-0.301974,0.030709,0.254075
1457367000.000,YZJ,handheld,车载手持,recording,-0.610427,4.876987,9.803241,-0.231646,-0.057256,0.278734
1457367010.000,YZJ,handheld,车载手持,recording,0.175534,4.640022,10.136769,-0.083603,-0.133481,0.207085
1457367020.000,YZJ,handheld,车载手持,recording,0.682692,4.647219,10.009447,0.067167,-0.154781,0.067522
1457367030.000,YZJ,handheld,车载手持,recording,0.753514,4.857098,9.424314,0.147001,-0.098019,-0.072178
1457367040.000,YZJ,handheld,车载手持,recording,0.140667,5.150422,8.664547,0.112838,0.023145,-0.149599
1457367050.000,YZJ,handheld,车载手持,recording,-0.759153,5.353564,8.213216,-0.008369,0.158146,-0.119560
1457367060.000,YZJ,handheld,车载手持,recording,-1.536071,5.414645,8.357540,-0.144635,0.196897,0.002556
1457367070.000,YZJ,handheld,车载手持,recording,-1.750634,5.149882,8.916880,-0.206444,0.116414,0.136471
1457367080.000,YZJ,handheld,车载手持,recording,-1.168359,4.880687,9.690553,-0.165017,-0.018888,0.210506
1457367090.000,YZJ,handheld,车载手持,recording,-0.178909,4.862932,10.291573,-0.029383,-0.126853,0.165500
1457367100.000,YZJ,handheld,车载手持,recording,0.439282,4.893686,10.446392,0.146959,-0.138249,0.022370
1457367110.000,YZJ,handheld,车载手持,recording,0.317769,5.016539,9.937097,0.278013,-0.101927,-0.119682
1457367120.000,YZJ,handheld,车载手持,recording,-0.400265,5.235802,8.939923,0.297141,-0.063854,-0.165787
1457367130.000,YZJ,handheld,车载手持,recording,-1.200957,5.360522,8.076251,0.212248,-0.033746,-0.087921
1457367140.000,YZJ,handheld,车载手持,recording,-1.571692,5.387431,7.650677,0.069813,-0.004118,0.061923
1457367150.000,YZJ,handheld,车载手持,recording,-1.422315,5.221143,7.734528,-0.054023,0.045253,0.205149
1457367160.000,YZJ,handheld,车载手持,recording,-0.917884,4.923995,8.341700,-0.096824,0.087304,0.278475
1457367170.000,YZJ,handheld,车载手持,recording,-0.322648,4.679481,9.019665,-0.043174,0.094778,0.278566
1457367180.000,YZJ,handheld,车载手持,recording,0.035484,4.454765,9.476537,0.090569,0.059403,0.232611
1457367190.000,YZJ,handheld,车载手持,recording,0.128160,4.112379,9.526885,0.280025,-0.051234,0.166927
1457367200.000,YZJ,handheld,车载手持,recording,0.179934,3.809120,9.128275,0.452656,-0.183646,0.101522
1457367210.000,YZJ,handheld,车载手持,recording,0.271779,3.787767,8.437118,0.571921,-0.259020,0.034533
1457367220.000,YZJ,handheld,车载手持,recording,0.250100,3.932058,7.630874,0.612708,-0.258433,-0.026193
1457367230.000,YZJ,handheld,车载手持,recording,0.005324,4.057425,6.756833,0.558109,-0.196509,-0.053147
1457367240.000,YZJ,handheld,车载手持,recording,-0.400885,4.157129,6.016751,0.407165,-0.095228,-0.027197
1457367250.000,YZJ,handheld,车载手持,recording,-0.682242,4.247692,5.574312,0.191880,0.000240,0.038017
1457367260.000,YZJ,handheld,车载手持,recording,-0.685446,4.287848,5.701543,-0.034900,0.054830,0.113625
1457367270.000,YZJ,handheld,车载手持,recording,-0.384897,4.198050,6.465713,-0.189178,0.059702,0.148717
1457367280.000,YZJ,handheld,车载手持,recording,-0.056776,3.986479,7.458761,-0.227306,0.023539,0.111453
1457367290.000,YZJ,handheld,车载手持,recording,0.184793,3.814759,8.241549,-0.161634,-0.050875,0.027151
1457367300.000,YZJ,handheld,车载手持,recording,0.283996,3.786562,8.805310,-0.015305,-0.182811,-0.073481
1457367310.000,YZJ,handheld,车载手持,recording,0.214445,3.908548,8.811739,0.154505,-0.302658,-0.171503
1457367320.000,YZJ,handheld,车载手持,recording,-0.032956,4.170890,8.303646,0.269276,-0.306339,-0.222307
1457367330.000,YZJ,handheld,车载手持,recording,-0.331877,4.369225,7.667877,0.309583,-0.208777,-0.221371
1457367340.000,YZJ,handheld,车载手持,recording,-0.674484,4.606167,7.125323,0.288992,-0.078239,-0.185732
1457367350.000,YZJ,handheld,车载手持,recording,-0.797285,4.893810,6.786937,0.221892,0.047756,-0.127931
1457367360.000,YZJ,handheld,车载手持,recording,-0.796305,5.008120,6.753409,0.135732,0.147484,-0.062342
1457367370.000,YZJ,handheld,车载手持,recording,-0.668130,4.979959,6.921796,0.071047,0.164587,-0.028959
1457367380.000,YZJ,handheld,车载手持,recording,-0.317594,4.931883,7.249964,0.048463,0.117094,-0.052270
1457367390.000,YZJ,handheld,车载手持,recording,0.066893,5.057286,7.610772,0.055476,0.079004,-0.132620
1457367400.000,YZJ,handheld,车载手持,recording,0.167367,5.309810,7.684628,0.061022,0.052205,-0.239067
1457367410.000,YZJ,handheld,车载手持,recording,-0.102065,5.514124,7.408950,0.005028,0.044790,-0.314526
1457367420.000,YZJ,handheld,车载手持,recording,-0.676994,5.647798,7.086805,-0.119032,0.067156,-0.327109
1457367430.000,YZJ,handheld,车载手持,recording,-1.285176,5.805922,7.163899,-0.282536,0.110108,-0.281815
1457367440.000,YZJ,handheld,车载手持,recording,-1.831458,5.893905,7.562686,-0.439758,0.134013,-0.181925
1457367450.000,YZJ,handheld,车载手持,recording,-2.095641,5.800455,8.178597,-0.546586,0.128394,-0.049009
1457367460.000,YZJ,handheld,车载手持,recording,-1.956520,5.689902,8.953765,-0.575621,0.088275,0.077681
1457367470.000,YZJ,handheld,车载手持,recording,-1.389243,5.547142,9.778409,-0.514489,0.054002,0.147790
1457367480.000,YZJ,handheld,车载手持,recording,-0.742602,5.478646,10.467882,-0.385224,0.055324,0.141476
1457367490.000,YZJ,handheld,车载手持,recording,-0.304953,5.452109,10.750457,-0.234375,0.099238,0.076674
1457367500.000,YZJ,handheld,车载手持,recording,-0.350218,5.431902,10.634946,-0.106101,0.150346,0.000881
1457367510.000,YZJ,handheld,车载手持,recording,-0.731486,5.335250,10.212689,-0.046960,0.151225,-0.032814
1457367520.000,YZJ,handheld,车载手持,recording,-1.091099,5.356879,9.699638,-0.059170,0.130146,-0.019462
1457367530.000,YZJ,handheld,车载手持,recording,-1.293680,5.429448,9.390008,-0.126595,0.116117,0.023233
1457367540.000,YZJ,handheld,车载手持,recording,-1.308332,5.476924,9.317658,-0.211563,0.081922,0.082202
1457367550.000,YZJ,handheld,车载手持,recording,-1.189289,5.355098,9.400287,-0.278482,0.026572,0.141932
1457367560.000,YZJ,handheld,车载手持,recording,-0.770610,5.212158,9.664669,-0.300750,-0.039452,0.173566
1457367570.000,YZJ,handheld,车载手持,recording,-0.190206,5.186554,9.940461,-0.276843,-0.088919,0.159685
1457367580.000,YZJ,handheld,车载手持,recording,0.268589,5.184037,10.152102,-0.218463,-0.091324,0.097366
1457367590.000,YZJ,handheld,车载手持,recording,0.313654,5.117345,10.201657,-0.153827,-0.053301,0.019983
1457367600.000,YZJ,handheld,车载手持,recording,0.024592,5.080831,10.102930,-0.100373,0.000922,-0.032817
1457367610.000,YZJ,handheld,车载手持,recording,-0.407775,5.144363,10.001270,-0.063095,0.058031,-0.042672
1457367620.000,YZJ,handheld,车载手持,recording,-0.909730,5.182494,9.933523,-0.039390,0.095347,-0.001661
1457367630.000,YZJ,handheld,车载手持,recording,-1.221511,5.059030,9.827124,-0.017963,0.071404,0.083113
1457367640.000,YZJ,handheld,车载手持,recording,-1.144260,4.753771,9.763776,0.020219,-0.001954,0.160506
1457367650.000,YZJ,handheld,车载手持,recording,-0.585699,4.571768,9.665415,0.082893,-0.101895,0.177785
1457367660.000,YZJ,handheld,车载手持,recording,0.170111,4.668810,9.378569,0.136352,-0.148911,0.112488
1457367670.000,YZJ,handheld,车载手持,recording,0.613844,4.997569,8.968257,0.139606,-0.094699,0.002632
1457367680.000,YZJ,handheld,车载手持,recording,0.357041,5.120493,8.574239,0.084449,0.022215,-0.080705
1457367690.000,YZJ,handheld,车载手持,recording,-0.461329,5.063237,8.299742,-0.007018,0.125221,-0.089348
1457367700.000,YZJ,handheld,车载手持,recording,-1.288248,4.911200,8.344725,-0.096067,0.125082,-0.016053
1457367710.000,YZJ,handheld,车载手持,recording,-1.559141,4.689443,8.595602,-0.135181,0.009673,0.096115
1457367720.000,YZJ,handheld,车载手持,recording,-1.284893,4.382151,8.902818,-0.099452,-0.139120,0.185220
1457367730.000,YZJ,handheld,车载手持,recording,-0.579227,4.136938,9.103595,-0.000904,-0.228777,0.203736
1457367740.000,YZJ,handheld,车载手持,recording,0.145538,4.070427,9.146498,0.133699,-0.230811,0.148406
1457367750.000,YZJ,handheld,车载手持,recording,0.453520,4.068230,8.913142,0.283338,-0.157277,0.055857
1457367760.000,YZJ,handheld,车载手持,recording,0.212248,3.944149,8.262854,0.381165,-0.077626,-0.014277
1457367770.000,YZJ,handheld,车载手持,recording,-0.187867,3.889694,7.483280,0.392809,-0.018795,-0.035522
1457367780.000,YZJ,handheld,车载手持,recording,-0.410184,3.974353,6.857565,0.327389,0.023176,-0.031767
1457367790.000,YZJ,handheld,车载手持,recording,-0.553708,4.123067,6.506618,0.207864,0.065870,-0.018695
1457367800.000,YZJ,handheld,车载手持,recording,-0.642228,4.231714,6.515347,0.070520,0.085330,0.002885
1457367810.000,YZJ,handheld,车载手持,recording,-0.602687,4.179632,6.839306,-0.013155,0.029284,0.020763
1457367820.000,YZJ,handheld,车载手持,recording,-0.368175,4.021965,7.298425,-0.034076,-0.064874,0.008738
1457367830.000,YZJ,handheld,车载手持,recording,-0.018537,4.058864,7.624118,-0.015216,-0.128528,-0.053893
1457367840.000,YZJ,handheld,车载手持,recording,0.119171,4.223861,7.740850,0.010960,-0.114658,-0.145429
1457367850.000,YZJ,handheld,车载手持,recording,-0.308910,4.386924,7.662383,0.011897,-0.052540,-0.207208
1457367860.000,YZJ,handheld,车载手持,recording,-0.991304,4.435781,7.399787,-0.027717,-0.018123,-0.184866
1457367870.000,YZJ,handheld,车载手持,recording,-1.494496,4.501235,7.255984,-0.092713,-0.012754,-0.087388
1457367880.000,YZJ,handheld,车载手持,recording,-1.490785,4.581810,7.425531,-0.149544,-0.028195,0.036059
1457367890.000,YZJ,handheld,车载手持,recording,-1.005103,4.485007,7.866604,-0.146736,-0.042316,0.120980
1457367900.000,YZJ,handheld,车载手持,recording,-0.398678,4.337555,8.406216,-0.068573,-0.036480,0.130732
1457367910.000,YZJ,handheld,车载手持,recording,0.124537,4.229424,8.734304,0.065798,-0.018220,0.070394
1457367920.000,YZJ,handheld,车载手持,recording,0.340080,4.229715,8.698690,0.217740,-0.021799,-0.019607
1457367930.000,YZJ,handheld,车载手持,recording,0.238541,4.325754,8.326736,0.336087,-0.037226,-0.098728
1457367940.000,YZJ,handheld,车载手持,recording,-0.053349,4.450034,7.757732,0.389774,-0.045458,-0.144708
1457367950.000,YZJ,handheld,车载手持,recording,-0.395591,4.591032,7.201959,0.364074,-0.037570,-0.153475
1457367960.000,YZJ,handheld,车载手持,recording,-0.702417,4.759318,6.749209,0.271101,-0.005876,-0.140633
1457367970.000,YZJ,handheld,车载手持,recording,-0.944832,5.014445,6.495703,0.120348,0.031164,-0.103828
1457367980.000,YZJ,handheld,车载手持,recording,-1.146632,5.173299,6.421165,-0.055864,0.031944,-0.037848
1457367990.000,YZJ,handheld,车载手持,recording,-1.212924,5.268884,6.654236,-0.215230,-0.015352,0.048489
1457368000.000,YZJ,handheld,车载手持,recording,-0.964348,5.330969,7.282882,-0.316720,-0.066775,0.123859
1457368010.000,YZJ,handheld,车载手持,recording,-0.507104,5.342642,8.025067,-0.336286,-0.092264,0.162088
1457368020.000,YZJ,handheld,车载手持,recording,-0.027741,5.193971,8.730862,-0.268557,-0.086451,0.147244
1457368030.000,YZJ,handheld,车载手持,recording,0.362119,5.061595,9.281789,-0.137896,-0.050516,0.076965
1457368040.000,YZJ,handheld,车载手持,recording,0.412993,5.019044,9.488149,0.002179,0.013013,-0.023451
1457368050.000,YZJ,handheld,车载手持,recording,0.076419,5.105962,9.290364,0.111228,0.080205,-0.108133
1457368060.000,YZJ,handheld,车载手持,recording,-0.508995,5.131934,8.753482,0.133986,0.124462,-0.129537
1457368070.000,YZJ,handheld,车载手持,recording,-1.291664,5.176870,8.223944,0.064273,0.147355,-0.063978
1457368080.000,YZJ,handheld,车载手持,recording,-1.776347,5.253060,8.025157,-0.055179,0.142235,0.063163
1457368090.000,YZJ,handheld,车载手持,recording,-1.771630,5.169667,8.119859,-0.173385,0.116754,0.207079
1457368100.000,YZJ,handheld,车载手持,recording,-1.299305,4.945595,8.486744,-0.256801,0.086838,0.317227
1457368110.000,YZJ,handheld,车载手持,recording,-0.501140,4.652543,9.140864,-0.264891,0.049257,0.342036
1457368120.000,YZJ,handheld,车载手持,recording,0.119820,4.359698,9.718848,-0.188598,-0.004003,0.267679
1457368130.000,YZJ,handheld,车载手持,recording,0.500514,4.116039,9.931496,-0.074221,-0.079581,0.138351
1457368140.000,YZJ,handheld,车载手持,recording,0.580413,4.081578,9.720104,0.026328,-0.133247,-0.005956
1457368150.000,YZJ,handheld,车载手持,recording,0.398933,4.356661,9.266426,0.064280,-0.114483,-0.125862
1457368160.000,YZJ,handheld,车载手持,recording,-0.228974,4.703124,8.715643,0.003469,-0.014929,-0.159536
1457368170.000,YZJ,handheld,车载手持,recording,-0.938948,4.887887,8.342320,-0.125188,0.066287,-0.095076
1457368180.000,YZJ,handheld,车载手持,recording,-1.417531,4.727882,8.469214,-0.268724,0.128945,0.018465
1457368190.000,YZJ,handheld,车载手持,recording,-1.431267,4.593014,8.998732,-0.367209,0.127559,0.124288
1457368200.000,YZJ,handheld,车载手持,recording,-1.011467,4.434925,9.708079,-0.377954,0.070485,0.178433
1457368210.000,YZJ,handheld,车载手持,recording,-0.464553,4.259124,10.364431,-0.286443,-0.026943,0.168647
1457368220.000,YZJ,handheld,车载手持,recording,0.067302,4.117551,10.496487,-0.139678,-0.135858,0.110779
1457368230.000,YZJ,handheld,车载手持,recording,0.433399,4.110482,10.219536,0.003385,-0.192990,0.019070
1457368240.000,YZJ,handheld,车载手持,recording,0.628197,4.329611,9.688356,0.095373,-0.141799,-0.081091
1457368250.000,YZJ,handheld,车载手持,recording,0.471385,4.689779,9.149154,0.106671,-0.001983,-0.143562
1457368260.000,YZJ,handheld,车载手持,recording,-0.062232,4.821978,8.897788,0.064871,0.158778,-0.155831
1457368270.000,YZJ,handheld,车载手持,recording,-0.652414,4.757881,8.917772,0.001602,0.246276,-0.135202
1457368280.000,YZJ,handheld,车载手持,recording,-0.855331,4.700223,9.188520,-0.055333,0.231734,-0.107968
1457368290.000,YZJ,handheld,车载手持,recording,-1.033137,4.708366,9.547272,-0.081544,0.153239,-0.097561
1457368300.000,YZJ,handheld,车载手持,recording,-1.205726,4.725649,9.732751,-0.075528,0.014246,-0.071109
1457368310.000,YZJ,handheld,车载手持,recording,-1.285442,4.662565,9.699103,-0.041144,-0.161518,-0.012093
1457368320.000,YZJ,handheld,车载手持,recording,-0.887359,4.490468,9.555560,0.030223,-0.301807,0.041748
1457368330.000,YZJ,handheld,车载手持,recording,-0.201462,4.633916,9.229953,0.097320,-0.300569,0.046693
1457368340.000,YZJ,handheld,车载手持,recording,0.263293,4.852621,8.948063,0.141731,-0.173851,0.007833
1457368350.000,YZJ,handheld,车载手持,recording,0.305615,4.877735,8.680197,0.174155,-0.045280,-0.039881
1457368360.000,YZJ,handheld,车载手持,recording,0.056230,4.849030,8.315912,0.169625,0.054750,-0.063028
1457368370.000,YZJ,handheld,车载手持,recording,-0.146098,4.995536,8.216688,0.138281,0.127840,-0.071421
1457368380.000,YZJ,handheld,车载手持,recording,-0.318361,5.106749,8.321314,0.098160,0.156743,-0.085816
1457368390.000,YZJ,handheld,车载手持,recording,-0.432141,5.059817,8.507961,0.071131,0.140800,-0.111516
1457368400.000,YZJ,handheld,车载手持,recording,-0.498463,5.013980,8.685956,0.056119,0.102859,-0.150632
1457368410.000,YZJ,handheld,车载手持,recording,-0.683528,5.070925,8.671849,0.036520,0.060962,-0.184408
1457368420.000,YZJ,handheld,车载手持,recording,-1.199006,5.235967,8.493718,-0.005579,-0.015739,-0.156441
1457368430.000,YZJ,handheld,车载手持,recording,-1.672363,5.177739,8.176774,-0.057581,-0.149182,-0.045722
1457368440.000,YZJ,handheld,车载手持,recording,-1.541883,4.997984,8.009298,-0.091942,-0.275519,0.100375
1457368450.000,YZJ,handheld,车载手持,recording,-0.787311,4.966416,8.103019,-0.087715,-0.302522,0.209269
1457368460.000,YZJ,handheld,车载手持,recording,0.070226,5.029684,8.474771,-0.016442,-0.198502,0.226894
1457368470.000,YZJ,handheld,车载手持,recording,0.636249,4.840874,8.655215,0.107416,-0.067781,0.179762
1457368480.000,YZJ,handheld,车载手持,recording,0.814737,4.469578,8.634427,0.244524,0.020301,0.101008
1457368490.000,YZJ,handheld,车载手持,recording,0.867723,4.363707,8.364538,0.367621,0.067286,-0.005875
1457368500.000,YZJ,handheld,车载手持,recording,0.805476,4.549025,7.957924,0.431203,0.095543,-0.129626
1457368510.000,YZJ,handheld,车载手持,recording,0.354924,4.872084,7.415939,0.402836,0.118166,-0.223490
1457368520.000,YZJ,handheld,车载手持,recording,-0.354944,4.987977,6.879117,0.283660,0.123519,-0.240043
1457368530.000,YZJ,handheld,车载手持,recording,-1.048166,4.999016,6.590015,0.111071,0.115949,-0.186989
1457368540.000,YZJ,handheld,车载手持,recording,-1.470398,4.977846,6.745514,-0.071943,0.074895,-0.090273
1457368550.000,YZJ,handheld,车载手持,recording,-1.494839,4.935056,7.184817,-0.198717,-0.023140,0.007224
1457368560.000,YZJ,handheld,车载手持,recording,-1.168212,4.882947,7.643529,-0.258880,-0.129980,0.073612
1457368570.000,YZJ,handheld,车载手持,recording,-0.699312,4.834223,7.973647,-0.271238,-0.191610,0.098908
1457368580.000,YZJ,handheld,车载手持,recording,-0.177682,4.773923,8.205611,-0.248181,-0.178953,0.083479
1457368590.000,YZJ,handheld,车载手持,recording,0.252026,4.767562,8.424316,-0.199987,-0.087426,0.034510
1457368600.000,YZJ,handheld,车载手持,recording,0.404415,4.850534,8.625177,-0.140141,0.058759,-0.029063
1457368610.000,YZJ,handheld,车载手持,recording,0.260565,4.859440,8.862891,-0.078079,0.196922,-0.084395
1457368620.000,YZJ,handheld,车载手持,recording,-0.163647,4.712705,8.981164,-0.018254,0.275738,-0.128035
1457368630.000,YZJ,handheld,车载手持,recording,-0.500895,4.679032,9.081915,0.039803,0.273828,-0.162644
1457368640.000,YZJ,handheld,车载手持,recording,-0.678804,4.772997,9.058042,0.090806,0.229359,-0.187463
1457368650.000,YZJ,handheld,车载手持,recording,-0.945436,4.907630,8.813388,0.100894,0.161181,-0.180932
1457368660.000,YZJ,handheld,车载手持,recording,-1.317066,5.005875,8.426826,0.064638,0.057157,-0.131601
1457368670.000,YZJ,handheld,车载手持,recording,-1.416791,4.963178,8.133328,0.010643,-0.067448,-0.052980
1457368680.000,YZJ,handheld,车载手持,recording,-1.147354,4.949214,8.017993,-0.042455,-0.162687,0.015417
1457368690.000,YZJ,handheld,车载手持,recording,-0.625623,4.945059,8.121899,-0.062807,-0.173674,0.047715
1457368700.000,YZJ,handheld,车载手持,recording,-0.204332,4.830983,8.342222,-0.037353,-0.124902,0.030469
1457368710.000,YZJ,handheld,车载手持,recording,0.080501,4.692730,8.506603,0.025423,-0.060897,-0.021797
1457368720.000,YZJ,handheld,车载手持,recording,0.221603,4.682282,8.610350,0.101092,0.016715,-0.101269
1457368730.000,YZJ,handheld,车载手持,recording,-0.030249,4.790670,8.558338,0.152572,0.116951,-0.177543
1457368740.000,YZJ,handheld,车载手持,recording,-0.608923,4.885670,8.411887,0.157750,0.192105,-0.210866
1457368750.000,YZJ,handheld,车载手持,recording,-1.283300,4.950955,8.200211,0.115364,0.211909,-0.180103
1457368760.000,YZJ,handheld,车载手持,recording,-1.781604,4.985196,8.115633,0.031582,0.169842,-0.088819
1457368770.000,YZJ,handheld,车载手持,recording,-2.025778,5.070788,8.102651,-0.058765,0.061123,0.026597
1457368780.000,YZJ,handheld,车载手持,recording,-1.808113,5.078727,8.200981,-0.125823,-0.075326,0.140284
1457368790.000,YZJ,handheld,车载手持,recording,-1.216391,4.934161,8.363011,-0.146859,-0.183227,0.218760
1457368800.000,YZJ,handheld,车载手持,recording,-0.474864,4.779675,8.693638,-0.107716,-0.233642,0.233534
1457368810.000,YZJ,handheld,车载手持,recording,0.212198,4.774199,8.987457,-0.006559,-0.227953,0.169972
1457368820.000,YZJ,handheld,车载手持,recording,0.605786,4.680615,9.039898,0.128675,-0.150100,0.059063
1457368830.000,YZJ,handheld,车载手持,recording,0.464745,4.647394,8.786798,0.235382,-0.063093,-0.038130
1457368840.000,YZJ,handheld,车载手持,recording,0.017359,4.727003,8.362282,0.294572,-0.005278,-0.094247
1457368850.000,YZJ,handheld,车载手持,recording,-0.528738,4.872081,7.922320,0.289409,0.020738,-0.090112
1457368860.000,YZJ,handheld,车载手持,recording,-0.970423,5.000080,7.561824,0.223916,0.027010,-0.029367
1457368870.000,YZJ,handheld,车载手持,recording,-1.211012,5.080044,7.350282,0.119637,0.029977,0.064288
1457368880.000,YZJ,handheld,车载手持,recording,-1.169499,5.133292,7.303013,0.005706,0.012588,0.165709
1457368890.000,YZJ,handheld,车载手持,recording,-0.835520,4.924736,7.565316,-0.073803,-0.029152,0.239367
1457368900.000,YZJ,handheld,车载手持,recording,-0.369466,4.693974,7.983167,-0.093715,-0.090269,0.252256
1457368910.000,YZJ,handheld,车载手持,recording,0.192787,4.643799,8.391784,-0.054081,-0.138105,0.189664
1457368920.000,YZJ,handheld,车载手持,recording,0.621697,4.548156,8.535549,0.007223,-0.134033,0.077244
1457368930.000,YZJ,handheld,车载手持,recording,0.669667,4.589335,8.464684,0.055909,-0.092364,-0.048161
1457368940.000,YZJ,handheld,车载手持,recording,0.300995,4.794378,8.268181,0.068110,-0.035696,-0.144434
1457368950.000,YZJ,handheld,车载手持,recording,-0.379192,4.944011,8.012913,0.025287,0.015542,-0.170029
1457368960.000,YZJ,handheld,车载手持,recording,-0.946481,4.992005,7.705059,-0.069901,0.033984,-0.130823
1457368970.000,YZJ,handheld,车载手持,recording,-1.137250,5.151249,7.664011,-0.208609,0.066794,-0.066235
1457368980.000,YZJ,handheld,车载手持,recording,-1.003121,5.396614,8.042567,-0.346663,0.116771,-0.020624
1457368990.000,YZJ,handheld,车载手持,recording,-0.812376,5.464555,8.621516,-0.437969,0.134407,-0.007118
1457369000.000,YZJ,handheld,车载手持,recording,-0.800800,5.344615,9.322340,-0.459589,0.089933,-0.009359
1457369010.000,YZJ,handheld,车载手持,recording,-0.813727,5.160979,9.975216,-0.401132,-0.004321,-0.013790
1457369020.000,YZJ,handheld,车载手持,recording,-0.668014,5.147320,10.259602,-0.294064,-0.141077,-0.029594
1457369030.000,YZJ,handheld,车载手持,recording,-0.534030,5.291916,10.340943,-0.180450,-0.188690,-0.057253
1457369040.000,YZJ,handheld,车载手持,recording,-0.605701,5.501158,10.061275,-0.097499,-0.118985,-0.056226
1457369050.000,YZJ,handheld,车载手持,recording,-0.825302,5.497530,9.699351,-0.068191,0.012555,-0.006790
1457369060.000,YZJ,handheld,车载手持,recording,-1.034012,5.404330,9.482462,-0.070917,0.141419,0.063421
1457369070.000,YZJ,handheld,车载手持,recording,-0.951263,5.323792,9.526590,-0.076575,0.207680,0.114010
1457369080.000,YZJ,handheld,车载手持,recording,-0.769837,5.339666,9.602617,-0.083296,0.204999,0.130891
1457369090.000,YZJ,handheld,车载手持,recording,-0.659504,5.227559,9.663179,-0.081421,0.139271,0.128827
1457369100.000,YZJ,handheld,车载手持,recording,-0.511888,4.981724,9.637847,-0.062479,0.036895,0.119349
1457369110.000,YZJ,handheld,车载手持,recording,-0.125820,4.804401,9.721932,-0.023021,-0.043888,0.085398
1457369120.000,YZJ,handheld,车载手持,recording,0.207537,4.828622,9.817051,0.032507,-0.068600,0.007995
1457369130.000,YZJ,handheld,车载手持,recording,0.105444,4.957278,9.603335,0.064800,-0.034771,-0.074703
1457369140.000,YZJ,handheld,车载手持,recording,-0.494026,4.999991,9.342441,0.050831,0.001412,-0.096201
1457369150.000,YZJ,handheld,车载手持,recording,-1.244629,5.111087,8.971293,-0.003591,-0.010560,-0.025066
1457369160.000,YZJ,handheld,车载手持,recording,-1.598104,5.124287,8.698860,-0.096882,-0.066121,0.121514
1457369170.000,YZJ,handheld,车载手持,recording,-1.306295,4.910557,8.710068,-0.174645,-0.113313,0.264171
1457369180.000,YZJ,handheld,车载手持,recording,-0.557695,4.739349,9.089952,-0.183421,-0.131987,0.329152
1457369190.000,YZJ,handheld,车载手持,recording,0.266658,4.528999,9.733868,-0.089066,-0.135555,0.294129
1457369200.000,YZJ,handheld,车载手持,recording,0.872514,4.243762,10.110622,0.096811,-0.140463,0.176110
1457369210.000,YZJ,handheld,车载手持,recording,1.057616,4.014342,9.913366,0.294499,-0.140670,0.022416
1457369220.000,YZJ,handheld,车载手持,recording,0.885520,4.159217,9.369668,0.438175,-0.140104,-0.121326
1457369230.000,YZJ,handheld,车载手持,recording,0.496372,4.393963,8.577765,0.490636,-0.125732,-0.224236
1457369240.000,YZJ,handheld,车载手持,recording,-0.147959,4.757583,7.741361,0.429708,-0.071272,-0.262767
1457369250.000,YZJ,handheld,车载手持,recording,-0.837557,5.200520,7.085617,0.256924,0.041190,-0.216595
1457369260.000,YZJ,handheld,车载手持,recording,-1.488353,5.430269,6.750974,0.020731,0.139650,-0.066811
1457369270.000,YZJ,handheld,车载手持,recording,-1.729219,5.198936,6.965607,-0.168609,0.126297,0.121730
1457369280.000,YZJ,handheld,车载手持,recording,-1.206278,4.725084,7.763218,-0.241673,0.041774,0.257711
1457369290.000,YZJ,handheld,车载手持,recording,-0.196117,4.430696,8.673451,-0.178652,-0.026136,0.261722
1457369300.000,YZJ,handheld,车载手持,recording,0.664794,4.257422,9.377232,0.007651,-0.068498,0.139802
1457369310.000,YZJ,handheld,车载手持,recording,0.958974,4.095325,9.442819,0.244134,-0.120711,-0.033623
1457369320.000,YZJ,handheld,车载手持,recording,0.745968,4.000220,8.916560,0.439281,-0.135854,-0.173849
1457369330.000,YZJ,handheld,车载手持,recording,0.133865,4.185057,8.021581,0.545178,-0.101722,-0.236220
1457369340.000,YZJ,handheld,车载手持,recording,-0.497033,4.354731,7.166724,0.545060,-0.038102,-0.211274
1457369350.000,YZJ,handheld,车载手持,recording,-0.943430,4.479699,6.522322,0.459329,0.020329,-0.124225
1457369360.000,YZJ,handheld,车载手持,recording,-0.974964,4.595344,6.238387,0.338825,0.067286,-0.032441
1457369370.000,YZJ,handheld,车载手持,recording,-0.712460,4.591263,6.349878,0.236248,0.083502,0.022328
1457369380.000,YZJ,handheld,车载手持,recording,-0.399751,4.533702,6.658791,0.177454,0.052792,0.025430
1457369390.000,YZJ,handheld,车载手持,recording,-0.067023,4.463695,6.841951,0.150877,-0.015364,-0.015587
1457369400.000,YZJ,handheld,车载手持,recording,0.149644,4.482691,6.910110,0.136686,-0.081117,-0.088167
1457369410.000,YZJ,handheld,车载手持,recording,0.177241,4.657520,6.851249,0.108069,-0.129864,-0.169412
1457369420.000,YZJ,handheld,车载手持,recording,-0.105594,4.780898,6.732059,0.060068,-0.146611,-0.227378
1457369430.000,YZJ,handheld,车载手持,recording,-0.461584,4.880286,6.733573,0.000212,-0.125384,-0.231680
1457369440.000,YZJ,handheld,车载手持,recording,-0.791318,4.989837,6.916281,-0.050068,-0.081633,-0.188943
1457369450.000,YZJ,handheld,车载手持,recording,-0.936951,4.993340,7.135256,-0.078872,-0.033786,-0.131261
1457369460.000,YZJ,handheld,车载手持,recording,-0.847244,4.988826,7.408637,-0.083640,-0.002529,-0.084618
1457369470.000,YZJ,handheld,车载手持,recording,-0.693124,5.011974,7.628120,-0.067157,0.021434,-0.069194
1457369480.000,YZJ,handheld,车载手持,recording,-0.587567,4.956623,7.644122,-0.060715,0.047420,-0.086884
1457369490.000,YZJ,handheld,车载手持,recording,-0.531035,5.044401,7.513837,-0.084136,0.054883,-0.116520
1457369500.000,YZJ,handheld,车载手持,recording,-0.655927,5.226899,7.402683,-0.147354,0.023587,-0.134422
1457369510.000,YZJ,handheld,车载手持,recording,-0.865996,5.337090,7.349804,-0.240504,-0.002512,-0.127883
1457369520.000,YZJ,handheld,车载手持,recording,-1.067783,5.514354,7.462663,-0.354704,-0.005870,-0.087245
1457369530.000,YZJ,handheld,车载手持,recording,-1.153749,5.531425,7.883037,-0.433064,-0.010160,-0.029030
1457369540.000,YZJ,handheld,车载手持,recording,-0.983918,5.480063,8.435621,-0.455669,-0.011312,0.014600
1457369550.000,YZJ,handheld,车载手持,recording,-0.621739,5.438107,9.132203,-0.414211,0.009549,0.021399
1457369560.000,YZJ,handheld,车载手持,recording,-0.452627,5.391463,9.617943,-0.322980,0.051943,-0.007941
1457369570.000,YZJ,handheld,车载手持,recording,-0.576698,5.271779,9.662343,-0.236547,0.100631,-0.049910
1457369580.000,YZJ,handheld,车载手持,recording,-0.809875,5.289825,9.631359,-0.182270,0.137416,-0.078472
1457369590.000,YZJ,handheld,车载手持,recording,-1.304661,5.485381,9.511775,-0.169640,0.191245,-0.059014
1457369600.000,YZJ,handheld,车载手持,recording,-1.901569,5.631252,9.371568,-0.205700,0.244075,0.048485
1457369610.000,YZJ,handheld,车载手持,recording,-2.261558,5.496688,9.243981,-0.260822,0.192948,0.228570
1457369620.000,YZJ,handheld,车载手持,recording,-1.937837,5.089311,9.456648,-0.277774,0.093531,0.395578
1457369630.000,YZJ,handheld,车载手持,recording,-0.876904,4.777240,9.856144,-0.233890,0.018821,0.463126
1457369640.000,YZJ,handheld,车载手持,recording,0.193355,4.603652,10.333279,-0.113909,-0.010104,0.395286
1457369650.000,YZJ,handheld,车载手持,recording,0.865495,4.451282,10.385245,0.042248,-0.032062,0.219613
1457369660.000,YZJ,handheld,车载手持,recording,0.977344,4.438826,9.851578,0.137698,-0.022844,0.019036
1457369670.000,YZJ,handheld,车载手持,recording,0.508807,4.673790,9.217491,0.129041,0.026594,-0.143926
1457369680.000,YZJ,handheld,车载手持,recording,-0.457063,5.210757,8.691735,0.025886,0.057334,-0.197207
1457369690.000,YZJ,handheld,车载手持,recording,-1.392469,5.412264,8.321857,-0.148978,0.061796,-0.107491
1457369700.000,YZJ,handheld,车载手持,recording,-2.028150,5.477073,8.309734,-0.358754,0.016920,0.094082
1457369710.000,YZJ,handheld,车载手持,recording,-2.037469,5.274717,8.824675,-0.486007,-0.018998,0.310440
1457369720.000,YZJ,handheld,车载手持,recording,-1.227626,4.747322,9.778917,-0.479705,-0.043988,0.465870
1457369730.000,YZJ,handheld,车载手持,recording,-0.192876,4.363819,10.727032,-0.315224,-0.089268,0.492696
1457369740.000,YZJ,handheld,车载手持,recording,0.741495,4.043799,11.317042,-0.034633,-0.105781,0.387523
1457369750.000,YZJ,handheld,车载手持,recording,1.232481,3.722177,11.012186,0.265082,-0.123235,0.200864
1457369760.000,YZJ,handheld,车载手持,recording,1.340301,3.818353,10.328380,0.494889,-0.111666,-0.019650
1457369770.000,YZJ,handheld,车载手持,recording,0.741934,4.310566,9.065787,0.576867,-0.058824,-0.176328
1457369780.000,YZJ,handheld,车载手持,recording,-0.329546,4.542421,7.998876,0.499643,0.002572,-0.196186
1457369790.000,YZJ,handheld,车载手持,recording,-1.113584,4.591771,7.267247,0.322324,0.023319,-0.107896
1457369800.000,YZJ,handheld,车载手持,recording,-1.297815,4.751586,7.232997,0.116147,0.054701,0.005229
1457369810.000,YZJ,handheld,车载手持,recording,-1.173403,4.880974,7.760869,-0.052646,0.097282,0.094921
1457369820.000,YZJ,handheld,车载手持,recording,-1.063750,4.820689,8.332910,-0.154891,0.058094,0.151924
1457369830.000,YZJ,handheld,车载手持,recording,-0.991132,4.390097,8.767458,-0.176963,-0.069410,0.192642
1457369840.000,YZJ,handheld,车载手持,recording,-0.581969,4.006352,9.058477,-0.125149,-0.225951,0.202462
1457369850.000,YZJ,handheld,车载手持,recording,0.059362,3.877176,9.239795,-0.024716,-0.316553,0.156533
1457369860.000,YZJ,handheld,车载手持,recording,0.583928,3.989261,9.372500,0.114760,-0.301590,0.045672
1457369870.000,YZJ,handheld,车载手持,recording,0.714911,4.028726,9.135126,0.242431,-0.189939,-0.078848
1457369880.000,YZJ,handheld,车载手持,recording,0.317790,4.203888,8.631722,0.309382,-0.045016,-0.163109
1457369890.000,YZJ,handheld,车载手持,recording,-0.350630,4.485071,8.111091,0.299673,0.062152,-0.165073
1457369900.000,YZJ,handheld,车载手持,recording,-0.931008,4.552329,7.735525,0.235394,0.088214,-0.093483
1457369910.000,YZJ,handheld,车载手持,recording,-1.029540,4.432779,7.676982,0.165126,0.039037,-0.014243
1457369920.000,YZJ,handheld,车载手持,recording,-0.653316,4.412689,7.852294,0.123743,-0.038156,0.003331
1457369930.000,YZJ,handheld,车载手持,recording,-0.200993,4.591421,7.982228,0.111308,-0.094696,-0.035238
1457369940.000,YZJ,handheld,车载手持,recording,-0.032821,4.634216,7.842347,0.103880,-0.143627,-0.080456
1457369950.000,YZJ,handheld,车载手持,recording,-0.107106,4.715132,7.488735,0.074037,-0.190240,-0.094712
1457369960.000,YZJ,handheld,车载手持,recording,-0.292646,4.826701,7.207424,0.012866,-0.195669,-0.063950
1457369970.000,YZJ,handheld,车载手持,recording,-0.227772,4.780659,7.169665,-0.052191,-0.151228,-0.025435
1457369980.000,YZJ,handheld,车载手持,recording,0.012178,4.869647,7.427661,-0.090606,-0.054695,-0.013439
1457369990.000,YZJ,handheld,车载手持,recording,0.195828,4.911767,7.971878,-0.091143,0.107302,-0.030162
1457370000.000,YZJ,handheld,车载手持,recording,0.075503,4.777001,8.395048,-0.054990,0.258128,-0.064952
1457370010.000,YZJ,handheld,车载手持,recording,-0.180712,4.626122,8.737376,0.009921,0.294729,-0.111050
1457370020.000,YZJ,handheld,车载手持,recording,-0.390357,4.648646,8.850588,0.077099,0.243455,-0.162252
1457370030.000,YZJ,handheld,车载手持,recording,-0.606029,4.790611,8.697078,0.106269,0.144891,-0.200064
1457370040.000,YZJ,handheld,车载手持,recording,-0.980384,5.044498,8.349242,0.073506,0.025626,-0.188058
1457370050.000,YZJ,handheld,车载手持,recording,-1.385900,5.165850,8.066330,-0.001509,-0.083857,-0.107841
1457370060.000,YZJ,handheld,车载手持,recording,-1.530539,5.186722,7.938608,-0.073746,-0.178884,0.013498
1457370070.000,YZJ,handheld,车载手持,recording,-1.064036,5.064913,8.036724,-0.115707,-0.226566,0.116181
1457370080.000,YZJ,handheld,车载手持,recording,-0.275842,5.036891,8.343697,-0.106398,-0.183398,0.139974
1457370090.000,YZJ,handheld,车载手持,recording,0.357312,5.083636,8.626034,-0.053734,-0.065538,0.070119
1457370100.000,YZJ,handheld,车载手持,recording,0.488742,5.212343,8.658906,-0.007328,0.058336,-0.025434
1457370110.000,YZJ,handheld,车载手持,recording,0.064963,5.367829,8.525158,-0.002530,0.139475,-0.078740
1457370120.000,YZJ,handheld,车载手持,recording,-0.608884,5.473467,8.381231,-0.036893,0.171273,-0.057003
1457370130.000,YZJ,handheld,车载手持,recording,-1.075791,5.431313,8.416069,-0.083559,0.157337,0.029023
1457370140.000,YZJ,handheld,车载手持,recording,-1.133570,5.097230,8.781003,-0.084031,0.102609,0.122154
1457370150.000,YZJ,handheld,车载手持,recording,-0.724301,4.687102,9.311281,-0.005163,0.026816,0.144972
1457370160.000,YZJ,handheld,车载手持,recording,-0.115756,4.423016,9.587365,0.130955,-0.061985,0.080667
1457370170.000,YZJ,handheld,车载手持,recording,0.263719,4.418161,9.473578,0.271552,-0.125837,-0.048213
1457370180.000,YZJ,handheld,车载手持,recording,0.069441,4.659740,8.710888,0.342671,-0.178644,-0.159664
1457370190.000,YZJ,handheld,车载手持,recording,-0.516253,4.901681,7.659700,0.285029,-0.211422,-0.167012
1457370200.000,YZJ,handheld,车载手持,recording,-1.090589,5.003447,6.814303,0.120965,-0.190268,-0.080389
1457370210.000,YZJ,handheld,车载手持,recording,-1.127933,5.222873,6.400841,-0.109062,-0.119089,0.045534
1457370220.000,YZJ,handheld,车载手持,recording,-0.806285,5.310174,6.745588,-0.332947,0.001449,0.153488
1457370230.000,YZJ,handheld,车载手持,recording,-0.436038,5.050274,7.660683,-0.451575,0.095545,0.218601
1457370240.000,YZJ,handheld,车载手持,recording,-0.001794,4.588539,8.663456,-0.421384,0.086962,0.209934
1457370250.000,YZJ,handheld,车载手持,recording,0.570713,4.395571,9.396677,-0.299334,0.026096,0.130857
1457370260.000,YZJ,handheld,车载手持,recording,0.996109,4.434073,9.819424,-0.124459,-0.009740,-0.014636
1457370270.000,YZJ,handheld,车载手持,recording,0.840268,4.621075,9.783433,0.039102,0.011822,-0.179165
1457370280.000,YZJ,handheld,车载手持,recording,0.135713,4.761510,9.309118,0.120408,0.088393,-0.273468
1457370290.000,YZJ,handheld,车载手持,recording,-0.692430,4.907592,8.672610,0.105180,0.156963,-0.269769
1457370300.000,YZJ,handheld,车载手持,recording,-1.287738,5.096176,8.325702,0.012158,0.197745,-0.197441
1457370310.000,YZJ,handheld,车载手持,recording,-1.628428,5.400425,8.248957,-0.103253,0.151642,-0.089503
1457370320.000,YZJ,handheld,车载手持,recording,-1.738799,5.500973,8.357982,-0.203820,0.038993,0.049533
1457370330.000,YZJ,handheld,车载手持,recording,-1.471713,5.237355,8.536223,-0.253765,-0.088337,0.184640
1457370340.000,YZJ,handheld,车载手持,recording,-0.546280,4.988342,8.862658,-0.232383,-0.170644,0.251781
1457370350.000,YZJ,handheld,车载手持,recording,0.515352,4.955637,9.303614,-0.142621,-0.138836,0.203623
1457370360.000,YZJ,handheld,车载手持,recording,1.141348,5.010481,9.492147,-0.008894,-0.031907,0.065928
1457370370.000,YZJ,handheld,车载手持,recording,1.079129,4.955990,9.291595,0.083843,0.100816,-0.077546
1457370380.000,YZJ,handheld,车载手持,recording,0.626694,5.179107,8.935741,0.107566,0.219538,-0.180862
1457370390.000,YZJ,handheld,车载手持,recording,-0.065990,5.556887,8.689312,0.048049,0.297979,-0.218537
1457370400.000,YZJ,handheld,车载手持,recording,-0.859435,5.639906,8.624866,-0.068396,0.350285,-0.186607
1457370410.000,YZJ,handheld,车载手持,recording,-1.613077,5.479570,8.666241,-0.205146,0.338911,-0.099071
1457370420.000,YZJ,handheld,车载手持,recording,-1.921708,5.378347,8.999562,-0.314029,0.276778,0.022106
1457370430.000,YZJ,handheld,车载手持,recording,-1.840199,5.225439,9.804088,-0.327906,0.125845,0.143588
1457370440.000,YZJ,handheld,车载手持,recording,-1.377427,4.797996,10.527321,-0.218201,-0.025435,0.215768
1457370450.000,YZJ,handheld,车载手持,recording,-0.689882,4.538473,10.640654,-0.029681,-0.156189,0.219551
1457370460.000,YZJ,handheld,车载手持,recording,-0.142505,4.412944,10.240889,0.143008,-0.230783,0.174818
1457370470.000,YZJ,handheld,车载手持,recording,0.184278,4.396361,9.476636,0.272488,-0.250462,0.112383
1457370480.000,YZJ,handheld,车载手持,recording,0.289900,4.519520,8.689561,0.338656,-0.212958,0.064633
1457370490.000,YZJ,handheld,车载手持,recording,0.223999,4.521541,7.967676,0.339962,-0.122363,0.043439
1457370500.000,YZJ,handheld,车载手持,recording,0.094039,4.376981,7.544145,0.307164,-0.027093,0.029758
1457370510.000,YZJ,handheld,车载手持,recording,0.078992,4.330293,7.343519,0.260700,0.031517,0.007390
1457370520.000,YZJ,handheld,车载手持,recording,0.019205,4.387127,7.332290,0.213582,0.037291,-0.025154
1457370530.000,YZJ,handheld,车载手持,recording,-0.152035,4.429735,7.290427,0.155940,-0.020833,-0.051716
1457370540.000,YZJ,handheld,车载手持,recording,-0.376578,4.430877,7.183421,0.087397,-0.096694,-0.053384
1457370550.000,YZJ,handheld,车载手持,recording,-0.478940,4.467627,7.138144,0.013183,-0.127991,-0.035565
1457370560.000,YZJ,handheld,车载手持,recording,-0.568884,4.604933,7.240604,-0.058410,-0.113918,0.004820
1457370570.000,YZJ,handheld,车载手持,recording,-0.550976,4.491786,7.393124,-0.105055,-0.092432,0.059367
1457370580.000,YZJ,handheld,车载手持,recording,-0.335030,4.285079,7.740231,-0.098936,-0.088976,0.088737
1457370590.000,YZJ,handheld,车载手持,recording,0.049196,4.380457,8.143190,-0.041925,-0.076134,0.065576
1457370600.000,YZJ,handheld,车载手持,recording,0.451828,4.487331,8.477706,0.045110,-0.012785,-0.003840
1457370610.000,YZJ,handheld,车载手持,recording,0.399979,4.498625,8.441226,0.126777,0.058178,-0.092418
1457370620.000,YZJ,handheld,车载手持,recording,0.024581,4.637252,8.225236,0.166650,0.107798,-0.161282
1457370630.000,YZJ,handheld,车载手持,recording,-0.460255,4.878057,7.831645,0.126139,0.132598,-0.176213
1457370640.000,YZJ,handheld,车载手持,recording,-0.846162,4.944738,7.535265,0.028203,0.140637,-0.149946
1457370650.000,YZJ,handheld,车载手持,recording,-1.103178,4.976174,7.570221,-0.088848,0.122804,-0.108500
1457370660.000,YZJ,handheld,车载手持,recording,-1.111991,5.052241,7.965288,-0.178811,0.062762,-0.071845
1457370670.000,YZJ,handheld,车载手持,recording,-1.031143,5.192289,8.348608,-0.224810,-0.026929,-0.035072
1457370680.000,YZJ,handheld,车载手持,recording,-0.908506,5.275913,8.509684,-0.241393,-0.104716,0.007996
1457370690.000,YZJ,handheld,车载手持,recording,-0.722085,5.194692,8.507441,-0.245795,-0.136921,0.056042
1457370700.000,YZJ,handheld,车载手持,recording,-0.434910,5.087973,8.555309,-0.230049,-0.098605,0.085767
1457370710.000,YZJ,handheld,车载手持,recording,-0.062052,5.050255,8.760283,-0.185134,-0.005512,0.084785
1457370720.000,YZJ,handheld,车载手持,recording,0.113927,5.123784,9.007258,-0.116648,0.115807,0.061445
1457370730.000,YZJ,handheld,车载手持,recording,0.086941,5.005859,9.195062,-0.027779,0.212990,0.039978
1457370740.000,YZJ,handheld,车载手持,recording,-0.108142,4.813680,9.267902,0.065951,0.244710,0.027238
1457370750.000,YZJ,handheld,车载手持,recording,-0.256005,4.723474,9.223387,0.151856,0.217172,0.013131
1457370760.000,YZJ,handheld,车载手持,recording,-0.327006,4.689511,9.083196,0.215050,0.139537,-0.004741
1457370770.000,YZJ,handheld,车载手持,recording,-0.442539,4.628112,8.650785,0.231716,0.036221,-0.019702
1457370780.000,YZJ,handheld,车载手持,recording,-0.487828,4.544764,8.164151,0.205598,-0.067606,-0.035432
1457370790.000,YZJ,handheld,车载手持,recording,-0.397489,4.690849,7.829748,0.139641,-0.138803,-0.056117
1457370800.000,YZJ,handheld,车载手持,recording,-0.386825,4.966054,7.560690,0.026186,-0.132146,-0.067573
1457370810.000,YZJ,handheld,车载手持,recording,-0.598622,5.232081,7.476519,-0.109187,-0.086911,-0.042952
1457370820.000,YZJ,handheld,车载手持,recording,-0.810388,5.244331,7.569246,-0.240173,-0.047762,0.018401
1457370830.000,YZJ,handheld,车载手持,recording,-0.797858,5.214109,8.094914,-0.335346,0.001117,0.087081
1457370840.000,YZJ,handheld,车载手持,recording,-0.519425,5.141897,8.984461,-0.339844,0.060437,0.119526
1457370850.000,YZJ,handheld,车载手持,recording,-0.342303,5.021170,9.750068,-0.251801,0.102100,0.106650
1457370860.000,YZJ,handheld,车载手持,recording,-0.286193,4.812028,10.151883,-0.110568,0.090719,0.079683
1457370870.000,YZJ,handheld,车载手持,recording,-0.282577,4.658300,10.244602,0.052096,0.042108,0.049733
1457370880.000,YZJ,handheld,车载手持,recording,-0.382226,4.602839,9.918471,0.187749,0.000064,0.023465
1457370890.000,YZJ,handheld,车载手持,recording,-0.508712,4.527337,9.287137,0.263891,-0.013706,0.001980
1457370900.000,YZJ,handheld,车载手持,recording,-0.589927,4.577393,8.616385,0.263806,-0.017167,-0.008031
1457370910.000,YZJ,handheld,车载手持,recording,-0.624285,4.799579,8.093262,0.205163,-0.018649,0.000162
1457370920.000,YZJ,handheld,车载手持,recording,-0.700591,4.993531,7.799793,0.105817,-0.022025,0.030906
1457370930.000,YZJ,handheld,车载手持,recording,-0.571560,4.985556,7.641238,-0.010389,-0.042915,0.069918
1457370940.000,YZJ,handheld,车载手持,recording,-0.222206,5.086931,7.790237,-0.108061,-0.057276,0.082217
1457370950.000,YZJ,handheld,车载手持,recording,0.109199,5.133918,8.220889,-0.165228,-0.031497,0.055975
1457370960.000,YZJ,handheld,车载手持,recording,0.094746,4.987316,8.549780,-0.177783,0.000425,0.017466
1457370970.000,YZJ,handheld,车载手持,recording,-0.052721,4.808511,8.751255,-0.158136,-0.004556,0.000501
1457370980.000,YZJ,handheld,车载手持,recording,-0.022285,4.742704,9.009803,-0.103799,-0.016209,-0.010194
1457370990.000,YZJ,handheld,车载手持,recording,0.042759,4.964699,9.194788,-0.035678,0.003216,-0.019845
1457371000.000,YZJ,handheld,车载手持,recording,-0.085129,5.008716,9.236513,0.034911,0.060362,-0.015771
1457371010.000,YZJ,handheld,车载手持,recording,-0.314767,4.813362,9.132575,0.112487,0.070180,0.008969
1457371020.000,YZJ,handheld,车载手持,recording,-0.271786,4.648359,8.946541,0.180914,0.043323,0.030474
1457371030.000,YZJ,handheld,车载手持,recording,-0.044609,4.761975,8.874577,0.242024,0.033356,0.011697
1457371040.000,YZJ,handheld,车载手持,recording,0.065960,4.842632,8.669018,0.281869,0.023621,-0.031992
1457371050.000,YZJ,handheld,车载手持,recording,-0.098300,4.827988,8.276525,0.283789,0.005857,-0.069652
1457371060.000,YZJ,handheld,车载手持,recording,-0.403712,4.893648,7.817212,0.227879,-0.026380,-0.070428
1457371070.000,YZJ,handheld,车载手持,recording,-0.687503,4.857466,7.526957,0.138091,-0.067582,-0.036157
1457371080.000,YZJ,handheld,车载手持,recording,-0.738063,4.753778,7.498151,0.056610,-0.120063,0.005095
1457371090.000,YZJ,handheld,车载手持,recording,-0.496895,4.680485,7.756282,0.013610,-0.154460,0.026053
1457371100.000,YZJ,handheld,车载手持,recording,-0.163784,4.648562,8.109241,0.017174,-0.129731,0.011151
1457371110.000,YZJ,handheld,车载手持,recording,0.032779,4.621519,8.336139,0.055519,-0.085259,-0.035699
1457371120.000,YZJ,handheld,车载手持,recording,0.064967,4.571032,8.406903,0.092934,-0.036982,-0.098973
1457371130.000,YZJ,handheld,车载手持,recording,-0.192320,4.748170,8.277169,0.094385,0.029197,-0.162168
1457371140.000,YZJ,handheld,车载手持,recording,-0.725348,4.973498,8.102196,0.045453,0.093413,-0.179720
1457371150.000,YZJ,handheld,车载手持,recording,-1.460461,5.134487,7.939005,-0.038570,0.094248,-0.109205
1457371160.000,YZJ,handheld,车载手持,recording,-1.932677,5.120210,7.923533,-0.124238,0.007404,0.038687
1457371170.000,YZJ,handheld,车载手持,recording,-1.605873,4.934237,8.216960,-0.158435,-0.100592,0.180189
1457371180.000,YZJ,handheld,车载手持,recording,-0.627468,4.736142,8.672890,-0.111649,-0.162992,0.226411
1457371190.000,YZJ,handheld,车载手持,recording,0.524619,4.654818,9.080276,0.018482,-0.147375,0.128963
1457371200.000,YZJ,handheld,车载手持,recording,1.219201,4.850177,9.146227,0.159968,-0.055168,-0.056347
1457371210.000,YZJ,handheld,车载手持,recording,0.943511,5.110907,8.747147,0.243366,0.060736,-0.214425
1457371220.000,YZJ,handheld,车载手持,recording,-0.162923,5.272886,8.051556,0.235147,0.131649,-0.260293
1457371230.000,YZJ,handheld,车载手持,recording,-1.085456,5.190313,7.537691,0.147046,0.123332,-0.194807
1457371240.000,YZJ,handheld,车载手持,recording,-1.449150,5.298411,7.411416,0.028967,0.072586,-0.083715
1457371250.000,YZJ,handheld,车载手持,recording,-1.231676,5.565867,7.646460,-0.080319,0.055876,0.015217
1457371260.000,YZJ,handheld,车载手持,recording,-0.951844,5.557048,7.972696,-0.159441,0.064423,0.086429
1457371270.000,YZJ,handheld,车载手持,recording,-0.721829,5.316259,8.211919,-0.206659,0.050299,0.140379
1457371280.000,YZJ,handheld,车载手持,recording,-0.459278,5.034657,8.544276,-0.205682,0.028366,0.164462
1457371290.000,YZJ,handheld,车载手持,recording,-0.139591,4.908350,8.957751,-0.143358,0.001225,0.152178
1457371300.000,YZJ,handheld,车载手持,recording,0.125064,4.619633,9.272991,-0.031017,-0.021952,0.105650
1457371310.000,YZJ,handheld,车载手持,recording,0.342252,4.393182,9.396121,0.108934,-0.016384,0.025520
1457371320.000,YZJ,handheld,车载手持,recording,0.432486,4.393331,9.331282,0.242150,0.031551,-0.079069
1457371330.000,YZJ,handheld,车载手持,recording,0.178039,4.517059,8.949497,0.330049,0.079128,-0.183659
1457371340.000,YZJ,handheld,车载手持,recording,-0.388476,4.822288,8.351351,0.321526,0.084160,-0.228817
1457371350.000,YZJ,handheld,车载手持,recording,-1.095823,5.008538,7.737579,0.223667,0.075630,-0.201742
1457371360.000,YZJ,handheld,车载手持,recording,-1.604512,5.171476,7.368978,0.055413,0.052556,-0.109089
1457371370.000,YZJ,handheld,车载手持,recording,-1.676759,5.282813,7.457964,-0.123586,0.029322,0.009243
1457371380.000,YZJ,handheld,车载手持,recording,-1.472991,5.212128,7.989453,-0.243105,0.011776,0.098113
1457371390.000,YZJ,handheld,车载手持,recording,-1.075251,4.929421,8.627901,-0.265882,-0.042972,0.127704
1457371400.000,YZJ,handheld,车载手持,recording,-0.603608,4.713542,9.064798,-0.206699,-0.146269,0.102089
1457371410.000,YZJ,handheld,车载手持,recording,-0.190712,4.743792,9.029137,-0.120642,-0.248568,0.041358
1457371420.000,YZJ,handheld,车载手持,recording,0.216787,4.898044,8.751344,-0.054568,-0.241711,-0.027398
1457371430.000,YZJ,handheld,车载手持,recording,0.212183,5.270873,8.306283,-0.048066,-0.123486,-0.061518
1457371440.000,YZJ,handheld,车载手持,recording,-0.074917,5.416427,8.073564,-0.080369,0.063737,-0.037831
1457371450.000,YZJ,handheld,车载手持,recording,-0.490769,5.306066,8.209544,-0.109135,0.218441,0.029454
1457371460.000,YZJ,handheld,车载手持,recording,-0.598785,5.076470,8.658140,-0.089345,0.253443,0.092310
1457371470.000,YZJ,handheld,车载手持,recording,-0.382830,4.877025,9.150613,-0.019029,0.215508,0.089503
1457371480.000,YZJ,handheld,车载手持,recording,-0.090565,4.906449,9.397402,0.073003,0.130041,0.021727
1457371490.000,YZJ,handheld,车载手持,recording,-0.063858,4.921873,9.173476,0.143288,0.034626,-0.070364
1457371500.000,YZJ,handheld,车载手持,recording,-0.441902,5.075679,8.639393,0.146373,-0.065400,-0.121978
1457371510.000,YZJ,handheld,车载手持,recording,-0.892693,5.235044,7.989620,0.071483,-0.142116,-0.092804
1457371520.000,YZJ,handheld,车载手持,recording,-1.103004,5.369646,7.685282,-0.039302,-0.163517,-0.009487
1457371530.000,YZJ,handheld,车载手持,recording,-1.048521,5.449464,7.683599,-0.150043,-0.142318,0.095641
1457371540.000,YZJ,handheld,车载手持,recording,-0.713196,5.341040,7.967886,-0.220367,-0.079414,0.186551
1457371550.000,YZJ,handheld,车载手持,recording,-0.194708,5.149088,8.475557,-0.220982,-0.017879,0.224634
1457371560.000,YZJ,handheld,车载手持,recording,0.364903,5.076711,8.913508,-0.173064,0.015624,0.195710
1457371570.000,YZJ,handheld,车载手持,recording,0.702207,5.023581,9.190156,-0.101441,0.065906,0.117152
1457371580.000,YZJ,handheld,车载手持,recording,0.584336,4.933258,9.274205,-0.026798,0.122496,0.020504
1457371590.000,YZJ,handheld,车载手持,recording,0.176157,4.859423,9.213883,0.024442,0.148334,-0.054713
1457371600.000,YZJ,handheld,车载手持,recording,-0.388940,4.885656,9.198963,0.051573,0.133501,-0.084146
1457371610.000,YZJ,handheld,车载手持,recording,-0.916729,4.962011,9.166348,0.065005,0.070053,-0.065910
1457371620.000,YZJ,handheld,车载手持,recording,-1.260912,4.923320,9.016977,0.058543,-0.022178,-0.007453
1457371630.000,YZJ,handheld,车载手持,recording,-1.321662,4.864980,8.858766,0.039424,-0.094590,0.064724
1457371640.000,YZJ,handheld,车载手持,recording,-1.101470,4.887571,8.642761,0.009862,-0.141240,0.135858
1457371650.000,YZJ,handheld,车载手持,recording,-0.648985,4.795087,8.542972,-0.003400,-0.158110,0.175158
1457371660.000,YZJ,handheld,车载手持,recording,-0.114989,4.574345,8.544738,0.016996,-0.154099,0.164955
1457371670.000,YZJ,handheld,车载手持,recording,0.232756,4.472012,8.540983,0.069777,-0.139525,0.111175
1457371680.000,YZJ,handheld,车载手持,recording,0.504241,4.300675,8.479616,0.147006,-0.120430,0.023125
1457371690.000,YZJ,handheld,车载手持,recording,0.612314,4.289686,8.231822,0.213456,-0.095884,-0.076691
1457371700.000,YZJ,handheld,车载手持,recording,0.459553,4.585191,7.831900,0.230213,-0.028838,-0.158123
1457371710.000,YZJ,handheld,车载手持,recording,-0.043494,4.921434,7.428893,0.187671,0.042201,-0.177999
1457371720.000,YZJ,handheld,车载手持,recording,-0.720357,4.916274,7.085739,0.092841,0.087187,-0.111117
1457371730.000,YZJ,handheld,车载手持,recording,-1.061927,4.833852,7.106215,-0.012064,0.114030,-0.002508
1457371740.000,YZJ,handheld,车载手持,recording,-0.892650,4.733460,7.551139,-0.065835,0.107839,0.071669
1457371750.000,YZJ,handheld,车载手持,recording,-0.356485,4.635315,8.144930,-0.055332,0.068798,0.072232
1457371760.000,YZJ,handheld,车载手持,recording,0.079524,4.642288,8.411789,-0.004891,0.003251,0.009169
1457371770.000,YZJ,handheld,车载手持,recording,0.203882,4.628490,8.396697,0.052508,-0.071716,-0.086559
1457371780.000,YZJ,handheld,车载手持,recording,0.076920,4.681691,8.024830,0.069307,-0.118838,-0.159245
1457371790.000,YZJ,handheld,车载手持,recording,-0.180240,4.883986,7.675448,0.034581,-0.098926,-0.192841
1457371800.000,YZJ,handheld,车载手持,recording,-0.445822,5.128348,7.625085,-0.030028,-0.004343,-0.191502
1457371810.000,YZJ,handheld,车载手持,recording,-0.799573,5.152167,7.679681,-0.110982,0.119714,-0.159424
1457371820.000,YZJ,handheld,车载手持,recording,-1.103872,5.102596,7.986190,-0.181716,0.188619,-0.106522
1457371830.000,YZJ,handheld,车载手持,recording,-1.271454,5.158304,8.386850,-0.222052,0.159649,-0.048495
1457371840.000,YZJ,handheld,车载手持,recording,-1.317140,5.245514,8.660936,-0.242553,0.072437,0.012415
1457371850.000,YZJ,handheld,车载手持,recording,-1.275033,5.248755,8.718958,-0.249249,-0.035567,0.088900
1457371860.000,YZJ,handheld,车载手持,recording,-0.830452,5.042649,8.815490,-0.221010,-0.129567,0.154283
1457371870.000,YZJ,handheld,车载手持,recording,0.005128,4.896555,8.949180,-0.156218,-0.146573,0.143666
1457371880.000,YZJ,handheld,车载手持,recording,0.834172,5.095237,9.182772,-0.071135,-0.040102,0.040671
1457371890.000,YZJ,handheld,车载手持,recording,0.945813,5.230955,9.302255,0.018097,0.135379,-0.113051
1457371900.000,YZJ,handheld,车载手持,recording,0.222613,5.255024,9.106400,0.067495,0.231867,-0.226809
1457371910.000,YZJ,handheld,车载手持,recording,-0.633884,5.396409,8.781400,0.048059,0.220952,-0.239197
1457371920.000,YZJ,handheld,车载手持,recording,-1.338927,5.521622,8.423547,-0.044090,0.173274,-0.169286
1457371930.000,YZJ,handheld,车载手持,recording,-1.729141,5.681428,8.373164,-0.168101,0.129203,-0.048890
1457371940.000,YZJ,handheld,车载手持,recording,-1.880607,5.628154,8.458753,-0.281530,0.068020,0.104982
1457371950.000,YZJ,handheld,车载手持,recording,-1.516095,5.403595,8.879126,-0.321345,-0.013259,0.250107
1457371960.000,YZJ,handheld,车载手持,recording,-0.633838,5.006407,9.403723,-0.272925,-0.046463,0.321412
1457371970.000,YZJ,handheld,车载手持,recording,0.344525,4.847687,9.967038,-0.142051,-0.048444,0.277411
1457371980.000,YZJ,handheld,车载手持,recording,1.004390,4.574510,10.151385,0.042339,-0.044779,0.126505
1457371990.000,YZJ,handheld,车载手持,recording,1.262446,4.359985,9.805016,0.202631,0.002092,-0.086040
1457372000.000,YZJ,handheld,车载手持,recording,0.877667,4.651871,9.254580,0.260304,0.088298,-0.265421
1457372010.000,YZJ,handheld,车载手持,recording,-0.229263,5.169290,8.597546,0.207111,0.168530,-0.343717
1457372020.000,YZJ,handheld,车载手持,recording,-1.447856,5.284470,7.948034,0.038022,0.209270,-0.260777
1457372030.000,YZJ,handheld,车载手持,recording,-2.377863,5.269629,7.775276,-0.175898,0.157317,-0.058084
1457372040.000,YZJ,handheld,车载手持,recording,-2.397620,5.201518,8.339256,-0.321199,0.040382,0.154822
1457372050.000,YZJ,handheld,车载手持,recording,-1.745538,4.973477,9.126926,-0.346185,-0.079815,0.305105
1457372060.000,YZJ,handheld,车载手持,recording,-0.742000,4.452801,9.622868,-0.257445,-0.180188,0.369236
1457372070.000,YZJ,handheld,车载手持,recording,0.172354,4.164810,9.903238,-0.083368,-0.287292,0.326276
1457372080.000,YZJ,handheld,车载手持,recording,1.057061,4.132823,9.833579,0.153285,-0.334464,0.180338
1457372090.000,YZJ,handheld,车载手持,recording,1.517597,4.160522,9.331181,0.348966,-0.278808,0.003649
1457372100.000,YZJ,handheld,车载手持,recording,1.534543,4.238127,8.585734,0.476345,-0.127481,-0.174379
1457372110.000,YZJ,handheld,车载手持,recording,0.948826,4.484677,7.847369,0.502916,0.083023,-0.317589
1457372120.000,YZJ,handheld,车载手持,recording,-0.183118,4.871536,7.171411,0.413462,0.252495,-0.365956
1457372130.000,YZJ,handheld,车载手持,recording,-1.253517,5.032167,6.729634,0.235996,0.307774,-0.295288
1457372140.000,YZJ,handheld,车载手持,recording,-2.076969,5.047979,6.669601,0.026325,0.244714,-0.142165
1457372150.000,YZJ,handheld,车载手持,recording,-2.255196,4.981237,7.056322,-0.147729,0.090329,0.030010
1457372160.000,YZJ,handheld,车载手持,recording,-1.863987,4.887049,7.676975,-0.238511,-0.101832,0.161731
1457372170.000,YZJ,handheld,车载手持,recording,-0.897879,4.704388,8.312628,-0.226498,-0.248172,0.204803
1457372180.000,YZJ,handheld,车载手持,recording,0.011882,4.609297,8.622918,-0.154653,-0.288977,0.155236
1457372190.000,YZJ,handheld,车载手持,recording,0.676168,4.639078,8.681588,-0.062199,-0.211046,0.036848
1457372200.000,YZJ,handheld,车载手持,recording,0.766606,4.916174,8.580413,0.013622,-0.045626,-0.090623
1457372210.000,YZJ,handheld,车载手持,recording,0.267802,5.123737,8.430727,0.057827,0.145113,-0.162536
1457372220.000,YZJ,handheld,车载手持,recording,-0.541716,5.128266,8.417411,0.081884,0.252409,-0.158563
1457372230.000,YZJ,handheld,车载手持,recording,-1.135276,5.101811,8.456676,0.093934,0.265895,-0.107004
1457372240.000,YZJ,handheld,车载手持,recording,-1.378672,5.093074,8.621287,0.104067,0.223301,-0.049011
1457372250.000,YZJ,handheld,车载手持,recording,-1.512128,5.031840,8.528722,0.103943,0.122438,0.003590
1457372260.000,YZJ,handheld,车载手持,recording,-1.437944,4.914110,8.360886,0.090413,-0.029621,0.053724
1457372270.000,YZJ,handheld,车载手持,recording,-1.162863,4.838502,8.070842,0.064342,-0.159942,0.098133
1457372280.000,YZJ,handheld,车载手持,recording,-0.728529,4.674187,7.889455,0.042210,-0.198525,0.115040
1457372290.000,YZJ,handheld,车载手持,recording,-0.327386,4.644768,7.772025,0.027201,-0.184589,0.100015
1457372300.000,YZJ,handheld,车载手持,recording,-0.012470,4.706968,7.738882,0.026113,-0.157157,0.060103
1457372310.000,YZJ,handheld,车载手持,recording,0.129129,4.794964,7.713665,0.027494,-0.110259,0.018206
1457372320.000,YZJ,handheld,车载手持,recording,0.164592,4.945998,7.597796,0.007498,-0.030973,-0.008321
1457372330.000,YZJ,handheld,车载手持,recording,0.078260,5.102898,7.639092,-0.024888,0.073153,-0.023956
1457372340.000,YZJ,handheld,车载手持,recording,-0.183458,5.109752,7.808390,-0.065874,0.166715,-0.023030
1457372350.000,YZJ,handheld,车载手持,recording,-0.478678,4.908908,8.206416,-0.082017,0.215023,-0.019280
1457372360.000,YZJ,handheld,车载手持,recording,-0.774690,4.880889,8.575554,-0.079734,0.186896,-0.011228
1457372370.000,YZJ,handheld,车载手持,recording,-0.967783,4.850530,8.727262,-0.067077,0.101099,0.008856
1457372380.000,YZJ,handheld,车载手持,recording,-1.128866,4.817172,8.648989,-0.062231,-0.011318,0.051760
1457372390.000,YZJ,handheld,车载手持,recording,-0.940355,4.739493,8.484783,-0.069530,-0.118270,0.092543
1457372400.000,YZJ,handheld,车载手持,recording,-0.430085,4.812569,8.441389,-0.080579,-0.141362,0.093082
1457372410.000,YZJ,handheld,车载手持,recording,0.059811,5.029069,8.580564,-0.083144,-0.064802,0.047416
1457372420.000,YZJ,handheld,车载手持,recording,0.186225,4.995900,8.868299,-0.059751,0.054090,-0.023830
1457372430.000,YZJ,handheld,车载手持,recording,-0.151968,4.921576,9.149099,-0.016768,0.135912,-0.095849
1457372440.000,YZJ,handheld,车载手持,recording,-0.619247,5.149025,9.210952,0.009842,0.138409,-0.123223
1457372450.000,YZJ,handheld,车载手持,recording,-1.084708,5.211481,9.064329,0.007909,0.100436,-0.085132
1457372460.000,YZJ,handheld,车载手持,recording,-1.630263,4.957034,8.882617,-0.010549,0.022437,0.006069
1457372470.000,YZJ,handheld,车载手持,recording,-1.599077,4.810399,8.755021,-0.016105,-0.102069,0.119191
1457372480.000,YZJ,handheld,车载手持,recording,-1.022079,4.586411,8.658918,-0.004276,-0.167151,0.186622
1457372490.000,YZJ,handheld,车载手持,recording,-0.223684,4.551052,8.542955,0.012863,-0.135982,0.174763
1457372500.000,YZJ,handheld,车载手持,recording,0.391699,4.789867,8.371441,0.023069,-0.052614,0.104075
1457372510.000,YZJ,handheld,车载手持,recording,0.438004,4.976427,8.196839,0.010569,0.037587,0.038719
1457372520.000,YZJ,handheld,车载手持,recording,0.071088,4.840248,8.116687,-0.002399,0.072222,0.014623
1457372530.000,YZJ,handheld,车载手持,recording,-0.125809,4.623812,8.305375,0.021165,0.030341,0.004238
1457372540.000,YZJ,handheld,车载手持,recording,0.130257,4.549222,8.594582,0.081214,-0.032058,-0.045157
1457372550.000,YZJ,handheld,车载手持,recording,0.458022,4.720142,8.831370,0.165226,-0.041883,-0.160916
1457372560.000,YZJ,handheld,车载手持,recording,0.379369,5.006871,8.757164,0.226038,0.018901,-0.292468
1457372570.000,YZJ,handheld,车载手持,recording,-0.257818,5.120306,8.192344,0.208378,0.082314,-0.358412
1457372580.000,YZJ,handheld,车载手持,recording,-1.397620,5.259150,7.484167,0.082062,0.115020,-0.313896
1457372590.000,YZJ,handheld,车载手持,recording,-2.210557,5.482030,7.200426,-0.104657,0.066343,-0.166146
1457372600.000,YZJ,handheld,车载手持,recording,-2.388466,5.572572,7.334145,-0.294706,-0.020828,0.029446
1457372610.000,YZJ,handheld,车载手持,recording,-1.900525,5.664431,7.930685,-0.431807,-0.028757,0.194517
1457372620.000,YZJ,handheld,车载手持,recording,-1.097053,5.474890,8.751048,-0.471404,0.042671,0.270060
1457372630.000,YZJ,handheld,车载手持,recording,-0.252410,5.097909,9.669442,-0.406474,0.119487,0.242439
1457372640.000,YZJ,handheld,车载手持,recording,0.199920,4.927535,10.356880,-0.255618,0.164961,0.137999
1457372650.000,YZJ,handheld,车载手持,recording,0.132455,4.726232,10.736817,-0.042189,0.132861,0.010802
1457372660.000,YZJ,handheld,车载手持,recording,-0.238885,4.450784,10.597126,0.168529,0.022925,-0.076560
1457372670.000,YZJ,handheld,车载手持,recording,-0.627603,4.343813,9.969508,0.328632,-0.074767,-0.117631
1457372680.000,YZJ,handheld,车载手持,recording,-0.755373,4.498742,9.157322,0.410931,-0.102608,-0.131583
1457372690.000,YZJ,handheld,车载手持,recording,-0.842412,4.838682,8.266944,0.386729,-0.076069,-0.119014
1457372700.000,YZJ,handheld,车载手持,recording,-0.999017,5.077310,7.580426,0.269017,-0.024203,-0.076456
1457372710.000,YZJ,handheld,车载手持,recording,-1.220564,5.222837,7.124530,0.096892,0.014872,-0.007127
1457372720.000,YZJ,handheld,车载手持,recording,-1.317007,5.174286,6.967733,-0.099113,0.023070,0.089022
1457372730.000,YZJ,handheld,车载手持,recording,-1.084775,5.017779,7.257303,-0.264373,-0.017776,0.166537
1457372740.000,YZJ,handheld,车载手持,recording,-0.471329,4.914017,7.964230,-0.347304,-0.087272,0.182652
1457372750.000,YZJ,handheld,车载手持,recording,0.108764,4.909940,8.680419,-0.337394,-0.102510,0.137761
1457372760.000,YZJ,handheld,车载手持,recording,0.403624,4.833934,9.354164,-0.248410,-0.076331,0.061934
1457372770.000,YZJ,handheld,车载手持,recording,0.352101,4.636135,9.693771,-0.097666,-0.051931,-0.013163
1457372780.000,YZJ,handheld,车载手持,recording,0.266440,4.574983,9.755128,0.063788,-0.019449,-0.083941
1457372790.000,YZJ,handheld,车载手持,recording,-0.003354,4.755283,9.569214,0.190919,0.042208,-0.148901
1457372800.000,YZJ,handheld,车载手持,recording,-0.599938,5.114461,8.962969,0.228452,0.112314,-0.164008
1457372810.000,YZJ,handheld,车载手持,recording,-1.295604,5.144956,8.304096,0.173485,0.146262,-0.099273
1457372820.000,YZJ,handheld,车载手持,recording,-1.769892,5.154592,7.927503,0.053682,0.123989,0.030247
1457372830.000,YZJ,handheld,车载手持,recording,-1.666618,5.156200,7.982493,-0.062315,0.070290,0.165690
1457372840.000,YZJ,handheld,车载手持,recording,-1.227443,4.916198,8.377839,-0.110001,0.014522,0.252571
1457372850.000,YZJ,handheld,车载手持,recording,-0.610812,4.372382,8.873078,-0.069748,-0.066898,0.259201
1457372860.000,YZJ,handheld,车载手持,recording,0.000749,3.993977,9.184910,0.047063,-0.174800,0.184411
1457372870.000,YZJ,handheld,车载手持,recording,0.580858,3.996454,9.210010,0.199929,-0.223835,0.044741
1457372880.000,YZJ,handheld,车载手持,recording,0.703829,4.104108,8.791786,0.302348,-0.170018,-0.086282
1457372890.000,YZJ,handheld,车载手持,recording,0.290366,4.234749,8.096861,0.324431,-0.062407,-0.173507
1457372900.000,YZJ,handheld,车载手持,recording,-0.461427,4.423438,7.439106,0.247363,0.061671,-0.188031
1457372910.000,YZJ,handheld,车载手持,recording,-1.295688,4.595628,7.128972,0.098183,0.152176,-0.117748
1457372920.000,YZJ,handheld,车载手持,recording,-1.698621,4.618781,7.177778,-0.066428,0.158770,0.005115
1457372930.000,YZJ,handheld,车载手持,recording,-1.629418,4.521153,7.664611,-0.178781,0.086786,0.114058
1457372940.000,YZJ,handheld,车载手持,recording,-1.088869,4.343471,8.457644,-0.199912,0.000234,0.154642
1457372950.000,YZJ,handheld,车载手持,recording,-0.397063,4.252542,9.071675,-0.129874,-0.076599,0.112724
1457372960.000,YZJ,handheld,车载手持,recording,0.009335,4.203090,9.344334,0.004023,-0.141896,0.022086
1457372970.000,YZJ,handheld,车载手持,recording,0.002489,4.104037,9.146615,0.142175,-0.185550,-0.056989
1457372980.000,YZJ,handheld,车载手持,recording,-0.125560,4.039118,8.604812,0.252641,-0.197360,-0.107264
1457372990.000,YZJ,handheld,车载手持,recording,-0.197598,4.180662,8.019178,0.314374,-0.159906,-0.140931
1457373000.000,YZJ,handheld,车载手持,recording,-0.286918,4.401794,7.545993,0.316241,-0.073684,-0.169256
1457373010.000,YZJ,handheld,车载手持,recording,-0.538296,4.659031,7.121481,0.248637,0.047864,-0.176758
1457373020.000,YZJ,handheld,车载手持,recording,-0.921748,4.977806,6.815469,0.119631,0.153517,-0.142969
1457373030.000,YZJ,handheld,车载手持,recording,-1.292452,5.148633,6.760265,-0.046174,0.211359,-0.065617
1457373040.000,YZJ,handheld,车载手持,recording,-1.438267,5.093611,7.081486,-0.207365,0.186276,0.031342
1457373050.000,YZJ,handheld,车载手持,recording,-1.269613,4.938627,7.799827,-0.291616,0.108334,0.093577
1457373060.000,YZJ,handheld,车载手持,recording,-0.884289,4.832222,8.607133,-0.281340,0.030829,0.101738
1457373070.000,YZJ,handheld,车载手持,recording,-0.600398,4.704469,9.169372,-0.201670,-0.032383,0.078605
1457373080.000,YZJ,handheld,车载手持,recording,-0.464674,4.444911,9.306651,-0.080589,-0.093305,0.047016
1457373090.000,YZJ,handheld,车载手持,recording,-0.345261,4.349266,9.159220,0.039781,-0.115671,0.011099
1457373100.000,YZJ,handheld,车载手持,recording,-0.246013,4.439285,8.805981,0.110282,-0.046563,-0.026138
1457373110.000,YZJ,handheld,车载手持,recording,-0.495274,4.666304,8.381892,0.116374,0.068984,-0.039744
1457373120.000,YZJ,handheld,车载手持,recording,-0.946702,4.718190,8.036577,0.065888,0.160468,0.002421
1457373130.000,YZJ,handheld,车载手持,recording,-1.335285,4.595589,7.911101,-0.014364,0.163633,0.093483
1457373140.000,YZJ,handheld,车载手持,recording,-1.168457,4.418786,8.059237,-0.083918,0.090659,0.171734
1457373150.000,YZJ,handheld,车载手持,recording,-0.474101,4.327277,8.520634,-0.111079,0.025637,0.168835
1457373160.000,YZJ,handheld,车载手持,recording,0.167515,4.352968,9.003517,-0.097725,0.014516,0.076782
1457373170.000,YZJ,handheld,车载手持,recording,0.197405,4.429358,9.198779,-0.080797,0.029180,-0.038375
1457373180.000,YZJ,handheld,车载手持,recording,-0.457109,4.365307,9.122904,-0.089250,0.030501,-0.094092
1457373190.000,YZJ,handheld,车载手持,recording,-1.159874,4.281752,8.954295,-0.123791,0.001628,-0.068235
1457373200.000,YZJ,handheld,车载手持,recording,-1.503904,4.352450,8.921040,-0.179763,-0.010270,0.002254
1457373210.000,YZJ,handheld,车载手持,recording,-1.480631,4.522646,9.083053,-0.236872,0.007663,0.082897
1457373220.000,YZJ,handheld,车载手持,recording,-1.309712,4.482454,9.268426,-0.275188,0.041104,0.151540
1457373230.000,YZJ,handheld,车载手持,recording,-1.038566,4.334632,9.629148,-0.273500,0.051671,0.189807
1457373240.000,YZJ,handheld,车载手持,recording,-0.570913,4.234188,10.036594,-0.214213,0.024001,0.183867
1457373250.000,YZJ,handheld,车载手持,recording,-0.164619,4.165066,10.381035,-0.091866,-0.021933,0.136489
1457373260.000,YZJ,handheld,车载手持,recording,0.113159,3.997543,10.380681,0.082115,-0.099978,0.054314
1457373270.000,YZJ,handheld,车载手持,recording,0.328020,3.931184,9.900899,0.238326,-0.188265,-0.055289
1457373280.000,YZJ,handheld,车载手持,recording,0.500456,4.337455,9.274961,0.316015,-0.170904,-0.176366
1457373290.000,YZJ,handheld,车载手持,recording,0.178479,4.969014,8.560640,0.295073,-0.055705,-0.258156
1457373300.000,YZJ,handheld,车载手持,recording,-0.743941,5.301487,7.892751,0.176069,0.082405,-0.227027
1457373310.000,YZJ,handheld,车载手持,recording,-1.567438,5.220977,7.459583,-0.002530,0.146157,-0.082728
1457373320.000,YZJ,handheld,车载手持,recording,-1.713850,5.129582,7.690801,-0.166881,0.128551,0.075298
1457373330.000,YZJ,handheld,车载手持,recording,-1.293911,5.209880,8.473968,-0.246646,0.082984,0.171533
1457373340.000,YZJ,handheld,车载手持,recording,-0.757133,4.985577,9.234831,-0.225286,0.022158,0.201772
1457373350.000,YZJ,handheld,车载手持,recording,-0.271823,4.576220,9.711837,-0.114851,-0.038062,0.175383
1457373360.000,YZJ,handheld,车载手持,recording,0.091261,4.394591,9.941524,0.038697,-0.054460,0.103078
1457373370.000,YZJ,handheld,车载手持,recording,0.219464,4.475321,9.858035,0.189077,-0.013742,0.014825
1457373380.000,YZJ,handheld,车载手持,recording,-0.228533,4.481057,9.392026,0.295434,0.038643,-0.036727
1457373390.000,YZJ,handheld,车载手持,recording,-0.972718,4.287068,8.708302,0.331698,0.051933,-0.009956
1457373400.000,YZJ,handheld,车载手持,recording,-1.384354,4.040798,8.012280,0.300052,0.008980,0.081562
1457373410.000,YZJ,handheld,车载手持,recording,-1.140174,4.045567,7.682454,0.236360,-0.048436,0.153476
1457373420.000,YZJ,handheld,车载手持,recording,-0.548658,4.288173,7.597678,0.156736,-0.062131,0.174557
1457373430.000,YZJ,handheld,车载手持,recording,-0.165332,4.326235,7.601661,0.064846,-0.046244,0.153515
1457373440.000,YZJ,handheld,车载手持,recording,-0.051572,4.076738,7.680855,-0.016582,-0.046006,0.107481
1457373450.000,YZJ,handheld,车载手持,recording,-0.019960,3.920800,7.923347,-0.078256,-0.054134,0.037278
1457373460.000,YZJ,handheld,车载手持,recording,-0.169185,4.071180,8.244740,-0.116425,-0.066372,-0.033757
1457373470.000,YZJ,handheld,车载手持,recording,-0.595909,4.215902,8.478079,-0.131504,-0.118484,-0.061227
1457373480.000,YZJ,handheld,车载手持,recording,-1.058633,4.157225,8.492384,-0.130915,-0.205321,-0.002031
1457373490.000,YZJ,handheld,车载手持,recording,-1.007205,4.023391,8.429014,-0.113586,-0.249358,0.097684
1457373500.000,YZJ,handheld,车载手持,recording,-0.289185,4.060474,8.558213,-0.072041,-0.171179,0.141478
1457373510.000,YZJ,handheld,车载手持,recording,0.580049,4.294549,8.846681,-0.006180,0.007685,0.086159
1457373520.000,YZJ,handheld,车载手持,recording,0.745494,4.396716,9.084564,0.081419,0.193995,-0.030794
1457373530.000,YZJ,handheld,车载手持,recording,0.174996,4.176941,8.992205,0.163742,0.259749,-0.137513
1457373540.000,YZJ,handheld,车载手持,recording,-0.530620,4.174099,8.677673,0.197836,0.173455,-0.188809
1457373550.000,YZJ,handheld,车载手持,recording,-0.968869,4.490479,8.248955,0.172354,0.028998,-0.191420
1457373560.000,YZJ,handheld,车载手持,recording,-1.235673,4.823440,7.709105,0.079165,-0.099363,-0.141990
1457373570.000,YZJ,handheld,车载手持,recording,-1.321471,4.931580,7.270151,-0.058363,-0.165169,-0.038809
1457373580.000,YZJ,handheld,车载手持,recording,-0.972331,4.888160,7.264926,-0.183910,-0.149845,0.066788
1457373590.000,YZJ,handheld,车载手持,recording,-0.355947,4.862072,7.710266,-0.253527,-0.029925,0.114071
1457373600.000,YZJ,handheld,车载手持,recording,0.154934,4.790831,8.539150,-0.242149,0.122674,0.085816
1457373610.000,YZJ,handheld,车载手持,recording,0.236732,4.474983,9.217882,-0.147733,0.202233,0.001249
1457373620.000,YZJ,handheld,车载手持,recording,-0.024933,4.257801,9.628898,-0.016374,0.190701,-0.105646
1457373630.000,YZJ,handheld,车载手持,recording,-0.410093,4.403018,9.643581,0.083738,0.135388,-0.185393
1457373640.000,YZJ,handheld,车载手持,recording,-0.824758,4.570336,9.221438,0.116756,0.082624,-0.219332
1457373650.000,YZJ,handheld,车载手持,recording,-1.232152,4.731697,8.648749,0.051426,0.073829,-0.197900
1457373660.000,YZJ,handheld,车载手持,recording,-1.702060,4.941775,8.279057,-0.090727,0.090542,-0.122649
1457373670.000,YZJ,handheld,车载手持,recording,-2.056931,5.097161,8.290344,-0.251260,0.072188,0.004214
1457373680.000,YZJ,handheld,车载手持,recording,-2.103247,5.090707,8.537197,-0.375490,0.030349,0.162486
1457373690.000,YZJ,handheld,车载手持,recording,-1.608097,4.806202,9.017219,-0.429627,-0.023127,0.302223
1457373700.000,YZJ,handheld,车载手持,recording,-0.691293,4.479381,9.605000,-0.376050,-0.081912,0.357203
1457373710.000,YZJ,handheld,车载手持,recording,0.386994,4.204341,10.319717,-0.213569,-0.111273,0.278150
1457373720.000,YZJ,handheld,车载手持,recording,1.119039,4.001455,10.635447,0.014483,-0.091953,0.089700
1457373730.000,YZJ,handheld,车载手持,recording,1.304969,3.892391,10.392879,0.228818,-0.009059,-0.142078
1457373740.000,YZJ,handheld,车载手持,recording,0.665952,4.150226,9.841075,0.366384,0.085682,-0.338724
1457373750.000,YZJ,handheld,车载手持,recording,-0.556394,4.586026,9.013649,0.389196,0.127015,-0.411655
1457373760.000,YZJ,handheld,车载手持,recording,-1.833853,4.893475,8.039524,0.263585,0.123658,-0.303976
1457373770.000,YZJ,handheld,车载手持,recording,-2.835794,5.149022,7.454296,0.050130,0.083680,-0.067001
1457373780.000,YZJ,handheld,车载手持,recording,-2.800397,5.115353,7.542543,-0.144838,-0.024873,0.209051
1457373790.000,YZJ,handheld,车载手持,recording,-1.994335,4.534241,7.983683,-0.243369,-0.127936,0.436165
1457373800.000,YZJ,handheld,车载手持,recording,-0.607758,4.122292,8.861029,-0.195935,-0.206195,0.496270
1457373810.000,YZJ,handheld,车载手持,recording,0.800829,4.073612,9.528537,-0.024270,-0.272783,0.376876
1457373820.000,YZJ,handheld,车载手持,recording,1.596888,3.913060,9.481425,0.185079,-0.292198,0.158482
1457373830.000,YZJ,handheld,车载手持,recording,1.864659,3.864063,8.849108,0.339066,-0.245960,-0.087163
1457373840.000,YZJ,handheld,车载手持,recording,1.605623,4.338985,8.068864,0.379726,-0.079986,-0.306884
1457373850.000,YZJ,handheld,车载手持,recording,0.616520,5.000117,7.344137,0.282266,0.156008,-0.412426
1457373860.000,YZJ,handheld,车载手持,recording,-0.694386,5.231304,6.941618,0.094284,0.361151,-0.388203
1457373870.000,YZJ,handheld,车载手持,recording,-1.739133,5.185788,7.034045,-0.117623,0.372144,-0.262798
1457373880.000,YZJ,handheld,车载手持,recording,-2.099423,5.154918,7.699995,-0.264911,0.185073,-0.116128
1457373890.000,YZJ,handheld,车载手持,recording,-1.567340,5.376742,8.765255,-0.277943,-0.071550,-0.036076
1457373900.000,YZJ,handheld,车载手持,recording,-0.848601,5.601654,9.563003,-0.178799,-0.271451,-0.033910
1457373910.000,YZJ,handheld,车载手持,recording,-0.416811,5.740871,9.588890,-0.033579,-0.371199,-0.054841
1457373920.000,YZJ,handheld,车载手持,recording,-0.336618,5.643072,9.055228,0.094835,-0.351657,-0.048082
1457373930.000,YZJ,handheld,车载手持,recording,-0.181425,5.474361,8.402893,0.180018,-0.252878,-0.022019
1457373940.000,YZJ,handheld,车载手持,recording,0.131442,5.566159,8.108097,0.236848,-0.108348,-0.021212
1457373950.000,YZJ,handheld,车载手持,recording,0.267292,5.695809,8.025629,0.277534,0.080105,-0.051439
1457373960.000,YZJ,handheld,车载手持,recording,0.069536,5.766972,7.826939,0.279676,0.254810,-0.072602
1457373970.000,YZJ,handheld,车载手持,recording,-0.446150,5.680983,7.596317,0.223240,0.353749,-0.057609
1457373980.000,YZJ,handheld,车载手持,recording,-1.053058,5.545873,7.399217,0.092935,0.370105,-0.004231
1457373990.000,YZJ,handheld,车载手持,recording,-1.474962,5.324617,7.386228,-0.078701,0.324802,0.060931
1457374000.000,YZJ,handheld,车载手持,recording,-1.708899,5.029108,7.680970,-0.260115,0.248821,0.111714
1457374010.000,YZJ,handheld,车载手持,recording,-1.694983,4.775756,8.190125,-0.407253,0.146344,0.138598
1457374020.000,YZJ,handheld,车载手持,recording,-1.509761,4.659417,8.865163,-0.498642,0.040581,0.161063
1457374030.000,YZJ,handheld,车载手持,recording,-1.400312,4.530851,9.528747,-0.504233,-0.084062,0.192628
1457374040.000,YZJ,handheld,车载手持,recording,-1.108959,4.161330,10.057221,-0.412752,-0.252967,0.228260
1457374050.000,YZJ,handheld,车载手持,recording,-0.572239,3.975344,10.235073,-0.253490,-0.406976,0.241708
1457374060.000,YZJ,handheld,车载手持,recording,0.127928,3.964280,10.271761,-0.042428,-0.446452,0.197863
1457374070.000,YZJ,handheld,车载手持,recording,0.629623,3.988083,9.967967,0.167316,-0.364960,0.109374
1457374080.000,YZJ,handheld,车载手持,recording,0.852754,3.973853,9.300993,0.334224,-0.207221,0.008855
1457374090.000,YZJ,handheld,车载手持,recording,0.680464,4.136007,8.533481,0.420343,-0.022971,-0.083725
1457374100.000,YZJ,handheld,车载手持,recording,0.197117,4.564660,7.711816,0.394376,0.116894,-0.131062
1457374110.000,YZJ,handheld,车载手持,recording,-0.359292,4.964855,7.120646,0.270877,0.156065,-0.104130
1457374120.000,YZJ,handheld,车载手持,recording,-0.739983,5.129922,6.830963,0.098771,0.120179,-0.029404
1457374130.000,YZJ,handheld,车载手持,recording,-0.764684,5.158414,7.045598,-0.056944,0.040696,0.043170
1457374140.000,YZJ,handheld,车载手持,recording,-0.416318,4.941459,7.772714,-0.126001,-0.022386,0.066023
1457374150.000,YZJ,handheld,车载手持,recording,0.040268,4.820847,8.551708,-0.090370,-0.053781,0.010148
1457374160.000,YZJ,handheld,车载手持,recording,0.238045,4.885240,8.913524,-0.015738,-0.032594,-0.077764
1457374170.000,YZJ,handheld,车载手持,recording,-0.165039,5.068039,8.913636,0.048857,0.018389,-0.131356
1457374180.000,YZJ,handheld,车载手持,recording,-0.995747,4.994159,8.521796,0.067301,0.060980,-0.085750
1457374190.000,YZJ,handheld,车载手持,recording,-1.657615,4.742452,8.194615,0.038739,0.086184,0.053570
1457374200.000,YZJ,handheld,车载手持,recording,-1.500738,4.558240,8.317111,0.020526,0.112049,0.199334
1457374210.000,YZJ,handheld,车载手持,recording,-0.799359,4.403518,8.854249,0.064621,0.159342,0.261176
1457374220.000,YZJ,handheld,车载手持,recording,-0.228493,4.100827,9.262774,0.165584,0.175456,0.225621
1457374230.000,YZJ,handheld,车载手持,recording,0.137313,3.729394,9.319759,0.299198,0.092602,0.112361
1457374240.000,YZJ,handheld,车载手持,recording,0.354538,3.719730,8.995925,0.403720,-0.028836,-0.040323
1457374250.000,YZJ,handheld,车载手持,recording,0.243911,4.004508,8.297515,0.425884,-0.127761,-0.181785
1457374260.000,YZJ,handheld,车载手持,recording,-0.269124,4.375477,7.394308,0.344287,-0.195886,-0.260763
1457374270.000,YZJ,handheld,车载手持,recording,-0.913907,4.561415,6.664739,0.172181,-0.236898,-0.248537
1457374280.000,YZJ,handheld,车载手持,recording,-1.384852,4.836659,6.298663,-0.056974,-0.254259,-0.150495
1457374290.000,YZJ,handheld,车载手持,recording,-1.489224,5.157643,6.398014,-0.261362,-0.242670,-0.006246
1457374300.000,YZJ,handheld,车载手持,recording,-1.109849,5.151733,6.908559,-0.388519,-0.211320,0.139793
1457374310.000,YZJ,handheld,车载手持,recording,-0.260493,4.924349,7.721927,-0.401797,-0.164730,0.222150
1457374320.000,YZJ,handheld,车载手持,recording,0.789040,4.912139,8.653544,-0.298880,-0.053565,0.184698
1457374330.000,YZJ,handheld,车载手持,recording,1.436598,4.884514,9.346211,-0.118540,0.098395,0.036734
1457374340.000,YZJ,handheld,车载手持,recording,1.293941,4.725571,9.570070,0.073183,0.229119,-0.147726
1457374350.000,YZJ,handheld,车载手持,recording,0.506232,4.694451,9.310212,0.212630,0.307228,-0.298436
1457374360.000,YZJ,handheld,车载手持,recording,-0.308441,4.932991,8.633366,0.243957,0.310748,-0.365929
1457374370.000,YZJ,handheld,车载手持,recording,-1.245729,5.311752,7.887500,0.125279,0.300768,-0.326027
1457374380.000,YZJ,handheld,车载手持,recording,-2.037831,5.667211,7.587328,-0.072861,0.283139,-0.209081
1457374390.000,YZJ,handheld,车载手持,recording,-2.395810,5.733471,7.630353,-0.285637,0.212463,-0.043848
1457374400.000,YZJ,handheld,车载手持,recording,-2.181076,5.635131,8.224470,-0.453540,0.118167,0.117353
1457374410.000,YZJ,handheld,车载手持,recording,-1.341990,5.471178,9.180593,-0.518399,0.046506,0.191740
1457374420.000,YZJ,handheld,车载手持,recording,-0.531583,5.441206,10.005927,-0.486124,0.023195,0.157528
1457374430.000,YZJ,handheld,车载手持,recording,-0.172154,5.294967,10.501246,-0.399346,0.028523,0.071814
1457374440.000,YZJ,handheld,车载手持,recording,-0.245264,5.085216,10.622420,-0.292584,0.013341,-0.006117
1457374450.000,YZJ,handheld,车载手持,recording,-0.423122,5.136612,10.576048,-0.199149,0.010979,-0.037780
1457374460.000,YZJ,handheld,车载手持,recording,-0.727144,5.230209,10.440698,-0.141566,0.085872,-0.019532
1457374470.000,YZJ,handheld,车载手持,recording,-1.061843,5.168335,10.223548,-0.114452,0.167940,0.035918
1457374480.000,YZJ,handheld,车载手持,recording,-1.211109,4.930073,10.112829,-0.098488,0.182425,0.105112
1457374490.000,YZJ,handheld,车载手持,recording,-0.793639,4.817519,10.307640,-0.057911,0.147761,0.127881
1457374500.000,YZJ,handheld,车载手持,recording,-0.310232,4.971289,10.489583,0.016984,0.081351,0.077078
1457374510.000,YZJ,handheld,车载手持,recording,-0.230000,4.887519,10.237568,0.082884,-0.000233,0.001540
1457374520.000,YZJ,handheld,车载手持,recording,-0.404377,4.728562,9.544838,0.096045,-0.102991,-0.045274
1457374530.000,YZJ,handheld,车载手持,recording,-0.360594,4.868889,8.990046,0.051985,-0.155877,-0.069524
1457374540.000,YZJ,handheld,车载手持,recording,-0.285567,5.324928,8.812175,-0.019721,-0.104175,-0.072900
1457374550.000,YZJ,handheld,车载手持,recording,-0.556898,5.344726,8.852555,-0.083211,0.012913,-0.037974
1457374560.000,YZJ,handheld,车载手持,recording,-1.008023,4.888329,9.009822,-0.104087,0.087904,0.034660
1457374570.000,YZJ,handheld,车载手持,recording,-1.058413,4.323031,9.332779,-0.070127,0.083452,0.102857
1457374580.000,YZJ,handheld,车载手持,recording,-0.617222,4.024976,9.725820,0.038098,0.031698,0.087362
1457374590.000,YZJ,handheld,车载手持,recording,-0.159053,4.111966,9.759511,0.165422,-0.039630,-0.004816
1457374600.000,YZJ,handheld,车载手持,recording,-0.127121,4.107418,9.165117,0.242269,-0.089881,-0.095762
1457374610.000,YZJ,handheld,车载手持,recording,-0.545304,4.237163,8.251215,0.227202,-0.110245,-0.127715
1457374620.000,YZJ,handheld,车载手持,recording,-0.855392,4.406790,7.554728,0.136140,-0.108265,-0.086829
1457374630.000,YZJ,handheld,车载手持,recording,-0.889197,4.564603,7.314051,0.027440,-0.097170,-0.007987
1457374640.000,YZJ,handheld,车载手持,recording,-0.578342,4.554966,7.436026,-0.039495,-0.080438,0.051566
1457374650.000,YZJ,handheld,车载手持,recording,-0.235673,4.360129,7.972292,-0.025094,-0.055260,0.059499
1457374660.000,YZJ,handheld,车载手持,recording,0.012475,4.170443,8.369043,0.068021,-0.070639,0.018013
1457374670.000,YZJ,handheld,车载手持,recording,0.272818,3.989893,8.411723,0.199933,-0.111061,-0.056264
1457374680.000,YZJ,handheld,车载手持,recording,0.431205,4.045537,8.115375,0.306657,-0.097109,-0.158462
1457374690.000,YZJ,handheld,车载手持,recording,0.178582,4.403490,7.613408,0.341972,-0.043431,-0.237209
1457374700.000,YZJ,handheld,车载手持,recording,-0.613653,4.606429,6.896805,0.284973,0.026105,-0.234951
1457374710.000,YZJ,handheld,车载手持,recording,-1.305791,4.715489,6.407416,0.151281,0.072479,-0.140688
1457374720.000,YZJ,handheld,车载手持,recording,-1.453349,4.799387,6.437483,-0.005679,0.100363,-0.004577
1457374730.000,YZJ,handheld,车载手持,recording,-1.170902,4.734881,7.092539,-0.089747,0.122378,0.078359
1457374740.000,YZJ,handheld,车载手持,recording,-0.735899,4.472547,7.928218,-0.071932,0.110836,0.074489
1457374750.000,YZJ,handheld,车载手持,recording,-0.349564,4.274928,8.400665,0.017660,0.036869,-0.005924
1457374760.000,YZJ,handheld,车载手持,recording,-0.196213,4.450918,8.396350,0.114456,-0.059759,-0.124687
1457374770.000,YZJ,handheld,车载手持,recording,-0.467829,4.877670,7.941056,0.141098,-0.111344,-0.198995
1457374780.000,YZJ,handheld,车载手持,recording,-1.127213,5.097305,7.225669,0.071893,-0.097119,-0.166265
1457374790.000,YZJ,handheld,车载手持,recording,-1.743128,5.129516,6.775319,-0.056830,-0.054752,-0.035113
1457374800.000,YZJ,handheld,车载手持,recording,-1.722717,5.006858,6.979407,-0.177657,0.001831,0.123107
1457374810.000,YZJ,handheld,车载手持,recording,-1.146030,4.792680,7.777650,-0.210013,0.084776,0.214197
1457374820.000,YZJ,handheld,车载手持,recording,-0.465412,4.655674,8.566641,-0.151779,0.152846,0.198153
1457374830.000,YZJ,handheld,车载手持,recording,-0.075428,4.399710,9.027748,-0.043454,0.174338,0.110205
1457374840.000,YZJ,handheld,车载手持,recording,-0.107711,4.350365,8.980767,0.056847,0.120154,0.001476
1457374850.000,YZJ,handheld,车载手持,recording,-0.441097,4.487161,8.519041,0.090967,0.034522,-0.066074
1457374860.000,YZJ,handheld,车载手持,recording,-0.914297,4.648233,8.006504,0.037265,-0.002993,-0.055871
1457374870.000,YZJ,handheld,车载手持,recording,-1.303641,4.715032,7.723560,-0.060449,0.003703,0.018501
1457374880.000,YZJ,handheld,车载手持,recording,-1.442912,4.601565,7.798531,-0.157445,0.017928,0.128453
1457374890.000,YZJ,handheld,车载手持,recording,-1.205555,4.366871,8.182210,-0.200318,0.013621,0.219775
1457374900.000,YZJ,handheld,车载手持,recording,-0.573104,4.098966,8.775394,-0.153171,-0.019108,0.239844
1457374910.000,YZJ,handheld,车载手持,recording,0.003984,3.983374,9.224102,-0.040979,-0.054971,0.179297
1457374920.000,YZJ,handheld,车载手持,recording,0.500946,3.981787,9.265849,0.088272,-0.046247,0.067426
1457374930.000,YZJ,handheld,车载手持,recording,0.609398,3.973655,9.005362,0.185303,0.033514,-0.062513
1457374940.000,YZJ,handheld,车载手持,recording,0.104302,4.120647,8.507432,0.203710,0.146339,-0.159669
1457374950.000,YZJ,handheld,车载手持,recording,-0.662763,4.324086,8.123415,0.149995,0.181073,-0.179443
1457374960.000,YZJ,handheld,车载手持,recording,-1.374683,4.422837,7.933197,0.057129,0.118642,-0.125199
1457374970.000,YZJ,handheld,车载手持,recording,-1.693057,4.541660,7.876345,-0.059976,0.005969,-0.023990
1457374980.000,YZJ,handheld,车载手持,recording,-1.527485,4.647310,8.108205,-0.162057,-0.075674,0.078545
1457374990.000,YZJ,handheld,车载手持,recording,-0.956137,4.552937,8.449778,-0.213445,-0.110803,0.130867
1457375000.000,YZJ,handheld,车载手持,recording,-0.253758,4.464012,8.950688,-0.207586,-0.068683,0.107778
1457375010.000,YZJ,handheld,车载手持,recording,0.165823,4.325711,9.578785,-0.132161,0.029247,0.018291
1457375020.000,YZJ,handheld,车载手持,recording,-0.061481,4.209332,9.855860,-0.017974,0.097001,-0.085302
1457375030.000,YZJ,handheld,车载手持,recording,-0.653459,4.088294,9.682499,0.073409,0.098083,-0.139390
1457375040.000,YZJ,handheld,车载手持,recording,-1.086568,4.260912,9.325776,0.101950,0.062511,-0.137443
1457375050.000,YZJ,handheld,车载手持,recording,-1.224226,4.544768,9.054602,0.086554,0.036038,-0.108726
1457375060.000,YZJ,handheld,车载手持,recording,-1.334435,4.542248,8.731116,0.012339,0.074030,-0.065782
1457375070.000,YZJ,handheld,车载手持,recording,-1.596142,4.658018,8.689054,-0.084413,0.096791,-0.004812
1457375080.000,YZJ,handheld,车载手持,recording,-1.715649,4.586113,8.888500,-0.169675,0.072818,0.080840
1457375090.000,YZJ,handheld,车载手持,recording,-1.643470,4.232135,9.241624,-0.201265,0.011546,0.164519
1457375100.000,YZJ,handheld,车载手持,recording,-1.133870,3.859385,9.621453,-0.152602,-0.082329,0.198202
1457375110.000,YZJ,handheld,车载手持,recording,-0.340566,3.731213,9.886515,-0.037634,-0.174799,0.147024
1457375120.000,YZJ,handheld,车载手持,recording,0.275203,3.806208,9.679884,0.090778,-0.225986,0.033103
1457375130.000,YZJ,handheld,车载手持,recording,0.494822,3.946021,9.200514,0.175712,-0.193463,-0.086157
1457375140.000,YZJ,handheld,车载手持,recording,0.255360,4.355744,8.561711,0.183860,-0.101859,-0.161640
1457375150.000,YZJ,handheld,车载手持,recording,-0.262229,4.607189,8.167460,0.131048,0.022021,-0.169139
1457375160.000,YZJ,handheld,车载手持,recording,-0.804785,4.762023,8.200406,0.059733,0.122537,-0.123362
1457375170.000,YZJ,handheld,车载手持,recording,-0.985483,4.790753,8.625672,0.029347,0.166330,-0.083968
1457375180.000,YZJ,handheld,车载手持,recording,-0.931012,4.865046,9.134562,0.044167,0.160034,-0.083172
1457375190.000,YZJ,handheld,车载手持,recording,-0.931691,5.017617,9.266276,0.071336,0.093437,-0.098672
1457375200.000,YZJ,handheld,车载手持,recording,-1.184047,5.055666,9.225522,0.089209,-0.004998,-0.096733
1457375210.000,YZJ,handheld,车载手持,recording,-1.435604,5.076466,8.871848,0.081884,-0.119855,-0.052441
1457375220.000,YZJ,handheld,车载手持,recording,-1.337384,5.005943,8.633565,0.059136,-0.167185,0.006471
1457375230.000,YZJ,handheld,车载手持,recording,-1.004941,5.112065,8.525609,0.027038,-0.119071,0.043939
1457375240.000,YZJ,handheld,车载手持,recording,-0.755378,5.136932,8.478960,-0.014076,-0.011158,0.052078
1457375250.000,YZJ,handheld,车载手持,recording,-0.745706,5.103371,8.568502,-0.065180,0.110417,0.046838
1457375260.000,YZJ,handheld,车载手持,recording,-1.011539,5.042013,8.757154,-0.110482,0.160792,0.057291
1457375270.000,YZJ,handheld,车载手持,recording,-1.274472,4.792029,9.065484,-0.133991,0.141558,0.091411
1457375280.000,YZJ,handheld,车载手持,recording,-1.276019,4.473577,9.406735,-0.117114,0.076734,0.119530
1457375290.000,YZJ,handheld,车载手持,recording,-0.937342,4.223090,9.744120,-0.053440,0.019877,0.104818
1457375300.000,YZJ,handheld,车载手持,recording,-0.733398,4.079331,9.853633,0.032597,0.003159,0.052395
1457375310.000,YZJ,handheld,车载手持,recording,-0.751005,3.900425,9.678481,0.116564,-0.024168,0.004696
1457375320.000,YZJ,handheld,车载手持,recording,-0.941028,3.824054,9.143112,0.171495,-0.105407,-0.006318
1457375330.000,YZJ,handheld,车载手持,recording,-1.010783,3.895520,8.489080,0.179276,-0.213665,0.022318
1457375340.000,YZJ,handheld,车载手持,recording,-0.856634,4.044544,7.868297,0.135377,-0.272625,0.068073
1457375350.000,YZJ,handheld,车载手持,recording,-0.575618,4.222066,7.400974,0.055707,-0.252691,0.109249
1457375360.000,YZJ,handheld,车载手持,recording,-0.214396,4.247120,7.276326,-0.038909,-0.136663,0.131946
1457375370.000,YZJ,handheld,车载手持,recording,0.161215,4.146766,7.479024,-0.111720,0.046203,0.112087
1457375380.000,YZJ,handheld,车载手持,recording,0.390928,4.021761,8.088314,-0.119542,0.177630,0.034652
1457375390.000,YZJ,handheld,车载手持,recording,0.461588,3.969621,8.698087,-0.060211,0.185156,-0.086767
1457375400.000,YZJ,handheld,车载手持,recording,0.161872,4.159408,9.088548,0.026513,0.118077,-0.212308
1457375410.000,YZJ,handheld,车载手持,recording,-0.384180,4.396682,9.003503,0.097571,0.018808,-0.288512
1457375420.000,YZJ,handheld,车载手持,recording,-0.864039,4.508905,8.612621,0.105612,-0.022988,-0.290245
1457375430.000,YZJ,handheld,车载手持,recording,-1.302946,4.746935,8.322073,0.052838,0.015235,-0.242695
1457375440.000,YZJ,handheld,车载手持,recording,-1.705182,4.993732,8.249393,-0.022938,0.068101,-0.160499
1457375450.000,YZJ,handheld,车载手持,recording,-2.103653,4.975159,8.384213,-0.099152,0.087837,-0.049205
1457375460.000,YZJ,handheld,车载手持,recording,-2.301834,4.942397,8.585534,-0.154697,0.044270,0.081155
1457375470.000,YZJ,handheld,车载手持,recording,-2.051970,4.811668,8.802317,-0.169926,-0.043650,0.208362
1457375480.000,YZJ,handheld,车载手持,recording,-1.369880,4.629346,8.942496,-0.144571,-0.128791,0.274249
1457375490.000,YZJ,handheld,车载手持,recording,-0.392459,4.471706,9.076899,-0.084300,-0.166840,0.251168
1457375500.000,YZJ,handheld,车载手持,recording,0.359167,4.592356,9.176296,-0.006513,-0.122900,0.140902
1457375510.000,YZJ,handheld,车载手持,recording,0.519930,4.654715,9.115226,0.063111,-0.011178,0.003116
1457375520.000,YZJ,handheld,车载手持,recording,0.093912,4.694240,8.979977,0.106104,0.096925,-0.089112
1457375530.000,YZJ,handheld,车载手持,recording,-0.743175,4.771602,8.882078,0.130887,0.110235,-0.111601
1457375540.000,YZJ,handheld,车载手持,recording,-1.478950,4.854079,8.632862,0.129392,0.010458,-0.060288
1457375550.000,YZJ,handheld,车载手持,recording,-1.707514,4.842237,8.267852,0.106509,-0.164204,0.042166
1457375560.000,YZJ,handheld,车载手持,recording,-1.230673,4.927701,7.927658,0.069438,-0.316314,0.125366
1457375570.000,YZJ,handheld,车载手持,recording,-0.326694,5.106706,7.772703,0.039989,-0.338925,0.138175
1457375580.000,YZJ,handheld,车载手持,recording,0.400676,5.294768,7.783558,0.023721,-0.243792,0.088063
1457375590.000,YZJ,handheld,车载手持,recording,0.643237,5.440274,7.848543,0.023476,-0.104331,0.015454
1457375600.000,YZJ,handheld,车载手持,recording,0.523723,5.474947,7.962198,0.035351,0.036248,-0.045372
1457375610.000,YZJ,handheld,车载手持,recording,0.203089,5.519123,8.175269,0.056112,0.129331,-0.086488
1457375620.000,YZJ,handheld,车载手持,recording,-0.140496,5.541418,8.379483,0.082505,0.159656,-0.117083
1457375630.000,YZJ,handheld,车载手持,recording,-0.331841,5.554903,8.501431,0.104900,0.147126,-0.150275
1457375640.000,YZJ,handheld,车载手持,recording,-0.549520,5.602097,8.334484,0.078528,0.155667,-0.178841
1457375650.000,YZJ,handheld,车载手持,recording,-1.124370,5.654584,8.070263,-0.011849,0.176102,-0.160730
1457375660.000,YZJ,handheld,车载手持,recording,-1.788076,5.550095,8.040484,-0.134890,0.163743,-0.080688
1457375670.000,YZJ,handheld,车载手持,recording,-2.173285,5.377205,8.298709,-0.247219,0.121578,0.039724
1457375680.000,YZJ,handheld,车载手持,recording,-2.221180,5.317265,8.745195,-0.322410,0.087429,0.182295
1457375690.000,YZJ,handheld,车载手持,recording,-1.942322,4.863746,9.166943,-0.337074,0.052966,0.320110
1457375700.000,YZJ,handheld,车载手持,recording,-1.413393,4.183278,9.539127,-0.274126,-0.024892,0.390519
1457375710.000,YZJ,handheld,车载手持,recording,-0.561997,3.754539,9.884578,-0.141168,-0.135258,0.361298
1457375720.000,YZJ,handheld,车载手持,recording,0.413564,3.760826,9.993568,0.036336,-0.182093,0.222407
1457375730.000,YZJ,handheld,车载手持,recording,0.806946,3.737374,9.526033,0.176865,-0.099895,0.038614
1457375740.000,YZJ,handheld,车载手持,recording,0.453482,3.770254,8.731895,0.219476,0.017147,-0.103170
1457375750.000,YZJ,handheld,车载手持,recording,-0.309100,3.951672,8.079541,0.172924,0.072736,-0.156285
1457375760.000,YZJ,handheld,车载手持,recording,-0.967518,4.255861,7.726632,0.070004,0.032971,-0.124040
1457375770.000,YZJ,handheld,车载手持,recording,-1.220187,4.559814,7.695300,-0.046128,-0.074591,-0.034344
1457375780.000,YZJ,handheld,车载手持,recording,-1.071686,4.813481,7.852752,-0.135689,-0.166465,0.060316
1457375790.000,YZJ,handheld,车载手持,recording,-0.572647,4.768231,8.180551,-0.164125,-0.205329,0.115718
1457375800.000,YZJ,handheld,车载手持,recording,0.177988,4.670418,8.597935,-0.115019,-0.189818,0.096611
1457375810.000,YZJ,handheld,车载手持,recording,0.767792,4.760320,8.984446,-0.008221,-0.103009,-0.002991
1457375820.000,YZJ,handheld,车载手持,recording,0.771972,4.920725,9.184497,0.123182,0.034936,-0.135079
1457375830.000,YZJ,handheld,车载手持,recording,-0.019981,5.040124,8.866142,0.207478,0.140020,-0.203956
1457375840.000,YZJ,handheld,车载手持,recording,-1.058955,5.049630,8.286166,0.202911,0.173280,-0.166605
1457375850.000,YZJ,handheld,车载手持,recording,-1.600033,5.090216,7.881493,0.129760,0.138870,-0.060017
1457375860.000,YZJ,handheld,车载手持,recording,-1.537017,5.316759,7.943438,0.022339,0.128670,0.039532
1457375870.000,YZJ,handheld,车载手持,recording,-1.436095,5.378808,8.305259,-0.080597,0.179037,0.109028
1457375880.000,YZJ,handheld,车载手持,recording,-1.494726,5.045296,8.769423,-0.137084,0.174655,0.159428
1457375890.000,YZJ,handheld,车载手持,recording,-1.499664,4.604807,9.259920,-0.131281,0.080647,0.196486
1457375900.000,YZJ,handheld,车载手持,recording,-1.230889,4.362603,9.647113,-0.058572,-0.073939,0.203811
1457375910.000,YZJ,handheld,车载手持,recording,-0.804442,4.264501,9.596426,0.046713,-0.260834,0.178296
1457375920.000,YZJ,handheld,车载手持,recording,-0.370491,4.164961,9.073071,0.121835,-0.366702,0.133520
1457375930.000,YZJ,handheld,车载手持,recording,-0.064368,4.413806,8.459123,0.145745,-0.358449,0.088652
1457375940.000,YZJ,handheld,车载手持,recording,-0.008913,4.735954,7.906137,0.109351,-0.242955,0.077833
1457375950.000,YZJ,handheld,车载手持,recording,-0.143312,4.752902,7.627976,0.042086,-0.074181,0.114887
1457375960.000,YZJ,handheld,车载手持,recording,-0.289191,4.681687,7.713287,-0.014979,0.065648,0.174564
1457375970.000,YZJ,handheld,车载手持,recording,-0.281807,4.454407,8.198148,-0.017014,0.136558,0.214410
1457375980.000,YZJ,handheld,车载手持,recording,-0.008638,4.074179,8.736531,0.057397,0.107566,0.196263
1457375990.000,YZJ,handheld,车载手持,recording,0.512117,3.899021,9.013935,0.187276,0.001833,0.094370
1457376000.000,YZJ,handheld,车载手持,recording,0.944275,4.059731,8.874708,0.303465,-0.066523,-0.072677
1457376010.000,YZJ,handheld,车载手持,recording,0.860344,4.485856,8.259114,0.335401,-0.094166,-0.228772
1457376020.000,YZJ,handheld,车载手持,recording,0.182567,4.743928,7.352175,0.253664,-0.098073,-0.307553
1457376030.000,YZJ,handheld,车载手持,recording,-0.682196,4.933114,6.814416,0.075532,-0.054081,-0.292965
1457376040.000,YZJ,handheld,车载手持,recording,-1.181755,5.103502,6.780161,-0.133215,0.035768,-0.209813
1457376050.000,YZJ,handheld,车载手持,recording,-1.451626,5.341960,7.363549,-0.311557,0.124338,-0.091975
1457376060.000,YZJ,handheld,车载手持,recording,-1.619499,5.283223,8.321674,-0.384457,0.139051,0.033209
1457376070.000,YZJ,handheld,车载手持,recording,-1.456008,4.906122,9.103245,-0.341821,0.063204,0.140355
1457376080.000,YZJ,handheld,车载手持,recording,-0.710448,4.546270,9.623739,-0.214940,-0.026187,0.167163
1457376090.000,YZJ,handheld,车载手持,recording,0.285747,4.510814,9.864300,-0.053653,-0.037206,0.070193
1457376100.000,YZJ,handheld,车载手持,recording,0.727021,4.714753,9.664149,0.071631,0.046997,-0.089719
1457376110.000,YZJ,handheld,车载手持,recording,0.245893,4.848931,9.016412,0.112242,0.159107,-0.214231
1457376120.000,YZJ,handheld,车载手持,recording,-0.684261,4.898260,8.432571,0.059329,0.201803,-0.237618
1457376130.000,YZJ,handheld,车载手持,recording,-1.251777,5.190379,8.273837,-0.051824,0.170537,-0.175861
1457376140.000,YZJ,handheld,车载手持,recording,-1.229672,5.318215,8.507056,-0.151272,0.128088,-0.109341
1457376150.000,YZJ,handheld,车载手持,recording,-1.143506,5.380151,8.935718,-0.213215,0.047049,-0.071489
1457376160.000,YZJ,handheld,车载手持,recording,-0.997492,5.320250,9.228955,-0.231323,-0.044274,-0.054497
1457376170.000,YZJ,handheld,车载手持,recording,-0.919400,5.256003,9.425587,-0.220723,-0.098645,-0.033378
1457376180.000,YZJ,handheld,车载手持,recording,-0.806626,5.224179,9.396170,-0.194685,-0.102305,-0.004782
1457376190.000,YZJ,handheld,车载手持,recording,-0.604741,5.218833,9.380708,-0.177241,-0.030057,0.016212
1457376200.000,YZJ,handheld,车载手持,recording,-0.500049,5.256954,9.420177,-0.168524,0.106861,0.023942
1457376210.000,YZJ,handheld,车载手持,recording,-0.747301,5.242361,9.493037,-0.162890,0.229217,0.048642
1457376220.000,YZJ,handheld,车载手持,recording,-1.126444,5.006222,9.604939,-0.148501,0.256860,0.110315
1457376230.000,YZJ,handheld,车载手持,recording,-1.185574,4.749658,9.741242,-0.105395,0.175945,0.181589
1457376240.000,YZJ,handheld,车载手持,recording,-0.780461,4.466801,9.853580,-0.028613,0.059163,0.213261
1457376250.000,YZJ,handheld,车载手持,recording,-0.110343,4.194313,9.910365,0.085690,-0.036262,0.168009
1457376260.000,YZJ,handheld,车载手持,recording,0.316988,4.008365,9.769133,0.220294,-0.106044,0.050707
1457376270.000,YZJ,handheld,车载手持,recording,0.387745,4.010887,9.235335,0.312580,-0.127546,-0.082010
1457376280.000,YZJ,handheld,车载手持,recording,0.101860,4.137934,8.447916,0.322230,-0.119829,-0.176323
1457376290.000,YZJ,handheld,车载手持,recording,-0.317113,4.451932,7.751107,0.246104,-0.109411,-0.217843
1457376300.000,YZJ,handheld,车载手持,recording,-0.784840,4.892715,7.313065,0.087602,-0.053557,-0.189359
1457376310.000,YZJ,handheld,车载手持,recording,-1.308881,5.189711,7.220223,-0.102532,0.048826,-0.092953
1457376320.000,YZJ,handheld,车载手持,recording,-1.677721,5.087630,7.587004,-0.248300,0.093536,0.046368
1457376330.000,YZJ,handheld,车载手持,recording,-1.610953,4.741090,8.405943,-0.287343,0.048540,0.180517
1457376340.000,YZJ,handheld,车载手持,recording,-0.993982,4.372283,9.226276,-0.196821,-0.036174,0.238411
1457376350.000,YZJ,handheld,车载手持,recording,-0.057828,4.110125,9.760623,-0.001826,-0.101401,0.177922
1457376360.000,YZJ,handheld,车载手持,recording,0.579322,3.980711,9.743625,0.206455,-0.103499,0.029233
1457376370.000,YZJ,handheld,车载手持,recording,0.641385,4.028822,9.171155,0.368290,-0.053887,-0.148046
1457376380.000,YZJ,handheld,车载手持,recording,0.056303,4.323256,8.311469,0.429956,0.025883,-0.265207
1457376390.000,YZJ,handheld,车载手持,recording,-0.925000,4.637310,7.410854,0.366931,0.100789,-0.261906
1457376400.000,YZJ,handheld,车载手持,recording,-1.690530,4.737721,6.830968,0.212232,0.148030,-0.160534
1457376410.000,YZJ,handheld,车载手持,recording,-1.917108,4.895952,6.806365,0.040374,0.142910,-0.034577
1457376420.000,YZJ,handheld,车载手持,recording,-1.685528,4.741264,7.373530,-0.078055,0.104267,0.054733
1457376430.000,YZJ,handheld,车载手持,recording,-1.336629,4.577461,8.048638,-0.104321,0.009566,0.074222
1457376440.000,YZJ,handheld,车载手持,recording,-0.947901,4.510124,8.337807,-0.079388,-0.121882,0.047036
1457376450.000,YZJ,handheld,车载手持,recording,-0.746272,4.502150,8.231772,-0.062943,-0.189427,0.015033
1457376460.000,YZJ,handheld,车载手持,recording,-0.705344,4.618840,7.806148,-0.082922,-0.170622,0.008830
1457376470.000,YZJ,handheld,车载手持,recording,-0.717380,4.743575,7.585494,-0.138324,-0.096587,0.042787
1457376480.000,YZJ,handheld,车载手持,recording,-0.741047,4.721549,7.593756,-0.205015,-0.012421,0.084803
1457376490.000,YZJ,handheld,车载手持,recording,-0.605425,4.567183,8.093985,-0.215604,0.047936,0.097596
1457376500.000,YZJ,handheld,车载手持,recording,-0.410606,4.497578,8.629066,-0.159557,0.066859,0.072872
1457376510.000,YZJ,handheld,车载手持,recording,-0.199112,4.477817,9.008689,-0.062796,0.052897,0.024512
1457376520.000,YZJ,handheld,车载手持,recording,-0.134446,4.567148,9.022228,0.036973,0.038647,-0.035567
1457376530.000,YZJ,handheld,车载手持,recording,-0.328522,4.797865,8.707097,0.090552,0.034270,-0.082161
1457376540.000,YZJ,handheld,车载手持,recording,-0.646057,5.017447,8.183205,0.064777,0.038400,-0.082775
1457376550.000,YZJ,handheld,车载手持,recording,-1.003196,5.170125,7.783358,-0.012395,0.053261,-0.033735
1457376560.000,YZJ,handheld,车载手持,recording,-1.068755,5.121792,7.781421,-0.103690,0.075661,0.035662
1457376570.000,YZJ,handheld,车载手持,recording,-0.982403,5.156592,8.200095,-0.164020,0.100527,0.096012
1457376580.000,YZJ,handheld,车载手持,recording,-0.839585,5.157264,8.758460,-0.158834,0.096551,0.130947
1457376590.000,YZJ,handheld,车载手持,recording,-0.708880,4.860851,9.150024,-0.093818,0.051395,0.151241
1457376600.000,YZJ,handheld,车载手持,recording,-0.503095,4.558405,9.228053,-0.006663,0.011504,0.151032
1457376610.000,YZJ,handheld,车载手持,recording,-0.236689,4.398794,9.181443,0.082979,0.016970,0.113332
1457376620.000,YZJ,handheld,车载手持,recording,-0.198149,4.289642,8.914323,0.149686,0.036732,0.053706
1457376630.000,YZJ,handheld,车载手持,recording,-0.370575,4.184965,8.567874,0.177422,0.033323,0.009991
1457376640.000,YZJ,handheld,车载手持,recording,-0.643738,4.235652,8.147994,0.157844,0.001932,0.002838
1457376650.000,YZJ,handheld,车载手持,recording,-0.739488,4.316043,7.918422,0.111908,-0.057037,0.026737
1457376660.000,YZJ,handheld,车载手持,recording,-0.645298,4.321017,7.905868,0.070770,-0.109690,0.052443
1457376670.000,YZJ,handheld,车载手持,recording,-0.408283,4.392010,7.985775,0.052018,-0.128260,0.054992
1457376680.000,YZJ,handheld,车载手持,recording,-0.214461,4.389675,8.136922,0.059775,-0.112414,0.033875
1457376690.000,YZJ,handheld,车载手持,recording,-0.062420,4.381268,8.198825,0.092252,-0.093405,-0.002844
1457376700.000,YZJ,handheld,车载手持,recording,-0.035794,4.374794,8.152495,0.130064,-0.064382,-0.049571
1457376710.000,YZJ,handheld,车载手持,recording,-0.192153,4.462023,8.016348,0.155070,-0.018370,-0.095081
1457376720.000,YZJ,handheld,车载手持,recording,-0.492344,4.562355,7.814511,0.157861,0.008551,-0.108847
1457376730.000,YZJ,handheld,车载手持,recording,-0.771206,4.647052,7.614088,0.132268,0.017041,-0.081449
1457376740.000,YZJ,handheld,车载手持,recording,-0.894739,4.638013,7.531950,0.094301,0.021024,-0.041721
1457376750.000,YZJ,handheld,车载手持,recording,-0.790227,4.682168,7.559664,0.055083,0.041590,-0.022066
1457376760.000,YZJ,handheld,车载手持,recording,-0.639934,4.709492,7.724473,0.024035,0.075947,-0.034511
1457376770.000,YZJ,handheld,车载手持,recording,-0.716521,4.704246,7.868533,0.002972,0.088872,-0.066644
1457376780.000,YZJ,handheld,车载手持,recording,-0.955264,4.753883,7.875344,-0.021987,0.059826,-0.081926
1457376790.000,YZJ,handheld,车载手持,recording,-1.134988,4.778062,7.830783,-0.056140,0.000508,-0.065614
1457376800.000,YZJ,handheld,车载手持,recording,-1.367693,4.814859,7.972413,-0.074133,-0.045377,-0.024455
1457376810.000,YZJ,handheld,车载手持,recording,-1.161323,4.762756,8.130199,-0.075905,-0.032736,0.013268
1457376820.000,YZJ,handheld,车载手持,recording,-0.894835,4.815440,8.430813,-0.048253,0.037597,0.012369
1457376830.000,YZJ,handheld,车载手持,recording,-0.794102,4.919272,8.587071,-0.010272,0.111728,-0.019766
1457376840.000,YZJ,handheld,车载手持,recording,-0.906472,4.967997,8.465360,-0.010913,0.155268,-0.053066
1457376850.000,YZJ,handheld,车载手持,recording,-1.267666,4.997013,8.262237,-0.061296,0.150574,-0.064473
1457376860.000,YZJ,handheld,车载手持,recording,-1.577572,5.106775,8.095569,-0.149575,0.114493,-0.050509
1457376870.000,YZJ,handheld,车载手持,recording,-1.683624,5.309675,8.085112,-0.269061,0.129586,-0.013887
1457376880.000,YZJ,handheld,车载手持,recording,-1.671507,5.481272,8.514379,-0.360077,0.116434,0.037994
1457376890.000,YZJ,handheld,车载手持,recording,-1.795745,5.373349,9.000999,-0.394082,0.085272,0.093621
1457376900.000,YZJ,handheld,车载手持,recording,-1.769485,5.277066,9.547882,-0.371668,0.050160,0.145946
1457376910.000,YZJ,handheld,车载手持,recording,-1.437145,5.209520,9.978310,-0.297823,0.005627,0.184025
1457376920.000,YZJ,handheld,车载手持,recording,-1.146176,5.305600,10.263742,-0.188815,-0.031263,0.199498
1457376930.000,YZJ,handheld,车载手持,recording,-0.952157,5.196980,10.066329,-0.092479,-0.040164,0.206901
1457376940.000,YZJ,handheld,车载手持,recording,-0.918933,4.997426,9.553737,-0.041842,-0.045863,0.208387
1457376950.000,YZJ,handheld,车载手持,recording,-0.703839,4.918134,9.114030,-0.049591,-0.006134,0.200720
1457376960.000,YZJ,handheld,车载手持,recording,-0.559880,5.082303,8.961317,-0.112103,0.096034,0.184554
1457376970.000,YZJ,handheld,车载手持,recording,-0.713016,5.086251,9.088586,-0.175646,0.176679,0.177479
1457376980.000,YZJ,handheld,车载手持,recording,-1.043837,4.935127,9.202121,-0.230099,0.179180,0.205751
1457376990.000,YZJ,handheld,车载手持,recording,-1.119168,4.724702,9.419629,-0.263526,0.118961,0.256118
1457377000.000,YZJ,handheld,车载手持,recording,-0.711981,4.711673,9.762798,-0.258193,0.039507,0.285511
1457377010.000,YZJ,handheld,车载手持,recording,-0.205565,4.700340,10.064190,-0.207397,-0.010539,0.266486
1457377020.000,YZJ,handheld,车载手持,recording,0.038939,4.451233,10.051719,-0.147735,-0.042631,0.219065
1457377030.000,YZJ,handheld,车载手持,recording,0.134426,4.211823,9.838397,-0.101516,-0.073467,0.157298
1457377040.000,YZJ,handheld,车载手持,recording,0.215174,4.313443,9.605435,-0.079626,-0.110501,0.093332
1457377050.000,YZJ,handheld,车载手持,recording,0.117943,4.397270,9.401254,-0.082988,-0.140020,0.042237
1457377060.000,YZJ,handheld,车载手持,recording,-0.039820,4.412187,9.344837,-0.091580,-0.162504,0.012157
1457377070.000,YZJ,handheld,车载手持,recording,-0.206738,4.406490,9.351312,-0.093254,-0.164791,0.007452
1457377080.000,YZJ,handheld,车载手持,recording,-0.239577,4.317294,9.471640,-0.070934,-0.142627,0.014385
1457377090.000,YZJ,handheld,车载手持,recording,-0.140317,4.299501,9.652861,-0.016698,-0.090813,0.014424
1457377100.000,YZJ,handheld,车载手持,recording,-0.129825,4.232977,9.756953,0.064758,-0.026406,-0.006369
1457377110.000,YZJ,handheld,车载手持,recording,-0.220103,4.114937,9.699118,0.153083,-0.029956,-0.039783
1457377120.000,YZJ,handheld,车载手持,recording,-0.301817,4.114230,9.319726,0.222867,-0.087355,-0.069535
1457377130.000,YZJ,handheld,车载手持,recording,-0.343673,4.199506,8.789239,0.243662,-0.132913,-0.096843
1457377140.000,YZJ,handheld,车载手持,recording,-0.390977,4.451933,8.133659,0.190024,-0.133231,-0.112833
1457377150.000,YZJ,handheld,车载手持,recording,-0.567046,4.635493,7.681295,0.074922,-0.080982,-0.105618
1457377160.000,YZJ,handheld,车载手持,recording,-0.799810,4.700094,7.653157,-0.040972,-0.045597,-0.073301
1457377170.000,YZJ,handheld,车载手持,recording,-0.821321,4.445615,8.051502,-0.105872,-0.046049,-0.036938
1457377180.000,YZJ,handheld,车载手持,recording,-0.610052,4.336238,8.707088,-0.078100,-0.078587,-0.036247
1457377190.000,YZJ,handheld,车载手持,recording,-0.301572,4.313829,9.103776,0.016209,-0.129561,-0.087303
1457377200.000,YZJ,handheld,车载手持,recording,-0.172754,4.377992,9.159103,0.136547,-0.186825,-0.162994
1457377210.000,YZJ,handheld,车载手持,recording,-0.274289,4.516775,8.720851,0.233258,-0.197925,-0.213784
1457377220.000,YZJ,handheld,车载手持,recording,-0.583630,4.603036,8.096147,0.269814,-0.149609,-0.207728
1457377230.000,YZJ,handheld,车载手持,recording,-0.833266,4.672682,7.509984,0.250868,-0.085294,-0.152452
1457377240.000,YZJ,handheld,车载手持,recording,-0.843913,4.718215,7.343780,0.206354,-0.004621,-0.098790
1457377250.000,YZJ,handheld,车载手持,recording,-0.831543,4.798855,7.423698,0.167912,0.068265,-0.061549
1457377260.000,YZJ,handheld,车载手持,recording,-0.835766,4.757657,7.587892,0.149688,0.090355,-0.035593
1457377270.000,YZJ,handheld,车载手持,recording,-0.813636,4.722126,7.654705,0.139305,0.060548,-0.018222
1457377280.000,YZJ,handheld,车载手持,recording,-0.710915,4.795960,7.599315,0.116362,0.020142,-0.009984
1457377290.000,YZJ,handheld,车载手持,recording,-0.595415,4.851168,7.501799,0.071564,0.000438,-0.004565
1457377300.000,YZJ,handheld,车载手持,recording,-0.625971,4.757441,7.498360,0.017341,0.000743,0.005822
1457377310.000,YZJ,handheld,车载手持,recording,-0.636796,4.589524,7.651912,-0.020506,0.001090,0.015575
1457377320.000,YZJ,handheld,车载手持,recording,-0.547048,4.556104,7.982746,-0.027801,0.009563,0.014933
1457377330.000,YZJ,handheld,车载手持,recording,-0.521886,4.514605,8.331224,0.003082,0.006737,0.010884
1457377340.000,YZJ,handheld,车载手持,recording,-0.575796,4.335012,8.445459,0.057822,-0.028756,0.011379
1457377350.000,YZJ,handheld,车载手持,recording,-0.527638,4.269362,8.382696,0.113939,-0.057374,0.006087
1457377360.000,YZJ,handheld,车载手持,recording,-0.477423,4.400036,8.090742,0.140478,-0.073725,-0.004058
1457377370.000,YZJ,handheld,车载手持,recording,-0.546241,4.435278,7.661116,0.114094,-0.064615,-0.008798
1457377380.000,YZJ,handheld,车载手持,recording,-0.585097,4.534479,7.350895,0.050736,-0.024609,0.002889
1457377390.000,YZJ,handheld,车载手持,recording,-0.561885,4.640303,7.351916,-0.028795,0.043418,0.028542
1457377400.000,YZJ,handheld,车载手持,recording,-0.507736,4.620645,7.670039,-0.093123,0.096189,0.053366
1457377410.000,YZJ,handheld,车载手持,recording,-0.379459,4.503361,8.265568,-0.089116,0.060502,0.054099
1457377420.000,YZJ,handheld,车载手持,recording,-0.188262,4.413006,8.707506,-0.028231,-0.016461,0.024687
1457377430.000,YZJ,handheld,车载手持,recording,-0.019310,4.470054,8.768917,0.041710,-0.079174,-0.022969
1457377440.000,YZJ,handheld,车载手持,recording,0.006466,4.625685,8.469539,0.082016,-0.109381,-0.067534
1457377450.000,YZJ,handheld,车载手持,recording,-0.175325,4.722474,7.936594,0.057794,-0.090808,-0.081767
1457377460.000,YZJ,handheld,车载手持,recording,-0.412127,4.792425,7.518858,-0.036425,0.002790,-0.063000
1457377470.000,YZJ,handheld,车载手持,recording,-0.660844,4.929012,7.546650,-0.153572,0.141238,-0.027087
1457377480.000,YZJ,handheld,车载手持,recording,-0.892285,4.871877,8.026551,-0.238122,0.224063,0.016126
1457377490.000,YZJ,handheld,车载手持,recording,-0.953964,4.639108,8.781344,-0.248774,0.218568,0.056286
1457377500.000,YZJ,handheld,车载手持,recording,-0.765368,4.486688,9.618202,-0.162155,0.148167,0.068982
1457377510.000,YZJ,handheld,车载手持,recording,-0.428116,4.495077,10.145957,-0.012131,0.017994,0.047493
1457377520.000,YZJ,handheld,车载手持,recording,-0.069957,4.463918,9.919835,0.135709,-0.126891,-0.009584
1457377530.000,YZJ,handheld,车载手持,recording,0.085399,4.627697,9.349775,0.242755,-0.226306,-0.091157
1457377540.000,YZJ,handheld,车载手持,recording,-0.057355,4.821310,8.334188,0.234570,-0.204711,-0.146227
1457377550.000,YZJ,handheld,车载手持,recording,-0.412158,5.006971,7.434341,0.107342,-0.112971,-0.139286
1457377560.000,YZJ,handheld,车载手持,recording,-0.847991,5.096854,7.071775,-0.078865,0.016108,-0.087205
1457377570.000,YZJ,handheld,车载手持,recording,-1.121248,5.190821,7.387443,-0.262024,0.104544,-0.005483
1457377580.000,YZJ,handheld,车载手持,recording,-1.052468,5.129332,8.298514,-0.358867,0.114904,0.077349
1457377590.000,YZJ,handheld,车载手持,recording,-0.648116,4.971413,9.415015,-0.322709,0.077369,0.111101
1457377600.000,YZJ,handheld,车载手持,recording,-0.121858,4.903356,10.213538,-0.195224,0.038760,0.075066
1457377610.000,YZJ,handheld,车载手持,recording,0.153161,4.870012,10.323071,-0.049949,0.005297,-0.010487
1457377620.000,YZJ,handheld,车载手持,recording,0.026015,4.923293,9.850700,0.041172,-0.024650,-0.103639
1457377630.000,YZJ,handheld,车载手持,recording,-0.387822,5.070468,9.053399,0.014356,-0.014113,-0.144974
1457377640.000,YZJ,handheld,车载手持,recording,-1.020499,5.214673,8.580318,-0.100496,0.057507,-0.112638
1457377650.000,YZJ,handheld,车载手持,recording,-1.553824,5.161563,8.671182,-0.219182,0.104495,-0.020833
1457377660.000,YZJ,handheld,车载手持,recording,-1.570114,4.954932,9.181071,-0.268029,0.081740,0.084216
1457377670.000,YZJ,handheld,车载手持,recording,-0.985420,4.844333,9.951565,-0.217350,0.072584,0.134758
1457377680.000,YZJ,handheld,车载手持,recording,-0.234345,4.823800,10.554215,-0.071260,0.056101,0.097350
1457377690.000,YZJ,handheld,车载手持,recording,0.122213,4.720483,10.579935,0.097675,0.016136,0.009155
1457377700.000,YZJ,handheld,车载手持,recording,-0.018747,4.613088,10.135138,0.240163,-0.034272,-0.077131
1457377710.000,YZJ,handheld,车载手持,recording,-0.448049,4.714726,9.244804,0.290039,-0.070455,-0.100388
1457377720.000,YZJ,handheld,车载手持,recording,-0.869287,4.779965,8.356916,0.232102,-0.064812,-0.045886
1457377730.000,YZJ,handheld,车载手持,recording,-1.143990,4.755570,7.863516,0.113603,-0.017150,0.049347
1457377740.000,YZJ,handheld,车载手持,recording,-1.091130,4.539706,7.836941,-0.009089,0.047933,0.141800
1457377750.000,YZJ,handheld,车载手持,recording,-0.812711,4.305301,8.239346,-0.080150,0.060979,0.194936
1457377760.000,YZJ,handheld,车载手持,recording,-0.353257,4.190883,8.766775,-0.087865,0.019271,0.194562
1457377770.000,YZJ,handheld,车载手持,recording,0.066917,4.157314,9.179934,-0.041069,-0.042205,0.143509
1457377780.000,YZJ,handheld,车载手持,recording,0.246832,4.021598,9.182537,0.020015,-0.111470,0.067248
1457377790.000,YZJ,handheld,车载手持,recording,0.262276,3.934547,8.975783,0.075498,-0.189878,-0.018244
1457377800.000,YZJ,handheld,车载手持,recording,0.224134,4.176509,8.601033,0.094674,-0.235753,-0.089440
1457377810.000,YZJ,handheld,车载手持,recording,0.008747,4.477190,8.172262,0.055219,-0.207674,-0.115442
1457377820.000,YZJ,handheld,车载手持,recording,-0.414306,4.659796,7.826955,-0.027033,-0.136124,-0.086517
1457377830.000,YZJ,handheld,车载手持,recording,-0.809147,4.612870,7.710608,-0.131235,-0.053356,-0.017885
1457377840.000,YZJ,handheld,车载手持,recording,-0.785548,4.576298,7.992300,-0.204619,0.008814,0.065131
1457377850.000,YZJ,handheld,车载手持,recording,-0.403579,4.524979,8.772538,-0.191348,0.061299,0.120461
1457377860.000,YZJ,handheld,车载手持,recording,-0.014668,4.261401,9.395898,-0.089210,0.084884,0.108526
1457377870.000,YZJ,handheld,车载手持,recording,0.289720,4.052629,9.721833,0.059666,0.049534,0.035852
1457377880.000,YZJ,handheld,车载手持,recording,0.425939,4.054192,9.599392,0.204092,-0.014644,-0.080383
1457377890.000,YZJ,handheld,车载手持,recording,0.262446,4.277803,9.072781,0.279312,-0.046813,-0.192190
1457377900.000,YZJ,handheld,车载手持,recording,-0.306928,4.550818,8.205052,0.229338,-0.040758,-0.238220
1457377910.000,YZJ,handheld,车载手持,recording,-1.103754,4.604884,7.496655,0.075413,-0.009392,-0.201584
1457377920.000,YZJ,handheld,车载手持,recording,-1.738274,4.644994,7.276204,-0.135596,0.024698,-0.092326
1457377930.000,YZJ,handheld,车载手持,recording,-1.896928,4.606725,7.720193,-0.319885,0.033296,0.053401
1457377940.000,YZJ,handheld,车载手持,recording,-1.385970,4.405128,8.780950,-0.371448,-0.005363,0.159936
1457377950.000,YZJ,handheld,车载手持,recording,-0.522882,4.104325,9.891427,-0.261178,-0.060331,0.162229
1457377960.000,YZJ,handheld,车载手持,recording,0.270941,3.889083,10.423762,-0.061638,-0.105948,0.063422
1457377970.000,YZJ,handheld,车载手持,recording,0.618295,3.850646,10.182070,0.145778,-0.128030,-0.091650
1457377980.000,YZJ,handheld,车载手持,recording,0.498982,4.155113,9.442248,0.270676,-0.067969,-0.240968
1457377990.000,YZJ,handheld,车载手持,recording,-0.194916,4.570962,8.570316,0.251341,0.059734,-0.295200
1457378000.000,YZJ,handheld,车载手持,recording,-1.188617,4.865380,7.957215,0.122373,0.201097,-0.237550
1457378010.000,YZJ,handheld,车载手持,recording,-1.977856,4.810902,7.918972,-0.041007,0.254695,-0.089134
1457378020.000,YZJ,handheld,车载手持,recording,-2.056076,4.467350,8.512262,-0.131939,0.159260,0.063594
1457378030.000,YZJ,handheld,车载手持,recording,-1.366134,4.175044,9.478921,-0.078761,0.011479,0.117551
1457378040.000,YZJ,handheld,车载手持,recording,-0.441106,4.022817,9.989234,0.074419,-0.110190,0.057121
1457378050.000,YZJ,handheld,车载手持,recording,0.149408,4.021173,9.699107,0.242520,-0.214886,-0.054279
1457378060.000,YZJ,handheld,车载手持,recording,0.209506,4.128977,8.764674,0.326608,-0.215614,-0.153786
1457378070.000,YZJ,handheld,车载手持,recording,-0.113580,4.405013,7.760145,0.282903,-0.135334,-0.192576
1457378080.000,YZJ,handheld,车载手持,recording,-0.621958,4.592097,7.075603,0.146678,-0.027159,-0.168187