timestamp_ms,user_name,hold_state,scene_tag,phase,acc_x,acc_y,acc_z,gyro_x,gyro_y,gyro_z
703894800.000,YZJ,non_handheld,desk_gripped,recording,-4.971940,-2.586071,7.896468,0.050184,0.076057,-0.057638
703894810.000,YZJ,non_handheld,desk_gripped,recording,-5.083462,-2.613576,7.745840,0.024688,0.020438,-0.012805
703894820.000,YZJ,non_handheld,desk_gripped,recording,-4.959377,-2.448233,7.809591,-0.001030,-0.061393,0.022519
703894830.000,YZJ,non_handheld,desk_gripped,recording,-4.797353,-2.313544,8.011582,-0.013766,-0.112960,0.034160
703894840.000,YZJ,non_handheld,desk_gripped,recording,-4.697396,-2.330707,8.408563,-0.008569,-0.087399,0.026374
703894850.000,YZJ,non_handheld,desk_gripped,recording,-4.866309,-2.293924,8.440574,-0.005846,-0.024866,0.007007
703894860.000,YZJ,non_handheld,desk_gripped,recording,-4.883367,-2.341719,8.356108,-0.006617,0.033653,-0.018586
703894870.000,YZJ,non_handheld,desk_gripped,recording,-4.943620,-2.327445,8.328723,-0.007079,0.084005,-0.036039
703894880.000,YZJ,non_handheld,desk_gripped,recording,-4.965101,-2.379032,8.182126,-0.014411,0.109869,-0.043009
703894890.000,YZJ,non_handheld,desk_gripped,recording,-4.981528,-2.477039,8.053617,-0.019752,0.111968,-0.034479
703894900.000,YZJ,non_handheld,desk_gripped,recording,-5.054369,-2.542368,7.912659,-0.032590,0.091239,-0.015487
703894910.000,YZJ,non_handheld,desk_gripped,recording,-5.163159,-2.538725,7.822572,-0.054821,0.062469,0.012393
703894920.000,YZJ,non_handheld,desk_gripped,recording,-5.185752,-2.517254,7.836911,-0.077870,0.042089,0.035762
703894930.000,YZJ,non_handheld,desk_gripped,recording,-4.973129,-2.446898,8.105168,-0.084541,0.042841,0.034307
703894940.000,YZJ,non_handheld,desk_gripped,recording,-4.567737,-2.308292,8.414517,-0.075352,0.068240,0.014096
703894950.000,YZJ,non_handheld,desk_gripped,recording,-4.830017,-2.315599,8.263838,-0.070653,0.083072,0.004372
703894960.000,YZJ,non_handheld,desk_gripped,recording,-4.811905,-2.311377,8.131036,-0.061947,0.069857,-0.001761
703894970.000,YZJ,non_handheld,desk_gripped,recording,-4.848844,-2.388718,8.045523,-0.046190,0.046027,0.005793
703894980.000,YZJ,non_handheld,desk_gripped,recording,-4.924238,-2.392574,7.915587,-0.029712,0.003777,0.020909
703894990.000,YZJ,non_handheld,desk_gripped,recording,-4.979174,-2.456542,7.841557,-0.020677,-0.048291,0.040810
703895000.000,YZJ,non_handheld,desk_gripped,recording,-4.956580,-2.526472,7.922598,-0.011089,-0.082154,0.057723
703895010.000,YZJ,non_handheld,desk_gripped,recording,-4.952928,-2.433116,7.962869,-0.001232,-0.103358,0.066167
703895020.000,YZJ,non_handheld,desk_gripped,recording,-4.949364,-2.437556,8.051745,0.004993,-0.111119,0.068345
703895030.000,YZJ,non_handheld,desk_gripped,recording,-4.924378,-2.398546,8.091794,0.010744,-0.109489,0.062053
703895040.000,YZJ,non_handheld,desk_gripped,recording,-4.937512,-2.327815,8.172238,0.016523,-0.093154,0.044200
703895050.000,YZJ,non_handheld,desk_gripped,recording,-4.904747,-2.264492,8.218145,0.029270,-0.068386,0.017761
703895060.000,YZJ,non_handheld,desk_gripped,recording,-4.972729,-2.256990,8.264931,0.043563,-0.026257,-0.006691
703895070.000,YZJ,non_handheld,desk_gripped,recording,-4.968876,-2.260323,8.254423,0.056616,0.012615,-0.026068
703895080.000,YZJ,non_handheld,desk_gripped,recording,-5.013271,-2.285453,8.173995,0.066813,0.034217,-0.034091
703895090.000,YZJ,non_handheld,desk_gripped,recording,-4.998220,-2.330664,8.023456,0.068839,0.027882,-0.028875
703895100.000,YZJ,non_handheld,desk_gripped,recording,-5.007706,-2.369993,7.953740,0.063246,-0.006675,-0.010676
703895110.000,YZJ,non_handheld,desk_gripped,recording,-4.951527,-2.511092,7.850789,0.051613,-0.063732,0.007411
703895120.000,YZJ,non_handheld,desk_gripped,recording,-4.869730,-2.570800,7.889957,0.038858,-0.114853,0.013544
703895130.000,YZJ,non_handheld,desk_gripped,recording,-4.854634,-2.564461,7.989410,0.027493,-0.146161,0.021194
703895140.000,YZJ,non_handheld,desk_gripped,recording,-4.823260,-2.524772,8.044222,0.008417,-0.170930,0.029037
703895150.000,YZJ,non_handheld,desk_gripped,recording,-4.908980,-2.390750,8.099385,-0.019727,-0.190030,0.037189
703895160.000,YZJ,non_handheld,desk_gripped,recording,-4.851413,-2.399371,8.195120,-0.040619,-0.184106,0.037107
703895170.000,YZJ,non_handheld,desk_gripped,recording,-4.831178,-2.436112,8.339218,-0.044087,-0.138133,0.026255
703895180.000,YZJ,non_handheld,desk_gripped,recording,-4.766179,-2.410696,8.428299,-0.030304,-0.073866,0.002443
703895190.000,YZJ,non_handheld,desk_gripped,recording,-4.789942,-2.386629,8.398911,-0.011806,-0.014417,-0.026804
703895200.000,YZJ,non_handheld,desk_gripped,recording,-4.798701,-2.365369,8.305856,-0.000255,0.022262,-0.056379
703895210.000,YZJ,non_handheld,desk_gripped,recording,-4.842897,-2.354639,8.236638,0.008458,0.045651,-0.071261
703895220.000,YZJ,non_handheld,desk_gripped,recording,-4.872901,-2.330180,8.091915,0.005240,0.030396,-0.070538
703895230.000,YZJ,non_handheld,desk_gripped,recording,-4.957310,-2.330078,7.947899,-0.004423,-0.010396,-0.054833
703895240.000,YZJ,non_handheld,desk_gripped,recording,-4.933770,-2.373534,7.952479,-0.008542,-0.054649,-0.037319
703895250.000,YZJ,non_handheld,desk_gripped,recording,-4.880745,-2.363883,8.089021,-0.005385,-0.070592,-0.021410
703895260.000,YZJ,non_handheld,desk_gripped,recording,-4.811143,-2.361506,8.191487,0.002417,-0.072970,-0.009891
703895270.000,YZJ,non_handheld,desk_gripped,recording,-4.812850,-2.453592,8.257092,0.015775,-0.050758,-0.002537
703895280.000,YZJ,non_handheld,desk_gripped,recording,-4.792738,-2.341352,8.332228,0.027441,-0.015372,0.000361
703895290.000,YZJ,non_handheld,desk_gripped,recording,-4.798953,-2.348291,8.248577,0.028324,0.002631,0.000784
703895300.000,YZJ,non_handheld,desk_gripped,recording,-4.802716,-2.403981,8.247262,0.028233,0.014508,0.002317
703895310.000,YZJ,non_handheld,desk_gripped,recording,-4.817287,-2.420284,8.183820,0.027747,0.023937,0.001672
703895320.000,YZJ,non_handheld,desk_gripped,recording,-4.856520,-2.470297,8.123758,0.023593,0.020531,0.000719
703895330.000,YZJ,non_handheld,desk_gripped,recording,-4.843045,-2.421553,8.020750,0.018719,-0.004999,0.003035
703895340.000,YZJ,non_handheld,desk_gripped,recording,-4.799526,-2.440565,8.071103,0.016431,-0.027165,0.001991
703895350.000,YZJ,non_handheld,desk_gripped,recording,-4.820076,-2.410835,8.218206,0.021352,-0.018663,-0.002165
703895360.000,YZJ,non_handheld,desk_gripped,recording,-4.834954,-2.350281,8.225370,0.025325,-0.006766,-0.007117
703895370.000,YZJ,non_handheld,desk_gripped,recording,-4.854215,-2.334840,8.149281,0.020464,-0.011599,-0.007121
703895380.000,YZJ,non_handheld,desk_gripped,recording,-4.838229,-2.357394,8.073257,0.009387,-0.037465,-0.002468
703895390.000,YZJ,non_handheld,desk_gripped,recording,-4.826278,-2.399719,8.061141,-0.000461,-0.063282,0.000681
703895400.000,YZJ,non_handheld,desk_gripped,recording,-4.821651,-2.402948,8.125508,-0.001597,-0.080264,0.004304
703895410.000,YZJ,non_handheld,desk_gripped,recording,-4.783711,-2.412439,8.151414,0.006449,-0.085610,0.002894
703895420.000,YZJ,non_handheld,desk_gripped,recording,-4.788438,-2.389757,8.209949,0.022772,-0.074847,-0.001746
703895430.000,YZJ,non_handheld,desk_gripped,recording,-4.792500,-2.366883,8.284667,0.043185,-0.045088,-0.005543
703895440.000,YZJ,non_handheld,desk_gripped,recording,-4.799898,-2.353280,8.291964,0.063662,-0.013825,-0.010740
703895450.000,YZJ,non_handheld,desk_gripped,recording,-4.798655,-2.346458,8.200326,0.079543,-0.002212,-0.011201
703895460.000,YZJ,non_handheld,desk_gripped,recording,-4.812452,-2.412327,8.079691,0.088878,-0.029049,-0.003620
703895470.000,YZJ,non_handheld,desk_gripped,recording,-4.787424,-2.367594,7.919325,0.078213,-0.088527,0.000534
703895480.000,YZJ,non_handheld,desk_gripped,recording,-4.804496,-2.315909,8.019155,0.067582,-0.140827,0.008074
703895490.000,YZJ,non_handheld,desk_gripped,recording,-4.788175,-2.320440,8.149716,0.058514,-0.170548,0.021268
703895500.000,YZJ,non_handheld,desk_gripped,recording,-4.749342,-2.301718,8.186549,0.045037,-0.180038,0.029438
703895510.000,YZJ,non_handheld,desk_gripped,recording,-4.740368,-2.302449,8.379874,0.040238,-0.153825,0.036179
703895520.000,YZJ,non_handheld,desk_gripped,recording,-4.684727,-2.307383,8.508802,0.043866,-0.102385,0.035303
703895530.000,YZJ,non_handheld,desk_gripped,recording,-4.659030,-2.373010,8.517402,0.055941,-0.035730,0.026412
703895540.000,YZJ,non_handheld,desk_gripped,recording,-4.715311,-2.399063,8.521885,0.067265,0.029671,0.017398
703895550.000,YZJ,non_handheld,desk_gripped,recording,-4.691470,-2.347902,8.356315,0.069773,0.074553,0.010110
703895560.000,YZJ,non_handheld,desk_gripped,recording,-4.749829,-2.305204,8.231043,0.057973,0.069168,0.008912
703895570.000,YZJ,non_handheld,desk_gripped,recording,-4.744126,-2.320545,8.117404,0.029429,0.035002,0.012580
703895580.000,YZJ,non_handheld,desk_gripped,recording,-4.740718,-2.288142,8.114681,0.004345,-0.000676,0.015343
703895590.000,YZJ,non_handheld,desk_gripped,recording,-4.744304,-2.293036,8.152666,-0.010230,-0.031444,0.017004
703895600.000,YZJ,non_handheld,desk_gripped,recording,-4.732696,-2.315178,8.129050,-0.019819,-0.059676,0.016267
703895610.000,YZJ,non_handheld,desk_gripped,recording,-4.721276,-2.297973,8.141402,-0.027472,-0.084722,0.010732
703895620.000,YZJ,non_handheld,desk_gripped,recording,-4.724627,-2.339003,8.244670,-0.030304,-0.092054,0.006324
703895630.000,YZJ,non_handheld,desk_gripped,recording,-4.706352,-2.334599,8.303205,-0.029755,-0.081373,0.001319
703895640.000,YZJ,non_handheld,desk_gripped,recording,-4.714953,-2.300324,8.387338,-0.025860,-0.049160,-0.005177
703895650.000,YZJ,non_handheld,desk_gripped,recording,-4.696990,-2.266329,8.454160,-0.024288,-0.003520,-0.015464
703895660.000,YZJ,non_handheld,desk_gripped,recording,-4.699467,-2.283207,8.498403,-0.021493,0.057380,-0.026079
703895670.000,YZJ,non_handheld,desk_gripped,recording,-4.702990,-2.293401,8.551521,-0.016801,0.124710,-0.028983
703895680.000,YZJ,non_handheld,desk_gripped,recording,-4.678801,-2.320648,8.410211,-0.017847,0.163996,-0.026974
703895690.000,YZJ,non_handheld,desk_gripped,recording,-4.701296,-2.357100,8.201838,-0.028900,0.152631,-0.018589
703895700.000,YZJ,non_handheld,desk_gripped,recording,-4.729365,-2.343861,8.034965,-0.048253,0.103526,-0.006806
703895710.000,YZJ,non_handheld,desk_gripped,recording,-4.707591,-2.364770,8.011956,-0.062080,0.040450,0.000565
703895720.000,YZJ,non_handheld,desk_gripped,recording,-4.664079,-2.376895,8.049526,-0.070508,-0.012919,-0.002087
703895730.000,YZJ,non_handheld,desk_gripped,recording,-4.681049,-2.318128,8.181331,-0.073532,-0.033224,-0.013430
703895740.000,YZJ,non_handheld,desk_gripped,recording,-4.880524,-2.222794,8.265256,-0.078317,-0.026611,-0.014123
703895750.000,YZJ,non_handheld,desk_gripped,recording,-4.935568,-2.209630,8.194466,-0.083140,-0.015194,-0.014052
703895760.000,YZJ,non_handheld,desk_gripped,recording,-4.773022,-2.306904,8.311443,-0.067346,0.013156,-0.025969
703895770.000,YZJ,non_handheld,desk_gripped,recording,-4.733646,-2.312218,8.446410,-0.030210,0.066724,-0.034012
703895780.000,YZJ,non_handheld,desk_gripped,recording,-4.733964,-2.298042,8.268337,-0.000416,0.084738,-0.032334
703895790.000,YZJ,non_handheld,desk_gripped,recording,-4.746381,-2.303943,8.063953,0.017466,0.052169,-0.023956
703895800.000,YZJ,non_handheld,desk_gripped,recording,-4.729042,-2.316378,8.003652,0.031683,-0.002732,-0.014772
703895810.000,YZJ,non_handheld,desk_gripped,recording,-4.756457,-2.262646,8.067249,0.041305,-0.048852,-0.005877
703895820.000,YZJ,non_handheld,desk_gripped,recording,-4.871135,-2.273591,8.093507,0.043671,-0.077092,0.000342
703895830.000,YZJ,non_handheld,desk_gripped,recording,-4.743008,-2.308434,8.115256,0.042976,-0.102991,-0.006956
703895840.000,YZJ,non_handheld,desk_gripped,recording,-4.792877,-2.376291,8.183855,0.041408,-0.108495,-0.011983
703895850.000,YZJ,non_handheld,desk_gripped,recording,-4.734158,-2.420018,8.206676,0.039214,-0.110407,-0.013514
703895860.000,YZJ,non_handheld,desk_gripped,recording,-4.783773,-2.447563,8.111383,0.030413,-0.134417,-0.003384
703895870.000,YZJ,non_handheld,desk_gripped,recording,-4.781089,-2.459636,8.037214,0.025035,-0.163478,0.011584
703895880.000,YZJ,non_handheld,desk_gripped,recording,-4.680736,-2.491610,8.237314,0.027070,-0.163653,0.019816
703895890.000,YZJ,non_handheld,desk_gripped,recording,-4.547431,-2.559206,8.471762,0.040940,-0.111698,0.010451
703895900.000,YZJ,non_handheld,desk_gripped,recording,-4.605488,-2.461752,8.719657,0.074408,0.002290,0.000614
703895910.000,YZJ,non_handheld,desk_gripped,recording,-4.639522,-2.281389,8.583591,0.082874,0.078583,-0.013234
703895920.000,YZJ,non_handheld,desk_gripped,recording,-4.644204,-2.426783,8.345051,0.067544,0.102715,-0.029256
703895930.000,YZJ,non_handheld,desk_gripped,recording,-4.704113,-2.372583,8.175541,0.044088,0.083647,-0.034132
703895940.000,YZJ,non_handheld,desk_gripped,recording,-4.740378,-2.329966,8.052603,0.013274,0.028522,-0.029141
703895950.000,YZJ,non_handheld,desk_gripped,recording,-4.728266,-2.320984,8.032322,-0.012927,-0.032154,-0.016925
703895960.000,YZJ,non_handheld,desk_gripped,recording,-4.725773,-2.317288,8.049456,-0.034715,-0.085947,-0.004116
703895970.000,YZJ,non_handheld,desk_gripped,recording,-4.710192,-2.299410,8.211664,-0.046428,-0.107631,0.006195
703895980.000,YZJ,non_handheld,desk_gripped,recording,-4.678480,-2.285907,8.368507,-0.043581,-0.092506,0.016045
703895990.000,YZJ,non_handheld,desk_gripped,recording,-4.659581,-2.341386,8.391870,-0.033346,-0.062976,0.020726
703896000.000,YZJ,non_handheld,desk_gripped,recording,-4.665696,-2.366051,8.376252,-0.026408,-0.036119,0.026455
703896010.000,YZJ,non_handheld,desk_gripped,recording,-4.644100,-2.343278,8.449197,-0.016420,0.001184,0.026419
703896020.000,YZJ,non_handheld,desk_gripped,recording,-4.619563,-2.327569,8.413582,-0.014048,0.033508,0.013473
703896030.000,YZJ,non_handheld,desk_gripped,recording,-4.572550,-2.384249,8.386988,-0.009253,0.058730,-0.007103
703896040.000,YZJ,non_handheld,desk_gripped,recording,-4.644547,-2.388101,8.291076,-0.012313,0.061453,-0.021435
703896050.000,YZJ,non_handheld,desk_gripped,recording,-4.794294,-2.335330,8.115225,-0.026593,0.037391,-0.019249
703896060.000,YZJ,non_handheld,desk_gripped,recording,-4.776880,-2.297319,8.055230,-0.040542,-0.009547,-0.009227
703896070.000,YZJ,non_handheld,desk_gripped,recording,-4.711425,-2.310723,7.999673,-0.047577,-0.067048,-0.001198
703896080.000,YZJ,non_handheld,desk_gripped,recording,-4.717115,-2.299396,8.053154,-0.048723,-0.121858,0.004036
703896090.000,YZJ,non_handheld,desk_gripped,recording,-4.698077,-2.304679,8.105547,-0.045375,-0.158231,0.001412
703896100.000,YZJ,non_handheld,desk_gripped,recording,-4.667123,-2.322925,8.327334,-0.032021,-0.147943,-0.011595
703896110.000,YZJ,non_handheld,desk_gripped,recording,-4.607965,-2.311076,8.623965,-0.005217,-0.065901,-0.025269
703896120.000,YZJ,non_handheld,desk_gripped,recording,-4.612635,-2.306050,8.678119,0.015801,0.024558,-0.034861
703896130.000,YZJ,non_handheld,desk_gripped,recording,-4.625163,-2.331149,8.388307,0.011768,0.058732,-0.042439
703896140.000,YZJ,non_handheld,desk_gripped,recording,-4.657830,-2.399391,8.315457,0.000870,0.065719,-0.042506
703896150.000,YZJ,non_handheld,desk_gripped,recording,-4.607475,-2.420377,8.306692,-0.004450,0.072342,-0.034589
703896160.000,YZJ,non_handheld,desk_gripped,recording,-4.647895,-2.437827,8.207123,-0.007041,0.058329,-0.020584
703896170.000,YZJ,non_handheld,desk_gripped,recording,-4.646286,-2.431792,8.102919,-0.011742,0.015740,-0.005069
703896180.000,YZJ,non_handheld,desk_gripped,recording,-4.682953,-2.444689,7.975717,-0.023240,-0.052333,0.010537
703896190.000,YZJ,non_handheld,desk_gripped,recording,-4.666251,-2.419518,7.999780,-0.031860,-0.119545,0.024794
703896200.000,YZJ,non_handheld,desk_gripped,recording,-4.652734,-2.433029,8.092149,-0.035036,-0.166381,0.036380
703896210.000,YZJ,non_handheld,desk_gripped,recording,-4.633591,-2.383567,8.282016,-0.033431,-0.172816,0.036321
703896220.000,YZJ,non_handheld,desk_gripped,recording,-4.608127,-2.304101,8.451333,-0.029295,-0.139453,0.023222
703896230.000,YZJ,non_handheld,desk_gripped,recording,-4.566147,-2.297563,8.581647,-0.013671,-0.073551,-0.000057
703896240.000,YZJ,non_handheld,desk_gripped,recording,-4.561103,-2.335615,8.616382,0.004479,0.002467,-0.024698
703896250.000,YZJ,non_handheld,desk_gripped,recording,-4.585352,-2.370888,8.476197,0.019337,0.052896,-0.043000
703896260.000,YZJ,non_handheld,desk_gripped,recording,-4.649377,-2.380140,8.283476,0.025014,0.061324,-0.042399
703896270.000,YZJ,non_handheld,desk_gripped,recording,-4.656987,-2.385795,8.113682,0.021898,0.026841,-0.033066
703896280.000,YZJ,non_handheld,desk_gripped,recording,-4.621962,-2.422228,8.108835,0.019007,-0.013823,-0.018160
703896290.000,YZJ,non_handheld,desk_gripped,recording,-4.612201,-2.417014,8.190323,0.020072,-0.042839,-0.005396
703896300.000,YZJ,non_handheld,desk_gripped,recording,-4.589296,-2.430178,8.326560,0.027665,-0.038819,0.005301
703896310.000,YZJ,non_handheld,desk_gripped,recording,-4.591089,-2.397494,8.386453,0.031140,-0.017154,0.011359
703896320.000,YZJ,non_handheld,desk_gripped,recording,-4.576956,-2.386861,8.457361,0.028670,0.017489,0.011944
703896330.000,YZJ,non_handheld,desk_gripped,recording,-4.585677,-2.359887,8.550027,0.027507,0.072129,0.010396
703896340.000,YZJ,non_handheld,desk_gripped,recording,-4.585279,-2.341367,8.554552,0.024477,0.130412,0.004342
703896350.000,YZJ,non_handheld,desk_gripped,recording,-4.601923,-2.338770,8.388015,0.016518,0.153026,-0.000725
703896360.000,YZJ,non_handheld,desk_gripped,recording,-4.656059,-2.354766,8.189728,0.003053,0.134125,-0.002089
703896370.000,YZJ,non_handheld,desk_gripped,recording,-4.674854,-2.383116,8.082499,-0.009313,0.090482,-0.002147
703896380.000,YZJ,non_handheld,desk_gripped,recording,-4.634567,-2.429616,8.077372,-0.015994,0.042492,-0.004012
703896390.000,YZJ,non_handheld,desk_gripped,recording,-4.658810,-2.392142,8.146477,-0.016173,0.011691,-0.010546
703896400.000,YZJ,non_handheld,desk_gripped,recording,-4.709530,-2.325782,8.255005,-0.009547,0.014189,-0.010245
703896410.000,YZJ,non_handheld,desk_gripped,recording,-4.664339,-2.373006,8.285847,-0.002994,0.020812,-0.001332
703896420.000,YZJ,non_handheld,desk_gripped,recording,-4.663746,-2.394872,8.239919,0.000353,0.019605,0.009696
703896430.000,YZJ,non_handheld,desk_gripped,recording,-4.706372,-2.433173,8.186903,0.008842,0.007560,0.031756
703896440.000,YZJ,non_handheld,desk_gripped,recording,-4.724701,-2.361343,8.100357,0.016167,-0.018645,0.045871
703896450.000,YZJ,non_handheld,desk_gripped,recording,-4.776199,-2.427534,8.193649,0.021908,-0.027774,0.066479
703896460.000,YZJ,non_handheld,desk_gripped,recording,-4.629162,-2.480388,8.377471,0.027258,-0.003779,0.078827
703896470.000,YZJ,non_handheld,desk_gripped,recording,-4.462916,-2.379926,8.528862,0.040021,0.041393,0.070682
703896480.000,YZJ,non_handheld,desk_gripped,recording,-4.533762,-2.279054,8.569137,0.046718,0.093242,0.059559
703896490.000,YZJ,non_handheld,desk_gripped,recording,-4.695021,-2.272093,8.375139,0.036708,0.113948,0.052147
703896500.000,YZJ,non_handheld,desk_gripped,recording,-4.736351,-2.191722,8.264735,0.031377,0.113514,0.051839
703896510.000,YZJ,non_handheld,desk_gripped,recording,-4.710966,-2.262258,8.084416,0.024500,0.073086,0.049869
703896520.000,YZJ,non_handheld,desk_gripped,recording,-4.687131,-2.341698,8.103437,0.032991,0.033353,0.049399
703896530.000,YZJ,non_handheld,desk_gripped,recording,-4.665476,-2.397865,8.090133,0.040238,0.000250,0.044803
703896540.000,YZJ,non_handheld,desk_gripped,recording,-4.717461,-2.314352,8.240481,0.053536,-0.007132,0.034750
703896550.000,YZJ,non_handheld,desk_gripped,recording,-4.760712,-2.312980,8.197891,0.056567,-0.006694,0.018426
703896560.000,YZJ,non_handheld,desk_gripped,recording,-4.760752,-2.242060,8.370851,0.063330,0.014427,0.000642
703896570.000,YZJ,non_handheld,desk_gripped,recording,-4.727868,-2.216806,8.336486,0.059060,0.033404,-0.016819
703896580.000,YZJ,non_handheld,desk_gripped,recording,-4.738494,-2.228575,8.338895,0.058690,0.050729,-0.027715
703896590.000,YZJ,non_handheld,desk_gripped,recording,-4.814750,-2.230371,8.225453,0.048501,0.052771,-0.020430
703896600.000,YZJ,non_handheld,desk_gripped,recording,-4.940443,-2.238246,8.079518,0.025849,0.032142,0.002966
703896610.000,YZJ,non_handheld,desk_gripped,recording,-4.932430,-2.263595,8.069347,0.007595,0.001365,0.026183
703896620.000,YZJ,non_handheld,desk_gripped,recording,-4.687143,-2.308694,8.263903,-0.000283,-0.005896,0.034642
703896630.000,YZJ,non_handheld,desk_gripped,recording,-4.614820,-2.310694,8.380989,0.007266,0.009090,0.033200
703896640.000,YZJ,non_handheld,desk_gripped,recording,-4.454018,-2.331781,8.422118,0.016168,0.024166,0.015497
703896650.000,YZJ,non_handheld,desk_gripped,recording,-4.609612,-2.306676,8.375767,0.018654,0.042703,0.002201
703896660.000,YZJ,non_handheld,desk_gripped,recording,-4.720392,-2.272450,8.343916,0.011997,0.061632,-0.007286
703896670.000,YZJ,non_handheld,desk_gripped,recording,-4.721380,-2.259766,8.363360,0.001579,0.082158,-0.015637
703896680.000,YZJ,non_handheld,desk_gripped,recording,-4.726025,-2.253228,8.349867,-0.001167,0.107342,-0.027560
703896690.000,YZJ,non_handheld,desk_gripped,recording,-4.743251,-2.288864,8.338720,-0.003985,0.131461,-0.033918
703896700.000,YZJ,non_handheld,desk_gripped,recording,-4.754188,-2.276602,8.254747,-0.012321,0.135347,-0.034249
703896710.000,YZJ,non_handheld,desk_gripped,recording,-4.790303,-2.303328,8.112117,-0.025774,0.109214,-0.032131
703896720.000,YZJ,non_handheld,desk_gripped,recording,-4.790266,-2.296438,8.038559,-0.031940,0.066586,-0.027524
703896730.000,YZJ,non_handheld,desk_gripped,recording,-4.782361,-2.334464,8.119817,-0.036288,0.041442,-0.021169
703896740.000,YZJ,non_handheld,desk_gripped,recording,-4.778460,-2.283333,8.244513,-0.032003,0.048128,-0.021310
703896750.000,YZJ,non_handheld,desk_gripped,recording,-4.781634,-2.279597,8.329291,-0.023583,0.076891,-0.026490
703896760.000,YZJ,non_handheld,desk_gripped,recording,-4.789388,-2.284328,8.326012,-0.010234,0.104518,-0.030342
703896770.000,YZJ,non_handheld,desk_gripped,recording,-4.812814,-2.298372,8.173230,-0.004552,0.103445,-0.030344
703896780.000,YZJ,non_handheld,desk_gripped,recording,-4.810473,-2.346047,8.107527,-0.002077,0.084028,-0.025095
703896790.000,YZJ,non_handheld,desk_gripped,recording,-4.823580,-2.334398,8.088133,-0.005506,0.063639,-0.017217
703896800.000,YZJ,non_handheld,desk_gripped,recording,-4.824750,-2.320599,8.223837,-0.000963,0.066626,-0.014032
703896810.000,YZJ,non_handheld,desk_gripped,recording,-4.814169,-2.306951,8.233067,0.004340,0.079549,-0.014599
703896820.000,YZJ,non_handheld,desk_gripped,recording,-4.846297,-2.310251,8.212831,0.003400,0.086674,-0.015291
703896830.000,YZJ,non_handheld,desk_gripped,recording,-4.828164,-2.280917,8.225014,0.001073,0.096600,-0.018458
703896840.000,YZJ,non_handheld,desk_gripped,recording,-4.851073,-2.226485,8.178263,0.002173,0.100315,-0.023840
703896850.000,YZJ,non_handheld,desk_gripped,recording,-4.866358,-2.293843,8.126778,0.001055,0.089074,-0.022250
703896860.000,YZJ,non_handheld,desk_gripped,recording,-4.881385,-2.323227,8.081779,0.000858,0.066099,-0.017087
703896870.000,YZJ,non_handheld,desk_gripped,recording,-4.894510,-2.323104,8.079922,0.006357,0.047787,-0.008969
703896880.000,YZJ,non_handheld,desk_gripped,recording,-4.873893,-2.325350,8.105090,0.009268,0.039209,0.002404
703896890.000,YZJ,non_handheld,desk_gripped,recording,-4.864801,-2.328224,8.139390,0.018039,0.039229,0.009735
703896900.000,YZJ,non_handheld,desk_gripped,recording,-4.855093,-2.321689,8.179433,0.025294,0.042555,0.010504
703896910.000,YZJ,non_handheld,desk_gripped,recording,-4.888095,-2.267038,8.242555,0.038517,0.064803,0.006366
703896920.000,YZJ,non_handheld,desk_gripped,recording,-4.867094,-2.313764,8.317546,0.057297,0.107062,0.005184
703896930.000,YZJ,non_handheld,desk_gripped,recording,-4.862356,-2.352295,8.310801,0.074203,0.147871,-0.002484
703896940.000,YZJ,non_handheld,desk_gripped,recording,-4.935317,-2.234540,8.247103,0.080233,0.179029,-0.016224
703896950.000,YZJ,non_handheld,desk_gripped,recording,-4.925433,-2.231065,8.272736,0.086083,0.212001,-0.024156
703896960.000,YZJ,non_handheld,desk_gripped,recording,-4.943183,-2.279714,8.107274,0.079239,0.207694,-0.027114
703896970.000,YZJ,non_handheld,desk_gripped,recording,-4.971922,-2.285432,7.939533,0.057746,0.161649,-0.027387
703896980.000,YZJ,non_handheld,desk_gripped,recording,-5.016097,-2.216815,7.804195,0.022304,0.081283,-0.022201
703896990.000,YZJ,non_handheld,desk_gripped,recording,-5.027435,-2.219477,7.769259,-0.013379,-0.006731,-0.015087
703897000.000,YZJ,non_handheld,desk_gripped,recording,-5.027358,-2.309369,7.899996,-0.038293,-0.052599,-0.007283
703897010.000,YZJ,non_handheld,desk_gripped,recording,-4.964887,-2.337323,8.227451,-0.030591,-0.025623,-0.004255
703897020.000,YZJ,non_handheld,desk_gripped,recording,-4.908401,-2.332810,8.388315,-0.009459,0.033900,-0.014166
703897030.000,YZJ,non_handheld,desk_gripped,recording,-4.918139,-2.308532,8.375984,0.021530,0.104186,-0.022689
703897040.000,YZJ,non_handheld,desk_gripped,recording,-4.928661,-2.295048,8.256174,0.046083,0.150329,-0.029384
703897050.000,YZJ,non_handheld,desk_gripped,recording,-4.998530,-2.242665,8.090052,0.053282,0.151943,-0.027872
703897060.000,YZJ,non_handheld,desk_gripped,recording,-5.003445,-2.299721,7.951603,0.054716,0.122327,-0.023814
703897070.000,YZJ,non_handheld,desk_gripped,recording,-5.014237,-2.365637,7.853955,0.050226,0.074650,-0.013356
703897080.000,YZJ,non_handheld,desk_gripped,recording,-5.016700,-2.348921,7.870790,0.040190,0.025154,-0.003163
703897090.000,YZJ,non_handheld,desk_gripped,recording,-5.032767,-2.238595,8.020748,0.039757,0.006681,-0.007723
703897100.000,YZJ,non_handheld,desk_gripped,recording,-5.017797,-2.218835,8.099619,0.035605,0.007931,-0.017019
703897110.000,YZJ,non_handheld,desk_gripped,recording,-5.029108,-2.206434,8.169164,0.035055,0.026228,-0.025272
703897120.000,YZJ,non_handheld,desk_gripped,recording,-5.030887,-2.175233,8.218659,0.025215,0.054860,-0.039525
703897130.000,YZJ,non_handheld,desk_gripped,recording,-5.019476,-2.138725,8.276077,0.011337,0.090841,-0.051365
703897140.000,YZJ,non_handheld,desk_gripped,recording,-5.047781,-2.192845,8.221046,0.003729,0.114294,-0.053075
703897150.000,YZJ,non_handheld,desk_gripped,recording,-5.049125,-2.336682,7.989153,-0.009035,0.099208,-0.042559
703897160.000,YZJ,non_handheld,desk_gripped,recording,-5.012951,-2.407534,7.952618,-0.010232,0.079536,-0.025322
703897170.000,YZJ,non_handheld,desk_gripped,recording,-5.014251,-2.426272,7.925271,-0.002462,0.056465,-0.003944
703897180.000,YZJ,non_handheld,desk_gripped,recording,-5.034757,-2.364205,7.995399,0.009834,0.041515,0.019237
703897190.000,YZJ,non_handheld,desk_gripped,recording,-5.023489,-2.373873,8.059930,0.023281,0.047545,0.024165
703897200.000,YZJ,non_handheld,desk_gripped,recording,-4.963047,-2.354530,8.236992,0.043765,0.083960,0.012744
703897210.000,YZJ,non_handheld,desk_gripped,recording,-4.973618,-2.313014,8.273868,0.065322,0.134166,0.000506
703897220.000,YZJ,non_handheld,desk_gripped,recording,-5.085395,-2.240873,8.163457,0.075486,0.165563,-0.010718
703897230.000,YZJ,non_handheld,desk_gripped,recording,-5.149028,-2.174317,8.034550,0.073115,0.168170,-0.017865
703897240.000,YZJ,non_handheld,desk_gripped,recording,-5.249340,-2.108196,7.886135,0.060873,0.142491,-0.015226
703897250.000,YZJ,non_handheld,desk_gripped,recording,-5.206473,-2.148127,7.800999,0.044767,0.093132,-0.001702
703897260.000,YZJ,non_handheld,desk_gripped,recording,-5.128270,-2.252492,7.870713,0.037262,0.050750,0.009927
703897270.000,YZJ,non_handheld,desk_gripped,recording,-5.145619,-2.261719,7.920579,0.044300,0.030610,0.017093
703897280.000,YZJ,non_handheld,desk_gripped,recording,-5.122424,-2.157415,8.030827,0.061834,0.030892,0.021381
703897290.000,YZJ,non_handheld,desk_gripped,recording,-5.074528,-2.208020,8.152907,0.089282,0.057305,0.023192
703897300.000,YZJ,non_handheld,desk_gripped,recording,-5.024509,-2.242153,8.201661,0.132768,0.098250,0.012487
703897310.000,YZJ,non_handheld,desk_gripped,recording,-5.027398,-2.181222,8.207978,0.185829,0.144129,-0.008202
703897320.000,YZJ,non_handheld,desk_gripped,recording,-5.058039,-2.155078,8.189476,0.226774,0.175279,-0.023930
703897330.000,YZJ,non_handheld,desk_gripped,recording,-4.978848,-1.989021,8.112310,0.242408,0.180801,-0.045853
703897340.000,YZJ,non_handheld,desk_gripped,recording,-5.015313,-1.946996,8.152959,0.240981,0.176207,-0.067313
703897350.000,YZJ,non_handheld,desk_gripped,recording,-5.170208,-1.898229,8.143933,0.225923,0.176617,-0.065876
703897360.000,YZJ,non_handheld,desk_gripped,recording,-5.429380,-2.057321,7.910438,0.204842,0.170917,-0.050862
703897370.000,YZJ,non_handheld,desk_gripped,recording,-5.208641,-2.112550,7.928129,0.188316,0.154769,-0.046011
703897380.000,YZJ,non_handheld,desk_gripped,recording,-5.202324,-2.191412,7.896505,0.177200,0.143820,-0.045217
703897390.000,YZJ,non_handheld,desk_gripped,recording,-5.244642,-2.209098,7.985359,0.175556,0.146563,-0.043593
703897400.000,YZJ,non_handheld,desk_gripped,recording,-5.194183,-2.213876,8.060267,0.182769,0.163468,-0.045262
703897410.000,YZJ,non_handheld,desk_gripped,recording,-5.353592,-2.345807,8.050300,0.182437,0.199665,-0.036746
703897420.000,YZJ,non_handheld,desk_gripped,recording,-5.205299,-2.251755,7.924814,0.174775,0.197080,-0.039721
703897430.000,YZJ,non_handheld,desk_gripped,recording,-5.230794,-2.121070,7.860879,0.153272,0.165896,-0.045904
703897440.000,YZJ,non_handheld,desk_gripped,recording,-5.482730,-1.960200,7.770059,0.098676,0.120441,-0.025876
703897450.000,YZJ,non_handheld,desk_gripped,recording,-5.603851,-1.872420,7.609480,0.035101,0.056334,-0.009998
703897460.000,YZJ,non_handheld,desk_gripped,recording,-5.326756,-1.816553,7.743147,-0.010944,-0.008848,-0.012389
703897470.000,YZJ,non_handheld,desk_gripped,recording,-5.215083,-1.925961,7.961811,-0.031724,-0.036934,-0.027423
703897480.000,YZJ,non_handheld,desk_gripped,recording,-5.234570,-2.058376,8.050984,-0.036282,-0.028458,-0.041775
703897490.000,YZJ,non_handheld,desk_gripped,recording,-5.318636,-2.182050,8.014738,-0.027605,-0.002579,-0.035885
703897500.000,YZJ,non_handheld,desk_gripped,recording,-5.177602,-2.225199,7.943373,-0.014699,-0.008398,-0.035288
703897510.000,YZJ,non_handheld,desk_gripped,recording,-5.137412,-2.237877,7.883606,-0.000419,-0.038981,-0.031374
703897520.000,YZJ,non_handheld,desk_gripped,recording,-5.138974,-2.117190,7.835852,0.004653,-0.082490,-0.022101
703897530.000,YZJ,non_handheld,desk_gripped,recording,-5.219128,-2.045129,7.818961,-0.004793,-0.137310,-0.013976
703897540.000,YZJ,non_handheld,desk_gripped,recording,-5.549787,-1.923017,7.833368,-0.024969,-0.155354,0.003960
703897550.000,YZJ,non_handheld,desk_gripped,recording,-5.288188,-1.843813,8.102554,-0.039807,-0.141794,0.014344
703897560.000,YZJ,non_handheld,desk_gripped,recording,-5.376600,-1.841356,8.084161,-0.046644,-0.110901,0.010321
703897570.000,YZJ,non_handheld,desk_gripped,recording,-5.189563,-1.926006,8.285465,-0.038073,-0.063348,-0.015455
703897580.000,YZJ,non_handheld,desk_gripped,recording,-5.192244,-1.915397,8.269262,-0.015868,0.003668,-0.036547
703897590.000,YZJ,non_handheld,desk_gripped,recording,-5.293096,-2.064375,8.097730,-0.002564,0.048680,-0.040704
703897600.000,YZJ,non_handheld,desk_gripped,recording,-5.479184,-2.217120,7.814567,-0.001746,0.041159,-0.016282
703897610.000,YZJ,non_handheld,desk_gripped,recording,-5.402941,-2.253122,7.625112,-0.007687,0.001080,0.010695
703897620.000,YZJ,non_handheld,desk_gripped,recording,-5.365065,-2.267020,7.700474,-0.010757,-0.042503,0.029916
703897630.000,YZJ,non_handheld,desk_gripped,recording,-5.399413,-2.281308,7.747995,-0.014174,-0.064037,0.044265
703897640.000,YZJ,non_handheld,desk_gripped,recording,-5.275892,-2.105394,7.873580,-0.015797,-0.085196,0.045636
703897650.000,YZJ,non_handheld,desk_gripped,recording,-5.292559,-2.030182,7.941026,-0.018014,-0.097878,0.045727
703897660.000,YZJ,non_handheld,desk_gripped,recording,-5.205582,-1.919626,7.948923,-0.027948,-0.121747,0.030269
703897670.000,YZJ,non_handheld,desk_gripped,recording,-5.255433,-1.899268,8.046371,-0.033535,-0.120694,0.021337
703897680.000,YZJ,non_handheld,desk_gripped,recording,-5.477339,-1.949316,8.015841,-0.043989,-0.098586,0.025209
703897690.000,YZJ,non_handheld,desk_gripped,recording,-5.299597,-1.923630,7.995597,-0.055073,-0.091847,0.014238
703897700.000,YZJ,non_handheld,desk_gripped,recording,-5.247547,-2.045574,8.055530,-0.049889,-0.075178,0.012807
703897710.000,YZJ,non_handheld,desk_gripped,recording,-5.208405,-2.172476,7.948508,-0.043048,-0.084753,0.017871
703897720.000,YZJ,non_handheld,desk_gripped,recording,-5.252329,-2.188601,7.806699,-0.037461,-0.119160,0.025925
703897730.000,YZJ,non_handheld,desk_gripped,recording,-5.124666,-2.225988,7.904667,-0.020411,-0.144885,0.027463
703897740.000,YZJ,non_handheld,desk_gripped,recording,-5.120859,-2.290087,7.965281,0.003897,-0.150675,0.026654
703897750.000,YZJ,non_handheld,desk_gripped,recording,-5.174600,-2.131624,8.013709,0.030492,-0.146796,0.024518
703897760.000,YZJ,non_handheld,desk_gripped,recording,-5.191741,-2.049074,8.042235,0.044529,-0.141240,0.028706
703897770.000,YZJ,non_handheld,desk_gripped,recording,-5.169622,-2.009211,8.071271,0.040917,-0.143216,0.037271
703897780.000,YZJ,non_handheld,desk_gripped,recording,-5.141852,-1.923494,8.116766,0.026563,-0.139868,0.041175
703897790.000,YZJ,non_handheld,desk_gripped,recording,-5.135230,-1.925803,8.218590,0.007347,-0.120016,0.040816
703897800.000,YZJ,non_handheld,desk_gripped,recording,-5.106941,-2.006465,8.151809,-0.012817,-0.108588,0.032143
703897810.000,YZJ,non_handheld,desk_gripped,recording,-5.052228,-2.014220,8.119155,-0.025459,-0.101076,0.015811
703897820.000,YZJ,non_handheld,desk_gripped,recording,-5.040638,-2.084404,8.315885,-0.007511,-0.057267,0.003051
703897830.000,YZJ,non_handheld,desk_gripped,recording,-4.984852,-2.200333,8.178109,0.008558,-0.032657,-0.014090
703897840.000,YZJ,non_handheld,desk_gripped,recording,-5.151730,-2.126136,8.025868,0.011642,-0.032139,-0.018398
703897850.000,YZJ,non_handheld,desk_gripped,recording,-5.271192,-1.995556,7.950807,0.001400,-0.043892,-0.006662
703897860.000,YZJ,non_handheld,desk_gripped,recording,-5.186795,-1.946944,7.999381,-0.012588,-0.062484,0.003745
703897870.000,YZJ,non_handheld,desk_gripped,recording,-5.033153,-1.936926,8.167624,-0.015794,-0.067104,0.010306
703897880.000,YZJ,non_handheld,desk_gripped,recording,-5.059936,-2.010317,8.191291,-0.010635,-0.050941,0.016725
703897890.000,YZJ,non_handheld,desk_gripped,recording,-5.049921,-2.090831,8.168100,-0.005017,-0.036098,0.021565
703897900.000,YZJ,non_handheld,desk_gripped,recording,-5.069641,-2.087751,8.068764,-0.002959,-0.040544,0.028154
703897910.000,YZJ,non_handheld,desk_gripped,recording,-5.085816,-2.094637,7.948235,-0.006070,-0.074652,0.035936
703897920.000,YZJ,non_handheld,desk_gripped,recording,-5.045975,-2.051406,8.016552,-0.009762,-0.100847,0.035660
703897930.000,YZJ,non_handheld,desk_gripped,recording,-5.030866,-2.053659,8.169429,-0.002868,-0.092515,0.027969
703897940.000,YZJ,non_handheld,desk_gripped,recording,-5.063201,-1.999782,8.234789,0.007556,-0.059518,0.014375
703897950.000,YZJ,non_handheld,desk_gripped,recording,-5.088439,-1.959859,8.261892,0.016405,-0.026742,0.002302
703897960.000,YZJ,non_handheld,desk_gripped,recording,-5.072137,-1.985306,8.145082,0.016690,-0.019068,-0.002951
703897970.000,YZJ,non_handheld,desk_gripped,recording,-5.047861,-2.048629,8.081092,0.011784,-0.029057,-0.003283
703897980.000,YZJ,non_handheld,desk_gripped,recording,-5.036922,-2.056688,7.990696,0.001061,-0.062070,0.000641
703897990.000,YZJ,non_handheld,desk_gripped,recording,-5.018438,-2.040641,7.906459,-0.011744,-0.120592,0.002629
703898000.000,YZJ,non_handheld,desk_gripped,recording,-4.930981,-2.054616,7.966140,-0.021320,-0.179940,0.002723
703898010.000,YZJ,non_handheld,desk_gripped,recording,-4.942413,-2.088997,7.941271,-0.026831,-0.243899,-0.002685
703898020.000,YZJ,non_handheld,desk_gripped,recording,-5.002925,-2.042300,8.031025,-0.034235,-0.270771,-0.004309
703898030.000,YZJ,non_handheld,desk_gripped,recording,-5.153399,-2.072247,8.283804,-0.024835,-0.226835,0.006839
703898040.000,YZJ,non_handheld,desk_gripped,recording,-4.963034,-2.003823,8.335735,-0.012973,-0.181257,-0.001723
703898050.000,YZJ,non_handheld,desk_gripped,recording,-4.944929,-2.023337,8.422972,-0.001618,-0.124549,-0.010471
703898060.000,YZJ,non_handheld,desk_gripped,recording,-4.898930,-2.059816,8.488965,0.012159,-0.052225,-0.009807
703898070.000,YZJ,non_handheld,desk_gripped,recording,-4.880893,-2.081716,8.482795,0.020534,0.019410,-0.011937
703898080.000,YZJ,non_handheld,desk_gripped,recording,-4.937651,-2.010342,8.514269,0.016397,0.090933,-0.030210
703898090.000,YZJ,non_handheld,desk_gripped,recording,-4.910275,-2.036362,8.242498,-0.014718,0.093652,-0.024600
703898100.000,YZJ,non_handheld,desk_gripped,recording,-4.905014,-2.052601,7.988525,-0.048925,0.042142,-0.006198
703898110.000,YZJ,non_handheld,desk_gripped,recording,-4.962258,-2.094636,8.127538,-0.062733,0.023246,-0.001979
703898120.000,YZJ,non_handheld,desk_gripped,recording,-4.959060,-1.999638,8.173356,-0.063449,0.019994,-0.010854
703898130.000,YZJ,non_handheld,desk_gripped,recording,-4.941400,-2.063892,8.223707,-0.056745,0.027417,-0.013850
703898140.000,YZJ,non_handheld,desk_gripped,recording,-4.943715,-2.148868,8.117188,-0.052613,0.018175,-0.001728
703898150.000,YZJ,non_handheld,desk_gripped,recording,-4.945826,-2.158876,7.992214,-0.051078,-0.018284,0.013692
703898160.000,YZJ,non_handheld,desk_gripped,recording,-4.951283,-2.152829,8.025966,-0.052612,-0.056220,0.030743
703898170.000,YZJ,non_handheld,desk_gripped,recording,-4.931721,-2.166006,8.025488,-0.055020,-0.090821,0.046740
703898180.000,YZJ,non_handheld,desk_gripped,recording,-4.935259,-2.085048,8.100209,-0.060647,-0.111485,0.052128
703898190.000,YZJ,non_handheld,desk_gripped,recording,-4.904248,-1.976719,8.368275,-0.049725,-0.079796,0.046760
703898200.000,YZJ,non_handheld,desk_gripped,recording,-4.894825,-1.983359,8.564239,-0.023640,0.002502,0.027616
703898210.000,YZJ,non_handheld,desk_gripped,recording,-4.896631,-2.057396,8.556806,0.004259,0.092861,0.002718
703898220.000,YZJ,non_handheld,desk_gripped,recording,-4.951161,-2.073655,8.331889,0.020009,0.142439,-0.016220
703898230.000,YZJ,non_handheld,desk_gripped,recording,-4.970917,-2.109209,8.066257,0.022726,0.133333,-0.026493
703898240.000,YZJ,non_handheld,desk_gripped,recording,-4.970145,-2.072859,8.025470,0.016889,0.097442,-0.030470
703898250.000,YZJ,non_handheld,desk_gripped,recording,-4.971962,-2.105753,7.994907,0.005988,0.060335,-0.030541
703898260.000,YZJ,non_handheld,desk_gripped,recording,-4.959460,-2.176520,8.185642,0.001828,0.061194,-0.026226
703898270.000,YZJ,non_handheld,desk_gripped,recording,-4.964456,-2.164754,8.222397,0.003142,0.077195,-0.022414
703898280.000,YZJ,non_handheld,desk_gripped,recording,-4.966713,-2.084529,8.178743,0.002024,0.082526,-0.020544
703898290.000,YZJ,non_handheld,desk_gripped,recording,-4.985293,-2.115348,8.076572,-0.007476,0.066706,-0.011567
703898300.000,YZJ,non_handheld,desk_gripped,recording,-4.979580,-2.161837,8.024887,-0.016765,0.036271,0.006819
703898310.000,YZJ,non_handheld,desk_gripped,recording,-4.959439,-2.187983,8.077440,-0.022684,0.018442,0.025383
703898320.000,YZJ,non_handheld,desk_gripped,recording,-4.966187,-2.168507,8.124042,-0.016724,0.009431,0.035975
703898330.000,YZJ,non_handheld,desk_gripped,recording,-4.974896,-2.167416,8.224435,-0.010739,0.033490,0.037780
703898340.000,YZJ,non_handheld,desk_gripped,recording,-4.959792,-2.176530,8.436235,0.014160,0.106596,0.031915
703898350.000,YZJ,non_handheld,desk_gripped,recording,-4.948411,-2.129639,8.523371,0.042021,0.199876,0.015980
703898360.000,YZJ,non_handheld,desk_gripped,recording,-5.000800,-2.030482,8.280377,0.050899,0.236769,-0.002194
703898370.000,YZJ,non_handheld,desk_gripped,recording,-5.066020,-1.974367,7.956644,0.035876,0.201101,-0.009570
703898380.000,YZJ,non_handheld,desk_gripped,recording,-5.110947,-2.017942,7.848490,0.013052,0.140376,-0.004371
703898390.000,YZJ,non_handheld,desk_gripped,recording,-5.104249,-2.101423,7.890973,-0.004959,0.090308,-0.000607
703898400.000,YZJ,non_handheld,desk_gripped,recording,-5.067267,-2.122634,8.003679,-0.011244,0.065159,-0.003162
703898410.000,YZJ,non_handheld,desk_gripped,recording,-5.083644,-2.098228,8.045358,-0.012381,0.051730,-0.016603
703898420.000,YZJ,non_handheld,desk_gripped,recording,-5.134451,-2.080302,8.179739,0.004074,0.085861,-0.022733
703898430.000,YZJ,non_handheld,desk_gripped,recording,-5.094841,-2.039522,8.265945,0.025043,0.134866,-0.028118
703898440.000,YZJ,non_handheld,desk_gripped,recording,-5.110137,-2.048059,8.136183,0.032892,0.156949,-0.033173
703898450.000,YZJ,non_handheld,desk_gripped,recording,-5.131766,-2.031696,8.023777,0.029321,0.145791,-0.026759
703898460.000,YZJ,non_handheld,desk_gripped,recording,-5.140067,-2.081131,7.921398,0.011429,0.111313,-0.009520
703898470.000,YZJ,non_handheld,desk_gripped,recording,-5.116806,-2.206688,7.897483,-0.004597,0.069495,0.017861
703898480.000,YZJ,non_handheld,desk_gripped,recording,-5.119847,-2.220070,7.938145,-0.011182,0.043343,0.036839
703898490.000,YZJ,non_handheld,desk_gripped,recording,-5.137477,-2.116218,7.949683,-0.012413,0.017792,0.033192
703898500.000,YZJ,non_handheld,desk_gripped,recording,-5.176575,-2.107416,8.024417,-0.007734,0.018953,0.025724
703898510.000,YZJ,non_handheld,desk_gripped,recording,-5.175054,-2.059252,8.067929,-0.004699,0.025817,0.017344
703898520.000,YZJ,non_handheld,desk_gripped,recording,-5.170847,-1.978008,8.080113,-0.001288,0.029557,0.007459
703898530.000,YZJ,non_handheld,desk_gripped,recording,-5.150611,-1.938318,8.120988,0.004552,0.039007,-0.001128
703898540.000,YZJ,non_handheld,desk_gripped,recording,-5.140982,-2.011413,8.212508,0.015722,0.071428,-0.007092
703898550.000,YZJ,non_handheld,desk_gripped,recording,-5.134822,-2.043686,8.200895,0.026552,0.106985,-0.014343
703898560.000,YZJ,non_handheld,desk_gripped,recording,-5.152733,-2.027672,8.120739,0.028388,0.127525,-0.023435
703898570.000,YZJ,non_handheld,desk_gripped,recording,-5.166806,-2.065944,8.053499,0.026107,0.134322,-0.027422
703898580.000,YZJ,non_handheld,desk_gripped,recording,-5.172097,-2.140430,8.025957,0.027015,0.137764,-0.023514
703898590.000,YZJ,non_handheld,desk_gripped,recording,-5.141221,-2.158441,7.962954,0.021460,0.114958,-0.026818
703898600.000,YZJ,non_handheld,desk_gripped,recording,-5.221032,-2.092052,7.602613,0.003652,0.026257,-0.025703
703898610.000,YZJ,non_handheld,desk_gripped,recording,-5.340668,-2.061709,7.520201,-0.019082,-0.081976,-0.009697
703898620.000,YZJ,non_handheld,desk_gripped,recording,-5.243355,-2.087189,7.775626,-0.022760,-0.134050,0.003061
703898630.000,YZJ,non_handheld,desk_gripped,recording,-5.185937,-2.085992,8.117442,-0.004360,-0.117634,0.009583
703898640.000,YZJ,non_handheld,desk_gripped,recording,-5.163329,-2.062667,8.194166,0.013292,-0.078166,0.006717
703898650.000,YZJ,non_handheld,desk_gripped,recording,-5.166852,-2.067052,8.147224,0.016011,-0.049911,-0.000481
703898660.000,YZJ,non_handheld,desk_gripped,recording,-5.164253,-2.056548,8.144485,0.008715,-0.025500,-0.006672
703898670.000,YZJ,non_handheld,desk_gripped,recording,-5.161290,-2.076580,8.273726,0.011137,0.026633,-0.006046
703898680.000,YZJ,non_handheld,desk_gripped,recording,-5.145550,-2.110896,8.205591,0.018161,0.077584,-0.004506
703898690.000,YZJ,non_handheld,desk_gripped,recording,-5.140820,-2.112415,8.354722,0.037278,0.144088,-0.001788
703898700.000,YZJ,non_handheld,desk_gripped,recording,-5.149008,-2.138771,8.099483,0.050392,0.168326,-0.000930
703898710.000,YZJ,non_handheld,desk_gripped,recording,-5.207480,-2.143172,7.831924,0.043084,0.138334,0.013258
703898720.000,YZJ,non_handheld,desk_gripped,recording,-5.249346,-2.103178,7.710509,0.022472,0.062023,0.032681
703898730.000,YZJ,non_handheld,desk_gripped,recording,-5.264472,-2.072009,7.755327,0.016759,0.008823,0.052465
703898740.000,YZJ,non_handheld,desk_gripped,recording,-5.202450,-2.094130,7.970154,0.021215,0.000343,0.059173
703898750.000,YZJ,non_handheld,desk_gripped,recording,-5.212945,-2.024924,8.092570,0.018989,0.012253,0.054846
703898760.000,YZJ,non_handheld,desk_gripped,recording,-5.212280,-2.017860,8.195075,0.023084,0.057041,0.049634
703898770.000,YZJ,non_handheld,desk_gripped,recording,-5.219364,-2.002538,8.194498,0.024846,0.102214,0.041226
703898780.000,YZJ,non_handheld,desk_gripped,recording,-5.242561,-1.948323,8.135593,0.019653,0.130227,0.026240
703898790.000,YZJ,non_handheld,desk_gripped,recording,-5.263061,-1.962487,7.935973,-0.000026,0.117373,0.008108
703898800.000,YZJ,non_handheld,desk_gripped,recording,-5.202284,-1.967591,7.858319,-0.018405,0.077951,-0.014370
703898810.000,YZJ,non_handheld,desk_gripped,recording,-5.239074,-2.072956,7.901487,-0.028521,0.043766,-0.027035
703898820.000,YZJ,non_handheld,desk_gripped,recording,-5.261523,-2.135617,7.754254,-0.029198,0.001256,-0.029292
703898830.000,YZJ,non_handheld,desk_gripped,recording,-5.319368,-2.088473,7.800530,-0.026844,-0.029600,-0.023828
703898840.000,YZJ,non_handheld,desk_gripped,recording,-5.334871,-2.045049,7.931975,-0.020982,-0.036573,-0.015940
703898850.000,YZJ,non_handheld,desk_gripped,recording,-5.298451,-2.045905,8.074463,-0.011892,-0.006761,-0.008468
703898860.000,YZJ,non_handheld,desk_gripped,recording,-5.267675,-1.999478,8.171253,-0.002955,0.033989,-0.008706
703898870.000,YZJ,non_handheld,desk_gripped,recording,-5.280353,-1.953065,8.212163,0.001419,0.086971,-0.010112
703898880.000,YZJ,non_handheld,desk_gripped,recording,-5.255975,-2.010477,8.170920,0.002278,0.132902,-0.015882
703898890.000,YZJ,non_handheld,desk_gripped,recording,-5.289586,-2.042887,7.986121,-0.007347,0.136257,-0.018244
703898900.000,YZJ,non_handheld,desk_gripped,recording,-5.320003,-2.090403,7.709962,-0.029890,0.078184,-0.008031
703898910.000,YZJ,non_handheld,desk_gripped,recording,-5.334678,-2.156817,7.583782,-0.053120,-0.007039,0.014873
703898920.000,YZJ,non_handheld,desk_gripped,recording,-5.285595,-2.143480,7.660378,-0.061486,-0.079716,0.034043
703898930.000,YZJ,non_handheld,desk_gripped,recording,-5.217553,-2.124281,7.804523,-0.056525,-0.125088,0.034910
703898940.000,YZJ,non_handheld,desk_gripped,recording,-5.194034,-2.057400,8.082515,-0.031997,-0.109784,0.019772
703898950.000,YZJ,non_handheld,desk_gripped,recording,-5.222768,-1.987403,8.282861,0.003739,-0.040529,-0.000818
703898960.000,YZJ,non_handheld,desk_gripped,recording,-5.277461,-1.973024,8.281401,0.031289,0.035657,-0.017359
703898970.000,YZJ,non_handheld,desk_gripped,recording,-5.303866,-1.970962,8.131096,0.040642,0.077721,-0.024897
703898980.000,YZJ,non_handheld,desk_gripped,recording,-5.305772,-2.016809,8.012528,0.042397,0.092447,-0.022346
703898990.000,YZJ,non_handheld,desk_gripped,recording,-5.290696,-2.053638,7.931028,0.036495,0.087602,-0.017191
703899000.000,YZJ,non_handheld,desk_gripped,recording,-5.285101,-2.061269,7.867920,0.034016,0.067540,-0.014773
703899010.000,YZJ,non_handheld,desk_gripped,recording,-5.328682,-2.121830,7.792715,0.029781,0.037288,-0.008879
703899020.000,YZJ,non_handheld,desk_gripped,recording,-5.352260,-2.151891,7.739285,0.024214,-0.004200,-0.001061
703899030.000,YZJ,non_handheld,desk_gripped,recording,-5.368335,-2.137782,7.694507,0.015149,-0.059707,0.013016
703899040.000,YZJ,non_handheld,desk_gripped,recording,-5.342859,-2.115129,7.684953,0.007030,-0.112861,0.022340
703899050.000,YZJ,non_handheld,desk_gripped,recording,-5.345078,-2.061996,7.814373,0.000300,-0.146766,0.031495
703899060.000,YZJ,non_handheld,desk_gripped,recording,-5.300288,-2.050153,7.957808,0.000397,-0.150793,0.034160
703899070.000,YZJ,non_handheld,desk_gripped,recording,-5.252085,-2.028567,8.086557,0.009925,-0.124431,0.030414
703899080.000,YZJ,non_handheld,desk_gripped,recording,-5.248630,-1.997233,8.197401,0.014581,-0.076914,0.020043
703899090.000,YZJ,non_handheld,desk_gripped,recording,-5.248518,-1.959196,8.247680,0.017911,-0.018767,0.001890
703899100.000,YZJ,non_handheld,desk_gripped,recording,-5.249155,-1.959279,8.247294,0.017686,0.037363,-0.017018
703899110.000,YZJ,non_handheld,desk_gripped,recording,-5.256192,-1.979549,8.150796,0.010475,0.075135,-0.031582
703899120.000,YZJ,non_handheld,desk_gripped,recording,-5.279135,-2.003103,8.043091,-0.000116,0.088369,-0.037260
703899130.000,YZJ,non_handheld,desk_gripped,recording,-5.272291,-2.079317,7.959935,-0.008481,0.085071,-0.035241
703899140.000,YZJ,non_handheld,desk_gripped,recording,-5.278215,-2.092599,7.869281,-0.013205,0.064259,-0.024367
703899150.000,YZJ,non_handheld,desk_gripped,recording,-5.281103,-2.105984,7.802969,-0.015843,0.028350,-0.011643
703899160.000,YZJ,non_handheld,desk_gripped,recording,-5.299662,-2.093372,7.823549,-0.015748,-0.005419,-0.001147
703899170.000,YZJ,non_handheld,desk_gripped,recording,-5.295610,-2.076999,7.889638,-0.019780,-0.028366,0.002823
703899180.000,YZJ,non_handheld,desk_gripped,recording,-5.289360,-2.041152,7.902599,-0.022919,-0.040791,0.001976
703899190.000,YZJ,non_handheld,desk_gripped,recording,-5.276441,-2.031380,8.086888,-0.020181,-0.023704,-0.001356
703899200.000,YZJ,non_handheld,desk_gripped,recording,-5.271356,-2.004296,8.114316,-0.013272,0.011422,-0.012828
703899210.000,YZJ,non_handheld,desk_gripped,recording,-5.268435,-1.986470,8.132973,-0.004168,0.053609,-0.027314
703899220.000,YZJ,non_handheld,desk_gripped,recording,-5.253137,-1.986445,8.200108,0.009181,0.100303,-0.035720
703899230.000,YZJ,non_handheld,desk_gripped,recording,-5.277005,-2.060071,8.068246,0.018638,0.123439,-0.036168
703899240.000,YZJ,non_handheld,desk_gripped,recording,-5.297539,-2.098885,7.849742,0.014560,0.103771,-0.027445
703899250.000,YZJ,non_handheld,desk_gripped,recording,-5.300745,-2.161104,7.728581,0.005524,0.052879,-0.010627
703899260.000,YZJ,non_handheld,desk_gripped,recording,-5.321297,-2.147139,7.671615,0.000543,-0.008367,0.003586
703899270.000,YZJ,non_handheld,desk_gripped,recording,-5.343372,-2.133554,7.719751,-0.002759,-0.056426,0.011517
703899280.000,YZJ,non_handheld,desk_gripped,recording,-5.333628,-2.053319,7.900855,0.000749,-0.070736,0.006898
703899290.000,YZJ,non_handheld,desk_gripped,recording,-5.296947,-2.000880,8.005866,0.002373,-0.058265,-0.005719
703899300.000,YZJ,non_handheld,desk_gripped,recording,-5.290932,-1.982528,8.058011,0.002862,-0.042050,-0.017416
703899310.000,YZJ,non_handheld,desk_gripped,recording,-5.259728,-1.994100,8.092257,0.003438,-0.019428,-0.019757
703899320.000,YZJ,non_handheld,desk_gripped,recording,-5.280191,-2.037052,8.040850,0.001937,-0.002200,-0.016633
703899330.000,YZJ,non_handheld,desk_gripped,recording,-5.281808,-2.121663,8.094670,0.004800,0.024924,-0.012810
703899340.000,YZJ,non_handheld,desk_gripped,recording,-5.275869,-2.115514,7.934154,0.007383,0.029234,-0.006090
703899350.000,YZJ,non_handheld,desk_gripped,recording,-5.297462,-2.162722,7.906126,0.007802,0.023386,0.000910
703899360.000,YZJ,non_handheld,desk_gripped,recording,-5.294230,-2.140468,7.919695,0.011940,0.020466,0.008644
703899370.000,YZJ,non_handheld,desk_gripped,recording,-5.286261,-2.112827,7.811339,0.012703,-0.009012,0.022681
703899380.000,YZJ,non_handheld,desk_gripped,recording,-5.314212,-2.143121,7.727500,0.006735,-0.061136,0.039468
703899390.000,YZJ,non_handheld,desk_gripped,recording,-5.304902,-2.085688,7.725517,0.004901,-0.115767,0.047143
703899400.000,YZJ,non_handheld,desk_gripped,recording,-5.283649,-2.046046,7.863566,0.005453,-0.141387,0.045739
703899410.000,YZJ,non_handheld,desk_gripped,recording,-5.267502,-2.012095,8.056087,0.013728,-0.127266,0.037040
703899420.000,YZJ,non_handheld,desk_gripped,recording,-5.262967,-1.983298,8.209855,0.027113,-0.073858,0.018079
703899430.000,YZJ,non_handheld,desk_gripped,recording,-5.242227,-1.924266,8.225683,0.034381,-0.024004,-0.000191
703899440.000,YZJ,non_handheld,desk_gripped,recording,-5.238590,-1.901703,8.199714,0.035768,0.018678,-0.010396
703899450.000,YZJ,non_handheld,desk_gripped,recording,-5.254965,-1.937902,8.145465,0.027488,0.046377,-0.016238
703899460.000,YZJ,non_handheld,desk_gripped,recording,-5.281207,-1.994059,7.931471,0.014143,0.037946,-0.014827
703899470.000,YZJ,non_handheld,desk_gripped,recording,-5.278543,-2.110913,7.860291,0.004706,0.007624,-0.005638
703899480.000,YZJ,non_handheld,desk_gripped,recording,-5.291395,-2.177082,7.775040,0.000495,-0.031523,0.002770
703899490.000,YZJ,non_handheld,desk_gripped,recording,-5.262515,-2.166414,7.817184,0.004913,-0.063462,0.010681
703899500.000,YZJ,non_handheld,desk_gripped,recording,-5.254210,-2.121541,7.917072,0.014624,-0.077013,0.017088
703899510.000,YZJ,non_handheld,desk_gripped,recording,-5.256726,-2.004307,8.002457,0.019346,-0.073591,0.015402
703899520.000,YZJ,non_handheld,desk_gripped,recording,-5.255651,-2.017573,8.125775,0.024723,-0.046167,0.008821
703899530.000,YZJ,non_handheld,desk_gripped,recording,-5.212049,-2.026182,8.217210,0.030058,0.001520,0.004559
703899540.000,YZJ,non_handheld,desk_gripped,recording,-5.227295,-1.986795,8.191994,0.030665,0.042296,0.001168
703899550.000,YZJ,non_handheld,desk_gripped,recording,-5.244949,-1.987866,8.115285,0.023012,0.066397,0.001157
703899560.000,YZJ,non_handheld,desk_gripped,recording,-5.255109,-2.004094,7.966505,0.002004,0.060769,0.000304
703899570.000,YZJ,non_handheld,desk_gripped,recording,-5.260008,-2.019327,7.918909,-0.017370,0.041940,0.002224
703899580.000,YZJ,non_handheld,desk_gripped,recording,-5.262283,-2.064843,7.902455,-0.029438,0.018158,0.003559
703899590.000,YZJ,non_handheld,desk_gripped,recording,-5.270416,-2.059290,7.893927,-0.030811,-0.002888,0.003151
703899600.000,YZJ,non_handheld,desk_gripped,recording,-5.273575,-1.991554,7.906158,-0.030681,-0.022780,-0.000904
703899610.000,YZJ,non_handheld,desk_gripped,recording,-5.266486,-2.015616,7.903645,-0.029823,-0.039488,-0.004249
703899620.000,YZJ,non_handheld,desk_gripped,recording,-5.254292,-2.033464,7.988753,-0.025124,-0.037596,-0.006252
703899630.000,YZJ,non_handheld,desk_gripped,recording,-5.244697,-2.020464,8.079542,-0.016957,-0.020197,-0.010559
703899640.000,YZJ,non_handheld,desk_gripped,recording,-5.245100,-2.029649,8.148219,-0.009994,0.018180,-0.017279
703899650.000,YZJ,non_handheld,desk_gripped,recording,-5.238434,-2.016648,8.148132,-0.006752,0.054532,-0.020288
703899660.000,YZJ,non_handheld,desk_gripped,recording,-5.234365,-2.045126,8.117518,-0.008591,0.078989,-0.022196
703899670.000,YZJ,non_handheld,desk_gripped,recording,-5.258487,-2.054997,7.974020,-0.012447,0.079186,-0.020294
703899680.000,YZJ,non_handheld,desk_gripped,recording,-5.264560,-2.072539,7.857122,-0.020199,0.053434,-0.012813
703899690.000,YZJ,non_handheld,desk_gripped,recording,-5.277128,-2.081381,7.842940,-0.022427,0.020122,-0.005304
703899700.000,YZJ,non_handheld,desk_gripped,recording,-5.293413,-2.067069,7.852858,-0.014804,-0.003321,-0.002095
703899710.000,YZJ,non_handheld,desk_gripped,recording,-5.285092,-2.044773,7.924548,-0.001036,-0.013477,-0.003882
703899720.000,YZJ,non_handheld,desk_gripped,recording,-5.269537,-2.031156,7.917663,0.009862,-0.022855,-0.002820
703899730.000,YZJ,non_handheld,desk_gripped,recording,-5.307886,-2.015114,7.854186,0.014034,-0.047861,-0.000884
703899740.000,YZJ,non_handheld,desk_gripped,recording,-5.288643,-1.971062,7.839801,0.012066,-0.079245,0.002243
703899750.000,YZJ,non_handheld,desk_gripped,recording,-5.292154,-2.022121,7.966180,0.015039,-0.083635,0.008956
703899760.000,YZJ,non_handheld,desk_gripped,recording,-5.211848,-2.064390,8.117386,0.028687,-0.055604,0.010366
703899770.000,YZJ,non_handheld,desk_gripped,recording,-5.220533,-2.041167,8.153030,0.033441,-0.019955,0.004710
703899780.000,YZJ,non_handheld,desk_gripped,recording,-5.240278,-1.978794,8.116613,0.037168,0.008463,-0.002241
703899790.000,YZJ,non_handheld,desk_gripped,recording,-5.264472,-2.020198,8.030701,0.035492,0.016854,-0.002304
703899800.000,YZJ,non_handheld,desk_gripped,recording,-5.257650,-2.077863,7.959758,0.036177,0.015115,-0.000049
703899810.000,YZJ,non_handheld,desk_gripped,recording,-5.235671,-2.122437,7.993248,0.036646,0.012855,0.007056
703899820.000,YZJ,non_handheld,desk_gripped,recording,-5.225292,-2.117244,7.957434,0.026305,0.003157,0.016083
703899830.000,YZJ,non_handheld,desk_gripped,recording,-5.225902,-2.117184,7.984966,0.017536,0.000781,0.023939
703899840.000,YZJ,non_handheld,desk_gripped,recording,-5.214884,-2.108744,8.026975,0.011495,0.005600,0.027278
703899850.000,YZJ,non_handheld,desk_gripped,recording,-5.266685,-2.035958,8.041002,0.003759,0.014410,0.026598
703899860.000,YZJ,non_handheld,desk_gripped,recording,-5.262818,-2.009492,8.001215,-0.006495,0.014383,0.024352
703899870.000,YZJ,non_handheld,desk_gripped,recording,-5.235779,-2.073675,7.979093,-0.010142,0.014558,0.015857
703899880.000,YZJ,non_handheld,desk_gripped,recording,-5.222126,-2.129390,8.033584,-0.003213,0.026955,0.005876
703899890.000,YZJ,non_handheld,desk_gripped,recording,-5.246364,-2.036992,8.050468,0.004596,0.040590,-0.003139
703899900.000,YZJ,non_handheld,desk_gripped,recording,-5.311833,-1.929422,7.958447,0.001255,0.040094,-0.010963
703899910.000,YZJ,non_handheld,desk_gripped,recording,-5.320846,-1.959435,8.069705,0.001459,0.062237,-0.016462
703899920.000,YZJ,non_handheld,desk_gripped,recording,-5.265956,-2.030314,8.086725,0.007126,0.084474,-0.012856
703899930.000,YZJ,non_handheld,desk_gripped,recording,-5.249482,-2.074481,7.899490,0.003744,0.075460,-0.006292
703899940.000,YZJ,non_handheld,desk_gripped,recording,-5.283690,-1.992735,7.751361,-0.015768,0.016664,-0.001094
703899950.000,YZJ,non_handheld,desk_gripped,recording,-5.296385,-1.994478,7.806330,-0.028920,-0.032703,0.007116
703899960.000,YZJ,non_handheld,desk_gripped,recording,-5.296762,-1.999502,7.882807,-0.036015,-0.055509,0.009483
703899970.000,YZJ,non_handheld,desk_gripped,recording,-5.278085,-1.960159,8.036928,-0.029328,-0.045672,0.005592
703899980.000,YZJ,non_handheld,desk_gripped,recording,-5.257705,-1.999450,8.173598,-0.004885,0.004341,-0.001191
703899990.000,YZJ,non_handheld,desk_gripped,recording,-5.258827,-2.011115,8.227671,0.026732,0.070347,-0.011809
703900000.000,YZJ,non_handheld,desk_gripped,recording,-5.289066,-1.965381,8.071167,0.040392,0.103815,-0.025512
703900010.000,YZJ,non_handheld,desk_gripped,recording,-5.309022,-1.983783,7.961824,0.035665,0.100561,-0.035402
703900020.000,YZJ,non_handheld,desk_gripped,recording,-5.321825,-2.062015,7.839193,0.021865,0.072247,-0.029690
703900030.000,YZJ,non_handheld,desk_gripped,recording,-5.300322,-2.077572,7.882610,0.014814,0.050196,-0.017536
703900040.000,YZJ,non_handheld,desk_gripped,recording,-5.312455,-2.052939,7.835594,0.003063,0.017451,-0.009577
703900050.000,YZJ,non_handheld,desk_gripped,recording,-5.324922,-2.074170,7.825827,-0.005118,-0.009081,-0.003801
703900060.000,YZJ,non_handheld,desk_gripped,recording,-5.317001,-2.096836,7.967701,0.002316,-0.004170,-0.003542
703900070.000,YZJ,non_handheld,desk_gripped,recording,-5.297027,-2.023462,7.984840,0.016890,0.001484,-0.004910
703900080.000,YZJ,non_handheld,desk_gripped,recording,-5.312891,-1.997671,7.951723,0.022732,-0.000116,-0.002498
703900090.000,YZJ,non_handheld,desk_gripped,recording,-5.311752,-1.976284,7.888001,0.018076,-0.015820,-0.001583
703900100.000,YZJ,non_handheld,desk_gripped,recording,-5.314469,-2.006179,7.941645,0.010368,-0.029064,-0.003771
703900110.000,YZJ,non_handheld,desk_gripped,recording,-5.297753,-2.008147,7.977801,0.007398,-0.023380,-0.005906
703900120.000,YZJ,non_handheld,desk_gripped,recording,-5.312177,-1.992253,8.063283,0.011330,-0.003073,-0.010551
703900130.000,YZJ,non_handheld,desk_gripped,recording,-5.311253,-1.992982,8.018910,0.002167,0.006146,-0.011604
703900140.000,YZJ,non_handheld,desk_gripped,recording,-5.294915,-1.993738,7.977347,-0.006635,0.008181,-0.009416
703900150.000,YZJ,non_handheld,desk_gripped,recording,-5.303688,-1.995068,7.973679,-0.011912,0.008006,-0.005113
703900160.000,YZJ,non_handheld,desk_gripped,recording,-5.304810,-2.011786,8.008188,-0.009491,0.018835,0.001264
703900170.000,YZJ,non_handheld,desk_gripped,recording,-5.286489,-2.035772,7.912349,-0.010545,0.007968,0.010854
703900180.000,YZJ,non_handheld,desk_gripped,recording,-5.302783,-2.049433,7.933727,-0.009777,0.000396,0.019564
703900190.000,YZJ,non_handheld,desk_gripped,recording,-5.284324,-2.048255,7.932602,-0.008840,-0.005577,0.022261
703900200.000,YZJ,non_handheld,desk_gripped,recording,-5.301234,-2.075134,7.921288,-0.006518,-0.008808,0.017089
703900210.000,YZJ,non_handheld,desk_gripped,recording,-5.311371,-2.111213,7.917485,-0.003667,-0.009175,0.011099
703900220.000,YZJ,non_handheld,desk_gripped,recording,-5.310169,-2.025668,7.892174,-0.002789,-0.020646,0.006186
703900230.000,YZJ,non_handheld,desk_gripped,recording,-5.326249,-2.038276,7.892344,-0.010284,-0.043400,0.006656
703900240.000,YZJ,non_handheld,desk_gripped,recording,-5.304003,-2.024497,7.915325,-0.017439,-0.056356,0.009679
703900250.000,YZJ,non_handheld,desk_gripped,recording,-5.291929,-2.017472,8.023575,-0.016339,-0.046106,0.008598
703900260.000,YZJ,non_handheld,desk_gripped,recording,-5.287552,-2.016188,8.073718,-0.011256,-0.018946,0.005391
703900270.000,YZJ,non_handheld,desk_gripped,recording,-5.275424,-2.015477,8.091293,-0.004465,0.010579,-0.000260
703900280.000,YZJ,non_handheld,desk_gripped,recording,-5.294722,-2.032435,8.063129,0.001506,0.034700,-0.002400
703900290.000,YZJ,non_handheld,desk_gripped,recording,-5.297418,-2.035726,8.016873,0.005570,0.047729,-0.003640
703900300.000,YZJ,non_handheld,desk_gripped,recording,-5.296761,-2.028342,7.907581,-0.000198,0.034487,-0.002386
703900310.000,YZJ,non_handheld,desk_gripped,recording,-5.311728,-2.032226,7.813655,-0.007684,0.002910,0.003942
703900320.000,YZJ,non_handheld,desk_gripped,recording,-5.299162,-2.072802,7.871077,-0.003835,-0.014750,0.008662
703900330.000,YZJ,non_handheld,desk_gripped,recording,-5.290481,-2.086737,8.030832,0.012064,-0.000261,0.006253
703900340.000,YZJ,non_handheld,desk_gripped,recording,-5.284493,-2.048488,8.019897,0.024810,0.014030,0.004759
703900350.000,YZJ,non_handheld,desk_gripped,recording,-5.318911,-1.976209,7.911158,0.020753,0.003220,0.005064
703900360.000,YZJ,non_handheld,desk_gripped,recording,-5.319736,-1.960223,7.881007,0.010826,-0.015905,0.006353
703900370.000,YZJ,non_handheld,desk_gripped,recording,-5.304009,-2.029057,7.982901,0.014091,-0.010784,0.008697
703900380.000,YZJ,non_handheld,desk_gripped,recording,-5.260618,-2.047461,8.108518,0.030787,0.022761,0.011853
703900390.000,YZJ,non_handheld,desk_gripped,recording,-5.305619,-2.046607,7.965514,0.030758,0.029411,0.013446
703900400.000,YZJ,non_handheld,desk_gripped,recording,-5.322665,-2.010038,7.872733,0.014667,0.004730,0.014415
703900410.000,YZJ,non_handheld,desk_gripped,recording,-5.326872,-1.947144,7.880421,-0.003555,-0.021106,0.013052
703900420.000,YZJ,non_handheld,desk_gripped,recording,-5.310237,-1.969685,7.978396,-0.012269,-0.022796,0.005869
703900430.000,YZJ,non_handheld,desk_gripped,recording,-5.296794,-1.983938,8.044494,-0.007846,-0.003850,-0.001933
703900440.000,YZJ,non_handheld,desk_gripped,recording,-5.306911,-1.986412,8.056854,0.000791,0.017586,-0.008396
703900450.000,YZJ,non_handheld,desk_gripped,recording,-5.305336,-1.991662,7.961897,0.000266,0.018736,-0.012045
703900460.000,YZJ,non_handheld,desk_gripped,recording,-5.312003,-2.009400,7.955419,-0.003811,0.015339,-0.015248
703900470.000,YZJ,non_handheld,desk_gripped,recording,-5.288774,-2.028986,8.062027,0.005010,0.037607,-0.014341
703900480.000,YZJ,non_handheld,desk_gripped,recording,-5.302331,-2.070239,8.032795,0.015788,0.061923,-0.010031
703900490.000,YZJ,non_handheld,desk_gripped,recording,-5.307677,-2.061221,7.942774,0.009694,0.058133,-0.002792
703900500.000,YZJ,non_handheld,desk_gripped,recording,-5.325709,-2.042225,7.842003,-0.009602,0.032889,0.007735
703900510.000,YZJ,non_handheld,desk_gripped,recording,-5.309762,-2.023960,7.854020,-0.033855,0.002557,0.019312
703900520.000,YZJ,non_handheld,desk_gripped,recording,-5.346536,-2.020763,7.839673,-0.053654,-0.027516,0.021025
703900530.000,YZJ,non_handheld,desk_gripped,recording,-5.314841,-2.018110,7.909978,-0.060156,-0.039271,0.019085
703900540.000,YZJ,non_handheld,desk_gripped,recording,-5.287218,-2.045439,8.010138,-0.050716,-0.024005,0.011988
703900550.000,YZJ,non_handheld,desk_gripped,recording,-5.321591,-2.017289,8.020000,-0.039250,-0.012305,0.004605
703900560.000,YZJ,non_handheld,desk_gripped,recording,-5.334372,-1.972974,7.937882,-0.036818,-0.012834,-0.001270
703900570.000,YZJ,non_handheld,desk_gripped,recording,-5.310800,-1.977190,8.006822,-0.029078,0.000944,-0.004538
703900580.000,YZJ,non_handheld,desk_gripped,recording,-5.297632,-2.035600,8.042653,-0.014111,0.019610,-0.009945
703900590.000,YZJ,non_handheld,desk_gripped,recording,-5.310356,-2.029128,7.974296,-0.001703,0.031567,-0.011170
703900600.000,YZJ,non_handheld,desk_gripped,recording,-5.340284,-2.052031,7.869216,0.003209,0.017812,-0.007799
703900610.000,YZJ,non_handheld,desk_gripped,recording,-5.336935,-2.077704,7.782716,-0.001410,-0.020989,0.000044
703900620.000,YZJ,non_handheld,desk_gripped,recording,-5.315950,-2.081654,7.798646,-0.005310,-0.057828,0.010743
703900630.000,YZJ,non_handheld,desk_gripped,recording,-5.306663,-2.073413,7.869599,-0.002469,-0.077485,0.017008
703900640.000,YZJ,non_handheld,desk_gripped,recording,-5.308323,-2.028638,7.882792,-0.005508,-0.096434,0.019568
703900650.000,YZJ,non_handheld,desk_gripped,recording,-5.287300,-2.055976,8.090464,0.010614,-0.065740,0.018233
703900660.000,YZJ,non_handheld,desk_gripped,recording,-5.284673,-2.014590,8.065597,0.025670,-0.029653,0.013007
703900670.000,YZJ,non_handheld,desk_gripped,recording,-5.293126,-1.990297,8.154206,0.027638,0.002787,0.001816
703900680.000,YZJ,non_handheld,desk_gripped,recording,-5.288716,-1.969144,8.036538,0.018356,0.024596,-0.008604
703900690.000,YZJ,non_handheld,desk_gripped,recording,-5.286710,-1.990755,8.068858,0.005525,0.040786,-0.012245
703900700.000,YZJ,non_handheld,desk_gripped,recording,-5.302064,-1.958320,7.942448,-0.011049,0.034567,-0.012464
703900710.000,YZJ,non_handheld,desk_gripped,recording,-5.315144,-2.006039,7.937640,-0.028218,0.025319,-0.010565
703900720.000,YZJ,non_handheld,desk_gripped,recording,-5.281645,-2.102630,8.082202,-0.027638,0.051957,-0.010651
703900730.000,YZJ,non_handheld,desk_gripped,recording,-5.276875,-2.106510,8.066289,-0.019615,0.079995,-0.006245
703900740.000,YZJ,non_handheld,desk_gripped,recording,-5.306479,-2.052939,7.886522,-0.019548,0.068346,0.000980
703900750.000,YZJ,non_handheld,desk_gripped,recording,-5.312539,-2.095694,7.742217,-0.022582,0.022880,0.013154
703900760.000,YZJ,non_handheld,desk_gripped,recording,-5.342831,-2.086286,7.696641,-0.021224,-0.032237,0.023537
703900770.000,YZJ,non_handheld,desk_gripped,recording,-5.321004,-2.064114,7.784494,-0.007789,-0.067949,0.029266
703900780.000,YZJ,non_handheld,desk_gripped,recording,-5.318716,-2.039559,7.933484,0.011147,-0.071778,0.026996
703900790.000,YZJ,non_handheld,desk_gripped,recording,-5.318727,-1.996702,7.961902,0.024236,-0.068004,0.017790
703900800.000,YZJ,non_handheld,desk_gripped,recording,-5.318756,-1.976277,8.016656,0.027641,-0.051822,0.007797
703900810.000,YZJ,non_handheld,desk_gripped,recording,-5.297809,-1.996229,8.124175,0.029157,-0.020704,-0.001743
703900820.000,YZJ,non_handheld,desk_gripped,recording,-5.292005,-2.006506,8.072064,0.026054,0.003683,-0.007226
703900830.000,YZJ,non_handheld,desk_gripped,recording,-5.279551,-2.079637,7.979027,0.014472,0.009418,0.001016
703900840.000,YZJ,non_handheld,desk_gripped,recording,-5.295302,-2.090476,7.901155,-0.000400,-0.006115,0.015786
703900850.000,YZJ,non_handheld,desk_gripped,recording,-5.298797,-2.078229,7.877480,-0.009246,-0.027461,0.029277
703900860.000,YZJ,non_handheld,desk_gripped,recording,-5.295651,-2.086323,7.925716,-0.010422,-0.038967,0.041754
703900870.000,YZJ,non_handheld,desk_gripped,recording,-5.303971,-2.050693,7.918652,-0.007846,-0.047832,0.047349
703900880.000,YZJ,non_handheld,desk_gripped,recording,-5.277197,-2.068610,7.907584,-0.008765,-0.059398,0.036671
703900890.000,YZJ,non_handheld,desk_gripped,recording,-5.271568,-2.129119,8.005357,-0.004053,-0.046669,0.019093
703900900.000,YZJ,non_handheld,desk_gripped,recording,-5.285159,-2.072160,8.077140,0.006595,-0.014056,0.001187
703900910.000,YZJ,non_handheld,desk_gripped,recording,-5.313053,-2.054783,8.061520,0.009485,0.017001,-0.015790
703900920.000,YZJ,non_handheld,desk_gripped,recording,-5.319726,-2.014717,8.095233,0.009814,0.049269,-0.028263
703900930.000,YZJ,non_handheld,desk_gripped,recording,-5.361578,-1.982766,8.004379,0.002007,0.066013,-0.032002
703900940.000,YZJ,non_handheld,desk_gripped,recording,-5.352554,-1.953928,7.946515,-0.006800,0.064079,-0.031147
703900950.000,YZJ,non_handheld,desk_gripped,recording,-5.320752,-1.936677,7.912011,-0.013841,0.050431,-0.028023
703900960.000,YZJ,non_handheld,desk_gripped,recording,-5.303739,-1.956273,7.920127,-0.017517,0.033517,-0.018643
703900970.000,YZJ,non_handheld,desk_gripped,recording,-5.285951,-2.028656,7.949744,-0.014013,0.029711,-0.010600
703900980.000,YZJ,non_handheld,desk_gripped,recording,-5.260084,-1.979831,7.960254,-0.006617,0.022614,-0.005568
703900990.000,YZJ,non_handheld,desk_gripped,recording,-5.253037,-1.969913,7.916275,-0.002240,0.005726,-0.001624
703901000.000,YZJ,non_handheld,desk_gripped,recording,-5.281927,-2.017626,7.919968,0.003280,-0.009379,0.002891
703901010.000,YZJ,non_handheld,desk_gripped,recording,-5.307020,-2.064261,7.936926,0.011088,-0.013649,0.009800
703901020.000,YZJ,non_handheld,desk_gripped,recording,-5.282020,-2.044919,7.979596,0.017842,-0.007448,0.015985
703901030.000,YZJ,non_handheld,desk_gripped,recording,-5.303249,-2.042805,8.001146,0.018539,0.001395,0.016685
703901040.000,YZJ,non_handheld,desk_gripped,recording,-5.306729,-2.034992,7.966765,0.013353,0.005222,0.016594
703901050.000,YZJ,non_handheld,desk_gripped,recording,-5.320621,-2.046595,7.966504,0.005645,0.005986,0.014272
703901060.000,YZJ,non_handheld,desk_gripped,recording,-5.305243,-2.036455,7.938878,-0.004703,0.005339,0.009328
703901070.000,YZJ,non_handheld,desk_gripped,recording,-5.320036,-2.027422,7.945171,-0.015472,-0.000490,0.001941
703901080.000,YZJ,non_handheld,desk_gripped,recording,-5.316968,-2.033026,7.926405,-0.021946,-0.000762,-0.007380
703901090.000,YZJ,non_handheld,desk_gripped,recording,-5.345719,-2.035133,8.045838,-0.011019,0.025283,-0.021286
703901100.000,YZJ,non_handheld,desk_gripped,recording,-5.348891,-2.135140,8.081444,0.012108,0.075981,-0.029134
703901110.000,YZJ,non_handheld,desk_gripped,recording,-5.429837,-2.118841,7.842796,0.019837,0.075977,-0.029725
703901120.000,YZJ,non_handheld,desk_gripped,recording,-5.395001,-2.111208,7.708038,0.006118,0.038046,-0.022554
703901130.000,YZJ,non_handheld,desk_gripped,recording,-5.372449,-1.984577,7.826160,-0.013842,0.003087,-0.004223
703901140.000,YZJ,non_handheld,desk_gripped,recording,-5.320885,-1.884741,7.870977,-0.036537,-0.028915,0.003978
703901150.000,YZJ,non_handheld,desk_gripped,recording,-5.152944,-1.855594,8.031169,-0.044332,-0.047353,0.000733
703901160.000,YZJ,non_handheld,desk_gripped,recording,-5.179596,-1.991092,8.096722,-0.025213,-0.030227,0.000918
703901170.000,YZJ,non_handheld,desk_gripped,recording,-5.305175,-2.093227,8.065083,0.004503,-0.000879,0.002178
703901180.000,YZJ,non_handheld,desk_gripped,recording,-5.320811,-2.091265,7.878954,0.028707,-0.000606,0.001404
703901190.000,YZJ,non_handheld,desk_gripped,recording,-5.325452,-2.059036,7.878556,0.044082,-0.008854,0.004021
703901200.000,YZJ,non_handheld,desk_gripped,recording,-5.301290,-1.983300,7.888820,0.050943,-0.028408,0.008959
703901210.000,YZJ,non_handheld,desk_gripped,recording,-5.315970,-1.994802,7.908267,0.046467,-0.043659,0.010406
703901220.000,YZJ,non_handheld,desk_gripped,recording,-5.304574,-1.979100,8.061169,0.049637,-0.022981,-0.000296
703901230.000,YZJ,non_handheld,desk_gripped,recording,-5.312224,-1.947455,8.167262,0.060772,0.022239,-0.019502
703901240.000,YZJ,non_handheld,desk_gripped,recording,-5.331675,-1.943778,8.023934,0.059215,0.039312,-0.033560
703901250.000,YZJ,non_handheld,desk_gripped,recording,-5.325867,-1.989772,7.839787,0.045567,0.013266,-0.036112
703901260.000,YZJ,non_handheld,desk_gripped,recording,-5.334498,-2.061866,7.697881,0.022850,-0.047135,-0.025614
703901270.000,YZJ,non_handheld,desk_gripped,recording,-5.314426,-2.052838,7.673409,0.002435,-0.116233,-0.013195
703901280.000,YZJ,non_handheld,desk_gripped,recording,-5.370185,-2.134986,7.828426,-0.006466,-0.136565,-0.003947
703901290.000,YZJ,non_handheld,desk_gripped,recording,-5.423545,-2.219533,8.102838,-0.001845,-0.080575,0.000824
703901300.000,YZJ,non_handheld,desk_gripped,recording,-5.435559,-2.077593,8.261684,0.004726,0.013200,-0.000611
703901310.000,YZJ,non_handheld,desk_gripped,recording,-5.484916,-1.928434,8.225843,-0.005593,0.101599,0.005117
703901320.000,YZJ,non_handheld,desk_gripped,recording,-5.618376,-1.921845,7.953866,-0.047006,0.143926,0.030231
703901330.000,YZJ,non_handheld,desk_gripped,recording,-5.270202,-1.906632,7.945019,-0.084365,0.122354,0.038763
703901340.000,YZJ,non_handheld,desk_gripped,recording,-4.871209,-2.008193,8.161850,-0.093243,0.092142,0.027204
703901350.000,YZJ,non_handheld,desk_gripped,recording,-4.916426,-2.009606,8.025643,-0.093889,0.053050,0.020389
703901360.000,YZJ,non_handheld,desk_gripped,recording,-5.200815,-2.033868,7.858211,-0.101920,0.003550,0.030331
703901370.000,YZJ,non_handheld,desk_gripped,recording,-5.392378,-2.080862,7.719262,-0.108609,-0.038191,0.034350
703901380.000,YZJ,non_handheld,desk_gripped,recording,-5.312729,-2.067076,7.950403,-0.092027,-0.034761,0.017510
703901390.000,YZJ,non_handheld,desk_gripped,recording,-5.325675,-2.087998,8.119347,-0.058505,0.016322,-0.003337
703901400.000,YZJ,non_handheld,desk_gripped,recording,-5.371102,-2.108834,8.108711,-0.031264,0.076593,-0.018946
703901410.000,YZJ,non_handheld,desk_gripped,recording,-5.436800,-2.048672,7.992719,-0.022070,0.115162,-0.022830
703901420.000,YZJ,non_handheld,desk_gripped,recording,-5.390086,-2.015236,7.985286,-0.028085,0.130965,-0.018995
703901430.000,YZJ,non_handheld,desk_gripped,recording,-5.255950,-1.985539,7.957327,-0.034645,0.119881,-0.013336
703901440.000,YZJ,non_handheld,desk_gripped,recording,-5.255567,-1.972492,7.926410,-0.043432,0.099363,-0.006310
703901450.000,YZJ,non_handheld,desk_gripped,recording,-5.355942,-2.079062,7.830407,-0.053864,0.075090,0.003549
703901460.000,YZJ,non_handheld,desk_gripped,recording,-5.377158,-2.108031,7.771600,-0.055310,0.046082,0.012460
703901470.000,YZJ,non_handheld,desk_gripped,recording,-5.391051,-2.113419,7.778496,-0.048123,0.019541,0.017722
703901480.000,YZJ,non_handheld,desk_gripped,recording,-5.373131,-2.093108,7.846947,-0.029000,0.011583,0.019479
703901490.000,YZJ,non_handheld,desk_gripped,recording,-5.368721,-2.091578,7.916138,-0.009286,0.022148,0.016770
703901500.000,YZJ,non_handheld,desk_gripped,recording,-5.370599,-2.116715,7.876393,-0.000475,0.020543,0.014257
703901510.000,YZJ,non_handheld,desk_gripped,recording,-5.390955,-2.042719,7.829044,-0.002052,0.008400,0.012014
703901520.000,YZJ,non_handheld,desk_gripped,recording,-5.398431,-2.047747,7.901390,-0.005854,0.007814,0.007673
703901530.000,YZJ,non_handheld,desk_gripped,recording,-5.384940,-2.058041,7.914272,-0.004509,0.014596,0.000812
703901540.000,YZJ,non_handheld,desk_gripped,recording,-5.376853,-2.082658,7.883174,-0.004349,0.012851,-0.006721
703901550.000,YZJ,non_handheld,desk_gripped,recording,-5.372949,-2.135886,7.857238,0.003195,0.011241,-0.012397
703901560.000,YZJ,non_handheld,desk_gripped,recording,-5.379154,-2.132248,7.855781,0.018487,0.010711,-0.015680
703901570.000,YZJ,non_handheld,desk_gripped,recording,-5.374435,-2.131759,7.895015,0.039915,0.011670,-0.013749
703901580.000,YZJ,non_handheld,desk_gripped,recording,-5.400545,-2.093297,7.796850,0.052551,-0.003009,-0.011562
703901590.000,YZJ,non_handheld,desk_gripped,recording,-5.425803,-2.068958,7.853836,0.056342,-0.012244,-0.003039
703901600.000,YZJ,non_handheld,desk_gripped,recording,-5.398916,-2.044071,7.756855,0.049159,-0.034969,0.007427
703901610.000,YZJ,non_handheld,desk_gripped,recording,-5.400933,-2.037690,7.866191,0.039226,-0.050233,0.015644
703901620.000,YZJ,non_handheld,desk_gripped,recording,-5.380159,-2.068703,7.898569,0.026261,-0.056141,0.016446
703901630.000,YZJ,non_handheld,desk_gripped,recording,-5.392724,-2.027576,7.947645,0.014016,-0.048841,0.010956
703901640.000,YZJ,non_handheld,desk_gripped,recording,-5.370776,-2.017362,8.008139,0.011029,-0.028984,0.002437
703901650.000,YZJ,non_handheld,desk_gripped,recording,-5.376900,-2.048687,7.921389,0.009590,-0.021176,-0.002618
703901660.000,YZJ,non_handheld,desk_gripped,recording,-5.376682,-2.042181,7.859223,0.007181,-0.030922,-0.006058
703901670.000,YZJ,non_handheld,desk_gripped,recording,-5.375571,-2.041529,7.832001,0.009233,-0.047210,-0.008947
703901680.000,YZJ,non_handheld,desk_gripped,recording,-5.355834,-2.060414,7.927255,0.022327,-0.040731,-0.010512
703901690.000,YZJ,non_handheld,desk_gripped,recording,-5.360958,-2.061932,7.935074,0.033854,-0.032330,-0.010851
703901700.000,YZJ,non_handheld,desk_gripped,recording,-5.346204,-2.055255,7.854486,0.033561,-0.041065,-0.008747
703901710.000,YZJ,non_handheld,desk_gripped,recording,-5.369210,-2.072191,7.916238,0.023642,-0.046870,-0.003272
703901720.000,YZJ,non_handheld,desk_gripped,recording,-5.345659,-2.058018,7.933826,0.009193,-0.050217,-0.000081
703901730.000,YZJ,non_handheld,desk_gripped,recording,-5.358060,-2.036101,7.982708,-0.003973,-0.041360,-0.002218
703901740.000,YZJ,non_handheld,desk_gripped,recording,-5.320962,-2.025553,8.118136,-0.011157,-0.007284,-0.007813
703901750.000,YZJ,non_handheld,desk_gripped,recording,-5.330256,-2.024158,8.097982,-0.016331,0.029436,-0.015503
703901760.000,YZJ,non_handheld,desk_gripped,recording,-5.326395,-2.034174,8.028324,-0.019924,0.058562,-0.021800
703901770.000,YZJ,non_handheld,desk_gripped,recording,-5.338810,-2.097152,7.933186,-0.019525,0.064729,-0.022963
703901780.000,YZJ,non_handheld,desk_gripped,recording,-5.358958,-2.136104,7.839161,-0.013132,0.051383,-0.017546
703901790.000,YZJ,non_handheld,desk_gripped,recording,-5.369056,-2.124105,7.771348,-0.003869,0.021125,-0.004311
703901800.000,YZJ,non_handheld,desk_gripped,recording,-5.354925,-2.111251,7.685743,0.006117,-0.025734,0.008885
703901810.000,YZJ,non_handheld,desk_gripped,recording,-5.359415,-2.112478,7.757279,0.012941,-0.060772,0.021313
703901820.000,YZJ,non_handheld,desk_gripped,recording,-5.337713,-2.082131,7.875638,0.020038,-0.070883,0.024841
703901830.000,YZJ,non_handheld,desk_gripped,recording,-5.368107,-2.041932,7.971014,0.025685,-0.063028,0.020376
703901840.000,YZJ,non_handheld,desk_gripped,recording,-5.351498,-2.014199,8.016736,0.022470,-0.044930,0.017118
703901850.000,YZJ,non_handheld,desk_gripped,recording,-5.356259,-2.032451,7.990912,0.008643,-0.032479,0.013660
703901860.000,YZJ,non_handheld,desk_gripped,recording,-5.345988,-1.940785,8.010106,-0.002037,-0.015563,0.002127
703901870.000,YZJ,non_handheld,desk_gripped,recording,-5.314953,-2.051414,8.089542,0.000043,0.016991,-0.002383
703901880.000,YZJ,non_handheld,desk_gripped,recording,-5.324690,-2.035777,8.047454,0.004410,0.046226,-0.003248
703901890.000,YZJ,non_handheld,desk_gripped,recording,-5.346768,-2.063699,7.945470,0.005735,0.050709,-0.002336
703901900.000,YZJ,non_handheld,desk_gripped,recording,-5.335089,-2.096542,7.932534,0.009497,0.052105,0.008331
703901910.000,YZJ,non_handheld,desk_gripped,recording,-5.350041,-2.107779,7.838193,0.007033,0.033848,0.021701
703901920.000,YZJ,non_handheld,desk_gripped,recording,-5.327322,-2.123430,7.750491,-0.000454,-0.007699,0.029872
703901930.000,YZJ,non_handheld,desk_gripped,recording,-5.270149,-2.146569,7.745741,-0.007757,-0.056273,0.031151
703901940.000,YZJ,non_handheld,desk_gripped,recording,-5.203511,-2.138593,7.906428,-0.004124,-0.073760,0.015956
703901950.000,YZJ,non_handheld,desk_gripped,recording,-5.212679,-2.102153,8.069597,0.003211,-0.059128,-0.003944
703901960.000,YZJ,non_handheld,desk_gripped,recording,-5.609750,-2.061876,7.929223,-0.006038,-0.027163,-0.001244
703901970.000,YZJ,non_handheld,desk_gripped,recording,-5.534142,-1.936440,7.852191,-0.025821,-0.016343,-0.002278
703901980.000,YZJ,non_handheld,desk_gripped,recording,-5.337979,-1.932046,8.072268,-0.030891,0.008474,-0.009177
703901990.000,YZJ,non_handheld,desk_gripped,recording,-5.292072,-1.997763,8.070430,-0.028048,0.033309,-0.013065
703902000.000,YZJ,non_handheld,desk_gripped,recording,-5.328161,-2.031056,7.983818,-0.026524,0.046684,-0.016649
703902010.000,YZJ,non_handheld,desk_gripped,recording,-5.352532,-2.023268,7.956117,-0.023287,0.057987,-0.015224
703902020.000,YZJ,non_handheld,desk_gripped,recording,-5.332466,-2.026826,7.930871,-0.020390,0.056368,-0.008083
703902030.000,YZJ,non_handheld,desk_gripped,recording,-5.326095,-2.091683,7.915794,-0.015366,0.053515,0.001672
703902040.000,YZJ,non_handheld,desk_gripped,recording,-5.327196,-2.115669,7.834801,-0.012132,0.038040,0.009525
703902050.000,YZJ,non_handheld,desk_gripped,recording,-5.352109,-2.087955,7.824631,-0.009964,0.016414,0.017213
703902060.000,YZJ,non_handheld,desk_gripped,recording,-5.360743,-2.050158,7.819954,-0.010668,-0.007227,0.022154
703902070.000,YZJ,non_handheld,desk_gripped,recording,-5.377881,-2.031380,7.798450,-0.011848,-0.032933,0.022033
703902080.000,YZJ,non_handheld,desk_gripped,recording,-5.377816,-2.005803,7.860477,-0.010541,-0.046320,0.018407
703902090.000,YZJ,non_handheld,desk_gripped,recording,-5.365120,-2.012426,7.955812,-0.004690,-0.037241,0.009084
703902100.000,YZJ,non_handheld,desk_gripped,recording,-5.348797,-2.023922,7.986681,0.008835,-0.019188,-0.000093
703902110.000,YZJ,non_handheld,desk_gripped,recording,-5.364629,-2.025023,7.927995,0.015822,-0.011488,-0.007653
703902120.000,YZJ,non_handheld,desk_gripped,recording,-5.354140,-1.979863,7.942610,0.017868,-0.010819,-0.012689
703902130.000,YZJ,non_handheld,desk_gripped,recording,-5.348321,-1.997888,7.912584,0.012888,-0.021127,-0.010496
703902140.000,YZJ,non_handheld,desk_gripped,recording,-5.351607,-2.081249,7.829375,0.005365,-0.041849,-0.003087
703902150.000,YZJ,non_handheld,desk_gripped,recording,-5.324364,-2.138557,7.827863,-0.000424,-0.065386,0.007845
703902160.000,YZJ,non_handheld,desk_gripped,recording,-5.328604,-2.152483,7.830840,-0.002900,-0.088327,0.017314
703902170.000,YZJ,non_handheld,desk_gripped,recording,-5.343943,-2.171419,7.791107,-0.006358,-0.113029,0.032322
703902180.000,YZJ,non_handheld,desk_gripped,recording,-5.321445,-2.114504,7.793944,-0.007277,-0.142184,0.040841
703902190.000,YZJ,non_handheld,desk_gripped,recording,-5.305697,-2.043805,7.954866,0.004370,-0.144454,0.035634
703902200.000,YZJ,non_handheld,desk_gripped,recording,-5.250969,-2.047038,8.134651,0.030027,-0.100108,0.018079
703902210.000,YZJ,non_handheld,desk_gripped,recording,-5.312472,-1.948937,8.214447,0.054032,-0.037601,-0.002223
703902220.000,YZJ,non_handheld,desk_gripped,recording,-5.310531,-1.898706,8.158056,0.062297,0.010842,-0.023800
703902230.000,YZJ,non_handheld,desk_gripped,recording,-5.300619,-1.951317,8.083857,0.059436,0.038653,-0.037578
703902240.000,YZJ,non_handheld,desk_gripped,recording,-5.300860,-2.047609,7.964101,0.049661,0.040387,-0.038363
703902250.000,YZJ,non_handheld,desk_gripped,recording,-5.290267,-2.072344,7.903152,0.037875,0.022548,-0.028633
703902260.000,YZJ,non_handheld,desk_gripped,recording,-5.297752,-2.102672,7.792616,0.020059,-0.016733,-0.011620
703902270.000,YZJ,non_handheld,desk_gripped,recording,-5.309228,-2.108107,7.801298,0.003360,-0.055644,0.004532
703902280.000,YZJ,non_handheld,desk_gripped,recording,-5.271307,-2.087122,7.941981,-0.004814,-0.064960,0.019515
703902290.000,YZJ,non_handheld,desk_gripped,recording,-5.257110,-2.077906,8.110602,0.001572,-0.034931,0.030119
703902300.000,YZJ,non_handheld,desk_gripped,recording,-5.263024,-2.025242,8.114829,0.011139,-0.002333,0.031865
703902310.000,YZJ,non_handheld,desk_gripped,recording,-5.274788,-2.038309,8.051042,0.018322,0.018874,0.030547
703902320.000,YZJ,non_handheld,desk_gripped,recording,-5.286616,-2.018237,7.994505,0.020662,0.024685,0.028554
703902330.000,YZJ,non_handheld,desk_gripped,recording,-5.300806,-2.001143,7.940185,0.018928,0.024699,0.024484
703902340.000,YZJ,non_handheld,desk_gripped,recording,-5.304223,-1.986187,7.945021,0.014234,0.014547,0.018193
703902350.000,YZJ,non_handheld,desk_gripped,recording,-5.315597,-1.969381,7.924294,0.005457,0.002633,0.009637
703902360.000,YZJ,non_handheld,desk_gripped,recording,-5.312333,-1.974124,7.927559,-0.002751,-0.007473,0.000863
703902370.000,YZJ,non_handheld,desk_gripped,recording,-5.321485,-1.976824,7.920150,-0.007517,-0.021652,-0.007490
703902380.000,YZJ,non_handheld,desk_gripped,recording,-5.293779,-2.002677,7.907059,-0.008557,-0.033912,-0.014054
703902390.000,YZJ,non_handheld,desk_gripped,recording,-5.289836,-2.012404,7.986550,-0.004958,-0.030614,-0.015595
703902400.000,YZJ,non_handheld,desk_gripped,recording,-5.264171,-2.061482,8.035801,0.003567,-0.015130,-0.010625
703902410.000,YZJ,non_handheld,desk_gripped,recording,-5.278597,-2.051864,8.037335,0.005338,0.000757,-0.004916
703902420.000,YZJ,non_handheld,desk_gripped,recording,-5.269683,-2.063970,8.022282,0.001347,0.013982,0.001689
703902430.000,YZJ,non_handheld,desk_gripped,recording,-5.287441,-2.034648,8.029223,0.001176,0.024910,0.005335
703902440.000,YZJ,non_handheld,desk_gripped,recording,-5.283370,-2.019615,7.989222,-0.005651,0.030186,0.006096
703902450.000,YZJ,non_handheld,desk_gripped,recording,-5.295748,-2.004572,7.990993,-0.013205,0.031393,0.005215
703902460.000,YZJ,non_handheld,desk_gripped,recording,-5.297905,-2.021477,7.967112,-0.018718,0.029737,0.003377
703902470.000,YZJ,non_handheld,desk_gripped,recording,-5.311097,-1.981080,7.908950,-0.025751,0.017919,-0.001359
703902480.000,YZJ,non_handheld,desk_gripped,recording,-5.304338,-1.984102,7.904672,-0.029941,0.002157,-0.007731
703902490.000,YZJ,non_handheld,desk_gripped,recording,-5.301962,-1.981161,7.919176,-0.028096,-0.007615,-0.013751
703902500.000,YZJ,non_handheld,desk_gripped,recording,-5.313717,-2.023820,7.915921,-0.021005,-0.016089,-0.017717
703902510.000,YZJ,non_handheld,desk_gripped,recording,-5.314716,-2.047475,7.973053,-0.014203,-0.012120,-0.019393
703902520.000,YZJ,non_handheld,desk_gripped,recording,-5.280601,-2.041928,8.035366,-0.009337,-0.001417,-0.014995
703902530.000,YZJ,non_handheld,desk_gripped,recording,-5.282863,-2.037351,7.989958,-0.011042,0.008044,-0.005502
703902540.000,YZJ,non_handheld,desk_gripped,recording,-5.289730,-2.010954,7.982077,-0.019687,0.007999,0.003772
703902550.000,YZJ,non_handheld,desk_gripped,recording,-5.277190,-2.030942,7.952776,-0.026382,0.001571,0.014454
703902560.000,YZJ,non_handheld,desk_gripped,recording,-5.275664,-2.078003,7.913921,-0.029415,-0.012331,0.020767
703902570.000,YZJ,non_handheld,desk_gripped,recording,-5.290269,-2.080034,7.869133,-0.027060,-0.029911,0.020670
703902580.000,YZJ,non_handheld,desk_gripped,recording,-5.296930,-2.092671,7.869307,-0.017388,-0.043486,0.016509
703902590.000,YZJ,non_handheld,desk_gripped,recording,-5.318192,-2.070360,7.875183,-0.001337,-0.057841,0.010382
703902600.000,YZJ,non_handheld,desk_gripped,recording,-5.304588,-2.035428,7.924594,0.012785,-0.062044,0.002197
703902610.000,YZJ,non_handheld,desk_gripped,recording,-5.297831,-1.985521,8.024527,0.024787,-0.053859,-0.006782
703902620.000,YZJ,non_handheld,desk_gripped,recording,-5.284604,-1.974465,7.999967,0.029024,-0.046120,-0.015820
703902630.000,YZJ,non_handheld,desk_gripped,recording,-5.294087,-1.943776,8.035612,0.030324,-0.034580,-0.020608
703902640.000,YZJ,non_handheld,desk_gripped,recording,-5.281422,-1.972303,8.061245,0.034794,-0.012959,-0.021020
703902650.000,YZJ,non_handheld,desk_gripped,recording,-5.282445,-2.001145,8.038252,0.035301,-0.002207,-0.017643
703902660.000,YZJ,non_handheld,desk_gripped,recording,-5.276785,-2.051382,7.974315,0.037064,-0.002277,-0.013173
703902670.000,YZJ,non_handheld,desk_gripped,recording,-5.253886,-2.090267,7.900304,0.041904,-0.020185,-0.006627
703902680.000,YZJ,non_handheld,desk_gripped,recording,-5.256568,-2.107078,7.846237,0.047328,-0.051374,0.003129
703902690.000,YZJ,non_handheld,desk_gripped,recording,-5.240045,-2.124408,7.829939,0.048441,-0.087692,0.010332
703902700.000,YZJ,non_handheld,desk_gripped,recording,-5.258578,-2.109700,7.832781,0.052804,-0.115443,0.014584
703902710.000,YZJ,non_handheld,desk_gripped,recording,-5.251728,-2.057480,7.905846,0.054452,-0.132872,0.015028
703902720.000,YZJ,non_handheld,desk_gripped,recording,-5.252201,-2.013397,8.021936,0.051994,-0.130274,0.010819
703902730.000,YZJ,non_handheld,desk_gripped,recording,-5.221631,-1.947312,8.158147,0.048360,-0.103127,0.004892
703902740.000,YZJ,non_handheld,desk_gripped,recording,-5.205260,-1.934251,8.193477,0.042223,-0.068031,-0.002000
703902750.000,YZJ,non_handheld,desk_gripped,recording,-5.210782,-1.953636,8.203040,0.036302,-0.031813,-0.005120
703902760.000,YZJ,non_handheld,desk_gripped,recording,-5.198373,-2.010926,8.143507,0.028516,-0.007134,-0.005127
703902770.000,YZJ,non_handheld,desk_gripped,recording,-5.191116,-2.071687,8.078423,0.024555,0.005253,-0.001885
703902780.000,YZJ,non_handheld,desk_gripped,recording,-5.184875,-2.090303,8.040134,0.023528,0.009072,0.006203
703902790.000,YZJ,non_handheld,desk_gripped,recording,-5.217835,-2.019201,7.952675,0.017590,-0.005119,0.014342
703902800.000,YZJ,non_handheld,desk_gripped,recording,-5.218930,-2.024978,7.955963,0.014404,-0.024800,0.021356
703902810.000,YZJ,non_handheld,desk_gripped,recording,-5.207244,-1.985866,7.952692,0.020450,-0.039901,0.022233
703902820.000,YZJ,non_handheld,desk_gripped,recording,-5.199692,-1.968488,8.023339,0.029632,-0.041536,0.018698
703902830.000,YZJ,non_handheld,desk_gripped,recording,-5.205154,-1.948699,8.061604,0.040017,-0.032983,0.011903
703902840.000,YZJ,non_handheld,desk_gripped,recording,-5.199609,-1.892962,8.072811,0.045099,-0.029448,0.005496
703902850.000,YZJ,non_handheld,desk_gripped,recording,-5.215836,-1.878809,8.070223,0.038830,-0.029163,0.000544
703902860.000,YZJ,non_handheld,desk_gripped,recording,-5.211891,-1.924755,8.138340,0.029132,-0.011972,-0.003287
703902870.000,YZJ,non_handheld,desk_gripped,recording,-5.187045,-1.971238,8.199253,0.021616,0.018202,-0.009639
703902880.000,YZJ,non_handheld,desk_gripped,recording,-5.189542,-2.041488,8.149657,0.012682,0.039751,-0.013829
703902890.000,YZJ,non_handheld,desk_gripped,recording,-5.200301,-2.027419,8.034840,0.001535,0.038131,-0.011582
703902900.000,YZJ,non_handheld,desk_gripped,recording,-5.199701,-2.007832,7.953355,-0.016758,0.012047,-0.000669
703902910.000,YZJ,non_handheld,desk_gripped,recording,-5.210650,-2.021320,7.930407,-0.035739,-0.015248,0.008321
703902920.000,YZJ,non_handheld,desk_gripped,recording,-5.195522,-2.091301,7.990285,-0.043843,-0.027531,0.008154
703902930.000,YZJ,non_handheld,desk_gripped,recording,-5.192219,-2.023290,8.049330,-0.043490,-0.023714,0.000268
703902940.000,YZJ,non_handheld,desk_gripped,recording,-5.219319,-2.006546,8.103097,-0.038878,-0.002699,-0.010261
703902950.000,YZJ,non_handheld,desk_gripped,recording,-5.258122,-1.995575,8.172264,-0.032500,0.036882,-0.020743
703902960.000,YZJ,non_handheld,desk_gripped,recording,-5.264635,-2.011961,8.158269,-0.028446,0.079314,-0.022825
703902970.000,YZJ,non_handheld,desk_gripped,recording,-5.186788,-2.019538,8.097244,-0.022522,0.098896,-0.024229
703902980.000,YZJ,non_handheld,desk_gripped,recording,-5.145007,-1.986761,8.057899,-0.019686,0.097021,-0.021904
703902990.000,YZJ,non_handheld,desk_gripped,recording,-5.200709,-1.998656,7.964124,-0.017344,0.079079,-0.016891
703903000.000,YZJ,non_handheld,desk_gripped,recording,-5.192680,-2.008595,7.922840,-0.013517,0.054553,-0.008579
703903010.000,YZJ,non_handheld,desk_gripped,recording,-5.190407,-2.023910,7.919594,-0.007404,0.028488,-0.001885
703903020.000,YZJ,non_handheld,desk_gripped,recording,-5.219912,-1.965146,7.928621,-0.002967,0.001534,0.003219
703903030.000,YZJ,non_handheld,desk_gripped,recording,-5.260025,-1.894152,7.901303,-0.005705,-0.030899,0.009457
703903040.000,YZJ,non_handheld,desk_gripped,recording,-5.291117,-1.885107,7.937689,-0.009311,-0.046921,0.009740
703903050.000,YZJ,non_handheld,desk_gripped,recording,-5.239501,-1.951340,8.116746,-0.002861,-0.027939,0.005982
703903060.000,YZJ,non_handheld,desk_gripped,recording,-5.208923,-1.987615,8.154376,0.007914,0.007545,-0.000735
703903070.000,YZJ,non_handheld,desk_gripped,recording,-5.229160,-1.999364,8.078818,0.011190,0.024329,-0.003542
703903080.000,YZJ,non_handheld,desk_gripped,recording,-5.235114,-2.047038,7.978363,0.011958,0.023685,-0.001757
703903090.000,YZJ,non_handheld,desk_gripped,recording,-5.229124,-2.059679,7.983664,0.011065,0.016608,0.006826
703903100.000,YZJ,non_handheld,desk_gripped,recording,-5.227128,-2.056424,7.936084,0.012192,-0.001944,0.015969
703903110.000,YZJ,non_handheld,desk_gripped,recording,-5.221087,-2.025560,7.935292,0.011926,-0.020940,0.023839
703903120.000,YZJ,non_handheld,desk_gripped,recording,-5.229339,-1.968216,7.990315,0.016158,-0.029444,0.025387
703903130.000,YZJ,non_handheld,desk_gripped,recording,-5.244687,-1.964603,8.012156,0.016626,-0.032668,0.023069
703903140.000,YZJ,non_handheld,desk_gripped,recording,-5.229108,-1.929778,8.040554,0.014729,-0.030710,0.020905
703903150.000,YZJ,non_handheld,desk_gripped,recording,-5.238071,-1.937707,8.027844,0.008177,-0.031028,0.016802
703903160.000,YZJ,non_handheld,desk_gripped,recording,-5.245891,-1.966071,8.021831,0.000414,-0.036259,0.012365
703903170.000,YZJ,non_handheld,desk_gripped,recording,-5.228837,-1.958434,8.043579,-0.002244,-0.031122,0.006007
703903180.000,YZJ,non_handheld,desk_gripped,recording,-5.208172,-1.972350,8.110736,-0.000009,-0.015427,0.002455
703903190.000,YZJ,non_handheld,desk_gripped,recording,-5.214083,-1.984735,7.990316,-0.003477,-0.018116,0.001813
703903200.000,YZJ,non_handheld,desk_gripped,recording,-5.209579,-2.004156,7.981683,-0.006082,-0.027523,0.002726
703903210.000,YZJ,non_handheld,desk_gripped,recording,-5.223427,-1.987153,8.035956,-0.004998,-0.027948,0.006049
703903220.000,YZJ,non_handheld,desk_gripped,recording,-5.201115,-1.973146,8.025889,-0.005755,-0.028946,0.009080
703903230.000,YZJ,non_handheld,desk_gripped,recording,-5.199503,-1.974299,8.017861,-0.007952,-0.033418,0.008010
703903240.000,YZJ,non_handheld,desk_gripped,recording,-5.217733,-1.961747,8.036099,-0.006239,-0.032016,0.002696
703903250.000,YZJ,non_handheld,desk_gripped,recording,-5.199828,-1.966764,8.079604,-0.005478,-0.022862,-0.001849
703903260.000,YZJ,non_handheld,desk_gripped,recording,-5.199682,-1.979114,8.028694,-0.009381,-0.025761,-0.005164
703903270.000,YZJ,non_handheld,desk_gripped,recording,-5.205837,-1.956717,8.090102,-0.011219,-0.014912,-0.011760
703903280.000,YZJ,non_handheld,desk_gripped,recording,-5.190417,-1.980395,8.198368,-0.008945,0.016897,-0.015969
703903290.000,YZJ,non_handheld,desk_gripped,recording,-5.188030,-1.995512,8.092773,-0.010276,0.029466,-0.015441
703903300.000,YZJ,non_handheld,desk_gripped,recording,-5.211385,-1.987041,7.947430,-0.019295,0.011460,-0.013601
703903310.000,YZJ,non_handheld,desk_gripped,recording,-5.205716,-2.007971,7.974161,-0.025407,-0.002100,-0.009086
703903320.000,YZJ,non_handheld,desk_gripped,recording,-5.187913,-2.020628,8.094991,-0.014656,0.006077,-0.004237
703903330.000,YZJ,non_handheld,desk_gripped,recording,-5.200163,-2.028751,8.109252,-0.000051,0.025142,-0.002090
703903340.000,YZJ,non_handheld,desk_gripped,recording,-5.207618,-1.995793,8.009976,0.004337,0.023698,0.000204
703903350.000,YZJ,non_handheld,desk_gripped,recording,-5.208736,-2.001828,7.993735,0.002266,0.015601,-0.000567
703903360.000,YZJ,non_handheld,desk_gripped,recording,-5.207024,-1.987029,8.012503,-0.000497,0.012272,-0.000505
703903370.000,YZJ,non_handheld,desk_gripped,recording,-5.220715,-2.002207,8.051964,-0.000740,0.016331,-0.000446
703903380.000,YZJ,non_handheld,desk_gripped,recording,-5.202806,-2.024230,8.017209,-0.002786,0.011303,0.003804
703903390.000,YZJ,non_handheld,desk_gripped,recording,-5.229917,-2.002807,7.925277,-0.011285,-0.013316,0.009506
703903400.000,YZJ,non_handheld,desk_gripped,recording,-5.214102,-2.012196,7.932583,-0.022897,-0.037740,0.015018
703903410.000,YZJ,non_handheld,desk_gripped,recording,-5.200969,-2.021835,8.050948,-0.020786,-0.037209,0.018363
703903420.000,YZJ,non_handheld,desk_gripped,recording,-5.205848,-1.980294,8.113981,-0.008489,-0.016281,0.017071
703903430.000,YZJ,non_handheld,desk_gripped,recording,-5.198000,-2.011940,8.146824,0.005334,0.013045,0.016773
703903440.000,YZJ,non_handheld,desk_gripped,recording,-5.207069,-2.011620,8.022838,0.014933,0.017947,0.018728
703903450.000,YZJ,non_handheld,desk_gripped,recording,-5.212632,-2.036637,7.943374,0.021352,0.003415,0.026594
703903460.000,YZJ,non_handheld,desk_gripped,recording,-5.187429,-1.963026,7.944914,0.027985,-0.019120,0.038195
703903470.000,YZJ,non_handheld,desk_gripped,recording,-5.169542,-1.954447,7.928698,0.028243,-0.052550,0.046625
703903480.000,YZJ,non_handheld,desk_gripped,recording,-5.171542,-1.955203,7.990352,0.023338,-0.072825,0.049814
703903490.000,YZJ,non_handheld,desk_gripped,recording,-5.189465,-1.969725,8.105328,0.025926,-0.062146,0.047858
703903500.000,YZJ,non_handheld,desk_gripped,recording,-5.250702,-2.040596,8.106220,0.032175,-0.035070,0.042050
703903510.000,YZJ,non_handheld,desk_gripped,recording,-5.251065,-2.052922,8.108410,0.033359,-0.004989,0.036034
703903520.000,YZJ,non_handheld,desk_gripped,recording,-5.181736,-1.919939,8.100597,0.026112,0.001772,0.032414
703903530.000,YZJ,non_handheld,desk_gripped,recording,-5.212800,-2.009220,8.019811,0.009929,-0.004129,0.035293
703903540.000,YZJ,non_handheld,desk_gripped,recording,-5.182026,-1.998944,8.017385,0.000950,-0.011736,0.036813
703903550.000,YZJ,non_handheld,desk_gripped,recording,-5.182942,-1.962751,8.033786,-0.001869,-0.017827,0.031707
703903560.000,YZJ,non_handheld,desk_gripped,recording,-5.178165,-1.941107,8.059611,-0.000269,-0.016329,0.020690
703903570.000,YZJ,non_handheld,desk_gripped,recording,-5.211886,-1.983183,8.079310,-0.001740,-0.010198,0.023763
703903580.000,YZJ,non_handheld,desk_gripped,recording,-5.166192,-1.852174,8.045664,-0.002840,-0.016413,0.005576
703903590.000,YZJ,non_handheld,desk_gripped,recording,-5.239615,-1.881542,8.066171,0.000008,-0.016431,-0.000011
703903600.000,YZJ,non_handheld,desk_gripped,recording,-5.189384,-1.967484,8.028865,0.000787,-0.016686,-0.002037
703903610.000,YZJ,non_handheld,desk_gripped,recording,-5.208181,-1.985415,8.054699,0.008523,-0.015276,-0.003456
703903620.000,YZJ,non_handheld,desk_gripped,recording,-5.200296,-2.007761,8.011090,0.015946,-0.015649,0.000568
703903630.000,YZJ,non_handheld,desk_gripped,recording,-5.170197,-1.966216,8.019320,0.014994,-0.025408,0.008290
703903640.000,YZJ,non_handheld,desk_gripped,recording,-5.179207,-1.925002,7.983271,0.003843,-0.050730,0.014318
703903650.000,YZJ,non_handheld,desk_gripped,recording,-5.195985,-1.896151,8.081764,-0.003213,-0.052390,0.012562
703903660.000,YZJ,non_handheld,desk_gripped,recording,-5.184963,-1.915885,8.258018,0.006061,-0.008731,-0.000289
703903670.000,YZJ,non_handheld,desk_gripped,recording,-5.130305,-1.956330,8.268592,0.017289,0.034532,-0.010901
703903680.000,YZJ,non_handheld,desk_gripped,recording,-5.176751,-1.960743,8.068878,0.007631,0.035973,-0.016299
703903690.000,YZJ,non_handheld,desk_gripped,recording,-5.189415,-1.920505,7.929545,-0.012249,0.007586,-0.015123
703903700.000,YZJ,non_handheld,desk_gripped,recording,-5.232669,-1.920551,7.981930,-0.026088,-0.012070,-0.012032
703903710.000,YZJ,non_handheld,desk_gripped,recording,-5.183457,-1.941155,8.122903,-0.018289,0.001848,-0.013508
703903720.000,YZJ,non_handheld,desk_gripped,recording,-5.175389,-1.928471,8.141050,-0.006642,0.025587,-0.019088
703903730.000,YZJ,non_handheld,desk_gripped,recording,-5.202628,-1.899395,8.119827,-0.000658,0.039955,-0.020002
703903740.000,YZJ,non_handheld,desk_gripped,recording,-5.219789,-1.904607,8.089727,-0.003111,0.045756,-0.018109
703903750.000,YZJ,non_handheld,desk_gripped,recording,-5.185112,-1.973606,7.990433,-0.005886,0.036736,-0.015679
703903760.000,YZJ,non_handheld,desk_gripped,recording,-5.202899,-1.959334,7.995817,-0.007646,0.023883,-0.013907
703903770.000,YZJ,non_handheld,desk_gripped,recording,-5.192340,-1.953788,7.983547,-0.015122,0.006930,-0.013558
703903780.000,YZJ,non_handheld,desk_gripped,recording,-5.211647,-1.964378,7.997428,-0.027462,-0.005681,-0.012043
703903790.000,YZJ,non_handheld,desk_gripped,recording,-5.202404,-1.956711,8.027384,-0.030908,-0.014480,-0.011719
703903800.000,YZJ,non_handheld,desk_gripped,recording,-5.215472,-1.976710,8.058504,-0.023511,-0.008883,-0.012611
703903810.000,YZJ,non_handheld,desk_gripped,recording,-5.178925,-1.982628,8.096351,-0.009561,0.002831,-0.012671
703903820.000,YZJ,non_handheld,desk_gripped,recording,-5.198023,-1.989596,8.071608,-0.000048,0.012209,-0.011541
703903830.000,YZJ,non_handheld,desk_gripped,recording,-5.175873,-1.984352,8.078235,0.013039,0.022306,-0.008901
703903840.000,YZJ,non_handheld,desk_gripped,recording,-5.203551,-1.984312,8.026424,0.022455,0.020794,-0.004519
703903850.000,YZJ,non_handheld,desk_gripped,recording,-5.195173,-2.019888,7.985751,0.026228,0.009430,0.003419
703903860.000,YZJ,non_handheld,desk_gripped,recording,-5.188264,-2.019045,8.011809,0.025450,0.001269,0.015055
703903870.000,YZJ,non_handheld,desk_gripped,recording,-5.151730,-1.978542,8.034933,0.020871,-0.004265,0.029992
703903880.000,YZJ,non_handheld,desk_gripped,recording,-5.158480,-1.924497,8.044357,0.018425,-0.016015,0.042944
703903890.000,YZJ,non_handheld,desk_gripped,recording,-5.141829,-1.954668,8.090296,0.018703,-0.013466,0.046830
703903900.000,YZJ,non_handheld,desk_gripped,recording,-5.116242,-1.960170,8.147970,0.023328,-0.004089,0.042815
703903910.000,YZJ,non_handheld,desk_gripped,recording,-5.124354,-1.963196,8.111940,0.029438,0.002673,0.032656
703903920.000,YZJ,non_handheld,desk_gripped,recording,-5.189325,-1.978351,8.076822,0.028492,0.006373,0.021522
703903930.000,YZJ,non_handheld,desk_gripped,recording,-5.323601,-1.957793,7.983630,0.018942,0.008443,0.018955
703903940.000,YZJ,non_handheld,desk_gripped,recording,-5.274405,-1.918645,7.965321,0.007172,-0.000014,0.015888
703903950.000,YZJ,non_handheld,desk_gripped,recording,-5.312608,-1.904291,7.974426,0.005063,-0.001996,0.012420
703903960.000,YZJ,non_handheld,desk_gripped,recording,-5.198038,-1.912926,8.070692,0.008824,0.001069,0.007946
703903970.000,YZJ,non_handheld,desk_gripped,recording,-5.195409,-1.954476,8.014563,0.010090,-0.003042,0.005548
703903980.000,YZJ,non_handheld,desk_gripped,recording,-5.201785,-1.946825,8.034314,0.011598,-0.005919,0.002857
703903990.000,YZJ,non_handheld,desk_gripped,recording,-5.203885,-1.922908,8.120314,0.011769,0.009616,-0.003131
703904000.000,YZJ,non_handheld,desk_gripped,recording,-5.193590,-1.920459,8.168036,0.015615,0.039466,-0.007508
703904010.000,YZJ,non_handheld,desk_gripped,recording,-5.221352,-1.905689,8.099405,0.013071,0.050472,-0.008694
703904020.000,YZJ,non_handheld,desk_gripped,recording,-5.202868,-1.916828,7.992191,0.003357,0.035265,-0.003588
703904030.000,YZJ,non_handheld,desk_gripped,recording,-5.212039,-1.944365,7.932729,-0.005634,0.008460,0.007091
703904040.000,YZJ,non_handheld,desk_gripped,recording,-5.222535,-1.968902,7.906531,-0.013295,-0.023934,0.017040
703904050.000,YZJ,non_handheld,desk_gripped,recording,-5.200741,-1.941506,7.995117,-0.011801,-0.037016,0.021646
703904060.000,YZJ,non_handheld,desk_gripped,recording,-5.219911,-1.935129,8.085041,-0.007385,-0.032098,0.020125
703904070.000,YZJ,non_handheld,desk_gripped,recording,-5.215574,-1.888534,8.142901,-0.001804,-0.011539,0.011571
703904080.000,YZJ,non_handheld,desk_gripped,recording,-5.190471,-1.872338,8.264182,0.008787,0.033700,-0.003074
703904090.000,YZJ,non_handheld,desk_gripped,recording,-5.203652,-1.896313,8.230721,0.015173,0.078130,-0.014242
703904100.000,YZJ,non_handheld,desk_gripped,recording,-5.208580,-1.899339,8.060982,0.011706,0.086778,-0.020600
703904110.000,YZJ,non_handheld,desk_gripped,recording,-5.251449,-1.929989,7.967083,0.001495,0.065558,-0.022003
703904120.000,YZJ,non_handheld,desk_gripped,recording,-5.237842,-1.918732,7.869162,-0.009513,0.030491,-0.022026
703904130.000,YZJ,non_handheld,desk_gripped,recording,-5.247838,-1.939119,7.896656,-0.014985,-0.002138,-0.019722
703904140.000,YZJ,non_handheld,desk_gripped,recording,-5.224961,-1.944567,7.962593,-0.008324,-0.022100,-0.019264
703904150.000,YZJ,non_handheld,desk_gripped,recording,-5.228226,-1.942555,8.030303,-0.001925,-0.023357,-0.019723
703904160.000,YZJ,non_handheld,desk_gripped,recording,-5.212235,-1.907144,8.077258,0.003944,-0.010471,-0.019115
703904170.000,YZJ,non_handheld,desk_gripped,recording,-5.251569,-1.826454,8.143106,0.005481,0.009458,-0.008578
703904180.000,YZJ,non_handheld,desk_gripped,recording,-5.240172,-1.856447,8.086199,-0.002143,0.018960,0.006610
703904190.000,YZJ,non_handheld,desk_gripped,recording,-5.209161,-1.938602,8.070135,-0.008183,0.018742,0.015689
703904200.000,YZJ,non_handheld,desk_gripped,recording,-5.150180,-1.990855,8.052486,-0.007912,0.019781,0.009377
703904210.000,YZJ,non_handheld,desk_gripped,recording,-5.194397,-2.027479,8.071199,-0.006522,0.031048,-0.001275
703904220.000,YZJ,non_handheld,desk_gripped,recording,-5.266535,-2.027300,8.051851,-0.007226,0.046972,-0.010476
703904230.000,YZJ,non_handheld,desk_gripped,recording,-5.261663,-1.950277,8.079471,-0.008084,0.059268,-0.016255
703904240.000,YZJ,non_handheld,desk_gripped,recording,-5.221757,-1.928537,8.067849,-0.013091,0.067830,-0.018688
703904250.000,YZJ,non_handheld,desk_gripped,recording,-5.263602,-1.946577,7.992178,-0.020882,0.058166,-0.017440
703904260.000,YZJ,non_handheld,desk_gripped,recording,-5.262438,-1.944444,7.910496,-0.026171,0.035582,-0.018270
703904270.000,YZJ,non_handheld,desk_gripped,recording,-5.261138,-1.969465,7.992947,-0.021383,0.029027,-0.015092
703904280.000,YZJ,non_handheld,desk_gripped,recording,-5.234558,-1.992054,7.979066,-0.018420,0.017858,-0.008600
703904290.000,YZJ,non_handheld,desk_gripped,recording,-5.265352,-1.981855,7.873360,-0.018230,-0.006630,-0.002365
703904300.000,YZJ,non_handheld,desk_gripped,recording,-5.258158,-1.962539,7.928120,-0.015940,-0.025036,0.000176
703904310.000,YZJ,non_handheld,desk_gripped,recording,-5.239372,-1.964811,8.017400,-0.007560,-0.026154,-0.000517
703904320.000,YZJ,non_handheld,desk_gripped,recording,-5.249385,-1.926116,8.120406,-0.001166,-0.003136,-0.003768
703904330.000,YZJ,non_handheld,desk_gripped,recording,-5.232066,-1.939879,8.203879,0.004991,0.034152,-0.011592
703904340.000,YZJ,non_handheld,desk_gripped,recording,-5.242513,-1.968878,8.153327,0.008334,0.072326,-0.022499
703904350.000,YZJ,non_handheld,desk_gripped,recording,-5.281331,-2.003502,8.031169,0.006864,0.087418,-0.030142
703904360.000,YZJ,non_handheld,desk_gripped,recording,-5.287027,-2.031631,7.936980,0.003446,0.080918,-0.028011
703904370.000,YZJ,non_handheld,desk_gripped,recording,-5.293477,-2.047473,7.838084,-0.002647,0.051153,-0.017899
703904380.000,YZJ,non_handheld,desk_gripped,recording,-5.281575,-2.002730,7.812242,-0.010993,0.007176,-0.006118
703904390.000,YZJ,non_handheld,desk_gripped,recording,-5.274095,-1.930717,7.831356,-0.021636,-0.042792,0.004296
703904400.000,YZJ,non_handheld,desk_gripped,recording,-5.255583,-1.848903,7.916994,-0.031007,-0.076957,0.007483
703904410.000,YZJ,non_handheld,desk_gripped,recording,-5.264961,-1.913376,8.045150,-0.025954,-0.071502,0.002364
703904420.000,YZJ,non_handheld,desk_gripped,recording,-5.252625,-1.935720,8.188473,-0.009998,-0.027639,-0.007382
703904430.000,YZJ,non_handheld,desk_gripped,recording,-5.265669,-2.006715,8.204923,0.006077,0.023861,-0.015323
703904440.000,YZJ,non_handheld,desk_gripped,recording,-5.274831,-2.010463,8.065372,0.011573,0.053175,-0.018490
703904450.000,YZJ,non_handheld,desk_gripped,recording,-5.270413,-2.018170,7.971291,0.004151,0.052099,-0.015260
703904460.000,YZJ,non_handheld,desk_gripped,recording,-5.273206,-2.037931,7.919593,-0.008591,0.034682,-0.009552
703904470.000,YZJ,non_handheld,desk_gripped,recording,-5.241670,-1.963160,7.960902,-0.017110,0.019021,-0.007435
703904480.000,YZJ,non_handheld,desk_gripped,recording,-5.229750,-1.953864,8.047599,-0.017525,0.021476,-0.006961
703904490.000,YZJ,non_handheld,desk_gripped,recording,-5.262933,-1.912899,8.006488,-0.020558,0.018243,-0.004847
703904500.000,YZJ,non_handheld,desk_gripped,recording,-5.282867,-1.919231,7.961171,-0.025770,0.009267,-0.004415
703904510.000,YZJ,non_handheld,desk_gripped,recording,-5.277634,-1.965704,7.979277,-0.024487,0.007909,-0.002595
703904520.000,YZJ,non_handheld,desk_gripped,recording,-5.264592,-1.991400,7.986433,-0.017310,0.006144,-0.003152
703904530.000,YZJ,non_handheld,desk_gripped,recording,-5.281940,-1.977744,7.952596,-0.008852,0.004303,-0.005884
703904540.000,YZJ,non_handheld,desk_gripped,recording,-5.277676,-2.002450,7.953212,-0.007411,-0.004429,-0.002463
703904550.000,YZJ,non_handheld,desk_gripped,recording,-5.291732,-1.993491,7.954529,-0.008108,-0.011983,-0.002159
703904560.000,YZJ,non_handheld,desk_gripped,recording,-5.263691,-1.953366,8.053485,-0.004416,0.000858,-0.004491
703904570.000,YZJ,non_handheld,desk_gripped,recording,-5.267151,-1.977449,8.093193,0.002316,0.023585,-0.007511
703904580.000,YZJ,non_handheld,desk_gripped,recording,-5.256768,-2.008034,8.023767,0.006402,0.036616,-0.005713
703904590.000,YZJ,non_handheld,desk_gripped,recording,-5.280883,-2.016164,7.976371,0.008761,0.034928,-0.000193
703904600.000,YZJ,non_handheld,desk_gripped,recording,-5.276320,-2.003178,7.965643,0.009797,0.030143,0.007633
703904610.000,YZJ,non_handheld,desk_gripped,recording,-5.267684,-1.984326,7.972982,0.012824,0.023739,0.014519
703904620.000,YZJ,non_handheld,desk_gripped,recording,-5.258791,-1.953174,7.922453,0.016246,0.008204,0.015626
703904630.000,YZJ,non_handheld,desk_gripped,recording,-5.286916,-1.966443,7.923560,0.019208,-0.005921,0.017782
703904640.000,YZJ,non_handheld,desk_gripped,recording,-5.274423,-1.994427,7.933070,0.025321,-0.018791,0.018008
703904650.000,YZJ,non_handheld,desk_gripped,recording,-5.291506,-2.021108,7.889619,0.030952,-0.036595,0.017786
703904660.000,YZJ,non_handheld,desk_gripped,recording,-5.312712,-2.036881,7.819852,0.030987,-0.061909,0.019677
703904670.000,YZJ,non_handheld,desk_gripped,recording,-5.326470,-2.025450,7.867114,0.032311,-0.081168,0.019443
703904680.000,YZJ,non_handheld,desk_gripped,recording,-5.277486,-1.951237,8.031105,0.041995,-0.075241,0.015927
703904690.000,YZJ,non_handheld,desk_gripped,recording,-5.252155,-1.957417,8.127661,0.054645,-0.042002,0.011024
703904700.000,YZJ,non_handheld,desk_gripped,recording,-5.268339,-1.910158,8.198730,0.059739,-0.001985,-0.000389
703904710.000,YZJ,non_handheld,desk_gripped,recording,-5.271134,-1.936256,8.056511,0.051753,0.011816,-0.005438
703904720.000,YZJ,non_handheld,desk_gripped,recording,-5.286199,-1.959508,8.000232,0.026493,0.012142,0.000042
703904730.000,YZJ,non_handheld,desk_gripped,recording,-5.249124,-1.987295,8.024195,0.005140,0.007071,0.009698
703904740.000,YZJ,non_handheld,desk_gripped,recording,-5.246970,-1.955447,7.973253,-0.015104,-0.005949,0.017639
703904750.000,YZJ,non_handheld,desk_gripped,recording,-5.278454,-1.945503,7.959205,-0.030771,-0.019979,0.018647
703904760.000,YZJ,non_handheld,desk_gripped,recording,-5.271949,-1.979130,7.994168,-0.036317,-0.022521,0.011972
703904770.000,YZJ,non_handheld,desk_gripped,recording,-5.273781,-1.984583,8.015358,-0.030355,-0.013051,0.001347
703904780.000,YZJ,non_handheld,desk_gripped,recording,-5.282907,-1.969821,8.027217,-0.019508,-0.001301,-0.005073
703904790.000,YZJ,non_handheld,desk_gripped,recording,-5.293658,-1.995627,8.036676,-0.008707,0.013311,-0.008305
703904800.000,YZJ,non_handheld,desk_gripped,recording,-5.285483,-1.931408,8.036970,-0.000341,0.023467,-0.011232
703904810.000,YZJ,non_handheld,desk_gripped,recording,-5.260738,-1.883482,8.102529,0.004351,0.043121,-0.012152
703904820.000,YZJ,non_handheld,desk_gripped,recording,-5.228428,-1.837529,8.096944,0.004201,0.056663,-0.019260
703904830.000,YZJ,non_handheld,desk_gripped,recording,-5.273517,-1.840756,8.025490,-0.002749,0.061138,-0.026366
703904840.000,YZJ,non_handheld,desk_gripped,recording,-5.276416,-1.966702,8.047340,-0.003972,0.069834,-0.028579
703904850.000,YZJ,non_handheld,desk_gripped,recording,-5.291480,-1.982425,7.960518,-0.006157,0.062937,-0.025364
703904860.000,YZJ,non_handheld,desk_gripped,recording,-5.293935,-1.981462,7.848848,-0.017630,0.033236,-0.019814
703904870.000,YZJ,non_handheld,desk_gripped,recording,-5.294436,-1.990920,7.839887,-0.030724,0.000644,-0.012358
703904880.000,YZJ,non_handheld,desk_gripped,recording,-5.304142,-1.955695,7.950701,-0.032693,-0.009551,-0.013520
703904890.000,YZJ,non_handheld,desk_gripped,recording,-5.275663,-1.952832,8.077911,-0.025426,0.011591,-0.019568
703904900.000,YZJ,non_handheld,desk_gripped,recording,-5.281225,-1.987383,8.089483,-0.017281,0.035089,-0.028416
703904910.000,YZJ,non_handheld,desk_gripped,recording,-5.292465,-1.989068,8.023175,-0.012098,0.051998,-0.033389
703904920.000,YZJ,non_handheld,desk_gripped,recording,-5.299934,-2.002586,7.988708,-0.005824,0.056835,-0.029915
703904930.000,YZJ,non_handheld,desk_gripped,recording,-5.276080,-2.025608,7.944234,0.002926,0.055745,-0.019862
703904940.000,YZJ,non_handheld,desk_gripped,recording,-5.298292,-1.992140,7.927597,0.009916,0.048327,-0.015030
703904950.000,YZJ,non_handheld,desk_gripped,recording,-5.311752,-1.978590,8.002866,0.019054,0.052462,-0.011815
703904960.000,YZJ,non_handheld,desk_gripped,recording,-5.337958,-1.968728,7.852222,0.013690,0.026044,-0.007964
703904970.000,YZJ,non_handheld,desk_gripped,recording,-5.332372,-1.967751,7.834550,0.003181,-0.006009,-0.006916
703904980.000,YZJ,non_handheld,desk_gripped,recording,-5.319415,-1.945425,7.937107,-0.000798,-0.018198,-0.013425
703904990.000,YZJ,non_handheld,desk_gripped,recording,-5.319435,-1.953579,7.935048,-0.004087,-0.024216,-0.021821
703905000.000,YZJ,non_handheld,desk_gripped,recording,-5.328107,-1.948899,7.954697,-0.009743,-0.029260,-0.027591
703905010.000,YZJ,non_handheld,desk_gripped,recording,-5.305597,-1.984873,7.978775,-0.010680,-0.025828,-0.028972
703905020.000,YZJ,non_handheld,desk_gripped,recording,-5.300066,-2.016379,8.022800,-0.004776,-0.010744,-0.027022
703905030.000,YZJ,non_handheld,desk_gripped,recording,-5.290632,-2.020027,8.046492,-0.004248,0.007667,-0.027234
703905040.000,YZJ,non_handheld,desk_gripped,recording,-5.299119,-1.981583,8.063526,-0.005687,0.029796,-0.026170
703905050.000,YZJ,non_handheld,desk_gripped,recording,-5.270340,-1.969813,8.092629,-0.007038,0.052311,-0.023050
703905060.000,YZJ,non_handheld,desk_gripped,recording,-5.304938,-2.011547,8.038979,-0.011474,0.066782,-0.017728
703905070.000,YZJ,non_handheld,desk_gripped,recording,-5.291093,-2.022347,7.957049,-0.017220,0.067810,-0.011143
703905080.000,YZJ,non_handheld,desk_gripped,recording,-5.312329,-2.018811,7.926881,-0.024006,0.056986,-0.005446
703905090.000,YZJ,non_handheld,desk_gripped,recording,-5.325814,-2.021847,7.854738,-0.030813,0.033961,-0.001485
703905100.000,YZJ,non_handheld,desk_gripped,recording,-5.329512,-2.000754,7.849453,-0.035196,0.008704,0.002458
703905110.000,YZJ,non_handheld,desk_gripped,recording,-5.328976,-1.975750,7.948676,-0.032315,0.002801,-0.000048
703905120.000,YZJ,non_handheld,desk_gripped,recording,-5.340763,-1.941184,7.997182,-0.029842,0.012544,-0.010569
703905130.000,YZJ,non_handheld,desk_gripped,recording,-5.328661,-1.929735,8.061633,-0.022149,0.038437,-0.018994
703905140.000,YZJ,non_handheld,desk_gripped,recording,-5.317560,-1.966085,8.015370,-0.012398,0.058797,-0.022807
703905150.000,YZJ,non_handheld,desk_gripped,recording,-5.347181,-1.981713,7.917491,-0.011490,0.053554,-0.022037
703905160.000,YZJ,non_handheld,desk_gripped,recording,-5.346066,-2.028238,7.904498,-0.010100,0.044902,-0.016680
703905170.000,YZJ,non_handheld,desk_gripped,recording,-5.340110,-2.115435,7.878534,-0.006103,0.036431,-0.011567
703905180.000,YZJ,non_handheld,desk_gripped,recording,-5.327262,-2.169411,7.855830,-0.005264,0.024370,-0.003722
703905190.000,YZJ,non_handheld,desk_gripped,recording,-5.333179,-2.118754,7.851314,-0.006241,0.010026,0.003518
703905200.000,YZJ,non_handheld,desk_gripped,recording,-5.360548,-2.007186,7.908752,-0.011266,0.002474,0.001734
703905210.000,YZJ,non_handheld,desk_gripped,recording,-5.344154,-2.011578,8.034228,-0.014206,0.018979,-0.002233
703905220.000,YZJ,non_handheld,desk_gripped,recording,-5.343268,-1.986391,8.017636,-0.015109,0.040052,-0.009671
703905230.000,YZJ,non_handheld,desk_gripped,recording,-5.353876,-1.991304,7.968189,-0.016492,0.051074,-0.014228
703905240.000,YZJ,non_handheld,desk_gripped,recording,-5.370922,-2.026687,7.873927,-0.020421,0.036182,-0.012832
703905250.000,YZJ,non_handheld,desk_gripped,recording,-5.362223,-2.047649,7.771790,-0.029330,0.005741,-0.007433
703905260.000,YZJ,non_handheld,desk_gripped,recording,-5.367972,-2.059747,7.831844,-0.030475,-0.018657,-0.003435
703905270.000,YZJ,non_handheld,desk_gripped,recording,-5.363068,-2.053572,7.885832,-0.025693,-0.028633,-0.000817
703905280.000,YZJ,non_handheld,desk_gripped,recording,-5.359751,-2.096970,7.897055,-0.023990,-0.036093,0.002629
703905290.000,YZJ,non_handheld,desk_gripped,recording,-5.349012,-2.159715,7.862032,-0.030732,-0.048800,0.006293
703905300.000,YZJ,non_handheld,desk_gripped,recording,-5.345756,-2.084380,7.870466,-0.036413,-0.060341,0.011134
703905310.000,YZJ,non_handheld,desk_gripped,recording,-5.324568,-2.090138,7.993998,-0.037262,-0.046804,0.015581
703905320.000,YZJ,non_handheld,desk_gripped,recording,-5.297103,-1.986776,8.120647,-0.046542,-0.021155,0.002601
703905330.000,YZJ,non_handheld,desk_gripped,recording,-5.379255,-1.929190,8.057944,-0.039514,0.008379,-0.002822
703905340.000,YZJ,non_handheld,desk_gripped,recording,-5.320230,-2.024907,7.956177,-0.040148,0.017268,-0.010893
703905350.000,YZJ,non_handheld,desk_gripped,recording,-5.364048,-2.031737,7.913973,-0.030947,0.015949,-0.016430
703905360.000,YZJ,non_handheld,desk_gripped,recording,-5.346323,-2.092852,7.811987,-0.020489,-0.002906,-0.013333
703905370.000,YZJ,non_handheld,desk_gripped,recording,-5.352224,-2.115935,7.766852,-0.011568,-0.031894,-0.010935
703905380.000,YZJ,non_handheld,desk_gripped,recording,-5.340243,-2.114989,7.828304,0.002342,-0.054739,-0.004941
703905390.000,YZJ,non_handheld,desk_gripped,recording,-5.349388,-2.062038,7.862377,0.008245,-0.070578,-0.002151
703905400.000,YZJ,non_handheld,desk_gripped,recording,-5.345908,-1.980662,7.943996,0.010889,-0.069661,-0.002003
703905410.000,YZJ,non_handheld,desk_gripped,recording,-5.316494,-2.021333,8.074824,0.012015,-0.039273,-0.005506
703905420.000,YZJ,non_handheld,desk_gripped,recording,-5.293055,-2.054166,8.191239,0.017565,0.011463,-0.008153
703905430.000,YZJ,non_handheld,desk_gripped,recording,-5.320644,-2.025876,8.045768,0.014602,0.040372,-0.007845
703905440.000,YZJ,non_handheld,desk_gripped,recording,-5.320088,-2.062923,7.955728,0.000193,0.041216,-0.004168
703905450.000,YZJ,non_handheld,desk_gripped,recording,-5.325076,-2.127503,7.888055,-0.011258,0.030523,-0.001259
703905460.000,YZJ,non_handheld,desk_gripped,recording,-5.329872,-2.106709,7.881340,-0.016258,0.017067,0.006043
703905470.000,YZJ,non_handheld,desk_gripped,recording,-5.331794,-2.095750,7.845603,-0.022414,-0.005873,0.012818
703905480.000,YZJ,non_handheld,desk_gripped,recording,-5.325021,-2.103041,7.835587,-0.026545,-0.027034,0.012803
703905490.000,YZJ,non_handheld,desk_gripped,recording,-5.318827,-2.079975,7.962770,-0.022770,-0.020625,0.006108
703905500.000,YZJ,non_handheld,desk_gripped,recording,-5.327859,-2.033350,8.042637,-0.014218,0.003105,-0.001437
703905510.000,YZJ,non_handheld,desk_gripped,recording,-5.339521,-2.015077,7.947806,-0.006950,0.015795,-0.006267
703905520.000,YZJ,non_handheld,desk_gripped,recording,-5.332694,-2.066373,7.936098,-0.007101,0.015783,-0.003522
703905530.000,YZJ,non_handheld,desk_gripped,recording,-5.344335,-2.076453,7.852301,-0.012341,-0.004466,0.002152
703905540.000,YZJ,non_handheld,desk_gripped,recording,-5.343129,-2.090428,7.845374,-0.016810,-0.022912,0.006168
703905550.000,YZJ,non_handheld,desk_gripped,recording,-5.316189,-2.067767,7.982423,-0.011203,-0.010166,0.004347
703905560.000,YZJ,non_handheld,desk_gripped,recording,-5.314622,-2.061918,8.034244,-0.004503,0.015604,-0.004768
703905570.000,YZJ,non_handheld,desk_gripped,recording,-5.336517,-2.046277,8.010072,0.001060,0.036781,-0.012536
703905580.000,YZJ,non_handheld,desk_gripped,recording,-5.330599,-2.059865,7.927874,-0.001783,0.036418,-0.011259
703905590.000,YZJ,non_handheld,desk_gripped,recording,-5.335724,-2.082781,7.845912,-0.005295,0.021031,-0.005549
703905600.000,YZJ,non_handheld,desk_gripped,recording,-5.323670,-2.109221,7.856847,-0.003296,0.004859,0.000929
703905610.000,YZJ,non_handheld,desk_gripped,recording,-5.345915,-2.105836,7.842789,-0.000944,-0.008696,0.004532
703905620.000,YZJ,non_handheld,desk_gripped,recording,-5.336387,-2.091022,7.891106,-0.001792,-0.018598,0.006376
703905630.000,YZJ,non_handheld,desk_gripped,recording,-5.328461,-2.069960,7.942165,-0.005227,-0.017687,0.006059
703905640.000,YZJ,non_handheld,desk_gripped,recording,-5.345361,-2.060909,7.917413,-0.008339,-0.021855,-0.000414
703905650.000,YZJ,non_handheld,desk_gripped,recording,-5.341089,-2.057764,7.957315,-0.009582,-0.019067,-0.003189
703905660.000,YZJ,non_handheld,desk_gripped,recording,-5.327906,-2.085346,7.956567,-0.012185,-0.016455,-0.003023
703905670.000,YZJ,non_handheld,desk_gripped,recording,-5.321210,-2.027103,7.900071,-0.016100,-0.019129,-0.004954
703905680.000,YZJ,non_handheld,desk_gripped,recording,-5.307034,-2.040160,7.980212,-0.009767,-0.012515,-0.005230
703905690.000,YZJ,non_handheld,desk_gripped,recording,-5.322816,-2.073473,7.960287,-0.001473,-0.004481,-0.005575
703905700.000,YZJ,non_handheld,desk_gripped,recording,-5.325700,-2.086256,7.944288,0.003666,-0.004304,-0.003694
703905710.000,YZJ,non_handheld,desk_gripped,recording,-5.310972,-2.089861,7.909585,0.005920,-0.008182,-0.001373
703905720.000,YZJ,non_handheld,desk_gripped,recording,-5.308483,-2.130493,7.944046,0.008592,-0.001930,0.000833
703905730.000,YZJ,non_handheld,desk_gripped,recording,-5.328479,-2.136666,7.981978,0.009632,0.013583,0.004135
703905740.000,YZJ,non_handheld,desk_gripped,recording,-5.332508,-2.087804,7.955311,0.009414,0.018127,0.007007
703905750.000,YZJ,non_handheld,desk_gripped,recording,-5.323767,-2.080771,7.858110,0.006110,0.006304,0.009634
703905760.000,YZJ,non_handheld,desk_gripped,recording,-5.344438,-2.107336,7.820374,0.004441,-0.015690,0.016002
703905770.000,YZJ,non_handheld,desk_gripped,recording,-5.348720,-2.124363,7.812788,0.005109,-0.042324,0.021721
703905780.000,YZJ,non_handheld,desk_gripped,recording,-5.356026,-2.109874,7.839591,0.010209,-0.059547,0.025394
703905790.000,YZJ,non_handheld,desk_gripped,recording,-5.317892,-2.106161,7.926859,0.014716,-0.062306,0.025331
703905800.000,YZJ,non_handheld,desk_gripped,recording,-5.342133,-2.053440,7.954784,0.018151,-0.055728,0.017758
703905810.000,YZJ,non_handheld,desk_gripped,recording,-5.316156,-2.068241,7.990214,0.024527,-0.041658,0.009187
703905820.000,YZJ,non_handheld,desk_gripped,recording,-5.317985,-2.032693,8.005963,0.028422,-0.028770,0.002548
703905830.000,YZJ,non_handheld,desk_gripped,recording,-5.313712,-2.057093,7.943081,0.028484,-0.028573,0.000422
703905840.000,YZJ,non_handheld,desk_gripped,recording,-5.313599,-2.070242,7.916737,0.027541,-0.034082,0.002916
703905850.000,YZJ,non_handheld,desk_gripped,recording,-5.305063,-2.086276,7.954470,0.030931,-0.037257,0.008218
703905860.000,YZJ,non_handheld,desk_gripped,recording,-5.281663,-2.087604,7.934686,0.031732,-0.038356,0.015263
703905870.000,YZJ,non_handheld,desk_gripped,recording,-5.279990,-2.073638,7.970125,0.031768,-0.036369,0.021687
703905880.000,YZJ,non_handheld,desk_gripped,recording,-5.283532,-2.067013,7.978612,0.025282,-0.031865,0.024554
703905890.000,YZJ,non_handheld,desk_gripped,recording,-5.299040,-2.022801,8.030594,0.020485,-0.018482,0.021968
703905900.000,YZJ,non_handheld,desk_gripped,recording,-5.295877,-2.022549,8.067884,0.020817,0.003784,0.012439
703905910.000,YZJ,non_handheld,desk_gripped,recording,-5.303823,-2.000854,8.035594,0.019851,0.020781,0.002893
703905920.000,YZJ,non_handheld,desk_gripped,recording,-5.294792,-2.041825,7.937968,0.014907,0.016172,0.000194
703905930.000,YZJ,non_handheld,desk_gripped,recording,-5.301724,-2.000244,7.845533,0.009606,-0.010079,0.002513
703905940.000,YZJ,non_handheld,desk_gripped,recording,-5.319468,-2.046922,7.816939,0.000344,-0.047036,0.003242
703905950.000,YZJ,non_handheld,desk_gripped,recording,-5.307409,-2.080601,7.864444,-0.009313,-0.070169,0.001814
703905960.000,YZJ,non_handheld,desk_gripped,recording,-5.278263,-2.031385,8.021082,-0.011064,-0.062171,-0.000612
703905970.000,YZJ,non_handheld,desk_gripped,recording,-5.274760,-2.028127,8.101672,-0.012058,-0.033727,-0.003995
703905980.000,YZJ,non_handheld,desk_gripped,recording,-5.258388,-2.018094,8.110275,-0.013242,-0.001573,-0.009038
703905990.000,YZJ,non_handheld,desk_gripped,recording,-5.254218,-2.056711,8.092973,-0.010014,0.029160,-0.008438
703906000.000,YZJ,non_handheld,desk_gripped,recording,-5.284534,-2.120723,7.979172,-0.008749,0.040905,-0.001032
703906010.000,YZJ,non_handheld,desk_gripped,recording,-5.271049,-2.144274,7.960066,-0.008558,0.041395,0.011811
703906020.000,YZJ,non_handheld,desk_gripped,recording,-5.274252,-2.097656,7.932329,-0.010539,0.032924,0.019685
703906030.000,YZJ,non_handheld,desk_gripped,recording,-5.255858,-2.032119,7.945723,-0.014213,0.021426,0.020356
703906040.000,YZJ,non_handheld,desk_gripped,recording,-5.291100,-2.005556,7.963457,-0.023952,0.013345,0.013136
703906050.000,YZJ,non_handheld,desk_gripped,recording,-5.299347,-1.980542,7.999206,-0.030270,0.017117,0.000787
703906060.000,YZJ,non_handheld,desk_gripped,recording,-5.304972,-1.982225,8.007100,-0.033717,0.022422,-0.014190
703906070.000,YZJ,non_handheld,desk_gripped,recording,-5.320936,-1.997396,7.945474,-0.033624,0.022787,-0.030678
703906080.000,YZJ,non_handheld,desk_gripped,recording,-5.340355,-2.019162,7.930507,-0.028697,0.024993,-0.041645
703906090.000,YZJ,non_handheld,desk_gripped,recording,-5.336179,-2.054640,7.913097,-0.021182,0.024658,-0.043728
703906100.000,YZJ,non_handheld,desk_gripped,recording,-5.336846,-2.136369,7.870469,-0.013523,0.012734,-0.033805
703906110.000,YZJ,non_handheld,desk_gripped,recording,-5.330072,-2.154270,7.824447,-0.008933,-0.002636,-0.014384
703906120.000,YZJ,non_handheld,desk_gripped,recording,-5.276829,-2.092446,7.903455,-0.004373,-0.016465,0.004892
703906130.000,YZJ,non_handheld,desk_gripped,recording,-5.233897,-2.075268,7.970109,-0.002499,-0.024194,0.017197
703906140.000,YZJ,non_handheld,desk_gripped,recording,-5.260600,-2.112285,7.977673,-0.003734,-0.024256,0.026657
703906150.000,YZJ,non_handheld,desk_gripped,recording,-5.287856,-1.996586,7.982958,-0.006293,-0.020615,0.027084
703906160.000,YZJ,non_handheld,desk_gripped,recording,-5.266616,-2.006366,8.051987,-0.004105,-0.007279,0.022413
703906170.000,YZJ,non_handheld,desk_gripped,recording,-5.255892,-2.041848,8.008614,-0.001446,-0.000179,0.013730
703906180.000,YZJ,non_handheld,desk_gripped,recording,-5.308922,-2.040124,7.949094,0.004759,-0.001563,0.006840
703906190.000,YZJ,non_handheld,desk_gripped,recording,-5.327823,-2.102701,7.896572,0.014234,-0.006412,0.006677
703906200.000,YZJ,non_handheld,desk_gripped,recording,-5.327747,-2.099902,7.825920,0.020247,-0.024119,0.008419
703906210.000,YZJ,non_handheld,desk_gripped,recording,-5.321821,-2.117375,7.845656,0.025378,-0.047371,0.010881
703906220.000,YZJ,non_handheld,desk_gripped,recording,-5.308494,-2.090569,7.889202,0.032740,-0.059472,0.015553
703906230.000,YZJ,non_handheld,desk_gripped,recording,-5.285132,-2.076467,7.976516,0.041848,-0.056011,0.015491
703906240.000,YZJ,non_handheld,desk_gripped,recording,-5.294726,-2.041473,7.951120,0.049805,-0.056096,0.009805
703906250.000,YZJ,non_handheld,desk_gripped,recording,-5.295445,-2.033418,7.893810,0.052106,-0.071486,0.004413
703906260.000,YZJ,non_handheld,desk_gripped,recording,-5.294068,-2.047555,7.839165,0.049952,-0.102034,0.003202
703906270.000,YZJ,non_handheld,desk_gripped,recording,-5.263987,-2.043615,7.853192,0.048693,-0.129387,0.002749
703906280.000,YZJ,non_handheld,desk_gripped,recording,-5.267420,-2.025458,7.955176,0.045296,-0.140970,0.000812
703906290.000,YZJ,non_handheld,desk_gripped,recording,-5.236899,-2.018268,8.131195,0.037939,-0.111549,0.000920
703906300.000,YZJ,non_handheld,desk_gripped,recording,-5.284925,-1.992291,8.277815,0.033415,-0.047249,0.001555
703906310.000,YZJ,non_handheld,desk_gripped,recording,-5.238166,-1.966552,8.268604,0.023868,0.014136,-0.002366
703906320.000,YZJ,non_handheld,desk_gripped,recording,-5.221697,-2.006877,8.217650,0.009505,0.063946,-0.004194
703906330.000,YZJ,non_handheld,desk_gripped,recording,-5.179126,-2.064999,8.149382,-0.004720,0.090595,-0.002533
703906340.000,YZJ,non_handheld,desk_gripped,recording,-5.162778,-2.088899,8.037346,-0.016198,0.088553,-0.001498
703906350.000,YZJ,non_handheld,desk_gripped,recording,-5.232200,-2.077986,7.899357,-0.030554,0.063289,0.007954
703906360.000,YZJ,non_handheld,desk_gripped,recording,-5.255431,-2.091083,7.811558,-0.044483,0.023410,0.011721
703906370.000,YZJ,non_handheld,desk_gripped,recording,-5.253556,-2.102230,7.885909,-0.051836,-0.001450,0.006304
703906380.000,YZJ,non_handheld,desk_gripped,recording,-5.244720,-2.031086,8.031834,-0.044837,0.006330,-0.008664
703906390.000,YZJ,non_handheld,desk_gripped,recording,-5.282055,-1.981099,8.136949,-0.035200,0.039314,-0.028310
703906400.000,YZJ,non_handheld,desk_gripped,recording,-5.319902,-1.932139,8.115939,-0.033888,0.075611,-0.038946
703906410.000,YZJ,non_handheld,desk_gripped,recording,-5.266417,-1.955530,8.062874,-0.035651,0.097653,-0.043008
703906420.000,YZJ,non_handheld,desk_gripped,recording,-5.272493,-2.016616,7.995791,-0.033702,0.099029,-0.038329
703906430.000,YZJ,non_handheld,desk_gripped,recording,-5.265201,-2.102827,7.935415,-0.025312,0.089510,-0.028641
703906440.000,YZJ,non_handheld,desk_gripped,recording,-5.273218,-2.118496,7.835905,-0.015970,0.067256,-0.015324
703906450.000,YZJ,non_handheld,desk_gripped,recording,-5.286804,-2.113987,7.824019,-0.005248,0.038412,-0.002399
703906460.000,YZJ,non_handheld,desk_gripped,recording,-5.312592,-2.096336,7.804621,0.003691,0.007120,0.004371
703906470.000,YZJ,non_handheld,desk_gripped,recording,-5.302088,-2.057512,7.827923,0.007178,-0.019714,0.005440
703906480.000,YZJ,non_handheld,desk_gripped,recording,-5.314981,-2.031805,7.874112,0.007371,-0.041346,-0.001472
703906490.000,YZJ,non_handheld,desk_gripped,recording,-5.311001,-2.018182,7.945109,0.004783,-0.047494,-0.012756
703906500.000,YZJ,non_handheld,desk_gripped,recording,-5.297287,-2.011678,8.003259,0.007700,-0.040784,-0.025995
703906510.000,YZJ,non_handheld,desk_gripped,recording,-5.296732,-2.019062,8.017707,0.011648,-0.030569,-0.034822
703906520.000,YZJ,non_handheld,desk_gripped,recording,-5.264579,-2.075535,7.972030,0.017443,-0.025681,-0.034795
703906530.000,YZJ,non_handheld,desk_gripped,recording,-5.295566,-2.128415,7.891403,0.016999,-0.031015,-0.028075
703906540.000,YZJ,non_handheld,desk_gripped,recording,-5.277861,-2.151246,7.931741,0.017573,-0.036114,-0.016627
703906550.000,YZJ,non_handheld,desk_gripped,recording,-5.234427,-2.092769,7.990190,0.021331,-0.036891,-0.007128
703906560.000,YZJ,non_handheld,desk_gripped,recording,-5.243914,-2.043605,7.992042,0.019610,-0.039573,-0.000753
703906570.000,YZJ,non_handheld,desk_gripped,recording,-5.250637,-2.056901,7.914982,0.015485,-0.056820,0.001492
703906580.000,YZJ,non_handheld,desk_gripped,recording,-5.259845,-2.056067,7.978358,0.013569,-0.057352,0.003063
703906590.000,YZJ,non_handheld,desk_gripped,recording,-5.261189,-2.071881,8.033316,0.023869,-0.043620,0.003917
703906600.000,YZJ,non_handheld,desk_gripped,recording,-5.256996,-2.064812,7.995516,0.025238,-0.044702,0.006978
703906610.000,YZJ,non_handheld,desk_gripped,recording,-5.245629,-2.088237,7.950991,0.020275,-0.049124,0.013576
703906620.000,YZJ,non_handheld,desk_gripped,recording,-5.235619,-2.081297,7.991182,0.010949,-0.054617,0.019650
703906630.000,YZJ,non_handheld,desk_gripped,recording,-5.240777,-2.034900,8.012683,0.002487,-0.055788,0.019105
703906640.000,YZJ,non_handheld,desk_gripped,recording,-5.241278,-2.003402,8.087514,-0.001006,-0.038406,0.011200
703906650.000,YZJ,non_handheld,desk_gripped,recording,-5.231336,-2.000221,8.136573,0.000059,-0.008691,0.000786
703906660.000,YZJ,non_handheld,desk_gripped,recording,-5.227622,-2.022697,8.152565,-0.000922,0.019967,-0.007618
703906670.000,YZJ,non_handheld,desk_gripped,recording,-5.227328,-2.028810,8.035393,-0.004837,0.032180,-0.011996
703906680.000,YZJ,non_handheld,desk_gripped,recording,-5.249277,-2.048146,8.000820,-0.009588,0.032526,-0.013465
703906690.000,YZJ,non_handheld,desk_gripped,recording,-5.234397,-2.050913,7.993582,-0.014834,0.025781,-0.011726
703906700.000,YZJ,non_handheld,desk_gripped,recording,-5.250987,-2.054017,7.963519,-0.016173,0.019800,-0.006158
703906710.000,YZJ,non_handheld,desk_gripped,recording,-5.259712,-2.087718,7.974894,-0.017618,0.014189,0.000212
703906720.000,YZJ,non_handheld,desk_gripped,recording,-5.223270,-2.088994,7.952555,-0.018200,0.003832,0.006373
703906730.000,YZJ,non_handheld,desk_gripped,recording,-5.241571,-2.088596,7.965077,-0.016284,0.001782,0.007343
703906740.000,YZJ,non_handheld,desk_gripped,recording,-5.243553,-2.072686,7.988028,-0.013074,0.003954,0.007721
703906750.000,YZJ,non_handheld,desk_gripped,recording,-5.251822,-2.051505,7.987047,-0.010408,-0.000544,0.007719
703906760.000,YZJ,non_handheld,desk_gripped,recording,-5.244537,-2.055536,7.971874,-0.011627,-0.000894,0.007121
703906770.000,YZJ,non_handheld,desk_gripped,recording,-5.251652,-2.059357,7.995822,-0.015754,-0.000309,0.006441
703906780.000,YZJ,non_handheld,desk_gripped,recording,-5.247652,-2.034004,8.070352,-0.019344,0.013810,0.001882
703906790.000,YZJ,non_handheld,desk_gripped,recording,-5.243106,-2.034182,8.077266,-0.019016,0.032704,-0.006731
703906800.000,YZJ,non_handheld,desk_gripped,recording,-5.250189,-2.026828,8.034633,-0.015878,0.048021,-0.015820
703906810.000,YZJ,non_handheld,desk_gripped,recording,-5.246574,-2.078615,8.006097,-0.015018,0.052265,-0.018198
703906820.000,YZJ,non_handheld,desk_gripped,recording,-5.278039,-2.118234,7.881942,-0.015629,0.034256,-0.018291
703906830.000,YZJ,non_handheld,desk_gripped,recording,-5.245012,-2.142404,7.819265,-0.016207,0.001444,-0.014945
703906840.000,YZJ,non_handheld,desk_gripped,recording,-5.268241,-2.177766,7.814440,-0.009409,-0.031050,-0.009461
703906850.000,YZJ,non_handheld,desk_gripped,recording,-5.266186,-2.178659,7.831777,-0.000069,-0.054682,-0.002213
703906860.000,YZJ,non_handheld,desk_gripped,recording,-5.280230,-2.141459,7.917850,0.014183,-0.059244,0.005277
703906870.000,YZJ,non_handheld,desk_gripped,recording,-5.266019,-2.044933,8.048305,0.028979,-0.040877,0.013181
703906880.000,YZJ,non_handheld,desk_gripped,recording,-5.213226,-1.979345,8.167261,0.039547,-0.008875,0.014852
703906890.000,YZJ,non_handheld,desk_gripped,recording,-5.205651,-1.960275,8.129081,0.042498,0.014448,0.012013
703906900.000,YZJ,non_handheld,desk_gripped,recording,-5.249925,-2.052172,7.987910,0.033354,0.013628,0.011808
703906910.000,YZJ,non_handheld,desk_gripped,recording,-5.252241,-2.050137,7.890555,0.021456,-0.007881,0.011931
703906920.000,YZJ,non_handheld,desk_gripped,recording,-5.265940,-2.031657,7.919237,0.011416,-0.026405,0.009034
703906930.000,YZJ,non_handheld,desk_gripped,recording,-5.247966,-2.021080,7.989349,0.009142,-0.031198,0.003899
703906940.000,YZJ,non_handheld,desk_gripped,recording,-5.249379,-2.055148,7.944006,0.009231,-0.040472,0.001193
703906950.000,YZJ,non_handheld,desk_gripped,recording,-5.239763,-2.063218,7.964970,0.011484,-0.050148,0.001088
703906960.000,YZJ,non_handheld,desk_gripped,recording,-5.239651,-2.063832,7.973844,0.012572,-0.054352,0.005479
703906970.000,YZJ,non_handheld,desk_gripped,recording,-5.218701,-2.074481,8.045130,0.019880,-0.041371,0.008920
703906980.000,YZJ,non_handheld,desk_gripped,recording,-5.219814,-2.088786,8.047568,0.027840,-0.028600,0.012364
703906990.000,YZJ,non_handheld,desk_gripped,recording,-5.220126,-2.057461,7.958790,0.026827,-0.035458,0.014528
703907000.000,YZJ,non_handheld,desk_gripped,recording,-5.224680,-2.026191,7.985434,0.022089,-0.043399,0.014930
703907010.000,YZJ,non_handheld,desk_gripped,recording,-5.234178,-2.002769,8.023415,0.020389,-0.042038,0.010816
703907020.000,YZJ,non_handheld,desk_gripped,recording,-5.230582,-2.012849,8.038853,0.025026,-0.034052,0.002757
703907030.000,YZJ,non_handheld,desk_gripped,recording,-5.216921,-2.013897,8.092500,0.034135,-0.017495,-0.005168
703907040.000,YZJ,non_handheld,desk_gripped,recording,-5.213195,-2.006485,8.046746,0.039522,-0.008393,-0.013641
703907050.000,YZJ,non_handheld,desk_gripped,recording,-5.231350,-1.961711,7.986455,0.036269,-0.013932,-0.016999
703907060.000,YZJ,non_handheld,desk_gripped,recording,-5.253246,-1.966517,7.967190,0.030095,-0.027209,-0.013143
703907070.000,YZJ,non_handheld,desk_gripped,recording,-5.231802,-2.007463,7.968492,0.028207,-0.039055,-0.008374
703907080.000,YZJ,non_handheld,desk_gripped,recording,-5.231308,-2.045902,8.044616,0.029501,-0.032966,-0.002786
703907090.000,YZJ,non_handheld,desk_gripped,recording,-5.205002,-2.078260,8.100265,0.035007,-0.017628,0.002977
703907100.000,YZJ,non_handheld,desk_gripped,recording,-5.159555,-2.116574,8.007870,0.030640,-0.022412,0.009444
703907110.000,YZJ,non_handheld,desk_gripped,recording,-5.157800,-2.107332,8.010437,0.022879,-0.031570,0.013830
703907120.000,YZJ,non_handheld,desk_gripped,recording,-5.173455,-2.032234,8.092565,0.015848,-0.027207,0.018051
703907130.000,YZJ,non_handheld,desk_gripped,recording,-5.185122,-1.992761,8.115346,0.009868,-0.013153,0.016699
703907140.000,YZJ,non_handheld,desk_gripped,recording,-5.183687,-2.014971,8.127986,0.005692,0.007972,0.013170
703907150.000,YZJ,non_handheld,desk_gripped,recording,-5.190238,-2.017066,8.103332,0.001880,0.019798,0.011265
703907160.000,YZJ,non_handheld,desk_gripped,recording,-5.199961,-2.002539,8.065687,-0.003600,0.026667,0.006867
703907170.000,YZJ,non_handheld,desk_gripped,recording,-5.211817,-1.991839,8.026033,-0.009747,0.025476,0.000107
703907180.000,YZJ,non_handheld,desk_gripped,recording,-5.207863,-1.991456,8.004091,-0.013806,0.021006,-0.005252
703907190.000,YZJ,non_handheld,desk_gripped,recording,-5.225306,-2.012220,7.969159,-0.014307,0.009460,-0.010641
703907200.000,YZJ,non_handheld,desk_gripped,recording,-5.234517,-2.019293,7.973337,-0.012498,-0.000409,-0.014310
703907210.000,YZJ,non_handheld,desk_gripped,recording,-5.196429,-1.983616,8.018245,-0.009171,-0.003366,-0.015497
703907220.000,YZJ,non_handheld,desk_gripped,recording,-5.206781,-1.979270,8.019451,-0.007761,-0.002924,-0.016387
703907230.000,YZJ,non_handheld,desk_gripped,recording,-5.192320,-2.024179,8.047357,-0.007838,-0.000900,-0.013312
703907240.000,YZJ,non_handheld,desk_gripped,recording,-5.200350,-2.035271,8.095417,-0.006992,0.014882,-0.013813
703907250.000,YZJ,non_handheld,desk_gripped,recording,-5.183638,-2.022145,8.161559,-0.005733,0.048085,-0.012994
703907260.000,YZJ,non_handheld,desk_gripped,recording,-5.186743,-2.049691,8.118317,-0.005454,0.070250,-0.009317
703907270.000,YZJ,non_handheld,desk_gripped,recording,-5.212829,-2.067436,8.015282,-0.013606,0.064029,-0.000646
703907280.000,YZJ,non_handheld,desk_gripped,recording,-5.226960,-2.084851,7.890468,-0.025187,0.032747,0.012683
703907290.000,YZJ,non_handheld,desk_gripped,recording,-5.229778,-2.071573,7.857930,-0.032456,-0.003623,0.024649
703907300.000,YZJ,non_handheld,desk_gripped,recording,-5.233130,-2.051406,7.898135,-0.031519,-0.029400,0.028601
703907310.000,YZJ,non_handheld,desk_gripped,recording,-5.216728,-1.998718,7.954769,-0.024087,-0.040400,0.020957
703907320.000,YZJ,non_handheld,desk_gripped,recording,-5.221888,-2.033441,8.017199,-0.010624,-0.037886,0.005533
703907330.000,YZJ,non_handheld,desk_gripped,recording,-5.227202,-2.051831,8.031846,0.004425,-0.022902,-0.006350
703907340.000,YZJ,non_handheld,desk_gripped,recording,-5.239634,-2.063308,8.079100,0.021847,0.000756,-0.012871
703907350.000,YZJ,non_handheld,desk_gripped,recording,-5.263427,-2.078682,8.102726,0.035745,0.032993,-0.009436
703907360.000,YZJ,non_handheld,desk_gripped,recording,-5.225410,-2.020405,8.060033,0.036666,0.044522,-0.001489
703907370.000,YZJ,non_handheld,desk_gripped,recording,-5.176766,-1.971343,7.998436,0.023769,0.032331,0.006710
703907380.000,YZJ,non_handheld,desk_gripped,recording,-5.137238,-1.992809,8.048274,0.012638,0.016698,0.019847
703907390.000,YZJ,non_handheld,desk_gripped,recording,-5.223367,-2.101524,7.912102,0.006092,-0.002682,0.036222
703907400.000,YZJ,non_handheld,desk_gripped,recording,-5.225513,-2.035597,7.851692,0.003703,-0.042492,0.042983
703907410.000,YZJ,non_handheld,desk_gripped,recording,-5.241432,-2.014028,7.924796,0.008886,-0.062007,0.041430
703907420.000,YZJ,non_handheld,desk_gripped,recording,-5.196430,-2.027577,8.038675,0.021275,-0.055103,0.033913
703907430.000,YZJ,non_handheld,desk_gripped,recording,-5.213724,-1.977822,8.046250,0.031471,-0.050259,0.023823
703907440.000,YZJ,non_handheld,desk_gripped,recording,-5.236607,-1.911473,8.027235,0.034941,-0.044741,0.015386
703907450.000,YZJ,non_handheld,desk_gripped,recording,-5.204528,-1.970271,8.105112,0.039397,-0.027827,0.008763
703907460.000,YZJ,non_handheld,desk_gripped,recording,-5.193442,-1.990619,8.054039,0.038465,-0.022355,0.006397
703907470.000,YZJ,non_handheld,desk_gripped,recording,-5.207962,-1.993746,8.020176,0.035251,-0.025295,0.005355
703907480.000,YZJ,non_handheld,desk_gripped,recording,-5.209708,-1.977898,8.057957,0.024938,-0.025869,0.003999
703907490.000,YZJ,non_handheld,desk_gripped,recording,-5.197283,-1.962910,8.084889,0.011266,-0.020929,0.001286
703907500.000,YZJ,non_handheld,desk_gripped,recording,-5.190769,-1.950611,8.103986,-0.003443,-0.011964,-0.003089
703907510.000,YZJ,non_handheld,desk_gripped,recording,-5.189095,-1.967980,8.124171,-0.018716,0.003076,-0.007510
703907520.000,YZJ,non_handheld,desk_gripped,recording,-5.206516,-1.951243,8.150848,-0.028984,0.023838,-0.014095
703907530.000,YZJ,non_handheld,desk_gripped,recording,-5.201837,-1.975517,8.119614,-0.037824,0.041455,-0.018066
703907540.000,YZJ,non_handheld,desk_gripped,recording,-5.183102,-1.993161,8.116631,-0.037149,0.058112,-0.018173
703907550.000,YZJ,non_handheld,desk_gripped,recording,-5.193265,-2.030570,8.032503,-0.039543,0.057992,-0.014236
703907560.000,YZJ,non_handheld,desk_gripped,recording,-5.211250,-2.035280,7.899333,-0.047159,0.034118,-0.008790
703907570.000,YZJ,non_handheld,desk_gripped,recording,-5.227861,-2.062238,7.944967,-0.047614,0.015394,-0.001431
703907580.000,YZJ,non_handheld,desk_gripped,recording,-5.205478,-2.096773,7.961893,-0.042352,0.004147,0.006410
703907590.000,YZJ,non_handheld,desk_gripped,recording,-5.219482,-2.075232,8.004948,-0.034473,0.002237,0.012446
703907600.000,YZJ,non_handheld,desk_gripped,recording,-5.207506,-2.066515,8.042039,-0.027027,0.006755,0.013373
703907610.000,YZJ,non_handheld,desk_gripped,recording,-5.184969,-2.072155,8.049866,-0.024352,0.019164,0.015421
703907620.000,YZJ,non_handheld,desk_gripped,recording,-5.225726,-2.026211,8.066534,-0.023224,0.023196,0.014517
703907630.000,YZJ,non_handheld,desk_gripped,recording,-5.202744,-2.001232,8.008360,-0.025182,0.022932,0.012283
703907640.000,YZJ,non_handheld,desk_gripped,recording,-5.208302,-1.998830,8.028459,-0.024989,0.021511,0.004252
703907650.000,YZJ,non_handheld,desk_gripped,recording,-5.216063,-1.977694,8.033453,-0.021978,0.024655,-0.005392
703907660.000,YZJ,non_handheld,desk_gripped,recording,-5.274260,-1.961894,7.987045,-0.014097,0.018620,-0.011888
703907670.000,YZJ,non_handheld,desk_gripped,recording,-5.255517,-1.943521,7.928539,-0.007469,0.014746,-0.006432
703907680.000,YZJ,non_handheld,desk_gripped,recording,-5.231082,-2.001813,8.108434,0.002687,0.027424,-0.004669
703907690.000,YZJ,non_handheld,desk_gripped,recording,-5.218201,-2.005720,8.003067,0.015438,0.034887,-0.005840
703907700.000,YZJ,non_handheld,desk_gripped,recording,-5.222941,-1.950979,8.035865,0.031321,0.031650,0.002205
703907710.000,YZJ,non_handheld,desk_gripped,recording,-5.209478,-1.923203,7.921721,0.028433,0.005378,0.009183
703907720.000,YZJ,non_handheld,desk_gripped,recording,-5.222953,-1.924971,7.926469,0.019090,-0.025562,0.014860
703907730.000,YZJ,non_handheld,desk_gripped,recording,-5.201418,-1.906978,8.016138,0.015899,-0.036976,0.009493
703907740.000,YZJ,non_handheld,desk_gripped,recording,-5.183588,-1.923199,8.089042,0.018790,-0.030170,-0.003991
703907750.000,YZJ,non_handheld,desk_gripped,recording,-5.232742,-1.987133,8.023525,0.021762,-0.024463,-0.016989
703907760.000,YZJ,non_handheld,desk_gripped,recording,-5.328300,-2.018127,7.948838,0.020093,-0.028237,-0.019121
703907770.000,YZJ,non_handheld,desk_gripped,recording,-5.322663,-2.052184,7.874908,0.013593,-0.044736,-0.013396
703907780.000,YZJ,non_handheld,desk_gripped,recording,-5.297197,-2.085089,7.944659,0.011640,-0.051199,-0.003188
703907790.000,YZJ,non_handheld,desk_gripped,recording,-5.226873,-2.185901,8.015053,0.014503,-0.035602,0.004274
703907800.000,YZJ,non_handheld,desk_gripped,recording,-5.221811,-2.168591,8.082023,0.024990,-0.010350,0.010804
703907810.000,YZJ,non_handheld,desk_gripped,recording,-5.145227,-2.180775,8.132279,0.035964,0.013366,0.012871
703907820.000,YZJ,non_handheld,desk_gripped,recording,-5.124877,-2.171376,8.040231,0.035853,0.014374,0.022222
703907830.000,YZJ,non_handheld,desk_gripped,recording,-5.225377,-2.103328,7.911339,0.021850,-0.009835,0.041712
703907840.000,YZJ,non_handheld,desk_gripped,recording,-5.177276,-2.199537,7.874938,0.009215,-0.042420,0.054916
703907850.000,YZJ,non_handheld,desk_gripped,recording,-5.099112,-2.137641,8.020234,0.010882,-0.058179,0.052212
703907860.000,YZJ,non_handheld,desk_gripped,recording,-5.120643,-2.010034,8.044835,0.013889,-0.065330,0.039316
703907870.000,YZJ,non_handheld,desk_gripped,recording,-5.267798,-1.961053,8.010122,0.008633,-0.066626,0.022103
703907880.000,YZJ,non_handheld,desk_gripped,recording,-5.262060,-1.921255,8.117243,0.011992,-0.035924,0.004349
703907890.000,YZJ,non_handheld,desk_gripped,recording,-5.255803,-1.953854,8.159806,0.019502,-0.000547,-0.009013
703907900.000,YZJ,non_handheld,desk_gripped,recording,-5.244119,-2.033345,8.050983,0.023884,0.015281,-0.013744
703907910.000,YZJ,non_handheld,desk_gripped,recording,-5.243821,-2.073366,7.928651,0.022389,0.002989,-0.010753
703907920.000,YZJ,non_handheld,desk_gripped,recording,-5.269984,-2.126357,7.826816,0.017289,-0.028727,-0.000703
703907930.000,YZJ,non_handheld,desk_gripped,recording,-5.251510,-2.147298,7.843656,0.010356,-0.061505,0.009284
703907940.000,YZJ,non_handheld,desk_gripped,recording,-5.260151,-2.047317,7.895865,0.002451,-0.085374,0.008633
703907950.000,YZJ,non_handheld,desk_gripped,recording,-5.020050,-1.881927,8.188277,0.004958,-0.086911,-0.010898
703907960.000,YZJ,non_handheld,desk_gripped,recording,-5.166140,-1.782256,8.253277,0.005079,-0.061182,-0.024446
703907970.000,YZJ,non_handheld,desk_gripped,recording,-5.170717,-1.848441,8.180832,-0.001828,-0.032755,-0.037075
703907980.000,YZJ,non_handheld,desk_gripped,recording,-5.281666,-1.892232,8.215940,-0.002106,0.010649,-0.038417
703907990.000,YZJ,non_handheld,desk_gripped,recording,-5.232867,-1.973816,8.190093,-0.000524,0.053389,-0.037097
703908000.000,YZJ,non_handheld,desk_gripped,recording,-5.268035,-2.019775,8.092951,-0.007246,0.078455,-0.031574
703908010.000,YZJ,non_handheld,desk_gripped,recording,-5.350479,-1.985650,7.948568,-0.029187,0.080377,-0.020126
703908020.000,YZJ,non_handheld,desk_gripped,recording,-5.368055,-1.944006,7.914715,-0.059749,0.069530,-0.007213
703908030.000,YZJ,non_handheld,desk_gripped,recording,-5.343380,-1.964075,7.888716,-0.082290,0.055393,-0.001547
703908040.000,YZJ,non_handheld,desk_gripped,recording,-5.173943,-2.008134,8.050506,-0.084411,0.054617,-0.007328
703908050.000,YZJ,non_handheld,desk_gripped,recording,-5.003606,-2.003308,8.197259,-0.062669,0.054180,-0.022296
703908060.000,YZJ,non_handheld,desk_gripped,recording,-5.210996,-2.081303,7.953053,-0.046705,0.038004,-0.023504
703908070.000,YZJ,non_handheld,desk_gripped,recording,-4.994466,-2.002785,8.009583,-0.035374,0.010839,-0.020983
703908080.000,YZJ,non_handheld,desk_gripped,recording,-5.327971,-1.968547,7.911497,-0.032435,-0.008320,-0.002399
703908090.000,YZJ,non_handheld,desk_gripped,recording,-5.173389,-1.939170,7.941316,-0.033818,-0.038609,0.008394
703908100.000,YZJ,non_handheld,desk_gripped,recording,-5.133700,-1.929434,8.086830,-0.024540,-0.045117,0.009501
703908110.000,YZJ,non_handheld,desk_gripped,recording,-4.950740,-1.870888,8.252220,-0.003537,-0.029236,-0.005058
703908120.000,YZJ,non_handheld,desk_gripped,recording,-5.161317,-2.008282,8.171324,0.008692,-0.004122,-0.009363
703908130.000,YZJ,non_handheld,desk_gripped,recording,-5.221452,-1.919188,8.089244,0.010151,0.010879,-0.009477
703908140.000,YZJ,non_handheld,desk_gripped,recording,-5.227234,-1.952497,8.080192,0.008969,0.022364,-0.009674
703908150.000,YZJ,non_handheld,desk_gripped,recording,-5.195193,-1.987310,8.108280,0.007669,0.040031,-0.004435
703908160.000,YZJ,non_handheld,desk_gripped,recording,-5.222932,-2.040991,8.027851,0.000342,0.043443,0.000936
703908170.000,YZJ,non_handheld,desk_gripped,recording,-5.181923,-2.199471,7.951909,-0.004598,0.031751,0.002711
703908180.000,YZJ,non_handheld,desk_gripped,recording,-5.160228,-2.213985,7.980280,-0.003721,0.021558,0.005771
703908190.000,YZJ,non_handheld,desk_gripped,recording,-5.186457,-2.092509,7.928338,-0.005679,0.000758,0.010135
703908200.000,YZJ,non_handheld,desk_gripped,recording,-5.229395,-2.039136,7.908082,-0.017708,-0.023013,0.013786
703908210.000,YZJ,non_handheld,desk_gripped,recording,-5.207105,-2.043709,8.034062,-0.022377,-0.023624,0.012655
703908220.000,YZJ,non_handheld,desk_gripped,recording,-5.210772,-1.994425,8.126108,-0.015430,-0.002610,0.003855
703908230.000,YZJ,non_handheld,desk_gripped,recording,-5.211771,-1.990822,8.153333,-0.003535,0.030285,-0.007932
703908240.000,YZJ,non_handheld,desk_gripped,recording,-5.210359,-2.025590,8.037384,0.003987,0.040806,-0.013055
703908250.000,YZJ,non_handheld,desk_gripped,recording,-5.242963,-1.956154,7.971109,-0.002721,0.026236,-0.009430
703908260.000,YZJ,non_handheld,desk_gripped,recording,-5.236809,-1.963381,7.939202,-0.012990,0.001047,-0.002222
703908270.000,YZJ,non_handheld,desk_gripped,recording,-5.223848,-2.018941,7.961542,-0.018569,-0.013872,0.004395
703908280.000,YZJ,non_handheld,desk_gripped,recording,-5.208877,-2.075009,8.033846,-0.016113,-0.007905,0.003484
703908290.000,YZJ,non_handheld,desk_gripped,recording,-5.191544,-2.119920,8.060332,-0.010299,0.004900,-0.000749
703908300.000,YZJ,non_handheld,desk_gripped,recording,-5.196208,-2.160040,8.036642,-0.005010,0.014799,-0.002094
703908310.000,YZJ,non_handheld,desk_gripped,recording,-5.186707,-2.126700,7.994468,-0.002610,0.016310,-0.002147
703908320.000,YZJ,non_handheld,desk_gripped,recording,-5.218895,-2.044888,8.021130,-0.003124,0.016144,0.000462
703908330.000,YZJ,non_handheld,desk_gripped,recording,-5.214356,-2.081218,8.056918,-0.004913,0.023440,0.005568
703908340.000,YZJ,non_handheld,desk_gripped,recording,-5.216596,-2.040354,8.037183,-0.005454,0.028773,0.005733
703908350.000,YZJ,non_handheld,desk_gripped,recording,-5.216815,-2.044666,8.041503,-0.004826,0.033928,0.007575
703908360.000,YZJ,non_handheld,desk_gripped,recording,-5.225272,-2.046575,7.935835,-0.009996,0.020413,0.006649
703908370.000,YZJ,non_handheld,desk_gripped,recording,-5.240055,-2.048916,7.893094,-0.018863,-0.003703,0.007593
703908380.000,YZJ,non_handheld,desk_gripped,recording,-5.245520,-2.039197,7.942836,-0.022052,-0.023435,0.006568
703908390.000,YZJ,non_handheld,desk_gripped,recording,-5.240911,-2.026382,7.946538,-0.017832,-0.035032,0.000543
703908400.000,YZJ,non_handheld,desk_gripped,recording,-5.237715,-2.023747,8.034971,-0.007346,-0.027646,-0.007084
703908410.000,YZJ,non_handheld,desk_gripped,recording,-5.225060,-2.021701,8.100079,0.007060,-0.004357,-0.016029
703908420.000,YZJ,non_handheld,desk_gripped,recording,-5.218532,-2.041180,8.094407,0.018511,0.018103,-0.020351
703908430.000,YZJ,non_handheld,desk_gripped,recording,-5.217756,-2.063663,8.035748,0.021520,0.027907,-0.018664
703908440.000,YZJ,non_handheld,desk_gripped,recording,-5.219160,-2.072991,7.982566,0.018446,0.025385,-0.013832
703908450.000,YZJ,non_handheld,desk_gripped,recording,-5.227937,-2.075666,7.943347,0.009517,0.009184,-0.007703
703908460.000,YZJ,non_handheld,desk_gripped,recording,-5.241533,-2.099334,7.945832,-0.000287,-0.008032,0.002275
703908470.000,YZJ,non_handheld,desk_gripped,recording,-5.219294,-2.075684,7.996229,-0.004652,-0.012123,0.008963
703908480.000,YZJ,non_handheld,desk_gripped,recording,-5.192561,-2.074251,8.113069,-0.003635,0.009309,0.013701
703908490.000,YZJ,non_handheld,desk_gripped,recording,-5.215184,-2.057505,8.094195,-0.000114,0.028770,0.014506
703908500.000,YZJ,non_handheld,desk_gripped,recording,-5.236413,-2.050676,8.055864,0.004861,0.043859,0.014324
703908510.000,YZJ,non_handheld,desk_gripped,recording,-5.231566,-2.043315,7.974598,0.002765,0.037299,0.014386
703908520.000,YZJ,non_handheld,desk_gripped,recording,-5.246967,-2.033317,7.900621,-0.005619,0.016163,0.012878
703908530.000,YZJ,non_handheld,desk_gripped,recording,-5.248895,-2.013238,7.957704,-0.010900,0.004872,0.009399
703908540.000,YZJ,non_handheld,desk_gripped,recording,-5.256094,-2.010976,7.996702,-0.011506,0.000177,0.002517
703908550.000,YZJ,non_handheld,desk_gripped,recording,-5.229378,-2.026850,8.031959,-0.011860,0.009225,-0.004553
703908560.000,YZJ,non_handheld,desk_gripped,recording,-5.246771,-2.029984,8.017449,-0.010576,0.015942,-0.007394
703908570.000,YZJ,non_handheld,desk_gripped,recording,-5.237018,-2.072339,7.970037,-0.010568,0.011777,-0.004453
703908580.000,YZJ,non_handheld,desk_gripped,recording,-5.237144,-2.094645,7.919389,-0.006831,-0.003613,0.004440
703908590.000,YZJ,non_handheld,desk_gripped,recording,-5.257530,-2.098432,7.894256,-0.007575,-0.027426,0.012736
703908600.000,YZJ,non_handheld,desk_gripped,recording,-5.236190,-2.077234,7.943121,-0.009402,-0.040085,0.017424
703908610.000,YZJ,non_handheld,desk_gripped,recording,-5.228857,-2.025805,8.050274,-0.010274,-0.033980,0.016967
703908620.000,YZJ,non_handheld,desk_gripped,recording,-5.228881,-2.027320,8.129966,-0.007528,-0.005324,0.011268
703908630.000,YZJ,non_handheld,desk_gripped,recording,-5.223135,-1.989932,8.153229,-0.008292,0.029404,0.001690
703908640.000,YZJ,non_handheld,desk_gripped,recording,-5.247247,-2.004288,8.086376,-0.013267,0.046539,-0.008796
703908650.000,YZJ,non_handheld,desk_gripped,recording,-5.255173,-2.021110,7.967770,-0.020162,0.039981,-0.016900
703908660.000,YZJ,non_handheld,desk_gripped,recording,-5.261933,-2.059528,7.917492,-0.026125,0.021343,-0.017472
703908670.000,YZJ,non_handheld,desk_gripped,recording,-5.256903,-2.084282,7.869777,-0.026352,-0.007698,-0.010883
703908680.000,YZJ,non_handheld,desk_gripped,recording,-5.237696,-2.100264,7.868562,-0.020684,-0.029773,-0.003809
703908690.000,YZJ,non_handheld,desk_gripped,recording,-5.239807,-2.091804,7.960175,-0.010128,-0.035484,-0.000831
703908700.000,YZJ,non_handheld,desk_gripped,recording,-5.223133,-2.052941,8.064777,0.002322,-0.021368,-0.001252
703908710.000,YZJ,non_handheld,desk_gripped,recording,-5.239839,-2.055050,8.073866,0.017492,0.001865,-0.003885
703908720.000,YZJ,non_handheld,desk_gripped,recording,-5.222852,-2.065876,8.092403,0.027972,0.024839,-0.002310
703908730.000,YZJ,non_handheld,desk_gripped,recording,-5.235863,-2.012779,8.004682,0.027282,0.023493,0.000443
703908740.000,YZJ,non_handheld,desk_gripped,recording,-5.236161,-2.007540,7.952985,0.019417,0.006387,0.005719
703908750.000,YZJ,non_handheld,desk_gripped,recording,-5.218872,-2.035279,7.982347,0.011846,-0.005838,0.008443
703908760.000,YZJ,non_handheld,desk_gripped,recording,-5.235687,-2.076844,7.968960,0.008716,-0.007848,0.004828
703908770.000,YZJ,non_handheld,desk_gripped,recording,-5.272763,-2.097796,7.962081,0.005945,-0.010614,-0.000172
703908780.000,YZJ,non_handheld,desk_gripped,recording,-5.274880,-2.064523,7.938507,0.003955,-0.015707,-0.004517
703908790.000,YZJ,non_handheld,desk_gripped,recording,-5.242735,-2.049379,7.991822,0.000730,-0.018429,-0.009901
703908800.000,YZJ,non_handheld,desk_gripped,recording,-5.229664,-2.035804,8.007772,0.000329,-0.015726,-0.012336
703908810.000,YZJ,non_handheld,desk_gripped,recording,-5.233304,-2.024285,8.054900,0.001137,-0.002456,-0.012611
703908820.000,YZJ,non_handheld,desk_gripped,recording,-5.220368,-2.053150,8.047744,-0.003688,0.005526,-0.008839
703908830.000,YZJ,non_handheld,desk_gripped,recording,-5.245700,-2.046261,8.012323,-0.010336,0.002342,-0.001708
703908840.000,YZJ,non_handheld,desk_gripped,recording,-5.226516,-2.053798,8.002978,-0.016186,0.006077,0.002040
703908850.000,YZJ,non_handheld,desk_gripped,recording,-5.214497,-2.085537,8.101415,-0.013354,0.027400,0.004918
703908860.000,YZJ,non_handheld,desk_gripped,recording,-5.206791,-2.073796,8.035037,-0.010955,0.037001,0.004910
703908870.000,YZJ,non_handheld,desk_gripped,recording,-5.238829,-2.083269,7.966573,-0.011390,0.029885,0.007887
703908880.000,YZJ,non_handheld,desk_gripped,recording,-5.235870,-2.091490,7.885256,-0.014754,0.006890,0.008455
703908890.000,YZJ,non_handheld,desk_gripped,recording,-5.250450,-2.095898,7.903030,-0.015001,-0.010103,0.010228
703908900.000,YZJ,non_handheld,desk_gripped,recording,-5.262447,-2.073600,7.958616,-0.009085,-0.015022,0.008601
703908910.000,YZJ,non_handheld,desk_gripped,recording,-5.271717,-2.057606,7.980316,-0.003308,-0.011372,0.005183
703908920.000,YZJ,non_handheld,desk_gripped,recording,-5.245662,-2.031553,8.038090,0.008240,0.001778,0.001141
703908930.000,YZJ,non_handheld,desk_gripped,recording,-5.213346,-1.988415,8.046453,0.019705,0.009287,0.002014
703908940.000,YZJ,non_handheld,desk_gripped,recording,-5.212872,-1.982676,7.951336,0.023689,-0.007493,0.008536
703908950.000,YZJ,non_handheld,desk_gripped,recording,-5.169769,-1.975603,7.943119,0.024666,-0.036685,0.014193
703908960.000,YZJ,non_handheld,desk_gripped,recording,-5.060469,-2.001273,7.993343,0.028357,-0.063616,0.012875
703908970.000,YZJ,non_handheld,desk_gripped,recording,-5.031665,-2.074570,8.016493,0.034751,-0.083257,0.003834
703908980.000,YZJ,non_handheld,desk_gripped,recording,-5.029688,-2.082566,8.038906,0.045676,-0.102222,-0.007401
703908990.000,YZJ,non_handheld,desk_gripped,recording,-5.458982,-2.195470,7.955665,0.042519,-0.091401,0.003421
703909000.000,YZJ,non_handheld,desk_gripped,recording,-5.463488,-2.112551,7.856007,0.037824,-0.073023,0.003656
703909010.000,YZJ,non_handheld,desk_gripped,recording,-5.440431,-2.098407,8.084824,0.042933,-0.024990,0.004899
703909020.000,YZJ,non_handheld,desk_gripped,recording,-5.205341,-2.039958,8.108060,0.046361,0.001726,-0.002001
703909030.000,YZJ,non_handheld,desk_gripped,recording,-5.220845,-2.039448,7.995460,0.035503,-0.002910,-0.000031
703909040.000,YZJ,non_handheld,desk_gripped,recording,-5.190835,-2.045717,7.931795,0.016975,-0.028210,0.008005
703909050.000,YZJ,non_handheld,desk_gripped,recording,-5.203167,-2.066620,7.911446,0.000425,-0.058965,0.013489
703909060.000,YZJ,non_handheld,desk_gripped,recording,-5.223892,-2.017564,7.981236,-0.005232,-0.075473,0.013914
703909070.000,YZJ,non_handheld,desk_gripped,recording,-5.200222,-1.990176,8.013871,-0.005996,-0.079789,0.007621
703909080.000,YZJ,non_handheld,desk_gripped,recording,-5.172047,-2.029970,8.116497,-0.002341,-0.058107,-0.005556
703909090.000,YZJ,non_handheld,desk_gripped,recording,-5.200373,-2.023202,8.269757,0.013407,-0.001335,-0.016137
703909100.000,YZJ,non_handheld,desk_gripped,recording,-5.211284,-2.060780,8.193494,0.028204,0.046460,-0.020218
703909110.000,YZJ,non_handheld,desk_gripped,recording,-5.277882,-2.120474,8.003736,0.026633,0.061762,-0.008243
703909120.000,YZJ,non_handheld,desk_gripped,recording,-5.295521,-2.114378,7.950915,0.013870,0.061432,0.008913
703909130.000,YZJ,non_handheld,desk_gripped,recording,-5.252455,-2.054509,7.959258,0.001244,0.047028,0.021823
703909140.000,YZJ,non_handheld,desk_gripped,recording,-4.927187,-1.942599,8.092954,-0.001541,0.021149,0.016320
703909150.000,YZJ,non_handheld,desk_gripped,recording,-5.128083,-1.909806,8.124954,-0.007541,0.012730,0.018800
703909160.000,YZJ,non_handheld,desk_gripped,recording,-5.206357,-2.009841,7.902708,-0.021842,-0.015568,0.015105
703909170.000,YZJ,non_handheld,desk_gripped,recording,-5.210805,-1.985361,8.040249,-0.022464,-0.017921,0.007909
703909180.000,YZJ,non_handheld,desk_gripped,recording,-5.213882,-1.996489,8.028467,-0.013607,-0.010477,-0.000361
703909190.000,YZJ,non_handheld,desk_gripped,recording,-5.242526,-2.003324,8.003327,-0.009658,-0.014289,-0.006903
703909200.000,YZJ,non_handheld,desk_gripped,recording,-5.206139,-2.028455,8.040819,-0.006917,-0.009308,-0.010055
703909210.000,YZJ,non_handheld,desk_gripped,recording,-5.179769,-2.030699,8.061397,-0.005664,0.000367,-0.009036
703909220.000,YZJ,non_handheld,desk_gripped,recording,-5.191974,-2.027598,8.070632,-0.005667,0.009289,-0.006480
703909230.000,YZJ,non_handheld,desk_gripped,recording,-5.206819,-2.054369,8.094494,-0.004045,0.025622,-0.004207
703909240.000,YZJ,non_handheld,desk_gripped,recording,-5.192065,-2.018272,8.078194,-0.006323,0.037833,-0.004787
703909250.000,YZJ,non_handheld,desk_gripped,recording,-5.212311,-1.969396,8.060856,-0.010512,0.043337,-0.005509
703909260.000,YZJ,non_handheld,desk_gripped,recording,-5.202655,-1.940181,8.047446,-0.018060,0.044615,-0.004671
703909270.000,YZJ,non_handheld,desk_gripped,recording,-5.216978,-1.987479,8.014154,-0.022628,0.042028,-0.002117
703909280.000,YZJ,non_handheld,desk_gripped,recording,-5.228589,-1.997995,7.984674,-0.018774,0.035118,0.001249
703909290.000,YZJ,non_handheld,desk_gripped,recording,-5.222020,-2.049850,7.900888,-0.013473,0.012715,0.004472
703909300.000,YZJ,non_handheld,desk_gripped,recording,-5.257603,-2.113558,7.856879,-0.008193,-0.013115,0.008057
703909310.000,YZJ,non_handheld,desk_gripped,recording,-5.200500,-2.126579,7.922110,-0.002072,-0.028422,0.008919
703909320.000,YZJ,non_handheld,desk_gripped,recording,-5.216295,-2.081810,7.983100,0.003039,-0.033417,0.005655
703909330.000,YZJ,non_handheld,desk_gripped,recording,-5.185593,-2.042548,8.064089,0.005032,-0.023713,0.003262
703909340.000,YZJ,non_handheld,desk_gripped,recording,-5.208790,-2.030798,8.056461,-0.001029,-0.014632,0.000568
703909350.000,YZJ,non_handheld,desk_gripped,recording,-5.212534,-2.003409,8.121741,-0.006994,0.001704,-0.003842
703909360.000,YZJ,non_handheld,desk_gripped,recording,-5.212533,-1.990449,8.105479,-0.012722,0.020086,-0.012111
703909370.000,YZJ,non_handheld,desk_gripped,recording,-5.201587,-2.017554,8.066257,-0.017308,0.032995,-0.020643
703909380.000,YZJ,non_handheld,desk_gripped,recording,-5.228184,-2.039408,8.011152,-0.021901,0.035716,-0.022916
703909390.000,YZJ,non_handheld,desk_gripped,recording,-5.202256,-2.071409,7.987323,-0.022756,0.028948,-0.015902
703909400.000,YZJ,non_handheld,desk_gripped,recording,-5.218447,-2.096705,7.946989,-0.020453,0.018597,-0.005811
703909410.000,YZJ,non_handheld,desk_gripped,recording,-5.221149,-2.097232,7.965854,-0.012646,0.009799,0.001230
703909420.000,YZJ,non_handheld,desk_gripped,recording,-5.221602,-2.074961,7.956689,-0.006189,-0.000168,0.008084
703909430.000,YZJ,non_handheld,desk_gripped,recording,-5.225290,-2.070287,7.948916,-0.005486,-0.014717,0.012329
703909440.000,YZJ,non_handheld,desk_gripped,recording,-5.236185,-2.046559,7.971950,-0.004473,-0.025023,0.013668
703909450.000,YZJ,non_handheld,desk_gripped,recording,-5.222976,-2.054606,8.006072,-0.004290,-0.024288,0.012037
703909460.000,YZJ,non_handheld,desk_gripped,recording,-5.214974,-2.038951,8.056786,-0.001160,-0.014507,0.010748
703909470.000,YZJ,non_handheld,desk_gripped,recording,-5.192880,-2.040881,8.030177,-0.000214,-0.010297,0.007735
703909480.000,YZJ,non_handheld,desk_gripped,recording,-5.224251,-2.052149,8.002032,-0.001529,-0.009921,0.007275
703909490.000,YZJ,non_handheld,desk_gripped,recording,-5.229944,-2.051517,7.967013,-0.005813,-0.018652,0.008406
703909500.000,YZJ,non_handheld,desk_gripped,recording,-5.221707,-2.082770,7.971996,-0.008500,-0.028029,0.009785
703909510.000,YZJ,non_handheld,desk_gripped,recording,-5.192690,-2.080077,8.064478,-0.004050,-0.015875,0.003873
703909520.000,YZJ,non_handheld,desk_gripped,recording,-5.195035,-2.056269,8.120753,0.006761,0.010310,-0.003598
703909530.000,YZJ,non_handheld,desk_gripped,recording,-5.214208,-2.010851,8.035554,0.008375,0.016241,-0.006148
703909540.000,YZJ,non_handheld,desk_gripped,recording,-5.242386,-2.004067,7.981946,0.003337,0.005166,-0.005851
703909550.000,YZJ,non_handheld,desk_gripped,recording,-5.220944,-2.031831,7.984223,-0.000561,-0.000273,-0.003100
703909560.000,YZJ,non_handheld,desk_gripped,recording,-5.202575,-2.044220,8.040484,-0.003011,-0.002313,0.000459
703909570.000,YZJ,non_handheld,desk_gripped,recording,-5.214595,-2.025562,7.959857,-0.010105,-0.012636,0.000253
703909580.000,YZJ,non_handheld,desk_gripped,recording,-5.214820,-2.040549,7.987301,-0.018795,-0.021337,-0.001673
703909590.000,YZJ,non_handheld,desk_gripped,recording,-5.213005,-2.047458,8.053901,-0.023717,-0.017118,-0.004318
703909600.000,YZJ,non_handheld,desk_gripped,recording,-5.204350,-2.073000,8.114880,-0.018030,0.003228,-0.006959
703909610.000,YZJ,non_handheld,desk_gripped,recording,-5.196448,-2.074297,8.058194,-0.013619,0.014658,-0.006939
703909620.000,YZJ,non_handheld,desk_gripped,recording,-5.210629,-2.057530,8.004216,-0.011906,0.014872,-0.004720
703909630.000,YZJ,non_handheld,desk_gripped,recording,-5.209950,-2.060735,8.003940,-0.009687,0.014762,-0.000789
703909640.000,YZJ,non_handheld,desk_gripped,recording,-5.211344,-2.081241,8.028252,-0.004946,0.019987,0.003791
703909650.000,YZJ,non_handheld,desk_gripped,recording,-5.213566,-2.057586,8.018639,-0.003694,0.021637,0.003774
703909660.000,YZJ,non_handheld,desk_gripped,recording,-5.237478,-2.049200,8.025023,-0.006234,0.024592,0.001721
703909670.000,YZJ,non_handheld,desk_gripped,recording,-5.221394,-2.054204,7.978762,-0.012478,0.018811,0.000571
703909680.000,YZJ,non_handheld,desk_gripped,recording,-5.230364,-2.056427,7.938764,-0.023781,0.000618,0.001291
703909690.000,YZJ,non_handheld,desk_gripped,recording,-5.228249,-2.029570,8.013755,-0.034549,-0.005953,-0.001955
703909700.000,YZJ,non_handheld,desk_gripped,recording,-5.207894,-2.096866,7.947101,-0.040639,-0.017639,0.001811
703909710.000,YZJ,non_handheld,desk_gripped,recording,-5.229097,-2.065567,7.990029,-0.037283,-0.024909,0.000761
703909720.000,YZJ,non_handheld,desk_gripped,recording,-5.229652,-2.062527,8.011285,-0.027861,-0.022279,-0.000431
703909730.000,YZJ,non_handheld,desk_gripped,recording,-5.213526,-2.061498,8.044320,-0.015451,-0.011995,-0.002030
703909740.000,YZJ,non_handheld,desk_gripped,recording,-5.203420,-2.069920,8.054740,-0.003059,0.004631,-0.004248
703909750.000,YZJ,non_handheld,desk_gripped,recording,-5.207314,-2.082049,8.096271,0.014807,0.030119,-0.006820
703909760.000,YZJ,non_handheld,desk_gripped,recording,-5.198951,-2.105671,8.061140,0.023719,0.045922,-0.003447
703909770.000,YZJ,non_handheld,desk_gripped,recording,-5.212025,-2.089416,7.981373,0.021379,0.041985,0.004709
703909780.000,YZJ,non_handheld,desk_gripped,recording,-5.230839,-2.101793,7.911337,0.010031,0.022448,0.014450
703909790.000,YZJ,non_handheld,desk_gripped,recording,-5.229286,-2.073193,7.947347,-0.001223,0.005338,0.017952
703909800.000,YZJ,non_handheld,desk_gripped,recording,-5.237299,-2.051582,7.997550,-0.010437,-0.000202,0.016131
703909810.000,YZJ,non_handheld,desk_gripped,recording,-5.236433,-2.047351,7.994552,-0.018551,-0.003183,0.012399
703909820.000,YZJ,non_handheld,desk_gripped,recording,-5.237560,-2.094871,7.990766,-0.022564,-0.004462,0.009442
703909830.000,YZJ,non_handheld,desk_gripped,recording,-5.236374,-2.096581,7.919519,-0.023133,-0.014378,0.009880
703909840.000,YZJ,non_handheld,desk_gripped,recording,-5.225941,-2.072265,7.960909,-0.017973,-0.025720,0.013256
703909850.000,YZJ,non_handheld,desk_gripped,recording,-5.229162,-2.059652,8.005036,-0.012474,-0.028963,0.014873
703909860.000,YZJ,non_handheld,desk_gripped,recording,-5.212228,-2.083125,8.025402,-0.005531,-0.017919,0.013717
703909870.000,YZJ,non_handheld,desk_gripped,recording,-5.224989,-2.058694,8.085901,-0.000524,0.003597,0.009639
703909880.000,YZJ,non_handheld,desk_gripped,recording,-5.223395,-2.043718,8.079382,0.000904,0.023190,0.003032
703909890.000,YZJ,non_handheld,desk_gripped,recording,-5.225510,-2.041623,8.090333,-0.000480,0.038613,-0.002254
703909900.000,YZJ,non_handheld,desk_gripped,recording,-5.239963,-2.060704,8.049189,-0.002574,0.048455,-0.004032
703909910.000,YZJ,non_handheld,desk_gripped,recording,-5.234005,-2.056425,7.951280,-0.010357,0.041007,-0.004763
703909920.000,YZJ,non_handheld,desk_gripped,recording,-5.248275,-2.080612,7.903095,-0.020735,0.016174,-0.002977
703909930.000,YZJ,non_handheld,desk_gripped,recording,-5.235236,-2.087744,7.890908,-0.027939,-0.008273,-0.001782
703909940.000,YZJ,non_handheld,desk_gripped,recording,-5.231849,-2.103141,7.900370,-0.028650,-0.025651,-0.001395
703909950.000,YZJ,non_handheld,desk_gripped,recording,-5.231362,-2.087336,7.990541,-0.017614,-0.025740,-0.002105
703909960.000,YZJ,non_handheld,desk_gripped,recording,-5.235931,-2.067876,8.085697,-0.004229,-0.007760,-0.003596
703909970.000,YZJ,non_handheld,desk_gripped,recording,-5.246708,-2.036148,8.002501,-0.000204,-0.003780,-0.006503
703909980.000,YZJ,non_handheld,desk_gripped,recording,-5.223639,-2.072235,7.991087,-0.000745,-0.005171,-0.009320
703909990.000,YZJ,non_handheld,desk_gripped,recording,-5.238078,-2.065519,8.019291,-0.001619,0.000911,-0.013561
703910000.000,YZJ,non_handheld,desk_gripped,recording,-5.240694,-2.087909,7.992617,0.000480,0.002187,-0.014663
703910010.000,YZJ,non_handheld,desk_gripped,recording,-5.237763,-2.091264,7.961051,-0.002131,-0.006244,-0.013047
703910020.000,YZJ,non_handheld,desk_gripped,recording,-5.235713,-2.099215,7.936143,-0.009771,-0.020636,-0.008663
703910030.000,YZJ,non_handheld,desk_gripped,recording,-5.227611,-2.101445,7.958613,-0.015062,-0.029144,-0.006918
703910040.000,YZJ,non_handheld,desk_gripped,recording,-5.222261,-2.119521,8.018402,-0.007944,-0.023670,-0.004172
703910050.000,YZJ,non_handheld,desk_gripped,recording,-5.217389,-2.133081,8.020863,0.003732,-0.018450,0.002737
703910060.000,YZJ,non_handheld,desk_gripped,recording,-5.212763,-2.129902,7.979168,0.009587,-0.020409,0.011143
703910070.000,YZJ,non_handheld,desk_gripped,recording,-5.210827,-2.115487,7.920047,0.009393,-0.034061,0.018304
703910080.000,YZJ,non_handheld,desk_gripped,recording,-5.215093,-2.129071,7.982125,0.005422,-0.039322,0.022978
703910090.000,YZJ,non_handheld,desk_gripped,recording,-5.196547,-2.139447,8.022222,0.008200,-0.035450,0.022177
703910100.000,YZJ,non_handheld,desk_gripped,recording,-5.196668,-2.131375,8.005337,0.008346,-0.033049,0.012726
703910110.000,YZJ,non_handheld,desk_gripped,recording,-5.196584,-2.160779,7.997420,0.007369,-0.032021,0.002372
703910120.000,YZJ,non_handheld,desk_gripped,recording,-5.202373,-2.140025,8.041751,0.007561,-0.024330,-0.007037
703910130.000,YZJ,non_handheld,desk_gripped,recording,-5.207474,-2.106730,8.038855,0.006863,-0.016510,-0.015844
703910140.000,YZJ,non_handheld,desk_gripped,recording,-5.208010,-2.097908,7.993070,0.002669,-0.015667,-0.020707
703910150.000,YZJ,non_handheld,desk_gripped,recording,-5.201987,-2.050365,8.020845,-0.004440,-0.020530,-0.020230
703910160.000,YZJ,non_handheld,desk_gripped,recording,-5.210344,-1.985426,8.051102,-0.011592,-0.021151,-0.012360
703910170.000,YZJ,non_handheld,desk_gripped,recording,-5.209595,-2.025234,8.084996,-0.016959,-0.015214,-0.002691
703910180.000,YZJ,non_handheld,desk_gripped,recording,-5.166071,-2.044758,8.015823,-0.015624,-0.016337,0.004516
703910190.000,YZJ,non_handheld,desk_gripped,recording,-5.175244,-2.108600,7.985177,-0.007714,-0.023866,0.012799
703910200.000,YZJ,non_handheld,desk_gripped,recording,-5.155551,-2.129243,7.897821,-0.000856,-0.049505,0.015290
703910210.000,YZJ,non_handheld,desk_gripped,recording,-5.193073,-2.109527,7.919073,0.010001,-0.071919,0.013399
703910220.000,YZJ,non_handheld,desk_gripped,recording,-5.231831,-2.064486,8.034660,0.024416,-0.058307,0.005625
703910230.000,YZJ,non_handheld,desk_gripped,recording,-5.227783,-2.030937,8.187228,0.039675,-0.010644,-0.005896
703910240.000,YZJ,non_handheld,desk_gripped,recording,-5.185763,-2.002296,8.241130,0.046547,0.037240,-0.016169
703910250.000,YZJ,non_handheld,desk_gripped,recording,-5.216554,-2.006527,8.103221,0.040768,0.054880,-0.020504
703910260.000,YZJ,non_handheld,desk_gripped,recording,-5.200085,-2.067413,7.958913,0.024530,0.040073,-0.017339
703910270.000,YZJ,non_handheld,desk_gripped,recording,-5.202573,-2.104242,7.876743,0.003867,0.004785,-0.007044
703910280.000,YZJ,non_handheld,desk_gripped,recording,-5.197151,-2.115966,7.878579,-0.011302,-0.034286,-0.000681
703910290.000,YZJ,non_handheld,desk_gripped,recording,-5.188636,-2.114372,7.932686,-0.020450,-0.057265,0.002108
703910300.000,YZJ,non_handheld,desk_gripped,recording,-5.174260,-2.070558,8.073205,-0.015605,-0.051051,0.000442
703910310.000,YZJ,non_handheld,desk_gripped,recording,-5.184263,-2.067797,8.143932,-0.005886,-0.023589,-0.000182
703910320.000,YZJ,non_handheld,desk_gripped,recording,-5.167055,-2.027549,8.135930,0.000077,0.002466,-0.000429
703910330.000,YZJ,non_handheld,desk_gripped,recording,-5.178163,-2.071119,8.125680,0.000517,0.022869,0.000171
703910340.000,YZJ,non_handheld,desk_gripped,recording,-5.164172,-2.095061,8.126328,0.002889,0.044221,0.001906
703910350.000,YZJ,non_handheld,desk_gripped,recording,-5.187461,-2.084730,8.047769,-0.000846,0.051002,0.003830
703910360.000,YZJ,non_handheld,desk_gripped,recording,-5.192032,-2.062302,8.025317,-0.011745,0.045297,0.002783
703910370.000,YZJ,non_handheld,desk_gripped,recording,-5.197244,-2.077946,7.956321,-0.023456,0.030851,0.001719
703910380.000,YZJ,non_handheld,desk_gripped,recording,-5.196996,-2.079357,8.002957,-0.027281,0.021166,0.000508
703910390.000,YZJ,non_handheld,desk_gripped,recording,-5.188893,-2.083004,8.007926,-0.025180,0.018397,-0.000545
703910400.000,YZJ,non_handheld,desk_gripped,recording,-5.182449,-2.138069,7.988230,-0.018130,0.013105,-0.002050
703910410.000,YZJ,non_handheld,desk_gripped,recording,-5.175938,-2.149817,7.934311,-0.004956,-0.000614,-0.003382
703910420.000,YZJ,non_handheld,desk_gripped,recording,-5.185102,-2.132580,7.882705,0.008025,-0.024509,-0.006250
703910430.000,YZJ,non_handheld,desk_gripped,recording,-5.216675,-2.099923,7.875618,0.018034,-0.053685,-0.007645
703910440.000,YZJ,non_handheld,desk_gripped,recording,-5.219965,-2.064729,7.946627,0.026136,-0.067027,-0.009091
703910450.000,YZJ,non_handheld,desk_gripped,recording,-5.216225,-2.045900,8.085608,0.038529,-0.052903,-0.010119
703910460.000,YZJ,non_handheld,desk_gripped,recording,-5.184432,-2.017933,8.117828,0.049465,-0.031797,-0.013076
703910470.000,YZJ,non_handheld,desk_gripped,recording,-5.189957,-2.020182,8.114942,0.052457,-0.011215,-0.015400
703910480.000,YZJ,non_handheld,desk_gripped,recording,-5.153713,-2.080847,8.140477,0.054220,0.013192,-0.015049
703910490.000,YZJ,non_handheld,desk_gripped,recording,-5.177114,-2.086814,8.053686,0.046433,0.016375,-0.009807
703910500.000,YZJ,non_handheld,desk_gripped,recording,-5.179685,-2.102904,7.987399,0.034876,0.005283,-0.000824
703910510.000,YZJ,non_handheld,desk_gripped,recording,-5.179282,-2.104867,7.991249,0.023684,-0.008479,0.009706
703910520.000,YZJ,non_handheld,desk_gripped,recording,-5.178243,-2.094100,8.006972,0.017240,-0.016935,0.016268
703910530.000,YZJ,non_handheld,desk_gripped,recording,-5.150729,-2.114340,8.116879,0.023408,0.003250,0.016621
703910540.000,YZJ,non_handheld,desk_gripped,recording,-5.176099,-2.124806,8.012999,0.022153,0.008356,0.013685
703910550.000,YZJ,non_handheld,desk_gripped,recording,-5.180637,-2.054936,8.047942,0.013499,0.004638,0.015578
703910560.000,YZJ,non_handheld,desk_gripped,recording,-5.195556,-1.989186,8.032683,0.003501,-0.000825,0.020699
703910570.000,YZJ,non_handheld,desk_gripped,recording,-5.195901,-2.028385,7.991232,-0.011270,-0.014176,0.024371
703910580.000,YZJ,non_handheld,desk_gripped,recording,-5.183034,-2.052759,8.069077,-0.019664,-0.010104,0.022876
703910590.000,YZJ,non_handheld,desk_gripped,recording,-5.173119,-2.005140,8.135863,-0.023874,0.011512,0.013491
703910600.000,YZJ,non_handheld,desk_gripped,recording,-5.179441,-2.003186,8.141157,-0.027061,0.032949,0.001950
703910610.000,YZJ,non_handheld,desk_gripped,recording,-5.192400,-2.015862,8.078647,-0.029283,0.045483,-0.007532
703910620.000,YZJ,non_handheld,desk_gripped,recording,-5.200950,-2.040008,8.019212,-0.029168,0.042324,-0.011753
703910630.000,YZJ,non_handheld,desk_gripped,recording,-5.196136,-2.081198,7.983730,-0.024793,0.032538,-0.010081
703910640.000,YZJ,non_handheld,desk_gripped,recording,-5.208439,-2.100872,7.959671,-0.015576,0.024776,-0.004275
703910650.000,YZJ,non_handheld,desk_gripped,recording,-5.187801,-2.113286,7.968137,-0.006094,0.015907,0.004163
703910660.000,YZJ,non_handheld,desk_gripped,recording,-5.195084,-2.103681,7.983899,0.004520,0.009193,0.012786
703910670.000,YZJ,non_handheld,desk_gripped,recording,-5.197278,-2.116352,7.977961,0.005811,0.000137,0.022717
703910680.000,YZJ,non_handheld,desk_gripped,recording,-5.200383,-2.074738,7.958067,0.000830,-0.014827,0.028447
703910690.000,YZJ,non_handheld,desk_gripped,recording,-5.198878,-2.037030,8.021102,-0.005966,-0.020477,0.025899
703910700.000,YZJ,non_handheld,desk_gripped,recording,-5.223069,-2.020281,7.989970,-0.015146,-0.030695,0.016599
703910710.000,YZJ,non_handheld,desk_gripped,recording,-5.226851,-2.008802,7.949977,-0.028927,-0.050959,0.005670
703910720.000,YZJ,non_handheld,desk_gripped,recording,-5.208622,-2.020961,8.020318,-0.030837,-0.054534,-0.006408
703910730.000,YZJ,non_handheld,desk_gripped,recording,-5.178773,-2.025398,8.147649,-0.014726,-0.025304,-0.020033
703910740.000,YZJ,non_handheld,desk_gripped,recording,-5.168979,-2.068944,8.223204,0.008229,0.019596,-0.026609
703910750.000,YZJ,non_handheld,desk_gripped,recording,-5.174476,-2.074884,8.071278,0.019303,0.039710,-0.021816
703910760.000,YZJ,non_handheld,desk_gripped,recording,-5.168029,-2.136562,7.974151,0.020516,0.033019,-0.007411
703910770.000,YZJ,non_handheld,desk_gripped,recording,-5.190481,-2.141986,7.917594,0.013584,0.009839,0.008131
703910780.000,YZJ,non_handheld,desk_gripped,recording,-5.193660,-2.117196,7.933992,0.005080,-0.017730,0.022128
703910790.000,YZJ,non_handheld,desk_gripped,recording,-5.199760,-2.083672,7.947024,-0.003263,-0.042319,0.027015
703910800.000,YZJ,non_handheld,desk_gripped,recording,-5.200678,-2.052314,7.974950,-0.009127,-0.056799,0.025471
703910810.000,YZJ,non_handheld,desk_gripped,recording,-5.180941,-2.019904,8.072717,-0.006612,-0.048052,0.017339
703910820.000,YZJ,non_handheld,desk_gripped,recording,-5.167651,-2.040433,8.138722,0.004089,-0.021562,0.007232
703910830.000,YZJ,non_handheld,desk_gripped,recording,-5.173054,-2.049766,8.089244,0.013253,-0.003920,-0.001132
703910840.000,YZJ,non_handheld,desk_gripped,recording,-5.184050,-2.043303,8.094084,0.019831,0.009390,-0.004430
703910850.000,YZJ,non_handheld,desk_gripped,recording,-5.184549,-2.052521,8.045064,0.020300,0.009295,-0.003327
703910860.000,YZJ,non_handheld,desk_gripped,recording,-5.183366,-2.066277,8.007820,0.016514,0.003227,-0.001838
703910870.000,YZJ,non_handheld,desk_gripped,recording,-5.185575,-2.071257,7.962464,0.011294,-0.012470,0.002154
703910880.000,YZJ,non_handheld,desk_gripped,recording,-5.185502,-2.053264,7.923896,0.005168,-0.037098,0.004746
703910890.000,YZJ,non_handheld,desk_gripped,recording,-5.184334,-2.070211,7.985950,0.005238,-0.046655,0.005000
703910900.000,YZJ,non_handheld,desk_gripped,recording,-5.168476,-2.023835,8.078282,0.007774,-0.041245,0.001841
703910910.000,YZJ,non_handheld,desk_gripped,recording,-5.182369,-1.999974,8.114786,0.014341,-0.023450,-0.007836
703910920.000,YZJ,non_handheld,desk_gripped,recording,-5.165944,-2.015033,8.194732,0.026319,0.009021,-0.018461
703910930.000,YZJ,non_handheld,desk_gripped,recording,-5.157972,-2.052337,8.122131,0.027249,0.027747,-0.020703
703910940.000,YZJ,non_handheld,desk_gripped,recording,-5.172295,-2.070814,8.009590,0.014283,0.016671,-0.017458
703910950.000,YZJ,non_handheld,desk_gripped,recording,-5.168399,-2.088829,7.993783,-0.002932,0.002151,-0.008124
703910960.000,YZJ,non_handheld,desk_gripped,recording,-5.168085,-2.059094,8.030901,-0.014990,-0.003513,-0.002436
703910970.000,YZJ,non_handheld,desk_gripped,recording,-5.168730,-2.058659,8.067876,-0.022545,0.000194,-0.000577
703910980.000,YZJ,non_handheld,desk_gripped,recording,-5.167789,-2.053224,8.115877,-0.023548,0.015351,-0.002717
703910990.000,YZJ,non_handheld,desk_gripped,recording,-5.170019,-2.025888,8.149902,-0.018623,0.040353,-0.008708
703911000.000,YZJ,non_handheld,desk_gripped,recording,-5.171270,-2.046533,8.152777,-0.008357,0.068111,-0.013361
703911010.000,YZJ,non_handheld,desk_gripped,recording,-5.179900,-2.051829,8.050896,0.001797,0.074141,-0.011653
703911020.000,YZJ,non_handheld,desk_gripped,recording,-5.186332,-2.011570,7.907591,-0.003938,0.045008,-0.001628
703911030.000,YZJ,non_handheld,desk_gripped,recording,-5.209676,-2.021924,7.832990,-0.021069,-0.006996,0.011222
703911040.000,YZJ,non_handheld,desk_gripped,recording,-5.205159,-2.074508,7.854005,-0.035564,-0.049638,0.014799
703911050.000,YZJ,non_handheld,desk_gripped,recording,-5.185052,-2.146348,8.023731,-0.028857,-0.051932,0.011988
703911060.000,YZJ,non_handheld,desk_gripped,recording,-5.178915,-2.133841,8.034510,-0.014354,-0.041581,0.004164
703911070.000,YZJ,non_handheld,desk_gripped,recording,-5.178133,-2.063590,8.044206,-0.004543,-0.036435,-0.000297
703911080.000,YZJ,non_handheld,desk_gripped,recording,-5.166885,-2.086248,8.044316,0.004510,-0.031700,0.001131
703911090.000,YZJ,non_handheld,desk_gripped,recording,-5.162865,-2.090385,8.049372,0.015912,-0.026988,0.006752
703911100.000,YZJ,non_handheld,desk_gripped,recording,-5.167803,-2.127334,8.028887,0.028236,-0.024005,0.016915
703911110.000,YZJ,non_handheld,desk_gripped,recording,-5.159835,-2.091578,8.020209,0.033191,-0.028982,0.025351
703911120.000,YZJ,non_handheld,desk_gripped,recording,-5.167142,-2.080357,8.016787,0.029737,-0.031470,0.030007
703911130.000,YZJ,non_handheld,desk_gripped,recording,-5.159982,-2.069166,8.082663,0.024766,-0.024564,0.030681
703911140.000,YZJ,non_handheld,desk_gripped,recording,-5.163880,-2.027261,8.080114,0.021919,-0.017583,0.026472
703911150.000,YZJ,non_handheld,desk_gripped,recording,-5.173744,-2.051558,8.082111,0.021334,-0.009496,0.013760
703911160.000,YZJ,non_handheld,desk_gripped,recording,-5.165709,-2.128865,8.045797,0.021575,-0.005743,0.001573
703911170.000,YZJ,non_handheld,desk_gripped,recording,-5.165842,-2.125242,7.965171,0.018507,-0.016299,-0.003398
703911180.000,YZJ,non_handheld,desk_gripped,recording,-5.168161,-2.112809,7.947706,0.011646,-0.038161,-0.005681
703911190.000,YZJ,non_handheld,desk_gripped,recording,-5.134624,-2.064011,8.010762,0.007667,-0.055569,-0.005169
703911200.000,YZJ,non_handheld,desk_gripped,recording,-5.140226,-2.039629,8.066954,0.006877,-0.055463,-0.002013
703911210.000,YZJ,non_handheld,desk_gripped,recording,-5.172270,-2.027107,8.147458,0.007549,-0.034063,0.005792
703911220.000,YZJ,non_handheld,desk_gripped,recording,-5.150720,-1.913092,8.192033,0.005140,-0.011900,0.014938
703911230.000,YZJ,non_handheld,desk_gripped,recording,-5.147556,-1.967176,8.163895,-0.001871,0.007128,0.019463
703911240.000,YZJ,non_handheld,desk_gripped,recording,-5.149399,-2.016793,8.111662,-0.005237,0.021120,0.020485
703911250.000,YZJ,non_handheld,desk_gripped,recording,-5.130528,-2.018823,8.081368,-0.004129,0.023692,0.017597
703911260.000,YZJ,non_handheld,desk_gripped,recording,-5.132572,-2.000116,8.052172,-0.006877,0.013734,0.012890
703911270.000,YZJ,non_handheld,desk_gripped,recording,-5.142939,-1.987933,8.026760,-0.016186,0.000156,0.008031
703911280.000,YZJ,non_handheld,desk_gripped,recording,-5.210363,-2.038936,8.027217,-0.024721,-0.003222,0.003488
703911290.000,YZJ,non_handheld,desk_gripped,recording,-5.211590,-2.034520,8.042765,-0.027430,-0.000016,-0.003098
703911300.000,YZJ,non_handheld,desk_gripped,recording,-5.146217,-2.012771,8.135630,-0.025796,0.014063,-0.012803
703911310.000,YZJ,non_handheld,desk_gripped,recording,-5.145374,-2.033019,8.091038,-0.027652,0.021839,-0.017418
703911320.000,YZJ,non_handheld,desk_gripped,recording,-5.153931,-2.037807,8.054494,-0.025796,0.024324,-0.019693
703911330.000,YZJ,non_handheld,desk_gripped,recording,-5.157316,-2.048789,8.053732,-0.021670,0.026407,-0.021549
703911340.000,YZJ,non_handheld,desk_gripped,recording,-5.166039,-2.051693,8.027309,-0.015102,0.024893,-0.021648
703911350.000,YZJ,non_handheld,desk_gripped,recording,-5.171148,-2.061413,8.037997,-0.010127,0.020581,-0.021392
703911360.000,YZJ,non_handheld,desk_gripped,recording,-5.164957,-2.028224,8.013798,-0.007138,0.013070,-0.018452
703911370.000,YZJ,non_handheld,desk_gripped,recording,-5.176687,-2.031346,8.024859,-0.007996,0.007910,-0.012017
703911380.000,YZJ,non_handheld,desk_gripped,recording,-5.172318,-2.054684,8.018117,-0.012210,0.002545,-0.009278
703911390.000,YZJ,non_handheld,desk_gripped,recording,-5.169562,-2.066837,8.039875,-0.013787,0.003554,-0.010061
703911400.000,YZJ,non_handheld,desk_gripped,recording,-5.168718,-2.114871,8.052525,-0.009321,0.009006,-0.013225
703911410.000,YZJ,non_handheld,desk_gripped,recording,-5.154828,-2.103837,8.045902,-0.004952,0.014705,-0.015855
703911420.000,YZJ,non_handheld,desk_gripped,recording,-5.164752,-2.094366,8.033888,-0.001575,0.012182,-0.012171
703911430.000,YZJ,non_handheld,desk_gripped,recording,-5.160912,-2.092127,8.001058,-0.000561,0.001529,-0.003523
703911440.000,YZJ,non_handheld,desk_gripped,recording,-5.164842,-2.094858,7.975812,-0.000205,-0.009630,0.004926
703911450.000,YZJ,non_handheld,desk_gripped,recording,-5.164376,-2.099934,7.995841,-0.001094,-0.022453,0.010627
703911460.000,YZJ,non_handheld,desk_gripped,recording,-5.155455,-2.090494,8.042021,0.003094,-0.021847,0.013177
703911470.000,YZJ,non_handheld,desk_gripped,recording,-5.155991,-2.086016,8.088585,0.008074,-0.010891,0.011314
703911480.000,YZJ,non_handheld,desk_gripped,recording,-5.157217,-2.047171,8.070363,0.010293,-0.001610,0.005723
703911490.000,YZJ,non_handheld,desk_gripped,recording,-5.158441,-2.041815,8.076840,0.009821,0.007147,0.002063
703911500.000,YZJ,non_handheld,desk_gripped,recording,-5.161433,-2.062320,8.063080,0.012297,0.014139,-0.001373
703911510.000,YZJ,non_handheld,desk_gripped,recording,-5.170494,-2.060317,8.029018,0.013152,0.008832,-0.002728
703911520.000,YZJ,non_handheld,desk_gripped,recording,-5.171636,-2.055887,8.013464,0.013750,0.002359,-0.002988
703911530.000,YZJ,non_handheld,desk_gripped,recording,-5.184854,-2.052352,8.003141,0.012518,-0.008348,-0.000211
703911540.000,YZJ,non_handheld,desk_gripped,recording,-5.160732,-2.065541,7.988308,0.009187,-0.021886,0.003852
703911550.000,YZJ,non_handheld,desk_gripped,recording,-5.162778,-2.072360,8.009467,0.006801,-0.033114,0.007696
703911560.000,YZJ,non_handheld,desk_gripped,recording,-5.145021,-2.078353,8.013312,0.001332,-0.039753,0.008808
703911570.000,YZJ,non_handheld,desk_gripped,recording,-5.157311,-2.069837,8.102323,-0.004178,-0.032438,0.010209
703911580.000,YZJ,non_handheld,desk_gripped,recording,-5.143937,-2.034052,8.178895,-0.005648,-0.007321,0.006375
703911590.000,YZJ,non_handheld,desk_gripped,recording,-5.162915,-2.035968,8.086149,-0.018296,-0.000605,0.001764
703911600.000,YZJ,non_handheld,desk_gripped,recording,-5.148107,-2.046092,8.103181,-0.026649,0.010987,-0.001721
703911610.000,YZJ,non_handheld,desk_gripped,recording,-5.143941,-2.042376,8.124194,-0.026033,0.027400,-0.005827
703911620.000,YZJ,non_handheld,desk_gripped,recording,-5.147644,-2.053409,8.065288,-0.021035,0.038419,-0.008770
703911630.000,YZJ,non_handheld,desk_gripped,recording,-5.151226,-2.088975,8.022982,-0.013972,0.033156,-0.006591
703911640.000,YZJ,non_handheld,desk_gripped,recording,-5.175955,-2.073818,7.926094,-0.012886,0.009636,-0.002489
703911650.000,YZJ,non_handheld,desk_gripped,recording,-5.166947,-2.086478,7.979207,-0.006422,-0.004101,0.001810
703911660.000,YZJ,non_handheld,desk_gripped,recording,-5.184069,-2.064794,8.000447,-0.000411,-0.010319,0.004403
703911670.000,YZJ,non_handheld,desk_gripped,recording,-5.168269,-2.019452,8.044275,0.007647,-0.010615,0.003021
703911680.000,YZJ,non_handheld,desk_gripped,recording,-5.167506,-2.052905,8.097367,0.013096,-0.000568,-0.000357
703911690.000,YZJ,non_handheld,desk_gripped,recording,-5.163289,-2.059448,8.116937,0.017472,0.013578,0.000196
703911700.000,YZJ,non_handheld,desk_gripped,recording,-5.175161,-2.066596,8.045450,0.018530,0.016582,0.001504
703911710.000,YZJ,non_handheld,desk_gripped,recording,-5.169426,-2.099195,7.991815,0.013423,0.005186,0.004552
703911720.000,YZJ,non_handheld,desk_gripped,recording,-5.155155,-2.113101,7.966722,0.009076,-0.009531,0.008927
703911730.000,YZJ,non_handheld,desk_gripped,recording,-5.169838,-2.085858,7.979716,0.004297,-0.022540,0.010213
703911740.000,YZJ,non_handheld,desk_gripped,recording,-5.167477,-2.047497,8.025399,0.001161,-0.030828,0.008177
703911750.000,YZJ,non_handheld,desk_gripped,recording,-5.170715,-2.030187,8.082885,0.002603,-0.025516,0.003182
703911760.000,YZJ,non_handheld,desk_gripped,recording,-5.153191,-2.038007,8.128709,0.008684,-0.004569,-0.002145
703911770.000,YZJ,non_handheld,desk_gripped,recording,-5.163350,-2.047223,8.137612,0.011789,0.014946,-0.006354
703911780.000,YZJ,non_handheld,desk_gripped,recording,-5.158119,-2.048136,8.116710,0.018172,0.033834,-0.008889
703911790.000,YZJ,non_handheld,desk_gripped,recording,-5.156848,-2.076695,8.024314,0.019412,0.032704,-0.005338
703911800.000,YZJ,non_handheld,desk_gripped,recording,-5.181922,-2.088691,7.935457,0.013765,0.009866,-0.000087
703911810.000,YZJ,non_handheld,desk_gripped,recording,-5.160776,-2.086884,7.979087,0.005160,-0.006898,0.009262
703911820.000,YZJ,non_handheld,desk_gripped,recording,-5.153377,-2.067952,8.011072,-0.001404,-0.017076,0.013445
703911830.000,YZJ,non_handheld,desk_gripped,recording,-5.176502,-2.030027,8.050979,-0.005703,-0.022952,0.010272
703911840.000,YZJ,non_handheld,desk_gripped,recording,-5.168105,-2.030956,8.078416,-0.008466,-0.017910,0.004867
703911850.000,YZJ,non_handheld,desk_gripped,recording,-5.163979,-2.048192,8.089647,-0.012356,-0.010268,0.002593
703911860.000,YZJ,non_handheld,desk_gripped,recording,-5.157744,-2.036505,8.054700,-0.011024,-0.003689,-0.000563
703911870.000,YZJ,non_handheld,desk_gripped,recording,-5.148924,-2.060369,8.160884,-0.006264,0.018587,-0.002084
703911880.000,YZJ,non_handheld,desk_gripped,recording,-5.156972,-2.065301,8.088563,-0.004709,0.029580,-0.001286
703911890.000,YZJ,non_handheld,desk_gripped,recording,-5.170373,-2.054046,8.005395,-0.004868,0.022790,-0.002107
703911900.000,YZJ,non_handheld,desk_gripped,recording,-5.170380,-2.046731,8.004003,-0.005862,0.013532,-0.002649
703911910.000,YZJ,non_handheld,desk_gripped,recording,-5.172754,-2.035255,8.002732,-0.006428,0.004857,-0.004391
703911920.000,YZJ,non_handheld,desk_gripped,recording,-5.180142,-2.040674,8.010821,-0.005114,-0.002096,-0.004498
703911930.000,YZJ,non_handheld,desk_gripped,recording,-5.188064,-2.036100,8.023987,-0.002194,-0.004905,-0.007966
703911940.000,YZJ,non_handheld,desk_gripped,recording,-5.161779,-2.069949,8.051824,0.002105,0.000523,-0.009320
703911950.000,YZJ,non_handheld,desk_gripped,recording,-5.173521,-2.069731,8.057127,0.006507,0.004262,-0.007411
703911960.000,YZJ,non_handheld,desk_gripped,recording,-5.166595,-2.077654,8.062142,0.010780,0.007249,-0.000858
703911970.000,YZJ,non_handheld,desk_gripped,recording,-5.163705,-2.073335,8.014847,0.007748,0.000912,0.007923
703911980.000,YZJ,non_handheld,desk_gripped,recording,-5.182715,-2.044656,8.012756,0.001367,-0.008702,0.015656
703911990.000,YZJ,non_handheld,desk_gripped,recording,-5.175461,-2.013260,8.074450,0.000686,-0.007131,0.018396
703912000.000,YZJ,non_handheld,desk_gripped,recording,-5.147993,-2.003422,8.071480,-0.000557,-0.004177,0.016971
703912010.000,YZJ,non_handheld,desk_gripped,recording,-5.176611,-2.009030,8.062728,-0.001621,-0.003368,0.009855
703912020.000,YZJ,non_handheld,desk_gripped,recording,-5.192744,-2.037856,8.044109,-0.001661,-0.001744,0.001030
703912030.000,YZJ,non_handheld,desk_gripped,recording,-5.177368,-2.064981,8.023482,-0.000229,-0.003278,-0.005525
703912040.000,YZJ,non_handheld,desk_gripped,recording,-5.164957,-2.079727,8.034711,0.003651,-0.010309,-0.007137
703912050.000,YZJ,non_handheld,desk_gripped,recording,-5.165442,-2.103189,7.960345,0.006570,-0.025357,-0.008238
703912060.000,YZJ,non_handheld,desk_gripped,recording,-5.152874,-2.133301,7.999935,0.013275,-0.028362,-0.007049
703912070.000,YZJ,non_handheld,desk_gripped,recording,-5.158080,-2.086411,8.064168,0.017870,-0.023001,-0.003179
703912080.000,YZJ,non_handheld,desk_gripped,recording,-5.153342,-2.060119,8.095819,0.024527,-0.011850,-0.000645
703912090.000,YZJ,non_handheld,desk_gripped,recording,-5.154823,-2.063930,8.137293,0.029264,0.004403,0.001576
703912100.000,YZJ,non_handheld,desk_gripped,recording,-5.148841,-2.058532,8.053177,0.027120,0.008026,0.001250
703912110.000,YZJ,non_handheld,desk_gripped,recording,-5.165839,-2.075612,8.025462,0.016724,-0.000574,0.003683
703912120.000,YZJ,non_handheld,desk_gripped,recording,-5.145166,-2.089455,7.976670,0.002696,-0.015809,0.010425
703912130.000,YZJ,non_handheld,desk_gripped,recording,-5.161322,-2.082520,7.995827,-0.003595,-0.028869,0.013741
703912140.000,YZJ,non_handheld,desk_gripped,recording,-5.159806,-2.040044,8.052850,-0.002563,-0.030783,0.013732
703912150.000,YZJ,non_handheld,desk_gripped,recording,-5.148258,-2.071073,8.079726,0.004719,-0.021206,0.015533
703912160.000,YZJ,non_handheld,desk_gripped,recording,-5.152177,-2.057450,8.071424,0.005401,-0.018468,0.016840
703912170.000,YZJ,non_handheld,desk_gripped,recording,-5.148406,-2.054094,8.056419,0.004062,-0.018160,0.018184
703912180.000,YZJ,non_handheld,desk_gripped,recording,-5.134773,-2.024915,8.114559,0.002620,-0.006487,0.015269
703912190.000,YZJ,non_handheld,desk_gripped,recording,-5.145054,-2.034214,8.144155,0.001977,0.007558,0.010878
703912200.000,YZJ,non_handheld,desk_gripped,recording,-5.153532,-2.036664,8.062784,-0.004836,0.011508,0.007404
703912210.000,YZJ,non_handheld,desk_gripped,recording,-5.152505,-2.069845,8.038094,-0.011663,0.006851,0.005150
703912220.000,YZJ,non_handheld,desk_gripped,recording,-5.156026,-2.072751,8.064564,-0.012041,0.011164,0.001507
703912230.000,YZJ,non_handheld,desk_gripped,recording,-5.139899,-2.038515,8.053292,-0.008594,0.015324,0.001686
703912240.000,YZJ,non_handheld,desk_gripped,recording,-5.163250,-2.033557,8.037769,-0.008762,0.010414,0.000918
703912250.000,YZJ,non_handheld,desk_gripped,recording,-5.169077,-2.018927,8.068731,-0.005831,0.011956,-0.000865
703912260.000,YZJ,non_handheld,desk_gripped,recording,-5.156064,-2.023461,8.090379,-0.001021,0.021296,-0.000925
703912270.000,YZJ,non_handheld,desk_gripped,recording,-5.154224,-2.014022,8.067744,0.001706,0.025792,-0.001990
703912280.000,YZJ,non_handheld,desk_gripped,recording,-5.165293,-2.055808,8.029177,-0.000402,0.018983,0.000970
703912290.000,YZJ,non_handheld,desk_gripped,recording,-5.172608,-2.056842,7.984960,-0.000595,0.002173,0.004211
703912300.000,YZJ,non_handheld,desk_gripped,recording,-5.166072,-2.047404,8.006123,-0.002490,-0.008053,0.007583
703912310.000,YZJ,non_handheld,desk_gripped,recording,-5.173971,-2.039279,7.983946,-0.004910,-0.025675,0.008930
703912320.000,YZJ,non_handheld,desk_gripped,recording,-5.175904,-2.016948,7.957426,-0.008283,-0.046759,0.003686
703912330.000,YZJ,non_handheld,desk_gripped,recording,-5.153250,-1.995088,8.035297,-0.007943,-0.053366,-0.001956
703912340.000,YZJ,non_handheld,desk_gripped,recording,-5.164816,-2.001086,8.064838,-0.002827,-0.050613,-0.006896
703912350.000,YZJ,non_handheld,desk_gripped,recording,-5.158537,-2.035939,8.079332,0.006652,-0.046435,-0.008130
703912360.000,YZJ,non_handheld,desk_gripped,recording,-5.144859,-2.059443,8.077055,0.021820,-0.036709,-0.006378
703912370.000,YZJ,non_handheld,desk_gripped,recording,-5.141950,-2.056865,8.147702,0.041942,-0.016166,-0.004754
703912380.000,YZJ,non_handheld,desk_gripped,recording,-5.135352,-2.056566,7.983046,0.038683,-0.024548,-0.002604
703912390.000,YZJ,non_handheld,desk_gripped,recording,-5.145178,-1.971409,8.088016,0.038481,-0.024575,-0.001014
703912400.000,YZJ,non_handheld,desk_gripped,recording,-5.152785,-2.014838,8.070849,0.039776,-0.022434,-0.001076
703912410.000,YZJ,non_handheld,desk_gripped,recording,-5.124139,-2.065218,8.085296,0.041996,-0.021318,-0.002291
703912420.000,YZJ,non_handheld,desk_gripped,recording,-5.125162,-2.040711,8.062835,0.034958,-0.021036,-0.005117
703912430.000,YZJ,non_handheld,desk_gripped,recording,-5.142258,-2.013052,8.100918,0.026838,-0.016044,-0.005117
703912440.000,YZJ,non_handheld,desk_gripped,recording,-5.147014,-1.996023,8.141100,0.017963,-0.001904,-0.004835
703912450.000,YZJ,non_handheld,desk_gripped,recording,-5.134646,-2.047366,8.114714,0.005261,0.005065,-0.002280
703912460.000,YZJ,non_handheld,desk_gripped,recording,-5.113849,-2.085648,8.063263,-0.010837,0.000482,-0.000164
703912470.000,YZJ,non_handheld,desk_gripped,recording,-5.100625,-2.065664,8.072950,-0.027922,-0.004420,0.003107
703912480.000,YZJ,non_handheld,desk_gripped,recording,-5.111841,-2.033882,8.152982,-0.036640,0.008468,0.002772
703912490.000,YZJ,non_handheld,desk_gripped,recording,-5.134206,-2.023115,8.221327,-0.035307,0.038581,-0.000899
703912500.000,YZJ,non_handheld,desk_gripped,recording,-5.135075,-2.030232,8.188850,-0.032098,0.071458,-0.004170
703912510.000,YZJ,non_handheld,desk_gripped,recording,-5.124964,-2.014185,8.127299,-0.027185,0.085572,-0.005640
703912520.000,YZJ,non_handheld,desk_gripped,recording,-5.132151,-2.024343,8.033654,-0.025378,0.078395,-0.003443
703912530.000,YZJ,non_handheld,desk_gripped,recording,-5.164003,-2.062052,7.926769,-0.027398,0.053716,0.000194
703912540.000,YZJ,non_handheld,desk_gripped,recording,-5.175062,-2.043872,7.947283,-0.026578,0.028810,0.002020
703912550.000,YZJ,non_handheld,desk_gripped,recording,-5.159831,-2.049911,8.009775,-0.022017,0.019105,0.002480
703912560.000,YZJ,non_handheld,desk_gripped,recording,-5.164515,-2.034329,8.024563,-0.021052,0.008833,0.002019
703912570.000,YZJ,non_handheld,desk_gripped,recording,-5.175365,-2.028100,7.996995,-0.025933,-0.004570,0.000564
703912580.000,YZJ,non_handheld,desk_gripped,recording,-5.154760,-2.007489,8.042905,-0.031041,-0.008427,-0.003151
703912590.000,YZJ,non_handheld,desk_gripped,recording,-5.173030,-2.023461,8.090150,-0.028761,-0.000014,-0.008713
703912600.000,YZJ,non_handheld,desk_gripped,recording,-5.153759,-2.052461,8.114795,-0.018487,0.020569,-0.013730
703912610.000,YZJ,non_handheld,desk_gripped,recording,-5.193749,-2.063421,8.131525,-0.003304,0.049913,-0.011121
703912620.000,YZJ,non_handheld,desk_gripped,recording,-5.184962,-2.094332,8.081155,0.007421,0.064785,-0.002041
703912630.000,YZJ,non_handheld,desk_gripped,recording,-5.163856,-2.099413,7.938495,0.005371,0.043579,0.009115
703912640.000,YZJ,non_handheld,desk_gripped,recording,-5.144640,-2.095033,7.858107,0.004719,0.002544,0.021288
703912650.000,YZJ,non_handheld,desk_gripped,recording,-5.166973,-2.114029,7.888454,0.004544,-0.038226,0.027983
703912660.000,YZJ,non_handheld,desk_gripped,recording,-5.184474,-2.078442,7.897624,0.004741,-0.072407,0.030383
703912670.000,YZJ,non_handheld,desk_gripped,recording,-5.191954,-2.022000,7.929182,0.004263,-0.097762,0.023684
703912680.000,YZJ,non_handheld,desk_gripped,recording,-5.187296,-2.030588,8.019539,0.006310,-0.105680,0.017092
703912690.000,YZJ,non_handheld,desk_gripped,recording,-5.157721,-2.077455,8.073684,0.004306,-0.093880,0.011136
703912700.000,YZJ,non_handheld,desk_gripped,recording,-5.140227,-1.952347,8.306616,0.007163,-0.051082,-0.000786
703912710.000,YZJ,non_handheld,desk_gripped,recording,-5.127901,-1.938535,8.242530,0.003517,-0.012929,-0.010766
703912720.000,YZJ,non_handheld,desk_gripped,recording,-5.125399,-2.054601,8.262290,0.000424,0.027749,-0.015636
703912730.000,YZJ,non_handheld,desk_gripped,recording,-5.127949,-2.048417,8.121198,-0.001486,0.045760,-0.013318
703912740.000,YZJ,non_handheld,desk_gripped,recording,-5.130381,-2.092334,8.025473,-0.009242,0.037970,-0.005543
703912750.000,YZJ,non_handheld,desk_gripped,recording,-5.147996,-2.085550,7.991627,-0.022966,0.021368,0.002357
703912760.000,YZJ,non_handheld,desk_gripped,recording,-5.149550,-2.076349,8.030260,-0.027596,0.014514,0.010999
703912770.000,YZJ,non_handheld,desk_gripped,recording,-5.142159,-2.078939,8.055026,-0.023385,0.010822,0.017277
703912780.000,YZJ,non_handheld,desk_gripped,recording,-5.156382,-2.042530,8.018353,-0.021921,0.005049,0.017337
703912790.000,YZJ,non_handheld,desk_gripped,recording,-5.158618,-2.032322,8.003532,-0.020479,-0.000654,0.013074
703912800.000,YZJ,non_handheld,desk_gripped,recording,-5.158881,-2.040759,8.077283,-0.016696,0.002416,0.008409
703912810.000,YZJ,non_handheld,desk_gripped,recording,-5.159485,-2.039908,8.050188,-0.010307,0.002087,0.004682
703912820.000,YZJ,non_handheld,desk_gripped,recording,-5.167207,-2.040116,8.033071,-0.005803,-0.002003,0.002046
703912830.000,YZJ,non_handheld,desk_gripped,recording,-5.159282,-2.061659,8.077490,-0.000994,0.005459,-0.001322
703912840.000,YZJ,non_handheld,desk_gripped,recording,-5.153349,-2.034990,8.100935,0.003984,0.018385,-0.003623
703912850.000,YZJ,non_handheld,desk_gripped,recording,-5.166989,-2.013388,8.077058,0.003917,0.025195,-0.007736
703912860.000,YZJ,non_handheld,desk_gripped,recording,-5.154713,-2.016719,8.084526,-0.003288,0.028501,-0.006522
703912870.000,YZJ,non_handheld,desk_gripped,recording,-5.154823,-2.031302,8.070389,-0.006120,0.032035,-0.002207
703912880.000,YZJ,non_handheld,desk_gripped,recording,-5.158299,-2.047125,8.043412,-0.008437,0.026926,-0.001297
703912890.000,YZJ,non_handheld,desk_gripped,recording,-5.161651,-2.087052,8.040919,-0.006141,0.024421,-0.000185
703912900.000,YZJ,non_handheld,desk_gripped,recording,-5.161545,-2.079357,8.021575,-0.003261,0.022254,0.000099
703912910.000,YZJ,non_handheld,desk_gripped,recording,-5.177090,-2.050168,7.972636,-0.000615,0.007233,-0.000553
703912920.000,YZJ,non_handheld,desk_gripped,recording,-5.181835,-2.052843,8.011315,0.004447,-0.001134,0.000477
703912930.000,YZJ,non_handheld,desk_gripped,recording,-5.157838,-2.019584,8.008173,0.007161,-0.010421,0.003919
703912940.000,YZJ,non_handheld,desk_gripped,recording,-5.172279,-2.030154,7.980789,0.007903,-0.029233,0.008727
703912950.000,YZJ,non_handheld,desk_gripped,recording,-5.151640,-2.019152,7.972306,0.010604,-0.054856,0.016912
703912960.000,YZJ,non_handheld,desk_gripped,recording,-5.091774,-2.027535,7.988217,0.018548,-0.077512,0.021208
703912970.000,YZJ,non_handheld,desk_gripped,recording,-5.099077,-2.045724,8.061173,0.028414,-0.088746,0.019689
703912980.000,YZJ,non_handheld,desk_gripped,recording,-5.104929,-2.028089,8.166461,0.043072,-0.070620,0.014485
703912990.000,YZJ,non_handheld,desk_gripped,recording,-5.173728,-2.051154,8.207713,0.051404,-0.033653,0.011959
703913000.000,YZJ,non_handheld,desk_gripped,recording,-5.236137,-2.086315,8.097494,0.049766,-0.004534,0.010763
703913010.000,YZJ,non_handheld,desk_gripped,recording,-5.179397,-2.036636,8.044807,0.045597,0.001312,0.010856
703913020.000,YZJ,non_handheld,desk_gripped,recording,-5.126468,-2.071442,8.007560,0.040623,-0.010889,0.014647
703913030.000,YZJ,non_handheld,desk_gripped,recording,-5.083146,-2.057339,7.957746,0.034946,-0.046961,0.017232
703913040.000,YZJ,non_handheld,desk_gripped,recording,-5.131658,-2.057165,7.936609,0.027431,-0.083437,0.018081
703913050.000,YZJ,non_handheld,desk_gripped,recording,-5.055874,-2.021054,8.046811,0.026016,-0.098236,0.008278
703913060.000,YZJ,non_handheld,desk_gripped,recording,-5.047010,-1.966945,8.208452,0.030354,-0.081970,-0.006476
703913070.000,YZJ,non_handheld,desk_gripped,recording,-5.259178,-1.986327,8.175848,0.027002,-0.043439,-0.016132
703913080.000,YZJ,non_handheld,desk_gripped,recording,-5.342552,-2.039960,8.121758,0.016476,-0.001750,-0.023334
703913090.000,YZJ,non_handheld,desk_gripped,recording,-5.147934,-2.046249,8.205270,0.015974,0.033970,-0.034178
703913100.000,YZJ,non_handheld,desk_gripped,recording,-5.114614,-2.037855,8.221885,0.017666,0.062305,-0.030509
703913110.000,YZJ,non_handheld,desk_gripped,recording,-5.104479,-2.058604,8.040979,0.006821,0.058924,-0.018827
703913120.000,YZJ,non_handheld,desk_gripped,recording,-5.113379,-2.076757,7.996708,-0.005525,0.037457,-0.003020
703913130.000,YZJ,non_handheld,desk_gripped,recording,-5.126377,-2.088049,8.038553,-0.004904,0.027927,0.011229
703913140.000,YZJ,non_handheld,desk_gripped,recording,-5.134212,-2.043005,8.070619,-0.004554,0.023465,0.017611
703913150.000,YZJ,non_handheld,desk_gripped,recording,-5.153902,-2.014350,8.001748,-0.011261,0.009028,0.017311
703913160.000,YZJ,non_handheld,desk_gripped,recording,-5.147065,-1.971187,7.995524,-0.021845,-0.013601,0.010749
703913170.000,YZJ,non_handheld,desk_gripped,recording,-5.159706,-1.965994,8.019098,-0.030181,-0.027277,-0.003067
703913180.000,YZJ,non_handheld,desk_gripped,recording,-5.146255,-2.005123,8.088062,-0.024710,-0.023382,-0.020255
703913190.000,YZJ,non_handheld,desk_gripped,recording,-5.146864,-2.004136,8.145584,-0.010664,-0.002334,-0.033027
703913200.000,YZJ,non_handheld,desk_gripped,recording,-5.140138,-2.017998,8.157573,0.003064,0.021955,-0.036530
703913210.000,YZJ,non_handheld,desk_gripped,recording,-5.106872,-1.997822,8.161937,0.014131,0.042790,-0.027770
703913220.000,YZJ,non_handheld,desk_gripped,recording,-5.088863,-2.060528,8.155468,0.011793,0.053706,-0.011753
703913230.000,YZJ,non_handheld,desk_gripped,recording,-5.126844,-2.091308,8.048297,0.001624,0.046381,0.002015
703913240.000,YZJ,non_handheld,desk_gripped,recording,-5.140541,-2.047430,7.991586,-0.010095,0.029736,0.010251
703913250.000,YZJ,non_handheld,desk_gripped,recording,-5.165014,-2.027023,8.048274,-0.019735,0.017752,0.009851
703913260.000,YZJ,non_handheld,desk_gripped,recording,-5.158705,-1.960605,8.016747,-0.032067,0.003995,0.000870
703913270.000,YZJ,non_handheld,desk_gripped,recording,-5.145976,-1.992777,8.060942,-0.035825,0.002954,-0.014557
703913280.000,YZJ,non_handheld,desk_gripped,recording,-5.146413,-2.053358,8.131264,-0.025701,0.022489,-0.030327
703913290.000,YZJ,non_handheld,desk_gripped,recording,-5.183007,-2.046491,8.090656,-0.011291,0.040692,-0.037683
703913300.000,YZJ,non_handheld,desk_gripped,recording,-5.171222,-2.016947,8.058271,-0.005522,0.046222,-0.034088
703913310.000,YZJ,non_handheld,desk_gripped,recording,-5.139549,-2.000162,8.042525,-0.005616,0.040361,-0.025966
703913320.000,YZJ,non_handheld,desk_gripped,recording,-5.126178,-2.031132,8.032757,-0.010572,0.028583,-0.018755
703913330.000,YZJ,non_handheld,desk_gripped,recording,-5.165416,-2.043024,7.958542,-0.023594,0.009371,-0.015696
703913340.000,YZJ,non_handheld,desk_gripped,recording,-5.162161,-2.040528,8.035002,-0.031596,0.002314,-0.016640
703913350.000,YZJ,non_handheld,desk_gripped,recording,-5.176082,-2.051619,8.094301,-0.028166,0.008780,-0.019206
703913360.000,YZJ,non_handheld,desk_gripped,recording,-5.158023,-2.030742,8.058147,-0.028328,0.016086,-0.023393
703913370.000,YZJ,non_handheld,desk_gripped,recording,-5.158552,-2.051692,8.070651,-0.024732,0.022062,-0.024873
703913380.000,YZJ,non_handheld,desk_gripped,recording,-5.147051,-2.077598,8.128111,-0.021591,0.041777,-0.024456
703913390.000,YZJ,non_handheld,desk_gripped,recording,-5.154505,-2.090515,8.128364,-0.019358,0.060216,-0.020162
703913400.000,YZJ,non_handheld,desk_gripped,recording,-5.175641,-2.083726,8.078451,-0.024914,0.069991,-0.016078
703913410.000,YZJ,non_handheld,desk_gripped,recording,-5.161792,-2.085515,8.065777,-0.032831,0.073982,-0.011015
703913420.000,YZJ,non_handheld,desk_gripped,recording,-5.180493,-2.101325,8.015398,-0.041790,0.068843,-0.004764
703913430.000,YZJ,non_handheld,desk_gripped,recording,-5.186916,-2.093844,7.920011,-0.051813,0.044603,-0.000156
703913440.000,YZJ,non_handheld,desk_gripped,recording,-5.202667,-2.086369,7.842334,-0.060768,0.002134,0.003689
703913450.000,YZJ,non_handheld,desk_gripped,recording,-5.207174,-2.105248,7.803831,-0.068965,-0.044068,0.005396
703913460.000,YZJ,non_handheld,desk_gripped,recording,-5.188100,-2.098562,8.054951,-0.052992,-0.045309,0.003708
703913470.000,YZJ,non_handheld,desk_gripped,recording,-5.208636,-2.063246,7.904916,-0.043750,-0.062651,-0.003517
703913480.000,YZJ,non_handheld,desk_gripped,recording,-5.163579,-2.058807,8.103330,-0.026574,-0.044123,-0.013296
703913490.000,YZJ,non_handheld,desk_gripped,recording,-5.173153,-2.044288,8.184207,-0.009179,-0.008438,-0.026164
703913500.000,YZJ,non_handheld,desk_gripped,recording,-5.159995,-2.136898,8.199076,0.006800,0.038877,-0.024470
703913510.000,YZJ,non_handheld,desk_gripped,recording,-5.156904,-2.089196,8.110425,0.001978,0.052713,-0.016337
703913520.000,YZJ,non_handheld,desk_gripped,recording,-5.186424,-2.102424,7.922861,-0.015042,0.029188,-0.005975
703913530.000,YZJ,non_handheld,desk_gripped,recording,-5.168316,-2.175041,8.012920,-0.022075,0.023473,0.001049
703913540.000,YZJ,non_handheld,desk_gripped,recording,-5.167069,-2.189812,8.019634,-0.019925,0.022549,0.007911
703913550.000,YZJ,non_handheld,desk_gripped,recording,-5.201814,-2.114639,7.930719,-0.022965,0.001326,0.011571
703913560.000,YZJ,non_handheld,desk_gripped,recording,-5.198016,-2.104055,7.898793,-0.027212,-0.022223,0.012472
703913570.000,YZJ,non_handheld,desk_gripped,recording,-5.200639,-2.122319,7.978806,-0.022151,-0.030458,0.010532
703913580.000,YZJ,non_handheld,desk_gripped,recording,-5.182165,-2.073287,8.035587,-0.008439,-0.022306,0.004188
703913590.000,YZJ,non_handheld,desk_gripped,recording,-5.189742,-2.094036,8.114184,0.010060,0.000133,-0.003979
703913600.000,YZJ,non_handheld,desk_gripped,recording,-5.176801,-2.070894,8.082580,0.021777,0.015417,-0.013789
703913610.000,YZJ,non_handheld,desk_gripped,recording,-5.185331,-2.093399,8.047069,0.020680,0.019489,-0.017819
703913620.000,YZJ,non_handheld,desk_gripped,recording,-5.190633,-2.116282,7.978382,0.013792,0.013709,-0.016336
703913630.000,YZJ,non_handheld,desk_gripped,recording,-5.175558,-2.137915,8.018954,0.007977,0.008897,-0.011078
703913640.000,YZJ,non_handheld,desk_gripped,recording,-5.182543,-2.147841,7.978171,0.001248,0.001339,-0.004917
703913650.000,YZJ,non_handheld,desk_gripped,recording,-5.180380,-2.118313,8.013827,-0.005669,-0.004937,-0.001590
703913660.000,YZJ,non_handheld,desk_gripped,recording,-5.173304,-2.127071,8.016497,-0.008229,-0.005569,0.001322
703913670.000,YZJ,non_handheld,desk_gripped,recording,-5.187215,-2.129924,8.030518,-0.006660,-0.002951,0.003713
703913680.000,YZJ,non_handheld,desk_gripped,recording,-5.173014,-2.092956,8.068266,-0.001228,0.008306,0.001129
703913690.000,YZJ,non_handheld,desk_gripped,recording,-5.168122,-2.127599,8.117961,0.006175,0.029373,0.002261
703913700.000,YZJ,non_handheld,desk_gripped,recording,-5.195972,-2.124028,7.992742,-0.001230,0.023401,0.004900
703913710.000,YZJ,non_handheld,desk_gripped,recording,-5.196824,-2.121212,7.949422,-0.010300,0.010020,0.008143
703913720.000,YZJ,non_handheld,desk_gripped,recording,-5.183284,-2.120224,8.048639,-0.014214,0.011830,0.008573
703913730.000,YZJ,non_handheld,desk_gripped,recording,-5.197371,-2.100763,8.012906,-0.017269,0.013516,0.005676
703913740.000,YZJ,non_handheld,desk_gripped,recording,-5.194993,-2.068416,8.003429,-0.022261,0.009825,-0.000458
703913750.000,YZJ,non_handheld,desk_gripped,recording,-5.198805,-2.096238,7.998033,-0.021855,0.007762,-0.007157
703913760.000,YZJ,non_handheld,desk_gripped,recording,-5.170378,-2.134374,8.008222,-0.014693,0.006552,-0.014359
703913770.000,YZJ,non_handheld,desk_gripped,recording,-5.186003,-2.141948,8.009413,-0.006926,0.009333,-0.015306
703913780.000,YZJ,non_handheld,desk_gripped,recording,-5.209251,-2.109323,7.995508,-0.000085,0.011590,-0.012794
703913790.000,YZJ,non_handheld,desk_gripped,recording,-5.199929,-2.125542,8.047323,0.005100,0.020143,-0.005660
703913800.000,YZJ,non_handheld,desk_gripped,recording,-5.196688,-2.147443,8.017373,0.005008,0.026309,-0.000886
703913810.000,YZJ,non_handheld,desk_gripped,recording,-5.185986,-2.152851,7.969685,0.001425,0.020953,0.006873
703913820.000,YZJ,non_handheld,desk_gripped,recording,-5.199884,-2.148006,7.980951,-0.006608,0.009965,0.014015
703913830.000,YZJ,non_handheld,desk_gripped,recording,-5.208889,-2.146924,7.968005,-0.015036,-0.003552,0.018233
703913840.000,YZJ,non_handheld,desk_gripped,recording,-5.199016,-2.106450,7.998716,-0.022990,-0.011381,0.017516
703913850.000,YZJ,non_handheld,desk_gripped,recording,-5.195196,-2.114331,8.040641,-0.024476,-0.006380,0.013139
703913860.000,YZJ,non_handheld,desk_gripped,recording,-5.204563,-2.096890,8.030525,-0.024586,-0.001670,0.002523
703913870.000,YZJ,non_handheld,desk_gripped,recording,-5.202718,-2.097597,8.038728,-0.013297,0.001920,-0.008518
703913880.000,YZJ,non_handheld,desk_gripped,recording,-5.219643,-2.091263,7.975946,-0.005035,0.004192,-0.016957
703913890.000,YZJ,non_handheld,desk_gripped,recording,-5.235275,-2.063488,7.973975,0.001762,0.003750,-0.024176
703913900.000,YZJ,non_handheld,desk_gripped,recording,-5.202783,-2.099719,8.099825,0.013571,0.024042,-0.030884
703913910.000,YZJ,non_handheld,desk_gripped,recording,-5.190691,-2.142657,8.128995,0.026435,0.052298,-0.028942
703913920.000,YZJ,non_handheld,desk_gripped,recording,-5.202405,-2.166292,7.994652,0.022103,0.051060,-0.021026
703913930.000,YZJ,non_handheld,desk_gripped,recording,-5.219536,-2.174155,7.888079,0.004527,0.025933,-0.008446
703913940.000,YZJ,non_handheld,desk_gripped,recording,-5.202577,-2.177384,7.913310,-0.011800,0.003699,0.003709
703913950.000,YZJ,non_handheld,desk_gripped,recording,-5.211428,-2.162215,7.938103,-0.023007,-0.013118,0.011998
703913960.000,YZJ,non_handheld,desk_gripped,recording,-5.210025,-2.151518,7.976660,-0.024085,-0.018475,0.017031
703913970.000,YZJ,non_handheld,desk_gripped,recording,-5.206842,-2.141039,8.007826,-0.020958,-0.018724,0.018615
703913980.000,YZJ,non_handheld,desk_gripped,recording,-5.217710,-2.096274,7.976811,-0.014604,-0.018972,0.012334
703913990.000,YZJ,non_handheld,desk_gripped,recording,-5.202491,-2.118523,8.054319,-0.001329,-0.004874,0.006055
703914000.000,YZJ,non_handheld,desk_gripped,recording,-5.210208,-2.111672,7.998903,0.006054,-0.002736,0.002357
703914010.000,YZJ,non_handheld,desk_gripped,recording,-5.197145,-2.071507,7.967445,0.004921,-0.011413,0.003145
703914020.000,YZJ,non_handheld,desk_gripped,recording,-5.210417,-2.066296,8.005930,0.003918,-0.013996,0.006326
703914030.000,YZJ,non_handheld,desk_gripped,recording,-5.219948,-2.124543,7.970139,-0.003495,-0.027126,0.001617
703914040.000,YZJ,non_handheld,desk_gripped,recording,-5.261537,-2.206547,7.909708,-0.013878,-0.037257,-0.004807
703914050.000,YZJ,non_handheld,desk_gripped,recording,-5.196645,-2.135985,8.049793,-0.013963,-0.026224,-0.008470
703914060.000,YZJ,non_handheld,desk_gripped,recording,-5.202707,-2.121037,7.976354,-0.015567,-0.028603,-0.012503
703914070.000,YZJ,non_handheld,desk_gripped,recording,-5.192783,-2.138745,8.043867,-0.013460,-0.024836,-0.013207
703914080.000,YZJ,non_handheld,desk_gripped,recording,-5.190037,-2.151660,8.017881,-0.007048,-0.020109,-0.011554
703914090.000,YZJ,non_handheld,desk_gripped,recording,-5.169737,-2.178143,8.020419,-0.001166,-0.016073,-0.004498
703914100.000,YZJ,non_handheld,desk_gripped,recording,-5.180391,-2.165586,7.940726,0.004586,-0.025723,0.003320
703914110.000,YZJ,non_handheld,desk_gripped,recording,-5.181161,-2.167149,7.987943,0.008448,-0.029353,0.008561
703914120.000,YZJ,non_handheld,desk_gripped,recording,-5.194573,-2.136234,8.103792,0.018449,-0.009540,0.006112
703914130.000,YZJ,non_handheld,desk_gripped,recording,-5.186655,-2.097155,8.119569,0.026922,0.012442,-0.000680
703914140.000,YZJ,non_handheld,desk_gripped,recording,-5.194638,-2.071805,8.063328,0.026481,0.029678,-0.005381
703914150.000,YZJ,non_handheld,desk_gripped,recording,-5.190004,-2.063336,8.044193,0.019683,0.031563,-0.008541
703914160.000,YZJ,non_handheld,desk_gripped,recording,-5.203264,-2.103575,7.945353,0.007081,0.017499,-0.005979
703914170.000,YZJ,non_handheld,desk_gripped,recording,-5.188056,-2.189531,7.915874,-0.004327,-0.004538,-0.002677
703914180.000,YZJ,non_handheld,desk_gripped,recording,-5.181151,-2.222859,7.948634,-0.009629,-0.021217,0.000787
703914190.000,YZJ,non_handheld,desk_gripped,recording,-5.186969,-2.160163,7.937254,-0.011052,-0.033435,0.004514
703914200.000,YZJ,non_handheld,desk_gripped,recording,-5.183498,-2.160808,7.961080,-0.009404,-0.043271,0.009686
703914210.000,YZJ,non_handheld,desk_gripped,recording,-5.180958,-2.175618,7.994408,-0.003924,-0.044350,0.012394
703914220.000,YZJ,non_handheld,desk_gripped,recording,-5.174927,-2.185308,8.022047,0.006786,-0.033252,0.013964
703914230.000,YZJ,non_handheld,desk_gripped,recording,-5.167744,-2.146695,8.095229,0.020270,-0.015723,0.015179
703914240.000,YZJ,non_handheld,desk_gripped,recording,-5.180446,-2.104745,8.072547,0.027764,-0.001693,0.014347
703914250.000,YZJ,non_handheld,desk_gripped,recording,-5.159519,-2.117578,8.025426,0.025865,0.001022,0.015797
703914260.000,YZJ,non_handheld,desk_gripped,recording,-5.162677,-2.134279,8.058360,0.024366,0.012820,0.018627
703914270.000,YZJ,non_handheld,desk_gripped,recording,-5.176321,-2.142659,8.080361,0.026153,0.025377,0.023699
703914280.000,YZJ,non_handheld,desk_gripped,recording,-5.186107,-2.145262,8.004596,0.025272,0.022509,0.031133
703914290.000,YZJ,non_handheld,desk_gripped,recording,-5.192011,-2.113096,7.957563,0.017367,0.006458,0.037727
703914300.000,YZJ,non_handheld,desk_gripped,recording,-5.201361,-2.120064,7.948860,0.006803,-0.009628,0.040006
703914310.000,YZJ,non_handheld,desk_gripped,recording,-5.207106,-2.090260,7.939067,-0.000465,-0.025878,0.034419
703914320.000,YZJ,non_handheld,desk_gripped,recording,-5.220934,-2.074186,7.974028,0.001379,-0.033568,0.023679
703914330.000,YZJ,non_handheld,desk_gripped,recording,-5.202556,-2.048266,8.020090,0.006167,-0.034612,0.009176
703914340.000,YZJ,non_handheld,desk_gripped,recording,-5.190442,-2.060691,8.086871,0.014969,-0.022133,-0.001872
703914350.000,YZJ,non_handheld,desk_gripped,recording,-5.179005,-2.064967,8.103340,0.024614,-0.004977,-0.011381
703914360.000,YZJ,non_handheld,desk_gripped,recording,-5.175778,-2.102917,8.038472,0.029212,0.000792,-0.013872
703914370.000,YZJ,non_handheld,desk_gripped,recording,-5.167192,-2.107167,8.055268,0.028627,0.006092,-0.010503
703914380.000,YZJ,non_handheld,desk_gripped,recording,-5.186077,-2.112625,8.020407,0.021442,0.004814,-0.004416
703914390.000,YZJ,non_handheld,desk_gripped,recording,-5.192669,-2.100952,7.975838,0.008991,-0.007307,0.001759
703914400.000,YZJ,non_handheld,desk_gripped,recording,-5.174936,-2.089690,8.017861,-0.003230,-0.015088,0.006755
703914410.000,YZJ,non_handheld,desk_gripped,recording,-5.180874,-2.078287,8.034282,-0.007905,-0.015768,0.006030
703914420.000,YZJ,non_handheld,desk_gripped,recording,-5.160970,-2.093680,8.077816,-0.007727,-0.003927,0.001206
703914430.000,YZJ,non_handheld,desk_gripped,recording,-5.167470,-2.119205,8.047443,-0.010101,0.002553,-0.002216
703914440.000,YZJ,non_handheld,desk_gripped,recording,-5.168979,-2.123453,8.045034,-0.011259,0.007905,-0.004472
703914450.000,YZJ,non_handheld,desk_gripped,recording,-5.176379,-2.107281,8.064751,-0.009791,0.017569,-0.005329
703914460.000,YZJ,non_handheld,desk_gripped,recording,-5.185598,-2.088893,8.013792,-0.015923,0.014178,-0.005839
703914470.000,YZJ,non_handheld,desk_gripped,recording,-5.191865,-2.103193,7.989498,-0.019730,0.005561,-0.007645
703914480.000,YZJ,non_handheld,desk_gripped,recording,-5.187179,-2.095957,8.033568,-0.015014,0.006935,-0.009994
703914490.000,YZJ,non_handheld,desk_gripped,recording,-5.190406,-2.092822,8.030094,-0.008182,0.010300,-0.015217
703914500.000,YZJ,non_handheld,desk_gripped,recording,-5.200650,-2.072493,8.009229,-0.004012,0.009323,-0.021011
703914510.000,YZJ,non_handheld,desk_gripped,recording,-5.179136,-2.092283,8.021689,-0.002215,0.010748,-0.021568
703914520.000,YZJ,non_handheld,desk_gripped,recording,-5.199305,-2.128062,7.956656,-0.007640,-0.002232,-0.019341
703914530.000,YZJ,non_handheld,desk_gripped,recording,-5.177115,-2.113341,7.939337,-0.018743,-0.021975,-0.015995
703914540.000,YZJ,non_handheld,desk_gripped,recording,-5.183208,-2.122891,8.049765,-0.025800,-0.021332,-0.014563
703914550.000,YZJ,non_handheld,desk_gripped,recording,-5.182824,-2.127485,8.131089,-0.023635,-0.000611,-0.017075
703914560.000,YZJ,non_handheld,desk_gripped,recording,-5.162248,-2.117413,8.126598,-0.017847,0.025180,-0.019032
703914570.000,YZJ,non_handheld,desk_gripped,recording,-5.154671,-2.147268,8.136623,-0.010117,0.051544,-0.016026
703914580.000,YZJ,non_handheld,desk_gripped,recording,-5.163989,-2.175853,8.011520,-0.002273,0.059149,-0.006840
703914590.000,YZJ,non_handheld,desk_gripped,recording,-5.183264,-2.155458,7.921185,0.004400,0.042492,-0.000552
703914600.000,YZJ,non_handheld,desk_gripped,recording,-5.215896,-2.155443,7.885815,0.007781,0.016560,0.004684
703914610.000,YZJ,non_handheld,desk_gripped,recording,-5.217397,-2.121342,7.931103,0.010173,0.000165,0.004132
703914620.000,YZJ,non_handheld,desk_gripped,recording,-5.194867,-2.080618,7.965631,0.009770,-0.009878,-0.001619
703914630.000,YZJ,non_handheld,desk_gripped,recording,-5.210065,-2.076947,7.987386,0.007088,-0.016547,-0.009962
703914640.000,YZJ,non_handheld,desk_gripped,recording,-5.205362,-2.057313,7.988304,0.003655,-0.026095,-0.016111
703914650.000,YZJ,non_handheld,desk_gripped,recording,-5.198408,-2.108295,7.973035,0.003535,-0.035562,-0.016733
703914660.000,YZJ,non_handheld,desk_gripped,recording,-5.196010,-2.158580,8.003366,0.007417,-0.034609,-0.011112
703914670.000,YZJ,non_handheld,desk_gripped,recording,-5.175906,-2.169107,8.074323,0.018835,-0.019924,-0.002797
703914680.000,YZJ,non_handheld,desk_gripped,recording,-5.156437,-2.176663,8.107756,0.027172,0.001387,0.005372
703914690.000,YZJ,non_handheld,desk_gripped,recording,-5.165299,-2.140864,8.060329,0.027673,0.010126,0.015115
703914700.000,YZJ,non_handheld,desk_gripped,recording,-5.165693,-2.133631,8.033903,0.019958,0.008985,0.023164
703914710.000,YZJ,non_handheld,desk_gripped,recording,-5.156505,-2.114648,8.024423,0.009940,0.006527,0.024865
703914720.000,YZJ,non_handheld,desk_gripped,recording,-5.181804,-2.110668,7.979066,-0.000034,-0.004578,0.023675
703914730.000,YZJ,non_handheld,desk_gripped,recording,-5.189229,-2.109037,7.908178,-0.007623,-0.025929,0.019601
703914740.000,YZJ,non_handheld,desk_gripped,recording,-5.197589,-2.117507,7.960597,-0.008958,-0.042690,0.014387
703914750.000,YZJ,non_handheld,desk_gripped,recording,-5.203348,-2.075329,8.029971,-0.005301,-0.038866,0.003059
703914760.000,YZJ,non_handheld,desk_gripped,recording,-5.185139,-2.069010,8.130712,0.003758,-0.015483,-0.006803
703914770.000,YZJ,non_handheld,desk_gripped,recording,-5.169700,-2.064256,8.124596,0.003246,0.006609,-0.014789
703914780.000,YZJ,non_handheld,desk_gripped,recording,-5.167393,-2.095761,8.106096,-0.000697,0.023639,-0.016985
703914790.000,YZJ,non_handheld,desk_gripped,recording,-5.162368,-2.142361,8.024598,-0.009793,0.027161,-0.011757
703914800.000,YZJ,non_handheld,desk_gripped,recording,-5.168304,-2.182867,7.990431,-0.017915,0.014223,0.004555
703914810.000,YZJ,non_handheld,desk_gripped,recording,-5.185424,-2.183472,7.970295,-0.019742,-0.000860,0.020620
703914820.000,YZJ,non_handheld,desk_gripped,recording,-5.180085,-2.161226,8.011468,-0.014109,-0.002910,0.029654
703914830.000,YZJ,non_handheld,desk_gripped,recording,-5.164099,-2.094887,8.057214,-0.004552,0.007038,0.027262
703914840.000,YZJ,non_handheld,desk_gripped,recording,-5.167373,-2.039003,8.086641,0.003156,0.022214,0.018414
703914850.000,YZJ,non_handheld,desk_gripped,recording,-5.187184,-2.019776,8.073549,0.008876,0.033487,0.004051
703914860.000,YZJ,non_handheld,desk_gripped,recording,-5.199986,-2.033937,8.070162,0.011218,0.043480,-0.005297
703914870.000,YZJ,non_handheld,desk_gripped,recording,-5.192121,-2.044377,8.019363,0.011419,0.041641,-0.010085
703914880.000,YZJ,non_handheld,desk_gripped,recording,-5.224938,-2.084348,7.880339,0.002753,0.013599,-0.014347
703914890.000,YZJ,non_handheld,desk_gripped,recording,-5.205416,-2.161185,7.892903,-0.000133,-0.009539,-0.011864
703914900.000,YZJ,non_handheld,desk_gripped,recording,-5.227239,-2.226408,7.910162,-0.001133,-0.023257,-0.010761
703914910.000,YZJ,non_handheld,desk_gripped,recording,-5.196515,-2.199573,7.991629,0.003517,-0.021311,-0.008533
703914920.000,YZJ,non_handheld,desk_gripped,recording,-5.173542,-2.137227,8.055155,0.005803,-0.012854,-0.004612
703914930.000,YZJ,non_handheld,desk_gripped,recording,-5.178833,-2.132691,8.027912,0.002196,-0.007276,-0.002718
703914940.000,YZJ,non_handheld,desk_gripped,recording,-5.182945,-2.093929,8.085551,-0.000877,0.006075,-0.005515
703914950.000,YZJ,non_handheld,desk_gripped,recording,-5.163269,-2.103804,8.115737,-0.001409,0.029327,-0.006819
703914960.000,YZJ,non_handheld,desk_gripped,recording,-5.187889,-2.098839,8.066297,-0.002419,0.041970,-0.007409
703914970.000,YZJ,non_handheld,desk_gripped,recording,-5.184070,-2.148219,8.005909,-0.007958,0.039144,-0.003994
703914980.000,YZJ,non_handheld,desk_gripped,recording,-5.191423,-2.137887,7.949258,-0.013551,0.025794,0.001447
703914990.000,YZJ,non_handheld,desk_gripped,recording,-5.182213,-2.133803,7.953070,-0.017179,0.010446,0.004715
703915000.000,YZJ,non_handheld,desk_gripped,recording,-5.215259,-2.112867,7.955861,-0.019776,-0.000370,0.005420
703915010.000,YZJ,non_handheld,desk_gripped,recording,-5.209940,-2.106969,7.983601,-0.016187,-0.004654,-0.000166
703915020.000,YZJ,non_handheld,desk_gripped,recording,-5.207823,-2.089407,8.030432,-0.008535,0.000236,-0.006512
703915030.000,YZJ,non_handheld,desk_gripped,recording,-5.184579,-2.119144,7.950904,-0.003062,-0.008187,-0.009734
703915040.000,YZJ,non_handheld,desk_gripped,recording,-5.205765,-2.115285,7.948604,-0.002018,-0.018741,-0.009631
703915050.000,YZJ,non_handheld,desk_gripped,recording,-5.192183,-2.118944,7.978138,-0.000125,-0.025036,-0.009063
703915060.000,YZJ,non_handheld,desk_gripped,recording,-5.181461,-2.131147,8.014058,0.005362,-0.021512,-0.007069
703915070.000,YZJ,non_handheld,desk_gripped,recording,-5.188562,-2.152377,8.034907,0.009340,-0.014977,-0.002928
703915080.000,YZJ,non_handheld,desk_gripped,recording,-5.177229,-2.149429,8.012055,0.007330,-0.014927,0.000188
703915090.000,YZJ,non_handheld,desk_gripped,recording,-5.188189,-2.132852,8.027654,0.008313,-0.011839,0.001460
703915100.000,YZJ,non_handheld,desk_gripped,recording,-5.173432,-2.100277,8.093707,0.015916,0.006466,-0.001482
703915110.000,YZJ,non_handheld,desk_gripped,recording,-5.171967,-2.108744,8.030738,0.015888,0.011771,-0.003077
703915120.000,YZJ,non_handheld,desk_gripped,recording,-5.211800,-2.107397,7.972319,0.009909,0.002616,-0.005722
703915130.000,YZJ,non_handheld,desk_gripped,recording,-5.196528,-2.116346,8.026806,0.006135,0.001538,-0.005832
703915140.000,YZJ,non_handheld,desk_gripped,recording,-5.185305,-2.135829,8.021162,0.004796,0.002430,-0.004130
703915150.000,YZJ,non_handheld,desk_gripped,recording,-5.189712,-2.140711,7.953495,-0.003424,-0.010312,0.001021
703915160.000,YZJ,non_handheld,desk_gripped,recording,-5.185848,-2.128513,7.878402,-0.008926,-0.036728,0.004960
703915170.000,YZJ,non_handheld,desk_gripped,recording,-5.190594,-2.159291,7.958916,-0.006785,-0.048326,0.008709
703915180.000,YZJ,non_handheld,desk_gripped,recording,-5.172659,-2.142143,8.028511,0.008071,-0.045734,0.012406
703915190.000,YZJ,non_handheld,desk_gripped,recording,-5.176569,-2.126838,8.015878,0.026288,-0.039810,0.013482
703915200.000,YZJ,non_handheld,desk_gripped,recording,-5.166142,-2.131559,8.057850,0.037017,-0.027188,0.014667
703915210.000,YZJ,non_handheld,desk_gripped,recording,-5.173216,-2.105529,8.099699,0.039321,-0.009539,0.013584
703915220.000,YZJ,non_handheld,desk_gripped,recording,-5.178656,-2.068677,8.121114,0.029877,0.002724,0.012557
703915230.000,YZJ,non_handheld,desk_gripped,recording,-5.181318,-2.091255,8.041484,0.009868,0.003398,0.011149
703915240.000,YZJ,non_handheld,desk_gripped,recording,-5.192572,-2.119041,8.026611,-0.008154,0.000625,0.011253
703915250.000,YZJ,non_handheld,desk_gripped,recording,-5.191105,-2.078422,8.010430,-0.019219,-0.004141,0.008201
703915260.000,YZJ,non_handheld,desk_gripped,recording,-5.192486,-2.103026,7.974008,-0.022958,-0.015042,0.005059
703915270.000,YZJ,non_handheld,desk_gripped,recording,-5.178505,-2.112102,7.977823,-0.019003,-0.023001,0.003440
703915280.000,YZJ,non_handheld,desk_gripped,recording,-5.175483,-2.161084,8.042213,-0.003747,-0.007873,0.000384
703915290.000,YZJ,non_handheld,desk_gripped,recording,-5.160699,-2.110226,8.154303,0.015766,0.020413,0.002297
703915300.000,YZJ,non_handheld,desk_gripped,recording,-5.157184,-2.075642,8.045052,0.017679,0.027162,0.004635
703915310.000,YZJ,non_handheld,desk_gripped,recording,-5.188470,-2.124265,8.015060,0.008362,0.021992,0.008631
703915320.000,YZJ,non_handheld,desk_gripped,recording,-5.169994,-2.102792,8.038771,0.003731,0.023021,0.010964
703915330.000,YZJ,non_handheld,desk_gripped,recording,-5.197940,-2.084850,7.998600,-0.002886,0.016663,0.008459
703915340.000,YZJ,non_handheld,desk_gripped,recording,-5.208509,-2.078003,7.962310,-0.007539,0.001783,0.005474
703915350.000,YZJ,non_handheld,desk_gripped,recording,-5.183978,-2.105173,7.986868,-0.007727,-0.005532,0.003149
703915360.000,YZJ,non_handheld,desk_gripped,recording,-5.184164,-2.114616,7.964241,-0.003855,-0.015937,0.005009
703915370.000,YZJ,non_handheld,desk_gripped,recording,-5.179488,-2.098743,7.983037,0.005505,-0.019769,0.004270
703915380.000,YZJ,non_handheld,desk_gripped,recording,-5.185721,-2.106078,8.024264,0.013266,-0.017335,0.003430
703915390.000,YZJ,non_handheld,desk_gripped,recording,-5.171807,-2.101041,8.062604,0.018413,-0.007536,0.002116
703915400.000,YZJ,non_handheld,desk_gripped,recording,-5.182903,-2.088836,8.086023,0.016651,0.001469,0.000070
703915410.000,YZJ,non_handheld,desk_gripped,recording,-5.178725,-2.083360,8.057494,0.009195,0.009357,-0.002013
703915420.000,YZJ,non_handheld,desk_gripped,recording,-5.186920,-2.104038,8.025228,-0.001857,0.007788,-0.002145
703915430.000,YZJ,non_handheld,desk_gripped,recording,-5.190023,-2.082851,8.016563,-0.010395,0.001698,-0.002147
703915440.000,YZJ,non_handheld,desk_gripped,recording,-5.183231,-2.103478,7.990909,-0.017240,-0.005609,-0.002147
703915450.000,YZJ,non_handheld,desk_gripped,recording,-5.183503,-2.098280,7.980806,-0.016375,-0.011992,-0.002147
703915460.000,YZJ,non_handheld,desk_gripped,recording,-5.171681,-2.123538,8.027477,-0.007193,-0.013351,-0.001615
703915470.000,YZJ,non_handheld,desk_gripped,recording,-5.171585,-2.117501,7.973822,-0.002344,-0.021114,0.001975
703915480.000,YZJ,non_handheld,desk_gripped,recording,-5.177152,-2.117019,8.025430,0.004507,-0.021950,0.003067
703915490.000,YZJ,non_handheld,desk_gripped,recording,-5.185218,-2.100026,8.064428,0.010226,-0.014966,0.001734
703915500.000,YZJ,non_handheld,desk_gripped,recording,-5.182603,-2.080636,8.087612,0.009765,-0.004237,-0.002297
703915510.000,YZJ,non_handheld,desk_gripped,recording,-5.155121,-2.056302,8.116214,0.007212,0.014124,-0.010807
703915520.000,YZJ,non_handheld,desk_gripped,recording,-5.180884,-2.076907,8.104653,0.002632,0.032377,-0.016921
703915530.000,YZJ,non_handheld,desk_gripped,recording,-5.168614,-2.092706,8.045429,-0.001973,0.037807,-0.018411
703915540.000,YZJ,non_handheld,desk_gripped,recording,-5.195762,-2.109411,7.976602,-0.010506,0.024775,-0.016390
703915550.000,YZJ,non_handheld,desk_gripped,recording,-5.179902,-2.132213,7.957192,-0.013258,0.009672,-0.008392
703915560.000,YZJ,non_handheld,desk_gripped,recording,-5.185660,-2.124502,7.969235,-0.012495,-0.001003,-0.000905
703915570.000,YZJ,non_handheld,desk_gripped,recording,-5.175510,-2.116172,7.986737,-0.008943,-0.008544,-0.000448
703915580.000,YZJ,non_handheld,desk_gripped,recording,-5.170264,-2.116439,8.052665,-0.002948,-0.002070,-0.001115
703915590.000,YZJ,non_handheld,desk_gripped,recording,-5.185006,-2.098778,8.039068,0.003925,0.003716,-0.002318
703915600.000,YZJ,non_handheld,desk_gripped,recording,-5.180024,-2.103909,8.004090,0.005416,0.002357,-0.004554
703915610.000,YZJ,non_handheld,desk_gripped,recording,-5.187613,-2.095682,8.030904,0.004883,0.003985,-0.006596
703915620.000,YZJ,non_handheld,desk_gripped,recording,-5.178174,-2.103255,8.042206,0.006997,0.006214,-0.008255
703915630.000,YZJ,non_handheld,desk_gripped,recording,-5.182703,-2.094482,7.986044,0.001023,0.000654,-0.008254
703915640.000,YZJ,non_handheld,desk_gripped,recording,-5.177992,-2.131597,7.977017,-0.003313,-0.012789,-0.003347
703915650.000,YZJ,non_handheld,desk_gripped,recording,-5.174952,-2.133563,7.975086,-0.004126,-0.019828,0.000266
703915660.000,YZJ,non_handheld,desk_gripped,recording,-5.157100,-2.152094,8.041596,0.003952,-0.014973,0.006377
703915670.000,YZJ,non_handheld,desk_gripped,recording,-5.176549,-2.133780,8.033027,0.009332,-0.011651,0.010113
703915680.000,YZJ,non_handheld,desk_gripped,recording,-5.178771,-2.102693,8.030109,0.012558,-0.010909,0.012325
703915690.000,YZJ,non_handheld,desk_gripped,recording,-5.181252,-2.077704,8.047325,0.012265,-0.010301,0.016816
703915700.000,YZJ,non_handheld,desk_gripped,recording,-5.175299,-2.078622,7.992722,0.009703,-0.018902,0.020154
703915710.000,YZJ,non_handheld,desk_gripped,recording,-5.185712,-2.086446,7.979137,0.006211,-0.033439,0.019498
703915720.000,YZJ,non_handheld,desk_gripped,recording,-5.188828,-2.129321,7.961364,0.006432,-0.045564,0.018260
703915730.000,YZJ,non_handheld,desk_gripped,recording,-5.189351,-2.170556,7.983613,0.012505,-0.048768,0.016023
703915740.000,YZJ,non_handheld,desk_gripped,recording,-5.181329,-2.109835,8.023508,0.015403,-0.050059,0.013364
703915750.000,YZJ,non_handheld,desk_gripped,recording,-5.167896,-2.071237,8.079590,0.017236,-0.041541,0.007788
703915760.000,YZJ,non_handheld,desk_gripped,recording,-5.148867,-2.065347,8.123569,0.017022,-0.021247,0.002999
703915770.000,YZJ,non_handheld,desk_gripped,recording,-5.165699,-2.081650,8.158931,0.017786,0.003263,-0.001768
703915780.000,YZJ,non_handheld,desk_gripped,recording,-5.146672,-2.096136,8.151711,0.018478,0.026837,-0.001883
703915790.000,YZJ,non_handheld,desk_gripped,recording,-5.151839,-2.109109,8.047183,0.014382,0.030540,0.001786
703915800.000,YZJ,non_handheld,desk_gripped,recording,-5.151105,-2.121911,7.993195,0.006195,0.020228,0.008582
703915810.000,YZJ,non_handheld,desk_gripped,recording,-5.162640,-2.093508,7.988228,-0.004483,0.004326,0.013433
703915820.000,YZJ,non_handheld,desk_gripped,recording,-5.185554,-2.078048,8.030511,-0.012246,-0.002103,0.012250
703915830.000,YZJ,non_handheld,desk_gripped,recording,-5.176253,-2.053021,8.035987,-0.015137,-0.003393,0.004974
703915840.000,YZJ,non_handheld,desk_gripped,recording,-5.180168,-2.063577,8.017264,-0.018670,-0.006204,-0.000210
703915850.000,YZJ,non_handheld,desk_gripped,recording,-5.160346,-2.089301,7.999200,-0.018690,-0.012950,-0.002052
703915860.000,YZJ,non_handheld,desk_gripped,recording,-5.170936,-2.104513,8.001308,-0.015590,-0.020357,-0.001874
703915870.000,YZJ,non_handheld,desk_gripped,recording,-5.165620,-2.102862,8.046067,-0.006023,-0.017212,-0.001150
703915880.000,YZJ,non_handheld,desk_gripped,recording,-5.151659,-2.094830,8.124481,0.004664,0.000959,-0.002016
703915890.000,YZJ,non_handheld,desk_gripped,recording,-5.146171,-2.104167,8.109048,0.009646,0.018203,-0.000897
703915900.000,YZJ,non_handheld,desk_gripped,recording,-5.154072,-2.088883,8.089514,0.005726,0.030331,-0.000214
703915910.000,YZJ,non_handheld,desk_gripped,recording,-5.170374,-2.088719,8.044786,-0.002042,0.033952,-0.000145
703915920.000,YZJ,non_handheld,desk_gripped,recording,-5.176725,-2.086228,7.988021,-0.010884,0.024636,-0.002053
703915930.000,YZJ,non_handheld,desk_gripped,recording,-5.178861,-2.084595,8.021384,-0.017026,0.019725,-0.000765
703915940.000,YZJ,non_handheld,desk_gripped,recording,-5.157327,-2.115123,7.995730,-0.020395,0.010055,0.002610
703915950.000,YZJ,non_handheld,desk_gripped,recording,-5.184325,-2.096988,7.948232,-0.019693,-0.005486,0.002325
703915960.000,YZJ,non_handheld,desk_gripped,recording,-5.178363,-2.080326,7.989915,-0.015535,-0.013793,-0.000730
703915970.000,YZJ,non_handheld,desk_gripped,recording,-5.181021,-2.101610,8.027363,-0.009041,-0.014728,-0.003082
703915980.000,YZJ,non_handheld,desk_gripped,recording,-5.175953,-2.081901,8.066043,-0.000092,-0.007986,-0.007677
703915990.000,YZJ,non_handheld,desk_gripped,recording,-5.160130,-2.087628,8.079451,0.004911,0.002310,-0.013473
703916000.000,YZJ,non_handheld,desk_gripped,recording,-5.177496,-2.079661,8.046105,0.005014,0.008996,-0.017795
703916010.000,YZJ,non_handheld,desk_gripped,recording,-5.154697,-2.091247,8.045207,0.002718,0.014272,-0.020043
703916020.000,YZJ,non_handheld,desk_gripped,recording,-5.172183,-2.117390,8.056837,0.002774,0.020622,-0.018215
703916030.000,YZJ,non_handheld,desk_gripped,recording,-5.168693,-2.137367,8.039467,0.001496,0.018963,-0.012396
703916040.000,YZJ,non_handheld,desk_gripped,recording,-5.163535,-2.142559,8.009787,0.000494,0.016715,-0.003251
703916050.000,YZJ,non_handheld,desk_gripped,recording,-5.159953,-2.134558,7.998995,-0.001863,0.011251,0.003120
703916060.000,YZJ,non_handheld,desk_gripped,recording,-5.182034,-2.121838,7.988460,-0.005998,0.003888,0.007052
703916070.000,YZJ,non_handheld,desk_gripped,recording,-5.176138,-2.107185,7.975379,-0.014247,-0.009917,0.009590
703916080.000,YZJ,non_handheld,desk_gripped,recording,-5.183279,-2.101321,7.995760,-0.023781,-0.022196,0.010552
703916090.000,YZJ,non_handheld,desk_gripped,recording,-5.170341,-2.103192,8.007759,-0.033391,-0.030367,0.009371
703916100.000,YZJ,non_handheld,desk_gripped,recording,-5.185377,-2.085891,8.036043,-0.033591,-0.029577,0.004727
703916110.000,YZJ,non_handheld,desk_gripped,recording,-5.165313,-2.076657,8.080962,-0.024416,-0.018167,-0.000276
703916120.000,YZJ,non_handheld,desk_gripped,recording,-5.161103,-2.095991,8.087118,-0.007864,-0.002763,-0.003052
703916130.000,YZJ,non_handheld,desk_gripped,recording,-5.147601,-2.103536,8.037999,0.006314,0.004874,-0.004516
703916140.000,YZJ,non_handheld,desk_gripped,recording,-5.151596,-2.137774,7.986995,0.021517,0.001622,-0.000687
703916150.000,YZJ,non_handheld,desk_gripped,recording,-5.183841,-2.175877,7.948565,0.033384,-0.007895,0.005830
703916160.000,YZJ,non_handheld,desk_gripped,recording,-5.180095,-2.154003,7.973390,0.035852,-0.016967,0.010293
703916170.000,YZJ,non_handheld,desk_gripped,recording,-5.171342,-2.084995,7.998484,0.032317,-0.024612,0.008572
703916180.000,YZJ,non_handheld,desk_gripped,recording,-5.169315,-2.086881,8.046908,0.023006,-0.024096,0.004463
703916190.000,YZJ,non_handheld,desk_gripped,recording,-5.168693,-2.077768,8.097237,0.017730,-0.015598,-0.001424
703916200.000,YZJ,non_handheld,desk_gripped,recording,-5.156323,-2.072228,8.108987,0.018655,-0.000880,-0.007886
703916210.000,YZJ,non_handheld,desk_gripped,recording,-5.139195,-2.109556,8.040439,0.017377,0.002597,-0.004755
703916220.000,YZJ,non_handheld,desk_gripped,recording,-5.165322,-2.137114,7.965854,0.011024,-0.010461,0.004819
703916230.000,YZJ,non_handheld,desk_gripped,recording,-5.149383,-2.136963,7.990996,0.004233,-0.024654,0.014890
703916240.000,YZJ,non_handheld,desk_gripped,recording,-5.144814,-2.143562,8.086139,0.003180,-0.017977,0.024143
703916250.000,YZJ,non_handheld,desk_gripped,recording,-5.135753,-2.073436,8.160908,0.002902,0.008261,0.021637
703916260.000,YZJ,non_handheld,desk_gripped,recording,-5.166896,-2.062966,8.193421,0.001973,0.040550,0.013118
703916270.000,YZJ,non_handheld,desk_gripped,recording,-5.172810,-2.030033,8.135493,-0.003749,0.060664,0.002585
703916280.000,YZJ,non_handheld,desk_gripped,recording,-5.171278,-2.046628,8.104523,-0.007749,0.075449,-0.005283
703916290.000,YZJ,non_handheld,desk_gripped,recording,-5.185863,-2.055284,7.993860,-0.017362,0.069449,-0.010610
703916300.000,YZJ,non_handheld,desk_gripped,recording,-5.185071,-2.108094,7.929713,-0.025243,0.044253,-0.011402
703916310.000,YZJ,non_handheld,desk_gripped,recording,-5.194178,-2.179424,7.882473,-0.024973,0.014703,-0.010025
703916320.000,YZJ,non_handheld,desk_gripped,recording,-5.194558,-2.167724,7.927572,-0.016148,-0.002398,-0.007162
703916330.000,YZJ,non_handheld,desk_gripped,recording,-5.194836,-2.099988,7.975547,-0.005043,-0.007665,-0.005588
703916340.000,YZJ,non_handheld,desk_gripped,recording,-5.178262,-2.025598,8.035748,0.001646,-0.007592,-0.002624
703916350.000,YZJ,non_handheld,desk_gripped,recording,-5.186476,-2.058919,8.018271,-0.000130,-0.010233,-0.002165
703916360.000,YZJ,non_handheld,desk_gripped,recording,-5.183669,-2.127014,8.051872,-0.003731,-0.003892,-0.000255
703916370.000,YZJ,non_handheld,desk_gripped,recording,-5.162482,-2.085942,8.083806,-0.003816,0.009337,-0.000223
703916380.000,YZJ,non_handheld,desk_gripped,recording,-5.173731,-2.082272,8.040425,-0.006040,0.013671,0.000023
703916390.000,YZJ,non_handheld,desk_gripped,recording,-5.184190,-2.138948,8.031946,-0.005544,0.016432,0.000206
703916400.000,YZJ,non_handheld,desk_gripped,recording,-5.180261,-2.102608,8.019736,-0.004464,0.018222,0.001373
703916410.000,YZJ,non_handheld,desk_gripped,recording,-5.198239,-2.097178,7.974479,-0.002312,0.014401,0.000952
703916420.000,YZJ,non_handheld,desk_gripped,recording,-5.181911,-2.116618,7.952110,0.001909,0.000288,0.003623
703916430.000,YZJ,non_handheld,desk_gripped,recording,-5.205200,-2.128586,7.916222,0.004683,-0.020207,0.006860
703916440.000,YZJ,non_handheld,desk_gripped,recording,-5.191589,-2.115019,7.928244,0.005841,-0.040175,0.006652
703916450.000,YZJ,non_handheld,desk_gripped,recording,-5.183738,-2.098293,7.958163,0.002443,-0.052836,0.007574
703916460.000,YZJ,non_handheld,desk_gripped,recording,-5.191773,-2.084975,7.963196,-0.001180,-0.068526,0.005432
703916470.000,YZJ,non_handheld,desk_gripped,recording,-5.176001,-2.098612,7.998830,-0.001646,-0.074841,0.002339
703916480.000,YZJ,non_handheld,desk_gripped,recording,-5.165007,-2.098097,8.073195,0.002422,-0.067256,0.000125
703916490.000,YZJ,non_handheld,desk_gripped,recording,-5.144673,-2.097445,8.099572,0.007208,-0.052594,-0.000606
703916500.000,YZJ,non_handheld,desk_gripped,recording,-5.150809,-2.110417,8.098863,0.012242,-0.038086,0.001410
703916510.000,YZJ,non_handheld,desk_gripped,recording,-5.151497,-2.106826,8.111066,0.017906,-0.020058,0.003698
703916520.000,YZJ,non_handheld,desk_gripped,recording,-5.135472,-2.085141,8.133663,0.022526,0.000114,-0.001110
703916530.000,YZJ,non_handheld,desk_gripped,recording,-5.159106,-2.048615,8.124039,0.018465,0.019928,-0.008359
703916540.000,YZJ,non_handheld,desk_gripped,recording,-5.153778,-2.067382,8.139129,0.010259,0.040197,-0.014568
703916550.000,YZJ,non_handheld,desk_gripped,recording,-5.170303,-2.077688,8.095372,0.001047,0.053391,-0.017346
703916560.000,YZJ,non_handheld,desk_gripped,recording,-5.161622,-2.096630,8.007382,-0.009648,0.045067,-0.017262
703916570.000,YZJ,non_handheld,desk_gripped,recording,-5.181076,-2.092462,7.936537,-0.022229,0.020970,-0.016880
703916580.000,YZJ,non_handheld,desk_gripped,recording,-5.176529,-2.114498,7.965375,-0.029047,0.003392,-0.013941
703916590.000,YZJ,non_handheld,desk_gripped,recording,-5.168320,-2.115494,7.994232,-0.027825,-0.006015,-0.011982
703916600.000,YZJ,non_handheld,desk_gripped,recording,-5.167729,-2.119152,8.047620,-0.018321,-0.001434,-0.010536
703916610.000,YZJ,non_handheld,desk_gripped,recording,-5.144928,-2.109374,8.107164,-0.006350,0.019203,-0.010771
703916620.000,YZJ,non_handheld,desk_gripped,recording,-5.167624,-2.124647,8.091407,0.003617,0.035375,-0.008799
703916630.000,YZJ,non_handheld,desk_gripped,recording,-5.154373,-2.107120,8.043114,0.003993,0.042882,-0.004993
703916640.000,YZJ,non_handheld,desk_gripped,recording,-5.176175,-2.071251,8.019200,0.000603,0.036004,-0.001074
703916650.000,YZJ,non_handheld,desk_gripped,recording,-5.170935,-2.084616,7.968316,-0.009372,0.018314,0.001031
703916660.000,YZJ,non_handheld,desk_gripped,recording,-5.172508,-2.096681,7.987070,-0.015051,0.001829,0.001519
703916670.000,YZJ,non_handheld,desk_gripped,recording,-5.188037,-2.143023,7.958940,-0.015312,-0.009108,-0.001370
703916680.000,YZJ,non_handheld,desk_gripped,recording,-5.186831,-2.128358,7.961205,-0.013210,-0.020883,-0.004244
703916690.000,YZJ,non_handheld,desk_gripped,recording,-5.193637,-2.121746,7.984235,-0.007552,-0.032635,-0.008180
703916700.000,YZJ,non_handheld,desk_gripped,recording,-5.171560,-2.113839,7.984556,-0.002557,-0.037492,-0.008435
703916710.000,YZJ,non_handheld,desk_gripped,recording,-5.159122,-2.133103,7.988709,0.001267,-0.042563,-0.004399
703916720.000,YZJ,non_handheld,desk_gripped,recording,-5.164881,-2.156784,8.066812,0.013178,-0.033193,0.004010
703916730.000,YZJ,non_handheld,desk_gripped,recording,-5.142528,-2.156781,8.122014,0.022831,-0.016084,0.013373
703916740.000,YZJ,non_handheld,desk_gripped,recording,-5.161057,-2.144297,8.083431,0.025119,-0.002538,0.019607
703916750.000,YZJ,non_handheld,desk_gripped,recording,-5.148995,-2.125491,8.080390,0.016423,0.005229,0.020887
703916760.000,YZJ,non_handheld,desk_gripped,recording,-5.165327,-2.088947,8.080549,0.005534,0.012417,0.018857
703916770.000,YZJ,non_handheld,desk_gripped,recording,-5.186900,-2.087949,8.043456,-0.002194,0.011880,0.014850
703916780.000,YZJ,non_handheld,desk_gripped,recording,-5.182624,-2.083594,7.961342,-0.005842,0.001134,0.013448
703916790.000,YZJ,non_handheld,desk_gripped,recording,-5.174512,-2.080024,7.967580,-0.006021,-0.013008,0.009099
703916800.000,YZJ,non_handheld,desk_gripped,recording,-5.181478,-2.093479,7.973176,-0.005842,-0.026283,0.001714
703916810.000,YZJ,non_handheld,desk_gripped,recording,-5.156806,-2.103117,8.056491,0.001959,-0.016143,-0.001050
703916820.000,YZJ,non_handheld,desk_gripped,recording,-5.155974,-2.074099,8.058337,0.009107,-0.013152,-0.000241
703916830.000,YZJ,non_handheld,desk_gripped,recording,-5.164763,-2.144932,7.991730,0.009430,-0.020085,0.004973
703916840.000,YZJ,non_handheld,desk_gripped,recording,-5.147816,-2.132546,8.087509,0.011947,-0.012621,0.011405
703916850.000,YZJ,non_handheld,desk_gripped,recording,-5.157949,-2.116185,8.078553,0.010092,-0.003784,0.013051
703916860.000,YZJ,non_handheld,desk_gripped,recording,-5.150988,-2.082321,8.052341,0.000148,0.000510,0.012514
703916870.000,YZJ,non_handheld,desk_gripped,recording,-5.168588,-2.071963,8.076932,-0.010235,0.005457,0.006686
703916880.000,YZJ,non_handheld,desk_gripped,recording,-5.171896,-2.058565,8.124627,-0.011623,0.019749,-0.000304
703916890.000,YZJ,non_handheld,desk_gripped,recording,-5.152295,-2.087057,8.055121,-0.012795,0.025509,-0.004544
703916900.000,YZJ,non_handheld,desk_gripped,recording,-5.170333,-2.079742,7.982714,-0.014119,0.014616,-0.008134
703916910.000,YZJ,non_handheld,desk_gripped,recording,-5.153567,-2.117203,8.021267,-0.006401,0.017566,-0.006869
703916920.000,YZJ,non_handheld,desk_gripped,recording,-5.170719,-2.136893,8.006453,0.003946,0.010934,-0.003038
703916930.000,YZJ,non_handheld,desk_gripped,recording,-5.192280,-2.126317,7.951066,0.006433,-0.004098,0.002127
703916940.000,YZJ,non_handheld,desk_gripped,recording,-5.147356,-2.117382,8.019521,0.005799,-0.008550,0.004644
703916950.000,YZJ,non_handheld,desk_gripped,recording,-5.171986,-2.080242,8.064934,0.003967,-0.002532,0.001721
703916960.000,YZJ,non_handheld,desk_gripped,recording,-5.169164,-2.064358,8.087436,-0.004040,0.005802,-0.004982
703916970.000,YZJ,non_handheld,desk_gripped,recording,-5.172668,-2.069332,8.067900,-0.012071,0.010749,-0.010705
703916980.000,YZJ,non_handheld,desk_gripped,recording,-5.164202,-2.110503,8.002688,-0.015209,0.004881,-0.012010
703916990.000,YZJ,non_handheld,desk_gripped,recording,-5.176625,-2.120910,7.945261,-0.015838,-0.011096,-0.009417
703917000.000,YZJ,non_handheld,desk_gripped,recording,-5.175170,-2.153316,7.963830,-0.009196,-0.028703,-0.008238
703917010.000,YZJ,non_handheld,desk_gripped,recording,-5.158761,-2.168709,8.020299,0.001966,-0.025439,-0.008823
703917020.000,YZJ,non_handheld,desk_gripped,recording,-5.148432,-2.114180,8.080603,0.016674,-0.011239,-0.004724
703917030.000,YZJ,non_handheld,desk_gripped,recording,-5.156325,-2.061356,8.083680,0.025513,-0.003444,-0.002307
703917040.000,YZJ,non_handheld,desk_gripped,recording,-5.163620,-2.121787,8.080996,0.025709,0.005338,-0.000722
703917050.000,YZJ,non_handheld,desk_gripped,recording,-5.153681,-2.089059,8.130471,0.019502,0.022550,-0.002191
703917060.000,YZJ,non_handheld,desk_gripped,recording,-5.166955,-2.083730,8.127186,0.011118,0.042179,-0.005538
703917070.000,YZJ,non_handheld,desk_gripped,recording,-5.156473,-2.072045,8.093353,-0.005086,0.050084,-0.011107
703917080.000,YZJ,non_handheld,desk_gripped,recording,-5.185653,-2.065014,8.031516,-0.025229,0.047427,-0.015666
703917090.000,YZJ,non_handheld,desk_gripped,recording,-5.172800,-2.120645,8.018069,-0.038420,0.040995,-0.015674
703917100.000,YZJ,non_handheld,desk_gripped,recording,-5.195144,-2.118658,7.937549,-0.047938,0.019215,-0.012288
703917110.000,YZJ,non_handheld,desk_gripped,recording,-5.181689,-2.146242,7.932091,-0.048196,0.001451,-0.003043
703917120.000,YZJ,non_handheld,desk_gripped,recording,-5.165104,-2.180750,7.960884,-0.038413,-0.008443,0.006703
703917130.000,YZJ,non_handheld,desk_gripped,recording,-5.167210,-2.155842,7.961127,-0.019897,-0.016451,0.012919
703917140.000,YZJ,non_handheld,desk_gripped,recording,-5.173181,-2.157490,8.048099,0.003510,-0.006479,0.016896
703917150.000,YZJ,non_handheld,desk_gripped,recording,-5.171422,-2.109554,8.059431,0.018625,0.003931,0.015022
703917160.000,YZJ,non_handheld,desk_gripped,recording,-5.181525,-2.064819,8.044194,0.021573,0.011674,0.004823
703917170.000,YZJ,non_handheld,desk_gripped,recording,-5.167361,-2.008929,8.090908,0.017777,0.019403,-0.004422
703917180.000,YZJ,non_handheld,desk_gripped,recording,-5.192257,-2.081124,8.000055,0.002694,0.010167,-0.011459
703917190.000,YZJ,non_handheld,desk_gripped,recording,-5.211176,-2.143499,7.913605,-0.012271,-0.007233,-0.014764
703917200.000,YZJ,non_handheld,desk_gripped,recording,-5.192817,-2.171843,7.956346,-0.018143,-0.022173,-0.012364
703917210.000,YZJ,non_handheld,desk_gripped,recording,-5.188207,-2.139264,7.923281,-0.020889,-0.042049,-0.008259
703917220.000,YZJ,non_handheld,desk_gripped,recording,-5.167171,-2.143418,7.957388,-0.015963,-0.056301,-0.002431
703917230.000,YZJ,non_handheld,desk_gripped,recording,-5.151558,-2.184527,8.037599,-0.001746,-0.051202,0.009322
703917240.000,YZJ,non_handheld,desk_gripped,recording,-5.157158,-2.201213,8.025036,0.016822,-0.045227,0.022955
703917250.000,YZJ,non_handheld,desk_gripped,recording,-5.133900,-2.180180,8.055792,0.029629,-0.037407,0.035352
703917260.000,YZJ,non_handheld,desk_gripped,recording,-5.150739,-2.154330,8.068332,0.031138,-0.026256,0.042880
703917270.000,YZJ,non_handheld,desk_gripped,recording,-5.140561,-2.104258,8.117690,0.024755,-0.011060,0.043287
703917280.000,YZJ,non_handheld,desk_gripped,recording,-5.168686,-2.060511,8.145702,0.011735,0.008472,0.034790
703917290.000,YZJ,non_handheld,desk_gripped,recording,-5.158589,-2.029259,8.139600,-0.004567,0.027780,0.019188
703917300.000,YZJ,non_handheld,desk_gripped,recording,-5.171347,-2.028643,8.083011,-0.017905,0.032715,0.001327
703917310.000,YZJ,non_handheld,desk_gripped,recording,-5.157997,-2.125205,8.054220,-0.021363,0.038397,-0.016718
703917320.000,YZJ,non_handheld,desk_gripped,recording,-5.169892,-2.163763,7.988875,-0.014295,0.031923,-0.028047
703917330.000,YZJ,non_handheld,desk_gripped,recording,-5.193514,-2.175533,7.879517,-0.012776,0.007939,-0.029827
703917340.000,YZJ,non_handheld,desk_gripped,recording,-5.213338,-2.134226,7.899816,-0.007731,-0.014942,-0.024398
703917350.000,YZJ,non_handheld,desk_gripped,recording,-5.179859,-2.070253,7.993233,-0.002494,-0.018533,-0.015566
703917360.000,YZJ,non_handheld,desk_gripped,recording,-5.151324,-2.031840,8.124442,0.006532,-0.004132,-0.005983
703917370.000,YZJ,non_handheld,desk_gripped,recording,-5.140735,-2.124985,8.125592,0.009966,0.010692,0.002171
703917380.000,YZJ,non_handheld,desk_gripped,recording,-5.164873,-2.158252,8.079431,0.009770,0.023009,0.010248
703917390.000,YZJ,non_handheld,desk_gripped,recording,-5.158656,-2.084161,8.047428,0.001471,0.029133,0.015134
703917400.000,YZJ,non_handheld,desk_gripped,recording,-5.165262,-2.062249,8.066726,-0.016649,0.027384,0.014853
703917410.000,YZJ,non_handheld,desk_gripped,recording,-5.172469,-2.117761,8.035162,-0.028030,0.029854,0.008979
703917420.000,YZJ,non_handheld,desk_gripped,recording,-5.201992,-2.136408,8.049669,-0.028134,0.033205,0.000724
703917430.000,YZJ,non_handheld,desk_gripped,recording,-5.221217,-2.107658,7.925992,-0.027889,0.022285,-0.006765
703917440.000,YZJ,non_handheld,desk_gripped,recording,-5.208998,-2.105623,7.922126,-0.023937,0.004084,-0.010368
703917450.000,YZJ,non_handheld,desk_gripped,recording,-5.191419,-2.124424,7.950722,-0.014422,-0.008476,-0.012081
703917460.000,YZJ,non_handheld,desk_gripped,recording,-5.171802,-2.125698,8.001072,-0.005032,-0.008226,-0.015491
703917470.000,YZJ,non_handheld,desk_gripped,recording,-5.184892,-2.099920,8.046674,0.000944,-0.000704,-0.020584
703917480.000,YZJ,non_handheld,desk_gripped,recording,-5.185439,-2.126081,8.043815,0.001356,0.004852,-0.022963
703917490.000,YZJ,non_handheld,desk_gripped,recording,-5.186699,-2.135926,8.011804,-0.005095,0.002333,-0.019871
703917500.000,YZJ,non_handheld,desk_gripped,recording,-5.181809,-2.152614,7.995024,-0.014985,-0.003382,-0.013814
703917510.000,YZJ,non_handheld,desk_gripped,recording,-5.163730,-2.152317,8.016309,-0.023433,-0.006422,-0.008535
703917520.000,YZJ,non_handheld,desk_gripped,recording,-5.162458,-2.159285,8.010666,-0.025347,-0.005222,-0.002922
703917530.000,YZJ,non_handheld,desk_gripped,recording,-5.182835,-2.175153,8.064720,-0.021748,0.001748,0.002396
703917540.000,YZJ,non_handheld,desk_gripped,recording,-5.173984,-2.166869,8.038468,-0.012153,0.011221,0.005857
703917550.000,YZJ,non_handheld,desk_gripped,recording,-5.154727,-2.140022,8.011821,-0.002170,0.013874,0.007932
703917560.000,YZJ,non_handheld,desk_gripped,recording,-5.162881,-2.111394,7.957852,0.009906,0.004320,0.003491
703917570.000,YZJ,non_handheld,desk_gripped,recording,-5.181467,-2.123759,8.014992,0.021865,0.007254,-0.002276
703917580.000,YZJ,non_handheld,desk_gripped,recording,-5.197437,-2.104232,8.070472,0.032901,0.020504,-0.012774
703917590.000,YZJ,non_handheld,desk_gripped,recording,-5.211432,-2.069970,8.037286,0.035522,0.029915,-0.023593
703917600.000,YZJ,non_handheld,desk_gripped,recording,-5.201693,-2.107275,8.028277,0.031993,0.036816,-0.031183
703917610.000,YZJ,non_handheld,desk_gripped,recording,-5.182581,-2.127277,8.013399,0.019946,0.033905,-0.033309
703917620.000,YZJ,non_handheld,desk_gripped,recording,-5.188986,-2.141333,7.960928,0.001265,0.016320,-0.027489
703917630.000,YZJ,non_handheld,desk_gripped,recording,-5.179815,-2.183109,7.919188,-0.015171,-0.006984,-0.016992
703917640.000,YZJ,non_handheld,desk_gripped,recording,-5.188909,-2.175826,7.896789,-0.029864,-0.034253,-0.006161
703917650.000,YZJ,non_handheld,desk_gripped,recording,-5.178930,-2.186905,7.931727,-0.035216,-0.050466,0.003217
703917660.000,YZJ,non_handheld,desk_gripped,recording,-5.172330,-2.163964,8.060466,-0.027709,-0.041363,0.008244
703917670.000,YZJ,non_handheld,desk_gripped,recording,-5.165883,-2.154751,8.126596,-0.010874,-0.010996,0.007852
703917680.000,YZJ,non_handheld,desk_gripped,recording,-5.167269,-2.121961,8.162308,0.000872,0.025620,0.001489
703917690.000,YZJ,non_handheld,desk_gripped,recording,-5.167166,-2.124092,8.157535,0.009124,0.060416,-0.002776
703917700.000,YZJ,non_handheld,desk_gripped,recording,-5.178707,-2.086050,8.052629,0.008182,0.064743,-0.007305
703917710.000,YZJ,non_handheld,desk_gripped,recording,-5.187996,-2.089152,7.938693,-0.003858,0.043384,-0.006486
703917720.000,YZJ,non_handheld,desk_gripped,recording,-5.186878,-2.140293,7.884374,-0.014997,0.014548,-0.004722
703917730.000,YZJ,non_handheld,desk_gripped,recording,-5.196099,-2.174746,7.954278,-0.019167,-0.000980,-0.003738
703917740.000,YZJ,non_handheld,desk_gripped,recording,-5.228438,-2.203986,7.945734,-0.018008,-0.007298,-0.003880
703917750.000,YZJ,non_handheld,desk_gripped,recording,-5.219959,-2.192699,7.919667,-0.016213,-0.021063,-0.002364
703917760.000,YZJ,non_handheld,desk_gripped,recording,-5.203035,-2.175074,7.906753,-0.018712,-0.041018,0.002234
703917770.000,YZJ,non_handheld,desk_gripped,recording,-5.193988,-2.186273,7.924368,-0.019970,-0.060766,0.009334
703917780.000,YZJ,non_handheld,desk_gripped,recording,-5.181400,-2.143985,7.975728,-0.016795,-0.072058,0.013477
703917790.000,YZJ,non_handheld,desk_gripped,recording,-5.188575,-2.149206,8.044597,-0.009820,-0.058436,0.013281
703917800.000,YZJ,non_handheld,desk_gripped,recording,-5.159366,-2.166613,8.175502,0.002096,-0.018732,0.009952
703917810.000,YZJ,non_handheld,desk_gripped,recording,-5.171963,-2.130402,8.152674,0.009850,0.013213,0.003809
703917820.000,YZJ,non_handheld,desk_gripped,recording,-5.176210,-2.145924,8.111144,0.015788,0.036232,0.001544
703917830.000,YZJ,non_handheld,desk_gripped,recording,-5.177578,-2.165711,8.069956,0.017217,0.051758,0.001879
703917840.000,YZJ,non_handheld,desk_gripped,recording,-5.177023,-2.141089,7.986445,0.011057,0.040978,0.004142
703917850.000,YZJ,non_handheld,desk_gripped,recording,-5.187744,-2.149141,7.893613,0.000698,0.014536,0.006191
703917860.000,YZJ,non_handheld,desk_gripped,recording,-5.200042,-2.162751,7.916486,-0.005076,-0.012492,0.010355
703917870.000,YZJ,non_handheld,desk_gripped,recording,-5.178765,-2.145591,7.911772,-0.006117,-0.034312,0.009432
703917880.000,YZJ,non_handheld,desk_gripped,recording,-5.205835,-2.130373,7.957942,-0.006382,-0.048297,0.005862
703917890.000,YZJ,non_handheld,desk_gripped,recording,-5.202683,-2.168910,7.976954,-0.003681,-0.049695,0.004031
703917900.000,YZJ,non_handheld,desk_gripped,recording,-5.204955,-2.152481,8.015914,0.002742,-0.046375,0.002086
703917910.000,YZJ,non_handheld,desk_gripped,recording,-5.157047,-2.141175,8.029050,0.008541,-0.040751,0.001658
703917920.000,YZJ,non_handheld,desk_gripped,recording,-5.178462,-2.173502,8.020040,0.010668,-0.038602,0.004860
703917930.000,YZJ,non_handheld,desk_gripped,recording,-5.163909,-2.153145,8.021725,0.009223,-0.039976,0.008025
703917940.000,YZJ,non_handheld,desk_gripped,recording,-5.157093,-2.130434,8.089153,0.009607,-0.027528,0.009638
703917950.000,YZJ,non_handheld,desk_gripped,recording,-5.132471,-2.136300,8.177497,0.012823,-0.000051,0.006250
703917960.000,YZJ,non_handheld,desk_gripped,recording,-5.147071,-2.110020,8.132919,0.010299,0.021579,0.000374
703917970.000,YZJ,non_handheld,desk_gripped,recording,-5.136786,-2.118345,8.031203,0.004845,0.024531,-0.004035
703917980.000,YZJ,non_handheld,desk_gripped,recording,-5.145155,-2.128186,7.989218,0.001212,0.012239,-0.007364
703917990.000,YZJ,non_handheld,desk_gripped,recording,-5.172833,-2.153188,7.948560,-0.000204,-0.006803,-0.008678
703918000.000,YZJ,non_handheld,desk_gripped,recording,-5.206113,-2.182694,7.942117,0.001860,-0.018938,-0.008668
703918010.000,YZJ,non_handheld,desk_gripped,recording,-5.197555,-2.146147,8.012405,0.002553,-0.015530,-0.010682
703918020.000,YZJ,non_handheld,desk_gripped,recording,-5.182183,-2.121314,8.054425,-0.000884,-0.006281,-0.012058
703918030.000,YZJ,non_handheld,desk_gripped,recording,-5.163064,-2.150323,8.036180,-0.005960,-0.003490,-0.007763
703918040.000,YZJ,non_handheld,desk_gripped,recording,-5.164240,-2.171959,8.000837,-0.011230,-0.008104,-0.000261
703918050.000,YZJ,non_handheld,desk_gripped,recording,-5.141700,-2.194173,8.018340,-0.018722,-0.012695,0.009402
703918060.000,YZJ,non_handheld,desk_gripped,recording,-5.125524,-2.195328,7.976213,-0.027971,-0.028801,0.015766
703918070.000,YZJ,non_handheld,desk_gripped,recording,-5.076492,-2.127724,8.070762,-0.028092,-0.023983,0.005812
703918080.000,YZJ,non_handheld,desk_gripped,recording,-5.083987,-2.111077,8.259819,-0.016737,0.014217,-0.011260
703918090.000,YZJ,non_handheld,desk_gripped,recording,-5.041877,-2.064170,8.208319,-0.002844,0.052164,-0.033185
703918100.000,YZJ,non_handheld,desk_gripped,recording,-5.102557,-2.078759,8.142086,0.010383,0.067342,-0.046643
703918110.000,YZJ,non_handheld,desk_gripped,recording,-5.073085,-2.037983,7.977656,0.017183,0.040935,-0.053434
703918120.000,YZJ,non_handheld,desk_gripped,recording,-5.048197,-2.081463,7.885143,0.018910,-0.003241,-0.052094
703918130.000,YZJ,non_handheld,desk_gripped,recording,-5.226937,-2.223278,7.895649,0.023621,-0.028393,-0.034537
703918140.000,YZJ,non_handheld,desk_gripped,recording,-5.364665,-2.226580,7.750663,0.021846,-0.051839,-0.010785
703918150.000,YZJ,non_handheld,desk_gripped,recording,-5.280335,-2.244754,7.888115,0.026139,-0.065313,0.003062
703918160.000,YZJ,non_handheld,desk_gripped,recording,-5.314706,-2.266054,7.963030,0.026483,-0.055867,0.021164
703918170.000,YZJ,non_handheld,desk_gripped,recording,-5.201449,-2.217252,7.969722,0.023243,-0.053560,0.024765
703918180.000,YZJ,non_handheld,desk_gripped,recording,-5.160654,-2.110409,8.124194,0.019453,-0.036991,0.024700
703918190.000,YZJ,non_handheld,desk_gripped,recording,-5.115936,-2.127713,8.148444,0.016233,-0.011472,0.019504
703918200.000,YZJ,non_handheld,desk_gripped,recording,-5.136215,-2.146404,8.100043,0.009987,0.006461,0.008762
703918210.000,YZJ,non_handheld,desk_gripped,recording,-5.165611,-2.133880,8.058849,0.005109,0.016165,-0.000526
703918220.000,YZJ,non_handheld,desk_gripped,recording,-5.170961,-2.129800,7.997615,0.002290,0.009996,-0.006536
703918230.000,YZJ,non_handheld,desk_gripped,recording,-5.153667,-2.127586,7.963217,0.006019,-0.004889,-0.008626
703918240.000,YZJ,non_handheld,desk_gripped,recording,-5.154576,-2.151488,7.971073,0.018855,-0.018253,-0.008681
703918250.000,YZJ,non_handheld,desk_gripped,recording,-5.155387,-2.169276,7.987643,0.034550,-0.025991,-0.005071
703918260.000,YZJ,non_handheld,desk_gripped,recording,-5.127571,-2.186129,7.987334,0.047163,-0.032730,0.001898
703918270.000,YZJ,non_handheld,desk_gripped,recording,-5.145186,-2.195587,7.998018,0.054335,-0.040955,0.012318
703918280.000,YZJ,non_handheld,desk_gripped,recording,-5.134642,-2.164623,7.943322,0.045997,-0.063560,0.021061
703918290.000,YZJ,non_handheld,desk_gripped,recording,-5.157356,-2.110520,7.908686,0.024092,-0.097697,0.026408
703918300.000,YZJ,non_handheld,desk_gripped,recording,-5.128343,-2.076759,8.096810,0.009035,-0.099158,0.029721
703918310.000,YZJ,non_handheld,desk_gripped,recording,-5.108153,-2.099799,8.154502,0.000819,-0.084954,0.022190
703918320.000,YZJ,non_handheld,desk_gripped,recording,-5.123542,-2.120944,8.137756,-0.002222,-0.061812,0.009683
703918330.000,YZJ,non_handheld,desk_gripped,recording,-5.097919,-2.063140,8.287951,0.007891,-0.010615,-0.001908
703918340.000,YZJ,non_handheld,desk_gripped,recording,-5.102667,-2.101943,8.242039,0.016835,0.033661,-0.009766
703918350.000,YZJ,non_handheld,desk_gripped,recording,-5.106739,-2.125739,8.094843,0.018124,0.047763,-0.008391
703918360.000,YZJ,non_handheld,desk_gripped,recording,-5.101687,-2.152416,8.067810,0.017004,0.046540,-0.000450
703918370.000,YZJ,non_handheld,desk_gripped,recording,-5.099367,-2.163100,8.006788,0.010248,0.031993,0.011566
703918380.000,YZJ,non_handheld,desk_gripped,recording,-5.123522,-2.140223,7.945773,-0.004603,0.000663,0.020338
703918390.000,YZJ,non_handheld,desk_gripped,recording,-5.135936,-2.097122,8.019198,-0.016308,-0.013746,0.021570
703918400.000,YZJ,non_handheld,desk_gripped,recording,-5.122320,-2.078980,8.088805,-0.020550,-0.009720,0.013370
703918410.000,YZJ,non_handheld,desk_gripped,recording,-5.123878,-2.065876,8.073956,-0.024944,-0.004109,0.000155
703918420.000,YZJ,non_handheld,desk_gripped,recording,-5.124150,-2.069797,8.058076,-0.023511,-0.004206,-0.010671
703918430.000,YZJ,non_handheld,desk_gripped,recording,-5.127296,-2.095583,8.063073,-0.013195,0.002199,-0.017730
703918440.000,YZJ,non_handheld,desk_gripped,recording,-5.107375,-2.146647,8.090152,0.003192,0.010891,-0.018259
703918450.000,YZJ,non_handheld,desk_gripped,recording,-5.117203,-2.160203,8.003766,0.013458,0.001893,-0.011112
703918460.000,YZJ,non_handheld,desk_gripped,recording,-5.112522,-2.151057,7.959725,0.010089,-0.018413,-0.003111
703918470.000,YZJ,non_handheld,desk_gripped,recording,-5.114552,-2.130832,8.077525,0.010234,-0.016777,0.000009
703918480.000,YZJ,non_handheld,desk_gripped,recording,-5.128624,-2.102447,8.150892,0.008630,-0.001424,-0.003583
703918490.000,YZJ,non_handheld,desk_gripped,recording,-5.116947,-2.086114,8.107730,-0.000406,0.008402,-0.010099
703918500.000,YZJ,non_handheld,desk_gripped,recording,-5.131957,-2.093466,8.074538,-0.011644,0.008124,-0.017001
703918510.000,YZJ,non_handheld,desk_gripped,recording,-5.127330,-2.116336,8.070547,-0.017363,0.010047,-0.019451
703918520.000,YZJ,non_handheld,desk_gripped,recording,-5.116293,-2.149550,8.048797,-0.010336,0.009997,-0.015186
703918530.000,YZJ,non_handheld,desk_gripped,recording,-5.132942,-2.207774,7.960564,-0.005843,0.000384,-0.008557
703918540.000,YZJ,non_handheld,desk_gripped,recording,-5.130955,-2.178368,7.948695,-0.000393,-0.015893,-0.000404
703918550.000,YZJ,non_handheld,desk_gripped,recording,-5.079019,-2.110413,8.072080,0.006441,-0.018564,0.006563
703918560.000,YZJ,non_handheld,desk_gripped,recording,-5.087042,-2.122028,8.150928,0.009700,-0.003240,0.008919
703918570.000,YZJ,non_handheld,desk_gripped,recording,-5.111696,-2.109904,8.120925,0.009920,0.012076,0.008878
703918580.000,YZJ,non_handheld,desk_gripped,recording,-5.145042,-2.049163,8.097913,0.005615,0.017569,0.006890
703918590.000,YZJ,non_handheld,desk_gripped,recording,-5.120274,-2.060993,8.056259,-0.002550,0.012905,0.004248
703918600.000,YZJ,non_handheld,desk_gripped,recording,-5.131476,-2.120468,8.039059,-0.005457,0.008730,0.002609
703918610.000,YZJ,non_handheld,desk_gripped,recording,-5.109814,-2.174534,8.044097,0.004320,0.007881,-0.001035
703918620.000,YZJ,non_handheld,desk_gripped,recording,-5.121161,-2.149472,7.959701,0.014470,-0.005888,-0.001345
703918630.000,YZJ,non_handheld,desk_gripped,recording,-5.115171,-2.123876,7.984168,0.015890,-0.021545,-0.000781
703918640.000,YZJ,non_handheld,desk_gripped,recording,-5.121293,-2.140623,8.093722,0.019271,-0.017005,0.002386
703918650.000,YZJ,non_handheld,desk_gripped,recording,-5.102211,-2.131723,8.095244,0.019349,-0.007465,0.004706
703918660.000,YZJ,non_handheld,desk_gripped,recording,-5.107509,-2.130364,8.079267,0.016072,-0.003602,0.006242
703918670.000,YZJ,non_handheld,desk_gripped,recording,-5.113131,-2.129269,8.063554,0.008185,-0.003445,0.008781
703918680.000,YZJ,non_handheld,desk_gripped,recording,-5.122253,-2.115168,8.081086,0.000939,-0.001837,0.012995
703918690.000,YZJ,non_handheld,desk_gripped,recording,-5.112948,-2.105676,8.054269,-0.008695,-0.008438,0.012687
703918700.000,YZJ,non_handheld,desk_gripped,recording,-5.139419,-2.120178,8.062428,-0.011653,-0.010210,0.013472
703918710.000,YZJ,non_handheld,desk_gripped,recording,-5.113885,-2.123594,8.052731,-0.009348,-0.013098,0.014892
703918720.000,YZJ,non_handheld,desk_gripped,recording,-5.113767,-2.129518,8.017815,-0.006827,-0.022491,0.017260
703918730.000,YZJ,non_handheld,desk_gripped,recording,-5.120991,-2.100464,8.022957,-0.006364,-0.028342,0.013433
703918740.000,YZJ,non_handheld,desk_gripped,recording,-5.095928,-2.079538,8.092649,-0.005239,-0.018211,0.008187
703918750.000,YZJ,non_handheld,desk_gripped,recording,-5.116128,-2.099806,8.173077,-0.001527,0.005065,-0.000449
703918760.000,YZJ,non_handheld,desk_gripped,recording,-5.120456,-2.106656,8.140234,-0.002468,0.022871,-0.004947
703918770.000,YZJ,non_handheld,desk_gripped,recording,-5.123536,-2.120094,8.126379,-0.009305,0.034384,-0.008255
703918780.000,YZJ,non_handheld,desk_gripped,recording,-5.114571,-2.136880,8.071555,-0.015869,0.035416,-0.007220
703918790.000,YZJ,non_handheld,desk_gripped,recording,-5.116570,-2.164044,8.062600,-0.018023,0.034382,-0.003941
703918800.000,YZJ,non_handheld,desk_gripped,recording,-5.111551,-2.144964,8.023858,-0.016449,0.028474,-0.000300
703918810.000,YZJ,non_handheld,desk_gripped,recording,-5.100380,-2.111979,8.005262,-0.015829,0.015512,0.002780
703918820.000,YZJ,non_handheld,desk_gripped,recording,-5.134128,-2.073511,7.974910,-0.014406,-0.002905,0.007250
703918830.000,YZJ,non_handheld,desk_gripped,recording,-5.122157,-2.121831,7.967512,-0.009227,-0.022513,0.008380
703918840.000,YZJ,non_handheld,desk_gripped,recording,-5.124546,-2.132089,7.982930,-0.001152,-0.037469,0.005417
703918850.000,YZJ,non_handheld,desk_gripped,recording,-5.112940,-2.122727,8.008880,0.008589,-0.048690,0.001852
703918860.000,YZJ,non_handheld,desk_gripped,recording,-5.111433,-2.124113,8.050649,0.014665,-0.052765,-0.002784
703918870.000,YZJ,non_handheld,desk_gripped,recording,-5.119725,-2.091844,8.051365,0.020248,-0.051238,-0.007789
703918880.000,YZJ,non_handheld,desk_gripped,recording,-5.127230,-2.098700,8.102841,0.029516,-0.042913,-0.014274
703918890.000,YZJ,non_handheld,desk_gripped,recording,-5.085861,-2.130550,8.137514,0.041970,-0.021109,-0.018307
703918900.000,YZJ,non_handheld,desk_gripped,recording,-5.116199,-2.143151,8.138575,0.055421,0.002140,-0.017883
703918910.000,YZJ,non_handheld,desk_gripped,recording,-5.093583,-2.145006,8.060320,0.060350,0.004120,-0.009072
703918920.000,YZJ,non_handheld,desk_gripped,recording,-5.090136,-2.109783,8.000904,0.051468,-0.014359,0.003256
703918930.000,YZJ,non_handheld,desk_gripped,recording,-5.093632,-2.095940,7.996293,0.034579,-0.040722,0.015244
703918940.000,YZJ,non_handheld,desk_gripped,recording,-5.087676,-2.110521,8.052027,0.014589,-0.054509,0.019994
703918950.000,YZJ,non_handheld,desk_gripped,recording,-5.092691,-2.064125,8.143185,-0.000316,-0.048749,0.014917
703918960.000,YZJ,non_handheld,desk_gripped,recording,-5.095888,-2.041080,8.180912,-0.012359,-0.028585,0.005542
703918970.000,YZJ,non_handheld,desk_gripped,recording,-5.082430,-2.058554,8.195184,-0.024363,-0.001979,-0.002445
703918980.000,YZJ,non_handheld,desk_gripped,recording,-5.074883,-2.086828,8.233941,-0.027590,0.032443,-0.009044
703918990.000,YZJ,non_handheld,desk_gripped,recording,-5.069194,-2.117440,8.216211,-0.020405,0.066532,-0.007700
703919000.000,YZJ,non_handheld,desk_gripped,recording,-5.076417,-2.111008,8.127560,-0.013539,0.078701,-0.004278
703919010.000,YZJ,non_handheld,desk_gripped,recording,-5.100330,-2.137353,8.038087,-0.011566,0.072053,0.000931
703919020.000,YZJ,non_handheld,desk_gripped,recording,-5.094438,-2.137429,8.030100,-0.016154,0.061171,0.007567
703919030.000,YZJ,non_handheld,desk_gripped,recording,-5.123184,-2.103655,7.993943,-0.026343,0.045206,0.009568
703919040.000,YZJ,non_handheld,desk_gripped,recording,-5.129252,-2.082557,8.035443,-0.030318,0.031883,0.004371
703919050.000,YZJ,non_handheld,desk_gripped,recording,-5.123368,-2.051746,8.027587,-0.031524,0.020701,-0.006154
703919060.000,YZJ,non_handheld,desk_gripped,recording,-5.134613,-2.055802,7.996259,-0.031395,0.005037,-0.015864
703919070.000,YZJ,non_handheld,desk_gripped,recording,-5.119787,-2.088808,7.975645,-0.022462,-0.010609,-0.023266
703919080.000,YZJ,non_handheld,desk_gripped,recording,-5.148165,-2.145540,7.970224,-0.009867,-0.020945,-0.026834
703919090.000,YZJ,non_handheld,desk_gripped,recording,-5.105148,-2.169695,8.060432,0.012232,-0.017632,-0.022258
703919100.000,YZJ,non_handheld,desk_gripped,recording,-5.095769,-2.193365,8.005192,0.022322,-0.024089,-0.011794
703919110.000,YZJ,non_handheld,desk_gripped,recording,-5.100192,-2.181208,8.046754,0.021134,-0.026906,0.000541
703919120.000,YZJ,non_handheld,desk_gripped,recording,-5.104210,-2.154833,8.109864,0.022510,-0.016991,0.008522
703919130.000,YZJ,non_handheld,desk_gripped,recording,-5.105573,-2.102840,8.129111,0.022568,-0.005370,0.010758
703919140.000,YZJ,non_handheld,desk_gripped,recording,-5.111516,-2.131290,8.040792,0.014024,-0.011173,0.014782
703919150.000,YZJ,non_handheld,desk_gripped,recording,-5.115719,-2.148312,8.002469,0.005514,-0.026023,0.019017
703919160.000,YZJ,non_handheld,desk_gripped,recording,-5.124767,-2.106607,8.048024,-0.000391,-0.035250,0.017637
703919170.000,YZJ,non_handheld,desk_gripped,recording,-5.104921,-2.101138,8.085430,0.002170,-0.029988,0.013772
703919180.000,YZJ,non_handheld,desk_gripped,recording,-5.096335,-2.097153,8.101725,0.000001,-0.021303,0.010079
703919190.000,YZJ,non_handheld,desk_gripped,recording,-5.089428,-2.136481,8.095517,0.002643,-0.010324,0.004822
703919200.000,YZJ,non_handheld,desk_gripped,recording,-5.105071,-2.110244,8.124949,0.005858,0.000464,0.001982
703919210.000,YZJ,non_handheld,desk_gripped,recording,-5.104091,-2.090160,8.093713,0.003362,0.000971,0.002324
703919220.000,YZJ,non_handheld,desk_gripped,recording,-5.091085,-2.096305,8.066483,-0.002646,-0.001377,0.007126
703919230.000,YZJ,non_handheld,desk_gripped,recording,-5.091954,-2.121133,8.097886,-0.006265,0.000670,0.008817
703919240.000,YZJ,non_handheld,desk_gripped,recording,-5.099574,-2.082570,8.068550,-0.010739,-0.000957,0.005285
703919250.000,YZJ,non_handheld,desk_gripped,recording,-5.123540,-2.080663,8.076885,-0.014673,-0.002586,0.000167
703919260.000,YZJ,non_handheld,desk_gripped,recording,-5.099518,-2.098426,8.143923,-0.011970,0.011624,-0.003104
703919270.000,YZJ,non_handheld,desk_gripped,recording,-5.100671,-2.107863,8.124798,-0.004835,0.025104,-0.003684
703919280.000,YZJ,non_handheld,desk_gripped,recording,-5.102254,-2.142308,8.049511,0.001439,0.021626,-0.000285
703919290.000,YZJ,non_handheld,desk_gripped,recording,-5.101678,-2.160417,7.971771,0.005485,0.004026,0.008483
703919300.000,YZJ,non_handheld,desk_gripped,recording,-5.104177,-2.141487,7.999376,0.009267,-0.009663,0.018523
703919310.000,YZJ,non_handheld,desk_gripped,recording,-5.111188,-2.141552,8.015208,0.012419,-0.022162,0.023146
703919320.000,YZJ,non_handheld,desk_gripped,recording,-5.104587,-2.132147,8.037164,0.013856,-0.029855,0.026861
703919330.000,YZJ,non_handheld,desk_gripped,recording,-5.106684,-2.103057,8.074426,0.013425,-0.032233,0.025935
703919340.000,YZJ,non_handheld,desk_gripped,recording,-5.107133,-2.070373,8.069765,0.012468,-0.031956,0.019191
703919350.000,YZJ,non_handheld,desk_gripped,recording,-5.109567,-2.067401,8.085541,0.014784,-0.027723,0.010924
703919360.000,YZJ,non_handheld,desk_gripped,recording,-5.089710,-2.078929,8.112906,0.023984,-0.018006,0.006602
703919370.000,YZJ,non_handheld,desk_gripped,recording,-5.079984,-2.121812,8.140922,0.032630,-0.004809,0.003745
703919380.000,YZJ,non_handheld,desk_gripped,recording,-5.074097,-2.132384,7.995332,0.031038,-0.018114,0.001580
703919390.000,YZJ,non_handheld,desk_gripped,recording,-5.076942,-2.139446,8.016298,0.022484,-0.033819,-0.001786
703919400.000,YZJ,non_handheld,desk_gripped,recording,-5.094786,-2.094129,8.082342,0.014920,-0.036838,-0.002259
703919410.000,YZJ,non_handheld,desk_gripped,recording,-5.094997,-2.093697,8.102746,0.009281,-0.032407,0.001340
703919420.000,YZJ,non_handheld,desk_gripped,recording,-5.116280,-2.008855,8.135485,0.005566,-0.025733,0.005452
703919430.000,YZJ,non_handheld,desk_gripped,recording,-5.102649,-2.010450,8.153207,0.004038,-0.009481,0.006023
703919440.000,YZJ,non_handheld,desk_gripped,recording,-5.061664,-2.100434,8.228828,0.010237,0.021327,0.003643
703919450.000,YZJ,non_handheld,desk_gripped,recording,-5.066668,-2.066962,8.186343,0.015142,0.045811,0.000487
703919460.000,YZJ,non_handheld,desk_gripped,recording,-5.086251,-2.066969,8.104447,0.007992,0.049550,-0.002031
703919470.000,YZJ,non_handheld,desk_gripped,recording,-5.092639,-2.061248,8.047822,-0.004920,0.040405,-0.003636
703919480.000,YZJ,non_handheld,desk_gripped,recording,-5.100170,-2.051287,8.060482,-0.018131,0.025833,-0.007077
703919490.000,YZJ,non_handheld,desk_gripped,recording,-5.114075,-2.081824,8.033080,-0.028891,0.010964,-0.012737
703919500.000,YZJ,non_handheld,desk_gripped,recording,-5.107186,-2.062104,8.015976,-0.030659,0.000404,-0.017943
703919510.000,YZJ,non_handheld,desk_gripped,recording,-5.126005,-2.066948,8.058590,-0.032539,-0.009629,-0.024797
703919520.000,YZJ,non_handheld,desk_gripped,recording,-5.120382,-2.083620,8.059139,-0.030044,-0.011064,-0.031132
703919530.000,YZJ,non_handheld,desk_gripped,recording,-5.092692,-2.112682,8.147761,-0.018684,0.008100,-0.033734
703919540.000,YZJ,non_handheld,desk_gripped,recording,-5.069076,-2.121154,8.188487,-0.007613,0.036387,-0.032744
703919550.000,YZJ,non_handheld,desk_gripped,recording,-5.083825,-2.147445,8.148781,-0.007748,0.055616,-0.024457
703919560.000,YZJ,non_handheld,desk_gripped,recording,-5.087374,-2.146963,8.086021,-0.015015,0.057769,-0.013312
703919570.000,YZJ,non_handheld,desk_gripped,recording,-5.111929,-2.122941,8.044773,-0.024493,0.045430,-0.003683
703919580.000,YZJ,non_handheld,desk_gripped,recording,-5.101670,-2.126481,7.999783,-0.031080,0.024770,0.001298
703919590.000,YZJ,non_handheld,desk_gripped,recording,-5.125516,-2.151610,7.939731,-0.035269,0.003799,0.002397
703919600.000,YZJ,non_handheld,desk_gripped,recording,-5.141176,-2.095144,7.989791,-0.032634,-0.013436,-0.003318
703919610.000,YZJ,non_handheld,desk_gripped,recording,-5.118470,-2.095079,8.018600,-0.023852,-0.025245,-0.010409
703919620.000,YZJ,non_handheld,desk_gripped,recording,-5.125070,-2.084346,7.992438,-0.016072,-0.038120,-0.018394
703919630.000,YZJ,non_handheld,desk_gripped,recording,-5.119170,-2.112340,7.976633,-0.010711,-0.053000,-0.023930
703919640.000,YZJ,non_handheld,desk_gripped,recording,-5.099456,-2.147907,8.058571,-0.006456,-0.054709,-0.023706
703919650.000,YZJ,non_handheld,desk_gripped,recording,-5.095646,-2.155564,8.130750,-0.000061,-0.039793,-0.018436
703919660.000,YZJ,non_handheld,desk_gripped,recording,-5.064603,-2.146654,8.165387,0.008307,-0.013925,-0.012523
703919670.000,YZJ,non_handheld,desk_gripped,recording,-5.057418,-2.181959,8.215776,0.016086,0.016549,-0.005999
703919680.000,YZJ,non_handheld,desk_gripped,recording,-5.082752,-2.156306,8.130920,0.015981,0.029508,-0.001485
703919690.000,YZJ,non_handheld,desk_gripped,recording,-5.079733,-2.141418,8.075807,0.008086,0.031432,0.003616
703919700.000,YZJ,non_handheld,desk_gripped,recording,-5.095291,-2.132031,8.080635,-0.000767,0.030890,0.005953
703919710.000,YZJ,non_handheld,desk_gripped,recording,-5.103986,-2.114503,8.040027,-0.011838,0.025200,0.004964
703919720.000,YZJ,non_handheld,desk_gripped,recording,-5.107079,-2.113633,8.029342,-0.023078,0.013208,0.002276
703919730.000,YZJ,non_handheld,desk_gripped,recording,-5.113152,-2.128241,8.016952,-0.029925,0.002987,0.001111
703919740.000,YZJ,non_handheld,desk_gripped,recording,-5.111481,-2.116612,8.022064,-0.031139,-0.007318,-0.000354
703919750.000,YZJ,non_handheld,desk_gripped,recording,-5.108768,-2.144506,8.035977,-0.028186,-0.010342,-0.000948
703919760.000,YZJ,non_handheld,desk_gripped,recording,-5.082526,-2.127870,8.125142,-0.019420,0.002295,-0.002440
703919770.000,YZJ,non_handheld,desk_gripped,recording,-5.078583,-2.127923,8.167075,-0.007154,0.028499,-0.004908
703919780.000,YZJ,non_handheld,desk_gripped,recording,-5.094717,-2.135751,8.170538,0.003043,0.054003,-0.006756
703919790.000,YZJ,non_handheld,desk_gripped,recording,-5.095876,-2.155588,8.147806,0.010755,0.073796,-0.005510
703919800.000,YZJ,non_handheld,desk_gripped,recording,-5.129807,-2.098592,8.051371,0.009215,0.075412,-0.001122
703919810.000,YZJ,non_handheld,desk_gripped,recording,-5.123892,-2.138927,8.008584,0.001509,0.062258,0.005021
703919820.000,YZJ,non_handheld,desk_gripped,recording,-5.116120,-2.183371,7.913653,-0.006799,0.033436,0.006199
703919830.000,YZJ,non_handheld,desk_gripped,recording,-5.130365,-2.172221,7.943796,-0.014862,0.005613,0.005287
703919840.000,YZJ,non_handheld,desk_gripped,recording,-5.145997,-2.110571,7.934988,-0.023002,-0.020670,0.001787
703919850.000,YZJ,non_handheld,desk_gripped,recording,-5.154505,-2.120974,7.970660,-0.030991,-0.041345,-0.006091
703919860.000,YZJ,non_handheld,desk_gripped,recording,-5.135962,-2.158663,8.046060,-0.030749,-0.038521,-0.017014
703919870.000,YZJ,non_handheld,desk_gripped,recording,-5.112984,-2.141292,8.203598,-0.014616,0.003000,-0.027651
703919880.000,YZJ,non_handheld,desk_gripped,recording,-5.089172,-2.137951,8.264107,0.000302,0.052984,-0.032042
703919890.000,YZJ,non_handheld,desk_gripped,recording,-5.099066,-2.130206,8.177987,0.005947,0.080960,-0.028491
703919900.000,YZJ,non_handheld,desk_gripped,recording,-5.097845,-2.126986,8.104361,0.000244,0.091747,-0.021519
703919910.000,YZJ,non_handheld,desk_gripped,recording,-5.128855,-2.201973,8.000772,-0.010918,0.080228,-0.012164
703919920.000,YZJ,non_handheld,desk_gripped,recording,-5.140057,-2.166514,7.935570,-0.027488,0.054069,-0.006589
703919930.000,YZJ,non_handheld,desk_gripped,recording,-5.181660,-2.147555,7.946167,-0.045243,0.033773,-0.008143
703919940.000,YZJ,non_handheld,desk_gripped,recording,-5.161013,-2.134324,7.983947,-0.056784,0.019196,-0.013792
703919950.000,YZJ,non_handheld,desk_gripped,recording,-5.133734,-2.169409,7.999660,-0.058416,0.011150,-0.021644
703919960.000,YZJ,non_handheld,desk_gripped,recording,-5.169609,-2.167874,8.033031,-0.049047,0.012544,-0.026409
703919970.000,YZJ,non_handheld,desk_gripped,recording,-5.154964,-2.167509,8.006401,-0.041913,0.015960,-0.027390
703919980.000,YZJ,non_handheld,desk_gripped,recording,-5.144973,-2.169397,8.067763,-0.031073,0.031884,-0.025769
703919990.000,YZJ,non_handheld,desk_gripped,recording,-5.135098,-2.224759,8.179487,-0.014053,0.070006,-0.022420
703920000.000,YZJ,non_handheld,desk_gripped,recording,-5.144921,-2.205959,8.097141,-0.000156,0.097980,-0.018681
703920010.000,YZJ,non_handheld,desk_gripped,recording,-5.165156,-2.227486,8.041386,0.000177,0.102060,-0.011749
703920020.000,YZJ,non_handheld,desk_gripped,recording,-5.179948,-2.218320,7.890018,-0.011998,0.077518,-0.004815
703920030.000,YZJ,non_handheld,desk_gripped,recording,-5.202390,-2.201756,7.870601,-0.023518,0.044467,0.000689
703920040.000,YZJ,non_handheld,desk_gripped,recording,-5.192820,-2.200118,7.855919,-0.034668,0.007849,0.002484
703920050.000,YZJ,non_handheld,desk_gripped,recording,-5.227198,-2.165365,7.822781,-0.041879,-0.030172,-0.001733
703920060.000,YZJ,non_handheld,desk_gripped,recording,-5.221857,-2.180679,7.845430,-0.046775,-0.064609,-0.009154
703920070.000,YZJ,non_handheld,desk_gripped,recording,-5.203763,-2.179394,7.911303,-0.043428,-0.085853,-0.017083
703920080.000,YZJ,non_handheld,desk_gripped,recording,-5.172492,-2.196487,7.929775,-0.036102,-0.097549,-0.023647
703920090.000,YZJ,non_handheld,desk_gripped,recording,-5.148900,-2.217397,8.093835,-0.020335,-0.074136,-0.025608
703920100.000,YZJ,non_handheld,desk_gripped,recording,-5.118852,-2.245987,8.296621,-0.000201,-0.004384,-0.024750
703920110.000,YZJ,non_handheld,desk_gripped,recording,-5.141211,-2.163958,8.280228,0.006742,0.054608,-0.032395
703920120.000,YZJ,non_handheld,desk_gripped,recording,-5.167382,-2.210875,8.122379,0.010736,0.083313,-0.029045
703920130.000,YZJ,non_handheld,desk_gripped,recording,-5.197887,-2.280291,7.870697,0.001226,0.067986,-0.006037
703920140.000,YZJ,non_handheld,desk_gripped,recording,-5.103000,-2.378460,7.772163,-0.008043,0.011818,0.014791
703920150.000,YZJ,non_handheld,desk_gripped,recording,-5.150330,-2.337850,7.820211,-0.015048,-0.039980,0.034234
703920160.000,YZJ,non_handheld,desk_gripped,recording,-5.183068,-2.263240,7.808302,-0.022658,-0.076018,0.043908
703920170.000,YZJ,non_handheld,desk_gripped,recording,-5.162563,-2.264891,7.991378,-0.016315,-0.082220,0.041902
703920180.000,YZJ,non_handheld,desk_gripped,recording,-5.152754,-2.199438,8.074115,-0.007940,-0.066877,0.029882
703920190.000,YZJ,non_handheld,desk_gripped,recording,-5.163983,-2.154012,8.111634,-0.000045,-0.040033,0.015686
703920200.000,YZJ,non_handheld,desk_gripped,recording,-5.164397,-2.137640,8.187849,0.002994,-0.001068,0.000769
703920210.000,YZJ,non_handheld,desk_gripped,recording,-5.165273,-2.118683,8.230942,0.006240,0.048840,-0.013672
703920220.000,YZJ,non_handheld,desk_gripped,recording,-5.152530,-2.150991,8.212345,0.012223,0.095011,-0.021983
703920230.000,YZJ,non_handheld,desk_gripped,recording,-5.148168,-2.218639,8.071223,0.013525,0.111505,-0.020985
703920240.000,YZJ,non_handheld,desk_gripped,recording,-5.168762,-2.265489,7.882729,0.005630,0.089922,-0.011146
703920250.000,YZJ,non_handheld,desk_gripped,recording,-5.177138,-2.309986,7.773133,-0.007551,0.038698,0.003740
703920260.000,YZJ,non_handheld,desk_gripped,recording,-5.177621,-2.308343,7.750091,-0.017853,-0.021215,0.019896
703920270.000,YZJ,non_handheld,desk_gripped,recording,-5.182580,-2.271666,7.799791,-0.020409,-0.067895,0.027300
703920280.000,YZJ,non_handheld,desk_gripped,recording,-5.163216,-2.207545,7.950641,-0.018173,-0.084159,0.024160
703920290.000,YZJ,non_handheld,desk_gripped,recording,-5.202948,-2.133626,8.087409,-0.014360,-0.068819,0.016621
703920300.000,YZJ,non_handheld,desk_gripped,recording,-5.187300,-2.109029,8.175425,-0.010741,-0.030077,0.006278
703920310.000,YZJ,non_handheld,desk_gripped,recording,-5.157984,-2.160000,8.239844,-0.003445,0.026402,-0.007445
703920320.000,YZJ,non_handheld,desk_gripped,recording,-5.148423,-2.184664,8.161716,0.002019,0.065563,-0.015024
703920330.000,YZJ,non_handheld,desk_gripped,recording,-5.176936,-2.215143,8.060235,-0.000388,0.079273,-0.016147
703920340.000,YZJ,non_handheld,desk_gripped,recording,-5.183106,-2.242216,7.930091,-0.011260,0.068473,-0.012440
703920350.000,YZJ,non_handheld,desk_gripped,recording,-5.188669,-2.250511,7.956586,-0.019723,0.057544,-0.003841
703920360.000,YZJ,non_handheld,desk_gripped,recording,-5.179658,-2.255659,7.934543,-0.022309,0.044043,0.002862
703920370.000,YZJ,non_handheld,desk_gripped,recording,-5.163717,-2.260700,7.906964,-0.020095,0.025450,0.004090
703920380.000,YZJ,non_handheld,desk_gripped,recording,-5.154985,-2.257365,7.892546,-0.011429,0.003100,0.001374
703920390.000,YZJ,non_handheld,desk_gripped,recording,-5.214880,-2.229055,7.886282,-0.000594,-0.011955,0.003288
703920400.000,YZJ,non_handheld,desk_gripped,recording,-5.223367,-2.200394,7.852822,0.005026,-0.041075,0.004542
703920410.000,YZJ,non_handheld,desk_gripped,recording,-5.220609,-2.189677,7.852998,0.006991,-0.063300,0.000704
703920420.000,YZJ,non_handheld,desk_gripped,recording,-5.197447,-2.191694,8.044202,0.012452,-0.052583,-0.006775
703920430.000,YZJ,non_handheld,desk_gripped,recording,-5.171492,-2.189356,8.180130,0.021234,-0.011027,-0.016558
703920440.000,YZJ,non_handheld,desk_gripped,recording,-5.167154,-2.199422,8.150198,0.020795,0.026742,-0.026201
703920450.000,YZJ,non_handheld,desk_gripped,recording,-5.161053,-2.208369,8.139894,0.018413,0.063376,-0.030036
703920460.000,YZJ,non_handheld,desk_gripped,recording,-5.172897,-2.248191,8.042114,0.009338,0.075528,-0.025726
703920470.000,YZJ,non_handheld,desk_gripped,recording,-5.171940,-2.267075,7.917579,-0.004702,0.060879,-0.015857
703920480.000,YZJ,non_handheld,desk_gripped,recording,-5.192437,-2.279291,7.840501,-0.022870,0.025981,-0.003340
703920490.000,YZJ,non_handheld,desk_gripped,recording,-5.193263,-2.257590,7.876207,-0.030227,0.002471,0.005696
703920500.000,YZJ,non_handheld,desk_gripped,recording,-5.180849,-2.258018,7.969300,-0.024673,-0.000590,0.009277
703920510.000,YZJ,non_handheld,desk_gripped,recording,-5.208276,-2.225014,8.021460,-0.015808,0.007421,0.004805
703920520.000,YZJ,non_handheld,desk_gripped,recording,-5.194654,-2.200214,8.038346,-0.008911,0.023235,-0.003395
703920530.000,YZJ,non_handheld,desk_gripped,recording,-5.202634,-2.213168,8.030191,0.001069,0.040579,-0.009431
703920540.000,YZJ,non_handheld,desk_gripped,recording,-5.219115,-2.250902,7.941672,0.000952,0.034566,-0.010699
703920550.000,YZJ,non_handheld,desk_gripped,recording,-5.198310,-2.230095,7.878378,-0.007396,0.012118,-0.009254
703920560.000,YZJ,non_handheld,desk_gripped,recording,-5.211355,-2.221907,7.921031,-0.016799,-0.003624,-0.006358
703920570.000,YZJ,non_handheld,desk_gripped,recording,-5.201794,-2.265333,8.006306,-0.018354,-0.000246,-0.004527
703920580.000,YZJ,non_handheld,desk_gripped,recording,-5.200681,-2.252280,8.018296,-0.011809,0.013996,-0.006865
703920590.000,YZJ,non_handheld,desk_gripped,recording,-5.205312,-2.240506,8.021965,-0.006277,0.029272,-0.007930
703920600.000,YZJ,non_handheld,desk_gripped,recording,-5.199538,-2.253628,7.965717,-0.002010,0.033526,-0.004165
703920610.000,YZJ,non_handheld,desk_gripped,recording,-5.211452,-2.265097,7.934714,0.002258,0.024194,-0.000410
703920620.000,YZJ,non_handheld,desk_gripped,recording,-5.197038,-2.264338,7.885832,0.010445,0.005630,0.008771
703920630.000,YZJ,non_handheld,desk_gripped,recording,-5.200381,-2.273290,7.877184,0.012993,-0.013688,0.019057
703920640.000,YZJ,non_handheld,desk_gripped,recording,-5.200524,-2.227143,7.904958,0.013137,-0.033143,0.023492
703920650.000,YZJ,non_handheld,desk_gripped,recording,-5.225684,-2.247788,7.976222,0.010232,-0.033791,0.025515
703920660.000,YZJ,non_handheld,desk_gripped,recording,-5.209510,-2.243610,8.008743,0.002624,-0.025886,0.023309
703920670.000,YZJ,non_handheld,desk_gripped,recording,-5.224144,-2.209079,8.018649,-0.005079,-0.016137,0.013772
703920680.000,YZJ,non_handheld,desk_gripped,recording,-5.212216,-2.210963,8.045994,-0.011210,-0.002112,0.003036
703920690.000,YZJ,non_handheld,desk_gripped,recording,-5.187674,-2.198542,8.066398,-0.011932,0.019456,-0.004146
703920700.000,YZJ,non_handheld,desk_gripped,recording,-5.208401,-2.226479,7.969843,-0.007083,0.024041,-0.006973
703920710.000,YZJ,non_handheld,desk_gripped,recording,-5.218885,-2.251926,7.925960,-0.001717,0.018092,-0.008350
703920720.000,YZJ,non_handheld,desk_gripped,recording,-5.200231,-2.251866,7.951248,0.010376,0.017797,-0.005237
703920730.000,YZJ,non_handheld,desk_gripped,recording,-5.199897,-2.277606,7.896671,0.022640,0.008567,0.000325
703920740.000,YZJ,non_handheld,desk_gripped,recording,-5.226995,-2.284387,7.862134,0.025322,-0.010472,0.009481
703920750.000,YZJ,non_handheld,desk_gripped,recording,-5.211029,-2.262747,7.924967,0.021484,-0.029759,0.016664
703920760.000,YZJ,non_handheld,desk_gripped,recording,-5.202187,-2.222673,7.956653,0.013772,-0.032219,0.016648
703920770.000,YZJ,non_handheld,desk_gripped,recording,-5.214831,-2.182247,8.037999,0.001863,-0.025381,0.011366
703920780.000,YZJ,non_handheld,desk_gripped,recording,-5.203805,-2.195751,8.051696,-0.006431,-0.009209,0.002596
703920790.000,YZJ,non_handheld,desk_gripped,recording,-5.208555,-2.207724,8.086708,-0.007891,0.013554,-0.002740
703920800.000,YZJ,non_handheld,desk_gripped,recording,-5.190160,-2.248447,7.970593,-0.009282,0.017340,-0.000885
703920810.000,YZJ,non_handheld,desk_gripped,recording,-5.207358,-2.262743,7.892242,-0.012936,-0.000009,0.007430
703920820.000,YZJ,non_handheld,desk_gripped,recording,-5.190182,-2.265180,7.926076,-0.009003,-0.010164,0.017406
703920830.000,YZJ,non_handheld,desk_gripped,recording,-5.210768,-2.254930,7.981514,0.001912,-0.005015,0.020896
703920840.000,YZJ,non_handheld,desk_gripped,recording,-5.191713,-2.197713,8.083116,0.017928,0.019955,0.017341
703920850.000,YZJ,non_handheld,desk_gripped,recording,-5.207669,-2.184479,7.989273,0.021498,0.024445,0.010811
703920860.000,YZJ,non_handheld,desk_gripped,recording,-5.231036,-2.176995,7.924765,0.011364,0.012827,0.003466
703920870.000,YZJ,non_handheld,desk_gripped,recording,-5.234703,-2.198261,7.903426,0.001723,-0.004816,-0.002196
703920880.000,YZJ,non_handheld,desk_gripped,recording,-5.235689,-2.209103,7.909370,-0.009791,-0.019249,-0.009078
703920890.000,YZJ,non_handheld,desk_gripped,recording,-5.223257,-2.171513,7.983372,-0.016869,-0.018384,-0.020793
703920900.000,YZJ,non_handheld,desk_gripped,recording,-5.212217,-2.207492,8.065331,-0.014648,-0.002644,-0.027045
703920910.000,YZJ,non_handheld,desk_gripped,recording,-5.192470,-2.250183,8.075368,-0.006983,0.021370,-0.027095
703920920.000,YZJ,non_handheld,desk_gripped,recording,-5.195297,-2.269904,8.027276,0.000862,0.035839,-0.017775
703920930.000,YZJ,non_handheld,desk_gripped,recording,-5.187745,-2.327546,7.907483,0.001969,0.028147,0.000061
703920940.000,YZJ,non_handheld,desk_gripped,recording,-5.206902,-2.312468,7.871093,-0.005283,0.005518,0.017672
703920950.000,YZJ,non_handheld,desk_gripped,recording,-5.204107,-2.236328,7.878528,-0.018652,-0.020050,0.028761
703920960.000,YZJ,non_handheld,desk_gripped,recording,-5.213617,-2.198622,7.959266,-0.033405,-0.031964,0.026937
703920970.000,YZJ,non_handheld,desk_gripped,recording,-5.229203,-2.168667,8.043106,-0.038742,-0.015541,0.010672
703920980.000,YZJ,non_handheld,desk_gripped,recording,-5.216141,-2.186805,8.156929,-0.029817,0.030218,-0.009609
703920990.000,YZJ,non_handheld,desk_gripped,recording,-5.214998,-2.163881,8.109035,-0.018061,0.068730,-0.025366
703921000.000,YZJ,non_handheld,desk_gripped,recording,-5.222564,-2.244934,7.942552,-0.009848,0.073396,-0.029217
703921010.000,YZJ,non_handheld,desk_gripped,recording,-5.215937,-2.274677,7.850787,-0.004555,0.054061,-0.023145
703921020.000,YZJ,non_handheld,desk_gripped,recording,-5.228562,-2.293871,7.838239,0.004794,0.029201,-0.012303
703921030.000,YZJ,non_handheld,desk_gripped,recording,-5.242337,-2.235238,7.834568,0.014770,0.008819,-0.002468
703921040.000,YZJ,non_handheld,desk_gripped,recording,-5.239385,-2.226388,7.905107,0.019432,-0.008063,0.006665
703921050.000,YZJ,non_handheld,desk_gripped,recording,-5.216948,-2.190050,7.888876,0.014357,-0.026413,0.012510
703921060.000,YZJ,non_handheld,desk_gripped,recording,-5.204332,-2.185274,7.957378,0.008637,-0.037333,0.012641
703921070.000,YZJ,non_handheld,desk_gripped,recording,-5.182594,-2.217530,7.979987,0.008902,-0.043330,0.008050
703921080.000,YZJ,non_handheld,desk_gripped,recording,-5.202468,-2.207173,7.934733,0.010940,-0.056193,0.001004
703921090.000,YZJ,non_handheld,desk_gripped,recording,-5.183931,-2.249048,7.929817,0.014699,-0.062787,-0.002413
703921100.000,YZJ,non_handheld,desk_gripped,recording,-5.224666,-2.292529,7.910795,0.019697,-0.066311,-0.002223
703921110.000,YZJ,non_handheld,desk_gripped,recording,-5.262687,-2.341008,7.953078,0.028187,-0.051959,0.002660
703921120.000,YZJ,non_handheld,desk_gripped,recording,-5.223475,-2.343883,8.028510,0.036396,-0.026687,0.007721
703921130.000,YZJ,non_handheld,desk_gripped,recording,-5.186987,-2.266115,8.094872,0.038442,0.003572,0.010651
703921140.000,YZJ,non_handheld,desk_gripped,recording,-5.180362,-2.246838,8.037857,0.026074,0.018329,0.017358
703921150.000,YZJ,non_handheld,desk_gripped,recording,-5.212508,-2.245150,7.943172,0.004977,0.007229,0.022552
703921160.000,YZJ,non_handheld,desk_gripped,recording,-5.214691,-2.212418,7.917118,-0.011715,-0.008182,0.023347
703921170.000,YZJ,non_handheld,desk_gripped,recording,-5.197360,-2.203082,7.958997,-0.017734,-0.017459,0.013105
703921180.000,YZJ,non_handheld,desk_gripped,recording,-5.135015,-2.254155,7.998862,-0.011072,-0.016404,-0.003981
703921190.000,YZJ,non_handheld,desk_gripped,recording,-5.207647,-2.224353,7.978784,0.000849,-0.012492,-0.018964
703921200.000,YZJ,non_handheld,desk_gripped,recording,-5.264556,-2.195662,7.939200,0.010305,-0.010583,-0.023851
703921210.000,YZJ,non_handheld,desk_gripped,recording,-5.248911,-2.188756,7.936121,0.012869,-0.011291,-0.019000
703921220.000,YZJ,non_handheld,desk_gripped,recording,-5.214609,-2.186757,7.977122,0.013964,-0.014787,-0.009201
703921230.000,YZJ,non_handheld,desk_gripped,recording,-5.156688,-2.226148,8.070077,0.014353,-0.000323,-0.002643
703921240.000,YZJ,non_handheld,desk_gripped,recording,-5.178070,-2.256165,8.105239,0.014960,0.028476,0.002007
703921250.000,YZJ,non_handheld,desk_gripped,recording,-5.186846,-2.224773,8.040119,0.012429,0.043741,0.002774
703921260.000,YZJ,non_handheld,desk_gripped,recording,-5.206597,-2.226574,7.946490,0.005356,0.039234,0.006003
703921270.000,YZJ,non_handheld,desk_gripped,recording,-5.223202,-2.222531,7.878113,-0.007001,0.016999,0.009072
703921280.000,YZJ,non_handheld,desk_gripped,recording,-5.222844,-2.223666,7.897297,-0.012478,-0.005417,0.011476
703921290.000,YZJ,non_handheld,desk_gripped,recording,-5.218971,-2.210951,7.902324,-0.013110,-0.024872,0.008449
703921300.000,YZJ,non_handheld,desk_gripped,recording,-5.226174,-2.193840,7.875833,-0.012357,-0.041803,0.002081
703921310.000,YZJ,non_handheld,desk_gripped,recording,-5.216290,-2.206019,7.958731,-0.005806,-0.048645,-0.002379
703921320.000,YZJ,non_handheld,desk_gripped,recording,-5.200574,-2.201964,8.002045,0.004803,-0.041161,-0.007483
703921330.000,YZJ,non_handheld,desk_gripped,recording,-5.190356,-2.206960,8.037449,0.013967,-0.027403,-0.011380
703921340.000,YZJ,non_handheld,desk_gripped,recording,-5.177975,-2.226709,8.024093,0.019568,-0.014662,-0.013133
703921350.000,YZJ,non_handheld,desk_gripped,recording,-5.176500,-2.241406,8.054767,0.025871,-0.001943,-0.011580
703921360.000,YZJ,non_handheld,desk_gripped,recording,-5.172792,-2.270108,7.976817,0.030795,-0.000242,-0.004409
703921370.000,YZJ,non_handheld,desk_gripped,recording,-5.188041,-2.269556,7.904342,0.027315,-0.017101,0.005477
703921380.000,YZJ,non_handheld,desk_gripped,recording,-5.191949,-2.239571,7.907207,0.024925,-0.034526,0.014268
703921390.000,YZJ,non_handheld,desk_gripped,recording,-5.185595,-2.220262,7.952316,0.026303,-0.046855,0.017817
703921400.000,YZJ,non_handheld,desk_gripped,recording,-5.174037,-2.140574,8.044889,0.027353,-0.044342,0.014333
703921410.000,YZJ,non_handheld,desk_gripped,recording,-5.194899,-2.159319,8.042836,0.019080,-0.032314,0.003913
703921420.000,YZJ,non_handheld,desk_gripped,recording,-5.183894,-2.174492,8.071713,0.006578,-0.016591,-0.005685
703921430.000,YZJ,non_handheld,desk_gripped,recording,-5.175875,-2.196270,8.090460,-0.001367,0.006670,-0.015356
703921440.000,YZJ,non_handheld,desk_gripped,recording,-5.177332,-2.220850,8.059310,-0.008271,0.018716,-0.018857
703921450.000,YZJ,non_handheld,desk_gripped,recording,-5.182114,-2.213584,7.958537,-0.020971,0.006111,-0.015782
703921460.000,YZJ,non_handheld,desk_gripped,recording,-5.166567,-2.221195,7.945786,-0.024496,-0.003093,-0.010631
703921470.000,YZJ,non_handheld,desk_gripped,recording,-5.163033,-2.248195,7.990844,-0.017468,-0.001505,-0.005332
703921480.000,YZJ,non_handheld,desk_gripped,recording,-5.170561,-2.247292,8.006902,-0.005599,0.005218,-0.002559
703921490.000,YZJ,non_handheld,desk_gripped,recording,-5.164340,-2.243223,8.009325,0.007755,0.014045,0.001989
703921500.000,YZJ,non_handheld,desk_gripped,recording,-5.168366,-2.239362,7.961704,0.012743,0.005802,0.007031
703921510.000,YZJ,non_handheld,desk_gripped,recording,-5.190959,-2.176016,7.967475,0.009973,0.000902,0.009047
703921520.000,YZJ,non_handheld,desk_gripped,recording,-5.176034,-2.185378,8.059236,0.002389,0.005934,0.005809
703921530.000,YZJ,non_handheld,desk_gripped,recording,-5.186608,-2.189141,7.999292,-0.009072,0.006108,-0.002738
703921540.000,YZJ,non_handheld,desk_gripped,recording,-5.185279,-2.200412,7.999412,-0.017994,0.008733,-0.012480
703921550.000,YZJ,non_handheld,desk_gripped,recording,-5.190916,-2.192965,7.982867,-0.022408,0.004590,-0.014883
703921560.000,YZJ,non_handheld,desk_gripped,recording,-5.192317,-2.220462,7.922990,-0.022503,-0.008424,-0.013350
703921570.000,YZJ,non_handheld,desk_gripped,recording,-5.187179,-2.259211,7.947256,-0.014867,-0.018438,-0.007932
703921580.000,YZJ,non_handheld,desk_gripped,recording,-5.163980,-2.257705,7.963667,-0.003272,-0.019952,-0.001198
703921590.000,YZJ,non_handheld,desk_gripped,recording,-5.177588,-2.260546,7.969526,0.010375,-0.020202,0.006502
703921600.000,YZJ,non_handheld,desk_gripped,recording,-5.171858,-2.266919,7.999330,0.018876,-0.016329,0.013820
703921610.000,YZJ,non_handheld,desk_gripped,recording,-5.166019,-2.250144,8.015111,0.023788,-0.012594,0.018918
703921620.000,YZJ,non_handheld,desk_gripped,recording,-5.156126,-2.213482,7.991817,0.021083,-0.012505,0.020837
703921630.000,YZJ,non_handheld,desk_gripped,recording,-5.193207,-2.190685,7.961979,0.012566,-0.021285,0.016400
703921640.000,YZJ,non_handheld,desk_gripped,recording,-5.186057,-2.153461,8.022477,0.006071,-0.015556,0.006393
703921650.000,YZJ,non_handheld,desk_gripped,recording,-5.161160,-2.200067,8.062316,0.002183,-0.007071,-0.000435
703921660.000,YZJ,non_handheld,desk_gripped,recording,-5.156424,-2.251978,8.008504,-0.001633,0.000153,-0.010411
703921670.000,YZJ,non_handheld,desk_gripped,recording,-5.178285,-2.266925,8.016585,0.001787,0.008601,-0.015251
703921680.000,YZJ,non_handheld,desk_gripped,recording,-5.185521,-2.252704,7.979405,0.006787,0.011724,-0.011404
703921690.000,YZJ,non_handheld,desk_gripped,recording,-5.184084,-2.249961,7.964636,0.008725,0.008410,-0.002427
703921700.000,YZJ,non_handheld,desk_gripped,recording,-5.152586,-2.195097,7.949787,0.003876,-0.007160,0.009601
703921710.000,YZJ,non_handheld,desk_gripped,recording,-5.153856,-2.113210,7.972936,-0.001820,-0.027445,0.018349
703921720.000,YZJ,non_handheld,desk_gripped,recording,-5.177438,-2.204661,8.004013,-0.005592,-0.031313,0.018614
703921730.000,YZJ,non_handheld,desk_gripped,recording,-5.158835,-2.173415,8.030219,-0.005259,-0.023625,0.012170
703921740.000,YZJ,non_handheld,desk_gripped,recording,-5.183392,-2.158067,7.988344,-0.002956,-0.023950,0.001751
703921750.000,YZJ,non_handheld,desk_gripped,recording,-5.176553,-2.171883,7.964750,-0.000458,-0.033084,-0.005175
703921760.000,YZJ,non_handheld,desk_gripped,recording,-5.171800,-2.189962,7.999881,0.009057,-0.030957,-0.010039
703921770.000,YZJ,non_handheld,desk_gripped,recording,-5.162749,-2.194289,8.045581,0.024586,-0.019351,-0.014725
703921780.000,YZJ,non_handheld,desk_gripped,recording,-5.143123,-2.220927,8.060999,0.038339,-0.000936,-0.016277
703921790.000,YZJ,non_handheld,desk_gripped,recording,-5.147978,-2.231234,8.097007,0.046678,0.018423,-0.008745
703921800.000,YZJ,non_handheld,desk_gripped,recording,-5.162566,-2.163557,8.026479,0.042572,0.019185,0.008015
703921810.000,YZJ,non_handheld,desk_gripped,recording,-5.164351,-2.080660,7.978288,0.020486,-0.007625,0.031063
703921820.000,YZJ,non_handheld,desk_gripped,recording,-5.066155,-2.050971,8.008593,0.003024,-0.038230,0.042434
703921830.000,YZJ,non_handheld,desk_gripped,recording,-4.918217,-2.075470,8.105569,-0.000105,-0.063518,0.025935
703921840.000,YZJ,non_handheld,desk_gripped,recording,-4.907358,-2.185440,8.003941,0.000626,-0.092779,0.003087
703921850.000,YZJ,non_handheld,desk_gripped,recording,-4.918766,-2.220027,8.138503,0.017559,-0.095855,-0.012746
703921860.000,YZJ,non_handheld,desk_gripped,recording,-5.083373,-2.262948,8.083209,0.031749,-0.085434,-0.016611
703921870.000,YZJ,non_handheld,desk_gripped,recording,-5.775233,-2.412728,7.763925,0.017198,-0.053303,0.011470
703921880.000,YZJ,non_handheld,desk_gripped,recording,-5.216124,-2.235873,8.044926,0.015641,-0.019812,0.006165
703921890.000,YZJ,non_handheld,desk_gripped,recording,-5.170998,-2.179460,8.300935,0.026154,0.044585,-0.006300
703921900.000,YZJ,non_handheld,desk_gripped,recording,-5.118869,-2.108530,8.132071,0.017940,0.065713,-0.015418
703921910.000,YZJ,non_handheld,desk_gripped,recording,-5.124840,-2.152561,7.961793,0.000883,0.049193,-0.016778
703921920.000,YZJ,non_handheld,desk_gripped,recording,-5.165284,-2.219199,7.917156,-0.006282,0.020783,-0.010638
703921930.000,YZJ,non_handheld,desk_gripped,recording,-5.144424,-2.272106,7.909996,-0.002752,0.001408,-0.003049
703921940.000,YZJ,non_handheld,desk_gripped,recording,-5.153438,-2.279820,7.868253,0.004513,-0.022683,0.006255
703921950.000,YZJ,non_handheld,desk_gripped,recording,-5.170439,-2.229407,7.870751,0.006866,-0.050832,0.011429
703921960.000,YZJ,non_handheld,desk_gripped,recording,-5.126464,-2.173289,7.974743,0.008102,-0.070085,0.013076
703921970.000,YZJ,non_handheld,desk_gripped,recording,-5.142427,-2.174636,8.039790,0.006085,-0.069480,0.009007
703921980.000,YZJ,non_handheld,desk_gripped,recording,-5.155640,-2.073456,8.079821,0.004572,-0.062822,-0.009897
703921990.000,YZJ,non_handheld,desk_gripped,recording,-5.086443,-2.205918,8.311024,0.028088,-0.001863,-0.020007
703922000.000,YZJ,non_handheld,desk_gripped,recording,-5.107052,-2.146191,8.098285,0.031650,0.024454,-0.022985
703922010.000,YZJ,non_handheld,desk_gripped,recording,-5.116183,-2.238059,8.026811,0.022247,0.015196,-0.013431
703922020.000,YZJ,non_handheld,desk_gripped,recording,-5.117044,-2.244983,7.970204,0.015629,-0.001633,0.000282
703922030.000,YZJ,non_handheld,desk_gripped,recording,-5.105306,-2.209176,8.002732,0.012149,-0.014235,0.010871
703922040.000,YZJ,non_handheld,desk_gripped,recording,-5.110267,-2.194290,8.066490,0.012222,-0.009495,0.013658
703922050.000,YZJ,non_handheld,desk_gripped,recording,-5.098069,-2.190057,8.141115,0.012140,0.010206,0.012908
703922060.000,YZJ,non_handheld,desk_gripped,recording,-5.122907,-2.148791,8.089287,0.004847,0.023533,0.009983
703922070.000,YZJ,non_handheld,desk_gripped,recording,-5.125896,-2.144004,8.014289,-0.011614,0.011303,0.006968
703922080.000,YZJ,non_handheld,desk_gripped,recording,-5.128502,-2.153907,7.987997,-0.028722,-0.004005,0.005966
703922090.000,YZJ,non_handheld,desk_gripped,recording,-5.107361,-2.178234,8.059891,-0.035596,-0.004273,0.004459
703922100.000,YZJ,non_handheld,desk_gripped,recording,-5.117885,-2.184009,8.067157,-0.034865,0.002804,-0.002243
703922110.000,YZJ,non_handheld,desk_gripped,recording,-5.108959,-2.204638,8.108150,-0.025635,0.024082,-0.012132
703922120.000,YZJ,non_handheld,desk_gripped,recording,-5.119391,-2.144816,8.135658,-0.008113,0.050279,-0.016439
703922130.000,YZJ,non_handheld,desk_gripped,recording,-5.152440,-2.130997,8.070393,0.003466,0.060820,-0.012288
703922140.000,YZJ,non_handheld,desk_gripped,recording,-5.134679,-2.221965,8.023969,0.009555,0.058776,-0.006148
703922150.000,YZJ,non_handheld,desk_gripped,recording,-5.138467,-2.190257,7.960002,0.010836,0.045335,-0.002358
703922160.000,YZJ,non_handheld,desk_gripped,recording,-5.136042,-2.200970,7.950656,0.006971,0.026859,-0.000051
703922170.000,YZJ,non_handheld,desk_gripped,recording,-5.155373,-2.181728,7.931522,-0.004912,0.003659,0.001441
703922180.000,YZJ,non_handheld,desk_gripped,recording,-5.152646,-2.167606,7.951556,-0.016829,-0.018272,0.002619
703922190.000,YZJ,non_handheld,desk_gripped,recording,-5.165614,-2.182741,7.997236,-0.023817,-0.030285,0.002524
703922200.000,YZJ,non_handheld,desk_gripped,recording,-5.129310,-2.195277,8.005033,-0.021303,-0.036264,0.002383
703922210.000,YZJ,non_handheld,desk_gripped,recording,-5.138539,-2.200158,7.992694,-0.007238,-0.039788,0.004032
703922220.000,YZJ,non_handheld,desk_gripped,recording,-5.111688,-2.231094,8.018698,0.014247,-0.034669,0.006250
703922230.000,YZJ,non_handheld,desk_gripped,recording,-5.135305,-2.174812,8.061695,0.036360,-0.021588,0.003654
703922240.000,YZJ,non_handheld,desk_gripped,recording,-5.126706,-2.156907,8.133637,0.050588,0.001232,-0.001938
703922250.000,YZJ,non_handheld,desk_gripped,recording,-5.127820,-2.145584,8.206858,0.054797,0.039406,-0.008477
703922260.000,YZJ,non_handheld,desk_gripped,recording,-5.124536,-2.157637,8.114790,0.045768,0.059984,-0.012669
703922270.000,YZJ,non_handheld,desk_gripped,recording,-5.143498,-2.167492,8.006463,0.021951,0.050340,-0.008806
703922280.000,YZJ,non_handheld,desk_gripped,recording,-5.152760,-2.190167,7.922775,-0.008647,0.019402,-0.003308
703922290.000,YZJ,non_handheld,desk_gripped,recording,-5.176783,-2.193136,7.880230,-0.031194,-0.023994,0.003485
703922300.000,YZJ,non_handheld,desk_gripped,recording,-5.146730,-2.182265,7.898675,-0.043178,-0.062566,0.008376
703922310.000,YZJ,non_handheld,desk_gripped,recording,-5.121429,-2.195727,7.928315,-0.044100,-0.084477,0.011616
703922320.000,YZJ,non_handheld,desk_gripped,recording,-5.130067,-2.190939,7.996524,-0.034542,-0.088594,0.013598
703922330.000,YZJ,non_handheld,desk_gripped,recording,-5.103650,-2.188050,8.083283,-0.016366,-0.071945,0.012905
703922340.000,YZJ,non_handheld,desk_gripped,recording,-5.100789,-2.183353,8.212617,0.005003,-0.029702,0.011810
703922350.000,YZJ,non_handheld,desk_gripped,recording,-5.097616,-2.156274,8.285320,0.022215,0.024182,0.003948
703922360.000,YZJ,non_handheld,desk_gripped,recording,-5.105830,-2.108996,8.237656,0.023950,0.072630,-0.008695
703922370.000,YZJ,non_handheld,desk_gripped,recording,-5.121769,-2.119574,8.147060,0.014194,0.096878,-0.020587
703922380.000,YZJ,non_handheld,desk_gripped,recording,-5.139813,-2.148979,7.993832,-0.002889,0.086194,-0.025784
703922390.000,YZJ,non_handheld,desk_gripped,recording,-5.152015,-2.195868,7.869430,-0.019384,0.045770,-0.021937
703922400.000,YZJ,non_handheld,desk_gripped,recording,-5.156290,-2.226401,7.839268,-0.028604,0.002624,-0.011643
703922410.000,YZJ,non_handheld,desk_gripped,recording,-5.151529,-2.237434,7.897379,-0.029462,-0.028071,-0.002100
703922420.000,YZJ,non_handheld,desk_gripped,recording,-5.142288,-2.227210,7.971509,-0.027181,-0.040092,0.004603
703922430.000,YZJ,non_handheld,desk_gripped,recording,-5.127942,-2.201266,8.075174,-0.019693,-0.028940,0.007107
703922440.000,YZJ,non_handheld,desk_gripped,recording,-5.122089,-2.170602,8.145871,-0.014453,-0.004508,0.002050
703922450.000,YZJ,non_handheld,desk_gripped,recording,-5.122599,-2.174794,8.129074,-0.011590,0.019713,-0.002393
703922460.000,YZJ,non_handheld,desk_gripped,recording,-5.131782,-2.197316,8.089144,-0.012215,0.032495,-0.003849
703922470.000,YZJ,non_handheld,desk_gripped,recording,-5.148049,-2.188530,8.023415,-0.013364,0.033084,-0.006196
703922480.000,YZJ,non_handheld,desk_gripped,recording,-5.146895,-2.199860,7.999172,-0.011391,0.032775,-0.006969
703922490.000,YZJ,non_handheld,desk_gripped,recording,-5.140618,-2.196297,8.018978,-0.006752,0.034919,-0.008196
703922500.000,YZJ,non_handheld,desk_gripped,recording,-5.144913,-2.231780,8.033535,0.003564,0.038004,-0.004676
703922510.000,YZJ,non_handheld,desk_gripped,recording,-5.166736,-2.236366,7.946498,0.008729,0.023845,0.002108
703922520.000,YZJ,non_handheld,desk_gripped,recording,-5.157165,-2.236884,7.934320,0.009728,0.003496,0.010499
703922530.000,YZJ,non_handheld,desk_gripped,recording,-5.157171,-2.198114,7.921457,0.005309,-0.017260,0.015770
703922540.000,YZJ,non_handheld,desk_gripped,recording,-5.158315,-2.196063,7.928154,-0.001984,-0.042605,0.013699
703922550.000,YZJ,non_handheld,desk_gripped,recording,-5.163462,-2.161317,8.012343,-0.005809,-0.049790,0.007230
703922560.000,YZJ,non_handheld,desk_gripped,recording,-5.140822,-2.153047,8.085153,-0.006158,-0.037105,-0.001624
703922570.000,YZJ,non_handheld,desk_gripped,recording,-5.155121,-2.140417,8.081781,-0.005027,-0.022863,-0.012996
703922580.000,YZJ,non_handheld,desk_gripped,recording,-5.133772,-2.163873,8.127063,0.001689,0.002657,-0.020527
703922590.000,YZJ,non_handheld,desk_gripped,recording,-5.126100,-2.208481,8.104632,0.011984,0.021268,-0.022395
703922600.000,YZJ,non_handheld,desk_gripped,recording,-5.147839,-2.202209,7.994758,0.015009,0.021588,-0.017974
703922610.000,YZJ,non_handheld,desk_gripped,recording,-5.130055,-2.253202,7.998747,0.017455,0.018739,-0.008251
703922620.000,YZJ,non_handheld,desk_gripped,recording,-5.144328,-2.257035,7.989628,0.019189,0.008756,0.003906
703922630.000,YZJ,non_handheld,desk_gripped,recording,-5.136427,-2.232943,7.958307,0.013009,-0.003370,0.015304
703922640.000,YZJ,non_handheld,desk_gripped,recording,-5.137098,-2.211069,8.008913,0.004937,-0.011794,0.021865
703922650.000,YZJ,non_handheld,desk_gripped,recording,-5.148189,-2.182985,8.007535,-0.005377,-0.016236,0.020680
703922660.000,YZJ,non_handheld,desk_gripped,recording,-5.143128,-2.144842,8.085889,-0.012383,-0.009601,0.012649
703922670.000,YZJ,non_handheld,desk_gripped,recording,-5.154234,-2.155154,8.099687,-0.017683,0.003436,0.001170
703922680.000,YZJ,non_handheld,desk_gripped,recording,-5.144673,-2.128457,8.035614,-0.021397,0.009104,-0.011429
703922690.000,YZJ,non_handheld,desk_gripped,recording,-5.151133,-2.180109,8.044344,-0.023513,0.014582,-0.017998
703922700.000,YZJ,non_handheld,desk_gripped,recording,-5.143239,-2.196377,8.045468,-0.018763,0.020364,-0.019027
703922710.000,YZJ,non_handheld,desk_gripped,recording,-5.146218,-2.219239,7.999202,-0.012623,0.015596,-0.016388
703922720.000,YZJ,non_handheld,desk_gripped,recording,-5.147472,-2.219164,7.967401,-0.008299,0.008074,-0.011292
703922730.000,YZJ,non_handheld,desk_gripped,recording,-5.142431,-2.216196,7.991204,-0.002576,0.007434,-0.007330
703922740.000,YZJ,non_handheld,desk_gripped,recording,-5.151275,-2.204835,8.007744,0.004032,0.007137,-0.005053
703922750.000,YZJ,non_handheld,desk_gripped,recording,-5.130899,-2.210212,7.988549,0.007941,0.004034,-0.003962
703922760.000,YZJ,non_handheld,desk_gripped,recording,-5.149103,-2.198878,8.005705,0.012781,0.002174,-0.005812
703922770.000,YZJ,non_handheld,desk_gripped,recording,-5.150711,-2.204601,8.009220,0.016758,0.001412,-0.005273
703922780.000,YZJ,non_handheld,desk_gripped,recording,-5.145462,-2.191694,8.049923,0.018397,0.012981,-0.008247
703922790.000,YZJ,non_handheld,desk_gripped,recording,-5.133621,-2.173644,8.179748,0.038633,0.036052,-0.010733
703922800.000,YZJ,non_handheld,desk_gripped,recording,-5.167625,-2.100856,7.820525,0.023611,0.003876,-0.012674
703922810.000,YZJ,non_handheld,desk_gripped,recording,-5.122577,-2.082005,8.013934,0.016748,-0.017747,-0.000312
703922820.000,YZJ,non_handheld,desk_gripped,recording,-5.120630,-2.167917,7.914057,0.008750,-0.054906,0.012386
703922830.000,YZJ,non_handheld,desk_gripped,recording,-5.083496,-2.290856,7.930040,0.018153,-0.075966,0.015785
703922840.000,YZJ,non_handheld,desk_gripped,recording,-5.110541,-2.329983,8.056424,0.038608,-0.059774,0.012174
703922850.000,YZJ,non_handheld,desk_gripped,recording,-5.217711,-2.294279,8.062909,0.054762,-0.027092,0.005535
703922860.000,YZJ,non_handheld,desk_gripped,recording,-5.208332,-2.126622,8.110775,0.059147,0.003780,-0.008878
703922870.000,YZJ,non_handheld,desk_gripped,recording,-5.127128,-2.110324,8.195145,0.050554,0.032800,-0.024671
703922880.000,YZJ,non_handheld,desk_gripped,recording,-5.134471,-2.133619,8.123152,0.035783,0.051651,-0.033770
703922890.000,YZJ,non_handheld,desk_gripped,recording,-5.133735,-2.172281,8.066524,0.018727,0.058594,-0.033634
703922900.000,YZJ,non_handheld,desk_gripped,recording,-5.144424,-2.208586,7.986991,-0.002413,0.049077,-0.026821
703922910.000,YZJ,non_handheld,desk_gripped,recording,-5.140043,-2.232934,7.942504,-0.022851,0.025727,-0.013318
703922920.000,YZJ,non_handheld,desk_gripped,recording,-5.143480,-2.239003,7.912736,-0.035688,-0.002624,0.002846
703922930.000,YZJ,non_handheld,desk_gripped,recording,-5.149858,-2.253518,7.909395,-0.039758,-0.026557,0.018753
703922940.000,YZJ,non_handheld,desk_gripped,recording,-5.146641,-2.246582,7.968685,-0.034992,-0.038985,0.031181
703922950.000,YZJ,non_handheld,desk_gripped,recording,-5.128204,-2.201006,8.043275,-0.022639,-0.033463,0.034417
703922960.000,YZJ,non_handheld,desk_gripped,recording,-5.131161,-2.169814,8.143774,-0.002282,0.000549,0.030020
703922970.000,YZJ,non_handheld,desk_gripped,recording,-5.123966,-2.140011,8.239094,0.018913,0.050190,0.017921
703922980.000,YZJ,non_handheld,desk_gripped,recording,-5.150675,-2.121296,8.131296,0.026921,0.078395,0.005953
703922990.000,YZJ,non_handheld,desk_gripped,recording,-5.150834,-2.092254,8.027320,0.020497,0.073798,-0.001600
703923000.000,YZJ,non_handheld,desk_gripped,recording,-5.156763,-2.102298,7.942010,0.008761,0.048488,-0.003251
703923010.000,YZJ,non_handheld,desk_gripped,recording,-5.162483,-2.144251,7.868240,-0.007956,0.010586,-0.004767
703923020.000,YZJ,non_handheld,desk_gripped,recording,-5.193684,-2.191759,7.868827,-0.014932,-0.020173,-0.005876
703923030.000,YZJ,non_handheld,desk_gripped,recording,-5.186067,-2.258408,7.902595,-0.009734,-0.038137,-0.006364
703923040.000,YZJ,non_handheld,desk_gripped,recording,-5.193561,-2.231178,7.884320,-0.005798,-0.058704,-0.006570
703923050.000,YZJ,non_handheld,desk_gripped,recording,-5.140303,-2.169071,7.973594,-0.001673,-0.067381,-0.006687
703923060.000,YZJ,non_handheld,desk_gripped,recording,-5.133437,-2.209048,8.082283,0.005647,-0.053489,-0.001616
703923070.000,YZJ,non_handheld,desk_gripped,recording,-5.129634,-2.227409,8.121917,0.014104,-0.032978,0.006874
703923080.000,YZJ,non_handheld,desk_gripped,recording,-5.111741,-2.226381,8.075241,0.014147,-0.019838,0.016648
703923090.000,YZJ,non_handheld,desk_gripped,recording,-5.129633,-2.204368,8.101613,0.010130,-0.003552,0.021801
703923100.000,YZJ,non_handheld,desk_gripped,recording,-5.126563,-2.160788,8.122788,0.007569,0.017749,0.020987
703923110.000,YZJ,non_handheld,desk_gripped,recording,-5.147481,-2.143845,8.142302,0.006175,0.041719,0.014995
703923120.000,YZJ,non_handheld,desk_gripped,recording,-5.161279,-2.123284,8.052731,0.003782,0.049672,0.003233
703923130.000,YZJ,non_handheld,desk_gripped,recording,-5.171474,-2.117172,8.002398,0.000577,0.045236,-0.008107
703923140.000,YZJ,non_handheld,desk_gripped,recording,-5.168523,-2.127563,7.899644,-0.006482,0.018369,-0.017033
703923150.000,YZJ,non_handheld,desk_gripped,recording,-5.191030,-2.140610,7.838084,-0.015520,-0.021017,-0.022586
703923160.000,YZJ,non_handheld,desk_gripped,recording,-5.174777,-2.152069,7.927968,-0.019607,-0.045424,-0.027013
703923170.000,YZJ,non_handheld,desk_gripped,recording,-5.150954,-2.177864,8.011062,-0.018058,-0.050897,-0.029501
703923180.000,YZJ,non_handheld,desk_gripped,recording,-5.128641,-2.203169,8.086533,-0.013609,-0.038274,-0.027487
703923190.000,YZJ,non_handheld,desk_gripped,recording,-5.132348,-2.238455,8.102535,-0.007733,-0.021365,-0.018659
703923200.000,YZJ,non_handheld,desk_gripped,recording,-5.104341,-2.267203,8.107895,-0.002221,-0.002521,-0.003523
703923210.000,YZJ,non_handheld,desk_gripped,recording,-5.108827,-2.245255,8.079436,-0.001279,0.011323,0.011724
703923220.000,YZJ,non_handheld,desk_gripped,recording,-5.130916,-2.196810,8.063764,-0.000076,0.020401,0.023869
703923230.000,YZJ,non_handheld,desk_gripped,recording,-5.128930,-2.173778,8.084870,0.002185,0.029324,0.025685
703923240.000,YZJ,non_handheld,desk_gripped,recording,-5.136662,-2.148294,8.063512,0.001970,0.032399,0.019353
703923250.000,YZJ,non_handheld,desk_gripped,recording,-5.146116,-2.121905,7.959465,-0.004453,0.018127,0.006581
703923260.000,YZJ,non_handheld,desk_gripped,recording,-5.137888,-2.109916,7.921801,-0.006632,-0.009390,-0.007287
703923270.000,YZJ,non_handheld,desk_gripped,recording,-5.195349,-2.192712,7.915506,-0.006466,-0.033244,-0.016218
703923280.000,YZJ,non_handheld,desk_gripped,recording,-5.216527,-2.218718,7.939544,0.000890,-0.040657,-0.018843
703923290.000,YZJ,non_handheld,desk_gripped,recording,-5.146305,-2.186958,8.001162,0.011701,-0.041790,-0.018409
703923300.000,YZJ,non_handheld,desk_gripped,recording,-5.126246,-2.233485,8.052070,0.017935,-0.032444,-0.012330
703923310.000,YZJ,non_handheld,desk_gripped,recording,-5.113678,-2.233960,8.097292,0.021002,-0.016723,-0.000846
703923320.000,YZJ,non_handheld,desk_gripped,recording,-5.104400,-2.243688,8.080922,0.016529,-0.002880,0.012327
703923330.000,YZJ,non_handheld,desk_gripped,recording,-5.109757,-2.156204,8.094044,0.007841,0.002164,0.027054
703923340.000,YZJ,non_handheld,desk_gripped,recording,-5.092321,-2.139786,8.087868,-0.004109,0.003979,0.035618
703923350.000,YZJ,non_handheld,desk_gripped,recording,-5.078967,-2.148250,8.125107,-0.009711,0.009095,0.035836
703923360.000,YZJ,non_handheld,desk_gripped,recording,-5.071935,-2.158352,8.101673,-0.010733,0.019604,0.026425
703923370.000,YZJ,non_handheld,desk_gripped,recording,-5.122651,-2.172209,8.048398,-0.006433,0.025934,0.015877
703923380.000,YZJ,non_handheld,desk_gripped,recording,-5.207865,-2.229298,7.957482,-0.003640,0.024032,0.006364
703923390.000,YZJ,non_handheld,desk_gripped,recording,-5.188982,-2.181890,7.922332,0.000458,0.008833,-0.003308
703923400.000,YZJ,non_handheld,desk_gripped,recording,-5.195614,-2.176513,7.948881,0.006709,-0.003235,-0.008239
703923410.000,YZJ,non_handheld,desk_gripped,recording,-5.207355,-2.161988,7.906111,0.011141,-0.019343,-0.008592
703923420.000,YZJ,non_handheld,desk_gripped,recording,-5.174641,-2.160238,7.935274,0.010410,-0.035107,-0.005669
703923430.000,YZJ,non_handheld,desk_gripped,recording,-5.128400,-2.186351,8.051993,0.015920,-0.033124,-0.001375
703923440.000,YZJ,non_handheld,desk_gripped,recording,-5.123556,-2.207899,8.062444,0.016462,-0.026954,0.006724
703923450.000,YZJ,non_handheld,desk_gripped,recording,-5.141265,-2.213901,8.033227,0.007748,-0.029238,0.015757
703923460.000,YZJ,non_handheld,desk_gripped,recording,-5.112325,-2.197767,8.082888,-0.004191,-0.023299,0.023104
703923470.000,YZJ,non_handheld,desk_gripped,recording,-5.114919,-2.155826,8.132116,-0.013094,-0.003851,0.023333
703923480.000,YZJ,non_handheld,desk_gripped,recording,-5.130219,-2.140026,8.160454,-0.019183,0.019654,0.016567
703923490.000,YZJ,non_handheld,desk_gripped,recording,-5.136843,-2.136821,8.158682,-0.018701,0.045259,0.007561
703923500.000,YZJ,non_handheld,desk_gripped,recording,-5.112862,-2.143019,8.119433,-0.012143,0.065556,-0.003404
703923510.000,YZJ,non_handheld,desk_gripped,recording,-5.062603,-2.199565,8.038821,-0.005305,0.064519,-0.016745
703923520.000,YZJ,non_handheld,desk_gripped,recording,-5.101673,-2.198623,7.957237,-0.001499,0.045565,-0.027978
703923530.000,YZJ,non_handheld,desk_gripped,recording,-5.189226,-2.183415,7.929424,-0.005251,0.026054,-0.026781
703923540.000,YZJ,non_handheld,desk_gripped,recording,-5.241440,-2.154861,7.911396,-0.014888,0.007090,-0.020578
703923550.000,YZJ,non_handheld,desk_gripped,recording,-5.213751,-2.131376,7.947009,-0.021511,-0.004718,-0.015169
703923560.000,YZJ,non_handheld,desk_gripped,recording,-5.179926,-2.167699,8.020789,-0.021463,-0.007443,-0.009802
703923570.000,YZJ,non_handheld,desk_gripped,recording,-5.138864,-2.199194,8.024047,-0.018561,-0.003265,-0.005670
703923580.000,YZJ,non_handheld,desk_gripped,recording,-5.131773,-2.202025,8.015375,-0.016504,-0.002704,-0.002337
703923590.000,YZJ,non_handheld,desk_gripped,recording,-5.148630,-2.209735,8.036949,-0.014638,0.001396,-0.000297
703923600.000,YZJ,non_handheld,desk_gripped,recording,-5.156284,-2.206514,8.112122,-0.009203,0.018478,0.001017
703923610.000,YZJ,non_handheld,desk_gripped,recording,-5.145893,-2.174581,8.061768,-0.008978,0.032115,-0.000141
703923620.000,YZJ,non_handheld,desk_gripped,recording,-5.149293,-2.201665,8.054097,-0.012049,0.041106,-0.000792
703923630.000,YZJ,non_handheld,desk_gripped,recording,-5.149471,-2.202128,8.019615,-0.015686,0.041127,-0.001467
703923640.000,YZJ,non_handheld,desk_gripped,recording,-5.171836,-2.170356,7.975244,-0.018389,0.034702,-0.003150
703923650.000,YZJ,non_handheld,desk_gripped,recording,-5.174730,-2.187837,7.967109,-0.019773,0.025424,-0.006627
703923660.000,YZJ,non_handheld,desk_gripped,recording,-5.191123,-2.159487,7.935891,-0.023089,0.009215,-0.012622
703923670.000,YZJ,non_handheld,desk_gripped,recording,-5.187471,-2.160027,7.946443,-0.019963,-0.001622,-0.020847
703923680.000,YZJ,non_handheld,desk_gripped,recording,-5.150256,-2.189143,7.997103,-0.012811,0.000275,-0.024213
703923690.000,YZJ,non_handheld,desk_gripped,recording,-5.153421,-2.215730,8.025242,-0.006700,0.003717,-0.020314
703923700.000,YZJ,non_handheld,desk_gripped,recording,-5.155067,-2.261870,7.941176,-0.006050,-0.010187,-0.008688
703923710.000,YZJ,non_handheld,desk_gripped,recording,-5.170302,-2.270804,7.885463,-0.007484,-0.037343,0.004981
703923720.000,YZJ,non_handheld,desk_gripped,recording,-5.141845,-2.266188,7.955386,-0.005638,-0.051123,0.015711
703923730.000,YZJ,non_handheld,desk_gripped,recording,-5.148623,-2.220013,8.054307,-0.003321,-0.042293,0.021250
703923740.000,YZJ,non_handheld,desk_gripped,recording,-5.124048,-2.136615,8.139248,0.003832,-0.016741,0.015799
703923750.000,YZJ,non_handheld,desk_gripped,recording,-5.147607,-2.112220,8.166863,0.005846,0.011109,0.002526
703923760.000,YZJ,non_handheld,desk_gripped,recording,-5.163190,-2.159856,8.122010,0.008496,0.036459,-0.010352
703923770.000,YZJ,non_handheld,desk_gripped,recording,-5.180316,-2.192173,8.007254,0.006769,0.045260,-0.020886
703923780.000,YZJ,non_handheld,desk_gripped,recording,-5.185119,-2.236378,7.951091,0.004076,0.039521,-0.023490
703923790.000,YZJ,non_handheld,desk_gripped,recording,-5.174781,-2.226726,7.873092,0.000845,0.010783,-0.020459
703923800.000,YZJ,non_handheld,desk_gripped,recording,-5.165398,-2.265480,7.852763,0.001217,-0.023069,-0.008722
703923810.000,YZJ,non_handheld,desk_gripped,recording,-5.158606,-2.254930,7.918124,0.001884,-0.046883,0.002891
703923820.000,YZJ,non_handheld,desk_gripped,recording,-5.157985,-2.240403,8.025185,0.004317,-0.043295,0.009437
703923830.000,YZJ,non_handheld,desk_gripped,recording,-5.136794,-2.212656,8.172948,0.004207,-0.008766,0.011761
703923840.000,YZJ,non_handheld,desk_gripped,recording,-5.128228,-2.209623,8.157606,-0.005665,0.020395,0.012540
703923850.000,YZJ,non_handheld,desk_gripped,recording,-5.142962,-2.225237,8.058543,-0.023598,0.027343,0.017159
703923860.000,YZJ,non_handheld,desk_gripped,recording,-5.163659,-2.211469,7.981626,-0.044476,0.015714,0.021822
703923870.000,YZJ,non_handheld,desk_gripped,recording,-5.162098,-2.205939,7.992675,-0.055741,0.012676,0.021964
703923880.000,YZJ,non_handheld,desk_gripped,recording,-5.183106,-2.194249,8.072134,-0.048967,0.024806,0.012870
703923890.000,YZJ,non_handheld,desk_gripped,recording,-5.168166,-2.181439,8.062422,-0.034009,0.039355,0.000094
703923900.000,YZJ,non_handheld,desk_gripped,recording,-5.133464,-2.265745,8.047228,-0.010463,0.056466,-0.013176
703923910.000,YZJ,non_handheld,desk_gripped,recording,-5.177850,-2.230570,7.991463,0.013814,0.065126,-0.015597
703923920.000,YZJ,non_handheld,desk_gripped,recording,-5.216049,-2.211885,7.868770,0.025716,0.044368,-0.010400
703923930.000,YZJ,non_handheld,desk_gripped,recording,-5.205771,-2.212337,7.909225,0.029306,0.024628,-0.002727
703923940.000,YZJ,non_handheld,desk_gripped,recording,-5.179216,-2.199247,7.982339,0.025350,0.017175,0.001245
703923950.000,YZJ,non_handheld,desk_gripped,recording,-5.188761,-2.217813,8.003247,0.015912,0.021596,-0.000349
703923960.000,YZJ,non_handheld,desk_gripped,recording,-5.196793,-2.208250,8.065640,0.005529,0.031889,-0.001558
703923970.000,YZJ,non_handheld,desk_gripped,recording,-5.185338,-2.219002,8.040970,-0.005951,0.039602,-0.000575
703923980.000,YZJ,non_handheld,desk_gripped,recording,-5.193094,-2.216654,7.989399,-0.015608,0.039853,0.002498
703923990.000,YZJ,non_handheld,desk_gripped,recording,-5.177983,-2.217077,7.986381,-0.020032,0.042251,0.005597
703924000.000,YZJ,non_handheld,desk_gripped,recording,-5.187552,-2.237014,7.979811,-0.013009,0.044897,0.010440
703924010.000,YZJ,non_handheld,desk_gripped,recording,-5.208723,-2.254376,7.952608,0.002595,0.043330,0.015146
703924020.000,YZJ,non_handheld,desk_gripped,recording,-5.203998,-2.245611,7.866575,0.017691,0.025034,0.017486
703924030.000,YZJ,non_handheld,desk_gripped,recording,-5.197787,-2.244563,7.897677,0.028777,0.005875,0.014012
703924040.000,YZJ,non_handheld,desk_gripped,recording,-5.201547,-2.223686,7.880726,0.027908,-0.014228,0.007360
703924050.000,YZJ,non_handheld,desk_gripped,recording,-5.268588,-2.129076,7.942789,0.020239,-0.025705,0.004492
703924060.000,YZJ,non_handheld,desk_gripped,recording,-5.252545,-2.116884,7.922819,0.008756,-0.036481,-0.004507
703924070.000,YZJ,non_handheld,desk_gripped,recording,-5.231228,-2.129363,7.954360,-0.005669,-0.047492,-0.016783
703924080.000,YZJ,non_handheld,desk_gripped,recording,-5.209545,-2.158303,8.006014,-0.018525,-0.046402,-0.027212
703924090.000,YZJ,non_handheld,desk_gripped,recording,-5.198418,-2.190443,8.034142,-0.027283,-0.041026,-0.030022
703924100.000,YZJ,non_handheld,desk_gripped,recording,-5.196251,-2.247544,8.033038,-0.029179,-0.029971,-0.026243
703924110.000,YZJ,non_handheld,desk_gripped,recording,-5.191666,-2.331220,8.011888,-0.025375,-0.015016,-0.015815
703924120.000,YZJ,non_handheld,desk_gripped,recording,-5.194799,-2.309383,8.053348,-0.019489,0.008207,-0.005829
703924130.000,YZJ,non_handheld,desk_gripped,recording,-5.159244,-2.260376,8.105302,-0.012959,0.036752,0.003048
703924140.000,YZJ,non_handheld,desk_gripped,recording,-5.139854,-2.160641,8.108426,-0.015069,0.054301,0.006884
703924150.000,YZJ,non_handheld,desk_gripped,recording,-5.170218,-2.172616,8.091625,-0.026634,0.073313,0.004858
703924160.000,YZJ,non_handheld,desk_gripped,recording,-5.221500,-2.182103,8.015678,-0.037021,0.080700,-0.004877
703924170.000,YZJ,non_handheld,desk_gripped,recording,-5.218603,-2.191291,7.912636,-0.047021,0.066008,-0.014183
703924180.000,YZJ,non_handheld,desk_gripped,recording,-5.241759,-2.203440,7.807724,-0.065377,0.024912,-0.020490
703924190.000,YZJ,non_handheld,desk_gripped,recording,-5.246161,-2.205961,7.770975,-0.079043,-0.021240,-0.025219
703924200.000,YZJ,non_handheld,desk_gripped,recording,-5.234992,-2.245316,7.865563,-0.074033,-0.046476,-0.029128
703924210.000,YZJ,non_handheld,desk_gripped,recording,-5.191099,-2.274666,7.935493,-0.058327,-0.047255,-0.036122
703924220.000,YZJ,non_handheld,desk_gripped,recording,-5.209120,-2.354770,7.955052,-0.037496,-0.033929,-0.045052
703924230.000,YZJ,non_handheld,desk_gripped,recording,-5.191273,-2.319227,8.143498,-0.005904,0.020457,-0.049325
703924240.000,YZJ,non_handheld,desk_gripped,recording,-5.209138,-2.298040,8.188921,0.029770,0.079862,-0.048338
703924250.000,YZJ,non_handheld,desk_gripped,recording,-5.215165,-2.308536,8.006199,0.040340,0.102333,-0.037730
703924260.000,YZJ,non_handheld,desk_gripped,recording,-5.196278,-2.224784,7.896203,0.033327,0.078741,-0.020253
703924270.000,YZJ,non_handheld,desk_gripped,recording,-5.179189,-2.243789,7.766742,0.017271,0.023969,-0.002559
703924280.000,YZJ,non_handheld,desk_gripped,recording,-5.223087,-2.311284,7.817393,0.013080,-0.013668,0.009396
703924290.000,YZJ,non_handheld,desk_gripped,recording,-5.209279,-2.276642,7.865998,0.014202,-0.036004,0.015157
703924300.000,YZJ,non_handheld,desk_gripped,recording,-5.236178,-2.250023,7.861031,0.012428,-0.054422,0.012362
703924310.000,YZJ,non_handheld,desk_gripped,recording,-5.212311,-2.241987,7.925500,0.008198,-0.064028,0.009721
703924320.000,YZJ,non_handheld,desk_gripped,recording,-5.206906,-2.254846,7.987386,0.004417,-0.064467,0.008322
703924330.000,YZJ,non_handheld,desk_gripped,recording,-5.209324,-2.258498,8.056485,0.003724,-0.049826,0.005494
703924340.000,YZJ,non_handheld,desk_gripped,recording,-5.193560,-2.241902,8.081980,0.002826,-0.026205,0.001242
703924350.000,YZJ,non_handheld,desk_gripped,recording,-5.195562,-2.251818,8.100649,0.002482,0.005334,-0.002410
703924360.000,YZJ,non_handheld,desk_gripped,recording,-5.214248,-2.356881,8.023107,0.003826,0.032008,-0.006121
703924370.000,YZJ,non_handheld,desk_gripped,recording,-5.211714,-2.410453,7.951091,0.007576,0.045996,-0.010707
703924380.000,YZJ,non_handheld,desk_gripped,recording,-5.206461,-2.378095,7.885261,0.008817,0.038480,-0.010810
703924390.000,YZJ,non_handheld,desk_gripped,recording,-5.163213,-2.265186,7.855465,0.000118,0.006420,-0.003807
703924400.000,YZJ,non_handheld,desk_gripped,recording,-5.205654,-2.146275,7.877598,-0.016880,-0.033067,0.004843
703924410.000,YZJ,non_handheld,desk_gripped,recording,-5.202673,-2.138284,8.019707,-0.029253,-0.038784,0.010500
703924420.000,YZJ,non_handheld,desk_gripped,recording,-5.209395,-2.141523,8.063849,-0.029346,-0.024858,0.009540
703924430.000,YZJ,non_handheld,desk_gripped,recording,-5.215046,-2.235173,8.009704,-0.026600,-0.013427,0.004494
703924440.000,YZJ,non_handheld,desk_gripped,recording,-5.190376,-2.265825,7.960111,-0.021926,-0.015023,0.005233
703924450.000,YZJ,non_handheld,desk_gripped,recording,-5.195649,-2.313503,7.922186,-0.019478,-0.021972,0.008753
703924460.000,YZJ,non_handheld,desk_gripped,recording,-5.192322,-2.273783,7.924705,-0.014960,-0.027458,0.009997
703924470.000,YZJ,non_handheld,desk_gripped,recording,-5.183394,-2.255508,8.030595,0.000388,-0.010659,0.007188
703924480.000,YZJ,non_handheld,desk_gripped,recording,-5.197034,-2.252417,8.052644,0.016623,0.012584,0.000681
703924490.000,YZJ,non_handheld,desk_gripped,recording,-5.202872,-2.223650,8.024369,0.027625,0.028925,-0.005635
703924500.000,YZJ,non_handheld,desk_gripped,recording,-5.197573,-2.252213,8.029746,0.038660,0.045540,-0.010718
703924510.000,YZJ,non_handheld,desk_gripped,recording,-5.212880,-2.248518,7.933450,0.038619,0.040293,-0.013411
703924520.000,YZJ,non_handheld,desk_gripped,recording,-5.221972,-2.261421,7.835505,0.028303,0.008993,-0.014884
703924530.000,YZJ,non_handheld,desk_gripped,recording,-5.226608,-2.266254,7.804745,0.012394,-0.028074,-0.010583
703924540.000,YZJ,non_handheld,desk_gripped,recording,-5.201107,-2.286191,7.917669,0.003571,-0.048264,-0.004247
703924550.000,YZJ,non_handheld,desk_gripped,recording,-5.191720,-2.282837,7.961643,0.004731,-0.054279,0.001373
703924560.000,YZJ,non_handheld,desk_gripped,recording,-5.190012,-2.273276,8.013066,0.010713,-0.042993,0.004880
703924570.000,YZJ,non_handheld,desk_gripped,recording,-5.159111,-2.257483,8.089671,0.020093,-0.015301,0.004659
703924580.000,YZJ,non_handheld,desk_gripped,recording,-5.177843,-2.271428,8.112972,0.029481,0.016483,0.004918
703924590.000,YZJ,non_handheld,desk_gripped,recording,-5.180855,-2.243329,8.035427,0.029079,0.029157,0.006720
703924600.000,YZJ,non_handheld,desk_gripped,recording,-5.196537,-2.267667,7.884471,0.021310,0.012473,0.009530
703924610.000,YZJ,non_handheld,desk_gripped,recording,-5.214480,-2.266875,7.852797,0.012917,-0.013332,0.014975
703924620.000,YZJ,non_handheld,desk_gripped,recording,-5.196676,-2.239831,7.940805,0.013064,-0.025335,0.013646
703924630.000,YZJ,non_handheld,desk_gripped,recording,-5.215934,-2.205515,7.971158,0.013758,-0.023449,0.005677
703924640.000,YZJ,non_handheld,desk_gripped,recording,-5.191571,-2.189457,8.043914,0.017747,-0.012258,-0.006283
703924650.000,YZJ,non_handheld,desk_gripped,recording,-5.204277,-2.211265,8.011588,0.023310,-0.001558,-0.015827
703924660.000,YZJ,non_handheld,desk_gripped,recording,-5.186921,-2.246522,7.969148,0.028503,-0.002819,-0.014678
703924670.000,YZJ,non_handheld,desk_gripped,recording,-5.179375,-2.281019,7.887236,0.025863,-0.022038,-0.004774
703924680.000,YZJ,non_handheld,desk_gripped,recording,-5.182748,-2.307963,7.893241,0.022162,-0.042873,0.010419
703924690.000,YZJ,non_handheld,desk_gripped,recording,-5.176687,-2.273994,7.942289,0.018153,-0.055846,0.021173
703924700.000,YZJ,non_handheld,desk_gripped,recording,-5.191824,-2.229727,7.984189,0.012620,-0.059244,0.023870
703924710.000,YZJ,non_handheld,desk_gripped,recording,-5.167479,-2.153095,8.099818,0.011870,-0.041221,0.019351
703924720.000,YZJ,non_handheld,desk_gripped,recording,-5.180248,-2.181310,8.144125,0.010183,-0.009471,0.012180
703924730.000,YZJ,non_handheld,desk_gripped,recording,-5.174152,-2.198286,8.138871,0.006655,0.019846,0.002528
703924740.000,YZJ,non_handheld,desk_gripped,recording,-5.167068,-2.237298,8.039815,-0.001213,0.032572,-0.002892
703924750.000,YZJ,non_handheld,desk_gripped,recording,-5.187435,-2.251624,7.982682,-0.007555,0.030193,-0.003561
703924760.000,YZJ,non_handheld,desk_gripped,recording,-5.185780,-2.233703,7.950586,-0.014733,0.020304,-0.001773
703924770.000,YZJ,non_handheld,desk_gripped,recording,-5.187775,-2.239787,7.961803,-0.015880,0.017151,0.001307
703924780.000,YZJ,non_handheld,desk_gripped,recording,-5.172266,-2.236699,8.069730,-0.006888,0.034982,0.002017
703924790.000,YZJ,non_handheld,desk_gripped,recording,-5.176103,-2.228155,8.014658,-0.001027,0.042927,0.001184
703924800.000,YZJ,non_handheld,desk_gripped,recording,-5.191262,-2.242354,7.949855,0.000580,0.036550,0.002054
703924810.000,YZJ,non_handheld,desk_gripped,recording,-5.197624,-2.251318,7.906345,-0.004310,0.018791,0.008883
703924820.000,YZJ,non_handheld,desk_gripped,recording,-5.217956,-2.240432,7.866512,-0.011132,-0.007113,0.012592
703924830.000,YZJ,non_handheld,desk_gripped,recording,-5.199380,-2.209391,7.916523,-0.017126,-0.020329,0.010514
703924840.000,YZJ,non_handheld,desk_gripped,recording,-5.192299,-2.194987,8.032889,-0.017166,-0.015481,0.004665
703924850.000,YZJ,non_handheld,desk_gripped,recording,-5.187295,-2.191018,7.996469,-0.015322,-0.007360,-0.004089
703924860.000,YZJ,non_handheld,desk_gripped,recording,-5.205783,-2.225107,8.024493,-0.010684,0.002453,-0.009353
703924870.000,YZJ,non_handheld,desk_gripped,recording,-5.170790,-2.242892,8.031736,-0.001434,0.017683,-0.009850
703924880.000,YZJ,non_handheld,desk_gripped,recording,-5.208037,-2.246950,7.949629,0.000666,0.011657,-0.007768
703924890.000,YZJ,non_handheld,desk_gripped,recording,-5.193764,-2.252940,7.932914,0.001127,0.001336,-0.002742
703924900.000,YZJ,non_handheld,desk_gripped,recording,-5.191956,-2.277408,7.974458,0.003988,-0.002463,0.003643
703924910.000,YZJ,non_handheld,desk_gripped,recording,-5.181483,-2.232147,7.948624,0.005400,-0.005282,0.005602
703924920.000,YZJ,non_handheld,desk_gripped,recording,-5.191922,-2.236981,7.995546,0.007638,-0.002671,0.005444
703924930.000,YZJ,non_handheld,desk_gripped,recording,-5.191363,-2.245176,7.958521,0.006496,-0.006265,0.008153
703924940.000,YZJ,non_handheld,desk_gripped,recording,-5.218041,-2.229126,7.912466,0.003372,-0.025072,0.009136
703924950.000,YZJ,non_handheld,desk_gripped,recording,-5.198115,-2.224885,7.908668,-0.000830,-0.041006,0.007186
703924960.000,YZJ,non_handheld,desk_gripped,recording,-5.182177,-2.201331,7.956043,-0.001339,-0.049202,0.001850
703924970.000,YZJ,non_handheld,desk_gripped,recording,-5.186567,-2.198803,7.983994,0.003094,-0.048535,-0.005177
703924980.000,YZJ,non_handheld,desk_gripped,recording,-5.185809,-2.198043,8.030592,0.016364,-0.035536,-0.014594
703924990.000,YZJ,non_handheld,desk_gripped,recording,-5.170198,-2.204837,8.115976,0.033884,-0.005561,-0.022201
703925000.000,YZJ,non_handheld,desk_gripped,recording,-5.165688,-2.225482,8.086630,0.047162,0.016186,-0.024694
703925010.000,YZJ,non_handheld,desk_gripped,recording,-5.180786,-2.250865,7.992784,0.050601,0.018418,-0.021445
703925020.000,YZJ,non_handheld,desk_gripped,recording,-5.177601,-2.233483,7.919323,0.041317,0.004075,-0.012885
703925030.000,YZJ,non_handheld,desk_gripped,recording,-5.183565,-2.222590,7.899402,0.024488,-0.023849,-0.002516
703925040.000,YZJ,non_handheld,desk_gripped,recording,-5.162599,-2.244427,7.927030,0.010644,-0.046239,0.002795
703925050.000,YZJ,non_handheld,desk_gripped,recording,-5.189335,-2.251403,7.975947,0.001448,-0.053871,0.000381
703925060.000,YZJ,non_handheld,desk_gripped,recording,-5.166909,-2.209591,8.065469,0.001766,-0.040719,-0.003696
703925070.000,YZJ,non_handheld,desk_gripped,recording,-5.159505,-2.194974,8.115921,0.002831,-0.016867,-0.008282
703925080.000,YZJ,non_handheld,desk_gripped,recording,-5.157596,-2.206617,8.105964,0.004655,0.007462,-0.009614
703925090.000,YZJ,non_handheld,desk_gripped,recording,-5.164394,-2.194369,8.062663,0.004911,0.022707,-0.005720
703925100.000,YZJ,non_handheld,desk_gripped,recording,-5.181950,-2.151620,7.993802,-0.000024,0.017299,0.001456