timestamp_ms,user_name,hold_state,scene_tag,phase,acc_x,acc_y,acc_z,gyro_x,gyro_y,gyro_z
623800150.000,YZJ,non_handheld,desk_gripped_micro_move,recording,1.362836,-2.199817,9.490887,-0.080535,0.146801,-0.152761
623800160.000,YZJ,non_handheld,desk_gripped_micro_move,recording,1.172473,-2.239661,9.491209,-0.092857,0.103791,-0.181811
623800170.000,YZJ,non_handheld,desk_gripped_micro_move,recording,0.891634,-2.332453,9.494047,-0.105317,0.072326,-0.177527
623800180.000,YZJ,non_handheld,desk_gripped_micro_move,recording,0.652363,-2.424671,9.520144,-0.116341,0.023766,-0.140397
623800190.000,YZJ,non_handheld,desk_gripped_micro_move,recording,0.577567,-2.544872,9.488668,-0.124368,-0.032724,-0.100711
623800200.000,YZJ,non_handheld,desk_gripped_micro_move,recording,0.837064,-2.517232,9.460760,-0.135767,-0.068009,-0.080112
623800210.000,YZJ,non_handheld,desk_gripped_micro_move,recording,1.009521,-2.449123,9.459002,-0.141262,-0.092133,-0.068110
623800220.000,YZJ,non_handheld,desk_gripped_micro_move,recording,1.076661,-2.409714,9.467333,-0.130138,-0.112149,-0.055261
623800230.000,YZJ,non_handheld,desk_gripped_micro_move,recording,1.131712,-2.462542,9.428958,-0.114311,-0.089516,-0.048787
623800240.000,YZJ,non_handheld,desk_gripped_micro_move,recording,1.159797,-2.491153,9.428271,-0.095580,-0.047387,-0.044305
623800250.000,YZJ,non_handheld,desk_gripped_micro_move,recording,1.153221,-2.424949,9.426629,-0.075336,-0.009314,-0.038023
623800260.000,YZJ,non_handheld,desk_gripped_micro_move,recording,1.143563,-2.445600,9.451784,-0.062723,0.017251,-0.033161
623800270.000,YZJ,non_handheld,desk_gripped_micro_move,recording,1.135933,-2.434345,9.448292,-0.058514,0.027351,-0.031848
623800280.000,YZJ,non_handheld,desk_gripped_micro_move,recording,1.091640,-2.448876,9.419939,-0.056102,0.022386,-0.034054
623800290.000,YZJ,non_handheld,desk_gripped_micro_move,recording,1.086434,-2.442769,9.442953,-0.051577,0.019598,-0.038268
623800300.000,YZJ,non_handheld,desk_gripped_micro_move,recording,1.138651,-2.483903,9.436036,-0.043609,0.039430,-0.046944
623800310.000,YZJ,non_handheld,desk_gripped_micro_move,recording,1.142154,-2.465855,9.437208,-0.034915,0.064132,-0.052464
623800320.000,YZJ,non_handheld,desk_gripped_micro_move,recording,1.133457,-2.484030,9.433558,-0.024164,0.057274,-0.052138
623800330.000,YZJ,non_handheld,desk_gripped_micro_move,recording,1.123825,-2.454257,9.433655,-0.020723,0.055451,-0.047483
623800340.000,YZJ,non_handheld,desk_gripped_micro_move,recording,1.101815,-2.476940,9.463049,-0.024010,0.062561,-0.042647
623800350.000,YZJ,non_handheld,desk_gripped_micro_move,recording,1.108015,-2.474767,9.451968,-0.027293,0.064349,-0.040172
623800360.000,YZJ,non_handheld,desk_gripped_micro_move,recording,1.086100,-2.479757,9.456700,-0.030318,0.066673,-0.038491
623800370.000,YZJ,non_handheld,desk_gripped_micro_move,recording,1.077547,-2.463497,9.438787,-0.032153,0.079540,-0.036777
623800380.000,YZJ,non_handheld,desk_gripped_micro_move,recording,1.053541,-2.481158,9.453689,-0.030680,0.107733,-0.034534
623800390.000,YZJ,non_handheld,desk_gripped_micro_move,recording,1.068078,-2.477445,9.451427,-0.026920,0.148648,-0.035103
623800400.000,YZJ,non_handheld,desk_gripped_micro_move,recording,1.083929,-2.510316,9.421341,-0.017496,0.181089,-0.046047
623800410.000,YZJ,non_handheld,desk_gripped_micro_move,recording,1.039814,-2.519598,9.413085,-0.008635,0.169955,-0.060481
623800420.000,YZJ,non_handheld,desk_gripped_micro_move,recording,1.040358,-2.553998,9.447984,-0.005244,0.119856,-0.076755
623800430.000,YZJ,non_handheld,desk_gripped_micro_move,recording,1.013284,-2.545330,9.434814,-0.010484,0.063645,-0.089238
623800440.000,YZJ,non_handheld,desk_gripped_micro_move,recording,0.975045,-2.516100,9.445932,-0.023437,0.033993,-0.090750
623800450.000,YZJ,non_handheld,desk_gripped_micro_move,recording,1.044191,-2.466207,9.450377,-0.033051,0.040622,-0.088583
623800460.000,YZJ,non_handheld,desk_gripped_micro_move,recording,1.050283,-2.469300,9.451669,-0.038444,0.085171,-0.080030
623800470.000,YZJ,non_handheld,desk_gripped_micro_move,recording,0.964337,-2.433888,9.468370,-0.033473,0.138147,-0.062266
623800480.000,YZJ,non_handheld,desk_gripped_micro_move,recording,0.930299,-2.435398,9.460656,-0.026194,0.168647,-0.044810
623800490.000,YZJ,non_handheld,desk_gripped_micro_move,recording,0.907417,-2.482970,9.474216,-0.019386,0.181178,-0.034007
623800500.000,YZJ,non_handheld,desk_gripped_micro_move,recording,0.921046,-2.505795,9.441434,-0.013675,0.158401,-0.032740
623800510.000,YZJ,non_handheld,desk_gripped_micro_move,recording,0.930460,-2.539872,9.455062,-0.008071,0.115709,-0.042394
623800520.000,YZJ,non_handheld,desk_gripped_micro_move,recording,0.936281,-2.572354,9.423264,-0.011898,0.090127,-0.054495
623800530.000,YZJ,non_handheld,desk_gripped_micro_move,recording,0.916474,-2.571272,9.423819,-0.023582,0.093134,-0.054099
623800540.000,YZJ,non_handheld,desk_gripped_micro_move,recording,0.824154,-2.470846,9.520475,-0.023213,0.092157,-0.042527
623800550.000,YZJ,non_handheld,desk_gripped_micro_move,recording,0.828916,-2.476818,9.461665,-0.021028,0.095438,-0.034508
623800560.000,YZJ,non_handheld,desk_gripped_micro_move,recording,0.873165,-2.529598,9.448009,-0.015647,0.091080,-0.027592
623800570.000,YZJ,non_handheld,desk_gripped_micro_move,recording,0.855783,-2.582821,9.444123,-0.008274,0.081685,-0.017773
623800580.000,YZJ,non_handheld,desk_gripped_micro_move,recording,0.889342,-2.547176,9.413822,-0.005463,0.086764,-0.007968
623800590.000,YZJ,non_handheld,desk_gripped_micro_move,recording,0.915440,-2.501223,9.456895,0.011642,0.093885,-0.002772
623800600.000,YZJ,non_handheld,desk_gripped_micro_move,recording,0.923258,-2.424137,9.472477,0.038492,0.098338,0.000029
623800610.000,YZJ,non_handheld,desk_gripped_micro_move,recording,0.830004,-2.392408,9.487712,0.054454,0.079630,0.003310
623800620.000,YZJ,non_handheld,desk_gripped_micro_move,recording,0.776457,-2.521099,9.457212,0.057961,0.025420,0.003367
623800630.000,YZJ,non_handheld,desk_gripped_micro_move,recording,0.776208,-2.471085,9.479039,0.057566,-0.027468,0.002723
623800640.000,YZJ,non_handheld,desk_gripped_micro_move,recording,0.847410,-2.487606,9.454664,0.054638,-0.042028,0.001339
623800650.000,YZJ,non_handheld,desk_gripped_micro_move,recording,0.895394,-2.490166,9.473952,0.052134,-0.014916,0.004738
623800660.000,YZJ,non_handheld,desk_gripped_micro_move,recording,0.857933,-2.475927,9.476368,0.047251,0.000152,0.001570
623800670.000,YZJ,non_handheld,desk_gripped_micro_move,recording,0.819955,-2.484811,9.487686,0.048729,-0.017190,-0.004393
623800680.000,YZJ,non_handheld,desk_gripped_micro_move,recording,0.865737,-2.448350,9.457246,0.047016,-0.009788,-0.012520
623800690.000,YZJ,non_handheld,desk_gripped_micro_move,recording,0.880125,-2.449842,9.466951,0.038473,0.022091,-0.011396
623800700.000,YZJ,non_handheld,desk_gripped_micro_move,recording,0.848409,-2.445391,9.462504,0.029154,0.030574,-0.009126
623800710.000,YZJ,non_handheld,desk_gripped_micro_move,recording,0.811933,-2.457607,9.516299,0.023360,-0.009924,-0.007199
623800720.000,YZJ,non_handheld,desk_gripped_micro_move,recording,0.828398,-2.433334,9.489121,0.014070,-0.032453,-0.003685
623800730.000,YZJ,non_handheld,desk_gripped_micro_move,recording,0.873283,-2.451211,9.466051,0.007854,-0.019086,0.006176
623800740.000,YZJ,non_handheld,desk_gripped_micro_move,recording,0.816026,-2.511863,9.454919,0.012442,0.025925,0.026391
623800750.000,YZJ,non_handheld,desk_gripped_micro_move,recording,0.827890,-2.568406,9.462882,0.020760,0.095583,0.050433
623800760.000,YZJ,non_handheld,desk_gripped_micro_move,recording,0.838183,-2.540382,9.462198,0.025968,0.164754,0.078681
623800770.000,YZJ,non_handheld,desk_gripped_micro_move,recording,0.893893,-2.429402,9.462030,0.034260,0.194147,0.088637
623800780.000,YZJ,non_handheld,desk_gripped_micro_move,recording,0.911463,-2.454711,9.433592,0.035648,0.234596,0.083163
623800790.000,YZJ,non_handheld,desk_gripped_micro_move,recording,0.713368,-2.605393,9.464887,0.049079,0.296227,0.099061
623800800.000,YZJ,non_handheld,desk_gripped_micro_move,recording,0.594703,-2.639726,9.470818,0.064076,0.367150,0.132750
623800810.000,YZJ,non_handheld,desk_gripped_micro_move,recording,0.224532,-2.544633,9.541174,0.070533,0.390247,0.180779
623800820.000,YZJ,non_handheld,desk_gripped_micro_move,recording,0.900625,-2.579339,9.436554,0.063292,0.423758,0.183898
623800830.000,YZJ,non_handheld,desk_gripped_micro_move,recording,0.919057,-2.601031,9.459386,0.063080,0.458858,0.161282
623800840.000,YZJ,non_handheld,desk_gripped_micro_move,recording,1.048606,-2.401558,9.480543,0.069707,0.499824,0.114593
623800850.000,YZJ,non_handheld,desk_gripped_micro_move,recording,0.818489,-2.548688,9.490458,0.067641,0.542544,0.070258
623800860.000,YZJ,non_handheld,desk_gripped_micro_move,recording,0.479886,-2.448535,9.511692,0.055861,0.544483,0.037250
623800870.000,YZJ,non_handheld,desk_gripped_micro_move,recording,0.150959,-2.331466,9.577877,0.044179,0.473827,0.029515
623800880.000,YZJ,non_handheld,desk_gripped_micro_move,recording,0.096881,-2.246422,9.542238,0.035314,0.412789,0.026930
623800890.000,YZJ,non_handheld,desk_gripped_micro_move,recording,0.166145,-2.263403,9.519932,0.035327,0.400562,0.027748
623800900.000,YZJ,non_handheld,desk_gripped_micro_move,recording,0.226771,-2.122023,9.596612,0.038829,0.392827,0.037933
623800910.000,YZJ,non_handheld,desk_gripped_micro_move,recording,0.261166,-2.115353,9.587028,0.050226,0.326929,0.050194
623800920.000,YZJ,non_handheld,desk_gripped_micro_move,recording,0.231172,-2.069242,9.559226,0.058073,0.229285,0.050373
623800930.000,YZJ,non_handheld,desk_gripped_micro_move,recording,0.394873,-2.294770,9.497277,0.068105,0.159633,0.028245
623800940.000,YZJ,non_handheld,desk_gripped_micro_move,recording,0.295325,-2.292291,9.525668,0.085815,0.179846,0.007700
623800950.000,YZJ,non_handheld,desk_gripped_micro_move,recording,0.272334,-2.165420,9.584299,0.107951,0.210761,-0.007572
623800960.000,YZJ,non_handheld,desk_gripped_micro_move,recording,0.120929,-2.233207,9.539786,0.114279,0.196227,-0.019219
623800970.000,YZJ,non_handheld,desk_gripped_micro_move,recording,0.034102,-2.335243,9.524384,0.101542,0.153413,-0.024386
623800980.000,YZJ,non_handheld,desk_gripped_micro_move,recording,0.031075,-2.406225,9.482794,0.078329,0.098550,-0.029548
623800990.000,YZJ,non_handheld,desk_gripped_micro_move,recording,0.069756,-2.232545,9.562917,0.059892,0.040338,-0.032430
623801000.000,YZJ,non_handheld,desk_gripped_micro_move,recording,0.070511,-2.393266,9.496838,0.046754,-0.006103,-0.032647
623801010.000,YZJ,non_handheld,desk_gripped_micro_move,recording,0.128867,-2.414180,9.544238,0.029654,-0.011869,-0.037365
623801020.000,YZJ,non_handheld,desk_gripped_micro_move,recording,0.112883,-2.299179,9.548057,0.012992,-0.017409,-0.034598
623801030.000,YZJ,non_handheld,desk_gripped_micro_move,recording,0.068083,-2.368491,9.529692,0.000592,-0.038086,-0.028243
623801040.000,YZJ,non_handheld,desk_gripped_micro_move,recording,0.053689,-2.401654,9.523427,-0.015407,-0.061792,-0.024087
623801050.000,YZJ,non_handheld,desk_gripped_micro_move,recording,0.090429,-2.349418,9.526899,-0.029975,-0.075952,-0.018331
623801060.000,YZJ,non_handheld,desk_gripped_micro_move,recording,0.143655,-2.298375,9.548375,-0.037514,-0.077467,-0.014308
623801070.000,YZJ,non_handheld,desk_gripped_micro_move,recording,0.126294,-2.310448,9.542358,-0.036355,-0.085984,-0.012441
623801080.000,YZJ,non_handheld,desk_gripped_micro_move,recording,0.151770,-2.316138,9.545486,-0.031848,-0.084811,-0.017344
623801090.000,YZJ,non_handheld,desk_gripped_micro_move,recording,0.164731,-2.322988,9.542771,-0.023220,-0.073749,-0.020333
623801100.000,YZJ,non_handheld,desk_gripped_micro_move,recording,0.203005,-2.307550,9.555194,-0.021074,-0.056402,-0.021497
623801110.000,YZJ,non_handheld,desk_gripped_micro_move,recording,0.215987,-2.307048,9.563948,-0.024408,-0.047228,-0.019443
623801120.000,YZJ,non_handheld,desk_gripped_micro_move,recording,0.204967,-2.324097,9.560788,-0.025173,-0.035600,-0.016934
623801130.000,YZJ,non_handheld,desk_gripped_micro_move,recording,0.161874,-2.318939,9.523049,-0.023709,-0.045220,-0.014549
623801140.000,YZJ,non_handheld,desk_gripped_micro_move,recording,0.174804,-2.319248,9.532573,-0.025801,-0.054552,-0.014266
623801150.000,YZJ,non_handheld,desk_gripped_micro_move,recording,0.176796,-2.343440,9.530684,-0.031478,-0.069491,-0.012496
623801160.000,YZJ,non_handheld,desk_gripped_micro_move,recording,0.161211,-2.330483,9.541203,-0.038783,-0.093489,-0.012186
623801170.000,YZJ,non_handheld,desk_gripped_micro_move,recording,0.194533,-2.333763,9.527452,-0.044585,-0.113380,-0.013429
623801180.000,YZJ,non_handheld,desk_gripped_micro_move,recording,0.192687,-2.365130,9.504264,-0.048071,-0.129222,-0.015635
623801190.000,YZJ,non_handheld,desk_gripped_micro_move,recording,0.218680,-2.368409,9.532576,-0.047158,-0.130836,-0.016817
623801200.000,YZJ,non_handheld,desk_gripped_micro_move,recording,0.264220,-2.355483,9.546737,-0.044663,-0.123453,-0.017331
623801210.000,YZJ,non_handheld,desk_gripped_micro_move,recording,0.240484,-2.393504,9.518587,-0.045012,-0.117366,-0.019578
623801220.000,YZJ,non_handheld,desk_gripped_micro_move,recording,0.273093,-2.360823,9.523809,-0.045140,-0.108964,-0.021436
623801230.000,YZJ,non_handheld,desk_gripped_micro_move,recording,0.302297,-2.389853,9.553476,-0.040271,-0.085968,-0.022479
623801240.000,YZJ,non_handheld,desk_gripped_micro_move,recording,0.314462,-2.355327,9.523823,-0.029624,-0.076935,-0.025765
623801250.000,YZJ,non_handheld,desk_gripped_micro_move,recording,0.336853,-2.334526,9.519254,-0.022459,-0.085739,-0.029584
623801260.000,YZJ,non_handheld,desk_gripped_micro_move,recording,0.298552,-2.337405,9.494272,-0.018508,-0.121195,-0.032580
623801270.000,YZJ,non_handheld,desk_gripped_micro_move,recording,0.267145,-2.337452,9.517584,-0.019149,-0.158829,-0.034502
623801280.000,YZJ,non_handheld,desk_gripped_micro_move,recording,0.256980,-2.386630,9.490685,-0.021760,-0.211402,-0.030907
623801290.000,YZJ,non_handheld,desk_gripped_micro_move,recording,0.295252,-2.413924,9.515709,-0.028873,-0.254042,-0.025860
623801300.000,YZJ,non_handheld,desk_gripped_micro_move,recording,0.308659,-2.434844,9.490131,-0.038160,-0.280122,-0.023465
623801310.000,YZJ,non_handheld,desk_gripped_micro_move,recording,0.440364,-2.346824,9.549037,-0.043182,-0.308304,-0.031604
623801320.000,YZJ,non_handheld,desk_gripped_micro_move,recording,0.622828,-2.394855,9.520636,-0.049832,-0.356806,-0.050421
623801330.000,YZJ,non_handheld,desk_gripped_micro_move,recording,0.453920,-2.462476,9.485309,-0.059120,-0.416300,-0.052693
623801340.000,YZJ,non_handheld,desk_gripped_micro_move,recording,0.551751,-2.357943,9.493232,-0.066370,-0.463881,-0.059436
623801350.000,YZJ,non_handheld,desk_gripped_micro_move,recording,0.601278,-2.388764,9.488775,-0.062036,-0.486755,-0.074203
623801360.000,YZJ,non_handheld,desk_gripped_micro_move,recording,0.668190,-2.414095,9.540972,-0.050888,-0.472926,-0.092421
623801370.000,YZJ,non_handheld,desk_gripped_micro_move,recording,0.695350,-2.326420,9.566648,-0.040604,-0.426703,-0.100836
623801380.000,YZJ,non_handheld,desk_gripped_micro_move,recording,0.426595,-2.431223,9.518070,-0.030557,-0.408926,-0.077121
623801390.000,YZJ,non_handheld,desk_gripped_micro_move,recording,0.595630,-2.552653,9.498255,-0.022925,-0.377347,-0.059321
623801400.000,YZJ,non_handheld,desk_gripped_micro_move,recording,0.700501,-2.428849,9.524742,-0.016719,-0.368643,-0.048635
623801410.000,YZJ,non_handheld,desk_gripped_micro_move,recording,0.785044,-2.428315,9.474154,-0.017691,-0.368371,-0.040389
623801420.000,YZJ,non_handheld,desk_gripped_micro_move,recording,0.824879,-2.430228,9.488772,-0.017833,-0.381535,-0.030632
623801430.000,YZJ,non_handheld,desk_gripped_micro_move,recording,0.972214,-2.390230,9.489880,-0.020802,-0.390342,-0.031105
623801440.000,YZJ,non_handheld,desk_gripped_micro_move,recording,1.120905,-2.432669,9.486292,-0.018805,-0.401081,-0.041049
623801450.000,YZJ,non_handheld,desk_gripped_micro_move,recording,1.067086,-2.513520,9.433301,-0.019236,-0.400112,-0.040403
623801460.000,YZJ,non_handheld,desk_gripped_micro_move,recording,0.987469,-2.519014,9.466277,-0.017609,-0.389887,-0.033198
623801470.000,YZJ,non_handheld,desk_gripped_micro_move,recording,1.074276,-2.467616,9.460644,-0.012820,-0.357077,-0.033839
623801480.000,YZJ,non_handheld,desk_gripped_micro_move,recording,1.176842,-2.457030,9.479276,-0.009209,-0.318958,-0.035600
623801490.000,YZJ,non_handheld,desk_gripped_micro_move,recording,1.073474,-2.547240,9.406377,-0.016150,-0.297509,-0.033167
623801500.000,YZJ,non_handheld,desk_gripped_micro_move,recording,1.303989,-2.468152,9.428573,-0.029761,-0.265520,-0.044661
623801510.000,YZJ,non_handheld,desk_gripped_micro_move,recording,1.314051,-2.453263,9.433008,-0.037674,-0.240953,-0.052404
623801520.000,YZJ,non_handheld,desk_gripped_micro_move,recording,1.369046,-2.461147,9.437864,-0.040833,-0.245517,-0.070387
623801530.000,YZJ,non_handheld,desk_gripped_micro_move,recording,1.435863,-2.386905,9.449622,-0.042514,-0.275917,-0.094108
623801540.000,YZJ,non_handheld,desk_gripped_micro_move,recording,1.451861,-2.358927,9.443845,-0.048600,-0.313992,-0.124714
623801550.000,YZJ,non_handheld,desk_gripped_micro_move,recording,1.286414,-2.426773,9.439968,-0.053609,-0.393782,-0.140492
623801560.000,YZJ,non_handheld,desk_gripped_micro_move,recording,1.703419,-2.465230,9.398822,-0.068772,-0.492410,-0.183093
623801570.000,YZJ,non_handheld,desk_gripped_micro_move,recording,1.428591,-2.350703,9.551015,-0.072628,-0.577862,-0.200688
623801580.000,YZJ,non_handheld,desk_gripped_micro_move,recording,1.244888,-2.449199,9.432642,-0.082772,-0.639483,-0.191412
623801590.000,YZJ,non_handheld,desk_gripped_micro_move,recording,1.553927,-2.699775,9.335099,-0.104137,-0.635305,-0.199004
623801600.000,YZJ,non_handheld,desk_gripped_micro_move,recording,1.542430,-2.575000,9.364427,-0.114708,-0.597637,-0.192060
623801610.000,YZJ,non_handheld,desk_gripped_micro_move,recording,1.597587,-2.524591,9.371399,-0.117673,-0.530238,-0.177496
623801620.000,YZJ,non_handheld,desk_gripped_micro_move,recording,1.508157,-2.709954,9.247064,-0.134625,0.017996,-0.131788
623801630.000,YZJ,non_handheld,desk_gripped_micro_move,recording,1.207231,-2.543039,9.122609,-0.027824,0.031139,-0.033500
623801640.000,YZJ,non_handheld,desk_gripped_micro_move,recording,1.195404,-2.295422,9.595992,0.007463,-0.000034,-0.012538
623801650.000,YZJ,non_handheld,desk_gripped_micro_move,recording,1.779796,-2.479771,9.535974,0.005605,-0.014771,-0.030952
623801660.000,YZJ,non_handheld,desk_gripped_micro_move,recording,1.692235,-2.462347,9.173819,0.005893,-0.003958,-0.030395
623801670.000,YZJ,non_handheld,desk_gripped_micro_move,recording,1.449242,-2.343212,9.471555,0.025214,-0.013305,-0.010710
623801680.000,YZJ,non_handheld,desk_gripped_micro_move,recording,1.695978,-2.486816,9.387142,0.032558,-0.015038,-0.015678
623801690.000,YZJ,non_handheld,desk_gripped_micro_move,recording,1.753222,-2.514695,9.315932,0.029729,-0.029005,-0.030988
623801700.000,YZJ,non_handheld,desk_gripped_micro_move,recording,1.697652,-2.588358,9.573570,0.033676,-0.107884,-0.043907
623801710.000,YZJ,non_handheld,desk_gripped_micro_move,recording,1.505743,-2.410303,9.634153,0.032941,-0.203894,-0.044078
623801720.000,YZJ,non_handheld,desk_gripped_micro_move,recording,1.570261,-2.662332,9.534304,0.020278,-0.277255,-0.051750
623801730.000,YZJ,non_handheld,desk_gripped_micro_move,recording,1.775925,-2.541106,9.478046,0.000172,-0.316813,-0.074604
623801740.000,YZJ,non_handheld,desk_gripped_micro_move,recording,1.861156,-2.652655,9.357425,-0.019920,-0.334801,-0.093741
623801750.000,YZJ,non_handheld,desk_gripped_micro_move,recording,1.711461,-2.386700,9.377214,-0.036630,-0.323146,-0.097622
623801760.000,YZJ,non_handheld,desk_gripped_micro_move,recording,1.751480,-2.482739,9.252372,-0.055534,-0.285152,-0.099043
623801770.000,YZJ,non_handheld,desk_gripped_micro_move,recording,2.040319,-2.529521,9.258466,-0.071190,-0.267681,-0.122112
623801780.000,YZJ,non_handheld,desk_gripped_micro_move,recording,2.019072,-2.499401,9.351050,-0.081399,-0.280131,-0.134360
623801790.000,YZJ,non_handheld,desk_gripped_micro_move,recording,1.884043,-2.498816,9.417958,-0.085359,-0.316823,-0.132980
623801800.000,YZJ,non_handheld,desk_gripped_micro_move,recording,1.786233,-2.566343,9.491172,-0.079231,-0.391540,-0.123004
623801810.000,YZJ,non_handheld,desk_gripped_micro_move,recording,1.874415,-2.487302,9.541640,-0.067023,-0.484320,-0.118533
623801820.000,YZJ,non_handheld,desk_gripped_micro_move,recording,2.073151,-2.478975,9.420283,-0.058015,-0.551096,-0.121224
623801830.000,YZJ,non_handheld,desk_gripped_micro_move,recording,1.953249,-2.488727,9.341618,-0.053456,-0.582817,-0.115791
623801840.000,YZJ,non_handheld,desk_gripped_micro_move,recording,2.268367,-2.535431,9.245086,-0.050063,-0.594726,-0.125444
623801850.000,YZJ,non_handheld,desk_gripped_micro_move,recording,1.881580,-2.350304,9.355080,-0.032891,-0.585500,-0.111030
623801860.000,YZJ,non_handheld,desk_gripped_micro_move,recording,1.855119,-2.383102,9.310611,-0.015522,-0.580543,-0.081607
623801870.000,YZJ,non_handheld,desk_gripped_micro_move,recording,1.982138,-2.452413,9.216215,-0.005199,-0.566879,-0.066272
623801880.000,YZJ,non_handheld,desk_gripped_micro_move,recording,2.308708,-2.440877,9.179144,0.002214,-0.550984,-0.065792
623801890.000,YZJ,non_handheld,desk_gripped_micro_move,recording,2.388984,-2.514459,9.157350,0.010756,-0.533028,-0.061624
623801900.000,YZJ,non_handheld,desk_gripped_micro_move,recording,2.470866,-2.597444,9.103157,0.011617,-0.511592,-0.055784
623801910.000,YZJ,non_handheld,desk_gripped_micro_move,recording,2.483422,-2.557940,9.153803,0.010988,-0.513758,-0.050868
623801920.000,YZJ,non_handheld,desk_gripped_micro_move,recording,2.534237,-2.517663,9.251349,0.013145,-0.541991,-0.049257
623801930.000,YZJ,non_handheld,desk_gripped_micro_move,recording,2.587793,-2.481081,9.300464,0.021869,-0.592593,-0.049522
623801940.000,YZJ,non_handheld,desk_gripped_micro_move,recording,2.591401,-2.426171,9.279676,0.033985,-0.646287,-0.047829
623801950.000,YZJ,non_handheld,desk_gripped_micro_move,recording,2.694500,-2.453138,9.141310,0.036629,-0.656579,-0.056329
623801960.000,YZJ,non_handheld,desk_gripped_micro_move,recording,2.874475,-2.569033,8.948480,0.026033,-0.616554,-0.074242
623801970.000,YZJ,non_handheld,desk_gripped_micro_move,recording,2.911500,-2.549240,8.904479,0.014660,-0.559811,-0.083540
623801980.000,YZJ,non_handheld,desk_gripped_micro_move,recording,2.842289,-2.504528,8.887785,0.005456,-0.492914,-0.078503
623801990.000,YZJ,non_handheld,desk_gripped_micro_move,recording,2.894297,-2.518929,8.884075,-0.004289,-0.429263,-0.072492
623802000.000,YZJ,non_handheld,desk_gripped_micro_move,recording,2.948181,-2.460097,8.969475,-0.004724,-0.396492,-0.073001
623802010.000,YZJ,non_handheld,desk_gripped_micro_move,recording,2.990824,-2.450769,9.094454,0.009450,-0.407646,-0.074204
623802020.000,YZJ,non_handheld,desk_gripped_micro_move,recording,3.041798,-2.422710,9.054347,0.027300,-0.427657,-0.073359
623802030.000,YZJ,non_handheld,desk_gripped_micro_move,recording,3.192919,-2.426481,8.996665,0.043534,-0.440165,-0.086948
623802040.000,YZJ,non_handheld,desk_gripped_micro_move,recording,3.327167,-2.350499,8.921527,0.058123,-0.436954,-0.109966
623802050.000,YZJ,non_handheld,desk_gripped_micro_move,recording,3.352034,-2.324839,8.878204,0.074425,-0.414147,-0.133942
623802060.000,YZJ,non_handheld,desk_gripped_micro_move,recording,3.299467,-2.383393,8.836861,0.091475,-0.374415,-0.152901
623802070.000,YZJ,non_handheld,desk_gripped_micro_move,recording,3.382584,-2.431319,8.762888,0.098423,-0.326536,-0.182446
623802080.000,YZJ,non_handheld,desk_gripped_micro_move,recording,3.475962,-2.513567,8.784393,0.091314,-0.295885,-0.220125
623802090.000,YZJ,non_handheld,desk_gripped_micro_move,recording,3.537961,-2.553525,8.848841,0.075907,-0.291845,-0.253262
623802100.000,YZJ,non_handheld,desk_gripped_micro_move,recording,3.252453,-2.458862,9.061736,0.058661,-0.321318,-0.257729
623802110.000,YZJ,non_handheld,desk_gripped_micro_move,recording,2.737454,-2.505587,9.337298,0.056889,-0.395603,-0.210146
623802120.000,YZJ,non_handheld,desk_gripped_micro_move,recording,3.110049,-2.386963,9.239250,0.045813,-0.475295,-0.187602
623802130.000,YZJ,non_handheld,desk_gripped_micro_move,recording,3.282786,-2.463036,9.119755,0.029681,-0.540428,-0.187728
623802140.000,YZJ,non_handheld,desk_gripped_micro_move,recording,3.515280,-2.419236,9.048973,0.015282,-0.598577,-0.192256
623802150.000,YZJ,non_handheld,desk_gripped_micro_move,recording,3.579951,-2.366547,8.952468,0.004691,-0.643292,-0.197413
623802160.000,YZJ,non_handheld,desk_gripped_micro_move,recording,3.656164,-2.303573,8.873851,0.001203,-0.662420,-0.202665
623802170.000,YZJ,non_handheld,desk_gripped_micro_move,recording,3.686782,-2.271346,8.812809,0.003873,-0.650398,-0.204952
623802180.000,YZJ,non_handheld,desk_gripped_micro_move,recording,3.746240,-2.242217,8.666573,0.007021,-0.607320,-0.204324
623802190.000,YZJ,non_handheld,desk_gripped_micro_move,recording,3.855953,-2.252642,8.598445,0.011678,-0.556116,-0.196834
623802200.000,YZJ,non_handheld,desk_gripped_micro_move,recording,3.889809,-2.321082,8.556479,0.017713,-0.506723,-0.186494
623802210.000,YZJ,non_handheld,desk_gripped_micro_move,recording,3.935919,-2.357540,8.567265,0.019123,-0.449747,-0.175315
623802220.000,YZJ,non_handheld,desk_gripped_micro_move,recording,3.937941,-2.303506,8.578316,0.028694,-0.407418,-0.166265
623802230.000,YZJ,non_handheld,desk_gripped_micro_move,recording,3.992899,-2.202517,8.643163,0.045078,-0.394863,-0.161648
623802240.000,YZJ,non_handheld,desk_gripped_micro_move,recording,4.097343,-2.139516,8.724619,0.069659,-0.414125,-0.171559
623802250.000,YZJ,non_handheld,desk_gripped_micro_move,recording,4.170706,-2.101289,8.729801,0.098756,-0.449025,-0.190828
623802260.000,YZJ,non_handheld,desk_gripped_micro_move,recording,4.235945,-2.064785,8.707856,0.124477,-0.479633,-0.216992
623802270.000,YZJ,non_handheld,desk_gripped_micro_move,recording,4.406637,-1.975558,8.620385,0.146945,-0.497289,-0.256182
623802280.000,YZJ,non_handheld,desk_gripped_micro_move,recording,4.500382,-2.003932,8.470701,0.160604,-0.502962,-0.303706
623802290.000,YZJ,non_handheld,desk_gripped_micro_move,recording,4.523085,-1.951055,8.492299,0.175257,-0.481100,-0.347182
623802300.000,YZJ,non_handheld,desk_gripped_micro_move,recording,4.008683,-2.023633,8.668975,0.199344,-0.449082,-0.347596
623802310.000,YZJ,non_handheld,desk_gripped_micro_move,recording,4.119953,-2.077642,8.489461,0.207703,-0.391963,-0.334622
623802320.000,YZJ,non_handheld,desk_gripped_micro_move,recording,3.777256,-2.131869,8.648181,0.219097,-0.332870,-0.289940
623802330.000,YZJ,non_handheld,desk_gripped_micro_move,recording,4.195711,-2.127723,8.586218,0.218513,-0.296732,-0.270560
623802340.000,YZJ,non_handheld,desk_gripped_micro_move,recording,4.299862,-2.141010,8.502732,0.207830,-0.287023,-0.256972
623802350.000,YZJ,non_handheld,desk_gripped_micro_move,recording,4.237144,-2.054919,8.708510,0.204670,-0.304442,-0.243871
623802360.000,YZJ,non_handheld,desk_gripped_micro_move,recording,4.737568,-2.152882,8.497867,0.187168,-0.339211,-0.253896
623802370.000,YZJ,non_handheld,desk_gripped_micro_move,recording,4.653146,-1.994267,8.582630,0.175634,-0.388710,-0.265127
623802380.000,YZJ,non_handheld,desk_gripped_micro_move,recording,4.651261,-1.992822,8.524362,0.165507,-0.421154,-0.275566
623802390.000,YZJ,non_handheld,desk_gripped_micro_move,recording,4.830419,-1.835512,8.453620,0.159199,-0.450771,-0.294827
623802400.000,YZJ,non_handheld,desk_gripped_micro_move,recording,4.748101,-1.851996,8.433996,0.154806,-0.465821,-0.316868
623802410.000,YZJ,non_handheld,desk_gripped_micro_move,recording,4.707040,-1.911192,8.484738,0.162632,-0.488348,-0.327636
623802420.000,YZJ,non_handheld,desk_gripped_micro_move,recording,4.665775,-1.860209,8.496997,0.174936,-0.506973,-0.322107
623802430.000,YZJ,non_handheld,desk_gripped_micro_move,recording,4.654548,-1.830953,8.444956,0.182822,-0.503976,-0.307123
623802440.000,YZJ,non_handheld,desk_gripped_micro_move,recording,4.730202,-1.797170,8.367904,0.186669,-0.489031,-0.286572
623802450.000,YZJ,non_handheld,desk_gripped_micro_move,recording,4.770991,-1.765107,8.356939,0.196490,-0.474544,-0.256486
623802460.000,YZJ,non_handheld,desk_gripped_micro_move,recording,4.770075,-1.599151,8.362854,0.206378,-0.452091,-0.227324
623802470.000,YZJ,non_handheld,desk_gripped_micro_move,recording,5.120207,-1.557731,8.264364,0.208267,-0.442652,-0.234826
623802480.000,YZJ,non_handheld,desk_gripped_micro_move,recording,5.602961,-1.712949,8.001416,0.195422,-0.457296,-0.262865
623802490.000,YZJ,non_handheld,desk_gripped_micro_move,recording,5.495088,-1.438520,8.121900,0.193684,-0.485379,-0.291996
623802500.000,YZJ,non_handheld,desk_gripped_micro_move,recording,4.850734,-1.366353,8.281533,0.205403,-0.437606,-0.292244
623802510.000,YZJ,non_handheld,desk_gripped_micro_move,recording,4.993091,-1.618643,8.120337,0.208105,-0.366504,-0.291347
623802520.000,YZJ,non_handheld,desk_gripped_micro_move,recording,5.078823,-1.610178,8.082839,0.200561,-0.300789,-0.291749
623802530.000,YZJ,non_handheld,desk_gripped_micro_move,recording,5.219830,-1.444932,8.154333,0.199823,-0.264860,-0.286384
623802540.000,YZJ,non_handheld,desk_gripped_micro_move,recording,5.241653,-1.421963,8.179671,0.198230,-0.251329,-0.285006
623802550.000,YZJ,non_handheld,desk_gripped_micro_move,recording,5.113438,-1.474438,8.270853,0.200322,-0.257350,-0.273808
623802560.000,YZJ,non_handheld,desk_gripped_micro_move,recording,5.109091,-1.495989,8.287167,0.204117,-0.273890,-0.248721
623802570.000,YZJ,non_handheld,desk_gripped_micro_move,recording,5.277512,-1.300539,8.221599,0.197800,-0.279607,-0.234998
623802580.000,YZJ,non_handheld,desk_gripped_micro_move,recording,5.478150,-1.429305,8.084211,0.176717,-0.277148,-0.234919
623802590.000,YZJ,non_handheld,desk_gripped_micro_move,recording,5.428522,-1.400750,8.118801,0.157602,-0.280316,-0.229876
623802600.000,YZJ,non_handheld,desk_gripped_micro_move,recording,5.425289,-1.269980,8.136196,0.141385,-0.284332,-0.224023
623802610.000,YZJ,non_handheld,desk_gripped_micro_move,recording,5.406296,-1.202019,8.121253,0.125493,-0.286828,-0.224953
623802620.000,YZJ,non_handheld,desk_gripped_micro_move,recording,5.443086,-1.149538,8.164319,0.119128,-0.297759,-0.228678
623802630.000,YZJ,non_handheld,desk_gripped_micro_move,recording,5.450064,-1.150721,8.164032,0.119002,-0.313094,-0.228375
623802640.000,YZJ,non_handheld,desk_gripped_micro_move,recording,5.425251,-1.163156,8.111734,0.118136,-0.313014,-0.223034
623802650.000,YZJ,non_handheld,desk_gripped_micro_move,recording,5.494841,-1.070459,8.062688,0.116639,-0.310536,-0.226419
623802660.000,YZJ,non_handheld,desk_gripped_micro_move,recording,5.611626,-1.081286,8.052813,0.124463,-0.319335,-0.231187
623802670.000,YZJ,non_handheld,desk_gripped_micro_move,recording,5.644726,-1.133471,7.943138,0.122917,-0.311391,-0.234161
623802680.000,YZJ,non_handheld,desk_gripped_micro_move,recording,5.761240,-1.237084,7.820247,0.110719,-0.289243,-0.232709
623802690.000,YZJ,non_handheld,desk_gripped_micro_move,recording,5.654222,-1.158206,7.925429,0.108194,-0.271954,-0.215913
623802700.000,YZJ,non_handheld,desk_gripped_micro_move,recording,5.617473,-1.126509,7.947281,0.112498,-0.249156,-0.197094
623802710.000,YZJ,non_handheld,desk_gripped_micro_move,recording,5.661773,-1.034398,7.869621,0.113939,-0.216488,-0.188493
623802720.000,YZJ,non_handheld,desk_gripped_micro_move,recording,5.695742,-0.923856,7.850025,0.115121,-0.182328,-0.185182
623802730.000,YZJ,non_handheld,desk_gripped_micro_move,recording,5.731942,-0.865791,7.818669,0.120641,-0.142743,-0.191174
623802740.000,YZJ,non_handheld,desk_gripped_micro_move,recording,5.751235,-0.849733,7.817360,0.130500,-0.094965,-0.200878
623802750.000,YZJ,non_handheld,desk_gripped_micro_move,recording,5.780070,-0.828067,7.776832,0.136163,-0.047392,-0.209502
623802760.000,YZJ,non_handheld,desk_gripped_micro_move,recording,5.833806,-0.816192,7.775090,0.140323,-0.010223,-0.216668
623802770.000,YZJ,non_handheld,desk_gripped_micro_move,recording,5.775665,-0.819847,7.785792,0.142577,0.030754,-0.207428
623802780.000,YZJ,non_handheld,desk_gripped_micro_move,recording,5.677509,-0.795731,7.898312,0.142475,0.065321,-0.192027
623802790.000,YZJ,non_handheld,desk_gripped_micro_move,recording,5.811067,-0.753885,7.924628,0.141740,0.060636,-0.189514
623802800.000,YZJ,non_handheld,desk_gripped_micro_move,recording,5.678738,-0.747893,8.070807,0.144950,0.029864,-0.186698
623802810.000,YZJ,non_handheld,desk_gripped_micro_move,recording,5.745016,-0.755684,8.118375,0.148175,-0.027949,-0.199106
623802820.000,YZJ,non_handheld,desk_gripped_micro_move,recording,5.628198,-0.762243,8.187696,0.151521,-0.092228,-0.210888
623802830.000,YZJ,non_handheld,desk_gripped_micro_move,recording,5.753703,-0.654880,8.122727,0.151401,-0.155763,-0.230945
623802840.000,YZJ,non_handheld,desk_gripped_micro_move,recording,5.712370,-0.706804,8.064741,0.153277,-0.204144,-0.247337
623802850.000,YZJ,non_handheld,desk_gripped_micro_move,recording,5.759465,-0.681034,8.031048,0.157365,-0.236274,-0.259629
623802860.000,YZJ,non_handheld,desk_gripped_micro_move,recording,5.707949,-0.648470,7.972471,0.159097,-0.237673,-0.267398
623802870.000,YZJ,non_handheld,desk_gripped_micro_move,recording,5.668475,-0.632846,7.979263,0.164375,-0.231150,-0.258997
623802880.000,YZJ,non_handheld,desk_gripped_micro_move,recording,5.737278,-0.686283,7.933866,0.165434,-0.227286,-0.246108
623802890.000,YZJ,non_handheld,desk_gripped_micro_move,recording,5.981104,-0.740280,7.810700,0.150883,-0.236940,-0.236335
623802900.000,YZJ,non_handheld,desk_gripped_micro_move,recording,6.000766,-0.646694,7.926714,0.151203,-0.285224,-0.228466
623802910.000,YZJ,non_handheld,desk_gripped_micro_move,recording,5.781187,-0.650429,7.898817,0.143904,-0.281321,-0.220245
623802920.000,YZJ,non_handheld,desk_gripped_micro_move,recording,5.920454,-0.805320,7.756508,0.127202,-0.256151,-0.198965
623802930.000,YZJ,non_handheld,desk_gripped_micro_move,recording,5.972639,-0.701568,7.747437,0.110325,-0.236704,-0.183277
623802940.000,YZJ,non_handheld,desk_gripped_micro_move,recording,6.001450,-0.540826,7.774402,0.103007,-0.239482,-0.183530
623802950.000,YZJ,non_handheld,desk_gripped_micro_move,recording,6.025989,-0.441576,7.787638,0.099615,-0.247531,-0.191427
623802960.000,YZJ,non_handheld,desk_gripped_micro_move,recording,6.016302,-0.425935,7.744515,0.094061,-0.240988,-0.193733
623802970.000,YZJ,non_handheld,desk_gripped_micro_move,recording,5.988677,-0.418565,7.717845,0.087738,-0.222320,-0.189379
623802980.000,YZJ,non_handheld,desk_gripped_micro_move,recording,6.029455,-0.384048,7.708463,0.080383,-0.201328,-0.178801
623802990.000,YZJ,non_handheld,desk_gripped_micro_move,recording,6.064687,-0.378198,7.669771,0.071329,-0.169214,-0.160195
623803000.000,YZJ,non_handheld,desk_gripped_micro_move,recording,6.073892,-0.374013,7.644432,0.059018,-0.137312,-0.140825
623803010.000,YZJ,non_handheld,desk_gripped_micro_move,recording,6.079874,-0.333223,7.665173,0.052583,-0.115236,-0.126832
623803020.000,YZJ,non_handheld,desk_gripped_micro_move,recording,6.096911,-0.265829,7.666360,0.046559,-0.090299,-0.110753
623803030.000,YZJ,non_handheld,desk_gripped_micro_move,recording,6.114323,-0.267965,7.685979,0.042744,-0.073006,-0.094498
623803040.000,YZJ,non_handheld,desk_gripped_micro_move,recording,6.108252,-0.279271,7.689656,0.045551,-0.069157,-0.079179
623803050.000,YZJ,non_handheld,desk_gripped_micro_move,recording,6.104289,-0.257628,7.691635,0.050482,-0.068071,-0.071450
623803060.000,YZJ,non_handheld,desk_gripped_micro_move,recording,6.120652,-0.219385,7.627369,0.051722,-0.040471,-0.066149
623803070.000,YZJ,non_handheld,desk_gripped_micro_move,recording,6.128246,-0.221550,7.601524,0.049938,-0.004913,-0.059451
623803080.000,YZJ,non_handheld,desk_gripped_micro_move,recording,6.113806,-0.245064,7.605455,0.048567,0.027096,-0.051971
623803090.000,YZJ,non_handheld,desk_gripped_micro_move,recording,6.104903,-0.230658,7.661989,0.051617,0.039840,-0.046472
623803100.000,YZJ,non_handheld,desk_gripped_micro_move,recording,6.117501,-0.289311,7.741075,0.056742,0.031807,-0.043171
623803110.000,YZJ,non_handheld,desk_gripped_micro_move,recording,6.113807,-0.314158,7.756193,0.056485,0.015245,-0.039752
623803120.000,YZJ,non_handheld,desk_gripped_micro_move,recording,6.107806,-0.320425,7.767300,0.051498,-0.007917,-0.037617
623803130.000,YZJ,non_handheld,desk_gripped_micro_move,recording,6.100698,-0.291051,7.797743,0.050091,-0.044582,-0.042421
623803140.000,YZJ,non_handheld,desk_gripped_micro_move,recording,6.095696,-0.256026,7.809920,0.052300,-0.081513,-0.053750
623803150.000,YZJ,non_handheld,desk_gripped_micro_move,recording,6.102100,-0.272171,7.741560,0.053323,-0.101464,-0.073373
623803160.000,YZJ,non_handheld,desk_gripped_micro_move,recording,6.105500,-0.284693,7.722265,0.059261,-0.115334,-0.095056
623803170.000,YZJ,non_handheld,desk_gripped_micro_move,recording,6.106704,-0.235428,7.708321,0.072341,-0.127954,-0.117594
623803180.000,YZJ,non_handheld,desk_gripped_micro_move,recording,6.123463,-0.231416,7.677136,0.088108,-0.129081,-0.139522
623803190.000,YZJ,non_handheld,desk_gripped_micro_move,recording,6.132707,-0.216872,7.637884,0.101690,-0.123209,-0.159973
623803200.000,YZJ,non_handheld,desk_gripped_micro_move,recording,6.138489,-0.160395,7.619167,0.119076,-0.109109,-0.177086
623803210.000,YZJ,non_handheld,desk_gripped_micro_move,recording,6.167395,-0.110759,7.549947,0.138783,-0.071764,-0.196295
623803220.000,YZJ,non_handheld,desk_gripped_micro_move,recording,6.149269,-0.043632,7.504872,0.162776,-0.020264,-0.220394
623803230.000,YZJ,non_handheld,desk_gripped_micro_move,recording,6.166428,-0.057978,7.523061,0.192003,0.031692,-0.242863
623803240.000,YZJ,non_handheld,desk_gripped_micro_move,recording,6.140794,0.010737,7.529052,0.230993,0.080986,-0.265054
623803250.000,YZJ,non_handheld,desk_gripped_micro_move,recording,6.064633,0.082576,7.586221,0.273981,0.122307,-0.293292
623803260.000,YZJ,non_handheld,desk_gripped_micro_move,recording,6.062837,0.159734,7.728724,0.319391,0.147185,-0.336837
623803270.000,YZJ,non_handheld,desk_gripped_micro_move,recording,6.422814,0.125913,7.508491,0.079634,0.762005,-0.200826
623803280.000,YZJ,non_handheld,desk_gripped_micro_move,recording,6.537721,-0.215113,7.112716,0.068942,0.657385,-0.183424
623803290.000,YZJ,non_handheld,desk_gripped_micro_move,recording,7.106024,-0.337076,9.616462,0.185962,0.307153,-0.287327
623803300.000,YZJ,non_handheld,desk_gripped_micro_move,recording,6.401862,0.113290,8.535326,0.180777,-0.005704,-0.348427
623803310.000,YZJ,non_handheld,desk_gripped_micro_move,recording,5.346404,0.197145,7.668909,0.084464,-0.237383,-0.273206
623803320.000,YZJ,non_handheld,desk_gripped_micro_move,recording,5.655469,0.180554,7.812541,0.002922,-0.405025,-0.190328
623803330.000,YZJ,non_handheld,desk_gripped_micro_move,recording,5.919627,0.130031,7.660058,-0.053900,-0.504237,-0.148107
623803340.000,YZJ,non_handheld,desk_gripped_micro_move,recording,5.917940,0.222497,7.469775,-0.098019,-0.525881,-0.110586
623803350.000,YZJ,non_handheld,desk_gripped_micro_move,recording,5.889942,0.345101,7.437574,-0.123421,-0.491292,-0.066228
623803360.000,YZJ,non_handheld,desk_gripped_micro_move,recording,6.116969,0.255246,7.370642,-0.123341,-0.394757,-0.037162
623803370.000,YZJ,non_handheld,desk_gripped_micro_move,recording,6.132963,0.159352,7.378971,-0.102241,-0.269696,-0.019549
623803380.000,YZJ,non_handheld,desk_gripped_micro_move,recording,6.104478,0.173337,7.351279,-0.069163,-0.130286,-0.003822
623803390.000,YZJ,non_handheld,desk_gripped_micro_move,recording,6.241888,0.215935,7.379650,-0.034994,0.023395,0.006730
623803400.000,YZJ,non_handheld,desk_gripped_micro_move,recording,6.244094,0.207669,7.407050,-0.003650,0.145623,0.021607
623803410.000,YZJ,non_handheld,desk_gripped_micro_move,recording,6.107753,0.242668,7.432697,0.011901,0.226149,0.045718
623803420.000,YZJ,non_handheld,desk_gripped_micro_move,recording,6.115113,0.228731,7.558582,0.022949,0.255635,0.070498
623803430.000,YZJ,non_handheld,desk_gripped_micro_move,recording,6.203318,0.164234,7.730788,0.030592,0.233106,0.077493
623803440.000,YZJ,non_handheld,desk_gripped_micro_move,recording,6.126408,0.170732,7.903996,0.038140,0.171332,0.083851
623803450.000,YZJ,non_handheld,desk_gripped_micro_move,recording,6.067462,0.167389,7.874337,0.035263,0.093769,0.088591
623803460.000,YZJ,non_handheld,desk_gripped_micro_move,recording,6.170061,0.123896,7.738061,0.016629,0.031407,0.081603
623803470.000,YZJ,non_handheld,desk_gripped_micro_move,recording,6.271200,0.104220,7.632058,-0.013728,-0.010569,0.062426
623803480.000,YZJ,non_handheld,desk_gripped_micro_move,recording,6.274626,0.065647,7.627316,-0.043130,-0.049291,0.035480
623803490.000,YZJ,non_handheld,desk_gripped_micro_move,recording,6.251276,0.069337,7.676103,-0.058307,-0.078699,0.012079
623803500.000,YZJ,non_handheld,desk_gripped_micro_move,recording,6.200122,0.093837,7.706677,-0.064969,-0.102104,-0.001592
623803510.000,YZJ,non_handheld,desk_gripped_micro_move,recording,6.202826,0.095274,7.689389,-0.066378,-0.111274,-0.006489
623803520.000,YZJ,non_handheld,desk_gripped_micro_move,recording,6.157272,0.156677,7.597029,-0.069001,-0.103299,-0.001473
623803530.000,YZJ,non_handheld,desk_gripped_micro_move,recording,6.087277,0.178708,7.484306,-0.079877,-0.076571,0.016545
623803540.000,YZJ,non_handheld,desk_gripped_micro_move,recording,6.089564,0.182690,7.472376,-0.090661,-0.042392,0.037558
623803550.000,YZJ,non_handheld,desk_gripped_micro_move,recording,6.073541,0.161620,7.565062,-0.091804,-0.014824,0.059130
623803560.000,YZJ,non_handheld,desk_gripped_micro_move,recording,6.089688,0.133260,7.631891,-0.083712,0.000103,0.076638
623803570.000,YZJ,non_handheld,desk_gripped_micro_move,recording,6.121684,0.114987,7.677616,-0.069360,0.011719,0.090311
623803580.000,YZJ,non_handheld,desk_gripped_micro_move,recording,6.131295,0.084376,7.753979,-0.047009,0.019218,0.100649
623803590.000,YZJ,non_handheld,desk_gripped_micro_move,recording,6.152979,0.048138,7.766410,-0.020001,0.039106,0.108405
623803600.000,YZJ,non_handheld,desk_gripped_micro_move,recording,6.408108,-0.112293,8.282791,0.071210,0.019485,0.076500
623803610.000,YZJ,non_handheld,desk_gripped_micro_move,recording,5.940899,0.109697,7.131727,0.055177,0.091054,0.081914
623803620.000,YZJ,non_handheld,desk_gripped_micro_move,recording,6.511439,-0.038132,7.672419,0.052454,0.114642,0.059769
623803630.000,YZJ,non_handheld,desk_gripped_micro_move,recording,6.288010,0.013554,7.323803,0.032550,0.142365,0.039804
623803640.000,YZJ,non_handheld,desk_gripped_micro_move,recording,6.260972,0.012397,7.704438,0.022602,0.132622,0.025141
623803650.000,YZJ,non_handheld,desk_gripped_micro_move,recording,6.121928,0.061319,7.784128,0.016751,0.089860,0.025265
623803660.000,YZJ,non_handheld,desk_gripped_micro_move,recording,6.104366,0.046262,7.839044,0.013739,0.029627,0.024251
623803670.000,YZJ,non_handheld,desk_gripped_micro_move,recording,6.166247,0.022855,7.809000,0.008397,-0.024796,0.017280
623803680.000,YZJ,non_handheld,desk_gripped_micro_move,recording,6.199760,0.015706,7.737733,-0.001362,-0.060629,0.005668
623803690.000,YZJ,non_handheld,desk_gripped_micro_move,recording,6.164225,0.032706,7.678480,-0.003966,-0.074809,-0.001471
623803700.000,YZJ,non_handheld,desk_gripped_micro_move,recording,6.183888,0.026661,7.592868,-0.009117,-0.054180,-0.007473
623803710.000,YZJ,non_handheld,desk_gripped_micro_move,recording,6.179116,0.027641,7.565655,-0.010215,-0.019301,-0.011780
623803720.000,YZJ,non_handheld,desk_gripped_micro_move,recording,6.138412,0.016802,7.565520,-0.010318,0.015057,-0.011342
623803730.000,YZJ,non_handheld,desk_gripped_micro_move,recording,6.074579,0.034959,7.658907,-0.004487,0.038766,-0.003579
623803740.000,YZJ,non_handheld,desk_gripped_micro_move,recording,6.069390,0.071600,7.729867,0.004134,0.045177,0.007900
623803750.000,YZJ,non_handheld,desk_gripped_micro_move,recording,6.097122,0.085511,7.759692,0.012854,0.033801,0.020726
623803760.000,YZJ,non_handheld,desk_gripped_micro_move,recording,6.151867,0.064535,7.740021,0.015547,0.014152,0.024406
623803770.000,YZJ,non_handheld,desk_gripped_micro_move,recording,6.168587,0.041196,7.692948,0.012371,-0.010282,0.020520
623803780.000,YZJ,non_handheld,desk_gripped_micro_move,recording,6.163642,0.031615,7.704623,0.007245,-0.031887,0.013256
623803790.000,YZJ,non_handheld,desk_gripped_micro_move,recording,6.183369,0.011152,7.692849,0.001267,-0.043060,0.004131
623803800.000,YZJ,non_handheld,desk_gripped_micro_move,recording,6.152862,-0.005549,7.683881,-0.003500,-0.045914,-0.001608
623803810.000,YZJ,non_handheld,desk_gripped_micro_move,recording,6.144929,0.038101,7.657027,-0.005797,-0.040228,-0.004932
623803820.000,YZJ,non_handheld,desk_gripped_micro_move,recording,6.171060,0.056024,7.607780,-0.008723,-0.029472,-0.008826
623803830.000,YZJ,non_handheld,desk_gripped_micro_move,recording,6.185441,0.056354,7.597822,-0.010386,-0.011966,-0.011323
623803840.000,YZJ,non_handheld,desk_gripped_micro_move,recording,6.142371,0.057870,7.651513,-0.007886,0.000624,-0.008724
623803850.000,YZJ,non_handheld,desk_gripped_micro_move,recording,6.142144,0.074042,7.667667,-0.003275,0.004208,-0.002098
623803860.000,YZJ,non_handheld,desk_gripped_micro_move,recording,6.173214,0.061551,7.635823,0.000228,0.003088,0.002250
623803870.000,YZJ,non_handheld,desk_gripped_micro_move,recording,6.185728,0.063807,7.642220,0.001117,0.007283,0.004736
623803880.000,YZJ,non_handheld,desk_gripped_micro_move,recording,6.104630,0.063827,7.693213,0.009037,0.010627,0.012526
623803890.000,YZJ,non_handheld,desk_gripped_micro_move,recording,6.148795,0.043803,7.663245,0.011074,0.016656,0.016111
623803900.000,YZJ,non_handheld,desk_gripped_micro_move,recording,6.200531,0.021260,7.618142,0.007896,0.027018,0.010883
623803910.000,YZJ,non_handheld,desk_gripped_micro_move,recording,6.166413,0.031152,7.605481,0.004460,0.042631,0.005873
623803920.000,YZJ,non_handheld,desk_gripped_micro_move,recording,6.167659,0.024672,7.596654,0.002670,0.069941,0.003321
623803930.000,YZJ,non_handheld,desk_gripped_micro_move,recording,6.099372,0.014888,7.624183,0.008110,0.100761,0.008552
623803940.000,YZJ,non_handheld,desk_gripped_micro_move,recording,6.059706,0.072597,7.654289,0.015900,0.125544,0.017348
623803950.000,YZJ,non_handheld,desk_gripped_micro_move,recording,6.104784,0.087395,7.659886,0.023047,0.148644,0.025892
623803960.000,YZJ,non_handheld,desk_gripped_micro_move,recording,6.167225,0.092095,7.640042,0.020490,0.162256,0.027045
623803970.000,YZJ,non_handheld,desk_gripped_micro_move,recording,6.130472,0.053377,7.697762,0.019549,0.158463,0.026008
623803980.000,YZJ,non_handheld,desk_gripped_micro_move,recording,6.062427,0.045633,7.829690,0.020131,0.132826,0.027230
623803990.000,YZJ,non_handheld,desk_gripped_micro_move,recording,6.073623,0.029643,7.854088,0.017135,0.091755,0.023431
623804000.000,YZJ,non_handheld,desk_gripped_micro_move,recording,6.133384,0.023880,7.810954,0.006360,0.050756,0.011375
623804010.000,YZJ,non_handheld,desk_gripped_micro_move,recording,6.123160,0.019453,7.817395,-0.000116,0.010701,-0.000459
623804020.000,YZJ,non_handheld,desk_gripped_micro_move,recording,6.028449,0.056642,7.838021,-0.001692,-0.022241,-0.000287
623804030.000,YZJ,non_handheld,desk_gripped_micro_move,recording,6.092866,0.008877,7.750047,-0.004568,-0.034954,-0.004255
623804040.000,YZJ,non_handheld,desk_gripped_micro_move,recording,6.090439,-0.005643,7.722834,-0.009494,-0.032236,-0.011414
623804050.000,YZJ,non_handheld,desk_gripped_micro_move,recording,6.081062,0.046821,7.741750,-0.011912,-0.031184,-0.013770
623804060.000,YZJ,non_handheld,desk_gripped_micro_move,recording,6.064509,0.057937,7.735016,-0.013008,-0.032493,-0.014886
623804070.000,YZJ,non_handheld,desk_gripped_micro_move,recording,6.079862,0.061387,7.739054,-0.013570,-0.033936,-0.014620
623804080.000,YZJ,non_handheld,desk_gripped_micro_move,recording,6.090151,0.059246,7.745697,-0.009028,-0.037892,-0.009633
623804090.000,YZJ,non_handheld,desk_gripped_micro_move,recording,6.100603,0.080925,7.704244,-0.003748,-0.032604,-0.001975
623804100.000,YZJ,non_handheld,desk_gripped_micro_move,recording,6.094475,0.042796,7.640075,-0.000971,-0.009340,0.000967
623804110.000,YZJ,non_handheld,desk_gripped_micro_move,recording,6.096581,0.048485,7.633260,-0.001819,0.017304,0.000443
623804120.000,YZJ,non_handheld,desk_gripped_micro_move,recording,6.105223,0.037744,7.661282,-0.001668,0.037879,-0.000432
623804130.000,YZJ,non_handheld,desk_gripped_micro_move,recording,6.102666,0.045552,7.690300,-0.001306,0.049864,0.000478
623804140.000,YZJ,non_handheld,desk_gripped_micro_move,recording,6.084203,0.041851,7.731076,-0.001634,0.051362,0.000541
623804150.000,YZJ,non_handheld,desk_gripped_micro_move,recording,6.068222,0.047659,7.746634,-0.001072,0.043154,0.002346
623804160.000,YZJ,non_handheld,desk_gripped_micro_move,recording,6.022480,0.061813,7.831074,0.006540,0.026696,0.010656
623804170.000,YZJ,non_handheld,desk_gripped_micro_move,recording,6.019921,0.051288,7.839359,0.012731,0.007012,0.018823
623804180.000,YZJ,non_handheld,desk_gripped_micro_move,recording,6.086804,0.022124,7.763973,0.013130,-0.007099,0.021046
623804190.000,YZJ,non_handheld,desk_gripped_micro_move,recording,6.076343,0.040411,7.766072,0.019238,-0.020014,0.030431
623804200.000,YZJ,non_handheld,desk_gripped_micro_move,recording,6.067370,0.023100,7.686464,0.011797,0.008662,0.044725
623804210.000,YZJ,non_handheld,desk_gripped_micro_move,recording,5.990823,-0.049221,7.550543,-0.009536,0.076309,0.071028
623804220.000,YZJ,non_handheld,desk_gripped_micro_move,recording,6.056601,-0.023497,7.682472,-0.018921,0.113618,0.088865
623804230.000,YZJ,non_handheld,desk_gripped_micro_move,recording,6.034105,-0.076769,7.742642,-0.020705,0.128383,0.093770
623804240.000,YZJ,non_handheld,desk_gripped_micro_move,recording,6.156394,-0.040702,7.774274,-0.023932,0.109612,0.077351
623804250.000,YZJ,non_handheld,desk_gripped_micro_move,recording,6.049479,-0.055291,7.725643,-0.037437,0.117553,0.067387
623804260.000,YZJ,non_handheld,desk_gripped_micro_move,recording,6.018742,-0.006584,7.746064,-0.046058,0.128722,0.064806
623804270.000,YZJ,non_handheld,desk_gripped_micro_move,recording,5.917945,-0.045028,7.714685,-0.055232,0.165953,0.067034
623804280.000,YZJ,non_handheld,desk_gripped_micro_move,recording,5.990139,0.019636,7.698464,-0.069572,0.220577,0.073193
623804290.000,YZJ,non_handheld,desk_gripped_micro_move,recording,5.886711,-0.064490,7.699149,-0.089729,0.291355,0.097643
623804300.000,YZJ,non_handheld,desk_gripped_micro_move,recording,5.657432,-0.091510,7.905785,-0.099790,0.353938,0.146653
623804310.000,YZJ,non_handheld,desk_gripped_micro_move,recording,6.205118,0.072048,7.807413,-0.122501,0.312463,0.160193
623804320.000,YZJ,non_handheld,desk_gripped_micro_move,recording,6.065764,0.110617,7.916071,-0.139892,0.251285,0.146686
623804330.000,YZJ,non_handheld,desk_gripped_micro_move,recording,5.786866,-0.076437,8.018808,-0.143682,0.220490,0.145618
623804340.000,YZJ,non_handheld,desk_gripped_micro_move,recording,5.880398,-0.130141,8.010308,-0.144890,0.180012,0.146732
623804350.000,YZJ,non_handheld,desk_gripped_micro_move,recording,5.930032,-0.243807,7.907075,-0.152857,0.160545,0.145602
623804360.000,YZJ,non_handheld,desk_gripped_micro_move,recording,5.893994,-0.181087,7.932689,-0.163103,0.135873,0.130381
623804370.000,YZJ,non_handheld,desk_gripped_micro_move,recording,5.858666,-0.118208,8.026013,-0.156701,0.091974,0.097957
623804380.000,YZJ,non_handheld,desk_gripped_micro_move,recording,5.870310,-0.042984,7.986108,-0.144241,0.048501,0.069630
623804390.000,YZJ,non_handheld,desk_gripped_micro_move,recording,5.762963,-0.059247,7.988885,-0.124024,0.028452,0.061381
623804400.000,YZJ,non_handheld,desk_gripped_micro_move,recording,5.650509,-0.166669,7.946829,-0.103273,0.059586,0.075464
623804410.000,YZJ,non_handheld,desk_gripped_micro_move,recording,5.516377,-0.235877,7.952798,-0.079309,0.132337,0.108001
623804420.000,YZJ,non_handheld,desk_gripped_micro_move,recording,5.528134,-0.205483,7.939020,-0.064550,0.207255,0.133121
623804430.000,YZJ,non_handheld,desk_gripped_micro_move,recording,6.020131,-0.122589,7.692373,-0.070706,0.242743,0.125307
623804440.000,YZJ,non_handheld,desk_gripped_micro_move,recording,5.415585,-0.279737,8.116156,-0.059205,0.254683,0.152538
623804450.000,YZJ,non_handheld,desk_gripped_micro_move,recording,6.145129,-0.323764,8.009166,-0.055820,0.190688,0.132130
623804460.000,YZJ,non_handheld,desk_gripped_micro_move,recording,5.890153,-0.387549,7.921419,-0.057966,0.125274,0.110023
623804470.000,YZJ,non_handheld,desk_gripped_micro_move,recording,6.098263,-0.404843,7.957614,-0.062437,0.049371,0.081062
623804480.000,YZJ,non_handheld,desk_gripped_micro_move,recording,5.937472,-0.326285,7.831621,-0.073274,0.035064,0.045677
623804490.000,YZJ,non_handheld,desk_gripped_micro_move,recording,5.722660,-0.263145,7.917554,-0.063476,0.058038,0.033795
623804500.000,YZJ,non_handheld,desk_gripped_micro_move,recording,5.719812,-0.189559,7.908464,-0.052236,0.092100,0.032654
623804510.000,YZJ,non_handheld,desk_gripped_micro_move,recording,5.729093,-0.256898,7.919091,-0.042638,0.111785,0.034030
623804520.000,YZJ,non_handheld,desk_gripped_micro_move,recording,5.712856,-0.333560,7.908143,-0.038619,0.141762,0.040314
623804530.000,YZJ,non_handheld,desk_gripped_micro_move,recording,5.703649,-0.321148,7.937183,-0.038105,0.174785,0.049217
623804540.000,YZJ,non_handheld,desk_gripped_micro_move,recording,5.690911,-0.317504,7.958483,-0.036698,0.194182,0.056390
623804550.000,YZJ,non_handheld,desk_gripped_micro_move,recording,5.666463,-0.342585,7.992315,-0.036413,0.199290,0.055011
623804560.000,YZJ,non_handheld,desk_gripped_micro_move,recording,5.630845,-0.384034,8.116521,-0.032329,0.177524,0.049842
623804570.000,YZJ,non_handheld,desk_gripped_micro_move,recording,5.606340,-0.371957,8.139392,-0.022660,0.149231,0.043287
623804580.000,YZJ,non_handheld,desk_gripped_micro_move,recording,5.589017,-0.417274,8.104728,-0.017297,0.130003,0.030967
623804590.000,YZJ,non_handheld,desk_gripped_micro_move,recording,5.589016,-0.400105,8.140086,-0.010803,0.111695,0.017832
623804600.000,YZJ,non_handheld,desk_gripped_micro_move,recording,5.573102,-0.403986,8.068508,-0.005690,0.107899,0.006226
623804610.000,YZJ,non_handheld,desk_gripped_micro_move,recording,5.590108,-0.401532,8.066401,-0.000968,0.116838,-0.003475
623804620.000,YZJ,non_handheld,desk_gripped_micro_move,recording,5.560878,-0.371102,8.073522,0.006330,0.124210,-0.003861
623804630.000,YZJ,non_handheld,desk_gripped_micro_move,recording,5.522094,-0.324957,8.061532,0.011069,0.140604,0.000647
623804640.000,YZJ,non_handheld,desk_gripped_micro_move,recording,5.521571,-0.323521,8.073685,0.011747,0.157163,0.008950
623804650.000,YZJ,non_handheld,desk_gripped_micro_move,recording,5.558842,-0.324427,8.094000,0.010560,0.170686,0.022763
623804660.000,YZJ,non_handheld,desk_gripped_micro_move,recording,5.550506,-0.341721,8.066952,0.001968,0.191087,0.037097
623804670.000,YZJ,non_handheld,desk_gripped_micro_move,recording,5.523437,-0.369398,8.069360,-0.009441,0.210326,0.044686
623804680.000,YZJ,non_handheld,desk_gripped_micro_move,recording,5.508907,-0.372497,8.113847,-0.021618,0.215635,0.047148
623804690.000,YZJ,non_handheld,desk_gripped_micro_move,recording,5.519920,-0.380342,8.217342,-0.027320,0.201286,0.046616
623804700.000,YZJ,non_handheld,desk_gripped_micro_move,recording,5.454936,-0.389655,8.254249,-0.031122,0.174077,0.044399
623804710.000,YZJ,non_handheld,desk_gripped_micro_move,recording,5.420027,-0.395683,8.263440,-0.031568,0.143040,0.040729
623804720.000,YZJ,non_handheld,desk_gripped_micro_move,recording,5.439286,-0.406855,8.282300,-0.029697,0.104973,0.034379
623804730.000,YZJ,non_handheld,desk_gripped_micro_move,recording,5.422738,-0.424314,8.247734,-0.029595,0.080404,0.027085
623804740.000,YZJ,non_handheld,desk_gripped_micro_move,recording,5.416648,-0.424444,8.266618,-0.027268,0.056218,0.022852
623804750.000,YZJ,non_handheld,desk_gripped_micro_move,recording,5.381846,-0.441618,8.255173,-0.020487,0.037221,0.023510
623804760.000,YZJ,non_handheld,desk_gripped_micro_move,recording,5.401884,-0.444609,8.241542,-0.014710,0.023651,0.020687
623804770.000,YZJ,non_handheld,desk_gripped_micro_move,recording,5.432130,-0.437271,8.197034,-0.009959,0.015565,0.011331
623804780.000,YZJ,non_handheld,desk_gripped_micro_move,recording,5.454706,-0.408203,8.174243,-0.006742,0.012305,-0.002294
623804790.000,YZJ,non_handheld,desk_gripped_micro_move,recording,5.411663,-0.425316,8.185679,-0.005275,0.009450,-0.014627
623804800.000,YZJ,non_handheld,desk_gripped_micro_move,recording,5.384667,-0.438963,8.225390,-0.001837,0.005500,-0.022668
623804810.000,YZJ,non_handheld,desk_gripped_micro_move,recording,5.403706,-0.382398,8.214832,-0.000050,0.004268,-0.020871
623804820.000,YZJ,non_handheld,desk_gripped_micro_move,recording,5.409420,-0.373891,8.240830,-0.001695,0.002747,-0.011743
623804830.000,YZJ,non_handheld,desk_gripped_micro_move,recording,5.418344,-0.391478,8.194530,-0.006050,0.001967,-0.002034
623804840.000,YZJ,non_handheld,desk_gripped_micro_move,recording,5.419059,-0.389014,8.174745,-0.012139,0.006846,0.005977
623804850.000,YZJ,non_handheld,desk_gripped_micro_move,recording,5.421215,-0.402519,8.232483,-0.015677,0.004159,0.012726
623804860.000,YZJ,non_handheld,desk_gripped_micro_move,recording,5.417092,-0.408439,8.167237,-0.024329,0.012139,0.014776
623804870.000,YZJ,non_handheld,desk_gripped_micro_move,recording,5.396514,-0.415797,8.187907,-0.030420,0.016130,0.012299
623804880.000,YZJ,non_handheld,desk_gripped_micro_move,recording,5.396130,-0.425449,8.209422,-0.036718,0.015412,0.010123
623804890.000,YZJ,non_handheld,desk_gripped_micro_move,recording,5.391936,-0.422864,8.267253,-0.037438,-0.000897,0.007331
623804900.000,YZJ,non_handheld,desk_gripped_micro_move,recording,5.387536,-0.432024,8.310113,-0.029245,-0.029779,0.002953
623804910.000,YZJ,non_handheld,desk_gripped_micro_move,recording,5.394957,-0.426089,8.224747,-0.024388,-0.044245,0.002047
623804920.000,YZJ,non_handheld,desk_gripped_micro_move,recording,5.401424,-0.420896,8.175158,-0.017466,-0.037077,0.009553
623804930.000,YZJ,non_handheld,desk_gripped_micro_move,recording,5.437127,-0.412755,8.088891,-0.017946,0.000566,0.020691
623804940.000,YZJ,non_handheld,desk_gripped_micro_move,recording,5.401377,-0.460978,8.110512,-0.013043,0.044188,0.039241
623804950.000,YZJ,non_handheld,desk_gripped_micro_move,recording,5.401079,-0.491566,8.091747,-0.011469,0.083372,0.052959
623804960.000,YZJ,non_handheld,desk_gripped_micro_move,recording,5.437735,-0.477174,8.127114,-0.013428,0.098727,0.056045
623804970.000,YZJ,non_handheld,desk_gripped_micro_move,recording,5.433337,-0.476429,8.207283,-0.009315,0.091302,0.052422
623804980.000,YZJ,non_handheld,desk_gripped_micro_move,recording,5.414450,-0.431662,8.256341,-0.007063,0.075848,0.043300
623804990.000,YZJ,non_handheld,desk_gripped_micro_move,recording,5.371070,-0.433422,8.245466,-0.006578,0.061552,0.033326
623805000.000,YZJ,non_handheld,desk_gripped_micro_move,recording,5.353646,-0.459632,8.285525,-0.005248,0.044170,0.026907
623805010.000,YZJ,non_handheld,desk_gripped_micro_move,recording,5.354238,-0.444862,8.223640,-0.002702,0.040399,0.022025
623805020.000,YZJ,non_handheld,desk_gripped_micro_move,recording,5.385650,-0.437278,8.156472,-0.000650,0.061515,0.016768
623805030.000,YZJ,non_handheld,desk_gripped_micro_move,recording,5.356591,-0.420123,8.140464,-0.000420,0.093419,0.012371
623805040.000,YZJ,non_handheld,desk_gripped_micro_move,recording,5.342302,-0.429832,8.161473,0.000611,0.120755,0.014629
623805050.000,YZJ,non_handheld,desk_gripped_micro_move,recording,5.347080,-0.457782,8.206738,0.001780,0.136643,0.020592
623805060.000,YZJ,non_handheld,desk_gripped_micro_move,recording,5.340255,-0.467113,8.240033,0.003139,0.145593,0.029986
623805070.000,YZJ,non_handheld,desk_gripped_micro_move,recording,5.313638,-0.496884,8.263070,0.007155,0.145413,0.040454
623805080.000,YZJ,non_handheld,desk_gripped_micro_move,recording,5.311973,-0.464425,8.290042,0.010580,0.138012,0.046266
623805090.000,YZJ,non_handheld,desk_gripped_micro_move,recording,5.296282,-0.446345,8.305651,0.014674,0.125433,0.046459
623805100.000,YZJ,non_handheld,desk_gripped_micro_move,recording,5.293939,-0.474597,8.320512,0.018154,0.116446,0.040357
623805110.000,YZJ,non_handheld,desk_gripped_micro_move,recording,5.267833,-0.451815,8.287906,0.020502,0.110252,0.031658
623805120.000,YZJ,non_handheld,desk_gripped_micro_move,recording,5.245411,-0.425872,8.278032,0.022077,0.111758,0.020718
623805130.000,YZJ,non_handheld,desk_gripped_micro_move,recording,5.234620,-0.480181,8.317794,0.024732,0.108926,0.013326
623805140.000,YZJ,non_handheld,desk_gripped_micro_move,recording,5.243486,-0.477639,8.348624,0.028430,0.098137,0.008118
623805150.000,YZJ,non_handheld,desk_gripped_micro_move,recording,5.229885,-0.472874,8.305942,0.026055,0.096506,0.004958
623805160.000,YZJ,non_handheld,desk_gripped_micro_move,recording,5.216184,-0.452743,8.314411,0.016614,0.101084,0.005754
623805170.000,YZJ,non_handheld,desk_gripped_micro_move,recording,5.211386,-0.456204,8.357222,0.013726,0.093323,0.006762
623805180.000,YZJ,non_handheld,desk_gripped_micro_move,recording,5.218121,-0.452516,8.383716,0.013436,0.080628,0.007415
623805190.000,YZJ,non_handheld,desk_gripped_micro_move,recording,5.200511,-0.468284,8.334986,0.010308,0.073759,0.008064
623805200.000,YZJ,non_handheld,desk_gripped_micro_move,recording,5.177766,-0.481939,8.336157,0.005674,0.072019,0.010607
623805210.000,YZJ,non_handheld,desk_gripped_micro_move,recording,5.187202,-0.456898,8.357318,0.006901,0.065556,0.010450
623805220.000,YZJ,non_handheld,desk_gripped_micro_move,recording,5.203835,-0.428076,8.335282,0.009016,0.070847,0.007000
623805230.000,YZJ,non_handheld,desk_gripped_micro_move,recording,5.172790,-0.448868,8.343295,0.011420,0.072687,0.005007
623805240.000,YZJ,non_handheld,desk_gripped_micro_move,recording,5.172396,-0.439733,8.327101,0.009159,0.079476,0.006877
623805250.000,YZJ,non_handheld,desk_gripped_micro_move,recording,5.167390,-0.445937,8.326265,0.004823,0.088467,0.010540
623805260.000,YZJ,non_handheld,desk_gripped_micro_move,recording,5.180501,-0.475550,8.363181,0.002001,0.090270,0.015902
623805270.000,YZJ,non_handheld,desk_gripped_micro_move,recording,5.155446,-0.454843,8.382953,-0.002194,0.086128,0.018879
623805280.000,YZJ,non_handheld,desk_gripped_micro_move,recording,5.143489,-0.425038,8.371267,-0.007476,0.083488,0.020617
623805290.000,YZJ,non_handheld,desk_gripped_micro_move,recording,5.128835,-0.432702,8.405139,-0.008564,0.075687,0.021087
623805300.000,YZJ,non_handheld,desk_gripped_micro_move,recording,5.144918,-0.452607,8.388692,-0.010849,0.073160,0.020107
623805310.000,YZJ,non_handheld,desk_gripped_micro_move,recording,5.139956,-0.451548,8.332058,-0.015538,0.086518,0.018175
623805320.000,YZJ,non_handheld,desk_gripped_micro_move,recording,5.124889,-0.475395,8.307901,-0.021452,0.110835,0.013936
623805330.000,YZJ,non_handheld,desk_gripped_micro_move,recording,5.102446,-0.472552,8.315441,-0.022793,0.138719,0.010525
623805340.000,YZJ,non_handheld,desk_gripped_micro_move,recording,5.113467,-0.473391,8.307764,-0.022573,0.165205,0.011160
623805350.000,YZJ,non_handheld,desk_gripped_micro_move,recording,5.086095,-0.462872,8.380605,-0.019835,0.175314,0.012931
623805360.000,YZJ,non_handheld,desk_gripped_micro_move,recording,5.056426,-0.462602,8.433343,-0.015458,0.167252,0.015040
623805370.000,YZJ,non_handheld,desk_gripped_micro_move,recording,5.042939,-0.480483,8.477740,-0.012583,0.149314,0.014783
623805380.000,YZJ,non_handheld,desk_gripped_micro_move,recording,5.021029,-0.513227,8.476489,-0.011461,0.135070,0.015809
623805390.000,YZJ,non_handheld,desk_gripped_micro_move,recording,4.992453,-0.557957,8.488251,-0.015050,0.129317,0.021154
623805400.000,YZJ,non_handheld,desk_gripped_micro_move,recording,4.957712,-0.538890,8.441272,-0.024592,0.137061,0.029689
623805410.000,YZJ,non_handheld,desk_gripped_micro_move,recording,4.962291,-0.540943,8.398932,-0.034703,0.162433,0.040451
623805420.000,YZJ,non_handheld,desk_gripped_micro_move,recording,4.911436,-0.559498,8.436430,-0.036133,0.195792,0.052806
623805430.000,YZJ,non_handheld,desk_gripped_micro_move,recording,4.944399,-0.509266,8.416044,-0.032854,0.219174,0.059478
623805440.000,YZJ,non_handheld,desk_gripped_micro_move,recording,5.010402,-0.486828,8.416751,-0.025400,0.226488,0.060278
623805450.000,YZJ,non_handheld,desk_gripped_micro_move,recording,5.014939,-0.467630,8.412548,-0.018837,0.235769,0.055529
623805460.000,YZJ,non_handheld,desk_gripped_micro_move,recording,4.957322,-0.462735,8.433088,-0.013891,0.249716,0.053071
623805470.000,YZJ,non_handheld,desk_gripped_micro_move,recording,4.920779,-0.500532,8.517307,-0.003323,0.248196,0.053095
623805480.000,YZJ,non_handheld,desk_gripped_micro_move,recording,4.909705,-0.448512,8.517626,0.003793,0.234845,0.054332
623805490.000,YZJ,non_handheld,desk_gripped_micro_move,recording,4.904114,-0.459062,8.586588,0.011552,0.208120,0.053918
623805500.000,YZJ,non_handheld,desk_gripped_micro_move,recording,4.872555,-0.475559,8.640416,0.019612,0.171176,0.052434
623805510.000,YZJ,non_handheld,desk_gripped_micro_move,recording,4.833631,-0.484732,8.632073,0.020003,0.140777,0.051498
623805520.000,YZJ,non_handheld,desk_gripped_micro_move,recording,4.809385,-0.499982,8.593281,0.013940,0.126533,0.054224
623805530.000,YZJ,non_handheld,desk_gripped_micro_move,recording,4.804391,-0.530298,8.527735,-0.000075,0.142878,0.061124
623805540.000,YZJ,non_handheld,desk_gripped_micro_move,recording,4.794154,-0.569549,8.471544,-0.020296,0.182465,0.066247
623805550.000,YZJ,non_handheld,desk_gripped_micro_move,recording,4.782638,-0.584111,8.484247,-0.041236,0.225356,0.070442
623805560.000,YZJ,non_handheld,desk_gripped_micro_move,recording,4.758028,-0.556945,8.500690,-0.056730,0.263393,0.075672
623805570.000,YZJ,non_handheld,desk_gripped_micro_move,recording,4.702978,-0.609759,8.553690,-0.070248,0.285532,0.081780
623805580.000,YZJ,non_handheld,desk_gripped_micro_move,recording,4.681602,-0.613941,8.685209,-0.072061,0.278357,0.087428
623805590.000,YZJ,non_handheld,desk_gripped_micro_move,recording,4.657962,-0.588609,8.744111,-0.066611,0.244549,0.087988
623805600.000,YZJ,non_handheld,desk_gripped_micro_move,recording,4.666568,-0.526021,8.762741,-0.054436,0.198206,0.078230
623805610.000,YZJ,non_handheld,desk_gripped_micro_move,recording,4.663600,-0.507476,8.706641,-0.042752,0.166268,0.064932
623805620.000,YZJ,non_handheld,desk_gripped_micro_move,recording,4.630323,-0.527137,8.674403,-0.032372,0.158271,0.054773
623805630.000,YZJ,non_handheld,desk_gripped_micro_move,recording,4.637215,-0.562660,8.601053,-0.024013,0.171617,0.048649
623805640.000,YZJ,non_handheld,desk_gripped_micro_move,recording,4.612181,-0.553250,8.603442,-0.018656,0.193126,0.045855
623805650.000,YZJ,non_handheld,desk_gripped_micro_move,recording,4.581601,-0.626533,8.590239,-0.018194,0.222571,0.043255
623805660.000,YZJ,non_handheld,desk_gripped_micro_move,recording,4.565550,-0.656026,8.613402,-0.021623,0.250444,0.043665
623805670.000,YZJ,non_handheld,desk_gripped_micro_move,recording,4.543312,-0.656566,8.643364,-0.031194,0.273146,0.048105
623805680.000,YZJ,non_handheld,desk_gripped_micro_move,recording,4.515263,-0.666968,8.709936,-0.041811,0.277789,0.055107
623805690.000,YZJ,non_handheld,desk_gripped_micro_move,recording,4.487962,-0.673269,8.759323,-0.051790,0.267716,0.060421
623805700.000,YZJ,non_handheld,desk_gripped_micro_move,recording,4.453548,-0.707175,8.849493,-0.053641,0.235528,0.066596
623805710.000,YZJ,non_handheld,desk_gripped_micro_move,recording,4.448268,-0.717453,8.872094,-0.051672,0.195307,0.070608
623805720.000,YZJ,non_handheld,desk_gripped_micro_move,recording,4.433880,-0.703752,8.829407,-0.045940,0.162573,0.068862
623805730.000,YZJ,non_handheld,desk_gripped_micro_move,recording,4.445472,-0.623785,8.749593,-0.042755,0.152507,0.065121
623805740.000,YZJ,non_handheld,desk_gripped_micro_move,recording,4.438784,-0.671608,8.719371,-0.041114,0.162491,0.059064
623805750.000,YZJ,non_handheld,desk_gripped_micro_move,recording,4.482460,-0.732523,8.653676,-0.041516,0.185722,0.045800
623805760.000,YZJ,non_handheld,desk_gripped_micro_move,recording,4.484929,-0.759106,8.656746,-0.052771,0.208695,0.032591
623805770.000,YZJ,non_handheld,desk_gripped_micro_move,recording,4.339634,-0.735086,8.843962,-0.055843,0.184143,0.030789
623805780.000,YZJ,non_handheld,desk_gripped_micro_move,recording,4.123867,-0.673994,9.046930,-0.050342,0.139420,0.049177
623805790.000,YZJ,non_handheld,desk_gripped_micro_move,recording,4.289177,-0.652146,8.973679,-0.051563,0.096479,0.053472
623805800.000,YZJ,non_handheld,desk_gripped_micro_move,recording,4.329518,-0.655716,8.904371,-0.061049,0.067792,0.049376
623805810.000,YZJ,non_handheld,desk_gripped_micro_move,recording,4.331239,-0.611784,8.839383,-0.071999,0.049439,0.041094
623805820.000,YZJ,non_handheld,desk_gripped_micro_move,recording,4.307894,-0.636909,8.775996,-0.081753,0.059159,0.031228
623805830.000,YZJ,non_handheld,desk_gripped_micro_move,recording,4.279945,-0.656904,8.765282,-0.087225,0.079368,0.019188
623805840.000,YZJ,non_handheld,desk_gripped_micro_move,recording,4.222706,-0.667370,8.856830,-0.082383,0.082242,0.013819
623805850.000,YZJ,non_handheld,desk_gripped_micro_move,recording,4.173613,-0.656800,8.898924,-0.067575,0.068121,0.014488
623805860.000,YZJ,non_handheld,desk_gripped_micro_move,recording,4.215103,-0.684231,8.897561,-0.054000,0.053760,0.018258
623805870.000,YZJ,non_handheld,desk_gripped_micro_move,recording,4.245319,-0.768972,8.843390,-0.046118,0.050451,0.025948
623805880.000,YZJ,non_handheld,desk_gripped_micro_move,recording,4.259721,-0.774595,8.817380,-0.039535,0.051466,0.030895
623805890.000,YZJ,non_handheld,desk_gripped_micro_move,recording,4.290531,-0.746403,8.802758,-0.032872,0.059469,0.034607
623805900.000,YZJ,non_handheld,desk_gripped_micro_move,recording,4.277724,-0.739179,8.736222,-0.030385,0.093122,0.040251
623805910.000,YZJ,non_handheld,desk_gripped_micro_move,recording,4.274726,-0.787185,8.679097,-0.033301,0.152788,0.047904
623805920.000,YZJ,non_handheld,desk_gripped_micro_move,recording,4.251415,-0.753875,8.610955,-0.038283,0.229231,0.056932
623805930.000,YZJ,non_handheld,desk_gripped_micro_move,recording,4.196886,-0.785851,8.619264,-0.044204,0.310502,0.071706
623805940.000,YZJ,non_handheld,desk_gripped_micro_move,recording,4.140165,-0.813236,8.718679,-0.041002,0.371750,0.085400
623805950.000,YZJ,non_handheld,desk_gripped_micro_move,recording,4.088742,-0.825987,8.864811,-0.028462,0.396264,0.093171
623805960.000,YZJ,non_handheld,desk_gripped_micro_move,recording,3.996468,-0.836752,8.982784,-0.016357,0.382989,0.103953
623805970.000,YZJ,non_handheld,desk_gripped_micro_move,recording,3.823801,-0.879191,9.082464,-0.005244,0.350955,0.127779
623805980.000,YZJ,non_handheld,desk_gripped_micro_move,recording,3.850092,-0.866037,9.123210,0.005008,0.301892,0.140709
623805990.000,YZJ,non_handheld,desk_gripped_micro_move,recording,4.559472,-0.857575,8.975438,-0.002685,0.219460,0.092467
623806000.000,YZJ,non_handheld,desk_gripped_micro_move,recording,4.023585,-0.922751,9.074717,-0.004842,0.160884,0.073012
623806010.000,YZJ,non_handheld,desk_gripped_micro_move,recording,4.041675,-0.755488,9.024494,-0.003124,0.125000,0.059499
623806020.000,YZJ,non_handheld,desk_gripped_micro_move,recording,3.913677,-0.751539,8.978192,-0.006754,0.122602,0.041207
623806030.000,YZJ,non_handheld,desk_gripped_micro_move,recording,3.946196,-0.756575,8.945440,-0.010836,0.131288,0.024827
623806040.000,YZJ,non_handheld,desk_gripped_micro_move,recording,3.969147,-0.723898,8.937444,-0.019376,0.142287,0.011542
623806050.000,YZJ,non_handheld,desk_gripped_micro_move,recording,3.948100,-0.752356,8.943031,-0.028120,0.152650,0.007367
623806060.000,YZJ,non_handheld,desk_gripped_micro_move,recording,3.930330,-0.814153,8.962767,-0.039384,0.166387,0.013961
623806070.000,YZJ,non_handheld,desk_gripped_micro_move,recording,3.897850,-0.864933,8.941111,-0.054909,0.188264,0.021324
623806080.000,YZJ,non_handheld,desk_gripped_micro_move,recording,3.862367,-0.927635,9.015547,-0.064105,0.184547,0.029058
623806090.000,YZJ,non_handheld,desk_gripped_micro_move,recording,3.846590,-0.901602,9.064198,-0.064461,0.161435,0.039584
623806100.000,YZJ,non_handheld,desk_gripped_micro_move,recording,3.856986,-0.874563,9.034348,-0.062527,0.145891,0.044043
623806110.000,YZJ,non_handheld,desk_gripped_micro_move,recording,3.873422,-0.870265,9.025136,-0.055858,0.140407,0.047272
623806120.000,YZJ,non_handheld,desk_gripped_micro_move,recording,3.848625,-0.877801,8.956572,-0.049159,0.157263,0.051298
623806130.000,YZJ,non_handheld,desk_gripped_micro_move,recording,3.847391,-0.884766,8.896956,-0.045870,0.193389,0.058828
623806140.000,YZJ,non_handheld,desk_gripped_micro_move,recording,3.820939,-0.890151,8.908223,-0.048369,0.234496,0.061675
623806150.000,YZJ,non_handheld,desk_gripped_micro_move,recording,3.810501,-0.826806,8.931807,-0.050520,0.269627,0.062385
623806160.000,YZJ,non_handheld,desk_gripped_micro_move,recording,3.736870,-0.863763,8.987717,-0.053655,0.294861,0.065577
623806170.000,YZJ,non_handheld,desk_gripped_micro_move,recording,3.726346,-0.881268,9.018475,-0.056545,0.307764,0.070294
623806180.000,YZJ,non_handheld,desk_gripped_micro_move,recording,3.665415,-0.884520,9.068257,-0.060936,0.312534,0.073935
623806190.000,YZJ,non_handheld,desk_gripped_micro_move,recording,3.659992,-0.894708,9.156988,-0.057960,0.293002,0.073469
623806200.000,YZJ,non_handheld,desk_gripped_micro_move,recording,3.606721,-0.902955,9.213393,-0.046874,0.253757,0.075252
623806210.000,YZJ,non_handheld,desk_gripped_micro_move,recording,3.626340,-0.883194,9.145463,-0.038889,0.226946,0.075360
623806220.000,YZJ,non_handheld,desk_gripped_micro_move,recording,3.587714,-0.903308,9.133921,-0.031411,0.218264,0.075340
623806230.000,YZJ,non_handheld,desk_gripped_micro_move,recording,3.603742,-0.908136,9.074514,-0.026098,0.228392,0.072579
623806240.000,YZJ,non_handheld,desk_gripped_micro_move,recording,3.599062,-0.868097,9.030073,-0.018321,0.253869,0.068941
623806250.000,YZJ,non_handheld,desk_gripped_micro_move,recording,3.557354,-0.873721,9.022974,-0.004373,0.285002,0.065704
623806260.000,YZJ,non_handheld,desk_gripped_micro_move,recording,3.540999,-0.908875,8.949611,-0.000295,0.345939,0.071970
623806270.000,YZJ,non_handheld,desk_gripped_micro_move,recording,3.514669,-0.945721,8.955930,-0.001534,0.409612,0.080373
623806280.000,YZJ,non_handheld,desk_gripped_micro_move,recording,3.449003,-0.970974,9.025469,-0.007482,0.464866,0.093472
623806290.000,YZJ,non_handheld,desk_gripped_micro_move,recording,3.344676,-1.105829,9.116067,-0.019663,0.493241,0.104688
623806300.000,YZJ,non_handheld,desk_gripped_micro_move,recording,3.316534,-1.064254,9.298723,-0.023178,0.464600,0.108860
623806310.000,YZJ,non_handheld,desk_gripped_micro_move,recording,3.298773,-0.985941,9.420479,-0.020736,0.395725,0.110733
623806320.000,YZJ,non_handheld,desk_gripped_micro_move,recording,3.272464,-1.000735,9.428072,-0.021064,0.326551,0.102816
623806330.000,YZJ,non_handheld,desk_gripped_micro_move,recording,3.235426,-1.013408,9.341114,-0.026479,0.277803,0.093399
623806340.000,YZJ,non_handheld,desk_gripped_micro_move,recording,3.231405,-0.990733,9.297523,-0.035238,0.252966,0.080775
623806350.000,YZJ,non_handheld,desk_gripped_micro_move,recording,3.194476,-0.992812,9.298761,-0.043888,0.237712,0.070417
623806360.000,YZJ,non_handheld,desk_gripped_micro_move,recording,3.132972,-0.971317,9.249327,-0.051397,0.245796,0.066880
623806370.000,YZJ,non_handheld,desk_gripped_micro_move,recording,3.139719,-1.033861,9.177684,-0.068266,0.273873,0.063239
623806380.000,YZJ,non_handheld,desk_gripped_micro_move,recording,3.161659,-1.100638,9.172353,-0.091238,0.304472,0.058108
623806390.000,YZJ,non_handheld,desk_gripped_micro_move,recording,3.219629,-1.178520,9.210482,-0.111791,0.317276,0.049414
623806400.000,YZJ,non_handheld,desk_gripped_micro_move,recording,3.370919,-1.233150,9.178293,-0.133717,0.317371,0.027124
623806410.000,YZJ,non_handheld,desk_gripped_micro_move,recording,2.893690,-1.101573,9.386420,-0.135767,0.315218,0.039116
623806420.000,YZJ,non_handheld,desk_gripped_micro_move,recording,2.840383,-0.861761,9.364161,-0.132602,0.311193,0.048584
623806430.000,YZJ,non_handheld,desk_gripped_micro_move,recording,2.853818,-1.060020,9.371335,-0.123089,0.308039,0.045347
623806440.000,YZJ,non_handheld,desk_gripped_micro_move,recording,2.844404,-0.992135,9.322718,-0.113657,0.315514,0.044369
623806450.000,YZJ,non_handheld,desk_gripped_micro_move,recording,2.886465,-1.006245,9.310567,-0.104174,0.321971,0.046726
623806460.000,YZJ,non_handheld,desk_gripped_micro_move,recording,2.887466,-1.120446,9.271704,-0.095267,0.335005,0.048713
623806470.000,YZJ,non_handheld,desk_gripped_micro_move,recording,2.955130,-1.198940,9.230359,-0.094100,0.363196,0.046736
623806480.000,YZJ,non_handheld,desk_gripped_micro_move,recording,2.966738,-1.232620,9.204634,-0.099063,0.393416,0.039672
623806490.000,YZJ,non_handheld,desk_gripped_micro_move,recording,2.881501,-1.241721,9.326271,-0.097085,0.395108,0.042155
623806500.000,YZJ,non_handheld,desk_gripped_micro_move,recording,2.587029,-1.214603,10.334366,-0.036943,0.058807,0.060056
623806510.000,YZJ,non_handheld,desk_gripped_micro_move,recording,2.481865,-0.920388,9.307275,-0.095387,0.118085,0.048121
623806520.000,YZJ,non_handheld,desk_gripped_micro_move,recording,2.804102,-1.210946,9.623450,-0.069198,0.089159,0.050411
623806530.000,YZJ,non_handheld,desk_gripped_micro_move,recording,2.598310,-1.110819,9.138875,-0.060011,0.096311,0.059852
623806540.000,YZJ,non_handheld,desk_gripped_micro_move,recording,2.587709,-1.011117,9.637381,-0.054969,0.074448,0.067721
623806550.000,YZJ,non_handheld,desk_gripped_micro_move,recording,2.643534,-1.150770,9.260269,-0.066282,0.099269,0.070464
623806560.000,YZJ,non_handheld,desk_gripped_micro_move,recording,2.626261,-1.201889,9.439595,-0.065508,0.093979,0.071354
623806570.000,YZJ,non_handheld,desk_gripped_micro_move,recording,2.677632,-1.186729,9.400184,-0.071741,0.100900,0.070982
623806580.000,YZJ,non_handheld,desk_gripped_micro_move,recording,2.674097,-1.231019,9.324039,-0.079294,0.112261,0.072314
623806590.000,YZJ,non_handheld,desk_gripped_micro_move,recording,2.663356,-1.239641,9.436588,-0.080594,0.100943,0.068838
623806600.000,YZJ,non_handheld,desk_gripped_micro_move,recording,2.649535,-1.275207,9.366122,-0.083609,0.098180,0.055398
623806610.000,YZJ,non_handheld,desk_gripped_micro_move,recording,2.613412,-1.235150,9.427019,-0.070765,0.084630,0.046661
623806620.000,YZJ,non_handheld,desk_gripped_micro_move,recording,2.552360,-1.214750,9.453130,-0.052638,0.064727,0.040569
623806630.000,YZJ,non_handheld,desk_gripped_micro_move,recording,2.566415,-1.283133,9.465637,-0.036681,0.043403,0.032588
623806640.000,YZJ,non_handheld,desk_gripped_micro_move,recording,2.604240,-1.274889,9.387351,-0.024686,0.033815,0.025001
623806650.000,YZJ,non_handheld,desk_gripped_micro_move,recording,2.591457,-1.276916,9.390307,-0.018860,0.030655,0.026207
623806660.000,YZJ,non_handheld,desk_gripped_micro_move,recording,2.573723,-1.268194,9.364560,-0.018843,0.037176,0.034484
623806670.000,YZJ,non_handheld,desk_gripped_micro_move,recording,2.657714,-1.264125,9.322523,-0.025694,0.081435,0.040111
623806680.000,YZJ,non_handheld,desk_gripped_micro_move,recording,2.640076,-1.340564,9.308670,-0.027872,0.136872,0.050058
623806690.000,YZJ,non_handheld,desk_gripped_micro_move,recording,2.641984,-1.311521,9.304411,-0.029038,0.195449,0.063328
623806700.000,YZJ,non_handheld,desk_gripped_micro_move,recording,2.627419,-1.236921,9.304989,-0.031967,0.256211,0.074584
623806710.000,YZJ,non_handheld,desk_gripped_micro_move,recording,2.581839,-1.322603,9.339789,-0.040443,0.294757,0.077424
623806720.000,YZJ,non_handheld,desk_gripped_micro_move,recording,2.557927,-1.345499,9.358215,-0.051596,0.320947,0.074382
623806730.000,YZJ,non_handheld,desk_gripped_micro_move,recording,2.491621,-1.319570,9.442886,-0.057844,0.316600,0.075750
623806740.000,YZJ,non_handheld,desk_gripped_micro_move,recording,2.365751,-1.308827,9.459021,-0.062575,0.285582,0.086208
623806750.000,YZJ,non_handheld,desk_gripped_micro_move,recording,2.406902,-1.385570,9.463122,-0.068551,0.267803,0.092571
623806760.000,YZJ,non_handheld,desk_gripped_micro_move,recording,2.447491,-1.425168,9.380335,-0.083350,0.286143,0.093211
623806770.000,YZJ,non_handheld,desk_gripped_micro_move,recording,2.448268,-1.436127,9.371543,-0.103952,0.321393,0.093717
623806780.000,YZJ,non_handheld,desk_gripped_micro_move,recording,2.532002,-1.435438,9.356222,-0.121122,0.356859,0.093312
623806790.000,YZJ,non_handheld,desk_gripped_micro_move,recording,2.160495,-1.411281,9.450384,-0.132993,0.402672,0.117962
623806800.000,YZJ,non_handheld,desk_gripped_micro_move,recording,2.185653,-1.274125,9.509356,-0.141538,0.405904,0.127204
623806810.000,YZJ,non_handheld,desk_gripped_micro_move,recording,2.379887,-1.447885,9.488876,-0.151394,0.365041,0.112823
623806820.000,YZJ,non_handheld,desk_gripped_micro_move,recording,2.231167,-1.456074,9.536744,-0.160680,0.301726,0.102744
623806830.000,YZJ,non_handheld,desk_gripped_micro_move,recording,2.096835,-1.365311,9.553001,-0.174127,0.271697,0.103465
623806840.000,YZJ,non_handheld,desk_gripped_micro_move,recording,2.137553,-1.408555,9.529230,-0.189719,0.247777,0.103202
623806850.000,YZJ,non_handheld,desk_gripped_micro_move,recording,2.282912,-1.535411,9.450790,-0.205366,0.202341,0.085016
623806860.000,YZJ,non_handheld,desk_gripped_micro_move,recording,1.965084,-1.441436,9.656402,-0.199661,0.179997,0.093275
623806870.000,YZJ,non_handheld,desk_gripped_micro_move,recording,1.937765,-1.369323,9.451526,-0.194417,0.187760,0.098452
623806880.000,YZJ,non_handheld,desk_gripped_micro_move,recording,2.124993,-1.578591,9.444424,-0.190954,0.211864,0.078148
623806890.000,YZJ,non_handheld,desk_gripped_micro_move,recording,1.788880,-1.480994,9.629269,-0.166460,0.239447,0.097477
623806900.000,YZJ,non_handheld,desk_gripped_micro_move,recording,1.729473,-1.229483,9.501499,-0.139559,0.273630,0.110574
623806910.000,YZJ,non_handheld,desk_gripped_micro_move,recording,1.940570,-1.471800,9.481451,-0.115768,0.322221,0.102825
623806920.000,YZJ,non_handheld,desk_gripped_micro_move,recording,1.964605,-1.606419,9.479709,-0.092152,0.363612,0.108097
623806930.000,YZJ,non_handheld,desk_gripped_micro_move,recording,1.925632,-1.596674,9.466064,-0.083175,0.421598,0.115234
623806940.000,YZJ,non_handheld,desk_gripped_micro_move,recording,1.878846,-1.612173,9.463237,-0.085528,0.470428,0.124039
623806950.000,YZJ,non_handheld,desk_gripped_micro_move,recording,1.734291,-1.730073,9.507321,-0.087925,0.486371,0.141217
623806960.000,YZJ,non_handheld,desk_gripped_micro_move,recording,1.728264,-1.709803,9.557179,-0.090660,0.477618,0.160887
623806970.000,YZJ,non_handheld,desk_gripped_micro_move,recording,1.641250,-1.755604,9.531859,-0.099304,0.476106,0.179760
623806980.000,YZJ,non_handheld,desk_gripped_micro_move,recording,1.738764,-1.739120,9.494675,-0.114358,0.508095,0.180310
623806990.000,YZJ,non_handheld,desk_gripped_micro_move,recording,1.651184,-1.722739,9.503137,-0.120966,0.542503,0.180612
623807000.000,YZJ,non_handheld,desk_gripped_micro_move,recording,1.627554,-1.686671,9.559354,-0.116938,0.565405,0.175864
623807010.000,YZJ,non_handheld,desk_gripped_micro_move,recording,1.442214,-1.617979,9.655325,-0.110582,0.557403,0.169234
623807020.000,YZJ,non_handheld,desk_gripped_micro_move,recording,1.379338,-1.744108,9.621776,-0.108224,0.533581,0.154884
623807030.000,YZJ,non_handheld,desk_gripped_micro_move,recording,1.429779,-1.816218,9.560740,-0.112993,0.519576,0.128915
623807040.000,YZJ,non_handheld,desk_gripped_micro_move,recording,1.443237,-1.873557,9.527093,-0.121102,0.525425,0.103518
623807050.000,YZJ,non_handheld,desk_gripped_micro_move,recording,1.325911,-1.842815,9.628436,-0.115089,0.546820,0.101148
623807060.000,YZJ,non_handheld,desk_gripped_micro_move,recording,1.187315,-1.651491,9.630805,-0.110007,0.557268,0.104397
623807070.000,YZJ,non_handheld,desk_gripped_micro_move,recording,1.223716,-1.906512,9.595453,-0.111161,0.527731,0.097782
623807080.000,YZJ,non_handheld,desk_gripped_micro_move,recording,1.008395,-1.680565,9.669505,-0.111949,0.480761,0.103200
623807090.000,YZJ,non_handheld,desk_gripped_micro_move,recording,1.069126,-1.772417,9.641792,-0.104993,0.443858,0.105557
623807100.000,YZJ,non_handheld,desk_gripped_micro_move,recording,0.853030,-1.841943,9.649766,-0.089967,0.371198,0.100456
623807110.000,YZJ,non_handheld,desk_gripped_micro_move,recording,0.998703,-1.707351,9.624650,-0.082669,0.368212,0.088030
623807120.000,YZJ,non_handheld,desk_gripped_micro_move,recording,0.798722,-1.727444,9.633734,-0.074533,0.374801,0.090714
623807130.000,YZJ,non_handheld,desk_gripped_micro_move,recording,0.727972,-1.760197,9.698450,-0.060217,0.316740,0.098331
623807140.000,YZJ,non_handheld,desk_gripped_micro_move,recording,0.792694,-1.689887,9.654474,-0.049733,0.261619,0.088057
623807150.000,YZJ,non_handheld,desk_gripped_micro_move,recording,1.094586,-1.670548,9.609299,-0.035779,0.274845,0.067798
623807160.000,YZJ,non_handheld,desk_gripped_micro_move,recording,0.890301,-1.810794,9.587769,-0.011596,0.329042,0.075081
623807170.000,YZJ,non_handheld,desk_gripped_micro_move,recording,0.792386,-1.785066,9.617594,0.014622,0.394324,0.098620
623807180.000,YZJ,non_handheld,desk_gripped_micro_move,recording,0.810503,-1.826116,9.625362,0.035160,0.452905,0.110624
623807190.000,YZJ,non_handheld,desk_gripped_micro_move,recording,0.579440,-1.821238,9.667439,0.054351,0.431390,0.126381
623807200.000,YZJ,non_handheld,desk_gripped_micro_move,recording,0.766887,-1.918102,9.621375,0.070235,0.397392,0.111881
623807210.000,YZJ,non_handheld,desk_gripped_micro_move,recording,0.823437,-1.904112,9.591036,0.085527,0.424710,0.096701
623807220.000,YZJ,non_handheld,desk_gripped_micro_move,recording,0.703674,-1.885402,9.627993,0.111206,0.478346,0.103119
623807230.000,YZJ,non_handheld,desk_gripped_micro_move,recording,0.477900,-1.707516,9.667996,0.133861,0.522873,0.116434
623807240.000,YZJ,non_handheld,desk_gripped_micro_move,recording,0.501515,-1.712372,9.666686,0.143668,0.560871,0.115869
623807250.000,YZJ,non_handheld,desk_gripped_micro_move,recording,0.411708,-1.898114,9.669366,0.146470,0.549855,0.109346
623807260.000,YZJ,non_handheld,desk_gripped_micro_move,recording,0.429762,-1.773819,9.701973,0.138427,0.535485,0.100216
623807270.000,YZJ,non_handheld,desk_gripped_micro_move,recording,0.309207,-1.675418,9.679764,0.125969,0.525972,0.096752
623807280.000,YZJ,non_handheld,desk_gripped_micro_move,recording,0.188178,-1.731366,9.663990,0.110915,0.518059,0.093515
623807290.000,YZJ,non_handheld,desk_gripped_micro_move,recording,0.090826,-1.799221,9.734599,0.103276,0.481288,0.092546
623807300.000,YZJ,non_handheld,desk_gripped_micro_move,recording,0.323305,-1.986901,9.598977,0.072811,0.396398,0.067823
623807310.000,YZJ,non_handheld,desk_gripped_micro_move,recording,-0.026282,-1.539128,9.667830,0.041993,0.308950,0.067764
623807320.000,YZJ,non_handheld,desk_gripped_micro_move,recording,0.084867,-1.778442,9.647223,0.017185,0.259235,0.057973
623807330.000,YZJ,non_handheld,desk_gripped_micro_move,recording,0.067353,-1.746281,9.694169,0.001559,0.253421,0.043506
623807340.000,YZJ,non_handheld,desk_gripped_micro_move,recording,-0.029180,-1.760793,9.689810,-0.015218,0.252909,0.036931
623807350.000,YZJ,non_handheld,desk_gripped_micro_move,recording,0.035409,-1.718580,9.665960,-0.034165,0.238308,0.034195
623807360.000,YZJ,non_handheld,desk_gripped_micro_move,recording,0.033038,-1.709482,9.670898,-0.044424,0.238567,0.033815
623807370.000,YZJ,non_handheld,desk_gripped_micro_move,recording,-0.046079,-1.786602,9.680352,-0.052372,0.231542,0.032901
623807380.000,YZJ,non_handheld,desk_gripped_micro_move,recording,-0.086264,-1.686459,9.653787,-0.066630,0.199154,0.031875
623807390.000,YZJ,non_handheld,desk_gripped_micro_move,recording,-0.138097,-1.713999,9.619216,-0.080136,0.152551,0.029901
623807400.000,YZJ,non_handheld,desk_gripped_micro_move,recording,-0.144138,-1.831812,9.618956,-0.087394,0.137344,0.029016
623807410.000,YZJ,non_handheld,desk_gripped_micro_move,recording,-0.095049,-1.770176,9.680681,-0.090562,0.140483,0.028483
623807420.000,YZJ,non_handheld,desk_gripped_micro_move,recording,-0.142623,-1.858211,9.637026,-0.092630,0.136160,0.030138
623807430.000,YZJ,non_handheld,desk_gripped_micro_move,recording,-0.087443,-1.757693,9.678123,-0.085614,0.160251,0.028785
623807440.000,YZJ,non_handheld,desk_gripped_micro_move,recording,-0.190892,-1.774032,9.672975,-0.074111,0.175346,0.030846
623807450.000,YZJ,non_handheld,desk_gripped_micro_move,recording,-0.173869,-1.738839,9.674534,-0.064992,0.166020,0.032378
623807460.000,YZJ,non_handheld,desk_gripped_micro_move,recording,-0.189527,-1.539045,9.663497,-0.051464,0.157839,0.033928
623807470.000,YZJ,non_handheld,desk_gripped_micro_move,recording,-0.106716,-1.719343,9.646421,-0.032376,0.159173,0.034016
623807480.000,YZJ,non_handheld,desk_gripped_micro_move,recording,-0.098034,-1.782452,9.712507,-0.011790,0.199893,0.034636
623807490.000,YZJ,non_handheld,desk_gripped_micro_move,recording,-0.183834,-1.863903,9.708713,0.007424,0.269082,0.039781
623807500.000,YZJ,non_handheld,desk_gripped_micro_move,recording,-0.183406,-1.896435,9.694531,0.023962,0.326892,0.045970
623807510.000,YZJ,non_handheld,desk_gripped_micro_move,recording,-0.263947,-1.873106,9.680414,0.038882,0.375870,0.049810
623807520.000,YZJ,non_handheld,desk_gripped_micro_move,recording,-0.389574,-1.846750,9.684195,0.049883,0.392371,0.057087
623807530.000,YZJ,non_handheld,desk_gripped_micro_move,recording,-0.529605,-1.793341,9.532480,0.042401,0.319627,0.066986
623807540.000,YZJ,non_handheld,desk_gripped_micro_move,recording,-0.379649,-1.732898,9.542844,0.021692,0.211706,0.057295
623807550.000,YZJ,non_handheld,desk_gripped_micro_move,recording,-0.572220,-1.756619,9.561394,0.011514,0.145542,0.059777
623807560.000,YZJ,non_handheld,desk_gripped_micro_move,recording,-0.590776,-1.754442,9.616235,0.013228,0.126887,0.070944
623807570.000,YZJ,non_handheld,desk_gripped_micro_move,recording,-0.430681,-1.727121,9.676406,0.030838,0.140026,0.073300
623807580.000,YZJ,non_handheld,desk_gripped_micro_move,recording,-0.542530,-1.775320,9.602124,0.052103,0.126747,0.069521
623807590.000,YZJ,non_handheld,desk_gripped_micro_move,recording,-0.394769,-1.721232,9.586431,0.070255,0.086704,0.055917
623807600.000,YZJ,non_handheld,desk_gripped_micro_move,recording,-0.593446,-1.691720,9.513597,0.086039,0.014341,0.062875
623807610.000,YZJ,non_handheld,desk_gripped_micro_move,recording,-0.587178,-1.726335,9.593292,0.097783,-0.026406,0.084740
623807620.000,YZJ,non_handheld,desk_gripped_micro_move,recording,-0.366126,-1.814233,9.760616,0.128062,0.037965,0.100260
623807630.000,YZJ,non_handheld,desk_gripped_micro_move,recording,-0.498745,-1.883511,9.778271,0.169045,0.162454,0.130500
623807640.000,YZJ,non_handheld,desk_gripped_micro_move,recording,-0.159092,-1.914029,9.837192,0.206585,0.306055,0.142958
623807650.000,YZJ,non_handheld,desk_gripped_micro_move,recording,-0.263810,-1.757142,9.853181,0.237270,0.411636,0.153135
623807660.000,YZJ,non_handheld,desk_gripped_micro_move,recording,-0.613234,-1.716083,9.684259,0.237397,0.427403,0.152412
623807670.000,YZJ,non_handheld,desk_gripped_micro_move,recording,-0.532790,-1.773354,9.538486,0.204584,0.346549,0.124254
623807680.000,YZJ,non_handheld,desk_gripped_micro_move,recording,-0.654545,-1.487709,9.507649,0.169776,0.238473,0.098005
623807690.000,YZJ,non_handheld,desk_gripped_micro_move,recording,-0.682968,-1.594056,9.603401,0.137657,0.188452,0.074817
623807700.000,YZJ,non_handheld,desk_gripped_micro_move,recording,-0.796237,-1.625691,9.621827,0.112722,0.165908,0.059994
623807710.000,YZJ,non_handheld,desk_gripped_micro_move,recording,-0.775549,-1.620550,9.713280,0.101388,0.200560,0.050111
623807720.000,YZJ,non_handheld,desk_gripped_micro_move,recording,-0.862164,-1.645024,9.674798,0.094948,0.229574,0.055078
623807730.000,YZJ,non_handheld,desk_gripped_micro_move,recording,-0.976642,-1.592643,9.691050,0.084894,0.243158,0.073163
623807740.000,YZJ,non_handheld,desk_gripped_micro_move,recording,-0.588328,-1.298992,9.726043,0.082886,0.225968,0.068085
623807750.000,YZJ,non_handheld,desk_gripped_micro_move,recording,-0.784471,-1.542140,9.676506,0.098753,0.238295,0.070267
623807760.000,YZJ,non_handheld,desk_gripped_micro_move,recording,-0.672491,-1.413816,9.825681,0.124461,0.298965,0.066023
623807770.000,YZJ,non_handheld,desk_gripped_micro_move,recording,-0.599505,-1.378688,9.731402,0.130516,0.313459,0.055970
623807780.000,YZJ,non_handheld,desk_gripped_micro_move,recording,-0.847868,-1.534185,9.639819,0.135111,0.309638,0.045442
623807790.000,YZJ,non_handheld,desk_gripped_micro_move,recording,-0.888417,-1.454099,9.677431,0.145633,0.309137,0.027301
623807800.000,YZJ,non_handheld,desk_gripped_micro_move,recording,-0.854304,-1.396352,9.718357,0.155452,0.333846,0.006727
623807810.000,YZJ,non_handheld,desk_gripped_micro_move,recording,-0.933110,-1.486449,9.802703,0.173289,0.387594,-0.001552
623807820.000,YZJ,non_handheld,desk_gripped_micro_move,recording,-1.137202,-1.569921,9.648583,0.184353,0.405952,0.004563
623807830.000,YZJ,non_handheld,desk_gripped_micro_move,recording,-1.282614,-1.549222,9.568957,0.167033,0.378605,0.015004
623807840.000,YZJ,non_handheld,desk_gripped_micro_move,recording,-1.146806,-1.419948,9.535555,0.140875,0.320751,0.025723
623807850.000,YZJ,non_handheld,desk_gripped_micro_move,recording,-1.244167,-1.555225,9.658443,0.113154,0.317086,0.049003
623807860.000,YZJ,non_handheld,desk_gripped_micro_move,recording,-1.353945,-1.591054,9.672334,0.086624,0.352326,0.075780
623807870.000,YZJ,non_handheld,desk_gripped_micro_move,recording,-1.187508,-1.386596,9.792589,0.065224,0.405220,0.088627
623807880.000,YZJ,non_handheld,desk_gripped_micro_move,recording,-1.143408,-1.379091,9.733558,0.059982,0.444344,0.088774
623807890.000,YZJ,non_handheld,desk_gripped_micro_move,recording,-1.158929,-1.353933,9.697437,0.058340,0.464085,0.080622
623807900.000,YZJ,non_handheld,desk_gripped_micro_move,recording,-1.088589,-1.170302,9.679588,0.051387,0.458601,0.061089
623807910.000,YZJ,non_handheld,desk_gripped_micro_move,recording,-1.262405,-1.231706,9.609683,0.053564,0.425802,0.047124
623807920.000,YZJ,non_handheld,desk_gripped_micro_move,recording,-1.382175,-1.263388,9.564061,0.065575,0.411576,0.043238
623807930.000,YZJ,non_handheld,desk_gripped_micro_move,recording,-1.528879,-1.318211,9.699933,0.080361,0.450003,0.051026
623807940.000,YZJ,non_handheld,desk_gripped_micro_move,recording,-1.383962,-1.197056,9.705505,0.095785,0.476752,0.046579
623807950.000,YZJ,non_handheld,desk_gripped_micro_move,recording,-1.574104,-1.321077,9.584666,0.101754,0.473425,0.060780
623807960.000,YZJ,non_handheld,desk_gripped_micro_move,recording,-1.683535,-1.198292,9.399379,0.087664,0.406520,0.076499
623807970.000,YZJ,non_handheld,desk_gripped_micro_move,recording,-1.549422,-1.163441,9.467148,0.077427,0.340558,0.069112
623807980.000,YZJ,non_handheld,desk_gripped_micro_move,recording,-1.551840,-1.371531,9.559350,0.084640,0.329084,0.061841
623807990.000,YZJ,non_handheld,desk_gripped_micro_move,recording,-1.553728,-1.301601,9.804384,0.105778,0.398338,0.058212
623808000.000,YZJ,non_handheld,desk_gripped_micro_move,recording,-1.668104,-1.309920,9.791299,0.128372,0.472365,0.067614
623808010.000,YZJ,non_handheld,desk_gripped_micro_move,recording,-1.924609,-1.267362,9.482910,0.119714,0.468112,0.082418
623808020.000,YZJ,non_handheld,desk_gripped_micro_move,recording,-1.725470,-1.205353,9.491991,0.098940,0.431386,0.077261
623808030.000,YZJ,non_handheld,desk_gripped_micro_move,recording,-1.818966,-1.207346,9.508789,0.086488,0.414361,0.069598
623808040.000,YZJ,non_handheld,desk_gripped_micro_move,recording,-1.904781,-1.221522,9.534456,0.078850,0.411956,0.068292
623808050.000,YZJ,non_handheld,desk_gripped_micro_move,recording,-1.965264,-1.199926,9.561317,0.073386,0.417486,0.062447
623808060.000,YZJ,non_handheld,desk_gripped_micro_move,recording,-1.982459,-1.155654,9.505950,0.068774,0.402767,0.055779
623808070.000,YZJ,non_handheld,desk_gripped_micro_move,recording,-1.989035,-1.115053,9.381713,0.058588,0.347950,0.049964
623808080.000,YZJ,non_handheld,desk_gripped_micro_move,recording,-2.091660,-1.017254,9.350033,0.045682,0.290929,0.036110
623808090.000,YZJ,non_handheld,desk_gripped_micro_move,recording,-2.039823,-1.034413,9.468932,0.041048,0.264099,0.021908
623808100.000,YZJ,non_handheld,desk_gripped_micro_move,recording,-2.127354,-1.189429,9.485871,0.033326,0.255898,0.012635
623808110.000,YZJ,non_handheld,desk_gripped_micro_move,recording,-2.147393,-1.200878,9.511336,0.033343,0.258307,0.007115
623808120.000,YZJ,non_handheld,desk_gripped_micro_move,recording,-2.163545,-1.159296,9.478066,0.032620,0.258529,0.006245
623808130.000,YZJ,non_handheld,desk_gripped_micro_move,recording,-2.170849,-1.149839,9.517874,0.047191,0.268853,0.007816
623808140.000,YZJ,non_handheld,desk_gripped_micro_move,recording,-2.221398,-1.121553,9.535988,0.067150,0.277877,0.015009
623808150.000,YZJ,non_handheld,desk_gripped_micro_move,recording,-2.283156,-1.156780,9.448154,0.072168,0.273538,0.019908
623808160.000,YZJ,non_handheld,desk_gripped_micro_move,recording,-2.316612,-1.239279,9.332887,0.067384,0.241670,0.026282
623808170.000,YZJ,non_handheld,desk_gripped_micro_move,recording,-2.290810,-1.268439,9.362822,0.061946,0.211235,0.034221
623808180.000,YZJ,non_handheld,desk_gripped_micro_move,recording,-2.294675,-1.236051,9.387208,0.049361,0.190101,0.045018
623808190.000,YZJ,non_handheld,desk_gripped_micro_move,recording,-2.281872,-1.153148,9.550894,0.049327,0.208249,0.055589
623808200.000,YZJ,non_handheld,desk_gripped_micro_move,recording,-2.298832,-1.154732,9.577022,0.060939,0.249134,0.063075
623808210.000,YZJ,non_handheld,desk_gripped_micro_move,recording,-2.332894,-1.128027,9.561275,0.068233,0.286533,0.069187
623808220.000,YZJ,non_handheld,desk_gripped_micro_move,recording,-2.384359,-1.105132,9.477941,0.072276,0.302954,0.069388
623808230.000,YZJ,non_handheld,desk_gripped_micro_move,recording,-2.420457,-1.037187,9.449047,0.077586,0.304004,0.063066
623808240.000,YZJ,non_handheld,desk_gripped_micro_move,recording,-2.473260,-0.871540,9.394968,0.084923,0.288731,0.053523
623808250.000,YZJ,non_handheld,desk_gripped_micro_move,recording,-2.496491,-0.925831,9.407296,0.102889,0.272582,0.043465
623808260.000,YZJ,non_handheld,desk_gripped_micro_move,recording,-2.508410,-0.873856,9.383777,0.120244,0.247002,0.037613
623808270.000,YZJ,non_handheld,desk_gripped_micro_move,recording,-2.478575,-0.904635,9.329324,0.136025,0.204263,0.032906
623808280.000,YZJ,non_handheld,desk_gripped_micro_move,recording,-2.599464,-0.946467,9.282404,0.141874,0.162901,0.036878
623808290.000,YZJ,non_handheld,desk_gripped_micro_move,recording,-2.923830,-0.977440,9.204346,0.133554,0.110463,0.067750
623808300.000,YZJ,non_handheld,desk_gripped_micro_move,recording,-2.785898,-0.855303,9.269660,0.128575,0.078086,0.082838
623808310.000,YZJ,non_handheld,desk_gripped_micro_move,recording,-2.656818,-1.158565,9.246647,0.107921,0.043827,0.084082
623808320.000,YZJ,non_handheld,desk_gripped_micro_move,recording,-2.493966,-1.139835,9.410144,0.093991,0.041525,0.070687
623808330.000,YZJ,non_handheld,desk_gripped_micro_move,recording,-2.473604,-1.106878,9.508655,0.100116,0.077572,0.056936
623808340.000,YZJ,non_handheld,desk_gripped_micro_move,recording,-2.465608,-1.130514,9.612443,0.122770,0.142762,0.041449
623808350.000,YZJ,non_handheld,desk_gripped_micro_move,recording,-2.610613,-1.015541,9.578457,0.142043,0.206609,0.035932
623808360.000,YZJ,non_handheld,desk_gripped_micro_move,recording,-2.668848,-0.955775,9.415935,0.147608,0.222008,0.030874
623808370.000,YZJ,non_handheld,desk_gripped_micro_move,recording,-2.670656,-0.944231,9.230570,0.140226,0.184969,0.019595
623808380.000,YZJ,non_handheld,desk_gripped_micro_move,recording,-2.516272,-0.941074,9.379103,0.141337,0.164095,0.000468
623808390.000,YZJ,non_handheld,desk_gripped_micro_move,recording,-2.588789,-1.022050,9.434303,0.149571,0.169054,-0.010071
623808400.000,YZJ,non_handheld,desk_gripped_micro_move,recording,-2.664227,-0.894458,9.384274,0.156064,0.172476,-0.015610
623808410.000,YZJ,non_handheld,desk_gripped_micro_move,recording,-2.705221,-0.869988,9.405024,0.166442,0.179969,-0.021679
623808420.000,YZJ,non_handheld,desk_gripped_micro_move,recording,-2.710738,-0.824868,9.449438,0.185549,0.199379,-0.028183
623808430.000,YZJ,non_handheld,desk_gripped_micro_move,recording,-2.712086,-0.818073,9.530681,0.216399,0.239722,-0.030290
623808440.000,YZJ,non_handheld,desk_gripped_micro_move,recording,-2.724304,-0.766835,9.543895,0.256717,0.285503,-0.034286
623808450.000,YZJ,non_handheld,desk_gripped_micro_move,recording,-2.745559,-0.744148,9.533278,0.310081,0.330352,-0.036315
623808460.000,YZJ,non_handheld,desk_gripped_micro_move,recording,-2.704516,-0.657294,9.686265,0.384810,0.404012,-0.050929
623808470.000,YZJ,non_handheld,desk_gripped_micro_move,recording,-2.903348,-0.679214,9.586444,0.451782,0.466951,-0.051066
623808480.000,YZJ,non_handheld,desk_gripped_micro_move,recording,-2.718279,-0.730883,9.678545,0.519408,0.535370,-0.058568
623808490.000,YZJ,non_handheld,desk_gripped_micro_move,recording,-2.838140,-0.754628,9.246665,0.501702,0.516313,-0.046873
623808500.000,YZJ,non_handheld,desk_gripped_micro_move,recording,-3.152692,-0.565281,8.747826,0.417603,0.376970,-0.017819
623808510.000,YZJ,non_handheld,desk_gripped_micro_move,recording,-3.514334,-0.667263,8.511505,0.307256,0.186289,0.019232
623808520.000,YZJ,non_handheld,desk_gripped_micro_move,recording,-3.192424,-0.697505,8.911598,0.237182,0.094528,0.021409
623808530.000,YZJ,non_handheld,desk_gripped_micro_move,recording,-2.961996,-0.594813,9.388180,0.206024,0.116061,0.013448
623808540.000,YZJ,non_handheld,desk_gripped_micro_move,recording,-3.033895,-0.485602,9.474381,0.200468,0.168581,0.017140
623808550.000,YZJ,non_handheld,desk_gripped_micro_move,recording,-3.055684,-0.459882,9.417111,0.199100,0.212570,0.018694
623808560.000,YZJ,non_handheld,desk_gripped_micro_move,recording,-3.154626,-0.498303,9.350984,0.192650,0.248396,0.025317
623808570.000,YZJ,non_handheld,desk_gripped_micro_move,recording,-3.168180,-0.463129,9.257215,0.191596,0.255963,0.038123
623808580.000,YZJ,non_handheld,desk_gripped_micro_move,recording,-3.063854,-0.408060,9.293611,0.206245,0.253692,0.041023
623808590.000,YZJ,non_handheld,desk_gripped_micro_move,recording,-3.191575,-0.398797,9.304738,0.213162,0.261657,0.041097
623808600.000,YZJ,non_handheld,desk_gripped_micro_move,recording,-3.225662,-0.311313,9.150621,0.185722,0.242929,0.040251
623808610.000,YZJ,non_handheld,desk_gripped_micro_move,recording,-3.344530,-0.292864,8.915091,0.134654,0.171682,0.045473
623808620.000,YZJ,non_handheld,desk_gripped_micro_move,recording,-3.348370,-0.266787,8.872605,0.092345,0.078143,0.051223
623808630.000,YZJ,non_handheld,desk_gripped_micro_move,recording,-3.278659,-0.257579,9.171634,0.097738,0.045700,0.051004
623808640.000,YZJ,non_handheld,desk_gripped_micro_move,recording,-3.176156,-0.173492,9.545449,0.144951,0.113314,0.050745
623808650.000,YZJ,non_handheld,desk_gripped_micro_move,recording,-3.190667,-0.166676,9.619132,0.204186,0.202388,0.052796
623808660.000,YZJ,non_handheld,desk_gripped_micro_move,recording,-3.237233,-0.177757,9.414952,0.259948,0.250404,0.059081
623808670.000,YZJ,non_handheld,desk_gripped_micro_move,recording,-3.336637,-0.134562,9.406064,0.316452,0.288152,0.073317
623808680.000,YZJ,non_handheld,desk_gripped_micro_move,recording,-3.372338,-0.172590,9.385485,0.371601,0.332958,0.086534
623808690.000,YZJ,non_handheld,desk_gripped_micro_move,recording,-3.498179,-0.270472,9.273339,0.417678,0.363838,0.116996
623808700.000,YZJ,non_handheld,desk_gripped_micro_move,recording,-3.711904,-0.351978,9.294002,0.459916,0.414687,0.157478
623808710.000,YZJ,non_handheld,desk_gripped_micro_move,recording,-3.271025,-0.189863,9.454177,0.509049,0.456913,0.140474
623808720.000,YZJ,non_handheld,desk_gripped_micro_move,recording,-2.677485,-0.328497,9.695281,0.560916,0.520747,0.086539
623808730.000,YZJ,non_handheld,desk_gripped_micro_move,recording,-3.560071,-0.124432,9.086521,0.554689,0.527321,0.085072
623808740.000,YZJ,non_handheld,desk_gripped_micro_move,recording,-3.670756,0.072577,8.770674,0.510975,0.455225,0.090672
623808750.000,YZJ,non_handheld,desk_gripped_micro_move,recording,-3.820060,0.155003,8.559849,0.434457,0.333278,0.094239
623808760.000,YZJ,non_handheld,desk_gripped_micro_move,recording,-3.714711,0.224058,8.499309,0.348704,0.188705,0.080478
623808770.000,YZJ,non_handheld,desk_gripped_micro_move,recording,-3.715232,0.239074,8.701597,0.278990,0.086426,0.066189
623808780.000,YZJ,non_handheld,desk_gripped_micro_move,recording,-3.665235,0.285991,8.818079,0.239606,0.017799,0.052764
623808790.000,YZJ,non_handheld,desk_gripped_micro_move,recording,-3.725358,0.323786,8.896305,0.239646,-0.038513,0.043535
623808800.000,YZJ,non_handheld,desk_gripped_micro_move,recording,-3.699083,0.376715,8.948050,0.261769,-0.112263,0.030852
623808810.000,YZJ,non_handheld,desk_gripped_micro_move,recording,-3.305297,0.584145,7.681113,0.217885,-0.395541,-0.047703
623808820.000,YZJ,non_handheld,desk_gripped_micro_move,recording,-4.011832,0.336483,9.720895,0.226897,-0.438211,-0.032736
623808830.000,YZJ,non_handheld,desk_gripped_micro_move,recording,-3.526417,0.216210,8.832670,0.232601,-0.444537,-0.040709
623808840.000,YZJ,non_handheld,desk_gripped_micro_move,recording,-3.437261,0.309619,9.104779,0.224089,-0.417917,-0.057459
623808850.000,YZJ,non_handheld,desk_gripped_micro_move,recording,-3.448807,0.400748,9.363795,0.211822,-0.380100,-0.076194
623808860.000,YZJ,non_handheld,desk_gripped_micro_move,recording,-3.479278,0.408713,9.194751,0.198437,-0.333811,-0.081189
623808870.000,YZJ,non_handheld,desk_gripped_micro_move,recording,-3.638583,0.353732,9.095006,0.178633,-0.306385,-0.073853
623808880.000,YZJ,non_handheld,desk_gripped_micro_move,recording,-3.372661,0.481762,9.254386,0.181392,-0.303824,-0.077513
623808890.000,YZJ,non_handheld,desk_gripped_micro_move,recording,-3.309585,0.477294,9.074905,0.196990,-0.335091,-0.084631
623808900.000,YZJ,non_handheld,desk_gripped_micro_move,recording,-3.402187,0.491619,9.137526,0.210058,-0.362291,-0.084126
623808910.000,YZJ,non_handheld,desk_gripped_micro_move,recording,-3.424092,0.508903,9.126470,0.213363,-0.380781,-0.070860
623808920.000,YZJ,non_handheld,desk_gripped_micro_move,recording,-3.276957,0.462838,9.175896,0.216387,-0.398315,-0.057746
623808930.000,YZJ,non_handheld,desk_gripped_micro_move,recording,-3.204599,0.384304,9.182824,0.219492,-0.423127,-0.043883
623808940.000,YZJ,non_handheld,desk_gripped_micro_move,recording,-3.181792,0.349526,9.205035,0.216510,-0.433540,-0.023862
623808950.000,YZJ,non_handheld,desk_gripped_micro_move,recording,-3.334348,0.464571,9.304879,0.199101,-0.406570,0.005287
623808960.000,YZJ,non_handheld,desk_gripped_micro_move,recording,-3.141846,0.525692,9.315184,0.184091,-0.376712,0.008449
623808970.000,YZJ,non_handheld,desk_gripped_micro_move,recording,-3.051737,0.580895,9.368792,0.169057,-0.341957,0.005482
623808980.000,YZJ,non_handheld,desk_gripped_micro_move,recording,-3.047770,0.485527,9.303374,0.160328,-0.322532,0.009202
623808990.000,YZJ,non_handheld,desk_gripped_micro_move,recording,-3.076757,0.499088,9.308453,0.149583,-0.303304,0.016098
623809000.000,YZJ,non_handheld,desk_gripped_micro_move,recording,-3.001086,0.558991,9.418651,0.127683,-0.255195,0.019499
623809010.000,YZJ,non_handheld,desk_gripped_micro_move,recording,-2.967103,0.624118,9.369950,0.100174,-0.208357,0.024114
623809020.000,YZJ,non_handheld,desk_gripped_micro_move,recording,-2.968115,0.607876,9.347359,0.083945,-0.181358,0.029758
623809030.000,YZJ,non_handheld,desk_gripped_micro_move,recording,-2.921044,0.668923,9.322898,0.080278,-0.179410,0.028952
623809040.000,YZJ,non_handheld,desk_gripped_micro_move,recording,-2.809977,0.737967,9.337085,0.080439,-0.182227,0.022952
623809050.000,YZJ,non_handheld,desk_gripped_micro_move,recording,-2.776636,0.804887,9.363551,0.079628,-0.182737,0.018005
623809060.000,YZJ,non_handheld,desk_gripped_micro_move,recording,-2.927310,0.842802,9.241206,0.079509,-0.199856,0.024886
623809070.000,YZJ,non_handheld,desk_gripped_micro_move,recording,-2.956987,0.755536,9.233028,0.101657,-0.246483,0.039925
623809080.000,YZJ,non_handheld,desk_gripped_micro_move,recording,-2.742553,0.493956,9.231385,0.152401,-0.326015,0.023874
623809090.000,YZJ,non_handheld,desk_gripped_micro_move,recording,-2.672694,0.743390,9.368478,0.170288,-0.344693,-0.001054
623809100.000,YZJ,non_handheld,desk_gripped_micro_move,recording,-2.987234,0.820688,9.394414,0.154453,-0.310600,-0.006990
623809110.000,YZJ,non_handheld,desk_gripped_micro_move,recording,-2.648761,0.695307,9.431213,0.146368,-0.286597,-0.016514
623809120.000,YZJ,non_handheld,desk_gripped_micro_move,recording,-2.670075,0.771292,9.394982,0.146125,-0.284899,-0.027161
623809130.000,YZJ,non_handheld,desk_gripped_micro_move,recording,-2.594514,0.871553,9.409770,0.156853,-0.298025,-0.030976
623809140.000,YZJ,non_handheld,desk_gripped_micro_move,recording,-2.690407,0.851316,9.293129,0.158423,-0.309923,-0.030301
623809150.000,YZJ,non_handheld,desk_gripped_micro_move,recording,-2.628322,0.827093,9.401020,0.157053,-0.313615,-0.031684
623809160.000,YZJ,non_handheld,desk_gripped_micro_move,recording,-2.525706,0.885301,9.438057,0.158278,-0.313461,-0.036084
623809170.000,YZJ,non_handheld,desk_gripped_micro_move,recording,-2.573657,0.835581,9.419126,0.172178,-0.333921,-0.030993
623809180.000,YZJ,non_handheld,desk_gripped_micro_move,recording,-2.837130,0.747573,9.257390,0.178957,-0.355127,-0.019127
623809190.000,YZJ,non_handheld,desk_gripped_micro_move,recording,-2.547082,0.756917,9.514781,0.170445,-0.330714,-0.017611
623809200.000,YZJ,non_handheld,desk_gripped_micro_move,recording,-2.591387,0.775728,9.475433,0.145964,-0.288308,-0.008817
623809210.000,YZJ,non_handheld,desk_gripped_micro_move,recording,-2.520060,0.716458,9.520751,0.119761,-0.242245,0.002321
623809220.000,YZJ,non_handheld,desk_gripped_micro_move,recording,-2.474769,0.759758,9.493389,0.091871,-0.203000,0.020961
623809230.000,YZJ,non_handheld,desk_gripped_micro_move,recording,-2.397930,0.828278,9.518910,0.066010,-0.162645,0.039772
623809240.000,YZJ,non_handheld,desk_gripped_micro_move,recording,-2.344893,0.923856,9.506495,0.041690,-0.130756,0.045338
623809250.000,YZJ,non_handheld,desk_gripped_micro_move,recording,-2.281267,1.003339,9.445197,0.025109,-0.122668,0.045598
623809260.000,YZJ,non_handheld,desk_gripped_micro_move,recording,-2.210837,1.059392,9.058406,-0.015836,-0.228333,0.036518
623809270.000,YZJ,non_handheld,desk_gripped_micro_move,recording,-2.118862,0.964579,8.986046,-0.050214,-0.376142,0.011655
623809280.000,YZJ,non_handheld,desk_gripped_micro_move,recording,-2.616849,0.964747,9.281087,-0.059925,-0.436731,0.023513
623809290.000,YZJ,non_handheld,desk_gripped_micro_move,recording,-2.147986,0.868422,9.491171,-0.050648,-0.442954,0.001523
623809300.000,YZJ,non_handheld,desk_gripped_micro_move,recording,-2.299732,0.948093,9.824134,-0.030803,-0.357558,-0.008874
623809310.000,YZJ,non_handheld,desk_gripped_micro_move,recording,-2.399845,0.738095,9.813972,-0.006768,-0.249781,0.002354
623809320.000,YZJ,non_handheld,desk_gripped_micro_move,recording,-2.236161,0.797541,9.736486,0.008363,-0.173440,0.000189
623809330.000,YZJ,non_handheld,desk_gripped_micro_move,recording,-2.192163,0.844896,9.646749,0.014550,-0.130132,-0.004184
623809340.000,YZJ,non_handheld,desk_gripped_micro_move,recording,-2.169112,0.814893,9.517296,0.011487,-0.118921,-0.001978
623809350.000,YZJ,non_handheld,desk_gripped_micro_move,recording,-2.206171,0.831931,9.427194,0.002770,-0.134095,0.000652
623809360.000,YZJ,non_handheld,desk_gripped_micro_move,recording,-2.115940,0.905588,9.490321,0.004022,-0.150338,0.001207
623809370.000,YZJ,non_handheld,desk_gripped_micro_move,recording,-2.109226,0.873345,9.554186,0.011442,-0.152993,0.000633
623809380.000,YZJ,non_handheld,desk_gripped_micro_move,recording,-2.102181,0.887664,9.581257,0.016371,-0.141492,-0.000808
623809390.000,YZJ,non_handheld,desk_gripped_micro_move,recording,-2.135090,0.847007,9.578134,0.022434,-0.120647,0.000064
623809400.000,YZJ,non_handheld,desk_gripped_micro_move,recording,-2.078459,0.844260,9.675740,0.033864,-0.082612,-0.000117
623809410.000,YZJ,non_handheld,desk_gripped_micro_move,recording,-2.051286,0.856451,9.703665,0.041412,-0.033432,-0.006755
623809420.000,YZJ,non_handheld,desk_gripped_micro_move,recording,-2.063725,0.834969,9.643609,0.041829,0.005116,-0.008437
623809430.000,YZJ,non_handheld,desk_gripped_micro_move,recording,-2.067986,0.881573,9.597353,0.037812,0.031833,-0.003833
623809440.000,YZJ,non_handheld,desk_gripped_micro_move,recording,-2.098047,0.914790,9.520841,0.024833,0.039249,0.000833
623809450.000,YZJ,non_handheld,desk_gripped_micro_move,recording,-2.153648,0.889777,9.399172,0.009547,0.014732,0.012852
623809460.000,YZJ,non_handheld,desk_gripped_micro_move,recording,-2.147337,0.909520,9.359236,-0.003076,-0.024248,0.022917
623809470.000,YZJ,non_handheld,desk_gripped_micro_move,recording,-2.130174,0.901282,9.366439,-0.020076,-0.057957,0.027672
623809480.000,YZJ,non_handheld,desk_gripped_micro_move,recording,-2.051437,0.942870,9.534259,-0.028893,-0.060671,0.022125
623809490.000,YZJ,non_handheld,desk_gripped_micro_move,recording,-2.046712,0.926354,9.564758,-0.030970,-0.054902,0.014710
623809500.000,YZJ,non_handheld,desk_gripped_micro_move,recording,-2.027385,0.916874,9.599621,-0.021321,-0.036585,0.004196
623809510.000,YZJ,non_handheld,desk_gripped_micro_move,recording,-1.987158,0.922970,9.696184,-0.005909,-0.003117,-0.006731
623809520.000,YZJ,non_handheld,desk_gripped_micro_move,recording,-1.998995,0.891964,9.744665,0.016634,0.044032,-0.015996
623809530.000,YZJ,non_handheld,desk_gripped_micro_move,recording,-2.022181,0.882406,9.687681,0.038994,0.074611,-0.016963
623809540.000,YZJ,non_handheld,desk_gripped_micro_move,recording,-2.064152,0.884108,9.573915,0.051683,0.088137,-0.018342
623809550.000,YZJ,non_handheld,desk_gripped_micro_move,recording,-2.104781,0.883133,9.537096,0.055126,0.089617,-0.010541
623809560.000,YZJ,non_handheld,desk_gripped_micro_move,recording,-2.145462,0.870051,9.478272,0.046617,0.081738,0.006073
623809570.000,YZJ,non_handheld,desk_gripped_micro_move,recording,-2.123692,0.917337,9.466624,0.023808,0.077807,0.015630
623809580.000,YZJ,non_handheld,desk_gripped_micro_move,recording,-2.172439,0.940821,9.322996,-0.015537,0.049175,0.026207
623809590.000,YZJ,non_handheld,desk_gripped_micro_move,recording,-2.216557,0.931212,9.202616,-0.057962,-0.013643,0.034802
623809600.000,YZJ,non_handheld,desk_gripped_micro_move,recording,-2.140107,0.897124,9.353908,-0.081580,-0.057016,0.032525
623809610.000,YZJ,non_handheld,desk_gripped_micro_move,recording,-2.034758,0.927460,9.642741,-0.064309,-0.045337,0.020841
623809620.000,YZJ,non_handheld,desk_gripped_micro_move,recording,-1.998611,0.896578,9.809341,-0.021559,0.007676,0.009923
623809630.000,YZJ,non_handheld,desk_gripped_micro_move,recording,-2.045962,0.878971,9.784294,0.016321,0.059028,0.005753
623809640.000,YZJ,non_handheld,desk_gripped_micro_move,recording,-2.118625,0.893015,9.555420,0.036178,0.063127,0.005062
623809650.000,YZJ,non_handheld,desk_gripped_micro_move,recording,-2.129822,0.930023,9.413478,0.037985,0.031841,-0.000998
623809660.000,YZJ,non_handheld,desk_gripped_micro_move,recording,-2.126460,0.928906,9.443416,0.036547,0.008520,-0.003178
623809670.000,YZJ,non_handheld,desk_gripped_micro_move,recording,-2.117853,0.888336,9.550781,0.036884,0.016874,-0.000709
623809680.000,YZJ,non_handheld,desk_gripped_micro_move,recording,-2.105081,0.919779,9.577038,0.023318,0.041843,0.003060
623809690.000,YZJ,non_handheld,desk_gripped_micro_move,recording,-2.100427,0.934095,9.506459,-0.003227,0.054289,0.004000
623809700.000,YZJ,non_handheld,desk_gripped_micro_move,recording,-2.193861,0.830817,9.335786,-0.039947,0.030376,0.011660
623809710.000,YZJ,non_handheld,desk_gripped_micro_move,recording,-2.182461,0.871815,9.371226,-0.065611,0.003244,0.020495
623809720.000,YZJ,non_handheld,desk_gripped_micro_move,recording,-2.107405,0.897353,9.495433,-0.071294,-0.005083,0.021106
623809730.000,YZJ,non_handheld,desk_gripped_micro_move,recording,-2.047544,0.911905,9.648667,-0.053017,0.011543,0.017060
623809740.000,YZJ,non_handheld,desk_gripped_micro_move,recording,-2.066953,0.950181,9.664249,-0.024023,0.040553,0.010688
623809750.000,YZJ,non_handheld,desk_gripped_micro_move,recording,-2.069282,0.915770,9.705948,0.012255,0.070277,0.002877
623809760.000,YZJ,non_handheld,desk_gripped_micro_move,recording,-2.100868,0.882520,9.659118,0.044994,0.086876,-0.000011
623809770.000,YZJ,non_handheld,desk_gripped_micro_move,recording,-2.145803,0.879220,9.499137,0.058870,0.079259,-0.001581
623809780.000,YZJ,non_handheld,desk_gripped_micro_move,recording,-2.056032,0.898463,9.442132,0.048835,0.056110,-0.013739
623809790.000,YZJ,non_handheld,desk_gripped_micro_move,recording,-1.897881,0.785345,9.330277,0.023492,-0.001285,-0.040028
623809800.000,YZJ,non_handheld,desk_gripped_micro_move,recording,-2.327931,0.835472,9.430427,0.001182,-0.020160,-0.024545
623809810.000,YZJ,non_handheld,desk_gripped_micro_move,recording,-2.378088,1.026371,9.401614,-0.018095,-0.018522,-0.011790
623809820.000,YZJ,non_handheld,desk_gripped_micro_move,recording,-2.048840,0.848036,9.623798,-0.024157,0.004848,-0.024029
623809830.000,YZJ,non_handheld,desk_gripped_micro_move,recording,-2.010283,0.822166,9.653895,-0.018649,0.043985,-0.024706
623809840.000,YZJ,non_handheld,desk_gripped_micro_move,recording,-2.289166,1.006629,9.598761,-0.011121,0.075238,-0.015721
623809850.000,YZJ,non_handheld,desk_gripped_micro_move,recording,-1.894812,0.828721,9.645442,-0.001780,0.092799,-0.032468
623809860.000,YZJ,non_handheld,desk_gripped_micro_move,recording,-2.057253,0.890247,9.713351,0.015599,0.133624,-0.033226
623809870.000,YZJ,non_handheld,desk_gripped_micro_move,recording,-2.280741,0.955167,9.604763,0.026815,0.175919,-0.017853
623809880.000,YZJ,non_handheld,desk_gripped_micro_move,recording,-2.549905,1.005516,9.545445,0.029146,0.207919,0.001549
623809890.000,YZJ,non_handheld,desk_gripped_micro_move,recording,-2.133921,0.899855,9.491279,0.029948,0.211085,0.000348
623809900.000,YZJ,non_handheld,desk_gripped_micro_move,recording,-2.248201,0.874100,9.575646,0.037549,0.226795,-0.002331
623809910.000,YZJ,non_handheld,desk_gripped_micro_move,recording,-2.222680,0.896290,9.605666,0.044512,0.261074,-0.007796
623809920.000,YZJ,non_handheld,desk_gripped_micro_move,recording,-2.248431,0.914773,9.554217,0.042003,0.292510,-0.014543
623809930.000,YZJ,non_handheld,desk_gripped_micro_move,recording,-2.389533,0.909811,9.343588,0.020078,0.265024,-0.013455
623809940.000,YZJ,non_handheld,desk_gripped_micro_move,recording,-2.442931,0.931740,8.855898,-0.045960,0.110487,-0.013369
623809950.000,YZJ,non_handheld,desk_gripped_micro_move,recording,-2.478086,1.018508,9.217764,-0.062288,0.061097,-0.000054
623809960.000,YZJ,non_handheld,desk_gripped_micro_move,recording,-2.229606,0.862560,9.372353,-0.052191,0.034611,-0.002959
623809970.000,YZJ,non_handheld,desk_gripped_micro_move,recording,-2.399571,0.918561,9.634787,-0.028432,0.036311,-0.001195
623809980.000,YZJ,non_handheld,desk_gripped_micro_move,recording,-2.587337,1.011307,9.457353,-0.000073,0.050920,0.011277
623809990.000,YZJ,non_handheld,desk_gripped_micro_move,recording,-2.474739,1.022085,9.422944,0.023457,0.039174,0.011247
623810000.000,YZJ,non_handheld,desk_gripped_micro_move,recording,-2.369160,0.939226,9.438492,0.027563,0.026494,0.000231
623810010.000,YZJ,non_handheld,desk_gripped_micro_move,recording,-2.470587,0.892272,9.150873,0.004483,-0.015921,-0.001062
623810020.000,YZJ,non_handheld,desk_gripped_micro_move,recording,-2.323943,0.904621,9.683322,0.005765,-0.000681,-0.000785
623810030.000,YZJ,non_handheld,desk_gripped_micro_move,recording,-2.431408,0.841071,9.351021,0.004963,-0.001403,-0.001625
623810040.000,YZJ,non_handheld,desk_gripped_micro_move,recording,-2.376380,0.860068,9.514404,-0.000920,0.009480,0.000157
623810050.000,YZJ,non_handheld,desk_gripped_micro_move,recording,-2.364881,0.925854,9.491382,-0.006926,0.022738,0.001412
623810060.000,YZJ,non_handheld,desk_gripped_micro_move,recording,-2.369013,0.931901,9.450026,-0.009336,0.027030,-0.000547
623810070.000,YZJ,non_handheld,desk_gripped_micro_move,recording,-2.369493,0.946613,9.426141,-0.010587,0.021549,-0.000121
623810080.000,YZJ,non_handheld,desk_gripped_micro_move,recording,-2.387235,0.962334,9.412873,-0.014944,0.010780,-0.001794
623810090.000,YZJ,non_handheld,desk_gripped_micro_move,recording,-2.427989,0.938807,9.378542,-0.018337,-0.010997,-0.001672
623810100.000,YZJ,non_handheld,desk_gripped_micro_move,recording,-2.398617,0.925146,9.376526,-0.019478,-0.032477,-0.000049
623810110.000,YZJ,non_handheld,desk_gripped_micro_move,recording,-2.394925,0.916751,9.436991,-0.018811,-0.037289,0.000078
623810120.000,YZJ,non_handheld,desk_gripped_micro_move,recording,-2.392593,0.912355,9.420295,-0.020955,-0.046570,0.000097
623810130.000,YZJ,non_handheld,desk_gripped_micro_move,recording,-2.389815,0.911614,9.385675,-0.033119,-0.060382,-0.004471
623810140.000,YZJ,non_handheld,desk_gripped_micro_move,recording,-2.401002,0.882244,9.380229,-0.046831,-0.079597,-0.007681
623810150.000,YZJ,non_handheld,desk_gripped_micro_move,recording,-2.371453,0.883241,9.449245,-0.054834,-0.077383,-0.008792
623810160.000,YZJ,non_handheld,desk_gripped_micro_move,recording,-2.342501,0.852712,9.546304,-0.055829,-0.051903,-0.008254
623810170.000,YZJ,non_handheld,desk_gripped_micro_move,recording,-2.340364,0.851060,9.574166,-0.055651,-0.025008,-0.005300
623810180.000,YZJ,non_handheld,desk_gripped_micro_move,recording,-2.334062,0.850264,9.472630,-0.053939,-0.016362,-0.002152
623810190.000,YZJ,non_handheld,desk_gripped_micro_move,recording,-2.321903,0.826054,9.456210,-0.049614,-0.020932,-0.003107
623810200.000,YZJ,non_handheld,desk_gripped_micro_move,recording,-2.326880,0.856044,9.509287,-0.044988,-0.013249,-0.005639
623810210.000,YZJ,non_handheld,desk_gripped_micro_move,recording,-2.293896,0.884215,9.573751,-0.036330,0.004115,-0.011155
623810220.000,YZJ,non_handheld,desk_gripped_micro_move,recording,-2.309497,0.873618,9.532453,-0.027061,0.015431,-0.018040
623810230.000,YZJ,non_handheld,desk_gripped_micro_move,recording,-2.304428,0.844291,9.469034,-0.023940,0.017982,-0.024123
623810240.000,YZJ,non_handheld,desk_gripped_micro_move,recording,-2.297686,0.807445,9.514362,-0.016500,0.020705,-0.029472
623810250.000,YZJ,non_handheld,desk_gripped_micro_move,recording,-2.297775,0.845196,9.522001,-0.008307,0.025173,-0.030478
623810260.000,YZJ,non_handheld,desk_gripped_micro_move,recording,-2.312458,0.845997,9.499424,-0.005706,0.028068,-0.034126
623810270.000,YZJ,non_handheld,desk_gripped_micro_move,recording,-2.385477,0.877569,9.436248,-0.008168,0.030811,-0.029628
623810280.000,YZJ,non_handheld,desk_gripped_micro_move,recording,-2.355548,0.867208,9.456317,-0.013096,0.032174,-0.025938
623810290.000,YZJ,non_handheld,desk_gripped_micro_move,recording,-2.374502,0.806848,9.399088,-0.029311,0.029296,-0.020751
623810300.000,YZJ,non_handheld,desk_gripped_micro_move,recording,-2.629662,0.908191,9.362201,-0.058632,0.030169,-0.000246
623810310.000,YZJ,non_handheld,desk_gripped_micro_move,recording,-2.422830,0.864821,9.289581,-0.092414,0.004791,0.006176
623810320.000,YZJ,non_handheld,desk_gripped_micro_move,recording,-2.467281,0.790314,9.308690,-0.120678,-0.021522,0.009437
623810330.000,YZJ,non_handheld,desk_gripped_micro_move,recording,-2.373491,0.838755,9.375294,-0.142357,-0.037824,0.007252
623810340.000,YZJ,non_handheld,desk_gripped_micro_move,recording,-2.343373,0.813474,9.445529,-0.150736,-0.047725,0.000126
623810350.000,YZJ,non_handheld,desk_gripped_micro_move,recording,-2.329050,0.780020,9.555712,-0.140860,-0.028417,-0.007862
623810360.000,YZJ,non_handheld,desk_gripped_micro_move,recording,-2.317846,0.936063,9.638374,-0.121719,0.013112,-0.020285
623810370.000,YZJ,non_handheld,desk_gripped_micro_move,recording,-2.307851,0.855162,9.605073,-0.099949,0.037023,-0.026503
623810380.000,YZJ,non_handheld,desk_gripped_micro_move,recording,-2.349835,0.767831,9.532967,-0.086689,0.044986,-0.026202
623810390.000,YZJ,non_handheld,desk_gripped_micro_move,recording,-2.384883,0.772026,9.476707,-0.076959,0.044663,-0.026179
623810400.000,YZJ,non_handheld,desk_gripped_micro_move,recording,-2.398408,0.728105,9.426895,-0.074207,0.032546,-0.021568
623810410.000,YZJ,non_handheld,desk_gripped_micro_move,recording,-2.423251,0.725659,9.420034,-0.083149,0.016957,-0.018157
623810420.000,YZJ,non_handheld,desk_gripped_micro_move,recording,-2.444913,0.692961,9.337587,-0.093573,-0.013806,-0.010624
623810430.000,YZJ,non_handheld,desk_gripped_micro_move,recording,-2.423166,0.664026,9.409395,-0.097315,-0.037150,-0.001745
623810440.000,YZJ,non_handheld,desk_gripped_micro_move,recording,-2.376184,0.699870,9.484301,-0.094701,-0.037710,0.002549
623810450.000,YZJ,non_handheld,desk_gripped_micro_move,recording,-2.365505,0.654936,9.523040,-0.089587,-0.025969,0.006076
623810460.000,YZJ,non_handheld,desk_gripped_micro_move,recording,-2.347242,0.627502,9.576076,-0.083139,-0.006493,0.005472
623810470.000,YZJ,non_handheld,desk_gripped_micro_move,recording,-2.328099,0.602572,9.539179,-0.081156,0.009503,0.003783
623810480.000,YZJ,non_handheld,desk_gripped_micro_move,recording,-2.353673,0.640336,9.458810,-0.080396,0.007414,0.000636
623810490.000,YZJ,non_handheld,desk_gripped_micro_move,recording,-2.364342,0.673862,9.455312,-0.078617,-0.005134,-0.002631
623810500.000,YZJ,non_handheld,desk_gripped_micro_move,recording,-2.386526,0.684659,9.422825,-0.069143,-0.026306,-0.002367
623810510.000,YZJ,non_handheld,desk_gripped_micro_move,recording,-2.435007,0.704397,9.518566,-0.050341,-0.025464,0.000596
623810520.000,YZJ,non_handheld,desk_gripped_micro_move,recording,-2.368791,0.689607,9.554028,-0.033663,-0.013085,0.001870
623810530.000,YZJ,non_handheld,desk_gripped_micro_move,recording,-2.356345,0.647608,9.501007,-0.027509,-0.009329,-0.002756
623810540.000,YZJ,non_handheld,desk_gripped_micro_move,recording,-2.388340,0.657360,9.464876,-0.030076,-0.014972,-0.004386
623810550.000,YZJ,non_handheld,desk_gripped_micro_move,recording,-2.371822,0.623208,9.413592,-0.038082,-0.028464,-0.005558
623810560.000,YZJ,non_handheld,desk_gripped_micro_move,recording,-2.379917,0.572250,9.481571,-0.044350,-0.027004,-0.005718
623810570.000,YZJ,non_handheld,desk_gripped_micro_move,recording,-2.353817,0.621868,9.514539,-0.051815,-0.017584,-0.009381
623810580.000,YZJ,non_handheld,desk_gripped_micro_move,recording,-2.335169,0.623519,9.537839,-0.050568,-0.004756,-0.010302
623810590.000,YZJ,non_handheld,desk_gripped_micro_move,recording,-2.374315,0.634711,9.518189,-0.049562,0.001620,-0.005771
623810600.000,YZJ,non_handheld,desk_gripped_micro_move,recording,-2.366748,0.639701,9.438390,-0.054548,-0.000742,-0.002378
623810610.000,YZJ,non_handheld,desk_gripped_micro_move,recording,-2.365219,0.629490,9.463719,-0.056752,-0.006898,-0.001960
623810620.000,YZJ,non_handheld,desk_gripped_micro_move,recording,-2.377083,0.595984,9.473437,-0.055161,-0.013309,0.002156
623810630.000,YZJ,non_handheld,desk_gripped_micro_move,recording,-2.378925,0.591090,9.457551,-0.056558,-0.024951,0.004487
623810640.000,YZJ,non_handheld,desk_gripped_micro_move,recording,-2.376688,0.551110,9.475648,-0.061157,-0.027413,0.002942
623810650.000,YZJ,non_handheld,desk_gripped_micro_move,recording,-2.341582,0.562704,9.527577,-0.061558,-0.012960,0.003537
623810660.000,YZJ,non_handheld,desk_gripped_micro_move,recording,-2.350275,0.551553,9.534036,-0.055803,-0.004327,0.008184
623810670.000,YZJ,non_handheld,desk_gripped_micro_move,recording,-2.338520,0.577646,9.490874,-0.054906,-0.004909,0.008198
623810680.000,YZJ,non_handheld,desk_gripped_micro_move,recording,-2.358195,0.603324,9.415221,-0.062703,-0.022405,0.004775
623810690.000,YZJ,non_handheld,desk_gripped_micro_move,recording,-2.361999,0.605817,9.411436,-0.071895,-0.038216,-0.002043
623810700.000,YZJ,non_handheld,desk_gripped_micro_move,recording,-2.307062,0.597184,9.498685,-0.071845,-0.039285,-0.007896
623810710.000,YZJ,non_handheld,desk_gripped_micro_move,recording,-2.320084,0.590256,9.541234,-0.070804,-0.026745,-0.015352
623810720.000,YZJ,non_handheld,desk_gripped_micro_move,recording,-2.323642,0.544094,9.482550,-0.078282,-0.025437,-0.016715
623810730.000,YZJ,non_handheld,desk_gripped_micro_move,recording,-2.350111,0.513515,9.493234,-0.081825,-0.025331,-0.014850
623810740.000,YZJ,non_handheld,desk_gripped_micro_move,recording,-2.322542,0.478404,9.594412,-0.075792,-0.011266,-0.010534
623810750.000,YZJ,non_handheld,desk_gripped_micro_move,recording,-2.322084,0.461664,9.607041,-0.061312,0.015815,-0.003848
623810760.000,YZJ,non_handheld,desk_gripped_micro_move,recording,-2.318351,0.488971,9.629083,-0.034507,0.043641,0.003355
623810770.000,YZJ,non_handheld,desk_gripped_micro_move,recording,-2.319494,0.529049,9.631060,-0.004724,0.066025,0.009521
623810780.000,YZJ,non_handheld,desk_gripped_micro_move,recording,-2.351794,0.523687,9.557323,0.015125,0.073504,0.007308
623810790.000,YZJ,non_handheld,desk_gripped_micro_move,recording,-2.352419,0.511494,9.442556,0.021275,0.058203,0.003948
623810800.000,YZJ,non_handheld,desk_gripped_micro_move,recording,-2.416633,0.557409,9.290827,0.007268,0.007126,-0.003050
623810810.000,YZJ,non_handheld,desk_gripped_micro_move,recording,-2.389631,0.585057,9.269906,-0.013734,-0.045425,-0.016984
623810820.000,YZJ,non_handheld,desk_gripped_micro_move,recording,-2.367917,0.582566,9.355442,-0.036029,-0.081435,-0.028371
623810830.000,YZJ,non_handheld,desk_gripped_micro_move,recording,-2.340905,0.543068,9.445567,-0.051829,-0.088624,-0.034215
623810840.000,YZJ,non_handheld,desk_gripped_micro_move,recording,-2.331999,0.521299,9.491357,-0.067998,-0.086962,-0.036471
623810850.000,YZJ,non_handheld,desk_gripped_micro_move,recording,-2.316969,0.487640,9.539596,-0.073948,-0.070217,-0.034791
623810860.000,YZJ,non_handheld,desk_gripped_micro_move,recording,-2.324155,0.459725,9.539880,-0.077127,-0.060612,-0.027396
623810870.000,YZJ,non_handheld,desk_gripped_micro_move,recording,-2.296806,0.499473,9.557261,-0.075144,-0.041743,-0.032438
623810880.000,YZJ,non_handheld,desk_gripped_micro_move,recording,-2.230809,0.461717,9.694966,-0.064508,0.003929,-0.045405
623810890.000,YZJ,non_handheld,desk_gripped_micro_move,recording,-2.275936,0.404000,9.654099,-0.055752,0.049383,-0.052743
623810900.000,YZJ,non_handheld,desk_gripped_micro_move,recording,-2.289644,0.464173,9.613210,-0.052876,0.076947,-0.050269
623810910.000,YZJ,non_handheld,desk_gripped_micro_move,recording,-2.349128,0.494189,9.506584,-0.057772,0.081203,-0.040190
623810920.000,YZJ,non_handheld,desk_gripped_micro_move,recording,-2.352814,0.459169,9.444796,-0.075780,0.079980,-0.032279
623810930.000,YZJ,non_handheld,desk_gripped_micro_move,recording,-2.382260,0.423790,9.406931,-0.098231,0.068432,-0.019808
623810940.000,YZJ,non_handheld,desk_gripped_micro_move,recording,-2.416897,0.400323,9.418568,-0.121266,0.051007,-0.006441
623810950.000,YZJ,non_handheld,desk_gripped_micro_move,recording,-2.395703,0.429830,9.358769,-0.147659,0.027852,-0.001901
623810960.000,YZJ,non_handheld,desk_gripped_micro_move,recording,-2.344964,0.443228,9.404790,-0.171916,0.009001,-0.008430
623810970.000,YZJ,non_handheld,desk_gripped_micro_move,recording,-2.260424,0.343884,9.422184,-0.191141,-0.015060,-0.022238
623810980.000,YZJ,non_handheld,desk_gripped_micro_move,recording,-1.995861,0.244479,9.428475,-0.212535,-0.049976,-0.057410
623810990.000,YZJ,non_handheld,desk_gripped_micro_move,recording,-2.212962,0.293387,9.558303,-0.214876,-0.057370,-0.065082
623811000.000,YZJ,non_handheld,desk_gripped_micro_move,recording,-2.800542,0.413101,9.528899,-0.202122,-0.031151,-0.033642
623811010.000,YZJ,non_handheld,desk_gripped_micro_move,recording,-2.323697,0.436502,9.541300,-0.175788,-0.018098,-0.031011
623811020.000,YZJ,non_handheld,desk_gripped_micro_move,recording,-2.423286,0.269561,9.653284,-0.148949,0.011210,-0.025323
623811030.000,YZJ,non_handheld,desk_gripped_micro_move,recording,-2.410828,0.251346,9.536274,-0.142001,0.017900,-0.014984
623811040.000,YZJ,non_handheld,desk_gripped_micro_move,recording,-2.423123,0.240928,9.403266,-0.146333,0.000492,-0.007819
623811050.000,YZJ,non_handheld,desk_gripped_micro_move,recording,-2.439315,0.205062,9.404347,-0.151230,-0.021059,-0.001405
623811060.000,YZJ,non_handheld,desk_gripped_micro_move,recording,-2.362094,0.223464,9.543238,-0.150057,-0.021135,0.001840
623811070.000,YZJ,non_handheld,desk_gripped_micro_move,recording,-2.306798,0.204648,9.605794,-0.140562,0.005384,0.000226
623811080.000,YZJ,non_handheld,desk_gripped_micro_move,recording,-2.311511,0.189837,9.641692,-0.132857,0.039270,-0.002180
623811090.000,YZJ,non_handheld,desk_gripped_micro_move,recording,-2.361857,0.188699,9.486993,-0.133689,0.045862,-0.003839
623811100.000,YZJ,non_handheld,desk_gripped_micro_move,recording,-2.383830,0.169287,9.443257,-0.137380,0.027690,-0.002183
623811110.000,YZJ,non_handheld,desk_gripped_micro_move,recording,-2.432466,0.147616,9.361680,-0.144552,-0.015157,0.002833
623811120.000,YZJ,non_handheld,desk_gripped_micro_move,recording,-2.374238,0.157446,9.376897,-0.150279,-0.049842,0.003235
623811130.000,YZJ,non_handheld,desk_gripped_micro_move,recording,-2.355299,0.122457,9.461097,-0.144407,-0.062266,0.001132
623811140.000,YZJ,non_handheld,desk_gripped_micro_move,recording,-2.283746,0.107344,9.698081,-0.119109,-0.028502,-0.002041
623811150.000,YZJ,non_handheld,desk_gripped_micro_move,recording,-2.282794,0.102906,9.706213,-0.087579,0.016578,-0.008182
623811160.000,YZJ,non_handheld,desk_gripped_micro_move,recording,-2.314985,0.088998,9.647814,-0.068020,0.047779,-0.013414
623811170.000,YZJ,non_handheld,desk_gripped_micro_move,recording,-2.350139,0.113958,9.483610,-0.065934,0.046088,-0.019502
623811180.000,YZJ,non_handheld,desk_gripped_micro_move,recording,-2.397435,0.091521,9.353031,-0.074935,0.010925,-0.022047
623811190.000,YZJ,non_handheld,desk_gripped_micro_move,recording,-2.406654,0.104895,9.339986,-0.094937,-0.032475,-0.020838
623811200.000,YZJ,non_handheld,desk_gripped_micro_move,recording,-2.383092,0.082556,9.422566,-0.112687,-0.053540,-0.022586
623811210.000,YZJ,non_handheld,desk_gripped_micro_move,recording,-2.329421,0.057177,9.494532,-0.123496,-0.054310,-0.024119
623811220.000,YZJ,non_handheld,desk_gripped_micro_move,recording,-2.351096,0.013068,9.534741,-0.127370,-0.047981,-0.020365
623811230.000,YZJ,non_handheld,desk_gripped_micro_move,recording,-2.329274,0.040273,9.533467,-0.128085,-0.040319,-0.016222
623811240.000,YZJ,non_handheld,desk_gripped_micro_move,recording,-2.321782,0.004451,9.583467,-0.121527,-0.024372,-0.013449
623811250.000,YZJ,non_handheld,desk_gripped_micro_move,recording,-2.314362,-0.020495,9.559845,-0.120379,-0.006702,-0.009260
623811260.000,YZJ,non_handheld,desk_gripped_micro_move,recording,-2.312051,-0.049597,9.547610,-0.123050,0.003975,-0.003800
623811270.000,YZJ,non_handheld,desk_gripped_micro_move,recording,-2.339675,-0.059637,9.541448,-0.127649,0.015591,0.001770
623811280.000,YZJ,non_handheld,desk_gripped_micro_move,recording,-2.325983,-0.075068,9.528220,-0.133642,0.028972,0.007828
623811290.000,YZJ,non_handheld,desk_gripped_micro_move,recording,-2.335398,-0.080615,9.551544,-0.143424,0.045192,0.012047
623811300.000,YZJ,non_handheld,desk_gripped_micro_move,recording,-2.328346,-0.099494,9.517646,-0.160433,0.052547,0.017532
623811310.000,YZJ,non_handheld,desk_gripped_micro_move,recording,-2.273798,-0.149282,9.465778,-0.185794,0.045839,0.012603
623811320.000,YZJ,non_handheld,desk_gripped_micro_move,recording,-2.306511,-0.147943,9.494407,-0.198489,0.032046,0.003701
623811330.000,YZJ,non_handheld,desk_gripped_micro_move,recording,-2.414637,-0.113655,9.381795,-0.215358,0.007044,-0.002261
623811340.000,YZJ,non_handheld,desk_gripped_micro_move,recording,-2.449927,-0.072253,9.444846,-0.216593,-0.009148,-0.007971
623811350.000,YZJ,non_handheld,desk_gripped_micro_move,recording,-2.359851,-0.122252,9.502483,-0.209743,-0.019975,-0.017632
623811360.000,YZJ,non_handheld,desk_gripped_micro_move,recording,-2.360658,-0.163859,9.377581,-0.214453,-0.061881,-0.024834
623811370.000,YZJ,non_handheld,desk_gripped_micro_move,recording,-2.392852,-0.218671,9.312390,-0.227902,-0.113336,-0.030971
623811380.000,YZJ,non_handheld,desk_gripped_micro_move,recording,-2.310766,-0.227143,9.464301,-0.234268,-0.131326,-0.037212
623811390.000,YZJ,non_handheld,desk_gripped_micro_move,recording,-2.318840,-0.233078,9.564848,-0.231458,-0.127303,-0.040267
623811400.000,YZJ,non_handheld,desk_gripped_micro_move,recording,-2.231159,-0.342114,9.581807,-0.221379,-0.110970,-0.046136
623811410.000,YZJ,non_handheld,desk_gripped_micro_move,recording,-2.167667,-0.313711,9.690201,-0.199189,-0.076946,-0.049307
623811420.000,YZJ,non_handheld,desk_gripped_micro_move,recording,-2.216593,-0.302808,9.676921,-0.161007,-0.042945,-0.046105
623811430.000,YZJ,non_handheld,desk_gripped_micro_move,recording,-2.262004,-0.314330,9.655178,-0.127872,-0.013961,-0.037523
623811440.000,YZJ,non_handheld,desk_gripped_micro_move,recording,-2.580470,-0.338945,9.561849,-0.111677,0.005713,-0.014658
623811450.000,YZJ,non_handheld,desk_gripped_micro_move,recording,-2.325961,-0.272710,9.528029,-0.105626,0.017811,-0.006817
623811460.000,YZJ,non_handheld,desk_gripped_micro_move,recording,-2.325784,-0.349031,9.490719,-0.105748,0.011367,-0.003291
623811470.000,YZJ,non_handheld,desk_gripped_micro_move,recording,-2.263180,-0.429798,9.450287,-0.115405,-0.007501,-0.004010
623811480.000,YZJ,non_handheld,desk_gripped_micro_move,recording,-2.240625,-0.382927,9.427603,-0.143533,-0.029573,-0.009162
623811490.000,YZJ,non_handheld,desk_gripped_micro_move,recording,-2.244691,-0.463442,9.407512,-0.170903,-0.055469,-0.018531
623811500.000,YZJ,non_handheld,desk_gripped_micro_move,recording,-2.232837,-0.495059,9.520244,-0.190972,-0.058559,-0.025954
623811510.000,YZJ,non_handheld,desk_gripped_micro_move,recording,-2.245906,-0.480429,9.578495,-0.200449,-0.039872,-0.031359
623811520.000,YZJ,non_handheld,desk_gripped_micro_move,recording,-2.289497,-0.455223,9.529041,-0.212243,-0.028828,-0.033098
623811530.000,YZJ,non_handheld,desk_gripped_micro_move,recording,-2.289227,-0.441459,9.467310,-0.226142,-0.037354,-0.032564
623811540.000,YZJ,non_handheld,desk_gripped_micro_move,recording,-2.247856,-0.438520,9.494450,-0.230630,-0.049101,-0.031467
623811550.000,YZJ,non_handheld,desk_gripped_micro_move,recording,-2.343057,-0.416656,9.524385,-0.229064,-0.052051,-0.017191
623811560.000,YZJ,non_handheld,desk_gripped_micro_move,recording,-2.423499,-0.389779,9.552896,-0.222624,-0.039249,0.002777
623811570.000,YZJ,non_handheld,desk_gripped_micro_move,recording,-2.309383,-0.561795,9.568796,-0.213897,-0.018966,0.015462
623811580.000,YZJ,non_handheld,desk_gripped_micro_move,recording,-2.235089,-0.556872,9.520911,-0.210238,-0.015429,0.022442
623811590.000,YZJ,non_handheld,desk_gripped_micro_move,recording,-2.200159,-0.645029,9.485015,-0.214647,-0.028808,0.021672
623811600.000,YZJ,non_handheld,desk_gripped_micro_move,recording,-2.209596,-0.670541,9.551589,-0.212144,-0.024351,0.016330
623811610.000,YZJ,non_handheld,desk_gripped_micro_move,recording,-2.201695,-0.690001,9.603609,-0.205310,-0.001186,0.012488
623811620.000,YZJ,non_handheld,desk_gripped_micro_move,recording,-2.176228,-0.730756,9.625415,-0.199762,0.028180,0.007021
623811630.000,YZJ,non_handheld,desk_gripped_micro_move,recording,-2.202090,-0.731626,9.498685,-0.209879,0.029151,-0.001525
623811640.000,YZJ,non_handheld,desk_gripped_micro_move,recording,-2.303210,-0.641084,9.405478,-0.234244,0.002233,-0.014280
623811650.000,YZJ,non_handheld,desk_gripped_micro_move,recording,-2.388387,-0.663877,9.378916,-0.247642,-0.026427,-0.015839
623811660.000,YZJ,non_handheld,desk_gripped_micro_move,recording,-2.352274,-0.792232,9.400160,-0.268307,-0.049259,-0.023669
623811670.000,YZJ,non_handheld,desk_gripped_micro_move,recording,-1.897902,-0.854793,9.469060,-0.296409,-0.087179,-0.067596
623811680.000,YZJ,non_handheld,desk_gripped_micro_move,recording,-2.096930,-0.949481,9.492161,-0.318498,-0.097869,-0.085082
623811690.000,YZJ,non_handheld,desk_gripped_micro_move,recording,-2.202537,-0.811879,9.540371,-0.329613,-0.095107,-0.083241
623811700.000,YZJ,non_handheld,desk_gripped_micro_move,recording,-2.309070,-0.871332,9.407372,-0.346117,-0.120099,-0.083114
623811710.000,YZJ,non_handheld,desk_gripped_micro_move,recording,-2.328812,-0.873722,9.325389,-0.372730,-0.171123,-0.074380
623811720.000,YZJ,non_handheld,desk_gripped_micro_move,recording,-2.395643,-0.858089,9.345069,-0.398496,-0.227721,-0.056130
623811730.000,YZJ,non_handheld,desk_gripped_micro_move,recording,-2.323965,-0.851636,9.376305,-0.415402,-0.272081,-0.035354
623811740.000,YZJ,non_handheld,desk_gripped_micro_move,recording,-2.285197,-0.940275,9.348674,-0.431886,-0.318869,-0.017452
623811750.000,YZJ,non_handheld,desk_gripped_micro_move,recording,-2.207876,-1.058145,9.426454,-0.431665,-0.344403,0.002267
623811760.000,YZJ,non_handheld,desk_gripped_micro_move,recording,-2.127670,-0.944741,9.638777,-0.398209,-0.325268,0.005278
623811770.000,YZJ,non_handheld,desk_gripped_micro_move,recording,-1.691411,-1.070386,9.961176,-0.320515,-0.224795,-0.015194
623811780.000,YZJ,non_handheld,desk_gripped_micro_move,recording,-2.037733,-1.200242,9.817925,-0.253523,-0.123886,-0.011378
623811790.000,YZJ,non_handheld,desk_gripped_micro_move,recording,-1.959144,-1.165832,9.693833,-0.225567,-0.062502,-0.011600
623811800.000,YZJ,non_handheld,desk_gripped_micro_move,recording,-2.024858,-1.144272,9.445883,-0.226525,-0.078460,-0.011210
623811810.000,YZJ,non_handheld,desk_gripped_micro_move,recording,-2.060878,-1.147797,9.419990,-0.228750,-0.115100,-0.011845
623811820.000,YZJ,non_handheld,desk_gripped_micro_move,recording,-1.967781,-1.234673,9.484350,-0.227000,-0.133625,-0.013379
623811830.000,YZJ,non_handheld,desk_gripped_micro_move,recording,-1.967376,-1.252081,9.521352,-0.226101,-0.134187,-0.018446
623811840.000,YZJ,non_handheld,desk_gripped_micro_move,recording,-1.922937,-1.286164,9.550646,-0.231589,-0.131908,-0.027572
623811850.000,YZJ,non_handheld,desk_gripped_micro_move,recording,-1.914448,-1.293098,9.494950,-0.232286,-0.143185,-0.038164
623811860.000,YZJ,non_handheld,desk_gripped_micro_move,recording,-1.941397,-1.318660,9.532788,-0.227672,-0.135422,-0.049467
623811870.000,YZJ,non_handheld,desk_gripped_micro_move,recording,-1.930155,-1.388351,9.582997,-0.217354,-0.112640,-0.060576
623811880.000,YZJ,non_handheld,desk_gripped_micro_move,recording,-1.956541,-1.406555,9.542516,-0.209375,-0.099459,-0.061299
623811890.000,YZJ,non_handheld,desk_gripped_micro_move,recording,-1.964508,-1.343850,9.517935,-0.201544,-0.097718,-0.058275
623811900.000,YZJ,non_handheld,desk_gripped_micro_move,recording,-1.897294,-1.403715,9.504042,-0.185598,-0.098093,-0.062033
623811910.000,YZJ,non_handheld,desk_gripped_micro_move,recording,-1.895141,-1.390221,9.546117,-0.168628,-0.096590,-0.061285
623811920.000,YZJ,non_handheld,desk_gripped_micro_move,recording,-1.888237,-1.383504,9.470197,-0.162793,-0.111808,-0.058571
623811930.000,YZJ,non_handheld,desk_gripped_micro_move,recording,-1.888248,-1.434473,9.479578,-0.158701,-0.132509,-0.056970
623811940.000,YZJ,non_handheld,desk_gripped_micro_move,recording,-1.902798,-1.466310,9.493328,-0.153620,-0.136501,-0.052792
623811950.000,YZJ,non_handheld,desk_gripped_micro_move,recording,-1.885712,-1.453953,9.514096,-0.152476,-0.136941,-0.044091
623811960.000,YZJ,non_handheld,desk_gripped_micro_move,recording,-1.840280,-1.497576,9.513623,-0.152224,-0.137576,-0.035964
623811970.000,YZJ,non_handheld,desk_gripped_micro_move,recording,-1.816843,-1.524011,9.474826,-0.157238,-0.152872,-0.033030
623811980.000,YZJ,non_handheld,desk_gripped_micro_move,recording,-1.840800,-1.523012,9.431732,-0.171872,-0.186107,-0.032256
623811990.000,YZJ,non_handheld,desk_gripped_micro_move,recording,-1.797839,-1.553997,9.444456,-0.178439,-0.213107,-0.037353
623812000.000,YZJ,non_handheld,desk_gripped_micro_move,recording,-1.737810,-1.600698,9.491396,-0.173944,-0.227178,-0.048671
623812010.000,YZJ,non_handheld,desk_gripped_micro_move,recording,-1.729675,-1.590328,9.495711,-0.173138,-0.231995,-0.061472
623812020.000,YZJ,non_handheld,desk_gripped_micro_move,recording,-1.678200,-1.630173,9.488677,-0.174334,-0.233181,-0.071925
623812030.000,YZJ,non_handheld,desk_gripped_micro_move,recording,-1.596796,-1.655213,9.534099,-0.165705,-0.238039,-0.082564
623812040.000,YZJ,non_handheld,desk_gripped_micro_move,recording,-1.640860,-1.668616,9.538719,-0.161495,-0.253776,-0.088765
623812050.000,YZJ,non_handheld,desk_gripped_micro_move,recording,-1.635942,-1.669221,9.461271,-0.164045,-0.273125,-0.096323
623812060.000,YZJ,non_handheld,desk_gripped_micro_move,recording,-1.545325,-1.649678,9.496394,-0.161166,-0.287204,-0.105645
623812070.000,YZJ,non_handheld,desk_gripped_micro_move,recording,-1.595170,-1.669856,9.487996,-0.162962,-0.300390,-0.107449
623812080.000,YZJ,non_handheld,desk_gripped_micro_move,recording,-1.707266,-1.698983,9.487384,-0.166375,-0.325923,-0.095282
623812090.000,YZJ,non_handheld,desk_gripped_micro_move,recording,-1.584233,-1.780331,9.595106,-0.158337,-0.315339,-0.091592
623812100.000,YZJ,non_handheld,desk_gripped_micro_move,recording,-1.522694,-1.802100,9.624998,-0.135876,-0.276855,-0.084803
623812110.000,YZJ,non_handheld,desk_gripped_micro_move,recording,-1.493876,-1.804066,9.546613,-0.121137,-0.255729,-0.074571
623812120.000,YZJ,non_handheld,desk_gripped_micro_move,recording,-1.448185,-1.797424,9.501181,-0.110087,-0.262620,-0.067156
623812130.000,YZJ,non_handheld,desk_gripped_micro_move,recording,-1.402542,-1.809303,9.474883,-0.103503,-0.284175,-0.065211
623812140.000,YZJ,non_handheld,desk_gripped_micro_move,recording,-1.271091,-1.825311,9.588270,-0.093858,-0.281120,-0.070985
623812150.000,YZJ,non_handheld,desk_gripped_micro_move,recording,-1.172861,-1.877828,9.617214,-0.083266,-0.257075,-0.075805
623812160.000,YZJ,non_handheld,desk_gripped_micro_move,recording,-1.183969,-1.912024,9.630500,-0.073871,-0.232294,-0.077233
623812170.000,YZJ,non_handheld,desk_gripped_micro_move,recording,-1.284857,-1.883912,9.582250,-0.064596,-0.207236,-0.067332
623812180.000,YZJ,non_handheld,desk_gripped_micro_move,recording,-1.316965,-1.823688,9.601606,-0.048142,-0.171601,-0.052710
623812190.000,YZJ,non_handheld,desk_gripped_micro_move,recording,-1.358842,-1.829409,9.619554,-0.023294,-0.133136,-0.035322
623812200.000,YZJ,non_handheld,desk_gripped_micro_move,recording,-1.189426,-1.839739,9.682949,0.005136,-0.083412,-0.021314
623812210.000,YZJ,non_handheld,desk_gripped_micro_move,recording,-1.207893,-1.876008,9.619263,0.031923,-0.042687,-0.010199
623812220.000,YZJ,non_handheld,desk_gripped_micro_move,recording,-1.127952,-1.814405,9.553155,0.048272,-0.040649,-0.010332
623812230.000,YZJ,non_handheld,desk_gripped_micro_move,recording,-0.988180,-1.694064,9.498301,0.056400,-0.083639,-0.026228
623812240.000,YZJ,non_handheld,desk_gripped_micro_move,recording,-0.792668,-1.710977,9.435372,0.063216,-0.168170,-0.057701
623812250.000,YZJ,non_handheld,desk_gripped_micro_move,recording,-0.819939,-1.800829,9.438620,0.064791,-0.267522,-0.095118
623812260.000,YZJ,non_handheld,desk_gripped_micro_move,recording,-0.702339,-1.733882,9.352849,0.040071,-0.406211,-0.142123
623812270.000,YZJ,non_handheld,desk_gripped_micro_move,recording,-0.427526,-1.658102,9.327161,0.012712,-0.562659,-0.204744
623812280.000,YZJ,non_handheld,desk_gripped_micro_move,recording,-0.704313,-2.045612,9.507028,-0.003724,-0.680966,-0.257283
623812290.000,YZJ,non_handheld,desk_gripped_micro_move,recording,-0.035717,-1.690608,9.590414,-0.007489,-0.762774,-0.332779
623812300.000,YZJ,non_handheld,desk_gripped_micro_move,recording,-0.551924,-1.895296,9.544118,0.002441,-0.810149,-0.375192
623812310.000,YZJ,non_handheld,desk_gripped_micro_move,recording,-0.786494,-1.767098,9.685305,0.030935,-0.808429,-0.363968
623812320.000,YZJ,non_handheld,desk_gripped_micro_move,recording,-1.154021,-1.865231,9.878844,0.074053,-0.672501,-0.311663
623812330.000,YZJ,non_handheld,desk_gripped_micro_move,recording,-1.452761,-1.826636,9.752630,0.090411,-0.545235,-0.224214
623812340.000,YZJ,non_handheld,desk_gripped_micro_move,recording,-1.777451,-2.019826,9.850695,0.089648,-0.361643,-0.108700
623812350.000,YZJ,non_handheld,desk_gripped_micro_move,recording,-1.319022,-2.238556,9.808329,0.066291,-0.198416,-0.016467
623812360.000,YZJ,non_handheld,desk_gripped_micro_move,recording,-1.393853,-1.876211,9.660434,0.023978,-0.145241,0.057598
623812370.000,YZJ,non_handheld,desk_gripped_micro_move,recording,-0.915798,-1.906068,9.498499,-0.035985,-0.216705,0.083316
623812380.000,YZJ,non_handheld,desk_gripped_micro_move,recording,-0.530927,-1.804992,9.502334,-0.093960,-0.327430,0.061964
623812390.000,YZJ,non_handheld,desk_gripped_micro_move,recording,-0.225943,-1.854735,9.595821,-0.125684,-0.374619,0.010942
623812400.000,YZJ,non_handheld,desk_gripped_micro_move,recording,-0.065044,-1.896459,9.697598,-0.124548,-0.348948,-0.048937
623812410.000,YZJ,non_handheld,desk_gripped_micro_move,recording,-0.010069,-1.923563,9.679608,-0.112148,-0.299891,-0.097543
623812420.000,YZJ,non_handheld,desk_gripped_micro_move,recording,-0.266759,-1.911854,9.716630,-0.094522,-0.236083,-0.114865
623812430.000,YZJ,non_handheld,desk_gripped_micro_move,recording,-0.507107,-1.863807,9.701894,-0.078829,-0.173839,-0.105715
623812440.000,YZJ,non_handheld,desk_gripped_micro_move,recording,-0.667300,-1.804865,9.668255,-0.057987,-0.132643,-0.076161
623812450.000,YZJ,non_handheld,desk_gripped_micro_move,recording,-0.824504,-1.813662,9.669706,-0.039153,-0.100986,-0.038826
623812460.000,YZJ,non_handheld,desk_gripped_micro_move,recording,-0.865460,-1.746365,9.582930,-0.026407,-0.124267,0.000467
623812470.000,YZJ,non_handheld,desk_gripped_micro_move,recording,-0.379431,-1.757319,9.567797,-0.027689,-0.173700,-0.000699
623812480.000,YZJ,non_handheld,desk_gripped_micro_move,recording,-0.436849,-1.845097,9.611735,-0.025882,-0.203820,0.000674
623812490.000,YZJ,non_handheld,desk_gripped_micro_move,recording,-0.202999,-1.812696,9.651836,-0.020618,-0.211634,-0.003529
623812500.000,YZJ,non_handheld,desk_gripped_micro_move,recording,-0.272751,-1.917880,9.618780,-0.023904,-0.215103,-0.008046
623812510.000,YZJ,non_handheld,desk_gripped_micro_move,recording,-0.201494,-1.970200,9.623132,-0.033152,-0.227035,-0.018065
623812520.000,YZJ,non_handheld,desk_gripped_micro_move,recording,-0.283064,-1.929420,9.608977,-0.041323,-0.246120,-0.022704
623812530.000,YZJ,non_handheld,desk_gripped_micro_move,recording,-0.266182,-1.962344,9.604392,-0.048964,-0.260190,-0.022686
623812540.000,YZJ,non_handheld,desk_gripped_micro_move,recording,-0.141777,-1.986599,9.624617,-0.047922,-0.248661,-0.029496
623812550.000,YZJ,non_handheld,desk_gripped_micro_move,recording,-0.028033,-1.924013,9.665216,-0.032545,-0.198127,-0.038848
623812560.000,YZJ,non_handheld,desk_gripped_micro_move,recording,-0.085894,-1.950300,9.663155,-0.021779,-0.142702,-0.044768
623812570.000,YZJ,non_handheld,desk_gripped_micro_move,recording,-0.220493,-1.869351,9.637315,-0.012507,-0.129779,-0.042257
623812580.000,YZJ,non_handheld,desk_gripped_micro_move,recording,-0.204183,-1.854925,9.604227,-0.011808,-0.162313,-0.043817
623812590.000,YZJ,non_handheld,desk_gripped_micro_move,recording,-0.168557,-1.882488,9.617828,-0.019413,-0.197553,-0.049898
623812600.000,YZJ,non_handheld,desk_gripped_micro_move,recording,-0.104636,-1.896278,9.585960,-0.031518,-0.246839,-0.055328
623812610.000,YZJ,non_handheld,desk_gripped_micro_move,recording,0.053141,-1.872635,9.594664,-0.044357,-0.315150,-0.072805
623812620.000,YZJ,non_handheld,desk_gripped_micro_move,recording,0.356590,-1.911881,9.634515,-0.054665,-0.358429,-0.106806
623812630.000,YZJ,non_handheld,desk_gripped_micro_move,recording,0.086636,-2.191443,9.547417,-0.063248,-0.388714,-0.116267
623812640.000,YZJ,non_handheld,desk_gripped_micro_move,recording,0.267848,-1.907784,9.623627,-0.063628,-0.429461,-0.129898
623812650.000,YZJ,non_handheld,desk_gripped_micro_move,recording,0.171814,-1.996076,9.598029,-0.059327,-0.472621,-0.145392
623812660.000,YZJ,non_handheld,desk_gripped_micro_move,recording,0.226926,-1.982084,9.600771,-0.048166,-0.498110,-0.152471
623812670.000,YZJ,non_handheld,desk_gripped_micro_move,recording,0.404754,-1.998192,9.653099,-0.040055,-0.508484,-0.165972
623812680.000,YZJ,non_handheld,desk_gripped_micro_move,recording,0.451677,-2.118921,9.613205,-0.026359,-0.493184,-0.162076
623812690.000,YZJ,non_handheld,desk_gripped_micro_move,recording,-0.021169,-1.898195,9.672892,0.001563,-0.463574,-0.116865
623812700.000,YZJ,non_handheld,desk_gripped_micro_move,recording,-0.012767,-1.992299,9.594859,0.018854,-0.452801,-0.078718
623812710.000,YZJ,non_handheld,desk_gripped_micro_move,recording,0.226988,-1.992998,9.623353,0.019808,-0.446594,-0.057119
623812720.000,YZJ,non_handheld,desk_gripped_micro_move,recording,0.254598,-2.011071,9.681754,0.012826,-0.388265,-0.039623
623812730.000,YZJ,non_handheld,desk_gripped_micro_move,recording,0.327527,-2.060132,9.635074,0.009183,-0.338324,-0.019545
623812740.000,YZJ,non_handheld,desk_gripped_micro_move,recording,0.396840,-1.984462,9.618764,0.003491,-0.336647,-0.019191
623812750.000,YZJ,non_handheld,desk_gripped_micro_move,recording,0.486071,-1.838674,9.652619,-0.002188,-0.375887,-0.031686
623812760.000,YZJ,non_handheld,desk_gripped_micro_move,recording,0.325513,-1.735535,9.679280,-0.001787,-0.416077,-0.026709
623812770.000,YZJ,non_handheld,desk_gripped_micro_move,recording,0.318620,-1.874377,9.649840,0.001495,-0.424446,-0.014533
623812780.000,YZJ,non_handheld,desk_gripped_micro_move,recording,0.481002,-1.915608,9.639362,-0.000326,-0.394673,-0.003653
623812790.000,YZJ,non_handheld,desk_gripped_micro_move,recording,0.674769,-1.972726,9.620798,-0.002323,-0.341699,0.004518
623812800.000,YZJ,non_handheld,desk_gripped_micro_move,recording,0.753971,-1.968244,9.588630,0.001062,-0.293103,0.009855
623812810.000,YZJ,non_handheld,desk_gripped_micro_move,recording,0.725679,-2.069151,9.608382,-0.005235,-0.259081,0.014135
623812820.000,YZJ,non_handheld,desk_gripped_micro_move,recording,0.887808,-1.977442,9.613321,-0.017077,-0.219441,0.006015
623812830.000,YZJ,non_handheld,desk_gripped_micro_move,recording,0.900067,-2.036641,9.594436,-0.030552,-0.232380,-0.002923
623812840.000,YZJ,non_handheld,desk_gripped_micro_move,recording,0.749528,-1.992460,9.606294,-0.041401,-0.309999,-0.006597
623812850.000,YZJ,non_handheld,desk_gripped_micro_move,recording,0.911670,-1.903260,9.606365,-0.051503,-0.404877,-0.024348
623812860.000,YZJ,non_handheld,desk_gripped_micro_move,recording,0.976874,-1.948133,9.608616,-0.050814,-0.453368,-0.046384
623812870.000,YZJ,non_handheld,desk_gripped_micro_move,recording,0.958360,-2.076004,9.547292,-0.048165,-0.432926,-0.062067
623812880.000,YZJ,non_handheld,desk_gripped_micro_move,recording,1.031178,-2.014466,9.577692,-0.042203,-0.354355,-0.067600
623812890.000,YZJ,non_handheld,desk_gripped_micro_move,recording,0.826113,-1.982708,9.570721,-0.028680,-0.268465,-0.048813
623812900.000,YZJ,non_handheld,desk_gripped_micro_move,recording,0.823112,-2.034345,9.576177,-0.016692,-0.211915,-0.032786
623812910.000,YZJ,non_handheld,desk_gripped_micro_move,recording,0.971790,-1.998520,9.544331,-0.012173,-0.188037,-0.028104
623812920.000,YZJ,non_handheld,desk_gripped_micro_move,recording,1.035853,-1.976579,9.553926,-0.008665,-0.181573,-0.022848
623812930.000,YZJ,non_handheld,desk_gripped_micro_move,recording,1.112319,-1.990630,9.562012,-0.004243,-0.189779,-0.024115
623812940.000,YZJ,non_handheld,desk_gripped_micro_move,recording,1.223041,-2.001911,9.532513,-0.000527,-0.185525,-0.033409
623812950.000,YZJ,non_handheld,desk_gripped_micro_move,recording,1.244410,-2.010830,9.526046,0.000524,-0.171718,-0.044915
623812960.000,YZJ,non_handheld,desk_gripped_micro_move,recording,1.207516,-1.974093,9.544858,0.003232,-0.166060,-0.050023
623812970.000,YZJ,non_handheld,desk_gripped_micro_move,recording,1.069969,-1.913776,9.600144,0.005948,-0.180967,-0.043971
623812980.000,YZJ,non_handheld,desk_gripped_micro_move,recording,0.957171,-1.999651,9.585034,0.004853,-0.211487,-0.027850
623812990.000,YZJ,non_handheld,desk_gripped_micro_move,recording,1.057383,-2.023748,9.579343,-0.001393,-0.225654,-0.015864
623813000.000,YZJ,non_handheld,desk_gripped_micro_move,recording,1.138405,-2.025606,9.558411,-0.002377,-0.219240,-0.004909
623813010.000,YZJ,non_handheld,desk_gripped_micro_move,recording,1.257299,-1.989884,9.531427,-0.004644,-0.207821,0.003070
623813020.000,YZJ,non_handheld,desk_gripped_micro_move,recording,1.339943,-2.016963,9.524168,-0.008334,-0.207678,0.001901
623813030.000,YZJ,non_handheld,desk_gripped_micro_move,recording,1.447158,-2.041191,9.537963,-0.012653,-0.247770,-0.013202
623813040.000,YZJ,non_handheld,desk_gripped_micro_move,recording,1.357730,-2.039216,9.535711,-0.013710,-0.291768,-0.030636
623813050.000,YZJ,non_handheld,desk_gripped_micro_move,recording,1.247911,-1.940932,9.554588,-0.005331,-0.291079,-0.034248
623813060.000,YZJ,non_handheld,desk_gripped_micro_move,recording,1.307452,-2.001367,9.511490,-0.004670,-0.262531,-0.033872
623813070.000,YZJ,non_handheld,desk_gripped_micro_move,recording,1.444311,-2.052759,9.487177,-0.006580,-0.241122,-0.040336
623813080.000,YZJ,non_handheld,desk_gripped_micro_move,recording,1.531215,-2.046275,9.488513,-0.011850,-0.241545,-0.047833
623813090.000,YZJ,non_handheld,desk_gripped_micro_move,recording,1.504289,-2.028665,9.515233,-0.015910,-0.249329,-0.048491
623813100.000,YZJ,non_handheld,desk_gripped_micro_move,recording,1.703950,-2.090727,9.473308,-0.017677,-0.250734,-0.060962
623813110.000,YZJ,non_handheld,desk_gripped_micro_move,recording,1.396041,-1.965841,9.533522,-0.011481,-0.231541,-0.046868
623813120.000,YZJ,non_handheld,desk_gripped_micro_move,recording,1.527944,-2.086368,9.478107,-0.002005,-0.238155,-0.045872
623813130.000,YZJ,non_handheld,desk_gripped_micro_move,recording,1.642616,-2.012240,9.469222,0.006351,-0.246871,-0.057880
623813140.000,YZJ,non_handheld,desk_gripped_micro_move,recording,1.596902,-2.106069,9.518384,0.015722,-0.267348,-0.060367
623813150.000,YZJ,non_handheld,desk_gripped_micro_move,recording,1.648830,-2.052796,9.450871,0.020688,-0.296651,-0.067916
623813160.000,YZJ,non_handheld,desk_gripped_micro_move,recording,1.778608,-2.204109,9.385370,0.025766,-0.277798,-0.078372
623813170.000,YZJ,non_handheld,desk_gripped_micro_move,recording,1.676329,-2.082945,9.453400,0.033726,-0.243841,-0.078327
623813180.000,YZJ,non_handheld,desk_gripped_micro_move,recording,1.310927,-2.079932,9.529400,0.041695,-0.223477,-0.059019
623813190.000,YZJ,non_handheld,desk_gripped_micro_move,recording,1.542717,-2.050611,9.481081,0.045885,-0.222501,-0.051795
623813200.000,YZJ,non_handheld,desk_gripped_micro_move,recording,1.440457,-1.853244,9.570806,0.047739,-0.215178,-0.050703
623813210.000,YZJ,non_handheld,desk_gripped_micro_move,recording,1.566093,-1.956405,9.503042,0.054210,-0.206912,-0.047513
623813220.000,YZJ,non_handheld,desk_gripped_micro_move,recording,1.588626,-1.794223,9.532414,0.051956,-0.221003,-0.039167
623813230.000,YZJ,non_handheld,desk_gripped_micro_move,recording,1.517076,-1.729080,9.588458,0.050595,-0.242067,-0.027444
623813240.000,YZJ,non_handheld,desk_gripped_micro_move,recording,1.726300,-1.885485,9.485954,0.038217,-0.251341,-0.023151
623813250.000,YZJ,non_handheld,desk_gripped_micro_move,recording,1.723223,-1.864269,9.495355,0.017563,-0.235867,-0.023850
623813260.000,YZJ,non_handheld,desk_gripped_micro_move,recording,1.816803,-1.909236,9.465610,-0.002277,-0.210995,-0.023060
623813270.000,YZJ,non_handheld,desk_gripped_micro_move,recording,1.858072,-1.916343,9.452955,-0.014660,-0.188516,-0.020850
623813280.000,YZJ,non_handheld,desk_gripped_micro_move,recording,1.878788,-1.909912,9.438700,-0.024469,-0.172060,-0.015790
623813290.000,YZJ,non_handheld,desk_gripped_micro_move,recording,1.908488,-1.919017,9.436789,-0.029355,-0.152724,-0.013495
623813300.000,YZJ,non_handheld,desk_gripped_micro_move,recording,1.934141,-1.937262,9.415646,-0.029209,-0.125102,-0.010945
623813310.000,YZJ,non_handheld,desk_gripped_micro_move,recording,1.943080,-1.893298,9.423654,-0.026078,-0.091869,-0.003954
623813320.000,YZJ,non_handheld,desk_gripped_micro_move,recording,1.948903,-1.925606,9.429072,-0.016859,-0.068985,0.004331
623813330.000,YZJ,non_handheld,desk_gripped_micro_move,recording,1.912535,-1.955332,9.434598,-0.007082,-0.063232,0.012932
623813340.000,YZJ,non_handheld,desk_gripped_micro_move,recording,1.899612,-1.965156,9.454694,0.002908,-0.079752,0.017844
623813350.000,YZJ,non_handheld,desk_gripped_micro_move,recording,1.966143,-1.947970,9.447034,0.009459,-0.111049,0.008281
623813360.000,YZJ,non_handheld,desk_gripped_micro_move,recording,2.021676,-1.937305,9.445515,0.013769,-0.138393,-0.006806
623813370.000,YZJ,non_handheld,desk_gripped_micro_move,recording,1.920318,-2.000180,9.433610,0.018409,-0.152990,-0.015419
623813380.000,YZJ,non_handheld,desk_gripped_micro_move,recording,1.991418,-2.013612,9.425466,0.018613,-0.081522,-0.026359
623813390.000,YZJ,non_handheld,desk_gripped_micro_move,recording,2.052477,-2.035546,9.206643,0.034888,-0.032190,-0.025011
623813400.000,YZJ,non_handheld,desk_gripped_micro_move,recording,1.904614,-1.989976,9.522166,0.041123,-0.030931,-0.036194
623813410.000,YZJ,non_handheld,desk_gripped_micro_move,recording,1.929670,-2.005185,9.450653,0.040055,-0.030474,-0.043961
623813420.000,YZJ,non_handheld,desk_gripped_micro_move,recording,1.992780,-2.024843,9.349374,0.041339,-0.029112,-0.047299
623813430.000,YZJ,non_handheld,desk_gripped_micro_move,recording,1.961882,-2.030577,9.443533,0.041857,-0.030459,-0.050035
623813440.000,YZJ,non_handheld,desk_gripped_micro_move,recording,1.997351,-1.991555,9.415244,0.040300,-0.027528,-0.056644
623813450.000,YZJ,non_handheld,desk_gripped_micro_move,recording,1.939780,-2.000637,9.406215,0.040676,-0.029836,-0.057467
623813460.000,YZJ,non_handheld,desk_gripped_micro_move,recording,1.878130,-1.963600,9.497283,0.044887,-0.037530,-0.055381
623813470.000,YZJ,non_handheld,desk_gripped_micro_move,recording,1.944067,-1.963223,9.433043,0.048789,-0.043823,-0.055939
623813480.000,YZJ,non_handheld,desk_gripped_micro_move,recording,1.927102,-1.955842,9.425234,0.052624,-0.049059,-0.051908
623813490.000,YZJ,non_handheld,desk_gripped_micro_move,recording,1.965539,-1.947528,9.442152,0.055645,-0.052630,-0.050300
623813500.000,YZJ,non_handheld,desk_gripped_micro_move,recording,2.055180,-1.970089,9.394648,0.061708,-0.053974,-0.044958
623813510.000,YZJ,non_handheld,desk_gripped_micro_move,recording,2.049612,-1.897578,9.441445,0.068647,-0.057914,-0.033360
623813520.000,YZJ,non_handheld,desk_gripped_micro_move,recording,1.982557,-1.699769,9.463407,0.075470,-0.055521,-0.018322
623813530.000,YZJ,non_handheld,desk_gripped_micro_move,recording,2.096837,-1.703230,9.454396,0.083137,-0.060241,-0.010867
623813540.000,YZJ,non_handheld,desk_gripped_micro_move,recording,2.120851,-1.781777,9.424520,0.080833,-0.056185,-0.010844
623813550.000,YZJ,non_handheld,desk_gripped_micro_move,recording,2.120565,-1.776329,9.445314,0.074969,-0.059787,-0.015524
623813560.000,YZJ,non_handheld,desk_gripped_micro_move,recording,2.122920,-1.768853,9.416097,0.064804,-0.055595,-0.020858
623813570.000,YZJ,non_handheld,desk_gripped_micro_move,recording,2.087954,-1.813181,9.494504,0.060175,-0.070279,-0.026207
623813580.000,YZJ,non_handheld,desk_gripped_micro_move,recording,2.055652,-1.835527,9.545622,0.059092,-0.111443,-0.029399
623813590.000,YZJ,non_handheld,desk_gripped_micro_move,recording,2.051436,-1.824877,9.548342,0.057249,-0.151470,-0.031098
623813600.000,YZJ,non_handheld,desk_gripped_micro_move,recording,2.050587,-1.781209,9.531200,0.054078,-0.182528,-0.032381
623813610.000,YZJ,non_handheld,desk_gripped_micro_move,recording,2.091748,-1.804161,9.470387,0.051511,-0.198032,-0.034594
623813620.000,YZJ,non_handheld,desk_gripped_micro_move,recording,2.145021,-1.859779,9.407159,0.041408,-0.191394,-0.035792
623813630.000,YZJ,non_handheld,desk_gripped_micro_move,recording,2.177635,-1.829608,9.347289,0.031681,-0.171314,-0.037213
623813640.000,YZJ,non_handheld,desk_gripped_micro_move,recording,2.160226,-1.794280,9.378506,0.030120,-0.157975,-0.037369
623813650.000,YZJ,non_handheld,desk_gripped_micro_move,recording,2.167792,-1.779182,9.411382,0.035853,-0.153377,-0.035432
623813660.000,YZJ,non_handheld,desk_gripped_micro_move,recording,2.172539,-1.747480,9.471458,0.051547,-0.163358,-0.038222
623813670.000,YZJ,non_handheld,desk_gripped_micro_move,recording,2.169052,-1.709835,9.480851,0.073101,-0.188780,-0.042403
623813680.000,YZJ,non_handheld,desk_gripped_micro_move,recording,2.168885,-1.698922,9.502622,0.094244,-0.219899,-0.042384
623813690.000,YZJ,non_handheld,desk_gripped_micro_move,recording,2.170125,-1.653822,9.445633,0.109891,-0.235032,-0.043745
623813700.000,YZJ,non_handheld,desk_gripped_micro_move,recording,2.387673,-1.751789,9.400469,0.120168,-0.243160,-0.054806
623813710.000,YZJ,non_handheld,desk_gripped_micro_move,recording,2.319047,-1.768150,9.392238,0.129390,-0.247419,-0.057840
623813720.000,YZJ,non_handheld,desk_gripped_micro_move,recording,2.374743,-1.694140,9.403463,0.132417,-0.253572,-0.059679
623813730.000,YZJ,non_handheld,desk_gripped_micro_move,recording,2.295581,-1.798804,9.360119,0.138136,-0.250260,-0.051867
623813740.000,YZJ,non_handheld,desk_gripped_micro_move,recording,2.381971,-1.760313,9.280443,0.135450,-0.217227,-0.039852
623813750.000,YZJ,non_handheld,desk_gripped_micro_move,recording,2.364587,-1.720449,9.189656,0.121410,-0.139791,-0.028227
623813760.000,YZJ,non_handheld,desk_gripped_micro_move,recording,2.412497,-1.801269,9.183316,0.098840,-0.063316,-0.018168
623813770.000,YZJ,non_handheld,desk_gripped_micro_move,recording,2.593106,-1.809005,9.241724,0.072313,-0.018709,-0.020951
623813780.000,YZJ,non_handheld,desk_gripped_micro_move,recording,2.481443,-1.663144,9.390549,0.054013,-0.012142,-0.017053
623813790.000,YZJ,non_handheld,desk_gripped_micro_move,recording,2.403153,-1.650037,9.460963,0.045429,-0.033921,-0.008726
623813800.000,YZJ,non_handheld,desk_gripped_micro_move,recording,2.422770,-1.631253,9.447959,0.038140,-0.051903,-0.006183
623813810.000,YZJ,non_handheld,desk_gripped_micro_move,recording,2.432312,-1.654365,9.372943,0.033019,-0.052505,-0.007080
623813820.000,YZJ,non_handheld,desk_gripped_micro_move,recording,2.422799,-1.626335,9.384499,0.032011,-0.052806,-0.010770
623813830.000,YZJ,non_handheld,desk_gripped_micro_move,recording,2.467836,-1.534689,9.402037,0.038020,-0.052530,-0.019746
623813840.000,YZJ,non_handheld,desk_gripped_micro_move,recording,2.413440,-1.600016,9.389940,0.047750,-0.059102,-0.028025
623813850.000,YZJ,non_handheld,desk_gripped_micro_move,recording,2.425381,-1.546158,9.388089,0.063105,-0.067466,-0.034965
623813860.000,YZJ,non_handheld,desk_gripped_micro_move,recording,2.372200,-1.495737,9.430415,0.086027,-0.075698,-0.038368
623813870.000,YZJ,non_handheld,desk_gripped_micro_move,recording,2.425286,-1.475411,9.378700,0.112505,-0.078307,-0.043095
623813880.000,YZJ,non_handheld,desk_gripped_micro_move,recording,2.263685,-1.470939,9.363536,0.141044,-0.061380,-0.029970
623813890.000,YZJ,non_handheld,desk_gripped_micro_move,recording,2.346165,-1.447951,9.278194,0.162322,-0.015023,-0.026665
623813900.000,YZJ,non_handheld,desk_gripped_micro_move,recording,2.598823,-1.523825,9.214091,0.179328,0.032340,-0.029453
623813910.000,YZJ,non_handheld,desk_gripped_micro_move,recording,2.080104,-1.155833,9.441550,0.208614,0.047500,-0.008735
623813920.000,YZJ,non_handheld,desk_gripped_micro_move,recording,2.118023,-1.410080,9.509437,0.243632,0.031836,0.005911
623813930.000,YZJ,non_handheld,desk_gripped_micro_move,recording,2.670018,-1.625198,9.393394,0.259463,0.007390,-0.005979
623813940.000,YZJ,non_handheld,desk_gripped_micro_move,recording,2.206562,-1.439013,9.428294,0.261408,0.015347,-0.004811
623813950.000,YZJ,non_handheld,desk_gripped_micro_move,recording,2.682563,-1.650626,9.324820,0.253036,0.022938,-0.007936
623813960.000,YZJ,non_handheld,desk_gripped_micro_move,recording,2.771577,-1.760448,9.433404,0.239500,0.010071,-0.033686
623813970.000,YZJ,non_handheld,desk_gripped_micro_move,recording,2.566307,-1.605546,9.285353,0.207095,0.012149,-0.040378
623813980.000,YZJ,non_handheld,desk_gripped_micro_move,recording,2.363242,-1.491748,9.561045,0.188487,-0.032753,-0.022698
623813990.000,YZJ,non_handheld,desk_gripped_micro_move,recording,2.635057,-1.662143,10.231587,0.185033,-0.255445,-0.046142
623814000.000,YZJ,non_handheld,desk_gripped_micro_move,recording,2.709065,-1.469610,8.581516,0.101725,-0.101422,-0.070403
623814010.000,YZJ,non_handheld,desk_gripped_micro_move,recording,2.647879,-1.719453,9.450970,0.090804,-0.084193,-0.062041
623814020.000,YZJ,non_handheld,desk_gripped_micro_move,recording,2.542152,-1.273273,9.497022,0.072736,-0.087763,-0.068209
623814030.000,YZJ,non_handheld,desk_gripped_micro_move,recording,2.517648,-1.326705,9.326468,0.061904,-0.076038,-0.069468
623814040.000,YZJ,non_handheld,desk_gripped_micro_move,recording,2.474936,-1.422899,9.403246,0.056354,-0.067002,-0.067479
623814050.000,YZJ,non_handheld,desk_gripped_micro_move,recording,2.506469,-1.353386,9.462520,0.057230,-0.072621,-0.065456
623814060.000,YZJ,non_handheld,desk_gripped_micro_move,recording,2.543098,-1.334213,9.341056,0.054159,-0.067307,-0.057124
623814070.000,YZJ,non_handheld,desk_gripped_micro_move,recording,2.533374,-1.292867,9.429176,0.054599,-0.067381,-0.040579
623814080.000,YZJ,non_handheld,desk_gripped_micro_move,recording,2.446246,-1.438252,9.419683,0.056486,-0.069537,-0.014960
623814090.000,YZJ,non_handheld,desk_gripped_micro_move,recording,2.550587,-1.334195,9.322535,0.051455,-0.056187,0.003968
623814100.000,YZJ,non_handheld,desk_gripped_micro_move,recording,2.579567,-1.269831,9.417210,0.051905,-0.054128,0.013132
623814110.000,YZJ,non_handheld,desk_gripped_micro_move,recording,2.579229,-1.249211,9.400226,0.050189,-0.055580,0.009498
623814120.000,YZJ,non_handheld,desk_gripped_micro_move,recording,2.600774,-1.250652,9.356672,0.041062,-0.044079,0.004391
623814130.000,YZJ,non_handheld,desk_gripped_micro_move,recording,2.592862,-1.211096,9.406463,0.037262,-0.039348,-0.001549
623814140.000,YZJ,non_handheld,desk_gripped_micro_move,recording,2.635427,-1.198761,9.421846,0.034839,-0.039513,-0.013460
623814150.000,YZJ,non_handheld,desk_gripped_micro_move,recording,2.612569,-1.239972,9.404605,0.040240,-0.046586,-0.020648
623814160.000,YZJ,non_handheld,desk_gripped_micro_move,recording,2.549842,-1.203009,9.434137,0.055200,-0.061743,-0.019685
623814170.000,YZJ,non_handheld,desk_gripped_micro_move,recording,2.598531,-1.116488,9.435294,0.075259,-0.085410,-0.022949
623814180.000,YZJ,non_handheld,desk_gripped_micro_move,recording,2.635306,-1.165637,9.474717,0.100164,-0.110939,-0.020475
623814190.000,YZJ,non_handheld,desk_gripped_micro_move,recording,2.596336,-1.256127,9.424721,0.124297,-0.132742,-0.018320
623814200.000,YZJ,non_handheld,desk_gripped_micro_move,recording,2.656789,-1.262214,9.427657,0.135050,-0.150270,-0.026360
623814210.000,YZJ,non_handheld,desk_gripped_micro_move,recording,2.653631,-1.204426,9.373817,0.133231,-0.153021,-0.035765
623814220.000,YZJ,non_handheld,desk_gripped_micro_move,recording,2.661991,-1.179644,9.391261,0.129531,-0.151305,-0.044884
623814230.000,YZJ,non_handheld,desk_gripped_micro_move,recording,2.699162,-1.133923,9.419621,0.129437,-0.163121,-0.063966
623814240.000,YZJ,non_handheld,desk_gripped_micro_move,recording,2.745890,-1.097963,9.399049,0.135531,-0.177671,-0.088922
623814250.000,YZJ,non_handheld,desk_gripped_micro_move,recording,2.715356,-1.070648,9.420461,0.146438,-0.195470,-0.104700
623814260.000,YZJ,non_handheld,desk_gripped_micro_move,recording,2.725953,-0.995481,9.447634,0.165683,-0.218318,-0.115939
623814270.000,YZJ,non_handheld,desk_gripped_micro_move,recording,2.549988,-1.005182,9.486185,0.190072,-0.242910,-0.108354
623814280.000,YZJ,non_handheld,desk_gripped_micro_move,recording,2.603792,-1.014817,9.487746,0.213904,-0.274132,-0.095102
623814290.000,YZJ,non_handheld,desk_gripped_micro_move,recording,2.758592,-1.093389,9.430322,0.224960,-0.296856,-0.086286
623814300.000,YZJ,non_handheld,desk_gripped_micro_move,recording,2.758293,-1.007601,9.394790,0.230620,-0.298997,-0.084815
623814310.000,YZJ,non_handheld,desk_gripped_micro_move,recording,3.073771,-0.992147,9.282874,0.230620,-0.268671,-0.104864
623814320.000,YZJ,non_handheld,desk_gripped_micro_move,recording,2.996962,-1.097363,9.212110,0.230712,-0.215918,-0.117039
623814330.000,YZJ,non_handheld,desk_gripped_micro_move,recording,3.172716,-1.068360,9.225047,0.230105,-0.166999,-0.138077
623814340.000,YZJ,non_handheld,desk_gripped_micro_move,recording,2.904982,-1.078142,9.259292,0.231928,-0.124685,-0.134403
623814350.000,YZJ,non_handheld,desk_gripped_micro_move,recording,2.853771,-1.031677,9.341457,0.235839,-0.093684,-0.117612
623814360.000,YZJ,non_handheld,desk_gripped_micro_move,recording,2.773935,-0.994136,9.351593,0.240242,-0.074597,-0.096884
623814370.000,YZJ,non_handheld,desk_gripped_micro_move,recording,2.948135,-0.988794,9.314806,0.235955,-0.060675,-0.092438
623814380.000,YZJ,non_handheld,desk_gripped_micro_move,recording,3.252520,-1.137324,9.209687,0.217030,-0.053439,-0.095302
623814390.000,YZJ,non_handheld,desk_gripped_micro_move,recording,2.972792,-1.128102,9.240874,0.196163,-0.024194,-0.087878
623814400.000,YZJ,non_handheld,desk_gripped_micro_move,recording,2.971309,-0.863584,9.259986,0.174726,0.011627,-0.075621
623814410.000,YZJ,non_handheld,desk_gripped_micro_move,recording,2.927511,-0.834365,9.323819,0.161794,0.023497,-0.064907
623814420.000,YZJ,non_handheld,desk_gripped_micro_move,recording,2.920860,-0.838276,9.317372,0.149647,0.027113,-0.064410
623814430.000,YZJ,non_handheld,desk_gripped_micro_move,recording,2.964987,-0.764448,9.360630,0.141083,0.021871,-0.067529
623814440.000,YZJ,non_handheld,desk_gripped_micro_move,recording,2.926594,-0.728322,9.375108,0.130395,0.003213,-0.064347
623814450.000,YZJ,non_handheld,desk_gripped_micro_move,recording,2.936975,-0.734454,9.383814,0.117166,-0.020278,-0.059199
623814460.000,YZJ,non_handheld,desk_gripped_micro_move,recording,2.902944,-0.720578,9.373273,0.098219,-0.049372,-0.047151
623814470.000,YZJ,non_handheld,desk_gripped_micro_move,recording,2.951972,-0.674317,9.328327,0.074765,-0.062855,-0.035563
623814480.000,YZJ,non_handheld,desk_gripped_micro_move,recording,2.959558,-0.670140,9.349164,0.053609,-0.071396,-0.025167
623814490.000,YZJ,non_handheld,desk_gripped_micro_move,recording,2.963693,-0.679052,9.328086,0.040223,-0.080824,-0.019186
623814500.000,YZJ,non_handheld,desk_gripped_micro_move,recording,2.990778,-0.696815,9.350503,0.033228,-0.086873,-0.014894
623814510.000,YZJ,non_handheld,desk_gripped_micro_move,recording,3.008436,-0.680247,9.312073,0.030086,-0.077788,-0.012649
623814520.000,YZJ,non_handheld,desk_gripped_micro_move,recording,3.032894,-0.642403,9.318319,0.032402,-0.067801,-0.015765
623814530.000,YZJ,non_handheld,desk_gripped_micro_move,recording,3.090878,-0.560798,9.308563,0.037938,-0.059002,-0.028053
623814540.000,YZJ,non_handheld,desk_gripped_micro_move,recording,3.037951,-0.603682,9.343912,0.049526,-0.058017,-0.040811
623814550.000,YZJ,non_handheld,desk_gripped_micro_move,recording,3.053124,-0.619002,9.361019,0.063352,-0.061604,-0.052475
623814560.000,YZJ,non_handheld,desk_gripped_micro_move,recording,3.048510,-0.583279,9.350583,0.073725,-0.059638,-0.065916
623814570.000,YZJ,non_handheld,desk_gripped_micro_move,recording,3.027291,-0.607381,9.366588,0.088545,-0.071461,-0.074624
623814580.000,YZJ,non_handheld,desk_gripped_micro_move,recording,3.011301,-0.624839,9.366429,0.106162,-0.089389,-0.077766
623814590.000,YZJ,non_handheld,desk_gripped_micro_move,recording,3.021087,-0.624267,9.347930,0.116961,-0.092570,-0.071470
623814600.000,YZJ,non_handheld,desk_gripped_micro_move,recording,3.089939,-0.601361,9.303940,0.123022,-0.085356,-0.067042
623814610.000,YZJ,non_handheld,desk_gripped_micro_move,recording,3.120045,-0.575613,9.293388,0.128467,-0.072544,-0.068631
623814620.000,YZJ,non_handheld,desk_gripped_micro_move,recording,3.066254,-0.608400,9.294747,0.132199,-0.046425,-0.068347
623814630.000,YZJ,non_handheld,desk_gripped_micro_move,recording,3.097100,-0.591244,9.271081,0.131663,-0.013181,-0.066373
623814640.000,YZJ,non_handheld,desk_gripped_micro_move,recording,3.094212,-0.568254,9.290821,0.134161,0.006591,-0.059084
623814650.000,YZJ,non_handheld,desk_gripped_micro_move,recording,3.063946,-0.602812,9.288356,0.137489,0.022940,-0.051750
623814660.000,YZJ,non_handheld,desk_gripped_micro_move,recording,3.121764,-0.617653,9.265926,0.135524,0.039098,-0.050690
623814670.000,YZJ,non_handheld,desk_gripped_micro_move,recording,3.136167,-0.542838,9.310043,0.133919,0.041808,-0.054018
623814680.000,YZJ,non_handheld,desk_gripped_micro_move,recording,3.095299,-0.563634,9.356572,0.131026,0.027468,-0.055408
623814690.000,YZJ,non_handheld,desk_gripped_micro_move,recording,3.068300,-0.515886,9.323221,0.117814,0.011729,-0.060159
623814700.000,YZJ,non_handheld,desk_gripped_micro_move,recording,3.010409,-0.486513,9.358210,0.107345,-0.011846,-0.064687
623814710.000,YZJ,non_handheld,desk_gripped_micro_move,recording,2.995047,-0.498250,9.402678,0.099486,-0.037116,-0.065067
623814720.000,YZJ,non_handheld,desk_gripped_micro_move,recording,3.022115,-0.513679,9.343188,0.091547,-0.051421,-0.065661
623814730.000,YZJ,non_handheld,desk_gripped_micro_move,recording,3.037793,-0.475533,9.349975,0.081735,-0.061589,-0.063667
623814740.000,YZJ,non_handheld,desk_gripped_micro_move,recording,3.054705,-0.487448,9.328783,0.075936,-0.069309,-0.059045
623814750.000,YZJ,non_handheld,desk_gripped_micro_move,recording,3.067482,-0.473450,9.334490,0.073873,-0.071298,-0.054543
623814760.000,YZJ,non_handheld,desk_gripped_micro_move,recording,3.105218,-0.480602,9.298627,0.072693,-0.060610,-0.052937
623814770.000,YZJ,non_handheld,desk_gripped_micro_move,recording,3.134710,-0.450516,9.290394,0.078110,-0.044673,-0.052484
623814780.000,YZJ,non_handheld,desk_gripped_micro_move,recording,3.121601,-0.406810,9.315296,0.093218,-0.037043,-0.054299
623814790.000,YZJ,non_handheld,desk_gripped_micro_move,recording,3.129119,-0.392384,9.334025,0.108726,-0.030032,-0.054787
623814800.000,YZJ,non_handheld,desk_gripped_micro_move,recording,3.126999,-0.379898,9.318848,0.121890,-0.021323,-0.050686
623814810.000,YZJ,non_handheld,desk_gripped_micro_move,recording,3.107749,-0.393509,9.277330,0.126953,-0.007894,-0.040656
623814820.000,YZJ,non_handheld,desk_gripped_micro_move,recording,3.134675,-0.390007,9.276894,0.126024,0.006668,-0.036133
623814830.000,YZJ,non_handheld,desk_gripped_micro_move,recording,3.138975,-0.382361,9.273904,0.114059,0.019694,-0.032177
623814840.000,YZJ,non_handheld,desk_gripped_micro_move,recording,3.127152,-0.353161,9.293260,0.096653,0.021441,-0.030252
623814850.000,YZJ,non_handheld,desk_gripped_micro_move,recording,3.094709,-0.365068,9.336282,0.082459,0.005364,-0.031390
623814860.000,YZJ,non_handheld,desk_gripped_micro_move,recording,3.102763,-0.309659,9.347590,0.073288,-0.012073,-0.038182
623814870.000,YZJ,non_handheld,desk_gripped_micro_move,recording,3.126073,-0.281400,9.336438,0.066698,-0.029521,-0.050669
623814880.000,YZJ,non_handheld,desk_gripped_micro_move,recording,3.115350,-0.267459,9.365731,0.068506,-0.047874,-0.058804
623814890.000,YZJ,non_handheld,desk_gripped_micro_move,recording,3.135857,-0.264665,9.337561,0.072450,-0.049527,-0.065481
623814900.000,YZJ,non_handheld,desk_gripped_micro_move,recording,3.150377,-0.228789,9.302247,0.077415,-0.040153,-0.071374
623814910.000,YZJ,non_handheld,desk_gripped_micro_move,recording,3.154484,-0.183491,9.300019,0.083369,-0.024192,-0.082831
623814920.000,YZJ,non_handheld,desk_gripped_micro_move,recording,3.164081,-0.171759,9.314212,0.094354,-0.009354,-0.095500
623814930.000,YZJ,non_handheld,desk_gripped_micro_move,recording,3.167238,-0.158263,9.349767,0.112575,-0.006622,-0.107200
623814940.000,YZJ,non_handheld,desk_gripped_micro_move,recording,3.150887,-0.149173,9.317783,0.128009,-0.009267,-0.112148
623814950.000,YZJ,non_handheld,desk_gripped_micro_move,recording,3.139996,-0.153191,9.348087,0.141704,-0.017541,-0.107599
623814960.000,YZJ,non_handheld,desk_gripped_micro_move,recording,3.139432,-0.195308,9.305877,0.146852,-0.011238,-0.101157
623814970.000,YZJ,non_handheld,desk_gripped_micro_move,recording,3.140728,-0.186768,9.303385,0.147869,-0.001479,-0.091131
623814980.000,YZJ,non_handheld,desk_gripped_micro_move,recording,3.123181,-0.187014,9.313595,0.147236,-0.002370,-0.082823
623814990.000,YZJ,non_handheld,desk_gripped_micro_move,recording,3.141567,-0.178927,9.321809,0.138735,-0.005427,-0.080134
623815000.000,YZJ,non_handheld,desk_gripped_micro_move,recording,3.118522,-0.169257,9.344142,0.132467,-0.027857,-0.081060
623815010.000,YZJ,non_handheld,desk_gripped_micro_move,recording,3.093956,-0.175542,9.362919,0.120217,-0.053469,-0.079322
623815020.000,YZJ,non_handheld,desk_gripped_micro_move,recording,3.097220,-0.193468,9.298713,0.101244,-0.068584,-0.076349
623815030.000,YZJ,non_handheld,desk_gripped_micro_move,recording,3.121121,-0.176272,9.301743,0.079489,-0.076740,-0.071315
623815040.000,YZJ,non_handheld,desk_gripped_micro_move,recording,3.143203,-0.193111,9.305515,0.065916,-0.075250,-0.068804
623815050.000,YZJ,non_handheld,desk_gripped_micro_move,recording,3.182437,-0.125215,9.294573,0.058815,-0.072418,-0.072403
623815060.000,YZJ,non_handheld,desk_gripped_micro_move,recording,3.202730,-0.037991,9.278633,0.056585,-0.076148,-0.078051
623815070.000,YZJ,non_handheld,desk_gripped_micro_move,recording,3.197933,-0.087225,9.308413,0.057575,-0.076695,-0.086021
623815080.000,YZJ,non_handheld,desk_gripped_micro_move,recording,3.242353,-0.076081,9.320873,0.064452,-0.083083,-0.097007
623815090.000,YZJ,non_handheld,desk_gripped_micro_move,recording,3.225503,-0.029912,9.312894,0.072486,-0.082283,-0.106348
623815100.000,YZJ,non_handheld,desk_gripped_micro_move,recording,3.165329,-0.037185,9.294343,0.074605,-0.076176,-0.105454
623815110.000,YZJ,non_handheld,desk_gripped_micro_move,recording,3.151373,-0.060711,9.305365,0.071540,-0.071404,-0.095047
623815120.000,YZJ,non_handheld,desk_gripped_micro_move,recording,3.182665,-0.049829,9.251584,0.061415,-0.054051,-0.081689
623815130.000,YZJ,non_handheld,desk_gripped_micro_move,recording,3.237192,-0.031835,9.202686,0.041488,-0.031096,-0.063430
623815140.000,YZJ,non_handheld,desk_gripped_micro_move,recording,3.225490,-0.003624,9.215943,0.018387,-0.014278,-0.045509
623815150.000,YZJ,non_handheld,desk_gripped_micro_move,recording,3.212883,0.002181,9.236876,0.003821,-0.007319,-0.030350
623815160.000,YZJ,non_handheld,desk_gripped_micro_move,recording,3.223880,0.037258,9.300301,0.003162,-0.009887,-0.027109
623815170.000,YZJ,non_handheld,desk_gripped_micro_move,recording,3.245876,0.073356,9.316111,0.014587,-0.016567,-0.033709
623815180.000,YZJ,non_handheld,desk_gripped_micro_move,recording,3.262001,0.111356,9.310479,0.037009,-0.016118,-0.045527
623815190.000,YZJ,non_handheld,desk_gripped_micro_move,recording,3.241910,0.143056,9.298206,0.061454,-0.002542,-0.059073
623815200.000,YZJ,non_handheld,desk_gripped_micro_move,recording,3.197794,0.071401,9.334933,0.092113,0.012512,-0.063936
623815210.000,YZJ,non_handheld,desk_gripped_micro_move,recording,3.200883,-0.010947,9.291266,0.108557,0.034341,-0.062330
623815220.000,YZJ,non_handheld,desk_gripped_micro_move,recording,3.223982,-0.066580,9.257520,0.115326,0.058512,-0.053325
623815230.000,YZJ,non_handheld,desk_gripped_micro_move,recording,3.225166,-0.126761,9.252761,0.113591,0.073730,-0.039644
623815240.000,YZJ,non_handheld,desk_gripped_micro_move,recording,3.291807,-0.109938,9.217127,0.100225,0.093638,-0.031774
623815250.000,YZJ,non_handheld,desk_gripped_micro_move,recording,3.272081,-0.000345,9.239570,0.084559,0.107025,-0.026692
623815260.000,YZJ,non_handheld,desk_gripped_micro_move,recording,3.152375,0.108429,9.317037,0.082090,0.096255,-0.021638
623815270.000,YZJ,non_handheld,desk_gripped_micro_move,recording,3.163025,0.068176,9.317534,0.080730,0.081727,-0.025012
623815280.000,YZJ,non_handheld,desk_gripped_micro_move,recording,3.187518,0.083789,9.335915,0.083408,0.071047,-0.033800
623815290.000,YZJ,non_handheld,desk_gripped_micro_move,recording,3.205218,0.101912,9.276172,0.081806,0.080916,-0.046101
623815300.000,YZJ,non_handheld,desk_gripped_micro_move,recording,3.167358,0.186351,9.283264,0.083575,0.086535,-0.054459
623815310.000,YZJ,non_handheld,desk_gripped_micro_move,recording,3.114692,0.277646,9.367581,0.095873,0.070840,-0.054192
623815320.000,YZJ,non_handheld,desk_gripped_micro_move,recording,3.095603,0.197929,9.359291,0.104110,0.058958,-0.055498
623815330.000,YZJ,non_handheld,desk_gripped_micro_move,recording,3.150548,0.159361,9.342237,0.104857,0.056110,-0.056141
623815340.000,YZJ,non_handheld,desk_gripped_micro_move,recording,3.109787,0.190043,9.282809,0.094391,0.066538,-0.051664
623815350.000,YZJ,non_handheld,desk_gripped_micro_move,recording,3.097790,0.210703,9.288687,0.081873,0.076062,-0.045358
623815360.000,YZJ,non_handheld,desk_gripped_micro_move,recording,3.095070,0.219486,9.321109,0.080702,0.079306,-0.045837
623815370.000,YZJ,non_handheld,desk_gripped_micro_move,recording,3.086433,0.280165,9.379638,0.084943,0.072651,-0.050780
623815380.000,YZJ,non_handheld,desk_gripped_micro_move,recording,3.030981,0.325879,9.366476,0.090963,0.057521,-0.055058
623815390.000,YZJ,non_handheld,desk_gripped_micro_move,recording,2.953933,0.392817,9.388440,0.100220,0.048630,-0.053302
623815400.000,YZJ,non_handheld,desk_gripped_micro_move,recording,3.050521,0.385513,9.372201,0.113889,0.038306,-0.056292
623815410.000,YZJ,non_handheld,desk_gripped_micro_move,recording,2.972378,0.245109,9.382609,0.128234,0.037806,-0.048221
623815420.000,YZJ,non_handheld,desk_gripped_micro_move,recording,2.757893,0.268318,9.400994,0.135519,0.054626,-0.016832
623815430.000,YZJ,non_handheld,desk_gripped_micro_move,recording,3.088148,0.381701,9.283496,0.125344,0.066352,-0.011592
623815440.000,YZJ,non_handheld,desk_gripped_micro_move,recording,3.166046,0.051371,9.306897,0.111121,0.064109,-0.015982
623815450.000,YZJ,non_handheld,desk_gripped_micro_move,recording,3.031780,0.219068,9.309961,0.092412,0.061798,-0.010714
623815460.000,YZJ,non_handheld,desk_gripped_micro_move,recording,3.314978,0.336842,9.284657,0.064302,0.035160,-0.034450
623815470.000,YZJ,non_handheld,desk_gripped_micro_move,recording,3.303633,0.111753,9.275922,0.048702,0.001147,-0.052135
623815480.000,YZJ,non_handheld,desk_gripped_micro_move,recording,3.030547,0.201719,9.372407,0.044962,-0.005226,-0.045476
623815490.000,YZJ,non_handheld,desk_gripped_micro_move,recording,2.915866,0.427986,9.375262,0.050212,-0.001246,-0.039578
623815500.000,YZJ,non_handheld,desk_gripped_micro_move,recording,3.424010,0.379671,9.303552,0.061935,-0.021377,-0.066351
623815510.000,YZJ,non_handheld,desk_gripped_micro_move,recording,3.121356,0.188706,9.290610,0.072050,-0.006617,-0.076333
623815520.000,YZJ,non_handheld,desk_gripped_micro_move,recording,3.169731,0.350565,9.302591,0.090297,0.014859,-0.073223
623815530.000,YZJ,non_handheld,desk_gripped_micro_move,recording,3.070900,0.426601,9.318442,0.111171,0.038623,-0.070496
623815540.000,YZJ,non_handheld,desk_gripped_micro_move,recording,3.039105,0.354914,9.320003,0.126909,0.068784,-0.067124
623815550.000,YZJ,non_handheld,desk_gripped_micro_move,recording,3.030563,0.383489,9.325283,0.136441,0.103839,-0.065592
623815560.000,YZJ,non_handheld,desk_gripped_micro_move,recording,2.962764,0.440636,9.337420,0.147849,0.134050,-0.061895
623815570.000,YZJ,non_handheld,desk_gripped_micro_move,recording,2.858810,0.493821,9.387081,0.163857,0.162199,-0.053291
623815580.000,YZJ,non_handheld,desk_gripped_micro_move,recording,2.754336,0.535254,9.400999,0.182720,0.188822,-0.039184
623815590.000,YZJ,non_handheld,desk_gripped_micro_move,recording,2.936269,0.615493,9.394389,0.193991,0.194757,-0.047991
623815600.000,YZJ,non_handheld,desk_gripped_micro_move,recording,3.531343,0.468124,9.181668,0.178038,0.197690,-0.084258
623815610.000,YZJ,non_handheld,desk_gripped_micro_move,recording,2.806436,0.244485,9.370119,0.170367,0.214825,-0.071174
623815620.000,YZJ,non_handheld,desk_gripped_micro_move,recording,2.945255,0.466243,9.338350,0.163957,0.216854,-0.058545
623815630.000,YZJ,non_handheld,desk_gripped_micro_move,recording,2.822312,0.533700,9.385824,0.154437,0.213898,-0.040071
623815640.000,YZJ,non_handheld,desk_gripped_micro_move,recording,2.784452,0.537178,9.413180,0.146025,0.198705,-0.027713
623815650.000,YZJ,non_handheld,desk_gripped_micro_move,recording,2.834227,0.525132,9.418188,0.139567,0.179580,-0.020397
623815660.000,YZJ,non_handheld,desk_gripped_micro_move,recording,2.746013,0.540036,9.405029,0.132295,0.178465,-0.012936
623815670.000,YZJ,non_handheld,desk_gripped_micro_move,recording,2.736143,0.630241,9.406231,0.129215,0.188285,-0.013363
623815680.000,YZJ,non_handheld,desk_gripped_micro_move,recording,2.548614,0.756724,9.424194,0.135117,0.206502,-0.008304
623815690.000,YZJ,non_handheld,desk_gripped_micro_move,recording,2.554243,0.882293,9.506305,0.150333,0.209537,-0.007537
623815700.000,YZJ,non_handheld,desk_gripped_micro_move,recording,2.554444,0.689551,9.506008,0.168685,0.215870,-0.003666
623815710.000,YZJ,non_handheld,desk_gripped_micro_move,recording,2.131903,0.802927,9.504364,0.187885,0.254808,0.021378
623815720.000,YZJ,non_handheld,desk_gripped_micro_move,recording,2.721983,0.796617,9.461574,0.209829,0.283085,0.030699
623815730.000,YZJ,non_handheld,desk_gripped_micro_move,recording,2.520243,0.605798,9.464073,0.228827,0.312017,0.045546
623815740.000,YZJ,non_handheld,desk_gripped_micro_move,recording,2.540048,0.541958,9.492009,0.246859,0.342004,0.056487
623815750.000,YZJ,non_handheld,desk_gripped_micro_move,recording,2.939538,0.570937,9.332589,0.246219,0.340191,0.041853
623815760.000,YZJ,non_handheld,desk_gripped_micro_move,recording,2.852963,0.497973,9.416918,0.225896,0.320918,0.019985
623815770.000,YZJ,non_handheld,desk_gripped_micro_move,recording,3.057432,0.686652,9.453719,0.202260,0.249727,-0.014296
623815780.000,YZJ,non_handheld,desk_gripped_micro_move,recording,2.557205,0.528155,9.447416,0.176758,0.174283,-0.022225
623815790.000,YZJ,non_handheld,desk_gripped_micro_move,recording,2.822664,0.722751,9.049260,0.085619,0.251494,-0.021434
623815800.000,YZJ,non_handheld,desk_gripped_micro_move,recording,2.692601,0.589019,9.749155,0.080242,0.197818,-0.014619
623815810.000,YZJ,non_handheld,desk_gripped_micro_move,recording,2.739866,0.728074,9.202700,0.068554,0.165304,-0.001485
623815820.000,YZJ,non_handheld,desk_gripped_micro_move,recording,2.080319,0.784745,9.596477,0.053966,0.165960,0.047077
623815830.000,YZJ,non_handheld,desk_gripped_micro_move,recording,2.722601,1.072424,9.455758,0.047828,0.128399,0.061577
623815840.000,YZJ,non_handheld,desk_gripped_micro_move,recording,2.424331,0.969496,9.432689,0.036054,0.090855,0.063599
623815850.000,YZJ,non_handheld,desk_gripped_micro_move,recording,2.534379,0.837263,9.493183,0.029508,0.074027,0.063318
623815860.000,YZJ,non_handheld,desk_gripped_micro_move,recording,2.699895,0.929360,9.426424,0.024738,0.078118,0.040881
623815870.000,YZJ,non_handheld,desk_gripped_micro_move,recording,2.590134,0.677438,9.414762,0.030204,0.098512,0.024909
623815880.000,YZJ,non_handheld,desk_gripped_micro_move,recording,2.482537,0.742762,9.482872,0.047558,0.126355,0.029276
623815890.000,YZJ,non_handheld,desk_gripped_micro_move,recording,2.307759,0.791260,9.505184,0.067835,0.167624,0.036135
623815900.000,YZJ,non_handheld,desk_gripped_micro_move,recording,2.310243,0.867782,9.504398,0.088183,0.206524,0.046842
623815910.000,YZJ,non_handheld,desk_gripped_micro_move,recording,2.275751,0.788321,9.508647,0.109397,0.241469,0.065770
623815920.000,YZJ,non_handheld,desk_gripped_micro_move,recording,2.497978,0.827973,9.477830,0.120810,0.257118,0.066257
623815930.000,YZJ,non_handheld,desk_gripped_micro_move,recording,2.343927,0.775632,9.517681,0.125356,0.255538,0.065386
623815940.000,YZJ,non_handheld,desk_gripped_micro_move,recording,2.531865,0.821462,9.474002,0.117871,0.244065,0.049475
623815950.000,YZJ,non_handheld,desk_gripped_micro_move,recording,2.135819,0.808478,9.545679,0.115448,0.231247,0.049837
623815960.000,YZJ,non_handheld,desk_gripped_micro_move,recording,2.223898,0.869926,9.549509,0.111593,0.236900,0.048429
623815970.000,YZJ,non_handheld,desk_gripped_micro_move,recording,2.792504,0.892230,9.365672,0.107374,0.251674,0.018802
623815980.000,YZJ,non_handheld,desk_gripped_micro_move,recording,2.348966,0.779304,9.577088,0.109501,0.247074,0.001924
623815990.000,YZJ,non_handheld,desk_gripped_micro_move,recording,2.293232,0.851258,9.517778,0.107632,0.237445,0.002663
623816000.000,YZJ,non_handheld,desk_gripped_micro_move,recording,2.104605,0.899867,9.537640,0.107031,0.221821,0.021722
623816010.000,YZJ,non_handheld,desk_gripped_micro_move,recording,2.121003,0.938691,9.565751,0.105085,0.210990,0.034779
623816020.000,YZJ,non_handheld,desk_gripped_micro_move,recording,2.142364,0.986408,9.525331,0.101271,0.201806,0.044236
623816030.000,YZJ,non_handheld,desk_gripped_micro_move,recording,2.103962,1.005293,9.528329,0.099760,0.193937,0.052730
623816040.000,YZJ,non_handheld,desk_gripped_micro_move,recording,2.104317,1.013130,9.545889,0.093314,0.177978,0.060465
623816050.000,YZJ,non_handheld,desk_gripped_micro_move,recording,2.118109,0.973511,9.551187,0.087136,0.167451,0.059912
623816060.000,YZJ,non_handheld,desk_gripped_micro_move,recording,2.134433,0.940961,9.554055,0.083184,0.159411,0.055918
623816070.000,YZJ,non_handheld,desk_gripped_micro_move,recording,2.132554,0.950869,9.543789,0.078464,0.152147,0.049819
623816080.000,YZJ,non_handheld,desk_gripped_micro_move,recording,2.051117,0.978354,9.546330,0.070195,0.137858,0.040039
623816090.000,YZJ,non_handheld,desk_gripped_micro_move,recording,2.021499,0.944858,9.580336,0.056171,0.112288,0.028279
623816100.000,YZJ,non_handheld,desk_gripped_micro_move,recording,2.024851,1.021233,9.557713,0.036158,0.077994,0.026305
623816110.000,YZJ,non_handheld,desk_gripped_micro_move,recording,1.945253,0.921002,9.579668,0.018161,0.042186,0.030369
623816120.000,YZJ,non_handheld,desk_gripped_micro_move,recording,1.944589,0.981929,9.554364,0.000776,0.006642,0.030431
623816130.000,YZJ,non_handheld,desk_gripped_micro_move,recording,1.990657,0.983610,9.585545,-0.014653,-0.027043,0.032363
623816140.000,YZJ,non_handheld,desk_gripped_micro_move,recording,2.046331,0.975064,9.563663,-0.024284,-0.042675,0.025057
623816150.000,YZJ,non_handheld,desk_gripped_micro_move,recording,2.024366,0.978512,9.549590,-0.032482,-0.059070,0.023503
623816160.000,YZJ,non_handheld,desk_gripped_micro_move,recording,1.974484,1.003317,9.557452,-0.038511,-0.075456,0.035456
623816170.000,YZJ,non_handheld,desk_gripped_micro_move,recording,1.963988,1.026272,9.575257,-0.041181,-0.085808,0.048195
623816180.000,YZJ,non_handheld,desk_gripped_micro_move,recording,2.011702,0.991930,9.570458,-0.041028,-0.084962,0.052733
623816190.000,YZJ,non_handheld,desk_gripped_micro_move,recording,2.019718,0.977707,9.545081,-0.031396,-0.062519,0.052623
623816200.000,YZJ,non_handheld,desk_gripped_micro_move,recording,1.778399,1.102473,9.573562,-0.006308,0.005339,0.073375
623816210.000,YZJ,non_handheld,desk_gripped_micro_move,recording,1.425474,1.173653,9.381167,-0.000236,0.197790,0.123936
623816220.000,YZJ,non_handheld,desk_gripped_micro_move,recording,1.819457,1.237550,9.264326,-0.004894,0.448080,0.148305
623816230.000,YZJ,non_handheld,desk_gripped_micro_move,recording,1.344021,0.994457,9.435084,0.010747,0.620098,0.195886
623816240.000,YZJ,non_handheld,desk_gripped_micro_move,recording,1.467627,1.227678,9.807627,0.052841,0.666897,0.226855
623816250.000,YZJ,non_handheld,desk_gripped_micro_move,recording,1.577515,1.166483,9.626820,0.077195,0.683775,0.245932
623816260.000,YZJ,non_handheld,desk_gripped_micro_move,recording,1.858432,1.028517,9.720998,0.086318,0.675313,0.230016
623816270.000,YZJ,non_handheld,desk_gripped_micro_move,recording,1.132785,0.758754,9.675421,0.095918,0.682423,0.240126
623816280.000,YZJ,non_handheld,desk_gripped_micro_move,recording,1.665742,1.104371,9.640949,0.104940,0.674498,0.244907
623816290.000,YZJ,non_handheld,desk_gripped_micro_move,recording,1.590461,1.167059,9.882095,0.122446,0.632803,0.214481
623816300.000,YZJ,non_handheld,desk_gripped_micro_move,recording,1.656482,0.907441,9.652050,0.129237,0.549014,0.191862
623816310.000,YZJ,non_handheld,desk_gripped_micro_move,recording,1.394145,0.984012,9.912949,0.141112,0.465303,0.178854
623816320.000,YZJ,non_handheld,desk_gripped_micro_move,recording,1.674111,0.996145,9.620665,0.126469,0.393225,0.157781
623816330.000,YZJ,non_handheld,desk_gripped_micro_move,recording,1.528464,0.935828,9.711016,0.104567,0.318038,0.148746
623816340.000,YZJ,non_handheld,desk_gripped_micro_move,recording,1.630963,0.932191,9.717754,0.081114,0.229854,0.146448
623816350.000,YZJ,non_handheld,desk_gripped_micro_move,recording,1.270013,0.869833,9.604621,0.049727,0.153947,0.166292
623816360.000,YZJ,non_handheld,desk_gripped_micro_move,recording,1.804921,0.970925,9.600482,0.017020,0.117306,0.153300
623816370.000,YZJ,non_handheld,desk_gripped_micro_move,recording,1.921949,0.894956,9.535922,-0.005245,0.113124,0.115902
623816380.000,YZJ,non_handheld,desk_gripped_micro_move,recording,1.901572,0.768985,9.571946,-0.012975,0.146168,0.088642
623816390.000,YZJ,non_handheld,desk_gripped_micro_move,recording,1.717418,0.963218,9.640922,-0.004429,0.212546,0.069030
623816400.000,YZJ,non_handheld,desk_gripped_micro_move,recording,1.327023,0.829029,9.527651,0.007411,0.352159,0.080809
623816410.000,YZJ,non_handheld,desk_gripped_micro_move,recording,1.399691,1.116075,9.570579,0.024702,0.480950,0.096915
623816420.000,YZJ,non_handheld,desk_gripped_micro_move,recording,1.490159,1.075318,9.716347,0.043098,0.551880,0.092037
623816430.000,YZJ,non_handheld,desk_gripped_micro_move,recording,1.414826,0.786036,9.701531,0.059546,0.584453,0.091313
623816440.000,YZJ,non_handheld,desk_gripped_micro_move,recording,1.503845,1.182981,9.790765,0.074470,0.540345,0.084957
623816450.000,YZJ,non_handheld,desk_gripped_micro_move,recording,1.294578,0.928023,9.770570,0.076473,0.480371,0.074442
623816460.000,YZJ,non_handheld,desk_gripped_micro_move,recording,1.392891,0.982798,9.687344,0.063967,0.427644,0.056008
623816470.000,YZJ,non_handheld,desk_gripped_micro_move,recording,1.098450,1.063794,9.759474,0.043721,0.308382,0.050140
623816480.000,YZJ,non_handheld,desk_gripped_micro_move,recording,0.797883,1.070419,9.852547,0.027172,0.113951,0.046912
623816490.000,YZJ,non_handheld,desk_gripped_micro_move,recording,0.867020,1.103846,9.724797,0.001380,-0.032007,0.036752
623816500.000,YZJ,non_handheld,desk_gripped_micro_move,recording,0.993470,1.082937,9.661779,-0.020033,-0.066687,0.023413
623816510.000,YZJ,non_handheld,desk_gripped_micro_move,recording,1.133525,1.076959,9.612475,-0.034731,-0.006408,0.006421
623816520.000,YZJ,non_handheld,desk_gripped_micro_move,recording,1.097226,1.064748,9.603193,-0.037344,0.082568,-0.005925
623816530.000,YZJ,non_handheld,desk_gripped_micro_move,recording,0.983028,1.066183,9.710915,-0.022165,0.169397,-0.002857
623816540.000,YZJ,non_handheld,desk_gripped_micro_move,recording,0.870107,1.083743,9.730980,-0.003889,0.273551,0.014876
623816550.000,YZJ,non_handheld,desk_gripped_micro_move,recording,0.772506,1.085338,9.683320,0.008723,0.370014,0.043518
623816560.000,YZJ,non_handheld,desk_gripped_micro_move,recording,0.652750,1.066981,9.690943,0.011655,0.434276,0.075737
623816570.000,YZJ,non_handheld,desk_gripped_micro_move,recording,0.685730,1.044975,9.699253,0.006104,0.443666,0.100660
623816580.000,YZJ,non_handheld,desk_gripped_micro_move,recording,0.834983,1.065874,9.762302,-0.002600,0.373226,0.109663
623816590.000,YZJ,non_handheld,desk_gripped_micro_move,recording,0.845923,1.171476,9.848976,-0.007669,0.189411,0.100721
623816600.000,YZJ,non_handheld,desk_gripped_micro_move,recording,0.706172,1.042551,9.816001,-0.016748,0.015641,0.084464
623816610.000,YZJ,non_handheld,desk_gripped_micro_move,recording,0.953296,1.052586,9.687657,-0.028380,-0.031557,0.055082
623816620.000,YZJ,non_handheld,desk_gripped_micro_move,recording,0.951302,1.003418,9.698656,-0.026038,0.038577,0.026506
623816630.000,YZJ,non_handheld,desk_gripped_micro_move,recording,0.825079,1.070815,9.730736,-0.008750,0.110082,0.012591
623816640.000,YZJ,non_handheld,desk_gripped_micro_move,recording,0.630760,1.112516,9.806342,0.012858,0.136725,0.016986
623816650.000,YZJ,non_handheld,desk_gripped_micro_move,recording,0.580062,1.080204,9.810833,0.031144,0.148637,0.024742
623816660.000,YZJ,non_handheld,desk_gripped_micro_move,recording,0.581802,1.058473,9.756620,0.042433,0.175557,0.030738
623816670.000,YZJ,non_handheld,desk_gripped_micro_move,recording,0.585189,1.058948,9.806671,0.060575,0.213496,0.044852
623816680.000,YZJ,non_handheld,desk_gripped_micro_move,recording,0.592520,1.097749,9.778552,0.079074,0.241936,0.058143
623816690.000,YZJ,non_handheld,desk_gripped_micro_move,recording,0.696737,1.076100,9.785503,0.089896,0.243483,0.060976
623816700.000,YZJ,non_handheld,desk_gripped_micro_move,recording,0.679725,1.078838,9.772794,0.093236,0.215871,0.055670
623816710.000,YZJ,non_handheld,desk_gripped_micro_move,recording,0.672208,1.075981,9.716551,0.081313,0.164254,0.046518
623816720.000,YZJ,non_handheld,desk_gripped_micro_move,recording,0.689919,1.074192,9.656974,0.060411,0.124825,0.034038
623816730.000,YZJ,non_handheld,desk_gripped_micro_move,recording,0.701683,1.069760,9.678449,0.045554,0.118977,0.019419
623816740.000,YZJ,non_handheld,desk_gripped_micro_move,recording,0.686016,1.038408,9.735135,0.044288,0.140760,0.014111
623816750.000,YZJ,non_handheld,desk_gripped_micro_move,recording,0.704590,1.072063,9.786747,0.053329,0.174464,0.011030
623816760.000,YZJ,non_handheld,desk_gripped_micro_move,recording,0.615675,1.121581,9.797591,0.072173,0.203187,0.008343
623816770.000,YZJ,non_handheld,desk_gripped_micro_move,recording,0.421260,1.167390,9.809921,0.088615,0.214448,0.020104
623816780.000,YZJ,non_handheld,desk_gripped_micro_move,recording,0.203713,1.187527,9.808651,0.099763,0.221248,0.044069
623816790.000,YZJ,non_handheld,desk_gripped_micro_move,recording,0.388838,1.197511,9.694564,0.091888,0.243114,0.058323
623816800.000,YZJ,non_handheld,desk_gripped_micro_move,recording,0.414045,1.182871,9.717022,0.079333,0.183176,0.062999
623816810.000,YZJ,non_handheld,desk_gripped_micro_move,recording,0.399215,1.161964,9.614622,0.053957,0.105999,0.060503
623816820.000,YZJ,non_handheld,desk_gripped_micro_move,recording,0.534673,1.177556,9.643674,0.027682,0.058391,0.050194
623816830.000,YZJ,non_handheld,desk_gripped_micro_move,recording,0.666560,1.095754,9.725111,0.016674,0.039179,0.033124
623816840.000,YZJ,non_handheld,desk_gripped_micro_move,recording,0.704302,1.076161,9.743353,0.018895,0.065804,0.009732
623816850.000,YZJ,non_handheld,desk_gripped_micro_move,recording,0.616539,1.114087,9.770846,0.026887,0.105397,-0.007290
623816860.000,YZJ,non_handheld,desk_gripped_micro_move,recording,0.479153,1.177375,9.778067,0.035619,0.166862,-0.012223
623816870.000,YZJ,non_handheld,desk_gripped_micro_move,recording,0.396479,1.184235,9.779857,0.044204,0.231182,-0.002642
623816880.000,YZJ,non_handheld,desk_gripped_micro_move,recording,0.293464,1.200314,9.801887,0.057259,0.275408,0.013960
623816890.000,YZJ,non_handheld,desk_gripped_micro_move,recording,0.260076,1.217343,9.764877,0.063188,0.298743,0.031245
623816900.000,YZJ,non_handheld,desk_gripped_micro_move,recording,0.125718,1.272022,9.718389,0.055677,0.254168,0.054770
623816910.000,YZJ,non_handheld,desk_gripped_micro_move,recording,-0.095075,1.336436,9.578440,0.028829,0.153451,0.081122
623816920.000,YZJ,non_handheld,desk_gripped_micro_move,recording,0.281621,1.214066,9.533462,-0.018379,0.070588,0.074996
623816930.000,YZJ,non_handheld,desk_gripped_micro_move,recording,0.469040,1.140059,9.587655,-0.052753,0.011153,0.046579
623816940.000,YZJ,non_handheld,desk_gripped_micro_move,recording,0.480948,1.107649,9.756991,-0.056573,0.007792,0.024069
623816950.000,YZJ,non_handheld,desk_gripped_micro_move,recording,0.409022,1.145575,9.871520,-0.037330,0.043994,0.010040
623816960.000,YZJ,non_handheld,desk_gripped_micro_move,recording,0.377942,1.139725,9.894567,-0.002111,0.077577,-0.003596
623816970.000,YZJ,non_handheld,desk_gripped_micro_move,recording,0.395402,1.118929,9.881100,0.035166,0.122666,-0.023651
623816980.000,YZJ,non_handheld,desk_gripped_micro_move,recording,0.315459,1.159060,9.900829,0.070976,0.170602,-0.029045
623816990.000,YZJ,non_handheld,desk_gripped_micro_move,recording,0.268706,1.171499,9.865138,0.095132,0.224698,-0.026648
623817000.000,YZJ,non_handheld,desk_gripped_micro_move,recording,0.194619,1.208520,9.810557,0.107819,0.284751,-0.012704
623817010.000,YZJ,non_handheld,desk_gripped_micro_move,recording,-0.014907,1.249777,9.740659,0.107686,0.276775,0.008186
623817020.000,YZJ,non_handheld,desk_gripped_micro_move,recording,0.026681,1.262529,9.544076,0.071301,0.229717,0.027176
623817030.000,YZJ,non_handheld,desk_gripped_micro_move,recording,-0.025464,1.282346,9.469827,0.015520,0.133839,0.038858
623817040.000,YZJ,non_handheld,desk_gripped_micro_move,recording,0.036675,1.274543,9.459091,-0.037176,0.042604,0.046665
623817050.000,YZJ,non_handheld,desk_gripped_micro_move,recording,0.175290,1.220423,9.610536,-0.069662,0.029370,0.046128
623817060.000,YZJ,non_handheld,desk_gripped_micro_move,recording,0.251941,1.211940,9.798484,-0.068794,0.080035,0.041093
623817070.000,YZJ,non_handheld,desk_gripped_micro_move,recording,0.185830,1.204374,9.840937,-0.050364,0.134070,0.036309
623817080.000,YZJ,non_handheld,desk_gripped_micro_move,recording,0.165675,1.197303,9.882125,-0.024332,0.177451,0.029110
623817090.000,YZJ,non_handheld,desk_gripped_micro_move,recording,0.144120,1.225888,9.875770,0.001906,0.231310,0.021517
623817100.000,YZJ,non_handheld,desk_gripped_micro_move,recording,0.073400,1.224113,9.861497,0.024432,0.275615,0.020370
623817110.000,YZJ,non_handheld,desk_gripped_micro_move,recording,-0.092514,1.182323,9.810790,0.037321,0.260655,0.033385
623817120.000,YZJ,non_handheld,desk_gripped_micro_move,recording,-0.144589,1.161244,9.640058,0.024953,0.221169,0.044005
623817130.000,YZJ,non_handheld,desk_gripped_micro_move,recording,-0.031976,1.232589,9.604614,-0.000740,0.189298,0.045468
623817140.000,YZJ,non_handheld,desk_gripped_micro_move,recording,-0.079901,1.226066,9.575943,-0.018765,0.113424,0.048970
623817150.000,YZJ,non_handheld,desk_gripped_micro_move,recording,-0.079087,1.254470,9.629346,-0.029668,0.018311,0.045545
623817160.000,YZJ,non_handheld,desk_gripped_micro_move,recording,0.004760,1.212037,9.738666,-0.019560,-0.022574,0.032042
623817170.000,YZJ,non_handheld,desk_gripped_micro_move,recording,0.013916,1.186037,9.875571,0.008024,-0.010471,0.019988
623817180.000,YZJ,non_handheld,desk_gripped_micro_move,recording,0.043879,1.181664,9.911839,0.044206,0.019118,0.005787
623817190.000,YZJ,non_handheld,desk_gripped_micro_move,recording,0.105362,1.211609,9.907289,0.075212,0.073635,-0.012006
623817200.000,YZJ,non_handheld,desk_gripped_micro_move,recording,0.045517,1.219667,9.907376,0.103354,0.139281,-0.022576
623817210.000,YZJ,non_handheld,desk_gripped_micro_move,recording,-0.136945,1.245483,9.846864,0.120869,0.187475,-0.010679
623817220.000,YZJ,non_handheld,desk_gripped_micro_move,recording,-0.292393,1.290705,9.789463,0.132600,0.229559,0.009826
623817230.000,YZJ,non_handheld,desk_gripped_micro_move,recording,-0.385691,1.266239,9.805646,0.137175,0.285632,0.036664
623817240.000,YZJ,non_handheld,desk_gripped_micro_move,recording,-0.443589,1.293347,9.728402,0.127944,0.328691,0.074055
623817250.000,YZJ,non_handheld,desk_gripped_micro_move,recording,-0.251180,1.174191,9.627889,0.102386,0.300435,0.093199
623817260.000,YZJ,non_handheld,desk_gripped_micro_move,recording,-0.033830,1.170888,9.437285,0.057402,0.215821,0.082938
623817270.000,YZJ,non_handheld,desk_gripped_micro_move,recording,0.057914,1.447746,9.500607,0.003466,0.177575,0.064233
623817280.000,YZJ,non_handheld,desk_gripped_micro_move,recording,-0.058481,1.333905,9.537507,-0.034913,0.139190,0.049241
623817290.000,YZJ,non_handheld,desk_gripped_micro_move,recording,-0.256129,1.308703,9.629272,-0.048924,0.086944,0.046307
623817300.000,YZJ,non_handheld,desk_gripped_micro_move,recording,-0.226652,1.321798,9.663885,-0.049696,0.059662,0.040689
623817310.000,YZJ,non_handheld,desk_gripped_micro_move,recording,-0.190547,1.310429,9.760838,-0.050909,0.087008,0.035571
623817320.000,YZJ,non_handheld,desk_gripped_micro_move,recording,-0.227673,1.276689,9.847974,-0.039627,0.127993,0.036921
623817330.000,YZJ,non_handheld,desk_gripped_micro_move,recording,-0.234065,1.280882,9.841859,-0.027139,0.177368,0.039203
623817340.000,YZJ,non_handheld,desk_gripped_micro_move,recording,-0.273363,1.322513,9.822819,-0.023697,0.241693,0.046202
623817350.000,YZJ,non_handheld,desk_gripped_micro_move,recording,-0.392055,1.310927,9.747406,-0.028908,0.287324,0.064043
623817360.000,YZJ,non_handheld,desk_gripped_micro_move,recording,-0.402282,1.297587,9.651102,-0.050045,0.304709,0.079559
623817370.000,YZJ,non_handheld,desk_gripped_micro_move,recording,-0.525290,1.313824,9.574229,-0.075198,0.271250,0.099518
623817380.000,YZJ,non_handheld,desk_gripped_micro_move,recording,-0.567792,1.214738,9.425497,-0.111647,0.175994,0.117735
623817390.000,YZJ,non_handheld,desk_gripped_micro_move,recording,-0.464153,1.225558,9.440625,-0.148722,0.085464,0.122052
623817400.000,YZJ,non_handheld,desk_gripped_micro_move,recording,-0.420711,1.241263,9.571903,-0.173573,0.039637,0.118623
623817410.000,YZJ,non_handheld,desk_gripped_micro_move,recording,-0.330441,1.195092,9.781022,-0.167940,0.041674,0.110103
623817420.000,YZJ,non_handheld,desk_gripped_micro_move,recording,-0.316057,1.150445,9.900582,-0.135921,0.076388,0.098907
623817430.000,YZJ,non_handheld,desk_gripped_micro_move,recording,-0.291387,1.174282,9.988006,-0.094294,0.122358,0.079578
623817440.000,YZJ,non_handheld,desk_gripped_micro_move,recording,-0.325350,1.162250,9.964615,-0.056019,0.171868,0.065505
623817450.000,YZJ,non_handheld,desk_gripped_micro_move,recording,-0.334415,1.177263,9.929831,-0.024938,0.223685,0.049046
623817460.000,YZJ,non_handheld,desk_gripped_micro_move,recording,-0.393914,1.184551,9.832163,-0.009048,0.261899,0.035832
623817470.000,YZJ,non_handheld,desk_gripped_micro_move,recording,-0.499135,1.192475,9.710939,-0.011120,0.264755,0.031024
623817480.000,YZJ,non_handheld,desk_gripped_micro_move,recording,-0.601537,1.211592,9.557371,-0.031542,0.207929,0.032291
623817490.000,YZJ,non_handheld,desk_gripped_micro_move,recording,-0.718206,1.200778,9.337037,-0.071419,0.107062,0.039326
623817500.000,YZJ,non_handheld,desk_gripped_micro_move,recording,-0.685805,1.178549,9.474950,-0.107749,0.037222,0.046629
623817510.000,YZJ,non_handheld,desk_gripped_micro_move,recording,-0.549550,1.168655,9.667732,-0.115812,0.009215,0.049653
623817520.000,YZJ,non_handheld,desk_gripped_micro_move,recording,-0.534867,1.122730,9.814404,-0.103993,0.019397,0.051367
623817530.000,YZJ,non_handheld,desk_gripped_micro_move,recording,-0.486931,1.118361,9.907447,-0.079103,0.062802,0.047132
623817540.000,YZJ,non_handheld,desk_gripped_micro_move,recording,-0.469196,1.110909,9.974442,-0.039310,0.120405,0.037955
623817550.000,YZJ,non_handheld,desk_gripped_micro_move,recording,-0.495603,1.095621,9.971305,-0.000183,0.171670,0.028869
623817560.000,YZJ,non_handheld,desk_gripped_micro_move,recording,-0.481949,1.125170,9.914051,0.031591,0.218576,0.014753
623817570.000,YZJ,non_handheld,desk_gripped_micro_move,recording,-0.542559,1.109803,9.927845,0.057534,0.272211,0.009369
623817580.000,YZJ,non_handheld,desk_gripped_micro_move,recording,-0.631521,1.109509,9.791908,0.067623,0.289378,0.007851
623817590.000,YZJ,non_handheld,desk_gripped_micro_move,recording,-0.722484,1.099192,9.603039,0.045432,0.268112,0.007121
623817600.000,YZJ,non_handheld,desk_gripped_micro_move,recording,-0.798458,1.162499,9.490219,0.014313,0.210839,0.010827
623817610.000,YZJ,non_handheld,desk_gripped_micro_move,recording,-0.770993,1.200638,9.507081,-0.014878,0.161581,0.014421
623817620.000,YZJ,non_handheld,desk_gripped_micro_move,recording,-0.795180,1.201504,9.494551,-0.044376,0.114037,0.017736
623817630.000,YZJ,non_handheld,desk_gripped_micro_move,recording,-0.811798,1.172932,9.567164,-0.064366,0.073675,0.028244
623817640.000,YZJ,non_handheld,desk_gripped_micro_move,recording,-0.767974,1.126577,9.749807,-0.057658,0.067918,0.035306
623817650.000,YZJ,non_handheld,desk_gripped_micro_move,recording,-0.642547,1.142272,9.870610,-0.044253,0.113774,0.023307
623817660.000,YZJ,non_handheld,desk_gripped_micro_move,recording,-0.610158,1.129152,9.961421,-0.017611,0.183700,0.003156
623817670.000,YZJ,non_handheld,desk_gripped_micro_move,recording,-0.728997,1.045040,9.903582,0.010782,0.229630,-0.005835
623817680.000,YZJ,non_handheld,desk_gripped_micro_move,recording,-0.781833,1.049625,9.896931,0.034602,0.277119,-0.006423
623817690.000,YZJ,non_handheld,desk_gripped_micro_move,recording,-0.802317,1.105019,9.868262,0.044392,0.325402,-0.001372
623817700.000,YZJ,non_handheld,desk_gripped_micro_move,recording,-0.988411,1.081246,9.649167,0.032593,0.327137,0.022065
623817710.000,YZJ,non_handheld,desk_gripped_micro_move,recording,-1.236900,1.048739,9.410294,0.000852,0.262162,0.055932
623817720.000,YZJ,non_handheld,desk_gripped_micro_move,recording,-1.208122,1.134744,9.144599,-0.058097,0.118221,0.074086
623817730.000,YZJ,non_handheld,desk_gripped_micro_move,recording,-1.071734,1.161284,9.142998,-0.113320,-0.034697,0.070590
623817740.000,YZJ,non_handheld,desk_gripped_micro_move,recording,-0.971676,1.163206,9.388133,-0.145189,-0.123578,0.057448
623817750.000,YZJ,non_handheld,desk_gripped_micro_move,recording,-0.779474,1.184689,9.698721,-0.142214,-0.145826,0.029461
623817760.000,YZJ,non_handheld,desk_gripped_micro_move,recording,-0.689011,1.203364,9.894771,-0.110097,-0.116367,0.000625
623817770.000,YZJ,non_handheld,desk_gripped_micro_move,recording,-0.694342,1.186836,9.986473,-0.062223,-0.060182,-0.025289
623817780.000,YZJ,non_handheld,desk_gripped_micro_move,recording,-0.714643,1.161694,9.999743,-0.019083,0.007722,-0.042861
623817790.000,YZJ,non_handheld,desk_gripped_micro_move,recording,-0.759256,1.111851,9.969220,0.019687,0.067967,-0.047459
623817800.000,YZJ,non_handheld,desk_gripped_micro_move,recording,-0.873250,0.975599,10.058021,0.068858,0.152538,-0.050132
623817810.000,YZJ,non_handheld,desk_gripped_micro_move,recording,-0.934072,1.100425,9.739499,0.052670,0.175071,-0.023706
623817820.000,YZJ,non_handheld,desk_gripped_micro_move,recording,-1.049159,1.071475,9.288200,0.012909,0.083815,-0.008520
623817830.000,YZJ,non_handheld,desk_gripped_micro_move,recording,-1.102012,1.151483,9.239339,-0.025359,-0.030699,-0.003331
623817840.000,YZJ,non_handheld,desk_gripped_micro_move,recording,-0.986239,1.102377,9.518754,-0.051478,-0.091628,-0.000828
623817850.000,YZJ,non_handheld,desk_gripped_micro_move,recording,-0.885846,1.087005,9.767884,-0.052308,-0.072828,-0.000818
623817860.000,YZJ,non_handheld,desk_gripped_micro_move,recording,-0.898679,1.024098,9.898382,-0.040156,-0.021283,0.011762
623817870.000,YZJ,non_handheld,desk_gripped_micro_move,recording,-0.893033,1.062976,9.803499,-0.023368,0.003090,0.013808
623817880.000,YZJ,non_handheld,desk_gripped_micro_move,recording,-0.933364,1.096347,9.755707,-0.011886,0.020758,0.020199
623817890.000,YZJ,non_handheld,desk_gripped_micro_move,recording,-0.912702,1.056277,9.735276,-0.007943,0.025327,0.022460
623817900.000,YZJ,non_handheld,desk_gripped_micro_move,recording,-0.879116,1.037032,9.720085,-0.006822,0.034317,0.017915
623817910.000,YZJ,non_handheld,desk_gripped_micro_move,recording,-0.920779,1.078661,9.718211,-0.006279,0.035502,0.016118
623817920.000,YZJ,non_handheld,desk_gripped_micro_move,recording,-0.978820,1.064375,9.585576,-0.019806,0.005011,0.019313
623817930.000,YZJ,non_handheld,desk_gripped_micro_move,recording,-1.024191,1.080525,9.333672,-0.066184,-0.067968,0.013185
623817940.000,YZJ,non_handheld,desk_gripped_micro_move,recording,-0.967131,1.025767,9.545778,-0.086086,-0.108722,0.003421
623817950.000,YZJ,non_handheld,desk_gripped_micro_move,recording,-0.865960,1.123419,9.720729,-0.082898,-0.122634,-0.001551
623817960.000,YZJ,non_handheld,desk_gripped_micro_move,recording,-0.892584,1.072167,9.618725,-0.091244,-0.137930,-0.006345
623817970.000,YZJ,non_handheld,desk_gripped_micro_move,recording,-0.899409,0.980477,9.755384,-0.092984,-0.129725,-0.012477
623817980.000,YZJ,non_handheld,desk_gripped_micro_move,recording,-0.850016,1.025619,9.716255,-0.093307,-0.117605,-0.019734
623817990.000,YZJ,non_handheld,desk_gripped_micro_move,recording,-0.872358,0.971333,9.819077,-0.092572,-0.080324,-0.018631
623818000.000,YZJ,non_handheld,desk_gripped_micro_move,recording,-0.813878,1.016153,9.897378,-0.083688,-0.015624,-0.012192
623818010.000,YZJ,non_handheld,desk_gripped_micro_move,recording,-0.808342,0.966674,10.047448,-0.072784,0.090230,-0.008743
623818020.000,YZJ,non_handheld,desk_gripped_micro_move,recording,-0.836789,0.852721,10.026923,-0.064201,0.209790,0.007692
623818030.000,YZJ,non_handheld,desk_gripped_micro_move,recording,-0.868763,0.868762,9.963582,-0.062149,0.301927,0.031750
623818040.000,YZJ,non_handheld,desk_gripped_micro_move,recording,-0.780265,1.019950,9.808000,-0.075528,0.348844,0.041972
623818050.000,YZJ,non_handheld,desk_gripped_micro_move,recording,-0.933071,0.891772,9.686942,-0.097597,0.356376,0.051665
623818060.000,YZJ,non_handheld,desk_gripped_micro_move,recording,-0.940784,0.879064,9.483538,-0.125030,0.315383,0.051117
623818070.000,YZJ,non_handheld,desk_gripped_micro_move,recording,-0.848748,0.857191,9.539006,-0.149795,0.250584,0.034593
623818080.000,YZJ,non_handheld,desk_gripped_micro_move,recording,-0.863354,0.973448,9.542583,-0.164483,0.183426,0.007285
623818090.000,YZJ,non_handheld,desk_gripped_micro_move,recording,-0.686054,0.859921,9.582299,-0.170064,0.116784,-0.023924
623818100.000,YZJ,non_handheld,desk_gripped_micro_move,recording,-1.229428,1.021077,9.612992,-0.170082,0.079285,-0.021616
623818110.000,YZJ,non_handheld,desk_gripped_micro_move,recording,-1.207642,1.026992,9.630054,-0.161558,0.056963,-0.001529
623818120.000,YZJ,non_handheld,desk_gripped_micro_move,recording,-1.410901,1.053621,9.578199,-0.159728,0.028328,0.028608
623818130.000,YZJ,non_handheld,desk_gripped_micro_move,recording,-1.032493,0.889747,9.658804,-0.147551,-0.007707,0.011487
623818140.000,YZJ,non_handheld,desk_gripped_micro_move,recording,-1.011348,0.797626,9.649310,-0.137877,-0.048814,-0.010892
623818150.000,YZJ,non_handheld,desk_gripped_micro_move,recording,-1.227217,0.785840,9.671638,-0.134691,-0.066540,-0.007106
623818160.000,YZJ,non_handheld,desk_gripped_micro_move,recording,-1.225336,0.883586,9.806693,-0.132898,-0.026687,0.002745
623818170.000,YZJ,non_handheld,desk_gripped_micro_move,recording,-0.967051,0.785764,9.825051,-0.132350,0.013030,0.007294
623818180.000,YZJ,non_handheld,desk_gripped_micro_move,recording,-0.886207,0.762229,9.903021,-0.113600,0.052398,-0.011342
623818190.000,YZJ,non_handheld,desk_gripped_micro_move,recording,-0.822575,0.671866,9.933645,-0.094350,0.101789,-0.030313
623818200.000,YZJ,non_handheld,desk_gripped_micro_move,recording,-0.967547,0.708783,9.929176,-0.081452,0.160992,-0.036859
623818210.000,YZJ,non_handheld,desk_gripped_micro_move,recording,-1.139573,0.773322,9.870749,-0.072815,0.213150,-0.028146
623818220.000,YZJ,non_handheld,desk_gripped_micro_move,recording,-1.321093,0.854580,9.719678,-0.062100,0.221581,-0.000616
623818230.000,YZJ,non_handheld,desk_gripped_micro_move,recording,-1.406753,0.917146,9.665099,-0.056196,0.216309,0.023937
623818240.000,YZJ,non_handheld,desk_gripped_micro_move,recording,-1.146262,0.839583,9.583471,-0.062735,0.183628,0.024079
623818250.000,YZJ,non_handheld,desk_gripped_micro_move,recording,-1.248218,0.854693,9.504886,-0.077617,0.132850,0.025754
623818260.000,YZJ,non_handheld,desk_gripped_micro_move,recording,-1.230492,0.826836,9.556048,-0.086490,0.093609,0.017969
623818270.000,YZJ,non_handheld,desk_gripped_micro_move,recording,-1.166179,0.780035,9.645652,-0.092047,0.074037,0.001472
623818280.000,YZJ,non_handheld,desk_gripped_micro_move,recording,-1.175919,0.769042,9.687326,-0.093784,0.072417,-0.011958
623818290.000,YZJ,non_handheld,desk_gripped_micro_move,recording,-1.182004,0.742686,9.798966,-0.087125,0.091223,-0.019095
623818300.000,YZJ,non_handheld,desk_gripped_micro_move,recording,-1.183285,0.713313,9.798287,-0.086935,0.122264,-0.020260
623818310.000,YZJ,non_handheld,desk_gripped_micro_move,recording,-1.249819,0.666826,9.709184,-0.087960,0.130410,-0.016077
623818320.000,YZJ,non_handheld,desk_gripped_micro_move,recording,-1.289796,0.644939,9.665227,-0.091999,0.124318,-0.008581
623818330.000,YZJ,non_handheld,desk_gripped_micro_move,recording,-1.302781,0.664790,9.644788,-0.096276,0.100175,-0.000892
623818340.000,YZJ,non_handheld,desk_gripped_micro_move,recording,-1.387010,0.628949,9.477917,-0.109666,0.045928,0.009504
623818350.000,YZJ,non_handheld,desk_gripped_micro_move,recording,-1.285695,0.670725,9.654145,-0.115310,0.020551,0.012513
623818360.000,YZJ,non_handheld,desk_gripped_micro_move,recording,-1.276745,0.645147,9.619264,-0.116447,0.002192,0.007336
623818370.000,YZJ,non_handheld,desk_gripped_micro_move,recording,-1.189566,0.636616,9.718560,-0.112534,-0.006092,-0.009328
623818380.000,YZJ,non_handheld,desk_gripped_micro_move,recording,-1.180335,0.627371,9.770959,-0.101290,0.005169,-0.027596
623818390.000,YZJ,non_handheld,desk_gripped_micro_move,recording,-1.256661,0.608025,9.822972,-0.089745,0.031196,-0.027159
623818400.000,YZJ,non_handheld,desk_gripped_micro_move,recording,-1.345672,0.621662,9.753058,-0.082881,0.042394,-0.011404
623818410.000,YZJ,non_handheld,desk_gripped_micro_move,recording,-1.354732,0.563452,9.763946,-0.078474,0.058949,0.004971
623818420.000,YZJ,non_handheld,desk_gripped_micro_move,recording,-1.307337,0.552963,9.751152,-0.073447,0.077420,0.019106
623818430.000,YZJ,non_handheld,desk_gripped_micro_move,recording,-1.292655,0.531981,9.815069,-0.070737,0.111509,0.034104
623818440.000,YZJ,non_handheld,desk_gripped_micro_move,recording,-1.344335,0.516257,9.726499,-0.073095,0.131587,0.050537
623818450.000,YZJ,non_handheld,desk_gripped_micro_move,recording,-1.319537,0.529633,9.713172,-0.083670,0.134904,0.057845
623818460.000,YZJ,non_handheld,desk_gripped_micro_move,recording,-1.359250,0.495874,9.570673,-0.099508,0.108766,0.058103
623818470.000,YZJ,non_handheld,desk_gripped_micro_move,recording,-1.372851,0.560770,9.537913,-0.118399,0.078646,0.051658
623818480.000,YZJ,non_handheld,desk_gripped_micro_move,recording,-1.372807,0.585785,9.573705,-0.140671,0.053900,0.039564
623818490.000,YZJ,non_handheld,desk_gripped_micro_move,recording,-1.361092,0.523862,9.569871,-0.157278,0.020832,0.027342
623818500.000,YZJ,non_handheld,desk_gripped_micro_move,recording,-1.295977,0.454449,9.664955,-0.165401,0.009421,0.008374
623818510.000,YZJ,non_handheld,desk_gripped_micro_move,recording,-1.230872,0.421790,9.761761,-0.166617,0.021211,-0.009472
623818520.000,YZJ,non_handheld,desk_gripped_micro_move,recording,-1.348625,0.456045,9.773361,-0.161412,0.048194,-0.011501
623818530.000,YZJ,non_handheld,desk_gripped_micro_move,recording,-1.349440,0.468094,9.875939,-0.144838,0.091559,-0.009679
623818540.000,YZJ,non_handheld,desk_gripped_micro_move,recording,-1.370889,0.501185,9.925068,-0.117268,0.146987,-0.005053
623818550.000,YZJ,non_handheld,desk_gripped_micro_move,recording,-1.454589,0.491944,9.908337,-0.082877,0.204284,0.008548
623818560.000,YZJ,non_handheld,desk_gripped_micro_move,recording,-1.393221,0.391212,9.918412,-0.055177,0.259491,0.017699
623818570.000,YZJ,non_handheld,desk_gripped_micro_move,recording,-1.466478,0.360472,9.730558,-0.050257,0.273620,0.031675
623818580.000,YZJ,non_handheld,desk_gripped_micro_move,recording,-1.507143,0.376587,9.557902,-0.068330,0.253923,0.046759
623818590.000,YZJ,non_handheld,desk_gripped_micro_move,recording,-1.521393,0.445281,9.473100,-0.096132,0.207319,0.055146
623818600.000,YZJ,non_handheld,desk_gripped_micro_move,recording,-1.533818,0.490633,9.447718,-0.116908,0.143735,0.057833
623818610.000,YZJ,non_handheld,desk_gripped_micro_move,recording,-1.539665,0.506532,9.575346,-0.116635,0.112381,0.053782
623818620.000,YZJ,non_handheld,desk_gripped_micro_move,recording,-1.501351,0.495199,9.786492,-0.094882,0.123330,0.044359
623818630.000,YZJ,non_handheld,desk_gripped_micro_move,recording,-1.479023,0.383950,9.843230,-0.061832,0.159052,0.035406
623818640.000,YZJ,non_handheld,desk_gripped_micro_move,recording,-1.467414,0.399736,9.867471,-0.023900,0.197919,0.027063
623818650.000,YZJ,non_handheld,desk_gripped_micro_move,recording,-1.438887,0.479488,9.863928,0.019807,0.231676,0.017062
623818660.000,YZJ,non_handheld,desk_gripped_micro_move,recording,-1.548004,0.399191,9.863216,0.062129,0.266236,0.006153
623818670.000,YZJ,non_handheld,desk_gripped_micro_move,recording,-1.640122,0.402510,9.639269,0.084158,0.257947,-0.001406
623818680.000,YZJ,non_handheld,desk_gripped_micro_move,recording,-1.725103,0.440787,9.466566,0.084816,0.208146,-0.001983
623818690.000,YZJ,non_handheld,desk_gripped_micro_move,recording,-1.749933,0.522706,9.337020,0.063564,0.118422,-0.003239
623818700.000,YZJ,non_handheld,desk_gripped_micro_move,recording,-1.773677,0.469139,9.292054,0.035811,0.029329,-0.007137
623818710.000,YZJ,non_handheld,desk_gripped_micro_move,recording,-1.716495,0.427033,9.452500,0.018875,-0.020608,-0.017101
623818720.000,YZJ,non_handheld,desk_gripped_micro_move,recording,-1.675516,0.371464,9.649836,0.022298,-0.027001,-0.028852
623818730.000,YZJ,non_handheld,desk_gripped_micro_move,recording,-1.613485,0.327849,9.894498,0.047077,0.022934,-0.041183
623818740.000,YZJ,non_handheld,desk_gripped_micro_move,recording,-1.606991,0.336498,9.917307,0.071015,0.090565,-0.049943
623818750.000,YZJ,non_handheld,desk_gripped_micro_move,recording,-1.647439,0.386205,9.803438,0.083207,0.135236,-0.055654
623818760.000,YZJ,non_handheld,desk_gripped_micro_move,recording,-1.701763,0.352642,9.695477,0.086820,0.155394,-0.054748
623818770.000,YZJ,non_handheld,desk_gripped_micro_move,recording,-1.758889,0.402680,9.614616,0.082736,0.155285,-0.043388
623818780.000,YZJ,non_handheld,desk_gripped_micro_move,recording,-1.748144,0.439462,9.598086,0.074050,0.152201,-0.034690
623818790.000,YZJ,non_handheld,desk_gripped_micro_move,recording,-1.803054,0.415316,9.583527,0.061400,0.143983,-0.018357
623818800.000,YZJ,non_handheld,desk_gripped_micro_move,recording,-1.811734,0.431542,9.523676,0.037381,0.127356,-0.003735
623818810.000,YZJ,non_handheld,desk_gripped_micro_move,recording,-1.808887,0.444111,9.574433,0.018459,0.117566,0.001521
623818820.000,YZJ,non_handheld,desk_gripped_micro_move,recording,-1.795608,0.454990,9.602836,0.013035,0.113295,0.007334
623818830.000,YZJ,non_handheld,desk_gripped_micro_move,recording,-1.793512,0.477796,9.629200,0.008886,0.118918,0.012108
623818840.000,YZJ,non_handheld,desk_gripped_micro_move,recording,-1.808965,0.469746,9.653978,0.009838,0.131823,0.012174
623818850.000,YZJ,non_handheld,desk_gripped_micro_move,recording,-1.808346,0.465242,9.726226,0.021996,0.151992,0.008091
623818860.000,YZJ,non_handheld,desk_gripped_micro_move,recording,-1.816715,0.465311,9.703333,0.036298,0.177268,0.002406
623818870.000,YZJ,non_handheld,desk_gripped_micro_move,recording,-1.833944,0.474399,9.678561,0.043495,0.196177,-0.001790
623818880.000,YZJ,non_handheld,desk_gripped_micro_move,recording,-1.913563,0.488843,9.480319,0.035936,0.172221,0.001576
623818890.000,YZJ,non_handheld,desk_gripped_micro_move,recording,-1.944222,0.534333,9.433349,0.026102,0.127463,0.001104
623818900.000,YZJ,non_handheld,desk_gripped_micro_move,recording,-1.956060,0.566346,9.424365,0.018049,0.076081,-0.001250
623818910.000,YZJ,non_handheld,desk_gripped_micro_move,recording,-1.939291,0.596328,9.414189,0.006491,0.019612,0.000152
623818920.000,YZJ,non_handheld,desk_gripped_micro_move,recording,-1.986968,0.520199,9.412109,-0.007552,-0.022248,0.004518
623818930.000,YZJ,non_handheld,desk_gripped_micro_move,recording,-1.931497,0.498739,9.499217,-0.016290,-0.047014,0.006519
623818940.000,YZJ,non_handheld,desk_gripped_micro_move,recording,-1.903989,0.360828,9.664355,-0.014055,-0.038938,0.006069
623818950.000,YZJ,non_handheld,desk_gripped_micro_move,recording,-1.883839,0.404833,9.703879,-0.006660,-0.016789,0.004438
623818960.000,YZJ,non_handheld,desk_gripped_micro_move,recording,-1.877003,0.444894,9.650896,0.000374,-0.001998,-0.001385
623818970.000,YZJ,non_handheld,desk_gripped_micro_move,recording,-1.923292,0.446699,9.620907,0.014290,0.001446,-0.006028
623818980.000,YZJ,non_handheld,desk_gripped_micro_move,recording,-1.877888,0.506791,9.685098,0.026083,0.007263,-0.011475
623818990.000,YZJ,non_handheld,desk_gripped_micro_move,recording,-1.931251,0.455185,9.546222,0.029924,-0.002517,-0.011231
623819000.000,YZJ,non_handheld,desk_gripped_micro_move,recording,-1.907979,0.481211,9.571775,0.029505,-0.011567,-0.009152
623819010.000,YZJ,non_handheld,desk_gripped_micro_move,recording,-1.896795,0.492460,9.598182,0.027354,-0.010504,-0.009056
623819020.000,YZJ,non_handheld,desk_gripped_micro_move,recording,-1.894669,0.505376,9.602575,0.017534,-0.004236,-0.008147
623819030.000,YZJ,non_handheld,desk_gripped_micro_move,recording,-1.930255,0.481551,9.582427,0.004468,-0.005127,-0.005565
623819040.000,YZJ,non_handheld,desk_gripped_micro_move,recording,-1.939709,0.458666,9.468921,-0.013833,-0.024542,-0.009933
623819050.000,YZJ,non_handheld,desk_gripped_micro_move,recording,-1.888635,0.572949,9.430025,-0.037249,-0.063676,-0.021313
623819060.000,YZJ,non_handheld,desk_gripped_micro_move,recording,-1.899455,0.536308,9.522122,-0.047514,-0.090294,-0.035266
623819070.000,YZJ,non_handheld,desk_gripped_micro_move,recording,-1.851648,0.542406,9.598378,-0.046059,-0.096937,-0.046275
623819080.000,YZJ,non_handheld,desk_gripped_micro_move,recording,-1.858377,0.521932,9.582331,-0.046311,-0.097197,-0.049494
623819090.000,YZJ,non_handheld,desk_gripped_micro_move,recording,-1.851853,0.490086,9.636961,-0.048211,-0.093528,-0.047107
623819100.000,YZJ,non_handheld,desk_gripped_micro_move,recording,-1.872398,0.436458,9.646096,-0.043353,-0.084300,-0.037985
623819110.000,YZJ,non_handheld,desk_gripped_micro_move,recording,-1.854406,0.395181,9.688230,-0.035609,-0.070510,-0.024758
623819120.000,YZJ,non_handheld,desk_gripped_micro_move,recording,-1.860440,0.419044,9.638279,-0.032497,-0.061392,-0.011307
623819130.000,YZJ,non_handheld,desk_gripped_micro_move,recording,-1.870443,0.421043,9.577849,-0.032889,-0.071235,-0.003054
623819140.000,YZJ,non_handheld,desk_gripped_micro_move,recording,-1.887023,0.438533,9.494926,-0.037307,-0.109536,0.001062
623819150.000,YZJ,non_handheld,desk_gripped_micro_move,recording,-1.817578,0.485877,9.528145,-0.043812,-0.135464,-0.005661
623819160.000,YZJ,non_handheld,desk_gripped_micro_move,recording,-1.792941,0.460680,9.525019,-0.051025,-0.159488,-0.018054
623819170.000,YZJ,non_handheld,desk_gripped_micro_move,recording,-1.730104,0.417124,9.645977,-0.048552,-0.163008,-0.034592
623819180.000,YZJ,non_handheld,desk_gripped_micro_move,recording,-1.767661,0.470265,9.739456,-0.032854,-0.137739,-0.044317
623819190.000,YZJ,non_handheld,desk_gripped_micro_move,recording,-1.744736,0.453742,9.786552,-0.017535,-0.105221,-0.044562
623819200.000,YZJ,non_handheld,desk_gripped_micro_move,recording,-1.753951,0.413356,9.650851,-0.017288,-0.088926,-0.042066
623819210.000,YZJ,non_handheld,desk_gripped_micro_move,recording,-1.763216,0.388050,9.612320,-0.024847,-0.091345,-0.035445
623819220.000,YZJ,non_handheld,desk_gripped_micro_move,recording,-1.805179,0.381744,9.536142,-0.038780,-0.113156,-0.020411
623819230.000,YZJ,non_handheld,desk_gripped_micro_move,recording,-1.748220,0.345149,9.607207,-0.043529,-0.122131,-0.010137
623819240.000,YZJ,non_handheld,desk_gripped_micro_move,recording,-1.720916,0.324041,9.678259,-0.043655,-0.116338,-0.005750
623819250.000,YZJ,non_handheld,desk_gripped_micro_move,recording,-1.644179,0.335613,9.773398,-0.037707,-0.080528,-0.002506
623819260.000,YZJ,non_handheld,desk_gripped_micro_move,recording,-1.679096,0.416258,9.701647,-0.038595,-0.056278,0.005163
623819270.000,YZJ,non_handheld,desk_gripped_micro_move,recording,-1.728318,0.418543,9.583866,-0.052740,-0.065108,0.013461
623819280.000,YZJ,non_handheld,desk_gripped_micro_move,recording,-1.658150,0.418984,9.564103,-0.067476,-0.079963,0.010138
623819290.000,YZJ,non_handheld,desk_gripped_micro_move,recording,-1.643026,0.410494,9.595844,-0.073562,-0.088986,0.003851
623819300.000,YZJ,non_handheld,desk_gripped_micro_move,recording,-1.633522,0.416609,9.775661,-0.064301,-0.076036,-0.002906
623819310.000,YZJ,non_handheld,desk_gripped_micro_move,recording,-1.600510,0.426055,9.757713,-0.050590,-0.050103,-0.008703
623819320.000,YZJ,non_handheld,desk_gripped_micro_move,recording,-1.712026,0.417212,9.683896,-0.041305,-0.038983,-0.006123
623819330.000,YZJ,non_handheld,desk_gripped_micro_move,recording,-1.630735,0.401713,9.631424,-0.031424,-0.041390,-0.014094
623819340.000,YZJ,non_handheld,desk_gripped_micro_move,recording,-1.540384,0.492348,9.731645,-0.012534,-0.047012,-0.030591
623819350.000,YZJ,non_handheld,desk_gripped_micro_move,recording,-1.596481,0.467145,9.592193,-0.008086,-0.069504,-0.038545
623819360.000,YZJ,non_handheld,desk_gripped_micro_move,recording,-1.656254,0.418079,9.453205,-0.027854,-0.115331,-0.041126
623819370.000,YZJ,non_handheld,desk_gripped_micro_move,recording,-1.680993,0.372367,9.369948,-0.063027,-0.175667,-0.038249
623819380.000,YZJ,non_handheld,desk_gripped_micro_move,recording,-1.683893,0.257130,9.466505,-0.097576,-0.223648,-0.033203
623819390.000,YZJ,non_handheld,desk_gripped_micro_move,recording,-1.724840,0.169754,9.559501,-0.133349,-0.240621,-0.020108
623819400.000,YZJ,non_handheld,desk_gripped_micro_move,recording,-1.606707,0.386551,9.758295,-0.142089,-0.204766,-0.020153
623819410.000,YZJ,non_handheld,desk_gripped_micro_move,recording,-1.528794,0.157059,9.817804,-0.141846,-0.165905,0.005237
623819420.000,YZJ,non_handheld,desk_gripped_micro_move,recording,-1.406988,0.274309,9.763149,-0.139976,-0.132764,-0.001844
623819430.000,YZJ,non_handheld,desk_gripped_micro_move,recording,-1.360698,0.220573,9.755205,-0.130749,-0.120793,-0.014773
623819440.000,YZJ,non_handheld,desk_gripped_micro_move,recording,-1.538980,0.314542,9.762476,-0.113855,-0.103735,-0.007382
623819450.000,YZJ,non_handheld,desk_gripped_micro_move,recording,-1.630976,0.312943,9.729743,-0.095324,-0.096358,0.003171
623819460.000,YZJ,non_handheld,desk_gripped_micro_move,recording,-1.430225,0.260776,9.763110,-0.077092,-0.089055,-0.000789
623819470.000,YZJ,non_handheld,desk_gripped_micro_move,recording,-1.459296,0.227117,9.776942,-0.062513,-0.067250,-0.001520
623819480.000,YZJ,non_handheld,desk_gripped_micro_move,recording,-1.470529,0.205653,9.744372,-0.055401,-0.049548,-0.000533
623819490.000,YZJ,non_handheld,desk_gripped_micro_move,recording,-1.498107,0.227787,9.573064,-0.066175,-0.073870,0.001247
623819500.000,YZJ,non_handheld,desk_gripped_micro_move,recording,-1.465429,0.274769,9.521392,-0.086982,-0.119072,-0.004470
623819510.000,YZJ,non_handheld,desk_gripped_micro_move,recording,-1.377252,0.242131,9.505027,-0.104839,-0.169237,-0.017044
623819520.000,YZJ,non_handheld,desk_gripped_micro_move,recording,-1.291029,0.236093,9.694519,-0.104362,-0.184661,-0.034503
623819530.000,YZJ,non_handheld,desk_gripped_micro_move,recording,-1.192882,0.191132,9.763975,-0.095564,-0.176252,-0.053877
623819540.000,YZJ,non_handheld,desk_gripped_micro_move,recording,-1.124267,0.133496,9.746095,-0.101093,-0.175294,-0.073243
623819550.000,YZJ,non_handheld,desk_gripped_micro_move,recording,-1.254397,0.086409,9.614497,-0.124871,-0.197711,-0.086853
623819560.000,YZJ,non_handheld,desk_gripped_micro_move,recording,-1.505185,0.036606,9.660191,-0.146632,-0.203314,-0.065221
623819570.000,YZJ,non_handheld,desk_gripped_micro_move,recording,-2.051840,0.282852,9.610923,-0.167395,-0.191941,-0.029299
623819580.000,YZJ,non_handheld,desk_gripped_micro_move,recording,-1.151842,0.138837,9.821485,-0.179054,-0.160266,-0.042537
623819590.000,YZJ,non_handheld,desk_gripped_micro_move,recording,-1.303841,-0.001762,9.840100,-0.179022,-0.124085,-0.036817
623819600.000,YZJ,non_handheld,desk_gripped_micro_move,recording,-1.286276,0.009143,9.844242,-0.173631,-0.090192,-0.031110
623819610.000,YZJ,non_handheld,desk_gripped_micro_move,recording,-1.223445,0.063393,9.865091,-0.159572,-0.056650,-0.027276
623819620.000,YZJ,non_handheld,desk_gripped_micro_move,recording,-1.249367,0.052359,9.768166,-0.156550,-0.046800,-0.025096
623819630.000,YZJ,non_handheld,desk_gripped_micro_move,recording,-1.222955,0.026705,9.525165,-0.175229,-0.092237,-0.025554
623819640.000,YZJ,non_handheld,desk_gripped_micro_move,recording,-0.948853,-0.012327,9.464241,-0.204267,-0.171547,-0.049510
623819650.000,YZJ,non_handheld,desk_gripped_micro_move,recording,-0.780675,-0.157171,9.566107,-0.221912,-0.235342,-0.087369
623819660.000,YZJ,non_handheld,desk_gripped_micro_move,recording,-0.961420,-0.104929,9.669328,-0.232039,-0.269638,-0.111698
623819670.000,YZJ,non_handheld,desk_gripped_micro_move,recording,-0.741142,-0.146910,9.775776,-0.240987,-0.283041,-0.148609
623819680.000,YZJ,non_handheld,desk_gripped_micro_move,recording,-0.600816,-0.200162,9.708517,-0.239683,-0.302798,-0.181442
623819690.000,YZJ,non_handheld,desk_gripped_micro_move,recording,-1.067683,-0.222760,9.648001,-0.245623,-0.332557,-0.185449
623819700.000,YZJ,non_handheld,desk_gripped_micro_move,recording,-0.886096,-0.282708,9.734804,-0.257628,-0.352161,-0.191516
623819710.000,YZJ,non_handheld,desk_gripped_micro_move,recording,-1.202250,-0.278241,9.801421,-0.259106,-0.340954,-0.176115
623819720.000,YZJ,non_handheld,desk_gripped_micro_move,recording,-0.771981,-0.258846,9.936406,-0.245192,-0.297493,-0.176146
623819730.000,YZJ,non_handheld,desk_gripped_micro_move,recording,-0.960816,-0.268427,9.921561,-0.231701,-0.243656,-0.172813
623819740.000,YZJ,non_handheld,desk_gripped_micro_move,recording,-1.376373,-0.305969,9.996436,-0.218824,-0.186294,-0.134671
623819750.000,YZJ,non_handheld,desk_gripped_micro_move,recording,-0.960070,-0.102563,9.933704,-0.205616,-0.118895,-0.119072
623819760.000,YZJ,non_handheld,desk_gripped_micro_move,recording,-0.963569,-0.295608,9.893080,-0.183296,-0.076542,-0.129419
623819770.000,YZJ,non_handheld,desk_gripped_micro_move,recording,-1.243180,-0.321656,9.804029,-0.180703,-0.060060,-0.117069
623819780.000,YZJ,non_handheld,desk_gripped_micro_move,recording,-0.609621,-0.068119,9.690770,-0.188322,-0.089495,-0.132506
623819790.000,YZJ,non_handheld,desk_gripped_micro_move,recording,-1.570999,-0.263710,9.556145,-0.203511,-0.147220,-0.099773
623819800.000,YZJ,non_handheld,desk_gripped_micro_move,recording,-0.778626,-0.084936,9.517825,-0.235784,-0.221642,-0.110868
623819810.000,YZJ,non_handheld,desk_gripped_micro_move,recording,-0.904326,-0.418089,9.686453,-0.255183,-0.259075,-0.133298
623819820.000,YZJ,non_handheld,desk_gripped_micro_move,recording,-0.826619,-0.489337,9.826189,-0.260237,-0.271350,-0.136557
623819830.000,YZJ,non_handheld,desk_gripped_micro_move,recording,-1.154915,-0.303952,9.682336,-0.273315,-0.279558,-0.118901
623819840.000,YZJ,non_handheld,desk_gripped_micro_move,recording,-0.876016,-0.289224,9.824233,-0.269016,-0.275860,-0.119645
623819850.000,YZJ,non_handheld,desk_gripped_micro_move,recording,-1.207473,-0.523287,9.835116,-0.246516,-0.253570,-0.098268
623819860.000,YZJ,non_handheld,desk_gripped_micro_move,recording,-0.864635,-0.318959,9.971669,-0.212331,-0.196725,-0.083673
623819870.000,YZJ,non_handheld,desk_gripped_micro_move,recording,-1.199272,-0.580579,9.816066,-0.187317,-0.165124,-0.050965
623819880.000,YZJ,non_handheld,desk_gripped_micro_move,recording,-1.100430,-0.355771,9.827637,-0.168811,-0.154237,-0.011859
623819890.000,YZJ,non_handheld,desk_gripped_micro_move,recording,-1.041979,-0.512378,9.737830,-0.156917,-0.157539,0.011467
623819900.000,YZJ,non_handheld,desk_gripped_micro_move,recording,-0.661529,-0.575820,9.776179,-0.145683,-0.156944,0.011951
623819910.000,YZJ,non_handheld,desk_gripped_micro_move,recording,-0.606462,-0.641013,9.778628,-0.137150,-0.163686,0.007007
623819920.000,YZJ,non_handheld,desk_gripped_micro_move,recording,-0.598229,-0.621520,9.677085,-0.136848,-0.202775,-0.005406
623819930.000,YZJ,non_handheld,desk_gripped_micro_move,recording,-0.472253,-0.579226,9.591079,-0.146402,-0.260996,-0.032284
623819940.000,YZJ,non_handheld,desk_gripped_micro_move,recording,-0.587325,-0.696963,9.773811,-0.143214,-0.272145,-0.047259
623819950.000,YZJ,non_handheld,desk_gripped_micro_move,recording,-0.579605,-0.701988,9.971225,-0.120862,-0.216742,-0.049333
623819960.000,YZJ,non_handheld,desk_gripped_micro_move,recording,-0.662051,-0.659528,9.995281,-0.094948,-0.132563,-0.041864
623819970.000,YZJ,non_handheld,desk_gripped_micro_move,recording,-0.612580,-0.673779,9.855603,-0.086380,-0.083745,-0.033364
623819980.000,YZJ,non_handheld,desk_gripped_micro_move,recording,-0.862517,-0.634943,9.726218,-0.099405,-0.088538,-0.006161
623819990.000,YZJ,non_handheld,desk_gripped_micro_move,recording,-0.767132,-0.647976,9.686775,-0.120524,-0.125773,0.010479
623820000.000,YZJ,non_handheld,desk_gripped_micro_move,recording,-0.548894,-0.660160,9.739525,-0.141979,-0.155555,0.005564
623820010.000,YZJ,non_handheld,desk_gripped_micro_move,recording,-0.508738,-0.751794,9.693543,-0.165156,-0.185742,-0.000240
623820020.000,YZJ,non_handheld,desk_gripped_micro_move,recording,-0.405444,-0.783721,9.747368,-0.185983,-0.211174,-0.009940
623820030.000,YZJ,non_handheld,desk_gripped_micro_move,recording,-0.430715,-0.738974,9.737311,-0.204554,-0.241856,-0.012800
623820040.000,YZJ,non_handheld,desk_gripped_micro_move,recording,-0.524479,-0.698059,9.687774,-0.220359,-0.290833,-0.012512
623820050.000,YZJ,non_handheld,desk_gripped_micro_move,recording,-0.283690,-0.816837,9.889231,-0.218049,-0.277568,-0.029569
623820060.000,YZJ,non_handheld,desk_gripped_micro_move,recording,-0.400391,-0.836120,9.780552,-0.205898,-0.272268,-0.035785
623820070.000,YZJ,non_handheld,desk_gripped_micro_move,recording,-0.222870,-0.769645,9.885719,-0.183956,-0.239667,-0.039907
623820080.000,YZJ,non_handheld,desk_gripped_micro_move,recording,-0.431251,-0.890736,9.791517,-0.160586,-0.218355,-0.021058
623820090.000,YZJ,non_handheld,desk_gripped_micro_move,recording,-0.564091,-0.747138,9.781290,-0.140383,-0.214973,0.006458
623820100.000,YZJ,non_handheld,desk_gripped_micro_move,recording,-0.350405,-0.731309,9.696710,-0.132363,-0.260294,0.006154
623820110.000,YZJ,non_handheld,desk_gripped_micro_move,recording,-0.230679,-0.769824,9.659733,-0.134419,-0.344752,-0.008571
623820120.000,YZJ,non_handheld,desk_gripped_micro_move,recording,-0.024328,-0.867601,9.849126,-0.118782,-0.356806,-0.034016
623820130.000,YZJ,non_handheld,desk_gripped_micro_move,recording,-0.328584,-0.790040,9.690340,-0.106681,-0.382265,-0.034580
623820140.000,YZJ,non_handheld,desk_gripped_micro_move,recording,0.076577,-0.886534,9.806428,-0.090829,-0.392891,-0.064314
623820150.000,YZJ,non_handheld,desk_gripped_micro_move,recording,-0.066279,-1.253225,9.869412,-0.076005,-0.347543,-0.079899
623820160.000,YZJ,non_handheld,desk_gripped_micro_move,recording,-0.245146,-0.776470,9.827604,-0.067458,-0.291994,-0.063553
623820170.000,YZJ,non_handheld,desk_gripped_micro_move,recording,-0.335221,-0.943372,9.777698,-0.064963,-0.271679,-0.036844
623820180.000,YZJ,non_handheld,desk_gripped_micro_move,recording,-0.208770,-1.048765,9.825644,-0.068101,-0.241273,-0.023904
623820190.000,YZJ,non_handheld,desk_gripped_micro_move,recording,0.076233,-1.065847,9.798122,-0.078172,-0.232908,-0.026625
623820200.000,YZJ,non_handheld,desk_gripped_micro_move,recording,-0.198340,-1.051846,9.758228,-0.090574,-0.245160,-0.014293
623820210.000,YZJ,non_handheld,desk_gripped_micro_move,recording,0.041945,-1.016119,9.762866,-0.111157,-0.277265,-0.018861
623820220.000,YZJ,non_handheld,desk_gripped_micro_move,recording,0.181693,-1.113251,9.789156,-0.138675,-0.301171,-0.043229
623820230.000,YZJ,non_handheld,desk_gripped_micro_move,recording,0.400548,-1.235308,9.770044,-0.165507,-0.334901,-0.073842
623820240.000,YZJ,non_handheld,desk_gripped_micro_move,recording,0.225788,-1.113080,9.750033,-0.191172,-0.407460,-0.096772
623820250.000,YZJ,non_handheld,desk_gripped_micro_move,recording,0.471875,-1.002484,9.832556,-0.212710,-0.430224,-0.126579
623820260.000,YZJ,non_handheld,desk_gripped_micro_move,recording,0.323594,-1.205348,9.794357,-0.220816,-0.403388,-0.146608
623820270.000,YZJ,non_handheld,desk_gripped_micro_move,recording,0.190298,-1.112142,9.756156,-0.215477,-0.411154,-0.151021
623820280.000,YZJ,non_handheld,desk_gripped_micro_move,recording,0.197874,-0.954808,9.786035,-0.208933,-0.466149,-0.148271
623820290.000,YZJ,non_handheld,desk_gripped_micro_move,recording,0.142352,-0.869801,9.841069,-0.196477,-0.516574,-0.136273
623820300.000,YZJ,non_handheld,desk_gripped_micro_move,recording,-0.124130,-1.008240,9.703726,-0.165681,-0.608373,-0.100185
623820310.000,YZJ,non_handheld,desk_gripped_micro_move,recording,0.351522,-0.821033,9.859334,-0.119336,-0.593024,-0.085859
623820320.000,YZJ,non_handheld,desk_gripped_micro_move,recording,0.186915,-1.221725,9.769359,-0.077050,-0.519088,-0.052061
623820330.000,YZJ,non_handheld,desk_gripped_micro_move,recording,0.251338,-1.293803,9.728282,-0.048099,-0.430626,-0.022524
623820340.000,YZJ,non_handheld,desk_gripped_micro_move,recording,0.699892,-1.216443,9.728039,-0.028457,-0.320817,-0.024188
623820350.000,YZJ,non_handheld,desk_gripped_micro_move,recording,0.701930,-1.422144,9.688053,-0.017431,-0.247455,-0.021097
623820360.000,YZJ,non_handheld,desk_gripped_micro_move,recording,0.598319,-1.188615,9.760179,-0.008186,-0.251356,-0.009921
623820370.000,YZJ,non_handheld,desk_gripped_micro_move,recording,0.346645,-1.072253,9.745400,-0.000115,-0.297699,0.001663
623820380.000,YZJ,non_handheld,desk_gripped_micro_move,recording,0.765601,-1.139620,9.752717,0.001663,-0.355944,-0.018438
623820390.000,YZJ,non_handheld,desk_gripped_micro_move,recording,0.786970,-1.137555,9.770671,0.003981,-0.413797,-0.044361
623820400.000,YZJ,non_handheld,desk_gripped_micro_move,recording,0.870693,-1.171520,9.762561,0.009931,-0.447126,-0.064864
623820410.000,YZJ,non_handheld,desk_gripped_micro_move,recording,0.689470,-1.157940,9.748926,0.020939,-0.435224,-0.059956
623820420.000,YZJ,non_handheld,desk_gripped_micro_move,recording,0.790758,-1.238888,9.709990,0.032678,-0.422139,-0.057177
623820430.000,YZJ,non_handheld,desk_gripped_micro_move,recording,0.900976,-1.193270,9.714466,0.046502,-0.418709,-0.057127
623820440.000,YZJ,non_handheld,desk_gripped_micro_move,recording,0.891072,-1.217607,9.700925,0.060045,-0.406750,-0.050219
623820450.000,YZJ,non_handheld,desk_gripped_micro_move,recording,1.049816,-1.200526,9.697362,0.066210,-0.361230,-0.049577
623820460.000,YZJ,non_handheld,desk_gripped_micro_move,recording,1.102626,-1.139631,9.646589,0.072891,-0.290291,-0.045052
623820470.000,YZJ,non_handheld,desk_gripped_micro_move,recording,0.912589,-1.192237,9.685566,0.086742,-0.253919,-0.031507
623820480.000,YZJ,non_handheld,desk_gripped_micro_move,recording,1.054661,-1.088218,9.703073,0.096579,-0.223809,-0.033923
623820490.000,YZJ,non_handheld,desk_gripped_micro_move,recording,1.060277,-1.093923,9.696460,0.111127,-0.206726,-0.035297
623820500.000,YZJ,non_handheld,desk_gripped_micro_move,recording,1.027927,-1.077584,9.686857,0.125913,-0.190381,-0.030386
623820510.000,YZJ,non_handheld,desk_gripped_micro_move,recording,1.097869,-1.106069,9.704124,0.132038,-0.179032,-0.027796
623820520.000,YZJ,non_handheld,desk_gripped_micro_move,recording,1.171707,-1.162811,9.673194,0.128717,-0.160275,-0.026194
623820530.000,YZJ,non_handheld,desk_gripped_micro_move,recording,1.194831,-1.123560,9.684448,0.124571,-0.145225,-0.023053
623820540.000,YZJ,non_handheld,desk_gripped_micro_move,recording,1.164231,-1.035357,9.689939,0.124022,-0.151052,-0.022373
623820550.000,YZJ,non_handheld,desk_gripped_micro_move,recording,1.194636,-1.055659,9.737243,0.122620,-0.164413,-0.023526
623820560.000,YZJ,non_handheld,desk_gripped_micro_move,recording,1.217399,-1.012416,9.718232,0.123218,-0.172257,-0.025984
623820570.000,YZJ,non_handheld,desk_gripped_micro_move,recording,1.206946,-0.977469,9.698822,0.123092,-0.170788,-0.032614
623820580.000,YZJ,non_handheld,desk_gripped_micro_move,recording,1.241290,-0.914504,9.683664,0.123097,-0.174653,-0.042786
623820590.000,YZJ,non_handheld,desk_gripped_micro_move,recording,1.218879,-0.931375,9.751986,0.125641,-0.210879,-0.053495
623820600.000,YZJ,non_handheld,desk_gripped_micro_move,recording,1.419039,-0.935122,9.765302,0.117808,-0.225422,-0.073286
623820610.000,YZJ,non_handheld,desk_gripped_micro_move,recording,1.168142,-1.123728,9.730316,0.112676,-0.260509,-0.060317
623820620.000,YZJ,non_handheld,desk_gripped_micro_move,recording,1.112918,-1.101654,9.789174,0.110828,-0.342606,-0.043147
623820630.000,YZJ,non_handheld,desk_gripped_micro_move,recording,1.195051,-0.999118,9.767006,0.104848,-0.421502,-0.028394
623820640.000,YZJ,non_handheld,desk_gripped_micro_move,recording,1.310250,-1.006169,9.714680,0.099346,-0.442765,-0.023073
623820650.000,YZJ,non_handheld,desk_gripped_micro_move,recording,1.468723,-0.996496,9.634860,0.093936,-0.397527,-0.025315
623820660.000,YZJ,non_handheld,desk_gripped_micro_move,recording,1.528729,-0.951709,9.596409,0.091902,-0.325445,-0.026063
623820670.000,YZJ,non_handheld,desk_gripped_micro_move,recording,1.537612,-1.030453,9.599338,0.100393,-0.273980,-0.030309
623820680.000,YZJ,non_handheld,desk_gripped_micro_move,recording,1.606699,-0.898824,9.599995,0.107494,-0.223051,-0.042053
623820690.000,YZJ,non_handheld,desk_gripped_micro_move,recording,1.629206,-0.877284,9.620055,0.110431,-0.195347,-0.054699
623820700.000,YZJ,non_handheld,desk_gripped_micro_move,recording,1.541434,-0.911176,9.687161,0.113893,-0.196620,-0.060323
623820710.000,YZJ,non_handheld,desk_gripped_micro_move,recording,1.532271,-0.893990,9.650207,0.108132,-0.191994,-0.055934
623820720.000,YZJ,non_handheld,desk_gripped_micro_move,recording,1.619048,-0.848352,9.674434,0.099798,-0.181296,-0.054800
623820730.000,YZJ,non_handheld,desk_gripped_micro_move,recording,1.626583,-0.797900,9.617667,0.093112,-0.163064,-0.053517
623820740.000,YZJ,non_handheld,desk_gripped_micro_move,recording,1.510283,-0.807979,9.685574,0.094856,-0.165416,-0.042494
623820750.000,YZJ,non_handheld,desk_gripped_micro_move,recording,1.574801,-0.751419,9.693220,0.101634,-0.180217,-0.032135
623820760.000,YZJ,non_handheld,desk_gripped_micro_move,recording,1.678491,-0.831283,9.712759,0.107559,-0.202055,-0.032116
623820770.000,YZJ,non_handheld,desk_gripped_micro_move,recording,1.788893,-0.872170,9.646895,0.104261,-0.216003,-0.039670
623820780.000,YZJ,non_handheld,desk_gripped_micro_move,recording,1.750464,-0.885780,9.609481,0.102641,-0.211038,-0.046083
623820790.000,YZJ,non_handheld,desk_gripped_micro_move,recording,1.816684,-0.831119,9.520201,0.106084,-0.145015,-0.049785
623820800.000,YZJ,non_handheld,desk_gripped_micro_move,recording,1.822149,-0.875517,9.434288,0.101379,-0.012163,-0.046254
623820810.000,YZJ,non_handheld,desk_gripped_micro_move,recording,1.875339,-0.764421,9.453350,0.079494,0.109572,-0.033999
623820820.000,YZJ,non_handheld,desk_gripped_micro_move,recording,1.684968,-0.833173,9.602556,0.058981,0.135937,-0.003374
623820830.000,YZJ,non_handheld,desk_gripped_micro_move,recording,1.626534,-0.896121,9.691404,0.037709,0.096259,0.025716
623820840.000,YZJ,non_handheld,desk_gripped_micro_move,recording,1.682314,-0.727120,9.701244,0.006385,0.048193,0.044070
623820850.000,YZJ,non_handheld,desk_gripped_micro_move,recording,1.687400,-0.696837,9.731803,-0.019524,-0.011806,0.049922
623820860.000,YZJ,non_handheld,desk_gripped_micro_move,recording,1.741205,-0.744630,9.685048,-0.040515,-0.051901,0.035965
623820870.000,YZJ,non_handheld,desk_gripped_micro_move,recording,1.818283,-0.713217,9.647772,-0.060199,-0.071525,0.010790
623820880.000,YZJ,non_handheld,desk_gripped_micro_move,recording,1.782070,-0.699965,9.633503,-0.069880,-0.081313,-0.013628
623820890.000,YZJ,non_handheld,desk_gripped_micro_move,recording,1.751459,-0.735413,9.667314,-0.068130,-0.092276,-0.031432
623820900.000,YZJ,non_handheld,desk_gripped_micro_move,recording,1.691273,-0.740430,9.664799,-0.055955,-0.093800,-0.036770
623820910.000,YZJ,non_handheld,desk_gripped_micro_move,recording,1.491881,-0.743477,9.696971,-0.037220,-0.088598,-0.021079
623820920.000,YZJ,non_handheld,desk_gripped_micro_move,recording,1.788568,-0.813488,9.638928,-0.022537,-0.083692,-0.017133
623820930.000,YZJ,non_handheld,desk_gripped_micro_move,recording,1.772426,-0.794332,9.617331,-0.012519,-0.066611,-0.015127
623820940.000,YZJ,non_handheld,desk_gripped_micro_move,recording,1.787929,-0.802764,9.596771,-0.004529,-0.050998,-0.013180
623820950.000,YZJ,non_handheld,desk_gripped_micro_move,recording,1.778050,-0.796793,9.607438,0.004224,-0.042182,-0.011936
623820960.000,YZJ,non_handheld,desk_gripped_micro_move,recording,1.772139,-0.797912,9.642669,0.013323,-0.030770,-0.011781
623820970.000,YZJ,non_handheld,desk_gripped_micro_move,recording,1.803342,-0.796671,9.631474,0.021370,-0.023129,-0.013137
623820980.000,YZJ,non_handheld,desk_gripped_micro_move,recording,1.808147,-0.734951,9.630602,0.031915,-0.025913,-0.020451
623820990.000,YZJ,non_handheld,desk_gripped_micro_move,recording,1.819058,-0.688035,9.652621,0.047645,-0.043038,-0.031322
623821000.000,YZJ,non_handheld,desk_gripped_micro_move,recording,1.783691,-0.726561,9.658058,0.064236,-0.055018,-0.038931
623821010.000,YZJ,non_handheld,desk_gripped_micro_move,recording,1.814189,-0.706008,9.674529,0.084525,-0.060501,-0.050047
623821020.000,YZJ,non_handheld,desk_gripped_micro_move,recording,1.796645,-0.680534,9.680224,0.106990,-0.070554,-0.056481
623821030.000,YZJ,non_handheld,desk_gripped_micro_move,recording,1.754709,-0.699522,9.646777,0.132596,-0.072832,-0.054289
623821040.000,YZJ,non_handheld,desk_gripped_micro_move,recording,1.794041,-0.664367,9.621528,0.147690,-0.060568,-0.050794
623821050.000,YZJ,non_handheld,desk_gripped_micro_move,recording,1.903161,-0.741043,9.661207,0.160353,-0.058279,-0.058840
623821060.000,YZJ,non_handheld,desk_gripped_micro_move,recording,1.976012,-0.753959,9.595133,0.160548,-0.057053,-0.068613
623821070.000,YZJ,non_handheld,desk_gripped_micro_move,recording,1.824382,-0.760478,9.636131,0.160659,-0.058521,-0.061351
623821080.000,YZJ,non_handheld,desk_gripped_micro_move,recording,1.931293,-0.701071,9.597855,0.157995,-0.048982,-0.065251
623821090.000,YZJ,non_handheld,desk_gripped_micro_move,recording,1.771799,-0.728414,9.650771,0.163995,-0.039339,-0.064227
623821100.000,YZJ,non_handheld,desk_gripped_micro_move,recording,1.839711,-0.717516,9.589726,0.173290,-0.019454,-0.066219
623821110.000,YZJ,non_handheld,desk_gripped_micro_move,recording,1.789124,-0.672890,9.546299,0.174467,0.029192,-0.059011
623821120.000,YZJ,non_handheld,desk_gripped_micro_move,recording,1.793140,-0.781156,9.544535,0.161843,0.086439,-0.034526
623821130.000,YZJ,non_handheld,desk_gripped_micro_move,recording,1.870532,-0.709902,9.548783,0.133083,0.126161,-0.012269
623821140.000,YZJ,non_handheld,desk_gripped_micro_move,recording,1.794149,-0.512838,9.642819,0.101299,0.114781,0.011064
623821150.000,YZJ,non_handheld,desk_gripped_micro_move,recording,1.758319,-0.742539,9.704176,0.071946,0.054009,0.028003
623821160.000,YZJ,non_handheld,desk_gripped_micro_move,recording,1.839360,-0.639824,9.669013,0.033499,0.002196,0.029231
623821170.000,YZJ,non_handheld,desk_gripped_micro_move,recording,1.935472,-0.522785,9.669229,0.001140,-0.031259,0.014748
623821180.000,YZJ,non_handheld,desk_gripped_micro_move,recording,2.008023,-0.626607,9.598954,-0.025106,-0.048303,-0.010551
623821190.000,YZJ,non_handheld,desk_gripped_micro_move,recording,1.980574,-0.557057,9.559070,-0.052653,-0.045428,-0.039768
623821200.000,YZJ,non_handheld,desk_gripped_micro_move,recording,1.822751,-0.539030,9.664425,-0.059881,-0.054539,-0.049585
623821210.000,YZJ,non_handheld,desk_gripped_micro_move,recording,1.509223,-0.521918,9.796533,-0.046390,-0.088641,-0.036991
623821220.000,YZJ,non_handheld,desk_gripped_micro_move,recording,1.749447,-0.443136,9.662865,-0.039848,-0.090895,-0.037336
623821230.000,YZJ,non_handheld,desk_gripped_micro_move,recording,1.781832,-0.527332,9.636218,-0.028530,-0.071667,-0.034890
623821240.000,YZJ,non_handheld,desk_gripped_micro_move,recording,1.753056,-0.497567,9.625446,-0.012639,-0.043814,-0.023944
623821250.000,YZJ,non_handheld,desk_gripped_micro_move,recording,1.850927,-0.536441,9.625607,0.004220,-0.019822,-0.017248
623821260.000,YZJ,non_handheld,desk_gripped_micro_move,recording,1.876436,-0.573038,9.635706,0.019571,-0.003147,-0.014501
623821270.000,YZJ,non_handheld,desk_gripped_micro_move,recording,1.873798,-0.586087,9.575880,0.030219,0.020794,-0.010833
623821280.000,YZJ,non_handheld,desk_gripped_micro_move,recording,1.891287,-0.576273,9.595252,0.038043,0.048790,-0.009325
623821290.000,YZJ,non_handheld,desk_gripped_micro_move,recording,1.900312,-0.553928,9.642671,0.049994,0.041134,-0.017703
623821300.000,YZJ,non_handheld,desk_gripped_micro_move,recording,1.883651,-0.535217,9.701394,0.056336,0.008602,-0.026874
623821310.000,YZJ,non_handheld,desk_gripped_micro_move,recording,1.862405,-0.531670,9.649264,0.056577,-0.021264,-0.033302
623821320.000,YZJ,non_handheld,desk_gripped_micro_move,recording,1.753477,-0.507631,9.705524,0.055604,-0.047608,-0.031677
623821330.000,YZJ,non_handheld,desk_gripped_micro_move,recording,1.821320,-0.519308,9.656043,0.052491,-0.054596,-0.036709
623821340.000,YZJ,non_handheld,desk_gripped_micro_move,recording,1.884245,-0.478994,9.644849,0.050448,-0.058332,-0.042306
623821350.000,YZJ,non_handheld,desk_gripped_micro_move,recording,1.897620,-0.445647,9.608968,0.051106,-0.043808,-0.050309
623821360.000,YZJ,non_handheld,desk_gripped_micro_move,recording,1.886668,-0.439889,9.601102,0.051880,-0.022607,-0.052821
623821370.000,YZJ,non_handheld,desk_gripped_micro_move,recording,1.882764,-0.484666,9.618466,0.053643,-0.005399,-0.055155
623821380.000,YZJ,non_handheld,desk_gripped_micro_move,recording,1.897967,-0.486534,9.629385,0.056947,0.003681,-0.055087
623821390.000,YZJ,non_handheld,desk_gripped_micro_move,recording,1.865634,-0.518292,9.631401,0.061557,0.001468,-0.049388
623821400.000,YZJ,non_handheld,desk_gripped_micro_move,recording,1.840735,-0.562273,9.645883,0.068585,-0.004922,-0.039964
623821410.000,YZJ,non_handheld,desk_gripped_micro_move,recording,1.881740,-0.577504,9.613804,0.068858,-0.007358,-0.029115
623821420.000,YZJ,non_handheld,desk_gripped_micro_move,recording,1.881899,-0.566695,9.621715,0.063888,-0.005669,-0.023240
623821430.000,YZJ,non_handheld,desk_gripped_micro_move,recording,1.825178,-0.498035,9.656998,0.057198,-0.019009,-0.014950
623821440.000,YZJ,non_handheld,desk_gripped_micro_move,recording,1.822550,-0.502900,9.668428,0.053542,-0.043424,-0.006228
623821450.000,YZJ,non_handheld,desk_gripped_micro_move,recording,1.872225,-0.465477,9.637670,0.045687,-0.054075,-0.006360
623821460.000,YZJ,non_handheld,desk_gripped_micro_move,recording,1.925444,-0.438190,9.629658,0.035223,-0.056898,-0.016315
623821470.000,YZJ,non_handheld,desk_gripped_micro_move,recording,1.905618,-0.420991,9.646624,0.032823,-0.064194,-0.029131
623821480.000,YZJ,non_handheld,desk_gripped_micro_move,recording,1.909212,-0.399736,9.643721,0.037955,-0.063384,-0.041764
623821490.000,YZJ,non_handheld,desk_gripped_micro_move,recording,1.896461,-0.427937,9.634359,0.048959,-0.047723,-0.055131
623821500.000,YZJ,non_handheld,desk_gripped_micro_move,recording,1.850071,-0.441633,9.645380,0.063909,-0.034459,-0.057846
623821510.000,YZJ,non_handheld,desk_gripped_micro_move,recording,1.810416,-0.454130,9.641727,0.077197,-0.029296,-0.049307
623821520.000,YZJ,non_handheld,desk_gripped_micro_move,recording,1.909889,-0.522474,9.611568,0.080984,-0.023989,-0.042002
623821530.000,YZJ,non_handheld,desk_gripped_micro_move,recording,1.949081,-0.500638,9.595547,0.072717,-0.014895,-0.030809
623821540.000,YZJ,non_handheld,desk_gripped_micro_move,recording,1.965166,-0.545025,9.637745,0.063969,-0.023060,-0.018704
623821550.000,YZJ,non_handheld,desk_gripped_micro_move,recording,1.897218,-0.387375,9.636825,0.052223,-0.039211,-0.004014
623821560.000,YZJ,non_handheld,desk_gripped_micro_move,recording,1.923998,-0.422324,9.600396,0.030189,-0.040074,0.000370
623821570.000,YZJ,non_handheld,desk_gripped_micro_move,recording,1.955844,-0.395590,9.586239,0.012922,-0.030078,0.001757
623821580.000,YZJ,non_handheld,desk_gripped_micro_move,recording,1.963433,-0.345129,9.599689,0.000453,-0.020466,-0.000667
623821590.000,YZJ,non_handheld,desk_gripped_micro_move,recording,1.932301,-0.369411,9.615184,-0.004712,-0.010366,-0.006393
623821600.000,YZJ,non_handheld,desk_gripped_micro_move,recording,2.051059,-0.263399,9.588799,-0.006696,-0.009415,-0.021180
623821610.000,YZJ,non_handheld,desk_gripped_micro_move,recording,1.980051,-0.249707,9.636823,-0.002811,-0.012878,-0.030367
623821620.000,YZJ,non_handheld,desk_gripped_micro_move,recording,1.895372,-0.342637,9.673566,0.007164,-0.029441,-0.030555
623821630.000,YZJ,non_handheld,desk_gripped_micro_move,recording,1.915600,-0.375202,9.653547,0.014913,-0.044313,-0.029228
623821640.000,YZJ,non_handheld,desk_gripped_micro_move,recording,1.903115,-0.400182,9.631172,0.019119,-0.043241,-0.027520
623821650.000,YZJ,non_handheld,desk_gripped_micro_move,recording,1.886687,-0.450638,9.652951,0.026049,-0.039047,-0.016786
623821660.000,YZJ,non_handheld,desk_gripped_micro_move,recording,1.932670,-0.518130,9.595046,0.024019,-0.024138,-0.003887
623821670.000,YZJ,non_handheld,desk_gripped_micro_move,recording,1.975411,-0.529014,9.587488,0.017260,-0.009810,0.008095
623821680.000,YZJ,non_handheld,desk_gripped_micro_move,recording,1.939971,-0.458293,9.591977,0.011773,-0.006327,0.017471
623821690.000,YZJ,non_handheld,desk_gripped_micro_move,recording,1.977169,-0.383968,9.619833,0.004115,-0.000186,0.012975
623821700.000,YZJ,non_handheld,desk_gripped_micro_move,recording,1.971849,-0.418073,9.647014,0.002322,-0.005887,0.001346
623821710.000,YZJ,non_handheld,desk_gripped_micro_move,recording,1.977596,-0.405451,9.633167,0.002655,-0.013240,-0.014105
623821720.000,YZJ,non_handheld,desk_gripped_micro_move,recording,1.948059,-0.394372,9.603629,0.001134,-0.011572,-0.031021
623821730.000,YZJ,non_handheld,desk_gripped_micro_move,recording,1.956196,-0.423394,9.644517,0.004518,-0.017985,-0.045869
623821740.000,YZJ,non_handheld,desk_gripped_micro_move,recording,1.972502,-0.389852,9.672461,0.009126,-0.032449,-0.050909
623821750.000,YZJ,non_handheld,desk_gripped_micro_move,recording,1.939223,-0.370304,9.632672,0.013724,-0.042216,-0.047667
623821760.000,YZJ,non_handheld,desk_gripped_micro_move,recording,1.937616,-0.362148,9.606865,0.015834,-0.042401,-0.034887
623821770.000,YZJ,non_handheld,desk_gripped_micro_move,recording,1.989171,-0.375506,9.581959,0.017103,-0.019196,-0.025166
623821780.000,YZJ,non_handheld,desk_gripped_micro_move,recording,2.002406,-0.360882,9.583784,0.019205,0.007820,-0.015502
623821790.000,YZJ,non_handheld,desk_gripped_micro_move,recording,1.971528,-0.358903,9.604707,0.022421,0.018770,-0.002568
623821800.000,YZJ,non_handheld,desk_gripped_micro_move,recording,1.977915,-0.366322,9.623822,0.025988,0.023753,0.002543
623821810.000,YZJ,non_handheld,desk_gripped_micro_move,recording,1.974887,-0.372101,9.615700,0.027380,0.027544,0.002126
623821820.000,YZJ,non_handheld,desk_gripped_micro_move,recording,1.973525,-0.356037,9.642945,0.033609,0.027101,-0.000285
623821830.000,YZJ,non_handheld,desk_gripped_micro_move,recording,1.978647,-0.345821,9.608266,0.034583,0.028718,-0.005524
623821840.000,YZJ,non_handheld,desk_gripped_micro_move,recording,1.965128,-0.337075,9.608885,0.031363,0.024621,-0.011253
623821850.000,YZJ,non_handheld,desk_gripped_micro_move,recording,1.967109,-0.315491,9.660676,0.031027,0.007579,-0.019322
623821860.000,YZJ,non_handheld,desk_gripped_micro_move,recording,1.970561,-0.321930,9.667235,0.028367,-0.015347,-0.026902
623821870.000,YZJ,non_handheld,desk_gripped_micro_move,recording,1.957640,-0.305770,9.641003,0.023360,-0.030891,-0.034212
623821880.000,YZJ,non_handheld,desk_gripped_micro_move,recording,1.946378,-0.347983,9.625795,0.020555,-0.034051,-0.034761
623821890.000,YZJ,non_handheld,desk_gripped_micro_move,recording,1.950244,-0.332990,9.592784,0.019379,-0.021285,-0.032911
623821900.000,YZJ,non_handheld,desk_gripped_micro_move,recording,1.970301,-0.310120,9.617092,0.021251,-0.004016,-0.027078
623821910.000,YZJ,non_handheld,desk_gripped_micro_move,recording,1.963215,-0.336746,9.606777,0.027364,0.013751,-0.019089
623821920.000,YZJ,non_handheld,desk_gripped_micro_move,recording,1.939782,-0.349215,9.577121,0.029570,0.041628,-0.004043
623821930.000,YZJ,non_handheld,desk_gripped_micro_move,recording,1.978416,-0.395402,9.555453,0.029173,0.064480,0.009760
623821940.000,YZJ,non_handheld,desk_gripped_micro_move,recording,1.960615,-0.374311,9.612013,0.025044,0.072686,0.025508
623821950.000,YZJ,non_handheld,desk_gripped_micro_move,recording,1.938745,-0.301139,9.643617,0.024368,0.059715,0.035722
623821960.000,YZJ,non_handheld,desk_gripped_micro_move,recording,1.947113,-0.312326,9.636056,0.019885,0.051198,0.028330
623821970.000,YZJ,non_handheld,desk_gripped_micro_move,recording,1.988257,-0.282543,9.607027,0.015031,0.046321,0.018641
623821980.000,YZJ,non_handheld,desk_gripped_micro_move,recording,1.997267,-0.262121,9.669459,0.018415,0.020912,-0.001216
623821990.000,YZJ,non_handheld,desk_gripped_micro_move,recording,2.006959,-0.241499,9.700494,0.027200,-0.017465,-0.021275
623822000.000,YZJ,non_handheld,desk_gripped_micro_move,recording,1.930709,-0.226108,9.684496,0.035159,-0.046277,-0.032430
623822010.000,YZJ,non_handheld,desk_gripped_micro_move,recording,1.902809,-0.268621,9.670191,0.045492,-0.058648,-0.038841
623822020.000,YZJ,non_handheld,desk_gripped_micro_move,recording,1.957648,-0.298646,9.646728,0.057387,-0.056581,-0.044387
623822030.000,YZJ,non_handheld,desk_gripped_micro_move,recording,1.924660,-0.285610,9.584098,0.062068,-0.030455,-0.041861
623822040.000,YZJ,non_handheld,desk_gripped_micro_move,recording,1.881336,-0.327736,9.610696,0.066237,-0.002500,-0.033331
623822050.000,YZJ,non_handheld,desk_gripped_micro_move,recording,1.908983,-0.275350,9.584235,0.066573,0.026260,-0.023024
623822060.000,YZJ,non_handheld,desk_gripped_micro_move,recording,1.925080,-0.243344,9.603092,0.065917,0.047678,-0.016712
623822070.000,YZJ,non_handheld,desk_gripped_micro_move,recording,1.912562,-0.277628,9.668630,0.072594,0.045274,-0.008143
623822080.000,YZJ,non_handheld,desk_gripped_micro_move,recording,1.946798,-0.169690,9.614760,0.076112,0.047352,-0.003876
623822090.000,YZJ,non_handheld,desk_gripped_micro_move,recording,1.913392,-0.112642,9.648651,0.089659,0.038678,-0.005851
623822100.000,YZJ,non_handheld,desk_gripped_micro_move,recording,1.952188,-0.114025,9.705474,0.107916,0.017472,-0.017392
623822110.000,YZJ,non_handheld,desk_gripped_micro_move,recording,2.002163,-0.149190,9.703279,0.125707,-0.009100,-0.035549
623822120.000,YZJ,non_handheld,desk_gripped_micro_move,recording,1.896779,-0.283448,9.670040,0.137995,-0.020801,-0.040971
623822130.000,YZJ,non_handheld,desk_gripped_micro_move,recording,1.947955,-0.245799,9.567871,0.136060,0.005650,-0.038415
623822140.000,YZJ,non_handheld,desk_gripped_micro_move,recording,1.939060,-0.294621,9.571033,0.133745,0.048486,-0.030530
623822150.000,YZJ,non_handheld,desk_gripped_micro_move,recording,2.008553,-0.227615,9.532224,0.131657,0.101484,-0.029129
623822160.000,YZJ,non_handheld,desk_gripped_micro_move,recording,1.915683,-0.305911,9.544517,0.123763,0.151390,-0.024284
623822170.000,YZJ,non_handheld,desk_gripped_micro_move,recording,1.925992,-0.235317,9.554628,0.117806,0.197688,-0.020502
623822180.000,YZJ,non_handheld,desk_gripped_micro_move,recording,1.851007,-0.165064,9.584625,0.117260,0.235923,-0.014062
623822190.000,YZJ,non_handheld,desk_gripped_micro_move,recording,1.861012,-0.131167,9.649284,0.123520,0.246159,-0.015181
623822200.000,YZJ,non_handheld,desk_gripped_micro_move,recording,1.748643,-0.075049,9.705409,0.125069,0.220714,-0.011300
623822210.000,YZJ,non_handheld,desk_gripped_micro_move,recording,1.664821,-0.073250,9.762517,0.120041,0.160600,-0.009162
623822220.000,YZJ,non_handheld,desk_gripped_micro_move,recording,1.783616,-0.073224,9.787188,0.106475,0.077256,-0.019916
623822230.000,YZJ,non_handheld,desk_gripped_micro_move,recording,1.973655,-0.248322,9.735516,0.084426,-0.001754,-0.039585
623822240.000,YZJ,non_handheld,desk_gripped_micro_move,recording,1.839030,-0.199279,9.723318,0.066535,-0.063256,-0.050169
623822250.000,YZJ,non_handheld,desk_gripped_micro_move,recording,1.745772,-0.100478,9.684516,0.053171,-0.097994,-0.055669
623822260.000,YZJ,non_handheld,desk_gripped_micro_move,recording,1.765999,-0.101754,9.659896,0.044779,-0.090336,-0.053943
623822270.000,YZJ,non_handheld,desk_gripped_micro_move,recording,1.789428,-0.063077,9.591751,0.034819,-0.054677,-0.046333
623822280.000,YZJ,non_handheld,desk_gripped_micro_move,recording,1.848569,-0.091865,9.537021,0.020773,-0.008321,-0.034236
623822290.000,YZJ,non_handheld,desk_gripped_micro_move,recording,1.838659,-0.087197,9.593400,0.011753,0.023687,-0.017927
623822300.000,YZJ,non_handheld,desk_gripped_micro_move,recording,1.829351,-0.067196,9.603761,0.009416,0.043975,-0.000688
623822310.000,YZJ,non_handheld,desk_gripped_micro_move,recording,1.834560,-0.025235,9.642366,0.012011,0.053793,0.006450
623822320.000,YZJ,non_handheld,desk_gripped_micro_move,recording,1.806518,0.001343,9.708859,0.019187,0.037504,0.009419
623822330.000,YZJ,non_handheld,desk_gripped_micro_move,recording,1.808980,-0.003250,9.687128,0.026375,0.011732,0.003111
623822340.000,YZJ,non_handheld,desk_gripped_micro_move,recording,1.830533,-0.002262,9.707768,0.032309,-0.013829,-0.005828
623822350.000,YZJ,non_handheld,desk_gripped_micro_move,recording,1.824998,-0.001697,9.725920,0.041464,-0.044768,-0.022565
623822360.000,YZJ,non_handheld,desk_gripped_micro_move,recording,1.802858,-0.030798,9.719237,0.054627,-0.064821,-0.038781
623822370.000,YZJ,non_handheld,desk_gripped_micro_move,recording,1.771135,-0.029278,9.665269,0.063851,-0.065428,-0.045640
623822380.000,YZJ,non_handheld,desk_gripped_micro_move,recording,1.784689,-0.064281,9.607982,0.061335,-0.034302,-0.040683
623822390.000,YZJ,non_handheld,desk_gripped_micro_move,recording,1.825850,-0.063222,9.572613,0.057817,0.006294,-0.035008
623822400.000,YZJ,non_handheld,desk_gripped_micro_move,recording,1.848471,-0.057919,9.579879,0.054314,0.040874,-0.026897
623822410.000,YZJ,non_handheld,desk_gripped_micro_move,recording,1.824853,-0.034681,9.604041,0.050187,0.064216,-0.016148
623822420.000,YZJ,non_handheld,desk_gripped_micro_move,recording,1.811541,-0.001510,9.670026,0.052069,0.065953,-0.007966
623822430.000,YZJ,non_handheld,desk_gripped_micro_move,recording,1.817707,0.032173,9.694944,0.055419,0.054094,-0.005082
623822440.000,YZJ,non_handheld,desk_gripped_micro_move,recording,1.796818,0.087636,9.719815,0.064447,0.022378,-0.007638
623822450.000,YZJ,non_handheld,desk_gripped_micro_move,recording,1.807668,0.080819,9.717293,0.067376,-0.016648,-0.015407
623822460.000,YZJ,non_handheld,desk_gripped_micro_move,recording,1.822508,0.105859,9.685794,0.069241,-0.043511,-0.027449
623822470.000,YZJ,non_handheld,desk_gripped_micro_move,recording,1.790994,0.004737,9.684785,0.064823,-0.051368,-0.033823
623822480.000,YZJ,non_handheld,desk_gripped_micro_move,recording,1.840725,0.092962,9.600655,0.049701,-0.030417,-0.038864
623822490.000,YZJ,non_handheld,desk_gripped_micro_move,recording,1.789663,0.090204,9.588130,0.038073,-0.001811,-0.038565
623822500.000,YZJ,non_handheld,desk_gripped_micro_move,recording,1.760055,0.042910,9.561917,0.023840,0.045041,-0.029248
623822510.000,YZJ,non_handheld,desk_gripped_micro_move,recording,1.741506,0.077797,9.583290,0.013318,0.092911,-0.016807
623822520.000,YZJ,non_handheld,desk_gripped_micro_move,recording,1.722199,0.103842,9.659612,0.015113,0.108774,-0.005847
623822530.000,YZJ,non_handheld,desk_gripped_micro_move,recording,1.782463,0.078942,9.693657,0.024300,0.098491,-0.008779
623822540.000,YZJ,non_handheld,desk_gripped_micro_move,recording,1.923796,0.040990,9.690790,0.033128,0.079973,-0.019159
623822550.000,YZJ,non_handheld,desk_gripped_micro_move,recording,1.763295,0.085364,9.735373,0.046118,0.050547,-0.022651
623822560.000,YZJ,non_handheld,desk_gripped_micro_move,recording,1.718894,0.123979,9.786696,0.063935,0.001627,-0.025134
623822570.000,YZJ,non_handheld,desk_gripped_micro_move,recording,1.740560,0.112135,9.735296,0.080577,-0.040094,-0.027054
623822580.000,YZJ,non_handheld,desk_gripped_micro_move,recording,1.729489,0.024327,9.689550,0.082710,-0.052006,-0.023618
623822590.000,YZJ,non_handheld,desk_gripped_micro_move,recording,1.817369,-0.020180,9.640248,0.074117,-0.046617,-0.029515
623822600.000,YZJ,non_handheld,desk_gripped_micro_move,recording,1.855639,0.067647,9.607690,0.059991,-0.039160,-0.037718
623822610.000,YZJ,non_handheld,desk_gripped_micro_move,recording,1.876051,0.000897,9.639447,0.047403,-0.035414,-0.043991
623822620.000,YZJ,non_handheld,desk_gripped_micro_move,recording,1.825978,0.047635,9.628057,0.035487,-0.031887,-0.048006
623822630.000,YZJ,non_handheld,desk_gripped_micro_move,recording,1.806268,0.088272,9.675135,0.031718,-0.053635,-0.047133
623822640.000,YZJ,non_handheld,desk_gripped_micro_move,recording,1.782681,0.056264,9.717651,0.032087,-0.081673,-0.050102
623822650.000,YZJ,non_handheld,desk_gripped_micro_move,recording,1.785127,0.076914,9.674909,0.021736,-0.108193,-0.047310
623822660.000,YZJ,non_handheld,desk_gripped_micro_move,recording,1.797005,0.067953,9.713751,0.016693,-0.158478,-0.039958
623822670.000,YZJ,non_handheld,desk_gripped_micro_move,recording,1.803502,0.135227,9.754992,0.013291,-0.205083,-0.039738
623822680.000,YZJ,non_handheld,desk_gripped_micro_move,recording,1.867379,0.091150,9.632816,0.000119,-0.218489,-0.044917
623822690.000,YZJ,non_handheld,desk_gripped_micro_move,recording,1.867368,0.117674,9.610292,-0.013597,-0.212168,-0.046883
623822700.000,YZJ,non_handheld,desk_gripped_micro_move,recording,1.894112,0.138172,9.602797,-0.017663,-0.197827,-0.047008
623822710.000,YZJ,non_handheld,desk_gripped_micro_move,recording,1.925192,0.099764,9.634055,-0.014754,-0.172091,-0.046660
623822720.000,YZJ,non_handheld,desk_gripped_micro_move,recording,1.975843,0.081208,9.571516,-0.016562,-0.133876,-0.040849
623822730.000,YZJ,non_handheld,desk_gripped_micro_move,recording,1.979508,0.082097,9.547843,-0.017864,-0.092335,-0.031090
623822740.000,YZJ,non_handheld,desk_gripped_micro_move,recording,1.965211,0.134674,9.572372,-0.009678,-0.051032,-0.015856
623822750.000,YZJ,non_handheld,desk_gripped_micro_move,recording,1.995473,0.129373,9.592171,0.003313,-0.006812,-0.005504
623822760.000,YZJ,non_handheld,desk_gripped_micro_move,recording,1.984474,0.146865,9.604618,0.017671,0.025262,-0.000401
623822770.000,YZJ,non_handheld,desk_gripped_micro_move,recording,1.976155,0.173537,9.629128,0.036234,0.037351,-0.000299
623822780.000,YZJ,non_handheld,desk_gripped_micro_move,recording,1.939247,0.164280,9.651809,0.054509,0.041992,0.003807
623822790.000,YZJ,non_handheld,desk_gripped_micro_move,recording,1.950161,0.171936,9.629322,0.061170,0.057868,0.008946
623822800.000,YZJ,non_handheld,desk_gripped_micro_move,recording,1.966015,0.127354,9.629509,0.065340,0.065976,0.005938
623822810.000,YZJ,non_handheld,desk_gripped_micro_move,recording,1.906174,0.128226,9.633707,0.067014,0.064616,0.006114
623822820.000,YZJ,non_handheld,desk_gripped_micro_move,recording,1.924207,0.177279,9.602043,0.056682,0.065011,0.008792
623822830.000,YZJ,non_handheld,desk_gripped_micro_move,recording,1.892091,0.170716,9.656397,0.039531,0.050497,0.012496
623822840.000,YZJ,non_handheld,desk_gripped_micro_move,recording,1.893975,0.179131,9.684830,0.024756,0.014693,0.014570
623822850.000,YZJ,non_handheld,desk_gripped_micro_move,recording,1.889455,0.143928,9.682647,0.012676,-0.017732,0.015239
623822860.000,YZJ,non_handheld,desk_gripped_micro_move,recording,1.906821,0.183573,9.626210,-0.001736,-0.034909,0.011793
623822870.000,YZJ,non_handheld,desk_gripped_micro_move,recording,1.936881,0.145569,9.659554,-0.006448,-0.048338,0.004247
623822880.000,YZJ,non_handheld,desk_gripped_micro_move,recording,1.935101,0.152923,9.667472,-0.004410,-0.063525,-0.004879
623822890.000,YZJ,non_handheld,desk_gripped_micro_move,recording,1.941852,0.156119,9.654072,0.001395,-0.071921,-0.015464
623822900.000,YZJ,non_handheld,desk_gripped_micro_move,recording,1.936246,0.168022,9.638229,0.011351,-0.071854,-0.024163
623822910.000,YZJ,non_handheld,desk_gripped_micro_move,recording,1.922250,0.171618,9.641456,0.021948,-0.063274,-0.027518
623822920.000,YZJ,non_handheld,desk_gripped_micro_move,recording,1.945682,0.150098,9.581758,0.024930,-0.033449,-0.021350
623822930.000,YZJ,non_handheld,desk_gripped_micro_move,recording,1.967357,0.127847,9.578266,0.026991,-0.005012,-0.014010
623822940.000,YZJ,non_handheld,desk_gripped_micro_move,recording,1.951512,0.151152,9.615636,0.034995,0.006947,-0.007412
623822950.000,YZJ,non_handheld,desk_gripped_micro_move,recording,1.958957,0.216797,9.655223,0.047695,0.008150,-0.005652
623822960.000,YZJ,non_handheld,desk_gripped_micro_move,recording,1.960960,0.243122,9.645008,0.056701,0.004068,-0.008597
623822970.000,YZJ,non_handheld,desk_gripped_micro_move,recording,1.944075,0.231467,9.654725,0.068326,-0.006799,-0.012994
623822980.000,YZJ,non_handheld,desk_gripped_micro_move,recording,1.940567,0.243011,9.667182,0.079654,-0.020850,-0.021634
623822990.000,YZJ,non_handheld,desk_gripped_micro_move,recording,1.964218,0.239343,9.670071,0.090390,-0.038019,-0.035089
623823000.000,YZJ,non_handheld,desk_gripped_micro_move,recording,1.969911,0.261239,9.698320,0.098192,-0.058448,-0.050912
623823010.000,YZJ,non_handheld,desk_gripped_micro_move,recording,1.946334,0.253331,9.670991,0.094815,-0.086543,-0.062218
623823020.000,YZJ,non_handheld,desk_gripped_micro_move,recording,1.911050,0.236273,9.649129,0.089023,-0.103697,-0.066338
623823030.000,YZJ,non_handheld,desk_gripped_micro_move,recording,1.956915,0.233596,9.602476,0.074688,-0.101223,-0.063903
623823040.000,YZJ,non_handheld,desk_gripped_micro_move,recording,2.019630,0.177408,9.523755,0.057516,-0.071591,-0.056842
623823050.000,YZJ,non_handheld,desk_gripped_micro_move,recording,2.102321,0.169583,9.499404,0.039668,-0.018835,-0.047799
623823060.000,YZJ,non_handheld,desk_gripped_micro_move,recording,2.060720,0.215943,9.487504,0.026009,0.028786,-0.036799
623823070.000,YZJ,non_handheld,desk_gripped_micro_move,recording,2.007704,0.211224,9.602206,0.026344,0.042443,-0.024191
623823080.000,YZJ,non_handheld,desk_gripped_micro_move,recording,1.971394,0.214851,9.697905,0.035958,0.018967,-0.015644
623823090.000,YZJ,non_handheld,desk_gripped_micro_move,recording,1.967467,0.234592,9.681059,0.043164,-0.010525,-0.015248
623823100.000,YZJ,non_handheld,desk_gripped_micro_move,recording,1.971348,0.258777,9.632144,0.040590,-0.032883,-0.015148
623823110.000,YZJ,non_handheld,desk_gripped_micro_move,recording,1.990425,0.269270,9.641578,0.032156,-0.043875,-0.024830
623823120.000,YZJ,non_handheld,desk_gripped_micro_move,recording,2.026254,0.279021,9.615158,0.021093,-0.054732,-0.040450
623823130.000,YZJ,non_handheld,desk_gripped_micro_move,recording,1.991241,0.294460,9.603018,0.008707,-0.069590,-0.051228
623823140.000,YZJ,non_handheld,desk_gripped_micro_move,recording,1.997175,0.317130,9.596015,0.000182,-0.076437,-0.052464
623823150.000,YZJ,non_handheld,desk_gripped_micro_move,recording,1.997334,0.355267,9.620015,-0.000349,-0.068932,-0.043766
623823160.000,YZJ,non_handheld,desk_gripped_micro_move,recording,1.989107,0.333343,9.610486,0.005008,-0.056653,-0.027236
623823170.000,YZJ,non_handheld,desk_gripped_micro_move,recording,2.036404,0.300205,9.562915,0.009023,-0.030345,-0.010073
623823180.000,YZJ,non_handheld,desk_gripped_micro_move,recording,2.032313,0.260372,9.600868,0.018631,-0.014797,0.003148
623823190.000,YZJ,non_handheld,desk_gripped_micro_move,recording,2.023970,0.305778,9.598006,0.028391,-0.004470,0.015111
623823200.000,YZJ,non_handheld,desk_gripped_micro_move,recording,2.059075,0.300385,9.613041,0.034809,0.007945,0.015815
623823210.000,YZJ,non_handheld,desk_gripped_micro_move,recording,2.065777,0.328032,9.588296,0.038612,0.013673,0.009547
623823220.000,YZJ,non_handheld,desk_gripped_micro_move,recording,2.039986,0.308897,9.588548,0.032963,0.011204,0.001161
623823230.000,YZJ,non_handheld,desk_gripped_micro_move,recording,2.021862,0.282887,9.649149,0.026523,-0.009422,-0.005104
623823240.000,YZJ,non_handheld,desk_gripped_micro_move,recording,1.995651,0.308868,9.658607,0.026472,-0.038399,-0.005650
623823250.000,YZJ,non_handheld,desk_gripped_micro_move,recording,2.019540,0.276123,9.626461,0.018486,-0.048733,-0.006027
623823260.000,YZJ,non_handheld,desk_gripped_micro_move,recording,2.039863,0.320492,9.581596,0.005500,-0.044530,-0.004731
623823270.000,YZJ,non_handheld,desk_gripped_micro_move,recording,2.022678,0.324807,9.587817,0.001037,-0.045466,-0.000909
623823280.000,YZJ,non_handheld,desk_gripped_micro_move,recording,2.048923,0.332066,9.618663,0.000204,-0.044227,0.004058
623823290.000,YZJ,non_handheld,desk_gripped_micro_move,recording,2.045624,0.322046,9.612362,0.000287,-0.040174,0.006645
623823300.000,YZJ,non_handheld,desk_gripped_micro_move,recording,2.048251,0.321308,9.596280,0.006588,-0.039972,0.003693
623823310.000,YZJ,non_handheld,desk_gripped_micro_move,recording,2.073197,0.312853,9.616176,0.012030,-0.038473,-0.001120
623823320.000,YZJ,non_handheld,desk_gripped_micro_move,recording,2.087580,0.358594,9.657543,0.025471,-0.041131,-0.011760
623823330.000,YZJ,non_handheld,desk_gripped_micro_move,recording,2.085953,0.374709,9.635485,0.038240,-0.044797,-0.021457
623823340.000,YZJ,non_handheld,desk_gripped_micro_move,recording,2.075571,0.349879,9.584972,0.044820,-0.044385,-0.026365
623823350.000,YZJ,non_handheld,desk_gripped_micro_move,recording,2.014459,0.347499,9.632198,0.048958,-0.052468,-0.021636
623823360.000,YZJ,non_handheld,desk_gripped_micro_move,recording,2.055832,0.301276,9.648875,0.055067,-0.063400,-0.015049
623823370.000,YZJ,non_handheld,desk_gripped_micro_move,recording,2.058422,0.308621,9.596218,0.050988,-0.063952,-0.004310
623823380.000,YZJ,non_handheld,desk_gripped_micro_move,recording,2.112057,0.305588,9.554809,0.042787,-0.060168,0.000912
623823390.000,YZJ,non_handheld,desk_gripped_micro_move,recording,2.097942,0.324121,9.595921,0.040090,-0.061607,0.004007
623823400.000,YZJ,non_handheld,desk_gripped_micro_move,recording,2.097905,0.357763,9.608387,0.038849,-0.064527,0.005264
623823410.000,YZJ,non_handheld,desk_gripped_micro_move,recording,2.117914,0.405581,9.610793,0.039264,-0.075713,0.004614
623823420.000,YZJ,non_handheld,desk_gripped_micro_move,recording,2.124533,0.443758,9.598569,0.036906,-0.095575,0.002082
623823430.000,YZJ,non_handheld,desk_gripped_micro_move,recording,2.143891,0.449564,9.602492,0.035062,-0.108932,-0.007584
623823440.000,YZJ,non_handheld,desk_gripped_micro_move,recording,2.169284,0.423268,9.594417,0.033705,-0.114855,-0.020340
623823450.000,YZJ,non_handheld,desk_gripped_micro_move,recording,2.129110,0.335279,9.576142,0.034297,-0.108329,-0.023073
623823460.000,YZJ,non_handheld,desk_gripped_micro_move,recording,2.163662,0.313404,9.539531,0.031767,-0.081020,-0.022284
623823470.000,YZJ,non_handheld,desk_gripped_micro_move,recording,2.188799,0.295682,9.485772,0.027082,-0.037684,-0.016673
623823480.000,YZJ,non_handheld,desk_gripped_micro_move,recording,2.183634,0.364120,9.530205,0.022799,0.000331,-0.006741
623823490.000,YZJ,non_handheld,desk_gripped_micro_move,recording,2.177789,0.388672,9.534159,0.018568,0.018764,0.004101
623823500.000,YZJ,non_handheld,desk_gripped_micro_move,recording,2.148482,0.411699,9.603109,0.019013,0.010692,0.012397
623823510.000,YZJ,non_handheld,desk_gripped_micro_move,recording,2.125792,0.469393,9.647851,0.026000,-0.013598,0.018217
623823520.000,YZJ,non_handheld,desk_gripped_micro_move,recording,2.175450,0.470879,9.591697,0.029887,-0.025810,0.012457
623823530.000,YZJ,non_handheld,desk_gripped_micro_move,recording,2.210177,0.455001,9.557909,0.029767,-0.025596,0.002269
623823540.000,YZJ,non_handheld,desk_gripped_micro_move,recording,2.180586,0.409377,9.561083,0.031228,-0.013818,-0.005685
623823550.000,YZJ,non_handheld,desk_gripped_micro_move,recording,2.155750,0.404699,9.528287,0.030969,0.006333,-0.008625
623823560.000,YZJ,non_handheld,desk_gripped_micro_move,recording,2.129924,0.397529,9.560259,0.032943,0.028586,-0.004581
623823570.000,YZJ,non_handheld,desk_gripped_micro_move,recording,2.157494,0.372174,9.576031,0.034986,0.046431,-0.002514
623823580.000,YZJ,non_handheld,desk_gripped_micro_move,recording,2.174239,0.354018,9.588758,0.041025,0.052086,0.000138
623823590.000,YZJ,non_handheld,desk_gripped_micro_move,recording,2.158628,0.363711,9.544763,0.040182,0.063248,0.005828
623823600.000,YZJ,non_handheld,desk_gripped_micro_move,recording,2.174529,0.340529,9.557467,0.038096,0.070513,0.006897
623823610.000,YZJ,non_handheld,desk_gripped_micro_move,recording,2.170779,0.370202,9.626459,0.041081,0.062170,0.005288
623823620.000,YZJ,non_handheld,desk_gripped_micro_move,recording,2.143159,0.411323,9.589969,0.040659,0.054222,0.001893
623823630.000,YZJ,non_handheld,desk_gripped_micro_move,recording,2.131664,0.407999,9.597624,0.038478,0.038891,-0.001522
623823640.000,YZJ,non_handheld,desk_gripped_micro_move,recording,2.122893,0.394926,9.616818,0.034966,0.016452,-0.005226
623823650.000,YZJ,non_handheld,desk_gripped_micro_move,recording,2.123747,0.443509,9.616348,0.027769,-0.009642,-0.010490
623823660.000,YZJ,non_handheld,desk_gripped_micro_move,recording,2.105133,0.434718,9.628510,0.022631,-0.038674,-0.010191
623823670.000,YZJ,non_handheld,desk_gripped_micro_move,recording,2.134611,0.465439,9.543412,0.007863,-0.049018,-0.016689
623823680.000,YZJ,non_handheld,desk_gripped_micro_move,recording,2.127647,0.440280,9.577162,0.001203,-0.048911,-0.017135
623823690.000,YZJ,non_handheld,desk_gripped_micro_move,recording,2.155332,0.463007,9.596192,0.002145,-0.041958,-0.016359
623823700.000,YZJ,non_handheld,desk_gripped_micro_move,recording,2.158760,0.451913,9.556805,0.003161,-0.029144,-0.015058
623823710.000,YZJ,non_handheld,desk_gripped_micro_move,recording,2.159325,0.513160,9.521657,0.005617,-0.009022,-0.008610
623823720.000,YZJ,non_handheld,desk_gripped_micro_move,recording,2.141887,0.461583,9.584407,0.013026,0.009581,-0.004526
623823730.000,YZJ,non_handheld,desk_gripped_micro_move,recording,2.164420,0.478370,9.563695,0.019380,0.024292,-0.002106
623823740.000,YZJ,non_handheld,desk_gripped_micro_move,recording,2.143903,0.464392,9.612793,0.027906,0.021303,0.000014
623823750.000,YZJ,non_handheld,desk_gripped_micro_move,recording,2.132985,0.456299,9.572019,0.031583,0.021349,0.001369
623823760.000,YZJ,non_handheld,desk_gripped_micro_move,recording,2.131767,0.468058,9.582569,0.031721,0.019821,-0.001942
623823770.000,YZJ,non_handheld,desk_gripped_micro_move,recording,2.122784,0.442484,9.604702,0.030776,0.011976,-0.004278
623823780.000,YZJ,non_handheld,desk_gripped_micro_move,recording,2.127368,0.457404,9.595792,0.032442,0.001766,-0.007594
623823790.000,YZJ,non_handheld,desk_gripped_micro_move,recording,2.129796,0.409658,9.578369,0.029323,-0.003948,-0.005756
623823800.000,YZJ,non_handheld,desk_gripped_micro_move,recording,2.155103,0.451635,9.551787,0.023988,0.001641,-0.003384
623823810.000,YZJ,non_handheld,desk_gripped_micro_move,recording,2.147753,0.446444,9.596204,0.022134,0.001393,0.000539
623823820.000,YZJ,non_handheld,desk_gripped_micro_move,recording,2.125050,0.517890,9.543762,0.018177,0.000832,0.004162
623823830.000,YZJ,non_handheld,desk_gripped_micro_move,recording,2.130723,0.493721,9.581229,0.013276,-0.000901,0.006327
623823840.000,YZJ,non_handheld,desk_gripped_micro_move,recording,2.120544,0.507069,9.595129,0.015692,-0.002751,0.006873
623823850.000,YZJ,non_handheld,desk_gripped_micro_move,recording,2.144674,0.478473,9.564113,0.019352,0.008423,0.007958
623823860.000,YZJ,non_handheld,desk_gripped_micro_move,recording,2.136637,0.494221,9.572535,0.019853,0.017279,0.008467
623823870.000,YZJ,non_handheld,desk_gripped_micro_move,recording,2.132043,0.449156,9.588091,0.023239,0.011488,0.008131
623823880.000,YZJ,non_handheld,desk_gripped_micro_move,recording,2.134584,0.430213,9.603941,0.020509,-0.004439,0.009100
623823890.000,YZJ,non_handheld,desk_gripped_micro_move,recording,2.150476,0.455976,9.608766,0.017399,-0.018856,0.003743
623823900.000,YZJ,non_handheld,desk_gripped_micro_move,recording,2.125599,0.468233,9.612305,0.015381,-0.032188,0.000956
623823910.000,YZJ,non_handheld,desk_gripped_micro_move,recording,2.162819,0.492236,9.569754,0.014418,-0.035049,-0.002783
623823920.000,YZJ,non_handheld,desk_gripped_micro_move,recording,2.139001,0.497552,9.565020,0.014039,-0.026118,-0.002964
623823930.000,YZJ,non_handheld,desk_gripped_micro_move,recording,2.141522,0.514499,9.573462,0.017000,-0.013869,-0.005042
623823940.000,YZJ,non_handheld,desk_gripped_micro_move,recording,2.161211,0.498799,9.558702,0.017818,-0.003416,-0.005903
623823950.000,YZJ,non_handheld,desk_gripped_micro_move,recording,2.142933,0.432596,9.549531,0.011983,-0.001503,-0.006819
623823960.000,YZJ,non_handheld,desk_gripped_micro_move,recording,2.157266,0.471351,9.553005,0.001574,0.000790,-0.006342
623823970.000,YZJ,non_handheld,desk_gripped_micro_move,recording,2.162430,0.461541,9.619187,0.006002,-0.011197,-0.009967
623823980.000,YZJ,non_handheld,desk_gripped_micro_move,recording,2.130055,0.492053,9.626580,0.011379,-0.026429,-0.010027
623823990.000,YZJ,non_handheld,desk_gripped_micro_move,recording,2.158644,0.506587,9.562773,0.014478,-0.021454,-0.011420
623824000.000,YZJ,non_handheld,desk_gripped_micro_move,recording,2.167095,0.505852,9.558334,0.021865,-0.003835,-0.014874
623824010.000,YZJ,non_handheld,desk_gripped_micro_move,recording,2.168437,0.522926,9.590830,0.034811,0.012495,-0.019935
623824020.000,YZJ,non_handheld,desk_gripped_micro_move,recording,2.146227,0.535031,9.577769,0.045617,0.025740,-0.023864
623824030.000,YZJ,non_handheld,desk_gripped_micro_move,recording,2.116018,0.559980,9.578976,0.058601,0.031884,-0.021039
623824040.000,YZJ,non_handheld,desk_gripped_micro_move,recording,2.104966,0.518891,9.605107,0.063118,0.022395,-0.015654
623824050.000,YZJ,non_handheld,desk_gripped_micro_move,recording,2.105052,0.562917,9.598415,0.061189,0.006349,-0.011205
623824060.000,YZJ,non_handheld,desk_gripped_micro_move,recording,2.143176,0.489855,9.598908,0.054711,-0.009564,-0.007024
623824070.000,YZJ,non_handheld,desk_gripped_micro_move,recording,2.144765,0.511827,9.542044,0.038557,-0.009877,-0.002366
623824080.000,YZJ,non_handheld,desk_gripped_micro_move,recording,2.164283,0.489897,9.505559,0.020852,-0.000792,0.003612
623824090.000,YZJ,non_handheld,desk_gripped_micro_move,recording,2.146860,0.536354,9.551032,0.003620,0.000042,0.010383
623824100.000,YZJ,non_handheld,desk_gripped_micro_move,recording,2.157675,0.549724,9.584880,-0.004314,-0.007739,0.006403
623824110.000,YZJ,non_handheld,desk_gripped_micro_move,recording,2.127852,0.566382,9.566580,-0.006120,-0.015180,0.002475
623824120.000,YZJ,non_handheld,desk_gripped_micro_move,recording,2.126158,0.625661,9.569368,-0.003079,-0.013483,-0.000444
623824130.000,YZJ,non_handheld,desk_gripped_micro_move,recording,2.119447,0.632275,9.596477,0.003930,-0.008097,-0.000496
623824140.000,YZJ,non_handheld,desk_gripped_micro_move,recording,2.123427,0.519081,9.572260,0.006124,0.006436,0.003579
623824150.000,YZJ,non_handheld,desk_gripped_micro_move,recording,2.153654,0.522080,9.537018,0.006217,0.020523,0.011140
623824160.000,YZJ,non_handheld,desk_gripped_micro_move,recording,2.149493,0.498063,9.563282,0.007325,0.025439,0.019258
623824170.000,YZJ,non_handheld,desk_gripped_micro_move,recording,2.146842,0.523172,9.612733,0.015505,0.022386,0.022943
623824180.000,YZJ,non_handheld,desk_gripped_micro_move,recording,2.189052,0.481544,9.576528,0.017752,0.022984,0.017492
623824190.000,YZJ,non_handheld,desk_gripped_micro_move,recording,2.169131,0.510375,9.589126,0.020048,0.016592,0.007682
623824200.000,YZJ,non_handheld,desk_gripped_micro_move,recording,2.162221,0.532511,9.563717,0.017512,0.018311,-0.003166
623824210.000,YZJ,non_handheld,desk_gripped_micro_move,recording,2.133098,0.526507,9.588286,0.015769,0.016194,-0.009274
623824220.000,YZJ,non_handheld,desk_gripped_micro_move,recording,2.138592,0.551843,9.564094,0.011511,0.020685,-0.010999
623824230.000,YZJ,non_handheld,desk_gripped_micro_move,recording,2.124048,0.530493,9.574675,0.010719,0.021997,-0.009539
623824240.000,YZJ,non_handheld,desk_gripped_micro_move,recording,2.105759,0.598523,9.550680,0.013902,0.035730,-0.002812
623824250.000,YZJ,non_handheld,desk_gripped_micro_move,recording,2.107695,0.582036,9.585807,0.019577,0.047839,0.003068
623824260.000,YZJ,non_handheld,desk_gripped_micro_move,recording,2.089776,0.568251,9.594296,0.023307,0.053518,0.008579
623824270.000,YZJ,non_handheld,desk_gripped_micro_move,recording,2.106403,0.576524,9.598208,0.029184,0.049166,0.011515
623824280.000,YZJ,non_handheld,desk_gripped_micro_move,recording,2.095709,0.569471,9.581104,0.035603,0.052956,0.011959
623824290.000,YZJ,non_handheld,desk_gripped_micro_move,recording,2.095445,0.582671,9.568026,0.040202,0.072146,0.009385
623824300.000,YZJ,non_handheld,desk_gripped_micro_move,recording,2.049927,0.595785,9.577243,0.041177,0.083043,0.009941
623824310.000,YZJ,non_handheld,desk_gripped_micro_move,recording,1.964491,0.578127,9.638988,0.044328,0.067816,0.016583
623824320.000,YZJ,non_handheld,desk_gripped_micro_move,recording,1.918105,0.545575,9.627770,0.044892,0.050776,0.025587
623824330.000,YZJ,non_handheld,desk_gripped_micro_move,recording,2.156094,0.616463,9.614518,0.040331,0.030023,0.015083
623824340.000,YZJ,non_handheld,desk_gripped_micro_move,recording,2.382524,0.437904,9.509900,0.025401,0.029122,-0.001327
623824350.000,YZJ,non_handheld,desk_gripped_micro_move,recording,2.175249,0.525944,9.515093,0.005771,0.035947,-0.003285
623824360.000,YZJ,non_handheld,desk_gripped_micro_move,recording,2.051955,0.593476,9.568312,-0.002620,0.029045,0.000383
623824370.000,YZJ,non_handheld,desk_gripped_micro_move,recording,2.034911,0.583058,9.625782,0.002023,0.015777,0.005965
623824380.000,YZJ,non_handheld,desk_gripped_micro_move,recording,2.085128,0.600967,9.588982,0.007604,0.024531,0.004203
623824390.000,YZJ,non_handheld,desk_gripped_micro_move,recording,2.059485,0.608037,9.582956,0.015781,0.037398,-0.001091
623824400.000,YZJ,non_handheld,desk_gripped_micro_move,recording,2.045978,0.610010,9.616231,0.028535,0.042497,-0.007786
623824410.000,YZJ,non_handheld,desk_gripped_micro_move,recording,2.020074,0.623805,9.597768,0.039350,0.050210,-0.010547
623824420.000,YZJ,non_handheld,desk_gripped_micro_move,recording,1.961111,0.639864,9.634430,0.051445,0.055322,-0.004076
623824430.000,YZJ,non_handheld,desk_gripped_micro_move,recording,1.919837,0.637527,9.617638,0.057317,0.061412,0.004200
623824440.000,YZJ,non_handheld,desk_gripped_micro_move,recording,1.878011,0.672838,9.614827,0.057876,0.055086,0.018348
623824450.000,YZJ,non_handheld,desk_gripped_micro_move,recording,2.101991,0.660894,9.583671,0.051007,0.045586,0.019147
623824460.000,YZJ,non_handheld,desk_gripped_micro_move,recording,2.248297,0.491638,9.536591,0.034535,0.050702,0.016046
623824470.000,YZJ,non_handheld,desk_gripped_micro_move,recording,2.147238,0.525454,9.518376,0.019795,0.066367,0.017261
623824480.000,YZJ,non_handheld,desk_gripped_micro_move,recording,2.053251,0.583986,9.537186,0.011634,0.086738,0.016268
623824490.000,YZJ,non_handheld,desk_gripped_micro_move,recording,2.044562,0.619860,9.556698,0.013922,0.110776,0.011001
623824500.000,YZJ,non_handheld,desk_gripped_micro_move,recording,1.999087,0.645964,9.645878,0.027319,0.115846,0.004660
623824510.000,YZJ,non_handheld,desk_gripped_micro_move,recording,1.937733,0.657672,9.647001,0.036613,0.110419,0.002809
623824520.000,YZJ,non_handheld,desk_gripped_micro_move,recording,1.918324,0.659525,9.620773,0.039116,0.095882,0.000160
623824530.000,YZJ,non_handheld,desk_gripped_micro_move,recording,1.893973,0.616878,9.695293,0.042061,0.060252,-0.000600
623824540.000,YZJ,non_handheld,desk_gripped_micro_move,recording,1.908356,0.591818,9.684311,0.040272,0.026173,0.001360
623824550.000,YZJ,non_handheld,desk_gripped_micro_move,recording,1.920468,0.613313,9.594388,0.029925,0.008539,0.007282
623824560.000,YZJ,non_handheld,desk_gripped_micro_move,recording,1.968279,0.617530,9.578004,0.017154,0.006383,0.011413
623824570.000,YZJ,non_handheld,desk_gripped_micro_move,recording,2.035276,0.623324,9.570571,0.009284,0.012081,0.007733
623824580.000,YZJ,non_handheld,desk_gripped_micro_move,recording,1.993578,0.659701,9.557499,0.007792,0.035026,0.004712
623824590.000,YZJ,non_handheld,desk_gripped_micro_move,recording,1.927160,0.692427,9.581050,0.013960,0.064279,0.004453
623824600.000,YZJ,non_handheld,desk_gripped_micro_move,recording,1.847406,0.736852,9.608317,0.032063,0.106059,0.006435
623824610.000,YZJ,non_handheld,desk_gripped_micro_move,recording,1.765939,0.819154,9.597241,0.055519,0.165391,0.007768
623824620.000,YZJ,non_handheld,desk_gripped_micro_move,recording,1.620704,0.859669,9.631096,0.078543,0.221510,0.009047
623824630.000,YZJ,non_handheld,desk_gripped_micro_move,recording,1.666170,0.953990,9.737005,0.107822,0.226178,0.006284
623824640.000,YZJ,non_handheld,desk_gripped_micro_move,recording,1.453058,0.645136,9.760775,0.122198,0.198739,0.023087
623824650.000,YZJ,non_handheld,desk_gripped_micro_move,recording,1.343678,0.877437,9.780746,0.116394,0.136981,0.040979
623824660.000,YZJ,non_handheld,desk_gripped_micro_move,recording,1.483682,0.638972,9.699856,0.090453,0.077876,0.065427
623824670.000,YZJ,non_handheld,desk_gripped_micro_move,recording,1.580527,0.658184,9.737076,0.066295,0.016422,0.078185
623824680.000,YZJ,non_handheld,desk_gripped_micro_move,recording,2.027783,0.594679,9.477459,0.022730,-0.004622,0.074688
623824690.000,YZJ,non_handheld,desk_gripped_micro_move,recording,2.027433,0.572940,9.652772,0.001420,-0.001061,0.056682
623824700.000,YZJ,non_handheld,desk_gripped_micro_move,recording,2.653215,0.676874,9.458491,-0.015808,0.002343,0.011093
623824710.000,YZJ,non_handheld,desk_gripped_micro_move,recording,1.551718,0.513012,9.583616,-0.017480,0.014823,0.025726
623824720.000,YZJ,non_handheld,desk_gripped_micro_move,recording,2.239838,0.937752,9.712029,0.006615,0.003673,0.022950
623824730.000,YZJ,non_handheld,desk_gripped_micro_move,recording,1.591528,0.610673,9.546666,0.026599,0.054048,0.040019
623824740.000,YZJ,non_handheld,desk_gripped_micro_move,recording,1.728156,0.884262,9.657428,0.065492,0.127770,0.053350
623824750.000,YZJ,non_handheld,desk_gripped_micro_move,recording,2.058731,0.771818,9.502143,0.087006,0.206179,0.061533
623824760.000,YZJ,non_handheld,desk_gripped_micro_move,recording,1.516882,0.777347,9.689672,0.110884,0.248474,0.080808
623824770.000,YZJ,non_handheld,desk_gripped_micro_move,recording,1.613738,0.706078,9.649992,0.131244,0.259934,0.095838
623824780.000,YZJ,non_handheld,desk_gripped_micro_move,recording,1.815918,0.745999,9.653093,0.132540,0.252675,0.104575
623824790.000,YZJ,non_handheld,desk_gripped_micro_move,recording,2.360492,0.762072,9.794346,0.127948,0.172094,0.052164
623824800.000,YZJ,non_handheld,desk_gripped_micro_move,recording,2.098590,0.315747,9.476779,0.100734,0.118490,0.016521
623824810.000,YZJ,non_handheld,desk_gripped_micro_move,recording,2.017408,0.630483,9.622542,0.079027,0.078013,0.006765
623824820.000,YZJ,non_handheld,desk_gripped_micro_move,recording,1.816625,0.684237,9.678340,0.063497,0.041897,0.004640
623824830.000,YZJ,non_handheld,desk_gripped_micro_move,recording,1.740386,0.709256,9.607933,0.050879,0.030295,0.013910
623824840.000,YZJ,non_handheld,desk_gripped_micro_move,recording,1.736664,0.788339,9.584795,0.040067,0.035831,0.026255
623824850.000,YZJ,non_handheld,desk_gripped_micro_move,recording,1.796484,0.746551,9.592883,0.032310,0.057398,0.031061
623824860.000,YZJ,non_handheld,desk_gripped_micro_move,recording,1.782806,0.827144,9.596144,0.025902,0.077930,0.029033
623824870.000,YZJ,non_handheld,desk_gripped_micro_move,recording,1.751742,0.794126,9.639492,0.021203,0.081380,0.019888
623824880.000,YZJ,non_handheld,desk_gripped_micro_move,recording,1.640575,0.791353,9.694499,0.020108,0.063037,0.013651
623824890.000,YZJ,non_handheld,desk_gripped_micro_move,recording,1.609767,0.835473,9.657809,0.018869,0.042183,0.008442
623824900.000,YZJ,non_handheld,desk_gripped_micro_move,recording,1.589909,0.868221,9.674189,0.016899,0.030706,0.004057
623824910.000,YZJ,non_handheld,desk_gripped_micro_move,recording,1.582099,0.841687,9.699156,0.020208,0.003930,0.004758
623824920.000,YZJ,non_handheld,desk_gripped_micro_move,recording,1.622123,0.790586,9.687038,0.019311,-0.018494,0.005099
623824930.000,YZJ,non_handheld,desk_gripped_micro_move,recording,1.661156,0.798951,9.656142,0.018293,-0.029849,0.009298
623824940.000,YZJ,non_handheld,desk_gripped_micro_move,recording,1.709764,0.785536,9.647111,0.020272,-0.027590,0.003866
623824950.000,YZJ,non_handheld,desk_gripped_micro_move,recording,1.722201,0.781703,9.636411,0.025189,-0.013895,0.003836
623824960.000,YZJ,non_handheld,desk_gripped_micro_move,recording,1.727764,0.783532,9.612244,0.032319,0.015606,-0.003023
623824970.000,YZJ,non_handheld,desk_gripped_micro_move,recording,1.711552,0.843039,9.596733,0.038677,0.048721,-0.008840
623824980.000,YZJ,non_handheld,desk_gripped_micro_move,recording,1.648354,0.889907,9.641674,0.047595,0.073897,-0.012747
623824990.000,YZJ,non_handheld,desk_gripped_micro_move,recording,1.622062,0.878277,9.677261,0.057648,0.086944,-0.014653
623825000.000,YZJ,non_handheld,desk_gripped_micro_move,recording,1.571311,0.866349,9.659347,0.065431,0.084110,-0.008879
623825010.000,YZJ,non_handheld,desk_gripped_micro_move,recording,1.561138,0.876079,9.665026,0.068300,0.079600,-0.002668
623825020.000,YZJ,non_handheld,desk_gripped_micro_move,recording,1.541253,0.910681,9.666157,0.066890,0.064389,0.006095
623825030.000,YZJ,non_handheld,desk_gripped_micro_move,recording,1.557458,0.884438,9.748079,0.070409,0.029065,0.013700
623825040.000,YZJ,non_handheld,desk_gripped_micro_move,recording,1.629922,0.849445,9.619068,0.053531,0.013174,0.009079
623825050.000,YZJ,non_handheld,desk_gripped_micro_move,recording,1.632354,0.850424,9.616515,0.037209,0.001187,0.004740
623825060.000,YZJ,non_handheld,desk_gripped_micro_move,recording,1.708412,0.769213,9.604677,0.021545,-0.000619,-0.001655
623825070.000,YZJ,non_handheld,desk_gripped_micro_move,recording,1.717091,0.782288,9.599757,0.004516,0.003435,-0.007765
623825080.000,YZJ,non_handheld,desk_gripped_micro_move,recording,1.660924,0.828433,9.624927,-0.006670,0.004715,-0.012328
623825090.000,YZJ,non_handheld,desk_gripped_micro_move,recording,1.623950,0.842435,9.640609,-0.007548,0.007041,-0.012230
623825100.000,YZJ,non_handheld,desk_gripped_micro_move,recording,1.598193,0.882597,9.657023,-0.003477,0.022297,-0.008523
623825110.000,YZJ,non_handheld,desk_gripped_micro_move,recording,1.576229,0.885302,9.671161,0.004645,0.031317,-0.001760
623825120.000,YZJ,non_handheld,desk_gripped_micro_move,recording,1.575799,0.859717,9.684658,0.017080,0.031915,0.009250
623825130.000,YZJ,non_handheld,desk_gripped_micro_move,recording,1.599813,0.865513,9.623325,0.021362,0.047434,0.016349
623825140.000,YZJ,non_handheld,desk_gripped_micro_move,recording,1.583500,0.866334,9.681962,0.023501,0.044871,0.024970
623825150.000,YZJ,non_handheld,desk_gripped_micro_move,recording,1.580102,0.888437,9.671002,0.021478,0.025947,0.025295
623825160.000,YZJ,non_handheld,desk_gripped_micro_move,recording,1.627987,0.825118,9.659466,0.014433,0.004216,0.017473
623825170.000,YZJ,non_handheld,desk_gripped_micro_move,recording,1.611480,0.870426,9.642037,0.008252,-0.003998,0.005955
623825180.000,YZJ,non_handheld,desk_gripped_micro_move,recording,1.620701,0.889082,9.636523,0.003613,-0.001130,-0.007004
623825190.000,YZJ,non_handheld,desk_gripped_micro_move,recording,1.619285,0.880334,9.672949,0.004907,0.004822,-0.019255
623825200.000,YZJ,non_handheld,desk_gripped_micro_move,recording,1.558539,0.934280,9.658011,0.016512,0.020668,-0.022723
623825210.000,YZJ,non_handheld,desk_gripped_micro_move,recording,1.489026,0.972360,9.640733,0.028894,0.043814,-0.020530
623825220.000,YZJ,non_handheld,desk_gripped_micro_move,recording,1.443405,0.978565,9.678053,0.045517,0.065159,-0.003620
623825230.000,YZJ,non_handheld,desk_gripped_micro_move,recording,1.543411,0.930414,9.686105,0.057697,0.076640,0.009422
623825240.000,YZJ,non_handheld,desk_gripped_micro_move,recording,1.618282,0.909839,9.634503,0.062151,0.086320,0.015174
623825250.000,YZJ,non_handheld,desk_gripped_micro_move,recording,1.595297,0.902037,9.640678,0.060365,0.082255,0.019789
623825260.000,YZJ,non_handheld,desk_gripped_micro_move,recording,1.588304,0.852904,9.652398,0.052137,0.063830,0.023436
623825270.000,YZJ,non_handheld,desk_gripped_micro_move,recording,1.573696,0.888418,9.682247,0.047302,0.046620,0.020787
623825280.000,YZJ,non_handheld,desk_gripped_micro_move,recording,1.558465,0.918998,9.640914,0.043532,0.033775,0.010718
623825290.000,YZJ,non_handheld,desk_gripped_micro_move,recording,1.577982,0.879699,9.643413,0.040483,0.028217,-0.002416
623825300.000,YZJ,non_handheld,desk_gripped_micro_move,recording,1.544446,0.943176,9.655982,0.043731,0.041514,-0.015691
623825310.000,YZJ,non_handheld,desk_gripped_micro_move,recording,1.459018,0.986242,9.674012,0.051158,0.053580,-0.018608
623825320.000,YZJ,non_handheld,desk_gripped_micro_move,recording,1.438346,0.928288,9.633007,0.046435,0.060049,-0.012970
623825330.000,YZJ,non_handheld,desk_gripped_micro_move,recording,1.460190,0.907074,9.637875,0.034122,0.051961,0.001760
623825340.000,YZJ,non_handheld,desk_gripped_micro_move,recording,1.495255,0.893505,9.662683,0.021858,0.031617,0.013936
623825350.000,YZJ,non_handheld,desk_gripped_micro_move,recording,1.623495,0.889805,9.637975,0.008647,0.011632,0.019574
623825360.000,YZJ,non_handheld,desk_gripped_micro_move,recording,1.601239,0.904784,9.653421,-0.004545,-0.001535,0.022036
623825370.000,YZJ,non_handheld,desk_gripped_micro_move,recording,1.552808,0.906911,9.631517,-0.007945,-0.005624,0.022417
623825380.000,YZJ,non_handheld,desk_gripped_micro_move,recording,1.557179,0.914187,9.638369,-0.005900,0.005289,0.014469
623825390.000,YZJ,non_handheld,desk_gripped_micro_move,recording,1.557874,0.920964,9.689144,0.010863,0.028018,0.006586
623825400.000,YZJ,non_handheld,desk_gripped_micro_move,recording,1.560872,0.950566,9.646805,0.028316,0.064556,-0.000584
623825410.000,YZJ,non_handheld,desk_gripped_micro_move,recording,1.516893,0.992499,9.653074,0.043883,0.090734,-0.005917
623825420.000,YZJ,non_handheld,desk_gripped_micro_move,recording,1.424557,0.988439,9.690290,0.051985,0.090722,-0.003879
623825430.000,YZJ,non_handheld,desk_gripped_micro_move,recording,1.420020,0.969956,9.713882,0.050767,0.063395,0.004390
623825440.000,YZJ,non_handheld,desk_gripped_micro_move,recording,1.468727,0.960586,9.660693,0.037641,0.043013,0.007834
623825450.000,YZJ,non_handheld,desk_gripped_micro_move,recording,1.436447,0.981990,9.603864,0.019187,0.034198,0.014324
623825460.000,YZJ,non_handheld,desk_gripped_micro_move,recording,1.492364,0.952937,9.593327,-0.006071,0.030511,0.018315
623825470.000,YZJ,non_handheld,desk_gripped_micro_move,recording,1.486669,0.951249,9.635038,-0.023238,0.023190,0.015443
623825480.000,YZJ,non_handheld,desk_gripped_micro_move,recording,1.466791,0.954998,9.643811,-0.028629,0.012355,0.009636
623825490.000,YZJ,non_handheld,desk_gripped_micro_move,recording,1.476953,0.953593,9.685579,-0.022227,0.005254,0.001462
623825500.000,YZJ,non_handheld,desk_gripped_micro_move,recording,1.471474,0.988050,9.686247,-0.008874,0.021189,-0.006835
623825510.000,YZJ,non_handheld,desk_gripped_micro_move,recording,1.431153,1.014936,9.696612,0.010588,0.038971,-0.010630
623825520.000,YZJ,non_handheld,desk_gripped_micro_move,recording,1.404258,0.986940,9.721124,0.031043,0.052762,-0.007362
623825530.000,YZJ,non_handheld,desk_gripped_micro_move,recording,1.381793,0.979012,9.684934,0.041438,0.055592,0.003943
623825540.000,YZJ,non_handheld,desk_gripped_micro_move,recording,1.425749,0.934929,9.634598,0.039275,0.055161,0.015458
623825550.000,YZJ,non_handheld,desk_gripped_micro_move,recording,1.506779,0.919693,9.630166,0.026999,0.056231,0.023096
623825560.000,YZJ,non_handheld,desk_gripped_micro_move,recording,1.539771,0.893119,9.617977,0.012648,0.054939,0.023649
623825570.000,YZJ,non_handheld,desk_gripped_micro_move,recording,1.483335,0.944668,9.624196,0.000329,0.057060,0.025600
623825580.000,YZJ,non_handheld,desk_gripped_micro_move,recording,1.427193,0.972741,9.655280,0.000095,0.071613,0.026704
623825590.000,YZJ,non_handheld,desk_gripped_micro_move,recording,1.483274,0.959985,9.643380,0.008027,0.110554,0.022614
623825600.000,YZJ,non_handheld,desk_gripped_micro_move,recording,1.452771,0.999767,9.654279,0.019120,0.159368,0.015032
623825610.000,YZJ,non_handheld,desk_gripped_micro_move,recording,1.343919,1.052596,9.668664,0.034803,0.197988,0.017914
623825620.000,YZJ,non_handheld,desk_gripped_micro_move,recording,1.287845,1.077230,9.660552,0.040344,0.191936,0.016445
623825630.000,YZJ,non_handheld,desk_gripped_micro_move,recording,1.303511,0.944479,9.844157,0.048154,0.119474,0.015058
623825640.000,YZJ,non_handheld,desk_gripped_micro_move,recording,1.292885,0.957898,9.671951,0.027709,0.058422,0.018165
623825650.000,YZJ,non_handheld,desk_gripped_micro_move,recording,1.374019,0.933746,9.586127,-0.009865,0.022143,0.015729
623825660.000,YZJ,non_handheld,desk_gripped_micro_move,recording,1.408494,0.928400,9.630390,-0.036409,-0.004629,0.011628
623825670.000,YZJ,non_handheld,desk_gripped_micro_move,recording,1.342583,0.992471,9.657255,-0.048201,-0.004530,0.009792
623825680.000,YZJ,non_handheld,desk_gripped_micro_move,recording,1.381081,0.977845,9.647239,-0.044065,0.017523,0.008123
623825690.000,YZJ,non_handheld,desk_gripped_micro_move,recording,1.341213,0.977497,9.685734,-0.029021,0.055545,0.007714
623825700.000,YZJ,non_handheld,desk_gripped_micro_move,recording,1.319710,1.012958,9.698841,0.000143,0.110030,0.010540
623825710.000,YZJ,non_handheld,desk_gripped_micro_move,recording,1.287922,1.070484,9.708539,0.030200,0.170878,0.014904
623825720.000,YZJ,non_handheld,desk_gripped_micro_move,recording,1.281107,1.038982,9.717376,0.058269,0.214492,0.020175
623825730.000,YZJ,non_handheld,desk_gripped_micro_move,recording,1.235890,1.062621,9.719801,0.075449,0.226771,0.026668
623825740.000,YZJ,non_handheld,desk_gripped_micro_move,recording,1.238736,0.983755,9.692941,0.074550,0.206472,0.029861
623825750.000,YZJ,non_handheld,desk_gripped_micro_move,recording,1.247293,0.948851,9.657089,0.049706,0.169225,0.031154
623825760.000,YZJ,non_handheld,desk_gripped_micro_move,recording,1.236611,0.930902,9.665670,0.014724,0.113977,0.029129
623825770.000,YZJ,non_handheld,desk_gripped_micro_move,recording,1.229252,0.936167,9.659341,-0.017514,0.060572,0.023612
623825780.000,YZJ,non_handheld,desk_gripped_micro_move,recording,1.243333,0.973763,9.631212,-0.040750,0.045222,0.013616
623825790.000,YZJ,non_handheld,desk_gripped_micro_move,recording,1.265555,0.967083,9.667144,-0.044975,0.069272,0.003871
623825800.000,YZJ,non_handheld,desk_gripped_micro_move,recording,1.247020,1.007142,9.673274,-0.032596,0.111215,-0.001048
623825810.000,YZJ,non_handheld,desk_gripped_micro_move,recording,1.188359,1.019245,9.703898,-0.013440,0.155799,-0.000976
623825820.000,YZJ,non_handheld,desk_gripped_micro_move,recording,1.107543,1.047825,9.754563,0.009830,0.179576,0.003342
623825830.000,YZJ,non_handheld,desk_gripped_micro_move,recording,1.023610,1.053582,9.762900,0.028997,0.158932,0.013254
623825840.000,YZJ,non_handheld,desk_gripped_micro_move,recording,1.055472,1.010354,9.783727,0.033472,0.113760,0.021277
623825850.000,YZJ,non_handheld,desk_gripped_micro_move,recording,1.148185,0.927157,9.672107,0.023400,0.096231,0.025553
623825860.000,YZJ,non_handheld,desk_gripped_micro_move,recording,1.259465,0.946395,9.621997,0.007882,0.114196,0.024380
623825870.000,YZJ,non_handheld,desk_gripped_micro_move,recording,1.210155,0.943626,9.647497,-0.000470,0.143927,0.024831
623825880.000,YZJ,non_handheld,desk_gripped_micro_move,recording,1.093483,0.990181,9.705239,0.003961,0.177911,0.029984
623825890.000,YZJ,non_handheld,desk_gripped_micro_move,recording,1.069378,0.984734,9.688142,0.016356,0.237025,0.033115
623825900.000,YZJ,non_handheld,desk_gripped_micro_move,recording,1.056947,1.006965,9.746646,0.039472,0.291976,0.036177
623825910.000,YZJ,non_handheld,desk_gripped_micro_move,recording,0.905890,0.990561,9.775027,0.062858,0.317830,0.043152
623825920.000,YZJ,non_handheld,desk_gripped_micro_move,recording,0.932402,1.021639,9.784700,0.071303,0.300946,0.047065
623825930.000,YZJ,non_handheld,desk_gripped_micro_move,recording,0.931630,1.076297,9.768782,0.064596,0.217236,0.041210
623825940.000,YZJ,non_handheld,desk_gripped_micro_move,recording,0.947071,0.980727,9.703759,0.037024,0.110952,0.031177
623825950.000,YZJ,non_handheld,desk_gripped_micro_move,recording,0.972502,0.961751,9.655316,-0.001120,0.027802,0.020446
623825960.000,YZJ,non_handheld,desk_gripped_micro_move,recording,0.939337,0.954316,9.692292,-0.029501,-0.009855,0.016461
623825970.000,YZJ,non_handheld,desk_gripped_micro_move,recording,1.036228,0.992392,9.618982,-0.050219,0.013126,0.008078
623825980.000,YZJ,non_handheld,desk_gripped_micro_move,recording,0.995799,1.025932,9.639772,-0.055121,0.065238,0.004556
623825990.000,YZJ,non_handheld,desk_gripped_micro_move,recording,0.972110,1.027367,9.729885,-0.042189,0.124717,0.004443
623826000.000,YZJ,non_handheld,desk_gripped_micro_move,recording,0.891699,1.063227,9.767750,-0.017886,0.182046,0.012168
623826010.000,YZJ,non_handheld,desk_gripped_micro_move,recording,0.820563,1.049198,9.784499,0.013459,0.238070,0.026100
623826020.000,YZJ,non_handheld,desk_gripped_micro_move,recording,0.868871,0.961127,9.763164,0.034017,0.299042,0.035452
623826030.000,YZJ,non_handheld,desk_gripped_micro_move,recording,0.784489,1.025106,9.729040,0.045416,0.321801,0.051105
623826040.000,YZJ,non_handheld,desk_gripped_micro_move,recording,0.771134,1.008905,9.816050,0.053671,0.297440,0.068653
623826050.000,YZJ,non_handheld,desk_gripped_micro_move,recording,0.859395,1.019563,9.720813,0.035831,0.207380,0.053996
623826060.000,YZJ,non_handheld,desk_gripped_micro_move,recording,0.727175,0.949445,9.737964,0.009330,0.085507,0.045394
623826070.000,YZJ,non_handheld,desk_gripped_micro_move,recording,0.718481,0.966191,9.665175,-0.022226,0.019504,0.037655
623826080.000,YZJ,non_handheld,desk_gripped_micro_move,recording,0.779679,1.049010,9.660553,-0.049076,0.005908,0.031724
623826090.000,YZJ,non_handheld,desk_gripped_micro_move,recording,0.856162,0.987954,9.665826,-0.061848,0.046127,0.019512
623826100.000,YZJ,non_handheld,desk_gripped_micro_move,recording,0.853379,0.995594,9.681164,-0.062473,0.116973,0.012454
623826110.000,YZJ,non_handheld,desk_gripped_micro_move,recording,0.794696,0.994050,9.783387,-0.043823,0.177419,0.010890
623826120.000,YZJ,non_handheld,desk_gripped_micro_move,recording,0.775107,0.989741,9.753060,-0.026428,0.232787,0.010948
623826130.000,YZJ,non_handheld,desk_gripped_micro_move,recording,0.790774,0.964082,9.783990,-0.011273,0.286655,0.008619
623826140.000,YZJ,non_handheld,desk_gripped_micro_move,recording,0.728178,0.996825,9.693024,-0.011948,0.330902,0.009977
623826150.000,YZJ,non_handheld,desk_gripped_micro_move,recording,0.563588,1.040542,9.769893,-0.011836,0.325019,0.026862
623826160.000,YZJ,non_handheld,desk_gripped_micro_move,recording,0.393978,0.959529,9.830465,-0.012547,0.264538,0.045651
623826170.000,YZJ,non_handheld,desk_gripped_micro_move,recording,0.655228,0.952019,9.706629,-0.030734,0.231863,0.047155
623826180.000,YZJ,non_handheld,desk_gripped_micro_move,recording,0.534806,0.985855,9.693889,-0.046613,0.212312,0.043836
623826190.000,YZJ,non_handheld,desk_gripped_micro_move,recording,0.582009,1.011145,9.629640,-0.072531,0.192981,0.030780
623826200.000,YZJ,non_handheld,desk_gripped_micro_move,recording,0.525130,0.985961,9.708972,-0.087589,0.172794,0.025321
623826210.000,YZJ,non_handheld,desk_gripped_micro_move,recording,0.496506,0.970001,9.774766,-0.089798,0.154515,0.020503
623826220.000,YZJ,non_handheld,desk_gripped_micro_move,recording,0.510790,0.946387,9.770197,-0.083938,0.156751,0.015161
623826230.000,YZJ,non_handheld,desk_gripped_micro_move,recording,0.472982,0.929154,9.763690,-0.078595,0.182531,0.026940
623826240.000,YZJ,non_handheld,desk_gripped_micro_move,recording,0.368193,0.950265,9.774296,-0.079140,0.161663,0.037465
623826250.000,YZJ,non_handheld,desk_gripped_micro_move,recording,0.378162,0.929828,9.822844,-0.068195,0.123686,0.044150
623826260.000,YZJ,non_handheld,desk_gripped_micro_move,recording,0.457199,0.925637,9.742539,-0.069218,0.123751,0.046139
623826270.000,YZJ,non_handheld,desk_gripped_micro_move,recording,0.453310,0.918524,9.749970,-0.071824,0.145324,0.044762
623826280.000,YZJ,non_handheld,desk_gripped_micro_move,recording,0.458194,0.913298,9.791592,-0.063511,0.171267,0.039293
623826290.000,YZJ,non_handheld,desk_gripped_micro_move,recording,0.418480,0.889582,9.808671,-0.056498,0.192647,0.038758
623826300.000,YZJ,non_handheld,desk_gripped_micro_move,recording,0.368263,0.894690,9.790496,-0.046842,0.201386,0.039720
623826310.000,YZJ,non_handheld,desk_gripped_micro_move,recording,0.359710,0.934512,9.822643,-0.033548,0.210900,0.036020
623826320.000,YZJ,non_handheld,desk_gripped_micro_move,recording,0.344400,0.971854,9.842336,-0.012073,0.223496,0.035891
623826330.000,YZJ,non_handheld,desk_gripped_micro_move,recording,0.285553,0.889312,9.956122,0.013817,0.202134,0.031555
623826340.000,YZJ,non_handheld,desk_gripped_micro_move,recording,0.165151,0.834531,9.688795,0.004125,0.165309,0.032620
623826350.000,YZJ,non_handheld,desk_gripped_micro_move,recording,0.396768,0.893332,9.719187,-0.014353,0.178114,0.024805
623826360.000,YZJ,non_handheld,desk_gripped_micro_move,recording,0.176576,0.836455,9.724543,-0.031274,0.212108,0.048837
623826370.000,YZJ,non_handheld,desk_gripped_micro_move,recording,0.291473,0.841041,9.754600,-0.041256,0.245620,0.067172
623826380.000,YZJ,non_handheld,desk_gripped_micro_move,recording,0.165828,0.905195,9.703280,-0.061303,0.253496,0.078309
623826390.000,YZJ,non_handheld,desk_gripped_micro_move,recording,-0.088495,0.823165,9.668995,-0.084505,0.215397,0.106661
623826400.000,YZJ,non_handheld,desk_gripped_micro_move,recording,0.115123,0.854976,9.681378,-0.109769,0.161379,0.111878
623826410.000,YZJ,non_handheld,desk_gripped_micro_move,recording,0.166768,0.830624,9.735409,-0.123726,0.135591,0.099656
623826420.000,YZJ,non_handheld,desk_gripped_micro_move,recording,0.237023,0.838864,9.794029,-0.122558,0.146895,0.076381
623826430.000,YZJ,non_handheld,desk_gripped_micro_move,recording,0.279086,0.858187,9.817019,-0.110402,0.158113,0.055285
623826440.000,YZJ,non_handheld,desk_gripped_micro_move,recording,0.195768,0.890888,9.804970,-0.099434,0.133955,0.042904
623826450.000,YZJ,non_handheld,desk_gripped_micro_move,recording,0.141774,0.893330,9.814947,-0.086166,0.101200,0.028779
623826460.000,YZJ,non_handheld,desk_gripped_micro_move,recording,0.139376,0.804676,9.826748,-0.072205,0.099231,0.019722
623826470.000,YZJ,non_handheld,desk_gripped_micro_move,recording,0.096604,0.782009,9.838751,-0.065250,0.133885,0.028007
623826480.000,YZJ,non_handheld,desk_gripped_micro_move,recording,0.003592,0.764948,9.839932,-0.058017,0.155096,0.046640
623826490.000,YZJ,non_handheld,desk_gripped_micro_move,recording,-0.058991,0.794550,9.715249,-0.069208,0.133470,0.062324
623826500.000,YZJ,non_handheld,desk_gripped_micro_move,recording,0.048340,0.807361,9.636311,-0.105783,0.127108,0.064027
623826510.000,YZJ,non_handheld,desk_gripped_micro_move,recording,0.022295,0.789621,9.680744,-0.136749,0.148969,0.067537
623826520.000,YZJ,non_handheld,desk_gripped_micro_move,recording,0.000277,0.762566,9.707366,-0.160545,0.182321,0.074689
623826530.000,YZJ,non_handheld,desk_gripped_micro_move,recording,0.009437,0.725599,9.793044,-0.175219,0.197730,0.081033
623826540.000,YZJ,non_handheld,desk_gripped_micro_move,recording,-0.093209,0.734808,9.643349,-0.190930,0.145987,0.086748
623826550.000,YZJ,non_handheld,desk_gripped_micro_move,recording,-0.046551,0.777986,9.611820,-0.218075,0.094131,0.076125
623826560.000,YZJ,non_handheld,desk_gripped_micro_move,recording,0.048059,0.720219,9.764361,-0.235837,0.113480,0.062397
623826570.000,YZJ,non_handheld,desk_gripped_micro_move,recording,0.004793,0.641112,9.943064,-0.212735,0.127625,0.055571
623826580.000,YZJ,non_handheld,desk_gripped_micro_move,recording,-0.005384,0.639317,9.908032,-0.191746,0.151229,0.049631
623826590.000,YZJ,non_handheld,desk_gripped_micro_move,recording,-0.064409,0.570241,9.892937,-0.172267,0.158335,0.043544
623826600.000,YZJ,non_handheld,desk_gripped_micro_move,recording,-0.126937,0.595276,9.826138,-0.160012,0.139455,0.038780
623826610.000,YZJ,non_handheld,desk_gripped_micro_move,recording,-0.092525,0.565114,9.863116,-0.141603,0.130672,0.033966
623826620.000,YZJ,non_handheld,desk_gripped_micro_move,recording,-0.143124,0.542172,9.889605,-0.116568,0.123398,0.033581
623826630.000,YZJ,non_handheld,desk_gripped_micro_move,recording,-0.083697,0.555278,9.849551,-0.099330,0.126215,0.026163
623826640.000,YZJ,non_handheld,desk_gripped_micro_move,recording,-0.223882,0.536202,9.813349,-0.080593,0.077970,0.028028
623826650.000,YZJ,non_handheld,desk_gripped_micro_move,recording,-0.123490,0.577226,9.781686,-0.067064,0.040790,0.019972
623826660.000,YZJ,non_handheld,desk_gripped_micro_move,recording,-0.044673,0.626300,9.826318,-0.053824,0.027352,0.005295
623826670.000,YZJ,non_handheld,desk_gripped_micro_move,recording,-0.234845,0.485920,9.792444,-0.042694,0.018519,0.005436
623826680.000,YZJ,non_handheld,desk_gripped_micro_move,recording,-0.221597,0.494685,9.877432,-0.025861,0.019358,0.013107
623826690.000,YZJ,non_handheld,desk_gripped_micro_move,recording,-0.187641,0.491122,9.858995,-0.007554,0.019878,0.015825
623826700.000,YZJ,non_handheld,desk_gripped_micro_move,recording,-0.155802,0.493948,9.901652,0.009685,0.038051,0.018438
623826710.000,YZJ,non_handheld,desk_gripped_micro_move,recording,-0.157420,0.463913,9.936490,0.026955,0.079682,0.023864
623826720.000,YZJ,non_handheld,desk_gripped_micro_move,recording,-0.154056,0.522565,9.906241,0.034474,0.122285,0.030128
623826730.000,YZJ,non_handheld,desk_gripped_micro_move,recording,-0.188028,0.510631,9.843865,0.038615,0.145216,0.038799
623826740.000,YZJ,non_handheld,desk_gripped_micro_move,recording,-0.244324,0.518389,9.799529,0.034245,0.157156,0.050645
623826750.000,YZJ,non_handheld,desk_gripped_micro_move,recording,-0.323057,0.467480,9.655034,0.008894,0.142958,0.063930
623826760.000,YZJ,non_handheld,desk_gripped_micro_move,recording,-0.327098,0.559673,9.562346,-0.028834,0.097738,0.075940
623826770.000,YZJ,non_handheld,desk_gripped_micro_move,recording,-0.303676,0.558621,9.584460,-0.065892,0.045413,0.079628
623826780.000,YZJ,non_handheld,desk_gripped_micro_move,recording,-0.248323,0.594229,9.591272,-0.090623,-0.003827,0.073337
623826790.000,YZJ,non_handheld,desk_gripped_micro_move,recording,-0.214563,0.588123,9.645409,-0.106718,-0.048414,0.059873
623826800.000,YZJ,non_handheld,desk_gripped_micro_move,recording,-0.250238,0.580849,9.735309,-0.108004,-0.074515,0.049420
623826810.000,YZJ,non_handheld,desk_gripped_micro_move,recording,-0.165945,0.558466,9.834189,-0.104254,-0.071795,0.036132
623826820.000,YZJ,non_handheld,desk_gripped_micro_move,recording,-0.188133,0.497111,9.863548,-0.094628,-0.056923,0.029893
623826830.000,YZJ,non_handheld,desk_gripped_micro_move,recording,-0.166768,0.471405,9.927645,-0.082988,-0.012521,0.029585
623826840.000,YZJ,non_handheld,desk_gripped_micro_move,recording,-0.151323,0.466144,9.940854,-0.067542,0.027531,0.025635
623826850.000,YZJ,non_handheld,desk_gripped_micro_move,recording,-0.219455,0.464659,9.860884,-0.055479,0.036878,0.023934
623826860.000,YZJ,non_handheld,desk_gripped_micro_move,recording,-0.242078,0.474103,9.766614,-0.047167,0.016903,0.022654
623826870.000,YZJ,non_handheld,desk_gripped_micro_move,recording,-0.244836,0.451736,9.772025,-0.040888,0.000671,0.023476
623826880.000,YZJ,non_handheld,desk_gripped_micro_move,recording,-0.253175,0.449245,9.785934,-0.031934,-0.017526,0.023235
623826890.000,YZJ,non_handheld,desk_gripped_micro_move,recording,-0.208636,0.456388,9.807881,-0.019537,-0.032052,0.018038
623826900.000,YZJ,non_handheld,desk_gripped_micro_move,recording,-0.155065,0.507473,9.796886,-0.018336,-0.040235,0.011630
623826910.000,YZJ,non_handheld,desk_gripped_micro_move,recording,-0.235252,0.452654,9.711841,-0.028447,-0.057634,0.012435
623826920.000,YZJ,non_handheld,desk_gripped_micro_move,recording,-0.244439,0.457172,9.681436,-0.040668,-0.086282,0.011849
623826930.000,YZJ,non_handheld,desk_gripped_micro_move,recording,-0.191185,0.456442,9.734337,-0.043168,-0.120284,0.004523
623826940.000,YZJ,non_handheld,desk_gripped_micro_move,recording,-0.093381,0.476248,9.876858,-0.038023,-0.109953,-0.011270
623826950.000,YZJ,non_handheld,desk_gripped_micro_move,recording,-0.087773,0.470754,9.858979,-0.024027,-0.096163,-0.020269
623826960.000,YZJ,non_handheld,desk_gripped_micro_move,recording,-0.193892,0.420345,9.883438,-0.014762,-0.069444,-0.018352
623826970.000,YZJ,non_handheld,desk_gripped_micro_move,recording,-0.200497,0.400922,9.923998,-0.010336,-0.027555,-0.012323
623826980.000,YZJ,non_handheld,desk_gripped_micro_move,recording,-0.182918,0.404949,9.888383,0.001040,-0.003843,-0.002943
623826990.000,YZJ,non_handheld,desk_gripped_micro_move,recording,-0.153294,0.449073,9.883558,0.009773,0.014797,0.003220
623827000.000,YZJ,non_handheld,desk_gripped_micro_move,recording,-0.152320,0.472913,9.795809,0.013583,0.014848,0.010339
623827010.000,YZJ,non_handheld,desk_gripped_micro_move,recording,-0.154899,0.527581,9.795951,0.017607,0.007937,0.014191
623827020.000,YZJ,non_handheld,desk_gripped_micro_move,recording,-0.112849,0.561047,9.793475,0.025587,-0.000397,0.014355
623827030.000,YZJ,non_handheld,desk_gripped_micro_move,recording,-0.122444,0.559767,9.797237,0.034324,-0.010146,0.013698
623827040.000,YZJ,non_handheld,desk_gripped_micro_move,recording,-0.150785,0.578261,9.813655,0.045712,-0.026482,0.013504
623827050.000,YZJ,non_handheld,desk_gripped_micro_move,recording,-0.207996,0.644964,9.811323,0.061603,-0.050776,0.013937
623827060.000,YZJ,non_handheld,desk_gripped_micro_move,recording,-0.174679,0.659023,9.800601,0.069820,-0.063622,0.010554
623827070.000,YZJ,non_handheld,desk_gripped_micro_move,recording,-0.057988,0.393428,9.783164,0.065546,-0.068386,0.000221
623827080.000,YZJ,non_handheld,desk_gripped_micro_move,recording,-0.105479,0.412465,9.733077,0.058870,-0.086440,-0.004540
623827090.000,YZJ,non_handheld,desk_gripped_micro_move,recording,-0.284160,0.554690,9.762131,0.059766,-0.105908,0.000795
623827100.000,YZJ,non_handheld,desk_gripped_micro_move,recording,-0.073108,0.488786,9.839613,0.067522,-0.107263,-0.003415
623827110.000,YZJ,non_handheld,desk_gripped_micro_move,recording,-0.076319,0.456088,9.913388,0.076720,-0.071254,-0.007201
623827120.000,YZJ,non_handheld,desk_gripped_micro_move,recording,-0.300614,0.527464,9.863830,0.085261,-0.045642,0.002963
623827130.000,YZJ,non_handheld,desk_gripped_micro_move,recording,-0.305432,0.333213,9.787932,0.078783,-0.024435,0.022108
623827140.000,YZJ,non_handheld,desk_gripped_micro_move,recording,-0.190621,0.210971,9.884819,0.064356,0.012932,0.034916
623827150.000,YZJ,non_handheld,desk_gripped_micro_move,recording,-0.084041,0.300288,9.745493,0.043246,0.040526,0.047286
623827160.000,YZJ,non_handheld,desk_gripped_micro_move,recording,-0.273869,0.386388,9.644681,0.021429,0.002306,0.070018
623827170.000,YZJ,non_handheld,desk_gripped_micro_move,recording,-0.154876,0.335238,9.558208,-0.010251,-0.061711,0.079692
623827180.000,YZJ,non_handheld,desk_gripped_micro_move,recording,-0.055707,0.496760,9.687097,-0.025301,-0.105601,0.075903
623827190.000,YZJ,non_handheld,desk_gripped_micro_move,recording,-0.010910,0.505914,9.798037,-0.016808,-0.129550,0.064971
623827200.000,YZJ,non_handheld,desk_gripped_micro_move,recording,-0.068042,0.641402,9.859228,0.005092,-0.146897,0.049301
623827210.000,YZJ,non_handheld,desk_gripped_micro_move,recording,0.016400,0.741605,9.964724,0.041164,-0.118122,0.031405
623827220.000,YZJ,non_handheld,desk_gripped_micro_move,recording,0.313575,0.693956,10.213834,0.083312,0.024675,0.002592
623827230.000,YZJ,non_handheld,desk_gripped_micro_move,recording,-0.116363,0.559112,10.017962,0.134929,0.057927,0.011982
623827240.000,YZJ,non_handheld,desk_gripped_micro_move,recording,-0.236029,0.610413,9.696888,0.147240,-0.025442,0.032132
623827250.000,YZJ,non_handheld,desk_gripped_micro_move,recording,0.112246,0.549862,9.683133,0.122362,-0.031516,0.002849
623827260.000,YZJ,non_handheld,desk_gripped_micro_move,recording,-0.005350,0.685973,9.784616,0.109124,-0.007254,-0.004561
623827270.000,YZJ,non_handheld,desk_gripped_micro_move,recording,-0.364740,0.708831,9.781305,0.116102,-0.039487,0.031320
623827280.000,YZJ,non_handheld,desk_gripped_micro_move,recording,-0.169544,0.420824,9.729254,0.106844,-0.064223,0.034328
623827290.000,YZJ,non_handheld,desk_gripped_micro_move,recording,0.204697,0.642103,9.678243,0.096905,-0.120135,0.008809
623827300.000,YZJ,non_handheld,desk_gripped_micro_move,recording,-0.167275,0.804951,9.684582,0.094841,-0.210152,0.019732
623827310.000,YZJ,non_handheld,desk_gripped_micro_move,recording,-0.154696,0.787220,9.821456,0.099255,-0.231493,0.038181
623827320.000,YZJ,non_handheld,desk_gripped_micro_move,recording,-0.149378,0.893648,9.812265,0.112971,-0.220252,0.063074
623827330.000,YZJ,non_handheld,desk_gripped_micro_move,recording,-0.119451,0.359597,9.994832,0.136970,-0.234028,0.083286
623827340.000,YZJ,non_handheld,desk_gripped_micro_move,recording,0.339351,0.786041,9.911948,0.158317,-0.113456,0.072536
623827350.000,YZJ,non_handheld,desk_gripped_micro_move,recording,0.281966,0.615766,10.082801,0.200841,0.016773,0.072464
623827360.000,YZJ,non_handheld,desk_gripped_micro_move,recording,0.307375,0.200660,10.039073,0.237089,0.113263,0.059643
623827370.000,YZJ,non_handheld,desk_gripped_micro_move,recording,0.485112,0.587157,9.939023,0.250292,0.217775,0.030161
623827380.000,YZJ,non_handheld,desk_gripped_micro_move,recording,0.144227,0.541259,9.816003,0.252018,0.227921,0.014359
623827390.000,YZJ,non_handheld,desk_gripped_micro_move,recording,-0.053607,0.531319,9.721926,0.228833,0.239401,0.015745
623827400.000,YZJ,non_handheld,desk_gripped_micro_move,recording,-0.106921,0.779549,9.693091,0.207993,0.231496,0.023253
623827410.000,YZJ,non_handheld,desk_gripped_micro_move,recording,-0.233714,0.677873,9.630888,0.187167,0.168246,0.031412
623827420.000,YZJ,non_handheld,desk_gripped_micro_move,recording,-0.236805,0.757376,9.610846,0.160441,0.083206,0.040464
623827430.000,YZJ,non_handheld,desk_gripped_micro_move,recording,-0.141504,0.859107,9.596566,0.128978,0.032742,0.043470
623827440.000,YZJ,non_handheld,desk_gripped_micro_move,recording,-0.070276,0.876138,9.676289,0.106458,0.026505,0.048168
623827450.000,YZJ,non_handheld,desk_gripped_micro_move,recording,-0.063220,0.853424,9.743955,0.091016,0.055274,0.055973
623827460.000,YZJ,non_handheld,desk_gripped_micro_move,recording,-0.019245,0.865966,9.825628,0.086837,0.097574,0.060191
623827470.000,YZJ,non_handheld,desk_gripped_micro_move,recording,-0.074341,0.845458,9.757837,0.078547,0.118226,0.064705
623827480.000,YZJ,non_handheld,desk_gripped_micro_move,recording,-0.152353,0.769861,9.711737,0.063292,0.097161,0.069166
623827490.000,YZJ,non_handheld,desk_gripped_micro_move,recording,-0.172233,0.852294,9.631826,0.045999,0.053593,0.070149
623827500.000,YZJ,non_handheld,desk_gripped_micro_move,recording,-0.119252,0.874563,9.648861,0.025170,0.020631,0.065195
623827510.000,YZJ,non_handheld,desk_gripped_micro_move,recording,-0.105143,0.837977,9.706596,0.010106,0.007498,0.060316
623827520.000,YZJ,non_handheld,desk_gripped_micro_move,recording,-0.068574,0.981621,9.741454,0.008125,0.009114,0.057391
623827530.000,YZJ,non_handheld,desk_gripped_micro_move,recording,-0.123089,0.932937,9.802043,0.016949,0.001980,0.058584
623827540.000,YZJ,non_handheld,desk_gripped_micro_move,recording,-0.094283,0.914567,9.857142,0.035366,-0.001698,0.057635
623827550.000,YZJ,non_handheld,desk_gripped_micro_move,recording,-0.057888,0.929585,9.831673,0.048895,0.003226,0.054753
623827560.000,YZJ,non_handheld,desk_gripped_micro_move,recording,-0.108036,0.981405,9.741666,0.043287,0.018134,0.057872
623827570.000,YZJ,non_handheld,desk_gripped_micro_move,recording,-0.079738,0.956911,9.754761,0.046037,0.011271,0.051844
623827580.000,YZJ,non_handheld,desk_gripped_micro_move,recording,-0.074749,0.924451,9.748611,0.044750,0.001539,0.043065
623827590.000,YZJ,non_handheld,desk_gripped_micro_move,recording,-0.095213,0.908686,9.707518,0.029615,-0.006463,0.034143
623827600.000,YZJ,non_handheld,desk_gripped_micro_move,recording,-0.161879,0.897129,9.665479,0.015070,-0.020842,0.032774
623827610.000,YZJ,non_handheld,desk_gripped_micro_move,recording,-0.054688,0.796471,9.773784,0.007892,-0.029057,0.023099
623827620.000,YZJ,non_handheld,desk_gripped_micro_move,recording,0.026177,0.999816,9.747756,0.004784,-0.036380,0.003810
623827630.000,YZJ,non_handheld,desk_gripped_micro_move,recording,-0.021220,0.992024,9.765730,0.005624,-0.038162,-0.007578
623827640.000,YZJ,non_handheld,desk_gripped_micro_move,recording,-0.073163,0.974072,9.780600,0.013738,-0.042888,-0.012520
623827650.000,YZJ,non_handheld,desk_gripped_micro_move,recording,-0.079197,0.970528,9.802203,0.027127,-0.043532,-0.012604
623827660.000,YZJ,non_handheld,desk_gripped_micro_move,recording,-0.045220,0.968582,9.849191,0.045627,-0.040270,-0.013448
623827670.000,YZJ,non_handheld,desk_gripped_micro_move,recording,-0.039152,0.972707,9.870626,0.068616,-0.027119,-0.011155
623827680.000,YZJ,non_handheld,desk_gripped_micro_move,recording,-0.065088,0.919394,9.843867,0.087142,-0.004941,-0.006962
623827690.000,YZJ,non_handheld,desk_gripped_micro_move,recording,-0.079819,0.940394,9.833009,0.104232,0.009345,-0.003147
623827700.000,YZJ,non_handheld,desk_gripped_micro_move,recording,-0.033920,0.956808,9.810596,0.115625,0.019842,-0.004910
623827710.000,YZJ,non_handheld,desk_gripped_micro_move,recording,-0.061803,0.977496,9.791495,0.120683,0.025709,-0.004714
623827720.000,YZJ,non_handheld,desk_gripped_micro_move,recording,-0.125044,0.979012,9.719357,0.116929,0.018115,0.002342
623827730.000,YZJ,non_handheld,desk_gripped_micro_move,recording,-0.098491,1.020468,9.677138,0.103115,0.015555,0.005240
623827740.000,YZJ,non_handheld,desk_gripped_micro_move,recording,-0.100915,1.023141,9.709235,0.094387,-0.005196,0.006064
623827750.000,YZJ,non_handheld,desk_gripped_micro_move,recording,-0.126840,1.022532,9.701755,0.085053,-0.032380,0.008231
623827760.000,YZJ,non_handheld,desk_gripped_micro_move,recording,-0.127471,1.034151,9.694265,0.076728,-0.051443,0.013513
623827770.000,YZJ,non_handheld,desk_gripped_micro_move,recording,-0.092184,1.049624,9.685887,0.066746,-0.057059,0.020333
623827780.000,YZJ,non_handheld,desk_gripped_micro_move,recording,-0.087240,1.013037,9.827553,0.078872,-0.058831,0.022690
623827790.000,YZJ,non_handheld,desk_gripped_micro_move,recording,0.019350,1.031869,9.827113,0.093993,-0.037550,0.012575
623827800.000,YZJ,non_handheld,desk_gripped_micro_move,recording,0.086687,1.089904,9.837768,0.107125,-0.001952,-0.004443
623827810.000,YZJ,non_handheld,desk_gripped_micro_move,recording,0.036927,1.098418,9.844196,0.124992,0.021698,-0.017946
623827820.000,YZJ,non_handheld,desk_gripped_micro_move,recording,-0.059279,1.107791,9.817003,0.144490,0.012436,-0.024959
623827830.000,YZJ,non_handheld,desk_gripped_micro_move,recording,-0.091281,1.143740,9.763284,0.157373,-0.006011,-0.027248
623827840.000,YZJ,non_handheld,desk_gripped_micro_move,recording,-0.139413,1.150466,9.726395,0.161842,-0.020557,-0.022678
623827850.000,YZJ,non_handheld,desk_gripped_micro_move,recording,-0.174199,1.152175,9.732080,0.165631,-0.033673,-0.007405
623827860.000,YZJ,non_handheld,desk_gripped_micro_move,recording,-0.115423,1.062952,9.806349,0.174095,-0.036924,0.000883
623827870.000,YZJ,non_handheld,desk_gripped_micro_move,recording,0.030763,1.053754,9.797493,0.179246,-0.017043,-0.001087
623827880.000,YZJ,non_handheld,desk_gripped_micro_move,recording,-0.113703,1.154214,9.743979,0.183645,-0.002307,0.020239
623827890.000,YZJ,non_handheld,desk_gripped_micro_move,recording,-0.037684,1.084884,9.825027,0.194958,0.006208,0.028087
623827900.000,YZJ,non_handheld,desk_gripped_micro_move,recording,0.006065,1.226918,9.747286,0.203703,0.015927,0.017804
623827910.000,YZJ,non_handheld,desk_gripped_micro_move,recording,0.007625,1.242323,9.725889,0.203734,0.005461,-0.000485
623827920.000,YZJ,non_handheld,desk_gripped_micro_move,recording,-0.004496,1.261227,9.778866,0.219060,-0.022275,-0.014785
623827930.000,YZJ,non_handheld,desk_gripped_micro_move,recording,-0.074783,1.290582,9.700274,0.232504,-0.076860,-0.029249
623827940.000,YZJ,non_handheld,desk_gripped_micro_move,recording,0.090329,1.322957,9.696405,0.225441,-0.089256,-0.056356
623827950.000,YZJ,non_handheld,desk_gripped_micro_move,recording,-0.040891,1.331583,9.710511,0.220364,-0.104630,-0.069781
623827960.000,YZJ,non_handheld,desk_gripped_micro_move,recording,-0.126525,1.357411,9.599081,0.203094,-0.117051,-0.053786
623827970.000,YZJ,non_handheld,desk_gripped_micro_move,recording,-0.076495,1.400251,9.705894,0.196692,-0.113111,-0.040128
623827980.000,YZJ,non_handheld,desk_gripped_micro_move,recording,0.024415,1.342936,9.723537,0.186463,-0.063101,-0.034474
623827990.000,YZJ,non_handheld,desk_gripped_micro_move,recording,0.001461,1.333112,9.768218,0.187405,-0.022722,-0.022239
623828000.000,YZJ,non_handheld,desk_gripped_micro_move,recording,-0.016007,1.376866,9.745018,0.192198,0.007021,-0.002689
623828010.000,YZJ,non_handheld,desk_gripped_micro_move,recording,-0.022910,1.422652,9.693458,0.187704,0.025998,0.006489
623828020.000,YZJ,non_handheld,desk_gripped_micro_move,recording,0.002767,1.501259,9.649860,0.173787,0.040752,0.010737
623828030.000,YZJ,non_handheld,desk_gripped_micro_move,recording,0.003710,1.504057,9.654764,0.166177,0.017663,0.008268
623828040.000,YZJ,non_handheld,desk_gripped_micro_move,recording,0.034768,1.526899,9.620539,0.152951,-0.003594,-0.002498
623828050.000,YZJ,non_handheld,desk_gripped_micro_move,recording,0.063914,1.521146,9.660058,0.150230,-0.024966,-0.017625
623828060.000,YZJ,non_handheld,desk_gripped_micro_move,recording,0.007615,1.513675,9.664287,0.145294,-0.026813,-0.024908
623828070.000,YZJ,non_handheld,desk_gripped_micro_move,recording,0.045786,1.530892,9.727534,0.147679,-0.018588,-0.028826
623828080.000,YZJ,non_handheld,desk_gripped_micro_move,recording,0.024854,1.554560,9.680869,0.149055,-0.019502,-0.030573
623828090.000,YZJ,non_handheld,desk_gripped_micro_move,recording,-0.010580,1.531700,9.671540,0.146001,-0.006626,-0.030371
623828100.000,YZJ,non_handheld,desk_gripped_micro_move,recording,0.005240,1.583208,9.695299,0.148697,-0.001808,-0.027749
623828110.000,YZJ,non_handheld,desk_gripped_micro_move,recording,-0.031075,1.577338,9.687834,0.148118,-0.005494,-0.020655
623828120.000,YZJ,non_handheld,desk_gripped_micro_move,recording,-0.003825,1.604653,9.681766,0.149294,-0.002751,-0.017313
623828130.000,YZJ,non_handheld,desk_gripped_micro_move,recording,-0.023630,1.634868,9.691004,0.162184,-0.012089,-0.005730
623828140.000,YZJ,non_handheld,desk_gripped_micro_move,recording,0.029629,1.715122,9.765976,0.189810,-0.029213,-0.009414
623828150.000,YZJ,non_handheld,desk_gripped_micro_move,recording,0.006575,1.666560,9.775043,0.219681,-0.037618,-0.007174
623828160.000,YZJ,non_handheld,desk_gripped_micro_move,recording,0.052839,1.766672,9.797849,0.258174,-0.041186,-0.007942
623828170.000,YZJ,non_handheld,desk_gripped_micro_move,recording,0.023311,1.507698,9.795943,0.293854,-0.058201,-0.013197
623828180.000,YZJ,non_handheld,desk_gripped_micro_move,recording,0.136039,1.726295,9.708786,0.319733,-0.110557,-0.033938
623828190.000,YZJ,non_handheld,desk_gripped_micro_move,recording,0.136356,1.947969,9.582889,0.313620,-0.119486,-0.053815
623828200.000,YZJ,non_handheld,desk_gripped_micro_move,recording,0.006488,1.847939,9.615219,0.307147,-0.095544,-0.061791
623828210.000,YZJ,non_handheld,desk_gripped_micro_move,recording,-0.068390,1.674613,9.631275,0.291393,-0.060042,-0.057939
623828220.000,YZJ,non_handheld,desk_gripped_micro_move,recording,0.089606,1.701760,9.665466,0.283919,-0.054538,-0.066025
623828230.000,YZJ,non_handheld,desk_gripped_micro_move,recording,0.004669,1.975005,9.459093,0.256934,-0.098581,-0.061151
623828240.000,YZJ,non_handheld,desk_gripped_micro_move,recording,-0.108759,1.870470,8.911733,0.159633,-0.354212,-0.060849
623828250.000,YZJ,non_handheld,desk_gripped_micro_move,recording,-0.052674,1.936846,9.725400,0.125950,-0.312556,-0.057901
623828260.000,YZJ,non_handheld,desk_gripped_micro_move,recording,0.217090,1.687656,9.570229,0.088087,-0.120688,-0.034570
623828270.000,YZJ,non_handheld,desk_gripped_micro_move,recording,0.148435,2.017233,9.519650,0.049900,-0.050235,-0.013826
623828280.000,YZJ,non_handheld,desk_gripped_micro_move,recording,0.080601,1.904134,9.616444,0.050145,-0.101937,-0.010374
623828290.000,YZJ,non_handheld,desk_gripped_micro_move,recording,0.280177,1.960439,9.561843,0.047946,-0.126982,-0.023544
623828300.000,YZJ,non_handheld,desk_gripped_micro_move,recording,0.356361,1.999084,9.551334,0.029567,-0.087194,-0.041867
623828310.000,YZJ,non_handheld,desk_gripped_micro_move,recording,0.245602,1.908288,9.594440,0.015711,-0.039704,-0.048862
623828320.000,YZJ,non_handheld,desk_gripped_micro_move,recording,0.133534,1.931790,9.611920,0.013878,-0.030999,-0.046558
623828330.000,YZJ,non_handheld,desk_gripped_micro_move,recording,0.165721,1.949785,9.552212,0.001054,-0.023125,-0.043249
623828340.000,YZJ,non_handheld,desk_gripped_micro_move,recording,0.115042,1.955460,9.583639,-0.003264,-0.024895,-0.036756
623828350.000,YZJ,non_handheld,desk_gripped_micro_move,recording,0.103438,1.960996,9.628826,-0.001377,-0.013461,-0.027003
623828360.000,YZJ,non_handheld,desk_gripped_micro_move,recording,0.216209,1.952043,9.682758,0.002794,0.002884,-0.027305
623828370.000,YZJ,non_handheld,desk_gripped_micro_move,recording,0.100185,1.942443,9.601050,0.004264,0.004504,-0.019439
623828380.000,YZJ,non_handheld,desk_gripped_micro_move,recording,0.092439,1.949660,9.559129,0.002546,-0.006136,-0.007418
623828390.000,YZJ,non_handheld,desk_gripped_micro_move,recording,0.162185,1.955910,9.617509,0.001688,-0.009221,-0.004888
623828400.000,YZJ,non_handheld,desk_gripped_micro_move,recording,0.189047,1.953747,9.601185,-0.000905,-0.011681,-0.006291
623828410.000,YZJ,non_handheld,desk_gripped_micro_move,recording,0.217424,1.958967,9.593836,-0.004087,-0.011828,-0.009241
623828420.000,YZJ,non_handheld,desk_gripped_micro_move,recording,0.207091,1.953028,9.635588,-0.003459,-0.007616,-0.012169
623828430.000,YZJ,non_handheld,desk_gripped_micro_move,recording,0.202032,1.943406,9.621846,-0.001506,-0.005420,-0.014333
623828440.000,YZJ,non_handheld,desk_gripped_micro_move,recording,0.147679,1.955296,9.625795,0.000700,-0.005964,-0.011590
623828450.000,YZJ,non_handheld,desk_gripped_micro_move,recording,0.170925,1.939361,9.590671,-0.001818,0.002577,-0.006787
623828460.000,YZJ,non_handheld,desk_gripped_micro_move,recording,0.120379,1.932263,9.628863,-0.001000,-0.004024,-0.000785
623828470.000,YZJ,non_handheld,desk_gripped_micro_move,recording,0.214383,1.950518,9.613860,-0.003670,-0.005925,-0.002404
623828480.000,YZJ,non_handheld,desk_gripped_micro_move,recording,0.221165,1.955188,9.631759,-0.001965,-0.002800,-0.005760
623828490.000,YZJ,non_handheld,desk_gripped_micro_move,recording,0.139203,1.938846,9.588451,-0.003959,-0.006871,-0.002850
623828500.000,YZJ,non_handheld,desk_gripped_micro_move,recording,0.170413,1.941644,9.605437,-0.003300,-0.005916,-0.001861
623828510.000,YZJ,non_handheld,desk_gripped_micro_move,recording,0.175313,1.946471,9.628390,0.000184,-0.002134,-0.001616
623828520.000,YZJ,non_handheld,desk_gripped_micro_move,recording,0.206171,1.954305,9.632180,0.000499,0.000830,-0.003195
623828530.000,YZJ,non_handheld,desk_gripped_micro_move,recording,0.185186,1.946054,9.590804,-0.003518,-0.001333,-0.001898
623828540.000,YZJ,non_handheld,desk_gripped_micro_move,recording,0.142974,1.959427,9.595685,-0.006032,-0.002202,0.001015
623828550.000,YZJ,non_handheld,desk_gripped_micro_move,recording,0.191177,1.941223,9.611459,-0.006292,-0.003102,0.001576
623828560.000,YZJ,non_handheld,desk_gripped_micro_move,recording,0.169294,1.936364,9.623917,-0.005337,-0.002907,0.001710
623828570.000,YZJ,non_handheld,desk_gripped_micro_move,recording,0.189517,1.957652,9.577916,-0.009612,-0.002555,0.002701
623828580.000,YZJ,non_handheld,desk_gripped_micro_move,recording,0.156349,1.951091,9.582124,-0.016832,-0.012797,0.004938
623828590.000,YZJ,non_handheld,desk_gripped_micro_move,recording,0.195280,1.944266,9.620446,-0.018299,-0.003099,0.003377
623828600.000,YZJ,non_handheld,desk_gripped_micro_move,recording,0.217696,2.000321,9.614781,-0.022716,0.014418,0.009204
623828610.000,YZJ,non_handheld,desk_gripped_micro_move,recording,0.182421,1.991070,9.572603,-0.031236,0.037766,0.020399
623828620.000,YZJ,non_handheld,desk_gripped_micro_move,recording,0.136565,1.895962,9.556227,-0.047599,0.072335,0.033851
623828630.000,YZJ,non_handheld,desk_gripped_micro_move,recording,0.143588,1.929257,9.564532,-0.068789,0.131986,0.054046
623828640.000,YZJ,non_handheld,desk_gripped_micro_move,recording,0.156317,1.929306,9.546141,-0.095735,0.161264,0.063884
623828650.000,YZJ,non_handheld,desk_gripped_micro_move,recording,0.112778,1.909149,9.439635,-0.135847,0.143580,0.063242
623828660.000,YZJ,non_handheld,desk_gripped_micro_move,recording,0.098846,1.950530,9.387429,-0.188548,0.120767,0.065039
623828670.000,YZJ,non_handheld,desk_gripped_micro_move,recording,0.072645,1.922990,9.413383,-0.241267,0.098011,0.070252
623828680.000,YZJ,non_handheld,desk_gripped_micro_move,recording,0.031860,1.852726,9.408180,-0.294749,0.067205,0.074753
623828690.000,YZJ,non_handheld,desk_gripped_micro_move,recording,0.028052,1.745563,9.443581,-0.341759,0.027577,0.080126
623828700.000,YZJ,non_handheld,desk_gripped_micro_move,recording,0.041165,1.892812,9.430156,-0.387174,0.011441,0.086775
623828710.000,YZJ,non_handheld,desk_gripped_micro_move,recording,0.137817,1.821381,9.524899,-0.423916,0.023696,0.085137
623828720.000,YZJ,non_handheld,desk_gripped_micro_move,recording,0.069833,1.678517,9.611550,-0.440910,0.025290,0.087741
623828730.000,YZJ,non_handheld,desk_gripped_micro_move,recording,0.141134,1.702090,9.674853,-0.441593,0.037232,0.086472
623828740.000,YZJ,non_handheld,desk_gripped_micro_move,recording,0.158056,1.646290,9.709999,-0.436591,0.086202,0.088980
623828750.000,YZJ,non_handheld,desk_gripped_micro_move,recording,0.122882,1.552065,9.741170,-0.424358,0.111466,0.085611
623828760.000,YZJ,non_handheld,desk_gripped_micro_move,recording,0.088884,1.474563,9.793292,-0.404251,0.117161,0.080293
623828770.000,YZJ,non_handheld,desk_gripped_micro_move,recording,0.048741,1.441514,9.708861,-0.399409,0.122419,0.083678
623828780.000,YZJ,non_handheld,desk_gripped_micro_move,recording,0.045674,1.417305,9.705117,-0.391326,0.090733,0.085293
623828790.000,YZJ,non_handheld,desk_gripped_micro_move,recording,-0.026307,1.397503,9.713397,-0.388392,0.072263,0.086471
623828800.000,YZJ,non_handheld,desk_gripped_micro_move,recording,-0.105415,1.451270,9.679332,-0.396194,0.073030,0.105086
623828810.000,YZJ,non_handheld,desk_gripped_micro_move,recording,-0.063506,1.240893,9.680817,-0.409949,0.057482,0.117991
623828820.000,YZJ,non_handheld,desk_gripped_micro_move,recording,-0.005575,1.149734,9.652656,-0.424724,0.036277,0.121616
623828830.000,YZJ,non_handheld,desk_gripped_micro_move,recording,0.090255,1.091734,9.611550,-0.454004,0.025835,0.119555
623828840.000,YZJ,non_handheld,desk_gripped_micro_move,recording,0.177701,1.121226,9.764973,-0.466035,0.048583,0.105285
623828850.000,YZJ,non_handheld,desk_gripped_micro_move,recording,0.262926,1.295096,9.714032,-0.471932,0.080326,0.087009
623828860.000,YZJ,non_handheld,desk_gripped_micro_move,recording,-0.002749,0.985069,9.739204,-0.472138,0.058669,0.076073
623828870.000,YZJ,non_handheld,desk_gripped_micro_move,recording,0.009671,1.370639,9.761113,-0.469450,0.062339,0.071959
623828880.000,YZJ,non_handheld,desk_gripped_micro_move,recording,-0.088273,1.107919,9.776982,-0.461902,0.081014,0.074067
623828890.000,YZJ,non_handheld,desk_gripped_micro_move,recording,-0.094811,0.866197,9.828436,-0.448826,0.081319,0.078671
623828900.000,YZJ,non_handheld,desk_gripped_micro_move,recording,0.088235,1.089068,9.806872,-0.431045,0.086005,0.073072
623828910.000,YZJ,non_handheld,desk_gripped_micro_move,recording,0.032316,0.987166,9.858740,-0.407647,0.084928,0.073951
623828920.000,YZJ,non_handheld,desk_gripped_micro_move,recording,0.044091,0.876110,9.809627,-0.391903,0.080644,0.072219
623828930.000,YZJ,non_handheld,desk_gripped_micro_move,recording,-0.012281,0.796246,9.841516,-0.377071,0.087353,0.075307
623828940.000,YZJ,non_handheld,desk_gripped_micro_move,recording,-0.104210,0.805170,9.782182,-0.370344,0.045959,0.090053
623828950.000,YZJ,non_handheld,desk_gripped_micro_move,recording,-0.181385,0.837414,9.643230,-0.376929,-0.015027,0.100022
623828960.000,YZJ,non_handheld,desk_gripped_micro_move,recording,-0.041916,0.784243,9.690791,-0.392925,-0.041856,0.095047
623828970.000,YZJ,non_handheld,desk_gripped_micro_move,recording,0.017874,0.707880,9.838505,-0.389865,-0.039350,0.090552
623828980.000,YZJ,non_handheld,desk_gripped_micro_move,recording,-0.004464,0.607382,9.810661,-0.386843,-0.023434,0.092980
623828990.000,YZJ,non_handheld,desk_gripped_micro_move,recording,0.037319,0.544338,9.786779,-0.390784,-0.019796,0.089873
623829000.000,YZJ,non_handheld,desk_gripped_micro_move,recording,0.082522,0.489370,9.788735,-0.395357,-0.032301,0.070815
623829010.000,YZJ,non_handheld,desk_gripped_micro_move,recording,0.128306,0.423212,9.738739,-0.404473,-0.031126,0.043443
623829020.000,YZJ,non_handheld,desk_gripped_micro_move,recording,0.098802,0.501797,9.832550,-0.405046,-0.020520,0.028603
623829030.000,YZJ,non_handheld,desk_gripped_micro_move,recording,0.018550,0.454471,9.847807,-0.392103,-0.009152,0.023873
623829040.000,YZJ,non_handheld,desk_gripped_micro_move,recording,0.111108,0.224076,9.909105,-0.373164,0.008749,0.014973
623829050.000,YZJ,non_handheld,desk_gripped_micro_move,recording,0.159963,0.237706,9.976655,-0.337156,0.009156,0.010071
623829060.000,YZJ,non_handheld,desk_gripped_micro_move,recording,-0.056397,0.438410,9.949212,-0.300600,0.009744,0.022098
623829070.000,YZJ,non_handheld,desk_gripped_micro_move,recording,-0.274370,0.330142,9.789447,-0.272080,-0.051289,0.048302
623829080.000,YZJ,non_handheld,desk_gripped_micro_move,recording,-0.188412,0.331864,9.789568,-0.272118,-0.065847,0.068020
623829090.000,YZJ,non_handheld,desk_gripped_micro_move,recording,-0.101505,0.368339,9.878985,-0.268121,-0.042947,0.080501
623829100.000,YZJ,non_handheld,desk_gripped_micro_move,recording,-0.099271,0.212063,9.912427,-0.250298,0.001576,0.098493
623829110.000,YZJ,non_handheld,desk_gripped_micro_move,recording,-0.077925,0.172273,9.877573,-0.234556,0.018536,0.118835
623829120.000,YZJ,non_handheld,desk_gripped_micro_move,recording,0.086285,0.063971,9.898091,-0.227548,0.028283,0.115448
623829130.000,YZJ,non_handheld,desk_gripped_micro_move,recording,-0.045182,0.159186,9.739476,-0.223790,-0.026677,0.109031
623829140.000,YZJ,non_handheld,desk_gripped_micro_move,recording,-0.103344,0.309018,9.605358,-0.234670,-0.096833,0.095104
623829150.000,YZJ,non_handheld,desk_gripped_micro_move,recording,0.150267,0.203457,9.774900,-0.249692,-0.104359,0.065063
623829160.000,YZJ,non_handheld,desk_gripped_micro_move,recording,0.135023,0.102701,9.825829,-0.248456,-0.111710,0.043865
623829170.000,YZJ,non_handheld,desk_gripped_micro_move,recording,0.027531,-0.022246,9.624268,-0.229635,-0.225039,0.030706
623829180.000,YZJ,non_handheld,desk_gripped_micro_move,recording,0.209196,0.213916,9.960609,-0.199631,-0.209405,0.010128
623829190.000,YZJ,non_handheld,desk_gripped_micro_move,recording,0.261363,0.207007,10.696975,-0.090485,-0.057178,0.006616
623829200.000,YZJ,non_handheld,desk_gripped_micro_move,recording,0.044747,0.023959,10.039565,-0.004797,-0.003680,0.018791
623829210.000,YZJ,non_handheld,desk_gripped_micro_move,recording,0.152651,0.017657,9.963781,0.033226,0.015331,0.017095
623829220.000,YZJ,non_handheld,desk_gripped_micro_move,recording,-0.035770,0.018416,9.665997,0.013633,0.005241,0.029993
623829230.000,YZJ,non_handheld,desk_gripped_micro_move,recording,0.037675,0.047205,9.727074,-0.015168,-0.008154,0.042746
623829240.000,YZJ,non_handheld,desk_gripped_micro_move,recording,0.070657,-0.037497,9.863384,-0.013375,-0.006910,0.053897
623829250.000,YZJ,non_handheld,desk_gripped_micro_move,recording,0.163013,0.107051,9.811062,-0.012059,-0.006053,0.046747
623829260.000,YZJ,non_handheld,desk_gripped_micro_move,recording,0.064223,0.083207,9.719847,-0.032044,-0.016324,0.040819
623829270.000,YZJ,non_handheld,desk_gripped_micro_move,recording,0.084651,0.076659,9.756958,-0.052547,-0.027770,0.037241
623829280.000,YZJ,non_handheld,desk_gripped_micro_move,recording,0.024737,0.002330,9.924572,-0.041471,-0.009067,0.042287
623829290.000,YZJ,non_handheld,desk_gripped_micro_move,recording,-0.004652,0.010726,9.857452,-0.008246,-0.002594,0.049230
623829300.000,YZJ,non_handheld,desk_gripped_micro_move,recording,0.216500,0.100149,9.835718,0.001010,-0.000376,0.041065
623829310.000,YZJ,non_handheld,desk_gripped_micro_move,recording,0.067915,0.069328,9.803456,0.004126,0.000223,0.034102
623829320.000,YZJ,non_handheld,desk_gripped_micro_move,recording,0.079105,0.027906,9.811264,0.005397,0.000349,0.030283
623829330.000,YZJ,non_handheld,desk_gripped_micro_move,recording,0.094259,0.082735,9.826709,0.008705,0.001113,0.022967
623829340.000,YZJ,non_handheld,desk_gripped_micro_move,recording,0.093103,0.076614,9.822306,0.009292,0.000568,0.011509
623829350.000,YZJ,non_handheld,desk_gripped_micro_move,recording,0.075901,0.100362,9.809429,0.005337,0.000820,-0.000849
623829360.000,YZJ,non_handheld,desk_gripped_micro_move,recording,0.058841,0.031673,9.811558,0.003872,0.000303,-0.009796
623829370.000,YZJ,non_handheld,desk_gripped_micro_move,recording,0.031684,0.039734,9.821888,0.003135,0.000300,-0.012412
623829380.000,YZJ,non_handheld,desk_gripped_micro_move,recording,0.010787,-0.005671,9.784175,-0.003193,-0.001391,-0.003305
623829390.000,YZJ,non_handheld,desk_gripped_micro_move,recording,0.064002,-0.014549,9.810366,-0.012591,-0.002028,0.004989
623829400.000,YZJ,non_handheld,desk_gripped_micro_move,recording,-0.000047,-0.020956,9.827640,-0.013075,-0.002062,0.021908
623829410.000,YZJ,non_handheld,desk_gripped_micro_move,recording,0.163842,0.012997,9.828301,-0.006438,-0.001012,0.028407
623829420.000,YZJ,non_handheld,desk_gripped_micro_move,recording,0.153195,-0.009501,9.814830,-0.003111,-0.001229,0.028588
623829430.000,YZJ,non_handheld,desk_gripped_micro_move,recording,0.164034,0.023522,9.816925,-0.000156,-0.000027,0.021057
623829440.000,YZJ,non_handheld,desk_gripped_micro_move,recording,0.140919,0.025473,9.797976,0.004015,0.000631,0.010231
623829450.000,YZJ,non_handheld,desk_gripped_micro_move,recording,0.100680,0.049449,9.837214,0.007340,0.001167,0.002415
623829460.000,YZJ,non_handheld,desk_gripped_micro_move,recording,0.091054,0.042039,9.817166,0.008948,0.000646,-0.003162
623829470.000,YZJ,non_handheld,desk_gripped_micro_move,recording,0.086465,-0.056167,9.800600,0.011001,0.000318,-0.007516
623829480.000,YZJ,non_handheld,desk_gripped_micro_move,recording,0.129711,0.040772,9.812623,0.012709,0.000929,-0.016227
623829490.000,YZJ,non_handheld,desk_gripped_micro_move,recording,0.107287,-0.003805,9.815360,0.007310,0.001242,-0.021223
623829500.000,YZJ,non_handheld,desk_gripped_micro_move,recording,0.080065,0.049589,9.792334,-0.002770,-0.000399,-0.023871
623829510.000,YZJ,non_handheld,desk_gripped_micro_move,recording,0.026119,0.015065,9.794829,-0.008042,-0.001668,-0.017389
623829520.000,YZJ,non_handheld,desk_gripped_micro_move,recording,0.003334,0.024295,9.821249,-0.007903,-0.001529,-0.008069
623829530.000,YZJ,non_handheld,desk_gripped_micro_move,recording,-0.016047,0.082480,9.816534,-0.004894,-0.001404,0.001394
623829540.000,YZJ,non_handheld,desk_gripped_micro_move,recording,-0.089682,0.109067,9.817221,-0.005224,-0.001515,0.023884
623829550.000,YZJ,non_handheld,desk_gripped_micro_move,recording,-0.105282,0.093428,9.798919,-0.007356,0.000332,0.043951
623829560.000,YZJ,non_handheld,desk_gripped_micro_move,recording,0.231792,-0.022924,9.809106,-0.008728,-0.000431,0.039127
623829570.000,YZJ,non_handheld,desk_gripped_micro_move,recording,0.264213,-0.014358,9.831042,-0.002100,-0.000074,0.022668
623829580.000,YZJ,non_handheld,desk_gripped_micro_move,recording,0.278520,-0.026365,9.812677,0.003123,0.000268,0.006596
623829590.000,YZJ,non_handheld,desk_gripped_micro_move,recording,0.161912,-0.043637,9.806712,0.000070,-0.000092,-0.004189
623829600.000,YZJ,non_handheld,desk_gripped_micro_move,recording,0.083295,0.021905,9.801276,-0.004252,-0.001640,-0.006800
623829610.000,YZJ,non_handheld,desk_gripped_micro_move,recording,0.059563,0.034575,9.818328,-0.005444,-0.001982,-0.006880
623829620.000,YZJ,non_handheld,desk_gripped_micro_move,recording,0.061795,0.027580,9.815393,-0.007151,-0.002719,-0.005310
623829630.000,YZJ,non_handheld,desk_gripped_micro_move,recording,0.021089,0.021288,9.797411,-0.010396,-0.003944,0.001988
623829640.000,YZJ,non_handheld,desk_gripped_micro_move,recording,0.007957,-0.010314,9.821470,-0.011501,-0.004221,0.013539
623829650.000,YZJ,non_handheld,desk_gripped_micro_move,recording,0.027812,0.031604,9.840788,-0.007863,-0.000758,0.020517
623829660.000,YZJ,non_handheld,desk_gripped_micro_move,recording,0.045947,0.087648,9.810720,-0.006645,-0.000044,0.021615
623829670.000,YZJ,non_handheld,desk_gripped_micro_move,recording,0.036942,0.085314,9.815640,-0.006523,-0.001950,0.023999
623829680.000,YZJ,non_handheld,desk_gripped_micro_move,recording,0.050300,0.060489,9.813657,-0.004945,-0.000722,0.023624
623829690.000,YZJ,non_handheld,desk_gripped_micro_move,recording,0.106757,0.062620,9.819091,-0.000676,-0.000873,0.017090
623829700.000,YZJ,non_handheld,desk_gripped_micro_move,recording,0.153930,0.057705,9.821674,0.003632,0.000307,0.002668
623829710.000,YZJ,non_handheld,desk_gripped_micro_move,recording,0.110679,0.016530,9.816372,0.004530,0.001423,-0.004240
623829720.000,YZJ,non_handheld,desk_gripped_micro_move,recording,0.087491,0.006284,9.807978,0.008852,0.001933,-0.005254
623829730.000,YZJ,non_handheld,desk_gripped_micro_move,recording,0.063069,0.001876,9.828437,0.009541,0.001071,-0.001264
623829740.000,YZJ,non_handheld,desk_gripped_micro_move,recording,0.006477,0.050309,9.805003,0.005945,0.000587,0.008207
623829750.000,YZJ,non_handheld,desk_gripped_micro_move,recording,-0.024618,0.023905,9.821634,0.002686,0.000101,0.022040
623829760.000,YZJ,non_handheld,desk_gripped_micro_move,recording,0.135672,-0.013577,9.817271,0.000175,-0.000921,0.024629
623829770.000,YZJ,non_handheld,desk_gripped_micro_move,recording,0.151947,-0.092222,9.798096,-0.006165,-0.001718,0.021866
623829780.000,YZJ,non_handheld,desk_gripped_micro_move,recording,0.211224,-0.025044,9.823239,-0.013190,-0.004309,0.016310
623829790.000,YZJ,non_handheld,desk_gripped_micro_move,recording,0.162196,-0.001294,9.802798,-0.017930,-0.005760,0.007253
623829800.000,YZJ,non_handheld,desk_gripped_micro_move,recording,0.082144,0.026593,9.830327,-0.007040,-0.002683,0.004318
623829810.000,YZJ,non_handheld,desk_gripped_micro_move,recording,0.079755,0.020093,9.834282,0.008226,0.001864,0.002783
623829820.000,YZJ,non_handheld,desk_gripped_micro_move,recording,0.049151,0.015448,9.825165,0.015930,0.004643,0.002553
623829830.000,YZJ,non_handheld,desk_gripped_micro_move,recording,0.048840,-0.038152,9.811854,0.018169,0.004324,0.005425
623829840.000,YZJ,non_handheld,desk_gripped_micro_move,recording,0.030247,-0.035719,9.816455,0.019345,0.004200,0.012552
623829850.000,YZJ,non_handheld,desk_gripped_micro_move,recording,0.080316,-0.024719,9.817951,0.017531,0.003749,0.018428
623829860.000,YZJ,non_handheld,desk_gripped_micro_move,recording,0.084515,-0.009125,9.820581,0.013741,0.002628,0.019829
623829870.000,YZJ,non_handheld,desk_gripped_micro_move,recording,0.139159,0.015647,9.800060,0.009002,0.000998,0.015068
623829880.000,YZJ,non_handheld,desk_gripped_micro_move,recording,0.158821,0.070868,9.799828,0.002399,-0.001095,0.006762
623829890.000,YZJ,non_handheld,desk_gripped_micro_move,recording,0.100980,0.031622,9.813645,0.002812,-0.000008,0.005663
623829900.000,YZJ,non_handheld,desk_gripped_micro_move,recording,0.132046,0.033624,9.838089,0.007847,0.000668,0.001789
623829910.000,YZJ,non_handheld,desk_gripped_micro_move,recording,0.100227,0.080519,9.806874,0.006935,0.000144,-0.002569
623829920.000,YZJ,non_handheld,desk_gripped_micro_move,recording,0.075380,0.038079,9.796639,0.001879,-0.000453,-0.006397
623829930.000,YZJ,non_handheld,desk_gripped_micro_move,recording,0.052022,0.001526,9.803619,0.001962,0.000212,-0.006166
623829940.000,YZJ,non_handheld,desk_gripped_micro_move,recording,0.105410,-0.021312,9.819689,0.001801,0.000020,-0.006691
623829950.000,YZJ,non_handheld,desk_gripped_micro_move,recording,0.111748,-0.031626,9.823415,0.001204,0.000652,-0.004485
623829960.000,YZJ,non_handheld,desk_gripped_micro_move,recording,0.104738,0.019973,9.822440,0.001106,0.000380,-0.001699
623829970.000,YZJ,non_handheld,desk_gripped_micro_move,recording,0.099157,0.038441,9.823181,0.004133,0.001363,-0.001589
623829980.000,YZJ,non_handheld,desk_gripped_micro_move,recording,0.112849,0.036802,9.824989,0.009140,0.002963,-0.002724
623829990.000,YZJ,non_handheld,desk_gripped_micro_move,recording,0.058991,0.088975,9.829049,0.012015,0.004854,-0.002382
623830000.000,YZJ,non_handheld,desk_gripped_micro_move,recording,0.055826,0.088921,9.823895,0.017332,0.007029,-0.000917
623830010.000,YZJ,non_handheld,desk_gripped_micro_move,recording,0.078270,0.081129,9.831380,0.022844,0.010659,-0.004574
623830020.000,YZJ,non_handheld,desk_gripped_micro_move,recording,0.078412,0.054160,9.850812,0.032182,0.013116,-0.004821
623830030.000,YZJ,non_handheld,desk_gripped_micro_move,recording,0.039537,0.033770,9.775589,0.017777,0.006161,-0.005339
623830040.000,YZJ,non_handheld,desk_gripped_micro_move,recording,0.054571,0.037104,9.709141,-0.002755,-0.003619,-0.006270
623830050.000,YZJ,non_handheld,desk_gripped_micro_move,recording,0.060542,-0.028333,9.842129,-0.003434,-0.002417,-0.001102
623830060.000,YZJ,non_handheld,desk_gripped_micro_move,recording,0.142845,-0.009886,9.853319,0.001717,0.000042,-0.002030
623830070.000,YZJ,non_handheld,desk_gripped_micro_move,recording,0.094066,0.005519,9.798942,-0.000018,-0.000395,-0.001032
623830080.000,YZJ,non_handheld,desk_gripped_micro_move,recording,0.074852,0.009298,9.802771,-0.001964,-0.000343,0.006319
623830090.000,YZJ,non_handheld,desk_gripped_micro_move,recording,0.089957,0.040408,9.824073,0.003636,0.000503,0.009032
623830100.000,YZJ,non_handheld,desk_gripped_micro_move,recording,0.073528,0.056487,9.846416,0.008574,0.002240,0.010101
623830110.000,YZJ,non_handheld,desk_gripped_micro_move,recording,0.052564,0.115548,9.784903,0.004546,0.000737,0.012023
623830120.000,YZJ,non_handheld,desk_gripped_micro_move,recording,0.028691,0.090199,9.801191,0.001034,-0.000177,0.012257
623830130.000,YZJ,non_handheld,desk_gripped_micro_move,recording,0.067719,0.070768,9.818443,-0.000775,-0.000864,0.010057
623830140.000,YZJ,non_handheld,desk_gripped_micro_move,recording,0.051246,0.032138,9.789082,-0.004826,-0.001937,0.010874
623830150.000,YZJ,non_handheld,desk_gripped_micro_move,recording,0.062814,0.026784,9.815058,-0.006058,-0.002552,0.012466
623830160.000,YZJ,non_handheld,desk_gripped_micro_move,recording,0.063318,0.042344,9.803688,-0.003641,-0.000292,0.013826
623830170.000,YZJ,non_handheld,desk_gripped_micro_move,recording,0.052154,0.038192,9.824683,0.001785,0.000348,0.018552
623830180.000,YZJ,non_handheld,desk_gripped_micro_move,recording,0.056763,0.044604,9.835221,0.003335,0.001634,0.024398
623830190.000,YZJ,non_handheld,desk_gripped_micro_move,recording,0.061923,0.019926,9.804630,-0.000009,0.000410,0.029764
623830200.000,YZJ,non_handheld,desk_gripped_micro_move,recording,0.127081,-0.008479,9.793208,-0.000700,0.000349,0.030065
623830210.000,YZJ,non_handheld,desk_gripped_micro_move,recording,0.176042,0.004645,9.810386,0.000358,-0.000144,0.023852
623830220.000,YZJ,non_handheld,desk_gripped_micro_move,recording,0.100290,0.023540,9.807782,-0.000712,-0.000751,0.021297
623830230.000,YZJ,non_handheld,desk_gripped_micro_move,recording,0.105059,0.046919,9.838243,0.003176,0.000392,0.018707
623830240.000,YZJ,non_handheld,desk_gripped_micro_move,recording,0.098690,0.041893,9.789738,0.007360,0.001278,0.011621
623830250.000,YZJ,non_handheld,desk_gripped_micro_move,recording,0.104438,0.013539,9.829313,0.010812,0.003539,0.005589
623830260.000,YZJ,non_handheld,desk_gripped_micro_move,recording,0.126329,0.031829,9.849060,0.015001,0.010852,-0.000323
623830270.000,YZJ,non_handheld,desk_gripped_micro_move,recording,0.076313,0.037316,9.822334,0.018099,0.013269,-0.000597
623830280.000,YZJ,non_handheld,desk_gripped_micro_move,recording,0.028802,0.043663,9.785408,0.015129,0.010277,0.005742
623830290.000,YZJ,non_handheld,desk_gripped_micro_move,recording,-0.053347,0.042602,9.768548,0.006304,0.002262,0.016436
623830300.000,YZJ,non_handheld,desk_gripped_micro_move,recording,-0.014096,0.034361,9.769928,-0.003246,-0.005925,0.026303
623830310.000,YZJ,non_handheld,desk_gripped_micro_move,recording,0.088732,0.057889,9.810199,-0.005951,-0.007010,0.029955
623830320.000,YZJ,non_handheld,desk_gripped_micro_move,recording,0.111644,0.051391,9.820284,-0.004363,-0.004230,0.030704
623830330.000,YZJ,non_handheld,desk_gripped_micro_move,recording,0.122272,0.054186,9.842521,-0.001870,-0.001191,0.029056
623830340.000,YZJ,non_handheld,desk_gripped_micro_move,recording,0.087950,0.045173,9.832425,0.002716,0.001659,0.028793
623830350.000,YZJ,non_handheld,desk_gripped_micro_move,recording,0.091184,0.040190,9.846584,0.006937,0.004442,0.025710
623830360.000,YZJ,non_handheld,desk_gripped_micro_move,recording,0.094042,0.059070,9.806043,0.008376,0.005025,0.019323
623830370.000,YZJ,non_handheld,desk_gripped_micro_move,recording,0.129187,0.052762,9.814881,0.008112,0.005644,0.007379
623830380.000,YZJ,non_handheld,desk_gripped_micro_move,recording,0.104398,0.059907,9.792665,0.002675,0.000716,-0.001151
623830390.000,YZJ,non_handheld,desk_gripped_micro_move,recording,0.064843,0.060169,9.790161,-0.003038,-0.003391,-0.004503
623830400.000,YZJ,non_handheld,desk_gripped_micro_move,recording,0.066027,0.068692,9.788882,-0.005175,-0.006289,-0.008786
623830410.000,YZJ,non_handheld,desk_gripped_micro_move,recording,0.047744,0.035774,9.807022,-0.005718,-0.007037,-0.005694
623830420.000,YZJ,non_handheld,desk_gripped_micro_move,recording,0.057252,0.039476,9.827907,-0.002949,-0.003404,0.001437
623830430.000,YZJ,non_handheld,desk_gripped_micro_move,recording,0.043271,0.037020,9.853082,0.000922,-0.000306,0.010367
623830440.000,YZJ,non_handheld,desk_gripped_micro_move,recording,0.063449,0.033825,9.793834,0.001169,0.000409,0.015343