timestamp_ms,user_name,hold_state,scene_tag,phase,acc_x,acc_y,acc_z,gyro_x,gyro_y,gyro_z
793632490.000,YZJ,handheld,手持微动,recording,0.457148,2.931240,8.772721,-0.197363,0.130729,0.070375
793632500.000,YZJ,handheld,手持微动,recording,0.527430,2.922895,9.006991,-0.233188,0.063392,0.029485
793632510.000,YZJ,handheld,手持微动,recording,0.493675,2.898450,9.407329,-0.212292,-0.005974,0.005833
793632520.000,YZJ,handheld,手持微动,recording,0.380680,2.826325,9.720634,-0.150034,-0.090059,-0.003708
793632530.000,YZJ,handheld,手持微动,recording,0.375452,2.799591,9.723120,-0.112840,-0.136458,-0.008032
793632540.000,YZJ,handheld,手持微动,recording,0.543518,2.635754,9.503146,-0.091803,-0.195121,-0.020295
793632550.000,YZJ,handheld,手持微动,recording,0.537485,2.879800,9.495486,-0.091319,-0.185584,-0.034107
793632560.000,YZJ,handheld,手持微动,recording,0.683526,2.850168,9.430126,-0.105071,-0.134503,-0.045023
793632570.000,YZJ,handheld,手持微动,recording,0.601350,2.782114,9.384403,-0.139009,-0.060325,-0.049207
793632580.000,YZJ,handheld,手持微动,recording,0.442164,2.674608,9.621403,-0.164442,0.024181,-0.035527
793632590.000,YZJ,handheld,手持微动,recording,0.194510,2.539623,9.967364,-0.170728,0.109059,0.002297
793632600.000,YZJ,handheld,手持微动,recording,-0.175547,2.393354,10.243707,-0.162198,0.194403,0.061294
793632610.000,YZJ,handheld,手持微动,recording,-0.186542,2.398681,10.360354,-0.148434,0.270180,0.102155
793632620.000,YZJ,handheld,手持微动,recording,0.240502,2.590955,10.273157,-0.128298,0.333114,0.115930
793632630.000,YZJ,handheld,手持微动,recording,0.107054,2.558231,10.071103,-0.116142,0.379350,0.134080
793632640.000,YZJ,handheld,手持微动,recording,-0.891715,2.187119,9.902887,-0.128912,0.457442,0.224503
793632650.000,YZJ,handheld,手持微动,recording,-1.405329,1.663207,9.729019,-0.164757,0.551809,0.317580
793632660.000,YZJ,handheld,手持微动,recording,0.136918,2.289538,9.791061,-0.214800,0.563707,0.304615
793632670.000,YZJ,handheld,手持微动,recording,1.472043,2.696254,8.914532,-0.276708,0.482133,0.173618
793632680.000,YZJ,handheld,手持微动,recording,0.329476,3.112794,9.632539,-0.278496,0.448257,0.100078
793632690.000,YZJ,handheld,手持微动,recording,0.349720,2.686093,9.573980,-0.243074,0.392492,0.070157
793632700.000,YZJ,handheld,手持微动,recording,-0.039642,2.325280,9.211668,-0.238053,0.306976,0.058453
793632710.000,YZJ,handheld,手持微动,recording,-0.151804,2.263272,8.955467,-0.267401,0.244083,0.063346
793632720.000,YZJ,handheld,手持微动,recording,-0.310282,2.319732,8.936417,-0.306935,0.208833,0.088052
793632730.000,YZJ,handheld,手持微动,recording,-0.405801,2.425331,9.046486,-0.342795,0.222310,0.123053
793632740.000,YZJ,handheld,手持微动,recording,-0.324182,2.501393,9.214197,-0.363827,0.240343,0.155743
793632750.000,YZJ,handheld,手持微动,recording,-0.182797,2.514157,9.415129,-0.358326,0.245404,0.177014
793632760.000,YZJ,handheld,手持微动,recording,-0.072179,2.544992,9.583791,-0.333116,0.276137,0.184525
793632770.000,YZJ,handheld,手持微动,recording,0.012356,2.512976,9.531843,-0.309996,0.335980,0.181237
793632780.000,YZJ,handheld,手持微动,recording,0.119815,2.476675,9.259393,-0.310662,0.396024,0.158244
793632790.000,YZJ,handheld,手持微动,recording,0.028828,2.333884,9.008606,-0.333961,0.413797,0.119225
793632800.000,YZJ,handheld,手持微动,recording,-0.219891,2.171108,8.984361,-0.351410,0.396093,0.089759
793632810.000,YZJ,handheld,手持微动,recording,-0.586325,2.017040,9.161850,-0.338614,0.358924,0.087429
793632820.000,YZJ,handheld,手持微动,recording,-1.111651,1.934875,9.553424,-0.268991,0.303406,0.123828
793632830.000,YZJ,handheld,手持微动,recording,-1.520385,1.896536,9.795617,-0.154496,0.215926,0.190076
793632840.000,YZJ,handheld,手持微动,recording,-1.564673,1.867124,9.773929,-0.024769,0.112346,0.258995
793632850.000,YZJ,handheld,手持微动,recording,-1.357449,1.918902,9.549400,0.089343,0.021035,0.308228
793632860.000,YZJ,handheld,手持微动,recording,-0.992705,1.974222,9.084376,0.153844,-0.066599,0.326158
793632870.000,YZJ,handheld,手持微动,recording,-0.766245,2.045679,8.700452,0.165193,-0.114651,0.326160
793632880.000,YZJ,handheld,手持微动,recording,-0.590839,2.077937,8.452790,0.137313,-0.145352,0.315437
793632890.000,YZJ,handheld,手持微动,recording,-0.533629,2.099265,8.413495,0.100719,-0.175221,0.315561
793632900.000,YZJ,handheld,手持微动,recording,-0.537254,2.117338,8.515341,0.070321,-0.224377,0.328938
793632910.000,YZJ,handheld,手持微动,recording,-0.318738,2.177924,8.682536,0.039104,-0.250005,0.337247
793632920.000,YZJ,handheld,手持微动,recording,0.073324,2.183057,8.863419,0.007908,-0.230431,0.326324
793632930.000,YZJ,handheld,手持微动,recording,0.214456,2.216808,9.151862,-0.006153,-0.195670,0.315216
793632940.000,YZJ,handheld,手持微动,recording,0.243769,2.255463,9.324252,-0.006147,-0.163003,0.316593
793632950.000,YZJ,handheld,手持微动,recording,0.423577,2.273067,9.292615,-0.017178,-0.124482,0.310245
793632960.000,YZJ,handheld,手持微动,recording,0.474546,2.313282,9.318591,-0.033720,-0.097366,0.292627
793632970.000,YZJ,handheld,手持微动,recording,0.427155,2.325287,9.428068,-0.036718,-0.090718,0.275606
793632980.000,YZJ,handheld,手持微动,recording,0.418794,2.373689,9.500136,-0.023728,-0.107140,0.258962
793632990.000,YZJ,handheld,手持微动,recording,0.562903,2.410937,9.424779,-0.016513,-0.134183,0.226143
793633000.000,YZJ,handheld,手持微动,recording,0.737534,2.410801,9.364178,-0.020368,-0.152763,0.174948
793633010.000,YZJ,handheld,手持微动,recording,0.835076,2.360754,9.386623,-0.027709,-0.157457,0.120154
793633020.000,YZJ,handheld,手持微动,recording,0.771329,2.333861,9.505007,-0.027760,-0.163015,0.075620
793633030.000,YZJ,handheld,手持微动,recording,0.658161,2.229802,9.452025,-0.032019,-0.182909,0.051733
793633040.000,YZJ,handheld,手持微动,recording,0.434375,2.355908,9.546327,-0.034034,-0.203736,0.047516
793633050.000,YZJ,handheld,手持微动,recording,0.552847,2.191121,9.601604,-0.033977,-0.229593,0.046025
793633060.000,YZJ,handheld,手持微动,recording,0.457122,2.247757,9.777995,-0.022497,-0.234795,0.060398
793633070.000,YZJ,handheld,手持微动,recording,0.395564,2.255067,9.941667,-0.002489,-0.209748,0.091915
793633080.000,YZJ,handheld,手持微动,recording,0.389007,2.273416,9.923597,0.010614,-0.159707,0.131886
793633090.000,YZJ,handheld,手持微动,recording,0.376548,2.324349,9.780093,0.011446,-0.098278,0.173829
793633100.000,YZJ,handheld,手持微动,recording,0.407912,2.363541,9.542346,-0.008881,-0.043516,0.212302
793633110.000,YZJ,handheld,手持微动,recording,0.592728,2.469246,9.337897,-0.052152,0.007046,0.227548
793633120.000,YZJ,handheld,手持微动,recording,0.779868,2.520629,9.220185,-0.107690,0.035384,0.213255
793633130.000,YZJ,handheld,手持微动,recording,0.926577,2.513386,9.274399,-0.157082,0.042793,0.172974
793633140.000,YZJ,handheld,手持微动,recording,0.925482,2.528828,9.400798,-0.189557,0.037143,0.128986
793633150.000,YZJ,handheld,手持微动,recording,0.842165,2.476566,9.546486,-0.204713,0.019253,0.082404
793633160.000,YZJ,handheld,手持微动,recording,0.707470,2.384522,9.739229,-0.198867,-0.007533,0.046649
793633170.000,YZJ,handheld,手持微动,recording,0.588094,2.263774,9.941844,-0.171522,-0.045774,0.024869
793633180.000,YZJ,handheld,手持微动,recording,0.614177,2.209219,10.087791,-0.129875,-0.070435,0.006864
793633190.000,YZJ,handheld,手持微动,recording,0.605048,2.156659,10.136276,-0.085700,-0.086221,-0.007090
793633200.000,YZJ,handheld,手持微动,recording,0.596891,2.142184,10.034033,-0.056468,-0.081664,-0.021871
793633210.000,YZJ,handheld,手持微动,recording,0.593795,2.111865,9.804610,-0.056647,-0.057142,-0.035688
793633220.000,YZJ,handheld,手持微动,recording,0.441569,2.038307,9.592591,-0.080660,-0.037978,-0.041463
793633230.000,YZJ,handheld,手持微动,recording,0.286116,2.004790,9.512100,-0.114419,-0.012422,-0.038037
793633240.000,YZJ,handheld,手持微动,recording,0.140518,1.927522,9.537365,-0.147400,0.019233,-0.025197
793633250.000,YZJ,handheld,手持微动,recording,-0.060808,1.859414,9.599736,-0.170716,0.046888,0.001317
793633260.000,YZJ,handheld,手持微动,recording,-0.124697,1.821285,9.712816,-0.181810,0.068209,0.035523
793633270.000,YZJ,handheld,手持微动,recording,-0.107330,1.801495,9.847356,-0.174180,0.071895,0.065981
793633280.000,YZJ,handheld,手持微动,recording,0.049462,1.847984,9.962836,-0.150391,0.061244,0.083301
793633290.000,YZJ,handheld,手持微动,recording,0.271687,1.902244,10.046036,-0.112126,0.040623,0.081808
793633300.000,YZJ,handheld,手持微动,recording,0.387786,1.943330,10.057629,-0.066728,0.013938,0.066999
793633310.000,YZJ,handheld,手持微动,recording,0.447294,1.978158,9.965915,-0.022553,-0.022640,0.044870
793633320.000,YZJ,handheld,手持微动,recording,0.431659,2.043514,9.841721,0.006077,-0.055650,0.024721
793633330.000,YZJ,handheld,手持微动,recording,0.349227,2.041441,9.677572,0.015783,-0.074268,0.015407
793633340.000,YZJ,handheld,手持微动,recording,0.250015,2.080588,9.572589,0.010359,-0.067830,0.023465
793633350.000,YZJ,handheld,手持微动,recording,0.243350,2.121032,9.450817,-0.014479,-0.046736,0.035497
793633360.000,YZJ,handheld,手持微动,recording,0.248196,2.112607,9.495164,-0.039081,-0.027338,0.048378
793633370.000,YZJ,handheld,手持微动,recording,0.292884,2.163012,9.614433,-0.053042,-0.007432,0.062919
793633380.000,YZJ,handheld,手持微动,recording,0.395288,2.188673,9.663522,-0.060363,0.006368,0.071061
793633390.000,YZJ,handheld,手持微动,recording,0.513340,2.220639,9.709388,-0.059215,0.000102,0.071052
793633400.000,YZJ,handheld,手持微动,recording,0.565273,2.218030,9.765473,-0.049144,-0.022896,0.072970
793633410.000,YZJ,handheld,手持微动,recording,0.699223,2.233807,9.908505,-0.027955,-0.048519,0.072276
793633420.000,YZJ,handheld,手持微动,recording,0.913716,2.320581,10.014119,0.001852,-0.066758,0.062082
793633430.000,YZJ,handheld,手持微动,recording,1.127757,2.373966,10.058577,0.030011,-0.062818,0.039265
793633440.000,YZJ,handheld,手持微动,recording,1.394895,2.447411,9.989745,0.047596,-0.038525,0.002530
793633450.000,YZJ,handheld,手持微动,recording,1.476349,2.502776,9.874715,0.052437,-0.013353,-0.042944
793633460.000,YZJ,handheld,手持微动,recording,1.489584,2.540465,9.660667,0.039760,0.003161,-0.088303
793633470.000,YZJ,handheld,手持微动,recording,1.384650,2.556798,9.500102,0.010488,0.016085,-0.127017
793633480.000,YZJ,handheld,手持微动,recording,1.232421,2.535597,9.420746,-0.021900,0.022690,-0.153040
793633490.000,YZJ,handheld,手持微动,recording,1.124891,2.516469,9.407067,-0.046334,0.008186,-0.169044
793633500.000,YZJ,handheld,手持微动,recording,1.029841,2.501620,9.458078,-0.061559,-0.016254,-0.181110
793633510.000,YZJ,handheld,手持微动,recording,0.988573,2.472331,9.566326,-0.060689,-0.052905,-0.189042
793633520.000,YZJ,handheld,手持微动,recording,1.058556,2.449663,9.715161,-0.042327,-0.098106,-0.203870
793633530.000,YZJ,handheld,手持微动,recording,1.151083,2.427158,9.793263,-0.017641,-0.137906,-0.226867
793633540.000,YZJ,handheld,手持微动,recording,1.308429,2.390882,9.892423,0.009489,-0.153012,-0.257768
793633550.000,YZJ,handheld,手持微动,recording,1.408638,2.408874,9.919832,0.037500,-0.147184,-0.291164
793633560.000,YZJ,handheld,手持微动,recording,1.494756,2.467226,9.895945,0.060324,-0.120715,-0.330488
793633570.000,YZJ,handheld,手持微动,recording,1.494102,2.501114,9.748093,0.067354,-0.092467,-0.374548
793633580.000,YZJ,handheld,手持微动,recording,1.422209,2.529219,9.616995,0.057118,-0.064155,-0.412991
793633590.000,YZJ,handheld,手持微动,recording,1.220780,2.475875,9.442316,0.035946,-0.067500,-0.444245
793633600.000,YZJ,handheld,手持微动,recording,1.010410,2.460762,9.500819,0.021372,-0.101188,-0.461110
793633610.000,YZJ,handheld,手持微动,recording,0.883829,2.427992,9.655084,0.025386,-0.147107,-0.467297
793633620.000,YZJ,handheld,手持微动,recording,0.892056,2.444645,9.806405,0.042758,-0.201490,-0.473252
793633630.000,YZJ,handheld,手持微动,recording,0.976545,2.469573,9.954220,0.068290,-0.239118,-0.484393
793633640.000,YZJ,handheld,手持微动,recording,1.100499,2.517566,10.000259,0.097515,-0.252756,-0.502191
793633650.000,YZJ,handheld,手持微动,recording,1.217809,2.521460,9.979757,0.123455,-0.249795,-0.529602
793633660.000,YZJ,handheld,手持微动,recording,1.210750,2.586990,9.914753,0.138601,-0.228268,-0.555535
793633670.000,YZJ,handheld,手持微动,recording,1.129227,2.557928,9.882169,0.152306,-0.194377,-0.575192
793633680.000,YZJ,handheld,手持微动,recording,0.949469,2.543483,9.784008,0.164086,-0.156427,-0.576490
793633690.000,YZJ,handheld,手持微动,recording,0.740037,2.569940,9.571574,0.162357,-0.122958,-0.562059
793633700.000,YZJ,handheld,手持微动,recording,0.508195,2.557955,9.311222,0.145965,-0.106884,-0.534007
793633710.000,YZJ,handheld,手持微动,recording,0.357617,2.582257,9.195664,0.124877,-0.103409,-0.496632
793633720.000,YZJ,handheld,手持微动,recording,0.252403,2.518266,9.100517,0.100926,-0.127777,-0.454754
793633730.000,YZJ,handheld,手持微动,recording,0.322712,2.491564,9.101009,0.079832,-0.157735,-0.413818
793633740.000,YZJ,handheld,手持微动,recording,0.516233,2.480096,9.299224,0.073351,-0.200327,-0.386528
793633750.000,YZJ,handheld,手持微动,recording,0.932691,2.434113,9.475872,0.074294,-0.245058,-0.390871
793633760.000,YZJ,handheld,手持微动,recording,1.728985,2.431892,9.818648,0.076888,-0.227546,-0.455522
793633770.000,YZJ,handheld,手持微动,recording,2.170159,2.482571,10.228986,0.099455,-0.175227,-0.569986
793633780.000,YZJ,handheld,手持微动,recording,2.255223,2.473966,10.483131,0.145390,-0.114338,-0.695115
793633790.000,YZJ,handheld,手持微动,recording,2.016278,2.374452,10.498589,0.208972,-0.097291,-0.814064
793633800.000,YZJ,handheld,手持微动,recording,1.584083,2.351227,10.428763,0.279321,-0.140802,-0.902650
793633810.000,YZJ,handheld,手持微动,recording,1.085886,2.352508,10.250205,0.343756,-0.222214,-0.952038
793633820.000,YZJ,handheld,手持微动,recording,0.775018,2.309678,9.909873,0.376348,-0.289756,-0.966660
793633830.000,YZJ,handheld,手持微动,recording,0.517054,2.369546,9.648306,0.365084,-0.299976,-0.952130
793633840.000,YZJ,handheld,手持微动,recording,0.386353,2.453410,9.421889,0.320774,-0.264202,-0.915972
793633850.000,YZJ,handheld,手持微动,recording,0.329785,2.433974,9.190855,0.254505,-0.205120,-0.873038
793633860.000,YZJ,handheld,手持微动,recording,0.274709,2.349894,9.139444,0.181391,-0.151288,-0.827630
793633870.000,YZJ,handheld,手持微动,recording,0.082172,2.335293,9.331827,0.138348,-0.114968,-0.773395
793633880.000,YZJ,handheld,手持微动,recording,0.055090,2.373627,9.580903,0.131590,-0.092246,-0.721782
793633890.000,YZJ,handheld,手持微动,recording,0.263558,2.398873,9.701110,0.142837,-0.056220,-0.687794
793633900.000,YZJ,handheld,手持微动,recording,0.563585,2.431552,9.609461,0.149994,-0.012590,-0.686144
793633910.000,YZJ,handheld,手持微动,recording,0.687755,2.474096,9.591031,0.160484,0.025232,-0.708467
793633920.000,YZJ,handheld,手持微动,recording,0.630202,2.509116,9.508337,0.180531,0.045076,-0.732405
793633930.000,YZJ,handheld,手持微动,recording,0.293755,2.514907,9.318523,0.192663,0.029325,-0.731189
793633940.000,YZJ,handheld,手持微动,recording,0.113513,2.457067,9.000953,0.180360,-0.013669,-0.709266
793633950.000,YZJ,handheld,手持微动,recording,0.088596,2.415811,8.725187,0.132639,-0.064291,-0.686006
793633960.000,YZJ,handheld,手持微动,recording,0.059169,2.408449,8.703186,0.060842,-0.094196,-0.662829
793633970.000,YZJ,handheld,手持微动,recording,-0.003955,2.375453,8.887460,-0.003782,-0.096654,-0.631900
793633980.000,YZJ,handheld,手持微动,recording,-0.130466,2.333909,9.185560,-0.048081,-0.063738,-0.584806
793633990.000,YZJ,handheld,手持微动,recording,-0.198168,2.272703,9.331804,-0.075165,-0.028015,-0.530342
793634000.000,YZJ,handheld,手持微动,recording,-0.066635,2.172105,9.413345,-0.093929,0.006736,-0.493420
793634010.000,YZJ,handheld,手持微动,recording,0.041459,2.188540,9.565806,-0.094895,0.028225,-0.475440
793634020.000,YZJ,handheld,手持微动,recording,0.186878,2.204756,9.775589,-0.069162,0.060758,-0.471726
793634030.000,YZJ,handheld,手持微动,recording,0.149952,2.261214,9.928786,-0.015743,0.092522,-0.468463
793634040.000,YZJ,handheld,手持微动,recording,0.021183,2.337679,9.817293,0.043387,0.112496,-0.457941
793634050.000,YZJ,handheld,手持微动,recording,0.026321,2.304143,9.308518,0.070107,0.098091,-0.451064
793634060.000,YZJ,handheld,手持微动,recording,-0.010329,2.341553,8.889060,0.051001,0.059409,-0.451575
793634070.000,YZJ,handheld,手持微动,recording,-0.132465,2.370945,8.451644,-0.014744,0.015141,-0.444836
793634080.000,YZJ,handheld,手持微动,recording,-0.040587,2.284572,8.139131,-0.130551,-0.008168,-0.449200
793634090.000,YZJ,handheld,手持微动,recording,-0.138729,2.258818,8.138211,-0.260446,-0.012557,-0.454876
793634100.000,YZJ,handheld,手持微动,recording,-0.257078,2.150813,8.450293,-0.356293,0.002891,-0.445695
793634110.000,YZJ,handheld,手持微动,recording,-0.375576,2.064068,8.885362,-0.409546,0.037493,-0.427229
793634120.000,YZJ,handheld,手持微动,recording,-0.238195,1.913079,9.423329,-0.412722,0.098626,-0.414214
793634130.000,YZJ,handheld,手持微动,recording,-0.210925,1.885067,9.913928,-0.365566,0.175694,-0.404100
793634140.000,YZJ,handheld,手持微动,recording,-0.136392,1.870098,10.074823,-0.286497,0.249767,-0.395559
793634150.000,YZJ,handheld,手持微动,recording,-0.042265,1.830313,9.895252,-0.221489,0.268593,-0.413916
793634160.000,YZJ,handheld,手持微动,recording,-0.187274,1.769065,9.587389,-0.169265,0.223828,-0.434965
793634170.000,YZJ,handheld,手持微动,recording,-0.399417,1.680290,9.111753,-0.154037,0.136081,-0.446402
793634180.000,YZJ,handheld,手持微动,recording,-0.414883,1.532321,8.742069,-0.186281,0.033656,-0.464828
793634190.000,YZJ,handheld,手持微动,recording,-0.631392,1.481945,8.782945,-0.233168,-0.056312,-0.463630
793634200.000,YZJ,handheld,手持微动,recording,-0.810188,1.487162,8.896242,-0.276848,-0.115292,-0.437160
793634210.000,YZJ,handheld,手持微动,recording,-0.706367,1.422838,9.146157,-0.317195,-0.141253,-0.419992
793634220.000,YZJ,handheld,手持微动,recording,-0.750863,1.353600,9.564658,-0.323584,-0.151447,-0.405735
793634230.000,YZJ,handheld,手持微动,recording,-0.851527,1.251983,10.137457,-0.274386,-0.148329,-0.372091
793634240.000,YZJ,handheld,手持微动,recording,-0.825088,1.196917,10.458242,-0.194185,-0.115199,-0.331882
793634250.000,YZJ,handheld,手持微动,recording,-0.949925,1.192716,10.495246,-0.108537,-0.072166,-0.283162
793634260.000,YZJ,handheld,手持微动,recording,-0.972729,1.200064,10.175161,-0.050699,-0.050906,-0.225945
793634270.000,YZJ,handheld,手持微动,recording,-0.792696,1.146892,9.633066,-0.050587,-0.046816,-0.187057
793634280.000,YZJ,handheld,手持微动,recording,-0.647388,1.215484,9.375842,-0.085860,-0.064676,-0.178938
793634290.000,YZJ,handheld,手持微动,recording,-0.656685,1.310165,9.491167,-0.108839,-0.093298,-0.172850
793634300.000,YZJ,handheld,手持微动,recording,-0.682327,1.367482,9.695524,-0.109227,-0.123090,-0.161225
793634310.000,YZJ,handheld,手持微动,recording,-0.647001,1.368225,9.734565,-0.101913,-0.151987,-0.152454
793634320.000,YZJ,handheld,手持微动,recording,-0.526370,1.361387,9.809878,-0.090093,-0.150342,-0.151680
793634330.000,YZJ,handheld,手持微动,recording,-0.484670,1.330381,9.842741,-0.074873,-0.143945,-0.151483
793634340.000,YZJ,handheld,手持微动,recording,-0.495065,1.359471,9.900246,-0.050156,-0.147769,-0.149615
793634350.000,YZJ,handheld,手持微动,recording,-0.517924,1.352620,9.878552,-0.018993,-0.162703,-0.141870
793634360.000,YZJ,handheld,手持微动,recording,-0.469828,1.355782,9.718495,-0.003848,-0.175119,-0.133335
793634370.000,YZJ,handheld,手持微动,recording,-0.364052,1.382385,9.521783,-0.008974,-0.185703,-0.135135
793634380.000,YZJ,handheld,手持微动,recording,-0.375039,1.484308,9.391857,-0.034770,-0.191807,-0.134089
793634390.000,YZJ,handheld,手持微动,recording,-0.455727,1.514404,9.381031,-0.065663,-0.176243,-0.122730
793634400.000,YZJ,handheld,手持微动,recording,-0.517564,1.571055,9.456523,-0.090745,-0.157642,-0.094420
793634410.000,YZJ,handheld,手持微动,recording,-0.538519,1.569791,9.662422,-0.093767,-0.128264,-0.061586
793634420.000,YZJ,handheld,手持微动,recording,-0.527297,1.608156,9.833958,-0.077637,-0.087260,-0.023897
793634430.000,YZJ,handheld,手持微动,recording,-0.466801,1.584650,9.831187,-0.055537,-0.050336,0.010121
793634440.000,YZJ,handheld,手持微动,recording,-0.315351,1.631688,9.693552,-0.040869,-0.013296,0.033234
793634450.000,YZJ,handheld,手持微动,recording,-0.200117,1.679112,9.505389,-0.042864,-0.000708,0.041881
793634460.000,YZJ,handheld,手持微动,recording,-0.205467,1.715847,9.462175,-0.048573,-0.002149,0.044396
793634470.000,YZJ,handheld,手持微动,recording,-0.252909,1.740266,9.473701,-0.051784,-0.026657,0.049065
793634480.000,YZJ,handheld,手持微动,recording,-0.166381,1.738682,9.589223,-0.045515,-0.060241,0.047995
793634490.000,YZJ,handheld,手持微动,recording,-0.108568,1.780275,9.819481,-0.022895,-0.070793,0.044857
793634500.000,YZJ,handheld,手持微动,recording,-0.114826,1.763440,9.866675,0.005759,-0.072097,0.045165
793634510.000,YZJ,handheld,手持微动,recording,-0.050820,1.801509,9.786252,0.024181,-0.070439,0.044352
793634520.000,YZJ,handheld,手持微动,recording,-0.024603,1.828495,9.604716,0.020347,-0.051312,0.046718
793634530.000,YZJ,handheld,手持微动,recording,-0.053575,1.831482,9.392314,-0.004802,-0.034549,0.055550
793634540.000,YZJ,handheld,手持微动,recording,-0.105925,1.844162,9.422079,-0.031422,-0.016429,0.069922
793634550.000,YZJ,handheld,手持微动,recording,-0.156317,1.890179,9.508426,-0.048093,-0.001968,0.091360
793634560.000,YZJ,handheld,手持微动,recording,-0.149151,1.885628,9.671724,-0.048876,0.014112,0.113155
793634570.000,YZJ,handheld,手持微动,recording,-0.032946,1.919122,9.827250,-0.030832,0.020402,0.122664
793634580.000,YZJ,handheld,手持微动,recording,0.076885,1.949219,9.877131,0.002753,-0.003392,0.121660
793634590.000,YZJ,handheld,手持微动,recording,0.213873,1.985776,9.784382,0.030285,-0.038530,0.107137
793634600.000,YZJ,handheld,手持微动,recording,0.283544,2.012361,9.685134,0.049164,-0.081959,0.086949
793634610.000,YZJ,handheld,手持微动,recording,0.324435,2.025837,9.610195,0.054755,-0.108519,0.069876
793634620.000,YZJ,handheld,手持微动,recording,0.342783,2.026139,9.581642,0.044795,-0.092903,0.059614
793634630.000,YZJ,handheld,手持微动,recording,0.244370,1.994728,9.517895,0.024067,-0.059497,0.064591
793634640.000,YZJ,handheld,手持微动,recording,0.116242,1.966023,9.485040,0.004950,-0.045313,0.086455
793634650.000,YZJ,handheld,手持微动,recording,0.022098,1.988778,9.496583,-0.009525,-0.043798,0.113061
793634660.000,YZJ,handheld,手持微动,recording,0.017162,2.001346,9.453602,-0.021847,-0.072200,0.143032
793634670.000,YZJ,handheld,手持微动,recording,0.103490,1.987180,9.554045,-0.029362,-0.088065,0.166923
793634680.000,YZJ,handheld,手持微动,recording,0.328379,2.042251,9.758548,-0.025227,-0.082009,0.166778
793634690.000,YZJ,handheld,手持微动,recording,0.466428,2.005130,9.976761,-0.003843,-0.054112,0.157667
793634700.000,YZJ,handheld,手持微动,recording,0.504979,1.987498,10.027556,0.029323,-0.019602,0.143318
793634710.000,YZJ,handheld,手持微动,recording,0.428332,1.957200,9.966826,0.062682,-0.015311,0.130918
793634720.000,YZJ,handheld,手持微动,recording,0.309761,1.924707,9.854462,0.088025,-0.035808,0.124209
793634730.000,YZJ,handheld,手持微动,recording,0.375609,1.946256,9.806049,0.105947,-0.048759,0.119414
793634740.000,YZJ,handheld,手持微动,recording,0.438568,2.005435,9.750153,0.115601,-0.059884,0.104257
793634750.000,YZJ,handheld,手持微动,recording,0.466201,1.983815,9.693776,0.121811,-0.066521,0.088821
793634760.000,YZJ,handheld,手持微动,recording,0.404283,2.011104,9.699011,0.131283,-0.077615,0.084562
793634770.000,YZJ,handheld,手持微动,recording,0.389176,2.067649,9.655508,0.137373,-0.086787,0.086324
793634780.000,YZJ,handheld,手持微动,recording,0.439986,2.087749,9.501907,0.129265,-0.090583,0.086882
793634790.000,YZJ,handheld,手持微动,recording,0.464409,2.130575,9.356924,0.102450,-0.078754,0.088206
793634800.000,YZJ,handheld,手持微动,recording,0.414572,2.092372,9.178537,0.055498,-0.056956,0.101634
793634810.000,YZJ,handheld,手持微动,recording,0.504493,2.038295,9.199053,0.012689,-0.040532,0.100399
793634820.000,YZJ,handheld,手持微动,recording,0.596272,1.998158,9.381032,-0.009017,-0.043892,0.092420
793634830.000,YZJ,handheld,手持微动,recording,0.634254,1.983283,9.625058,-0.003711,-0.057251,0.079682
793634840.000,YZJ,handheld,手持微动,recording,0.694389,1.994751,9.775850,0.027591,-0.092466,0.058552
793634850.000,YZJ,handheld,手持微动,recording,0.741104,2.037239,9.841131,0.063462,-0.124117,0.029126
793634860.000,YZJ,handheld,手持微动,recording,0.709253,2.041674,9.766780,0.090629,-0.132629,0.003341
793634870.000,YZJ,handheld,手持微动,recording,0.692480,2.104574,9.693897,0.100896,-0.104293,-0.018845
793634880.000,YZJ,handheld,手持微动,recording,0.633917,2.117777,9.579609,0.095855,-0.055664,-0.034626
793634890.000,YZJ,handheld,手持微动,recording,0.580642,2.108354,9.411504,0.073409,-0.006581,-0.048136
793634900.000,YZJ,handheld,手持微动,recording,0.496716,2.094592,9.338153,0.045114,0.028941,-0.053197
793634910.000,YZJ,handheld,手持微动,recording,0.356986,2.138481,9.373227,0.021043,0.059838,-0.046283
793634920.000,YZJ,handheld,手持微动,recording,0.287201,2.136333,9.324268,-0.003728,0.081424,-0.037067
793634930.000,YZJ,handheld,手持微动,recording,0.195428,2.140446,9.325827,-0.031091,0.091316,-0.024710
793634940.000,YZJ,handheld,手持微动,recording,0.167827,2.166412,9.455230,-0.044054,0.087851,-0.015213
793634950.000,YZJ,handheld,手持微动,recording,0.187336,2.166861,9.557938,-0.042966,0.070162,-0.006664
793634960.000,YZJ,handheld,手持微动,recording,0.223831,2.172053,9.611998,-0.035543,0.044207,-0.006898
793634970.000,YZJ,handheld,手持微动,recording,0.248216,2.218216,9.702410,-0.020669,0.018673,-0.013165
793634980.000,YZJ,handheld,手持微动,recording,0.257626,2.251465,9.738729,-0.001202,-0.003638,-0.020166
793634990.000,YZJ,handheld,手持微动,recording,0.240098,2.282546,9.739685,0.017833,-0.024313,-0.026045
793635000.000,YZJ,handheld,手持微动,recording,0.275647,2.281663,9.602090,0.022719,-0.036818,-0.032174
793635010.000,YZJ,handheld,手持微动,recording,0.270603,2.226805,9.488427,0.012895,-0.042854,-0.036276
793635020.000,YZJ,handheld,手持微动,recording,0.178514,2.218954,9.424113,-0.008167,-0.043931,-0.026636
793635030.000,YZJ,handheld,手持微动,recording,0.216021,2.153723,9.434092,-0.036050,-0.031998,-0.017963
793635040.000,YZJ,handheld,手持微动,recording,0.297555,2.123011,9.521078,-0.059561,-0.012702,-0.012865
793635050.000,YZJ,handheld,手持微动,recording,0.327036,2.121623,9.667248,-0.069551,0.005409,-0.015262
793635060.000,YZJ,handheld,手持微动,recording,0.302234,2.078020,9.881060,-0.055878,0.012761,-0.019376
793635070.000,YZJ,handheld,手持微动,recording,0.207633,2.048239,10.016879,-0.026571,0.012926,-0.021608
793635080.000,YZJ,handheld,手持微动,recording,0.125324,2.060841,10.050333,0.008360,0.006463,-0.018323
793635090.000,YZJ,handheld,手持微动,recording,0.045393,2.015435,9.964452,0.036814,-0.004918,-0.007393
793635100.000,YZJ,handheld,手持微动,recording,0.109776,2.032642,9.826693,0.048315,-0.007640,0.005256
793635110.000,YZJ,handheld,手持微动,recording,0.258999,2.133329,9.753159,0.044520,0.018745,0.018018
793635120.000,YZJ,handheld,手持微动,recording,0.425272,2.059007,9.706787,0.034830,0.048287,0.013805
793635130.000,YZJ,handheld,手持微动,recording,0.466278,2.032237,9.845070,0.038349,0.075758,-0.003262
793635140.000,YZJ,handheld,手持微动,recording,0.383266,2.001704,9.898698,0.060963,0.066819,-0.018155
793635150.000,YZJ,handheld,手持微动,recording,0.213115,2.010388,9.871614,0.105851,0.010529,-0.021877
793635160.000,YZJ,handheld,手持微动,recording,0.147565,1.986826,9.628855,0.145915,-0.110375,-0.030262
793635170.000,YZJ,handheld,手持微动,recording,0.112092,2.077268,9.372371,0.158483,-0.233481,-0.042740
793635180.000,YZJ,handheld,手持微动,recording,0.198682,2.106222,9.274368,0.146450,-0.301773,-0.053001
793635190.000,YZJ,handheld,手持微动,recording,0.455419,2.082926,9.369980,0.114974,-0.262462,-0.067728
793635200.000,YZJ,handheld,手持微动,recording,0.515298,2.124799,9.405275,0.074840,-0.166028,-0.079153
793635210.000,YZJ,handheld,手持微动,recording,0.698567,2.102029,9.492927,0.029738,-0.039878,-0.088537
793635220.000,YZJ,handheld,手持微动,recording,0.701847,2.063632,9.680410,-0.005047,0.124098,-0.089289
793635230.000,YZJ,handheld,手持微动,recording,0.544583,2.036152,9.647819,-0.035110,0.259826,-0.087761
793635240.000,YZJ,handheld,手持微动,recording,0.438024,2.150483,9.414916,-0.061893,0.278631,-0.092642
793635250.000,YZJ,handheld,手持微动,recording,0.276262,2.126113,9.235346,-0.089346,0.204964,-0.093345
793635260.000,YZJ,handheld,手持微动,recording,0.068407,1.975508,9.197934,-0.115540,0.083593,-0.083178
793635270.000,YZJ,handheld,手持微动,recording,-0.033376,2.016021,9.298310,-0.136418,-0.074510,-0.065395
793635280.000,YZJ,handheld,手持微动,recording,0.356341,2.099738,9.418703,-0.149136,-0.233726,-0.082632
793635290.000,YZJ,handheld,手持微动,recording,0.817800,2.259007,9.547814,-0.165118,-0.321655,-0.132674
793635300.000,YZJ,handheld,手持微动,recording,1.023558,2.187313,9.531597,-0.187737,-0.351918,-0.196146
793635310.000,YZJ,handheld,手持微动,recording,1.031986,2.123835,9.490349,-0.201079,-0.362599,-0.256976
793635320.000,YZJ,handheld,手持微动,recording,0.830764,2.093013,9.753663,-0.171173,-0.365207,-0.303788
793635330.000,YZJ,handheld,手持微动,recording,0.384142,2.164626,9.833220,-0.109663,-0.407863,-0.304043
793635340.000,YZJ,handheld,手持微动,recording,-0.208629,2.162839,9.615462,-0.056236,-0.484294,-0.242617
793635350.000,YZJ,handheld,手持微动,recording,-0.405239,2.010447,9.207164,-0.043013,-0.550854,-0.152363
793635360.000,YZJ,handheld,手持微动,recording,-0.136268,1.827664,8.860476,-0.082817,-0.560928,-0.070355
793635370.000,YZJ,handheld,手持微动,recording,0.257178,1.655943,8.812827,-0.159940,-0.499740,-0.017660
793635380.000,YZJ,handheld,手持微动,recording,0.417461,1.581367,8.986956,-0.227384,-0.399910,0.029515
793635390.000,YZJ,handheld,手持微动,recording,0.438479,1.610093,9.212586,-0.276273,-0.311248,0.073317
793635400.000,YZJ,handheld,手持微动,recording,0.565235,1.856789,9.442207,-0.306496,-0.241453,0.092390
793635410.000,YZJ,handheld,手持微动,recording,0.652602,2.028962,9.736755,-0.303131,-0.189773,0.079233
793635420.000,YZJ,handheld,手持微动,recording,0.524837,1.796876,10.070852,-0.261936,-0.201175,0.065390
793635430.000,YZJ,handheld,手持微动,recording,0.367510,1.574733,10.435863,-0.183170,-0.278140,0.062468
793635440.000,YZJ,handheld,手持微动,recording,0.082646,1.569429,10.985925,-0.045293,-0.379745,0.078916
793635450.000,YZJ,handheld,手持微动,recording,-0.578466,2.094731,11.689362,0.160451,-0.423197,0.146675
793635460.000,YZJ,handheld,手持微动,recording,-0.913790,2.599231,11.866108,0.394669,-0.492886,0.305281
793635470.000,YZJ,handheld,手持微动,recording,-2.192429,3.143111,11.286592,0.562505,-0.592033,0.642709
793635480.000,YZJ,handheld,手持微动,recording,-2.868860,3.160752,10.428351,0.637573,-0.793197,1.081072
793635490.000,YZJ,handheld,手持微动,recording,-2.414011,2.883985,9.340243,0.624060,-1.071927,1.527421
793635500.000,YZJ,handheld,手持微动,recording,-1.534407,2.500313,8.793479,0.544439,-1.290286,1.899128
793635510.000,YZJ,handheld,手持微动,recording,-0.096442,1.886515,8.872227,0.488306,-1.318957,2.101772
793635520.000,YZJ,handheld,手持微动,recording,2.756011,0.229357,9.573433,0.502263,-0.997147,1.908349
793635530.000,YZJ,handheld,手持微动,recording,6.087551,-1.333506,10.431845,0.603840,-0.431359,1.254495
793635540.000,YZJ,handheld,手持微动,recording,7.348770,-1.399087,10.838055,0.784566,-0.031203,0.425654
793635550.000,YZJ,handheld,手持微动,recording,5.930710,-0.197702,11.069267,1.020024,-0.122192,-0.268057
793635560.000,YZJ,handheld,手持微动,recording,3.599007,1.398448,11.219461,1.244244,-0.551336,-0.645591
793635570.000,YZJ,handheld,手持微动,recording,2.397200,2.024419,11.111693,1.461326,-0.952061,-0.846697
793635580.000,YZJ,handheld,手持微动,recording,2.240206,1.801954,11.191802,1.706578,-1.136103,-1.000623
793635590.000,YZJ,handheld,手持微动,recording,2.181775,1.505183,10.745449,1.946499,-1.059146,-1.115949
793635600.000,YZJ,handheld,手持微动,recording,1.540986,1.583515,10.258743,2.093329,-0.905988,-1.145502
793635610.000,YZJ,handheld,手持微动,recording,0.573500,2.027293,9.540673,2.099182,-0.832933,-1.085752
793635620.000,YZJ,handheld,手持微动,recording,0.100714,2.082282,8.803557,1.991512,-0.738380,-0.952809
793635630.000,YZJ,handheld,手持微动,recording,-0.185218,1.883754,8.072288,1.772410,-0.582263,-0.745994
793635640.000,YZJ,handheld,手持微动,recording,-0.541282,2.037806,7.885863,1.506231,-0.464899,-0.508115
793635650.000,YZJ,handheld,手持微动,recording,-0.225286,2.036846,8.137123,1.318895,-0.320207,-0.280779
793635660.000,YZJ,handheld,手持微动,recording,0.308472,1.935492,8.492749,1.241077,-0.039623,-0.081003
793635670.000,YZJ,handheld,手持微动,recording,0.555425,2.177909,8.555175,1.176725,0.313642,0.078700
793635680.000,YZJ,handheld,手持微动,recording,0.723082,2.527315,8.243637,1.052866,0.587076,0.212061
793635690.000,YZJ,handheld,手持微动,recording,1.040652,2.698044,7.700968,0.893361,0.740975,0.293742
793635700.000,YZJ,handheld,手持微动,recording,1.290913,2.929659,7.352266,0.718253,0.879298,0.311354
793635710.000,YZJ,handheld,手持微动,recording,1.163310,3.090455,7.233126,0.543819,0.992092,0.307048
793635720.000,YZJ,handheld,手持微动,recording,0.755609,2.978345,7.222101,0.379865,1.062960,0.330440
793635730.000,YZJ,handheld,手持微动,recording,0.353798,2.692283,7.209165,0.208961,1.096604,0.384967
793635740.000,YZJ,handheld,手持微动,recording,-0.062898,2.544712,7.498452,0.055105,1.102398,0.463741
793635750.000,YZJ,handheld,手持微动,recording,-0.403560,2.350041,7.975477,-0.061898,1.137617,0.578021
793635760.000,YZJ,handheld,手持微动,recording,-0.451970,2.157919,8.389094,-0.138250,1.263048,0.722947
793635770.000,YZJ,handheld,手持微动,recording,-0.521884,2.156972,8.869986,-0.172533,1.454146,0.889848
793635780.000,YZJ,handheld,手持微动,recording,-0.667308,2.256908,9.240344,-0.170477,1.610384,1.065371
793635790.000,YZJ,handheld,手持微动,recording,-0.665705,2.256959,9.572794,-0.144662,1.666017,1.243082
793635800.000,YZJ,handheld,手持微动,recording,-0.345138,2.281188,9.658103,-0.109243,1.636292,1.379988
793635810.000,YZJ,handheld,手持微动,recording,0.026998,2.640173,9.610560,-0.077846,1.523596,1.446718
793635820.000,YZJ,handheld,手持微动,recording,0.445950,2.907678,9.394999,-0.063208,1.302808,1.440974
793635830.000,YZJ,handheld,手持微动,recording,0.833475,3.024527,9.203297,-0.034796,1.077011,1.391882
793635840.000,YZJ,handheld,手持微动,recording,1.003983,3.254696,8.994456,-0.001913,0.900680,1.330249
793635850.000,YZJ,handheld,手持微动,recording,1.049011,3.475683,8.545484,-0.009218,0.748650,1.269661
793635860.000,YZJ,handheld,手持微动,recording,1.101614,3.596418,8.129396,-0.075138,0.625191,1.248697
793635870.000,YZJ,handheld,手持微动,recording,1.333548,3.745733,8.167832,-0.161076,0.597128,1.260108
793635880.000,YZJ,handheld,手持微动,recording,1.595763,3.873443,8.604431,-0.224864,0.698918,1.290664
793635890.000,YZJ,handheld,手持微动,recording,1.663627,3.947813,8.912999,-0.259267,0.928551,1.338755
793635900.000,YZJ,handheld,手持微动,recording,1.714341,3.907842,8.806787,-0.301775,1.251424,1.405141
793635910.000,YZJ,handheld,手持微动,recording,1.541427,3.998461,8.440367,-0.368060,1.518455,1.474668
793635920.000,YZJ,handheld,手持微动,recording,1.384986,4.173181,7.950980,-0.462438,1.656040,1.529396
793635930.000,YZJ,handheld,手持微动,recording,1.544344,4.343028,7.765921,-0.563558,1.630076,1.534200
793635940.000,YZJ,handheld,手持微动,recording,1.863144,4.492421,7.930727,-0.628553,1.447047,1.469325
793635950.000,YZJ,handheld,手持微动,recording,2.034726,4.589509,8.279708,-0.626418,1.108368,1.362985
793635960.000,YZJ,handheld,手持微动,recording,2.122886,4.595148,8.807391,-0.555819,0.696011,1.257024
793635970.000,YZJ,handheld,手持微动,recording,2.210162,4.560942,9.323934,-0.436419,0.338261,1.175240
793635980.000,YZJ,handheld,手持微动,recording,2.490842,4.639118,9.633051,-0.314723,0.127331,1.131007
793635990.000,YZJ,handheld,手持微动,recording,3.103658,4.740852,9.701404,-0.232686,0.079590,1.075595
793636000.000,YZJ,handheld,手持微动,recording,3.618849,4.874136,9.698101,-0.183573,0.119863,0.991447
793636010.000,YZJ,handheld,手持微动,recording,3.841712,5.095114,9.472879,-0.159529,0.180060,0.891246
793636020.000,YZJ,handheld,手持微动,recording,3.803765,5.138691,9.208081,-0.173098,0.250404,0.782556
793636030.000,YZJ,handheld,手持微动,recording,3.751041,5.121754,9.058425,-0.212212,0.301845,0.671620
793636040.000,YZJ,handheld,手持微动,recording,3.740813,5.155033,9.106560,-0.238597,0.307043,0.553755
793636050.000,YZJ,handheld,手持微动,recording,3.702641,5.107699,9.198445,-0.248008,0.255442,0.420351
793636060.000,YZJ,handheld,手持微动,recording,3.538222,5.049126,9.229165,-0.239346,0.123128,0.279378
793636070.000,YZJ,handheld,手持微动,recording,3.307660,5.027000,9.314900,-0.213620,-0.024725,0.145122
793636080.000,YZJ,handheld,手持微动,recording,3.079261,4.904059,9.346637,-0.190804,-0.119850,0.038157
793636090.000,YZJ,handheld,手持微动,recording,2.755341,4.787670,9.295294,-0.192069,-0.128418,-0.029735
793636100.000,YZJ,handheld,手持微动,recording,2.265652,4.739795,9.298511,-0.212065,-0.105727,-0.060495
793636110.000,YZJ,handheld,手持微动,recording,1.907235,4.591766,9.475564,-0.215140,-0.068022,-0.060718
793636120.000,YZJ,handheld,手持微动,recording,1.571939,4.495258,9.654741,-0.182427,-0.057923,-0.028934
793636130.000,YZJ,handheld,手持微动,recording,1.471110,4.437555,9.728830,-0.122921,-0.103767,0.009042
793636140.000,YZJ,handheld,手持微动,recording,1.705578,4.425772,9.792383,-0.048699,-0.139446,0.027672
793636150.000,YZJ,handheld,手持微动,recording,2.012911,4.399932,9.528552,0.008181,-0.125853,0.022581
793636160.000,YZJ,handheld,手持微动,recording,2.206137,4.482071,9.004595,0.013729,-0.098750,-0.006289
793636170.000,YZJ,handheld,手持微动,recording,2.279402,4.425617,8.775886,-0.018776,-0.103894,-0.054932
793636180.000,YZJ,handheld,手持微动,recording,2.216219,4.389784,8.919227,-0.042931,-0.095519,-0.102263
793636190.000,YZJ,handheld,手持微动,recording,2.081045,4.264574,9.101360,-0.051420,-0.061510,-0.142810
793636200.000,YZJ,handheld,手持微动,recording,1.901973,4.072081,9.212135,-0.055831,-0.008877,-0.168078
793636210.000,YZJ,handheld,手持微动,recording,1.553970,3.915499,9.363932,-0.046260,0.057438,-0.162566
793636220.000,YZJ,handheld,手持微动,recording,1.315132,3.826190,9.450181,-0.028511,0.089114,-0.141415
793636230.000,YZJ,handheld,手持微动,recording,1.160776,3.827538,9.474959,0.010438,0.070985,-0.114361
793636240.000,YZJ,handheld,手持微动,recording,1.119531,3.782285,9.400514,0.052625,0.016273,-0.080374
793636250.000,YZJ,handheld,手持微动,recording,1.318653,3.788006,9.216271,0.078158,-0.028836,-0.066482
793636260.000,YZJ,handheld,手持微动,recording,1.521093,3.761868,9.091562,0.081816,-0.033005,-0.079154
793636270.000,YZJ,handheld,手持微动,recording,1.620546,3.701145,9.120546,0.080897,-0.013211,-0.109486
793636280.000,YZJ,handheld,手持微动,recording,1.656041,3.625366,9.151118,0.087068,0.006363,-0.150749
793636290.000,YZJ,handheld,手持微动,recording,1.609904,3.486318,9.124512,0.101353,0.024878,-0.208144
793636300.000,YZJ,handheld,手持微动,recording,1.538496,3.468963,8.990301,0.110167,0.017494,-0.280419
793636310.000,YZJ,handheld,手持微动,recording,1.475754,3.442109,8.841892,0.104175,0.009926,-0.349978
793636320.000,YZJ,handheld,手持微动,recording,1.276126,3.424647,8.611754,0.071080,0.013641,-0.397897
793636330.000,YZJ,handheld,手持微动,recording,1.028500,3.397751,8.516675,0.013970,0.023970,-0.416566
793636340.000,YZJ,handheld,手持微动,recording,0.740797,3.406806,8.749912,-0.029933,0.039415,-0.411450
793636350.000,YZJ,handheld,手持微动,recording,0.493252,3.308810,8.990626,-0.039480,0.068664,-0.379142
793636360.000,YZJ,handheld,手持微动,recording,0.181671,3.264714,9.219016,-0.017440,0.083449,-0.328722
793636370.000,YZJ,handheld,手持微动,recording,0.046022,3.256071,9.407765,0.024527,0.082119,-0.264324
793636380.000,YZJ,handheld,手持微动,recording,0.039460,3.323008,9.354531,0.063808,0.119774,-0.193999
793636390.000,YZJ,handheld,手持微动,recording,0.129412,3.391811,9.101096,0.075646,0.151419,-0.132715
793636400.000,YZJ,handheld,手持微动,recording,0.281298,3.473880,8.767340,0.057167,0.138709,-0.094182
793636410.000,YZJ,handheld,手持微动,recording,0.373436,3.585826,8.408403,0.009048,0.064200,-0.074761
793636420.000,YZJ,handheld,手持微动,recording,0.362545,3.677302,8.278109,-0.055865,-0.092032,-0.072016
793636430.000,YZJ,handheld,手持微动,recording,0.314202,3.586099,8.417302,-0.111459,-0.284198,-0.071881
793636440.000,YZJ,handheld,手持微动,recording,0.297867,3.497931,8.669560,-0.136205,-0.425387,-0.067025
793636450.000,YZJ,handheld,手持微动,recording,0.340991,3.404074,9.004146,-0.133227,-0.497190,-0.053879
793636460.000,YZJ,handheld,手持微动,recording,0.418800,3.361621,9.231957,-0.108672,-0.502702,-0.035778
793636470.000,YZJ,handheld,手持微动,recording,0.706605,3.365778,9.318214,-0.074457,-0.439153,-0.019825
793636480.000,YZJ,handheld,手持微动,recording,0.991228,3.338477,9.537539,-0.027943,-0.301559,-0.018548
793636490.000,YZJ,handheld,手持微动,recording,1.257125,3.310807,9.888810,0.034459,-0.130023,-0.036488
793636500.000,YZJ,handheld,手持微动,recording,1.211992,3.334768,9.927190,0.092747,0.011531,-0.041683
793636510.000,YZJ,handheld,手持微动,recording,1.099850,3.418394,9.795492,0.140172,0.071590,-0.036936
793636520.000,YZJ,handheld,手持微动,recording,0.983860,3.474081,9.535122,0.172883,0.059719,-0.040066
793636530.000,YZJ,handheld,手持微动,recording,0.864098,3.516218,9.270604,0.188231,-0.034291,-0.051140
793636540.000,YZJ,handheld,手持微动,recording,0.874955,3.546891,9.016868,0.186827,-0.175002,-0.075653
793636550.000,YZJ,handheld,手持微动,recording,0.846837,3.508752,8.907628,0.176354,-0.312769,-0.105096
793636560.000,YZJ,handheld,手持微动,recording,0.921078,3.507592,8.962946,0.160659,-0.346964,-0.138097
793636570.000,YZJ,handheld,手持微动,recording,1.157856,3.517779,9.080273,0.155179,-0.269956,-0.188263
793636580.000,YZJ,handheld,手持微动,recording,1.349529,3.594035,9.189507,0.166084,-0.154791,-0.237144
793636590.000,YZJ,handheld,手持微动,recording,1.315655,3.676878,9.253924,0.176596,-0.055935,-0.264155
793636600.000,YZJ,handheld,手持微动,recording,1.333427,3.688354,9.140004,0.170592,0.023542,-0.268096
793636610.000,YZJ,handheld,手持微动,recording,1.211147,3.714053,9.053144,0.151890,0.054797,-0.251853
793636620.000,YZJ,handheld,手持微动,recording,1.002200,3.764053,9.085170,0.134175,0.040658,-0.221056
793636630.000,YZJ,handheld,手持微动,recording,0.771768,3.681760,9.219697,0.127536,0.029319,-0.178937
793636640.000,YZJ,handheld,手持微动,recording,0.567856,3.609340,9.310136,0.139401,0.030523,-0.120089
793636650.000,YZJ,handheld,手持微动,recording,0.518250,3.648487,9.296985,0.155163,0.027606,-0.059947
793636660.000,YZJ,handheld,手持微动,recording,0.670500,3.681896,9.080096,0.143491,0.067555,-0.014915
793636670.000,YZJ,handheld,手持微动,recording,0.834894,3.770806,8.771299,0.089427,0.147577,0.019707
793636680.000,YZJ,handheld,手持微动,recording,0.997517,3.845939,8.515055,-0.009349,0.227881,0.041690
793636690.000,YZJ,handheld,手持微动,recording,1.095972,3.895308,8.405287,-0.128549,0.308929,0.050688
793636700.000,YZJ,handheld,手持微动,recording,1.080330,3.876450,8.459747,-0.230792,0.365020,0.054437
793636710.000,YZJ,handheld,手持微动,recording,0.861349,3.862689,8.600339,-0.292924,0.374707,0.058445
793636720.000,YZJ,handheld,手持微动,recording,0.667650,3.755974,8.821786,-0.319356,0.355274,0.067179
793636730.000,YZJ,handheld,手持微动,recording,0.491901,3.604311,9.126939,-0.299097,0.328040,0.089800
793636740.000,YZJ,handheld,手持微动,recording,0.457127,3.514667,9.474378,-0.233541,0.318471,0.118750
793636750.000,YZJ,handheld,手持微动,recording,0.600091,3.380604,9.648748,-0.134823,0.412929,0.128553
793636760.000,YZJ,handheld,手持微动,recording,0.851496,3.037294,9.433994,-0.008535,0.821993,0.103432
793636770.000,YZJ,handheld,手持微动,recording,-0.017301,3.417111,8.794524,-0.006482,0.779630,0.152011
793636780.000,YZJ,handheld,手持微动,recording,-0.261848,3.703344,8.559609,-0.107602,0.275227,0.239231
793636790.000,YZJ,handheld,手持微动,recording,-0.046098,3.676900,8.749283,-0.172790,-0.026125,0.261619
793636800.000,YZJ,handheld,手持微动,recording,0.374955,3.343640,9.108615,-0.182430,-0.007054,0.245149
793636810.000,YZJ,handheld,手持微动,recording,0.588468,3.315340,9.161806,-0.177620,0.098611,0.224389
793636820.000,YZJ,handheld,手持微动,recording,0.619890,3.473468,9.032865,-0.188739,0.123049,0.205934
793636830.000,YZJ,handheld,手持微动,recording,0.725122,3.501336,9.030381,-0.209479,0.093634,0.175858
793636840.000,YZJ,handheld,手持微动,recording,0.865214,3.429413,9.163379,-0.215645,0.079747,0.130280
793636850.000,YZJ,handheld,手持微动,recording,0.896754,3.339491,9.365983,-0.201286,0.100068,0.078312
793636860.000,YZJ,handheld,手持微动,recording,0.737045,3.300928,9.503238,-0.172195,0.122363,0.041453
793636870.000,YZJ,handheld,手持微动,recording,0.499524,3.205976,9.529839,-0.143429,0.112111,0.035341
793636880.000,YZJ,handheld,手持微动,recording,0.397604,3.159640,9.420775,-0.136825,0.126247,0.047791
793636890.000,YZJ,handheld,手持微动,recording,0.288249,3.207435,9.313628,-0.145462,0.180456,0.070481
793636900.000,YZJ,handheld,手持微动,recording,0.277273,3.173156,9.240116,-0.160073,0.228583,0.101210
793636910.000,YZJ,handheld,手持微动,recording,0.248712,3.191796,9.258130,-0.168460,0.266409,0.132910
793636920.000,YZJ,handheld,手持微动,recording,0.215894,3.203935,9.303707,-0.173199,0.287071,0.161707
793636930.000,YZJ,handheld,手持微动,recording,0.149060,3.260720,9.416287,-0.177027,0.291456,0.180387
793636940.000,YZJ,handheld,手持微动,recording,0.209393,3.212082,9.462930,-0.180396,0.291441,0.188392
793636950.000,YZJ,handheld,手持微动,recording,0.285616,3.139020,9.493686,-0.181448,0.304243,0.195923
793636960.000,YZJ,handheld,手持微动,recording,0.192486,3.098571,9.560952,-0.174973,0.347834,0.207498
793636970.000,YZJ,handheld,手持微动,recording,0.064823,3.111823,9.500523,-0.169673,0.384461,0.222224
793636980.000,YZJ,handheld,手持微动,recording,-0.033568,3.048194,9.493859,-0.158958,0.366178,0.242848
793636990.000,YZJ,handheld,手持微动,recording,-0.071589,3.016504,9.562430,-0.133768,0.317969,0.264455
793637000.000,YZJ,handheld,手持微动,recording,-0.029473,2.958859,9.569916,-0.100381,0.267466,0.279634
793637010.000,YZJ,handheld,手持微动,recording,0.035311,3.024886,9.671958,-0.055300,0.236505,0.277832
793637020.000,YZJ,handheld,手持微动,recording,0.206353,3.037402,9.705069,-0.006970,0.200050,0.257118
793637030.000,YZJ,handheld,手持微动,recording,0.316785,3.061229,9.771767,0.048637,0.148238,0.227826
793637040.000,YZJ,handheld,手持微动,recording,0.465882,3.099854,9.822040,0.115586,0.097119,0.189966
793637050.000,YZJ,handheld,手持微动,recording,0.624513,3.194731,9.639684,0.168033,0.069069,0.132704
793637060.000,YZJ,handheld,手持微动,recording,0.716836,3.251139,9.257111,0.173199,0.061889,0.060727
793637070.000,YZJ,handheld,手持微动,recording,0.754996,3.226110,8.786100,0.130304,0.063322,-0.011209
793637080.000,YZJ,handheld,手持微动,recording,0.401266,3.331737,8.609848,0.071952,0.084832,-0.048712
793637090.000,YZJ,handheld,手持微动,recording,0.130894,3.327175,8.473740,0.003268,0.086930,-0.056896
793637100.000,YZJ,handheld,手持微动,recording,-0.031886,3.332611,8.472909,-0.061688,0.061222,-0.055023
793637110.000,YZJ,handheld,手持微动,recording,-0.146225,3.341100,8.691372,-0.104367,0.006822,-0.044871
793637120.000,YZJ,handheld,手持微动,recording,-0.144594,3.332387,9.046393,-0.103532,-0.046990,-0.028677
793637130.000,YZJ,handheld,手持微动,recording,-0.013901,3.312677,9.281018,-0.074891,-0.081428,-0.019458
793637140.000,YZJ,handheld,手持微动,recording,0.166369,3.295627,9.313893,-0.048457,-0.087140,-0.029019
793637150.000,YZJ,handheld,手持微动,recording,0.255977,3.270045,9.145381,-0.044236,-0.089712,-0.049442
793637160.000,YZJ,handheld,手持微动,recording,0.252927,3.270569,8.989736,-0.057487,-0.080369,-0.061640
793637170.000,YZJ,handheld,手持微动,recording,0.090694,3.196796,8.879209,-0.095247,-0.030832,-0.054874
793637180.000,YZJ,handheld,手持微动,recording,-0.076514,3.064264,8.729575,-0.145206,0.014913,-0.023091
793637190.000,YZJ,handheld,手持微动,recording,-0.163947,3.114515,8.789940,-0.189258,0.028641,0.006362
793637200.000,YZJ,handheld,手持微动,recording,-0.102898,3.120107,8.895015,-0.219687,0.014313,0.024704
793637210.000,YZJ,handheld,手持微动,recording,0.005613,3.124770,9.008215,-0.236818,-0.023151,0.025284
793637220.000,YZJ,handheld,手持微动,recording,0.074063,3.109859,9.137114,-0.236099,-0.065937,0.009637
793637230.000,YZJ,handheld,手持微动,recording,0.054780,3.136835,9.307812,-0.218403,-0.070157,-0.001774
793637240.000,YZJ,handheld,手持微动,recording,-0.054489,2.980919,9.214468,-0.212839,-0.101297,-0.002626
793637250.000,YZJ,handheld,手持微动,recording,-0.173905,2.982250,9.263483,-0.213913,-0.152800,0.007163
793637260.000,YZJ,handheld,手持微动,recording,-0.148671,2.930961,9.428580,-0.212226,-0.166637,0.028167
793637270.000,YZJ,handheld,手持微动,recording,0.016743,2.839632,9.628151,-0.197858,-0.121335,0.045499
793637280.000,YZJ,handheld,手持微动,recording,0.117227,2.808512,9.740378,-0.179454,-0.084028,0.056541
793637290.000,YZJ,handheld,手持微动,recording,0.202336,2.825583,9.822561,-0.154930,-0.073217,0.059552
793637300.000,YZJ,handheld,手持微动,recording,0.286388,2.831695,9.922203,-0.120623,-0.079528,0.051948
793637310.000,YZJ,handheld,手持微动,recording,0.255577,2.834062,9.979893,-0.073633,-0.113821,0.042653
793637320.000,YZJ,handheld,手持微动,recording,0.216456,2.858805,10.018886,-0.019768,-0.161497,0.037675
793637330.000,YZJ,handheld,手持微动,recording,0.207159,2.834164,9.997410,0.027697,-0.183668,0.041331
793637340.000,YZJ,handheld,手持微动,recording,0.357724,2.855380,9.923500,0.064536,-0.154093,0.042912
793637350.000,YZJ,handheld,手持微动,recording,0.441124,2.874363,9.762734,0.084300,-0.115005,0.038454
793637360.000,YZJ,handheld,手持微动,recording,0.486909,2.914608,9.594896,0.083934,-0.087626,0.028811
793637370.000,YZJ,handheld,手持微动,recording,0.412214,2.926287,9.519488,0.081616,-0.070046,0.022102
793637380.000,YZJ,handheld,手持微动,recording,0.252281,2.949646,9.490577,0.083479,-0.067818,0.030871
793637390.000,YZJ,handheld,手持微动,recording,0.278413,2.970759,9.405409,0.078863,-0.074408,0.039550
793637400.000,YZJ,handheld,手持微动,recording,0.362059,2.994560,9.357983,0.066942,-0.081096,0.038136
793637410.000,YZJ,handheld,手持微动,recording,0.427107,2.998064,9.461885,0.062186,-0.075144,0.032550
793637420.000,YZJ,handheld,手持微动,recording,0.385310,2.968606,9.587545,0.077396,-0.052859,0.035409
793637430.000,YZJ,handheld,手持微动,recording,0.328375,2.989913,9.540890,0.092985,-0.042702,0.044622
793637440.000,YZJ,handheld,手持微动,recording,0.307329,3.021968,9.428485,0.103881,-0.045461,0.052059
793637450.000,YZJ,handheld,手持微动,recording,0.288594,3.070925,9.300446,0.105045,-0.050997,0.058919
793637460.000,YZJ,handheld,手持微动,recording,0.369968,3.108855,9.151015,0.092832,-0.019545,0.061306
793637470.000,YZJ,handheld,手持微动,recording,0.482848,3.159771,8.940039,0.059663,0.025899,0.059291
793637480.000,YZJ,handheld,手持微动,recording,0.522257,3.226939,8.768469,0.005157,0.042811,0.046674
793637490.000,YZJ,handheld,手持微动,recording,0.476936,3.203426,8.793057,-0.036597,0.031428,0.029226
793637500.000,YZJ,handheld,手持微动,recording,0.322937,3.165229,8.878200,-0.067054,0.005457,0.025842
793637510.000,YZJ,handheld,手持微动,recording,0.241040,3.095446,8.911748,-0.092657,-0.020279,0.029574
793637520.000,YZJ,handheld,手持微动,recording,0.255235,3.077437,9.002648,-0.112782,-0.037047,0.031820
793637530.000,YZJ,handheld,手持微动,recording,0.296783,3.060943,9.115156,-0.124288,-0.050060,0.027004
793637540.000,YZJ,handheld,手持微动,recording,0.270546,3.003946,9.169497,-0.126560,-0.059947,0.023990
793637550.000,YZJ,handheld,手持微动,recording,0.365803,2.935006,9.186513,-0.131736,-0.073644,0.016453
793637560.000,YZJ,handheld,手持微动,recording,0.430705,2.915718,9.259955,-0.135728,-0.082450,0.002166
793637570.000,YZJ,handheld,手持微动,recording,0.497179,2.874045,9.392604,-0.128908,-0.087801,-0.009785
793637580.000,YZJ,handheld,手持微动,recording,0.706371,2.756359,9.374697,-0.123839,-0.068491,-0.034053
793637590.000,YZJ,handheld,手持微动,recording,0.528387,3.037769,9.485282,-0.112182,-0.029980,-0.048316
793637600.000,YZJ,handheld,手持微动,recording,0.636470,2.861735,9.423843,-0.099724,-0.011403,-0.060518
793637610.000,YZJ,handheld,手持微动,recording,0.616374,2.841640,9.382692,-0.087752,-0.000738,-0.079279
793637620.000,YZJ,handheld,手持微动,recording,0.545218,2.848004,9.311210,-0.074212,-0.010342,-0.091383
793637630.000,YZJ,handheld,手持微动,recording,0.477434,2.857461,9.227270,-0.065442,-0.031518,-0.101229
793637640.000,YZJ,handheld,手持微动,recording,0.354240,2.894719,9.171636,-0.059277,-0.050802,-0.105501
793637650.000,YZJ,handheld,手持微动,recording,0.317823,2.890455,9.070596,-0.059695,-0.069644,-0.107474
793637660.000,YZJ,handheld,手持微动,recording,0.335438,2.887478,9.013739,-0.068886,-0.084356,-0.114235
793637670.000,YZJ,handheld,手持微动,recording,0.393683,2.905723,9.020298,-0.084340,-0.093931,-0.123193
793637680.000,YZJ,handheld,手持微动,recording,0.425387,2.886405,9.021019,-0.104661,-0.101340,-0.127989
793637690.000,YZJ,handheld,手持微动,recording,0.436387,2.952377,9.070649,-0.125689,-0.102669,-0.126133
793637700.000,YZJ,handheld,手持微动,recording,0.485390,2.919026,9.101960,-0.153162,-0.079129,-0.121053
793637710.000,YZJ,handheld,手持微动,recording,0.517310,2.886707,9.114296,-0.187021,-0.030404,-0.113612
793637720.000,YZJ,handheld,手持微动,recording,0.543347,2.874503,9.144126,-0.226139,0.036889,-0.104837
793637730.000,YZJ,handheld,手持微动,recording,0.469353,2.781718,9.249992,-0.257713,0.094762,-0.097470
793637740.000,YZJ,handheld,手持微动,recording,0.331461,2.719862,9.437584,-0.262245,0.118880,-0.084839
793637750.000,YZJ,handheld,手持微动,recording,0.159369,2.730075,9.587558,-0.243233,0.102548,-0.061643
793637760.000,YZJ,handheld,手持微动,recording,0.084003,2.765960,9.734002,-0.207327,0.063097,-0.038169
793637770.000,YZJ,handheld,手持微动,recording,0.101494,2.770562,9.800961,-0.161071,0.025750,-0.022637
793637780.000,YZJ,handheld,手持微动,recording,0.084440,2.794776,9.816282,-0.115204,-0.015294,-0.007507
793637790.000,YZJ,handheld,手持微动,recording,0.091619,2.838530,9.761817,-0.074014,-0.066598,0.008567
793637800.000,YZJ,handheld,手持微动,recording,0.096560,2.906531,9.711173,-0.043450,-0.116981,0.020867
793637810.000,YZJ,handheld,手持微动,recording,0.180688,2.970693,9.731329,-0.022101,-0.139499,0.028053
793637820.000,YZJ,handheld,手持微动,recording,0.238225,3.037342,9.700563,-0.010626,-0.133334,0.032650
793637830.000,YZJ,handheld,手持微动,recording,0.218447,3.071380,9.663458,-0.009988,-0.106706,0.040383
793637840.000,YZJ,handheld,手持微动,recording,0.173325,3.127075,9.584894,-0.018450,-0.083532,0.046589
793637850.000,YZJ,handheld,手持微动,recording,0.161498,3.158096,9.542678,-0.030680,-0.080322,0.047340
793637860.000,YZJ,handheld,手持微动,recording,0.113847,3.164900,9.582926,-0.036076,-0.086827,0.046220
793637870.000,YZJ,handheld,手持微动,recording,0.007684,3.139954,9.686797,-0.028926,-0.096255,0.055990
793637880.000,YZJ,handheld,手持微动,recording,-0.077542,3.104229,9.761116,-0.007809,-0.098681,0.078934
793637890.000,YZJ,handheld,手持微动,recording,-0.156993,3.077218,9.816944,0.018277,-0.107617,0.101174
793637900.000,YZJ,handheld,手持微动,recording,-0.197465,3.005890,9.823175,0.050551,-0.111552,0.122699
793637910.000,YZJ,handheld,手持微动,recording,-0.242490,2.944297,9.901320,0.097357,-0.098724,0.147491
793637920.000,YZJ,handheld,手持微动,recording,-0.321108,2.975069,9.843088,0.155178,-0.087262,0.171744
793637930.000,YZJ,handheld,手持微动,recording,-0.407978,2.976845,9.616969,0.204438,-0.087875,0.192693
793637940.000,YZJ,handheld,手持微动,recording,-0.528212,3.006100,9.291280,0.228143,-0.093816,0.214475
793637950.000,YZJ,handheld,手持微动,recording,-0.574177,3.130429,8.965505,0.221523,-0.099078,0.242656
793637960.000,YZJ,handheld,手持微动,recording,-0.502594,3.198628,8.674481,0.187361,-0.121314,0.266237
793637970.000,YZJ,handheld,手持微动,recording,-0.361295,3.248822,8.487106,0.113928,-0.159396,0.287589
793637980.000,YZJ,handheld,手持微动,recording,-0.209096,3.348755,8.624794,0.039679,-0.172706,0.297848
793637990.000,YZJ,handheld,手持微动,recording,0.023698,3.312431,8.962719,-0.012904,-0.153285,0.296959
793638000.000,YZJ,handheld,手持微动,recording,0.044311,3.210874,9.283207,-0.041000,-0.108457,0.305597
793638010.000,YZJ,handheld,手持微动,recording,-0.048651,3.164443,9.546442,-0.045739,-0.053446,0.331001
793638020.000,YZJ,handheld,手持微动,recording,-0.167438,3.089362,9.712403,-0.038313,-0.011909,0.356897
793638030.000,YZJ,handheld,手持微动,recording,-0.399580,2.987063,9.785312,-0.017606,0.006325,0.395689
793638040.000,YZJ,handheld,手持微动,recording,-0.605035,2.963424,9.774196,0.007092,-0.008438,0.449447
793638050.000,YZJ,handheld,手持微动,recording,-0.686649,2.978524,9.760072,0.029259,-0.058520,0.514362
793638060.000,YZJ,handheld,手持微动,recording,-0.520867,3.027594,9.848632,0.054377,-0.087045,0.580946
793638070.000,YZJ,handheld,手持微动,recording,-0.097301,3.080409,9.935970,0.082221,-0.068715,0.630254
793638080.000,YZJ,handheld,手持微动,recording,0.386086,3.171510,9.934868,0.105933,-0.018012,0.647040
793638090.000,YZJ,handheld,手持微动,recording,0.704922,3.256951,9.930021,0.135046,0.035154,0.630390
793638100.000,YZJ,handheld,手持微动,recording,0.724546,3.242877,9.923018,0.184224,0.069786,0.599280
793638110.000,YZJ,handheld,手持微动,recording,0.680923,3.157495,9.756857,0.230977,0.079290,0.581559
793638120.000,YZJ,handheld,手持微动,recording,0.667706,3.022994,9.327262,0.238811,0.040063,0.578194
793638130.000,YZJ,handheld,手持微动,recording,0.817230,2.929879,8.926363,0.181384,-0.018455,0.567684
793638140.000,YZJ,handheld,手持微动,recording,1.047913,2.987521,9.006257,0.093542,-0.048246,0.538647
793638150.000,YZJ,handheld,手持微动,recording,1.176775,2.971948,9.312840,0.021091,-0.042045,0.510292
793638160.000,YZJ,handheld,手持微动,recording,1.209273,2.902509,9.620167,-0.033083,0.008970,0.496640
793638170.000,YZJ,handheld,手持微动,recording,1.194299,2.831880,9.997673,-0.060012,0.110760,0.488768
793638180.000,YZJ,handheld,手持微动,recording,1.059076,2.657801,10.219986,-0.059231,0.217328,0.487864
793638190.000,YZJ,handheld,手持微动,recording,0.809160,2.503981,10.280560,-0.028204,0.297835,0.507905
793638200.000,YZJ,handheld,手持微动,recording,0.608800,2.475524,10.274165,0.018551,0.329217,0.541835
793638210.000,YZJ,handheld,手持微动,recording,0.546692,2.545002,10.286287,0.085304,0.314715,0.578586
793638220.000,YZJ,handheld,手持微动,recording,0.590522,2.643603,10.308552,0.178492,0.286730,0.610214
793638230.000,YZJ,handheld,手持微动,recording,0.743564,2.679469,10.125496,0.277877,0.254358,0.631057
793638240.000,YZJ,handheld,手持微动,recording,0.960126,2.682652,9.688720,0.344604,0.213713,0.632934
793638250.000,YZJ,handheld,手持微动,recording,1.240046,2.743862,9.243531,0.373390,0.205643,0.610930
793638260.000,YZJ,handheld,手持微动,recording,1.545293,2.739460,8.708995,0.357605,0.212568,0.567237
793638270.000,YZJ,handheld,手持微动,recording,1.643041,2.719012,8.200488,0.283942,0.201885,0.500307
793638280.000,YZJ,handheld,手持微动,recording,1.567467,2.719729,7.889878,0.175621,0.154221,0.426155
793638290.000,YZJ,handheld,手持微动,recording,1.410043,2.670139,7.917504,0.064216,0.058875,0.363967
793638300.000,YZJ,handheld,手持微动,recording,1.256073,2.655833,8.370770,-0.017999,-0.032995,0.314389
793638310.000,YZJ,handheld,手持微动,recording,1.308493,2.517503,8.957849,-0.049804,-0.053741,0.278855
793638320.000,YZJ,handheld,手持微动,recording,1.303397,2.411999,9.460422,-0.026069,-0.037737,0.259064
793638330.000,YZJ,handheld,手持微动,recording,1.296266,2.363455,9.684835,0.029753,0.004078,0.252207
793638340.000,YZJ,handheld,手持微动,recording,1.338467,2.327794,9.631876,0.098511,0.059354,0.238919
793638350.000,YZJ,handheld,手持微动,recording,1.314527,2.379334,9.349200,0.153680,0.091936,0.217254
793638360.000,YZJ,handheld,手持微动,recording,1.252420,2.480730,8.937062,0.171748,0.123522,0.194282
793638370.000,YZJ,handheld,手持微动,recording,1.266791,2.474302,8.534592,0.142188,0.189358,0.172535
793638380.000,YZJ,handheld,手持微动,recording,1.243178,2.457902,8.162776,0.079634,0.244040,0.154152
793638390.000,YZJ,handheld,手持微动,recording,1.148877,2.410545,7.894318,-0.013758,0.240812,0.141558
793638400.000,YZJ,handheld,手持微动,recording,1.106967,2.375948,7.740104,-0.128616,0.180933,0.138015
793638410.000,YZJ,handheld,手持微动,recording,1.092166,2.449077,7.958411,-0.250200,0.085774,0.132151
793638420.000,YZJ,handheld,手持微动,recording,1.254240,2.477717,8.439204,-0.342944,0.016517,0.115512
793638430.000,YZJ,handheld,手持微动,recording,1.408950,2.433072,9.148885,-0.392698,0.010319,0.095211
793638440.000,YZJ,handheld,手持微动,recording,1.491500,2.385382,9.827409,-0.386292,0.080992,0.079668
793638450.000,YZJ,handheld,手持微动,recording,1.522056,2.312852,10.201102,-0.350548,0.217436,0.067575
793638460.000,YZJ,handheld,手持微动,recording,1.367442,2.231143,10.269514,-0.305980,0.354003,0.062235
793638470.000,YZJ,handheld,手持微动,recording,1.184287,2.232731,10.221352,-0.251201,0.439238,0.066492
793638480.000,YZJ,handheld,手持微动,recording,0.967340,2.233653,10.108841,-0.183322,0.470363,0.075816
793638490.000,YZJ,handheld,手持微动,recording,0.814581,2.272075,9.881814,-0.115535,0.428986,0.091783
793638500.000,YZJ,handheld,手持微动,recording,0.812205,2.304759,9.561796,-0.069119,0.332896,0.100332
793638510.000,YZJ,handheld,手持微动,recording,0.910323,2.392125,9.378457,-0.037366,0.227136,0.100096
793638520.000,YZJ,handheld,手持微动,recording,1.118661,2.486350,9.313231,-0.015748,0.113086,0.075688
793638530.000,YZJ,handheld,手持微动,recording,1.315061,2.466642,9.287989,-0.003109,0.023965,0.029685
793638540.000,YZJ,handheld,手持微动,recording,1.333356,2.459768,9.339770,0.008108,-0.017978,-0.013254
793638550.000,YZJ,handheld,手持微动,recording,1.234826,2.385341,9.245265,0.001610,-0.031231,-0.034143
793638560.000,YZJ,handheld,手持微动,recording,1.192388,2.324414,9.049680,-0.037226,-0.020478,-0.042157
793638570.000,YZJ,handheld,手持微动,recording,1.118950,2.307219,9.006466,-0.105322,0.003425,-0.046196
793638580.000,YZJ,handheld,手持微动,recording,1.025148,2.332745,9.216101,-0.160957,0.021049,-0.049991
793638590.000,YZJ,handheld,手持微动,recording,0.979845,2.255613,9.603585,-0.176558,0.026621,-0.050496
793638600.000,YZJ,handheld,手持微动,recording,0.932218,2.146410,9.918957,-0.151679,0.036526,-0.048366
793638610.000,YZJ,handheld,手持微动,recording,0.787049,2.066011,10.065460,-0.097003,0.023884,-0.038660
793638620.000,YZJ,handheld,手持微动,recording,0.674683,2.110852,10.082717,-0.030004,0.004250,-0.019642
793638630.000,YZJ,handheld,手持微动,recording,0.630921,2.224258,9.869623,0.027632,-0.024925,-0.002237
793638640.000,YZJ,handheld,手持微动,recording,0.691312,2.279676,9.534755,0.053724,-0.071272,0.007943
793638650.000,YZJ,handheld,手持微动,recording,0.871957,2.377532,9.208151,0.046711,-0.112006,0.004768
793638660.000,YZJ,handheld,手持微动,recording,1.061999,2.438961,8.961104,0.001861,-0.126355,-0.016224
793638670.000,YZJ,handheld,手持微动,recording,1.101621,2.361303,8.896409,-0.058184,-0.118249,-0.040457
793638680.000,YZJ,handheld,手持微动,recording,0.939917,2.311978,8.951200,-0.114232,-0.096319,-0.045290
793638690.000,YZJ,handheld,手持微动,recording,0.745569,2.302655,8.988206,-0.166581,-0.075975,-0.027818
793638700.000,YZJ,handheld,手持微动,recording,0.715739,2.308202,9.203072,-0.210842,-0.052847,-0.003478
793638710.000,YZJ,handheld,手持微动,recording,0.771465,2.330963,9.430421,-0.230501,-0.015987,0.022163
793638720.000,YZJ,handheld,手持微动,recording,0.848226,2.386169,9.614134,-0.229071,0.018079,0.038212
793638730.000,YZJ,handheld,手持微动,recording,0.944926,2.414417,9.709655,-0.213219,0.032578,0.035438
793638740.000,YZJ,handheld,手持微动,recording,0.954514,2.406286,9.770726,-0.181681,0.018992,0.020762
793638750.000,YZJ,handheld,手持微动,recording,0.905412,2.336144,9.811917,-0.134851,-0.004289,0.009592
793638760.000,YZJ,handheld,手持微动,recording,0.824215,2.333678,9.787646,-0.084308,-0.041422,-0.000891
793638770.000,YZJ,handheld,手持微动,recording,0.714985,2.318799,9.740652,-0.038287,-0.073954,0.000459
793638780.000,YZJ,handheld,手持微动,recording,0.626878,2.286070,9.626582,-0.008078,-0.100323,0.014598
793638790.000,YZJ,handheld,手持微动,recording,0.584935,2.281502,9.606194,0.014750,-0.114438,0.037729
793638800.000,YZJ,handheld,手持微动,recording,0.505175,2.354572,9.589123,0.027130,-0.109463,0.063767
793638810.000,YZJ,handheld,手持微动,recording,0.587316,2.358447,9.607089,0.034406,-0.091510,0.076979
793638820.000,YZJ,handheld,手持微动,recording,0.709516,2.271666,9.726808,0.051045,-0.065663,0.079069
793638830.000,YZJ,handheld,手持微动,recording,0.791079,2.236506,10.022879,0.095826,-0.030237,0.078595
793638840.000,YZJ,handheld,手持微动,recording,0.834822,2.217070,10.259050,0.164376,0.009901,0.072249
793638850.000,YZJ,handheld,手持微动,recording,0.839121,2.248380,10.398180,0.249040,0.039712,0.056525
793638860.000,YZJ,handheld,手持微动,recording,0.797772,2.295124,10.486662,0.337761,0.042925,0.035257
793638870.000,YZJ,handheld,手持微动,recording,0.795881,2.389555,10.372029,0.418362,0.026390,0.005696
793638880.000,YZJ,handheld,手持微动,recording,0.789253,2.480080,10.055648,0.467780,-0.009343,-0.033664
793638890.000,YZJ,handheld,手持微动,recording,0.732939,2.616222,9.600389,0.469053,-0.059638,-0.071756
793638900.000,YZJ,handheld,手持微动,recording,0.657539,2.623116,9.172834,0.418562,-0.085570,-0.095980
793638910.000,YZJ,handheld,手持微动,recording,0.617524,2.690774,8.849779,0.337348,-0.074085,-0.104625
793638920.000,YZJ,handheld,手持微动,recording,0.553099,2.746412,8.706200,0.238249,-0.038454,-0.099557
793638930.000,YZJ,handheld,手持微动,recording,0.514151,2.836970,8.682184,0.129487,0.016123,-0.082314
793638940.000,YZJ,handheld,手持微动,recording,0.499171,2.868825,8.749830,0.035770,0.084630,-0.062847
793638950.000,YZJ,handheld,手持微动,recording,0.457712,2.857034,8.839068,-0.039386,0.135864,-0.042566
793638960.000,YZJ,handheld,手持微动,recording,0.472720,2.850414,8.994830,-0.090825,0.148737,-0.023259
793638970.000,YZJ,handheld,手持微动,recording,0.611921,2.818348,9.194517,-0.112787,0.133314,-0.021531
793638980.000,YZJ,handheld,手持微动,recording,0.737890,2.759851,9.342015,-0.117722,0.108311,-0.034267
793638990.000,YZJ,handheld,手持微动,recording,0.823211,2.783536,9.472517,-0.105889,0.060698,-0.056213
793639000.000,YZJ,handheld,手持微动,recording,0.871374,2.777325,9.607976,-0.084844,0.027471,-0.081959
793639010.000,YZJ,handheld,手持微动,recording,0.860595,2.760047,9.703593,-0.053033,0.027800,-0.102042
793639020.000,YZJ,handheld,手持微动,recording,0.783109,2.759057,9.716076,-0.022373,0.020558,-0.113874
793639030.000,YZJ,handheld,手持微动,recording,0.696357,2.683021,9.615604,0.000146,0.000006,-0.110986
793639040.000,YZJ,handheld,手持微动,recording,0.623141,2.685976,9.564720,0.020331,-0.023992,-0.105680
793639050.000,YZJ,handheld,手持微动,recording,0.519469,2.694869,9.503064,0.035492,-0.051487,-0.096203
793639060.000,YZJ,handheld,手持微动,recording,0.414754,2.682266,9.417858,0.041331,-0.060910,-0.070956
793639070.000,YZJ,handheld,手持微动,recording,0.479737,2.696527,9.343489,0.029447,-0.055811,-0.048314
793639080.000,YZJ,handheld,手持微动,recording,0.571366,2.724702,9.311716,0.010391,-0.035383,-0.034410
793639090.000,YZJ,handheld,手持微动,recording,0.571620,2.783975,9.362134,-0.006603,-0.006087,-0.025617
793639100.000,YZJ,handheld,手持微动,recording,0.612605,2.761372,9.378915,-0.017905,0.016803,-0.023275
793639110.000,YZJ,handheld,手持微动,recording,0.568416,2.701577,9.352971,-0.024055,0.008979,-0.022367
793639120.000,YZJ,handheld,手持微动,recording,0.593626,2.694201,9.402017,-0.025830,-0.004305,-0.025340
793639130.000,YZJ,handheld,手持微动,recording,0.675832,2.647527,9.425781,-0.022289,-0.010920,-0.034258
793639140.000,YZJ,handheld,手持微动,recording,0.681972,2.623548,9.460287,-0.016310,-0.008529,-0.041124
793639150.000,YZJ,handheld,手持微动,recording,0.541141,2.617346,9.416423,-0.015171,-0.007453,-0.029144
793639160.000,YZJ,handheld,手持微动,recording,0.531589,2.705618,9.452239,-0.016182,-0.011825,-0.016841
793639170.000,YZJ,handheld,手持微动,recording,0.585712,2.707080,9.486363,-0.017641,-0.008553,-0.007120
793639180.000,YZJ,handheld,手持微动,recording,0.590112,2.713123,9.595337,-0.010040,0.010369,0.001984
793639190.000,YZJ,handheld,手持微动,recording,0.616752,2.705223,9.645747,0.005330,0.027363,0.012829
793639200.000,YZJ,handheld,手持微动,recording,0.694671,2.665062,9.577025,0.017616,0.044611,0.015262
793639210.000,YZJ,handheld,手持微动,recording,0.739808,2.651410,9.502065,0.027240,0.060281,0.009725
793639220.000,YZJ,handheld,手持微动,recording,0.712260,2.677239,9.477782,0.039497,0.062487,0.005318
793639230.000,YZJ,handheld,手持微动,recording,0.642807,2.645290,9.413949,0.055356,0.041577,0.000964
793639240.000,YZJ,handheld,手持微动,recording,0.613331,2.596956,9.344726,0.066264,0.015564,-0.001463
793639250.000,YZJ,handheld,手持微动,recording,0.636483,2.601841,9.323606,0.074262,0.016543,-0.007247
793639260.000,YZJ,handheld,手持微动,recording,0.634158,2.625025,9.341806,0.081211,0.045674,-0.018683
793639270.000,YZJ,handheld,手持微动,recording,0.507376,2.627633,9.185375,0.080345,0.052346,-0.023183
793639280.000,YZJ,handheld,手持微动,recording,0.354111,2.637893,9.033130,0.068035,0.019908,-0.023389
793639290.000,YZJ,handheld,手持微动,recording,0.267184,2.639221,8.938337,0.043317,-0.029116,-0.017099
793639300.000,YZJ,handheld,手持微动,recording,0.251171,2.652883,8.986500,0.016251,-0.067667,-0.001521
793639310.000,YZJ,handheld,手持微动,recording,0.301841,2.726496,9.079288,-0.012656,-0.074084,0.022519
793639320.000,YZJ,handheld,手持微动,recording,0.425678,2.706353,9.165248,-0.040261,-0.057972,0.045633
793639330.000,YZJ,handheld,手持微动,recording,0.510292,2.711633,9.374191,-0.053618,-0.025582,0.068856
793639340.000,YZJ,handheld,手持微动,recording,0.747058,2.751951,9.613896,-0.034862,0.036925,0.078823
793639350.000,YZJ,handheld,手持微动,recording,0.902730,2.797336,9.631289,-0.008533,0.072670,0.069889
793639360.000,YZJ,handheld,手持微动,recording,0.911786,2.856070,9.530186,0.015590,0.049785,0.045401
793639370.000,YZJ,handheld,手持微动,recording,0.858469,2.822700,9.522095,0.046437,0.010496,0.021057
793639380.000,YZJ,handheld,手持微动,recording,0.727280,2.810637,9.440626,0.071818,-0.022280,0.007039
793639390.000,YZJ,handheld,手持微动,recording,0.637330,2.789906,9.342236,0.080394,-0.047551,0.002500
793639400.000,YZJ,handheld,手持微动,recording,0.586382,2.796436,9.218740,0.069838,-0.061083,0.003853
793639410.000,YZJ,handheld,手持微动,recording,0.540533,2.782349,9.143922,0.048466,-0.068651,0.011863
793639420.000,YZJ,handheld,手持微动,recording,0.481062,2.782357,9.126662,0.015116,-0.072106,0.032326
793639430.000,YZJ,handheld,手持微动,recording,0.548428,2.825078,9.146017,-0.023947,-0.041904,0.053205
793639440.000,YZJ,handheld,手持微动,recording,0.769309,2.822526,9.269760,-0.057587,0.006194,0.062850
793639450.000,YZJ,handheld,手持微动,recording,0.890117,2.833883,9.466682,-0.075633,0.037913,0.060195
793639460.000,YZJ,handheld,手持微动,recording,0.922576,2.807460,9.610045,-0.070873,0.036958,0.047826
793639470.000,YZJ,handheld,手持微动,recording,0.934708,2.744562,9.721944,-0.046574,0.006231,0.032308
793639480.000,YZJ,handheld,手持微动,recording,0.951210,2.704632,9.747222,-0.014840,-0.020741,0.011279
793639490.000,YZJ,handheld,手持微动,recording,0.882038,2.679975,9.762015,0.015742,-0.019765,-0.001774
793639500.000,YZJ,handheld,手持微动,recording,0.727836,2.672881,9.665476,0.036106,-0.014815,0.000148
793639510.000,YZJ,handheld,手持微动,recording,0.643159,2.695485,9.527000,0.046218,-0.024734,0.007140
793639520.000,YZJ,handheld,手持微动,recording,0.654088,2.689916,9.379068,0.045419,-0.042674,0.011999
793639530.000,YZJ,handheld,手持微动,recording,0.724358,2.659939,9.336649,0.037838,-0.044822,0.016216
793639540.000,YZJ,handheld,手持微动,recording,0.792752,2.639735,9.284537,0.020986,-0.033636,0.023256
793639550.000,YZJ,handheld,手持微动,recording,0.881381,2.597451,9.243561,-0.004762,-0.022199,0.027115
793639560.000,YZJ,handheld,手持微动,recording,0.936637,2.568910,9.362571,-0.023265,-0.009956,0.025986
793639570.000,YZJ,handheld,手持微动,recording,0.941680,2.577938,9.587025,-0.023145,0.010563,0.028419
793639580.000,YZJ,handheld,手持微动,recording,0.969234,2.622824,9.756805,-0.000961,0.031685,0.030135
793639590.000,YZJ,handheld,手持微动,recording,1.026335,2.712375,9.793640,0.029405,0.036725,0.022196
793639600.000,YZJ,handheld,手持微动,recording,1.049056,2.729740,9.749829,0.060077,0.035230,0.006052
793639610.000,YZJ,handheld,手持微动,recording,1.012495,2.722317,9.645565,0.091434,0.026324,-0.005781
793639620.000,YZJ,handheld,手持微动,recording,1.004817,2.694439,9.422451,0.110429,0.007320,-0.017467
793639630.000,YZJ,handheld,手持微动,recording,0.991614,2.700182,9.223673,0.111767,-0.019419,-0.035332
793639640.000,YZJ,handheld,手持微动,recording,0.963951,2.684057,9.107356,0.105203,-0.060782,-0.056227
793639650.000,YZJ,handheld,手持微动,recording,0.817437,2.695764,9.166274,0.101937,-0.100478,-0.062535
793639660.000,YZJ,handheld,手持微动,recording,0.794645,2.705300,9.238866,0.102245,-0.114552,-0.058622
793639670.000,YZJ,handheld,手持微动,recording,0.833931,2.699126,9.200804,0.093887,-0.110828,-0.054671
793639680.000,YZJ,handheld,手持微动,recording,0.830089,2.682255,9.151592,0.073890,-0.098022,-0.051351
793639690.000,YZJ,handheld,手持微动,recording,0.928509,2.629809,9.064165,0.036469,-0.066848,-0.055254
793639700.000,YZJ,handheld,手持微动,recording,0.930776,2.558967,8.990610,-0.010665,-0.015311,-0.053065
793639710.000,YZJ,handheld,手持微动,recording,0.842601,2.519783,9.056906,-0.051618,0.026054,-0.041746
793639720.000,YZJ,handheld,手持微动,recording,0.773276,2.478984,9.194241,-0.077248,0.037894,-0.025904
793639730.000,YZJ,handheld,手持微动,recording,0.769717,2.444140,9.382085,-0.079076,0.018027,-0.006180
793639740.000,YZJ,handheld,手持微动,recording,0.924623,2.444913,9.566351,-0.062177,-0.004344,0.003920
793639750.000,YZJ,handheld,手持微动,recording,1.131281,2.490820,9.690538,-0.038135,-0.010641,-0.000678
793639760.000,YZJ,handheld,手持微动,recording,1.248829,2.568367,9.718883,-0.012051,-0.001828,-0.012282
793639770.000,YZJ,handheld,手持微动,recording,1.297266,2.638809,9.680000,0.009996,0.008292,-0.032920
793639780.000,YZJ,handheld,手持微动,recording,1.364129,2.690522,9.535094,0.020306,0.017548,-0.060406
793639790.000,YZJ,handheld,手持微动,recording,1.286792,2.684935,9.425893,0.020811,0.010300,-0.084157
793639800.000,YZJ,handheld,手持微动,recording,1.189130,2.684566,9.380761,0.021007,-0.012467,-0.103124
793639810.000,YZJ,handheld,手持微动,recording,1.222465,2.659822,9.328326,0.017896,-0.046607,-0.129678
793639820.000,YZJ,handheld,手持微动,recording,1.174312,2.575644,9.280921,0.007558,-0.069389,-0.145157
793639830.000,YZJ,handheld,手持微动,recording,1.138790,2.547861,9.342154,0.000193,-0.059776,-0.148721
793639840.000,YZJ,handheld,手持微动,recording,1.112998,2.566338,9.388197,-0.005426,-0.021800,-0.145293
793639850.000,YZJ,handheld,手持微动,recording,1.047997,2.622764,9.345862,-0.011657,0.020748,-0.139455
793639860.000,YZJ,handheld,手持微动,recording,1.008119,2.652304,9.280165,-0.026619,0.033557,-0.138685
793639870.000,YZJ,handheld,手持微动,recording,0.958106,2.700406,9.284048,-0.034423,0.019038,-0.137055
793639880.000,YZJ,handheld,手持微动,recording,1.014932,2.688468,9.337252,-0.038612,-0.020551,-0.142274
793639890.000,YZJ,handheld,手持微动,recording,1.169161,2.671270,9.417224,-0.035612,-0.067789,-0.160630
793639900.000,YZJ,handheld,手持微动,recording,1.260939,2.677193,9.636929,-0.017421,-0.108680,-0.189085
793639910.000,YZJ,handheld,手持微动,recording,1.303762,2.691713,9.849487,0.017840,-0.127909,-0.216131
793639920.000,YZJ,handheld,手持微动,recording,1.317154,2.676574,9.913837,0.056723,-0.127297,-0.238674
793639930.000,YZJ,handheld,手持微动,recording,1.309902,2.703301,9.934815,0.091363,-0.126635,-0.262008
793639940.000,YZJ,handheld,手持微动,recording,1.278839,2.720133,9.889815,0.122862,-0.132130,-0.287907
793639950.000,YZJ,handheld,手持微动,recording,1.208606,2.737442,9.829596,0.149924,-0.139230,-0.308266
793639960.000,YZJ,handheld,手持微动,recording,1.157724,2.728581,9.716859,0.168072,-0.134025,-0.321299
793639970.000,YZJ,handheld,手持微动,recording,1.091461,2.712903,9.524261,0.166932,-0.115699,-0.328329
793639980.000,YZJ,handheld,手持微动,recording,0.952833,2.737340,9.515671,0.162905,-0.094448,-0.324812
793639990.000,YZJ,handheld,手持微动,recording,1.032524,2.780087,9.481175,0.165025,-0.074233,-0.330353
793640000.000,YZJ,handheld,手持微动,recording,0.960655,2.749440,9.373638,0.164749,-0.071414,-0.336377
793640010.000,YZJ,handheld,手持微动,recording,0.814905,2.763954,9.349426,0.166979,-0.066331,-0.328833
793640020.000,YZJ,handheld,手持微动,recording,0.780203,2.753174,9.302738,0.171655,-0.051130,-0.321283
793640030.000,YZJ,handheld,手持微动,recording,0.702386,2.785701,9.142153,0.165559,-0.059466,-0.314065
793640040.000,YZJ,handheld,手持微动,recording,0.666424,2.788544,9.020637,0.154528,-0.093328,-0.307153
793640050.000,YZJ,handheld,手持微动,recording,0.784070,2.833078,9.034002,0.146245,-0.123098,-0.321822
793640060.000,YZJ,handheld,手持微动,recording,0.846572,2.933434,9.036825,0.142156,-0.152481,-0.352296
793640070.000,YZJ,handheld,手持微动,recording,0.815931,2.994384,9.075731,0.144244,-0.215825,-0.382548
793640080.000,YZJ,handheld,手持微动,recording,0.856173,2.934152,9.185367,0.162924,-0.312049,-0.424126
793640090.000,YZJ,handheld,手持微动,recording,0.893175,2.917794,9.338851,0.199336,-0.405054,-0.470220
793640100.000,YZJ,handheld,手持微动,recording,0.967234,2.892575,9.471282,0.243924,-0.460391,-0.509624
793640110.000,YZJ,handheld,手持微动,recording,0.977843,2.819235,9.422538,0.279293,-0.465571,-0.546240
793640120.000,YZJ,handheld,手持微动,recording,0.846627,2.812638,9.195132,0.286940,-0.427810,-0.568042
793640130.000,YZJ,handheld,手持微动,recording,0.644793,2.884088,9.035667,0.273525,-0.368891,-0.568586
793640140.000,YZJ,handheld,手持微动,recording,0.568217,2.877578,8.846710,0.246744,-0.311114,-0.563241
793640150.000,YZJ,handheld,手持微动,recording,0.439259,2.993159,8.742392,0.214762,-0.275255,-0.555937
793640160.000,YZJ,handheld,手持微动,recording,0.505160,3.045852,8.691072,0.185935,-0.279811,-0.557995
793640170.000,YZJ,handheld,手持微动,recording,0.770455,2.992758,8.554867,0.150820,-0.308824,-0.589335
793640180.000,YZJ,handheld,手持微动,recording,0.581121,3.476946,8.741401,0.125730,-0.363415,-0.615280
793640190.000,YZJ,handheld,手持微动,recording,0.775341,3.379816,8.795034,0.107206,-0.444357,-0.644507
793640200.000,YZJ,handheld,手持微动,recording,0.900080,3.327084,8.978668,0.091382,-0.492809,-0.678648
793640210.000,YZJ,handheld,手持微动,recording,0.986393,3.231829,9.118333,0.075833,-0.496696,-0.708892
793640220.000,YZJ,handheld,手持微动,recording,0.887288,3.212392,9.245848,0.064137,-0.466459,-0.719745
793640230.000,YZJ,handheld,手持微动,recording,0.796632,3.104019,9.342000,0.059828,-0.404019,-0.710684
793640240.000,YZJ,handheld,手持微动,recording,0.751766,2.960926,9.395943,0.056088,-0.306385,-0.688782
793640250.000,YZJ,handheld,手持微动,recording,0.586896,2.999890,9.388645,0.055565,-0.176293,-0.649456
793640260.000,YZJ,handheld,手持微动,recording,0.514879,3.062186,9.178440,0.041171,-0.053913,-0.606068
793640270.000,YZJ,handheld,手持微动,recording,0.380905,3.318197,8.966625,0.013190,0.016368,-0.569445
793640280.000,YZJ,handheld,手持微动,recording,0.397480,3.467662,8.856213,-0.017340,0.025823,-0.543920
793640290.000,YZJ,handheld,手持微动,recording,0.454915,3.497240,8.794428,-0.042940,0.001344,-0.530331
793640300.000,YZJ,handheld,手持微动,recording,0.569600,3.486946,8.811359,-0.063884,-0.036106,-0.525342
793640310.000,YZJ,handheld,手持微动,recording,0.648914,3.464929,8.872333,-0.071296,-0.060694,-0.528042
793640320.000,YZJ,handheld,手持微动,recording,0.646485,3.441178,8.964446,-0.071244,-0.057501,-0.527587
793640330.000,YZJ,handheld,手持微动,recording,0.490998,3.388348,8.973718,-0.070222,-0.018424,-0.510467
793640340.000,YZJ,handheld,手持微动,recording,0.213502,3.355248,8.992315,-0.063606,0.041943,-0.468957
793640350.000,YZJ,handheld,手持微动,recording,-0.012125,3.459792,8.916775,-0.052771,0.086945,-0.413241
793640360.000,YZJ,handheld,手持微动,recording,-0.070745,3.671711,8.732571,-0.055019,0.107071,-0.371041
793640370.000,YZJ,handheld,手持微动,recording,0.015932,3.851543,8.478257,-0.086535,0.085022,-0.348967
793640380.000,YZJ,handheld,手持微动,recording,0.136987,3.906658,8.393707,-0.129636,0.036224,-0.340340
793640390.000,YZJ,handheld,手持微动,recording,0.349828,3.831064,8.539777,-0.165869,-0.016023,-0.353226
793640400.000,YZJ,handheld,手持微动,recording,0.468474,3.705012,8.786911,-0.179729,-0.061342,-0.372792
793640410.000,YZJ,handheld,手持微动,recording,0.526444,3.505202,9.056727,-0.167041,-0.083557,-0.390542
793640420.000,YZJ,handheld,手持微动,recording,0.408179,3.522136,9.345498,-0.134595,-0.081975,-0.397444
793640430.000,YZJ,handheld,手持微动,recording,0.265904,3.503541,9.401458,-0.093484,-0.060398,-0.389525
793640440.000,YZJ,handheld,手持微动,recording,0.048113,3.629116,9.342336,-0.068485,-0.031033,-0.365716
793640450.000,YZJ,handheld,手持微动,recording,-0.025596,3.754977,9.253906,-0.066755,-0.018604,-0.342857
793640460.000,YZJ,handheld,手持微动,recording,-0.067706,3.783053,9.191471,-0.068868,-0.006685,-0.320213
793640470.000,YZJ,handheld,手持微动,recording,-0.127567,3.751671,9.115803,-0.079066,-0.021252,-0.292315
793640480.000,YZJ,handheld,手持微动,recording,-0.123426,3.747814,9.121282,-0.082958,-0.032326,-0.268441
793640490.000,YZJ,handheld,手持微动,recording,-0.068067,3.680301,8.972952,-0.090050,-0.030660,-0.242467
793640500.000,YZJ,handheld,手持微动,recording,0.007678,3.646803,8.732797,-0.125888,-0.084502,-0.221721
793640510.000,YZJ,handheld,手持微动,recording,0.225606,3.591593,8.843678,-0.163227,-0.164795,-0.221507
793640520.000,YZJ,handheld,手持微动,recording,0.322076,3.515277,9.242315,-0.155393,-0.155279,-0.228019
793640530.000,YZJ,handheld,手持微动,recording,0.180240,3.471526,9.419832,-0.129324,-0.092329,-0.212567
793640540.000,YZJ,handheld,手持微动,recording,-0.027781,3.435024,9.343212,-0.111263,-0.036851,-0.164167
793640550.000,YZJ,handheld,手持微动,recording,-0.264290,3.278445,9.272677,-0.095285,0.001880,-0.073344
793640560.000,YZJ,handheld,手持微动,recording,-0.380464,3.230019,9.275307,-0.078982,0.030173,0.024031
793640570.000,YZJ,handheld,手持微动,recording,-0.385985,3.296441,9.164354,-0.071879,0.031935,0.114325
793640580.000,YZJ,handheld,手持微动,recording,-0.331362,3.292766,9.105653,-0.063596,0.000579,0.185638
793640590.000,YZJ,handheld,手持微动,recording,-0.161570,3.500475,9.087912,-0.063954,-0.045969,0.223244
793640600.000,YZJ,handheld,手持微动,recording,0.090370,3.613839,9.082545,-0.068289,-0.097611,0.230681
793640610.000,YZJ,handheld,手持微动,recording,0.371875,3.763933,9.208815,-0.062520,-0.118857,0.204273
793640620.000,YZJ,handheld,手持微动,recording,0.606024,3.841152,9.208986,-0.064125,-0.088049,0.160148
793640630.000,YZJ,handheld,手持微动,recording,0.727384,3.834761,9.084341,-0.074854,-0.046302,0.114822
793640640.000,YZJ,handheld,手持微动,recording,0.734743,3.840705,8.888581,-0.105919,-0.013033,0.070434
793640650.000,YZJ,handheld,手持微动,recording,0.631206,3.844339,8.668650,-0.159756,0.002548,0.033238
793640660.000,YZJ,handheld,手持微动,recording,0.585613,3.809988,8.479740,-0.237561,-0.001612,0.004562
793640670.000,YZJ,handheld,手持微动,recording,0.515502,3.817210,8.457809,-0.319331,-0.021884,-0.018886
793640680.000,YZJ,handheld,手持微动,recording,0.421316,3.691692,8.649236,-0.390598,-0.055525,-0.029493
793640690.000,YZJ,handheld,手持微动,recording,0.321195,3.561711,9.017940,-0.440416,-0.088103,-0.018830
793640700.000,YZJ,handheld,手持微动,recording,0.291638,3.426319,9.587419,-0.443915,-0.096744,0.010099
793640710.000,YZJ,handheld,手持微动,recording,0.375344,3.392764,10.159680,-0.392471,-0.084422,0.039349
793640720.000,YZJ,handheld,手持微动,recording,0.579481,3.247322,10.516328,-0.307201,-0.055650,0.055396
793640730.000,YZJ,handheld,手持微动,recording,0.750275,3.144615,10.540735,-0.219810,-0.016843,0.055144
793640740.000,YZJ,handheld,手持微动,recording,0.818749,3.125626,10.396427,-0.144377,0.001381,0.045026
793640750.000,YZJ,handheld,手持微动,recording,0.893788,3.105431,10.143355,-0.093566,-0.015934,0.023464
793640760.000,YZJ,handheld,手持微动,recording,0.922475,3.061619,9.957392,-0.062003,-0.041185,-0.003207
793640770.000,YZJ,handheld,手持微动,recording,0.952829,2.984910,9.829217,-0.044759,-0.088122,-0.034066
793640780.000,YZJ,handheld,手持微动,recording,0.974616,2.976695,9.776652,-0.033921,-0.109658,-0.071324
793640790.000,YZJ,handheld,手持微动,recording,0.716771,3.032181,9.811414,-0.020982,-0.125075,-0.074472
793640800.000,YZJ,handheld,手持微动,recording,0.767680,2.802291,9.704746,-0.025537,-0.113562,-0.071485
793640810.000,YZJ,handheld,手持微动,recording,0.874856,2.703963,9.594090,-0.037804,-0.077914,-0.071339
793640820.000,YZJ,handheld,手持微动,recording,0.631922,2.935923,9.740239,-0.042373,-0.001217,-0.047627
793640830.000,YZJ,handheld,手持微动,recording,0.639504,2.696163,9.512049,-0.053417,0.070519,-0.017076
793640840.000,YZJ,handheld,手持微动,recording,0.722924,2.621615,9.368032,-0.071191,0.118284,-0.006390
793640850.000,YZJ,handheld,手持微动,recording,0.501922,2.785175,9.444897,-0.077885,0.120048,0.009996
793640860.000,YZJ,handheld,手持微动,recording,0.471960,2.732405,9.538227,-0.063051,0.091470,0.034324
793640870.000,YZJ,handheld,手持微动,recording,0.626014,2.681779,9.619837,-0.028521,0.050644,0.045513
793640880.000,YZJ,handheld,手持微动,recording,0.815195,2.666518,9.626042,0.002744,0.018525,0.032035
793640890.000,YZJ,handheld,手持微动,recording,0.908395,2.776433,9.574405,0.023009,0.020199,0.012590
793640900.000,YZJ,handheld,手持微动,recording,0.790226,2.794873,9.491296,0.031602,0.026211,0.009406
793640910.000,YZJ,handheld,手持微动,recording,0.781974,2.677392,9.367935,0.028593,0.063316,0.011232
793640920.000,YZJ,handheld,手持微动,recording,0.565173,2.729266,9.269048,0.019434,0.088323,0.039656
793640930.000,YZJ,handheld,手持微动,recording,0.348021,2.763122,9.223415,0.007191,0.115938,0.087200
793640940.000,YZJ,handheld,手持微动,recording,0.307456,2.725487,9.120673,-0.008680,0.142299,0.144007
793640950.000,YZJ,handheld,手持微动,recording,0.383854,2.789320,9.066829,-0.028539,0.153126,0.196723
793640960.000,YZJ,handheld,手持微动,recording,0.383549,2.777414,9.121121,-0.041013,0.154508,0.243094
793640970.000,YZJ,handheld,手持微动,recording,0.527937,2.858997,9.209230,-0.048079,0.141776,0.262297
793640980.000,YZJ,handheld,手持微动,recording,0.615388,2.956644,9.153899,-0.064411,0.121544,0.254507
793640990.000,YZJ,handheld,手持微动,recording,0.734558,3.035834,9.146220,-0.089316,0.101787,0.227513
793641000.000,YZJ,handheld,手持微动,recording,0.922888,3.031752,9.157877,-0.114757,0.081630,0.183424
793641010.000,YZJ,handheld,手持微动,recording,1.030147,2.942071,9.311415,-0.126030,0.064043,0.135525
793641020.000,YZJ,handheld,手持微动,recording,1.107129,2.948473,9.543748,-0.108121,0.059649,0.085412
793641030.000,YZJ,handheld,手持微动,recording,1.116104,2.930658,9.518679,-0.085430,0.042527,0.039192
793641040.000,YZJ,handheld,手持微动,recording,1.078279,2.903595,9.466807,-0.068022,0.031142,0.005376
793641050.000,YZJ,handheld,手持微动,recording,1.105207,2.904034,9.412381,-0.060579,0.045417,-0.025621
793641060.000,YZJ,handheld,手持微动,recording,1.005486,2.861460,9.321491,-0.059183,0.056628,-0.047160
793641070.000,YZJ,handheld,手持微动,recording,0.902054,2.910286,9.319697,-0.057062,0.050624,-0.062761
793641080.000,YZJ,handheld,手持微动,recording,0.731323,2.899119,9.357036,-0.055014,0.034898,-0.074004
793641090.000,YZJ,handheld,手持微动,recording,0.562378,2.856433,9.434722,-0.047773,0.019558,-0.073655
793641100.000,YZJ,handheld,手持微动,recording,0.458777,2.815429,9.481387,-0.036889,0.018136,-0.061060
793641110.000,YZJ,handheld,手持微动,recording,0.456328,2.786271,9.583105,-0.015401,0.014942,-0.044321
793641120.000,YZJ,handheld,手持微动,recording,0.490835,2.822174,9.568996,0.009878,0.002730,-0.031812
793641130.000,YZJ,handheld,手持微动,recording,0.574911,2.785282,9.442530,0.027534,-0.015060,-0.025659
793641140.000,YZJ,handheld,手持微动,recording,0.742123,2.772323,9.254232,0.024091,-0.011006,-0.034032
793641150.000,YZJ,handheld,手持微动,recording,0.683616,2.925052,9.133426,-0.000678,-0.006131,-0.037518
793641160.000,YZJ,handheld,手持微动,recording,0.736009,2.788749,9.056109,-0.031015,0.011727,-0.045166
793641170.000,YZJ,handheld,手持微动,recording,0.682889,2.762596,9.093232,-0.055055,0.025441,-0.049985
793641180.000,YZJ,handheld,手持微动,recording,0.574073,2.916422,9.208122,-0.069159,0.010728,-0.054446
793641190.000,YZJ,handheld,手持微动,recording,0.660357,2.789571,9.283356,-0.075481,-0.015240,-0.065040
793641200.000,YZJ,handheld,手持微动,recording,0.674502,2.731701,9.455164,-0.070567,-0.014626,-0.077950
793641210.000,YZJ,handheld,手持微动,recording,0.609591,2.652341,9.587737,-0.048579,-0.015392,-0.083242
793641220.000,YZJ,handheld,手持微动,recording,0.498421,2.652115,9.687831,-0.011821,-0.031250,-0.076555
793641230.000,YZJ,handheld,手持微动,recording,0.472922,2.720118,9.653500,0.023017,-0.052087,-0.069318
793641240.000,YZJ,handheld,手持微动,recording,0.500791,2.764583,9.527467,0.045020,-0.073001,-0.064915
793641250.000,YZJ,handheld,手持微动,recording,0.544481,2.730635,9.361581,0.049328,-0.087320,-0.060451
793641260.000,YZJ,handheld,手持微动,recording,0.553848,2.766827,9.241042,0.038361,-0.090605,-0.053499
793641270.000,YZJ,handheld,手持微动,recording,0.574206,2.860167,9.167708,0.014474,-0.093096,-0.051722
793641280.000,YZJ,handheld,手持微动,recording,0.652875,2.836600,9.198137,-0.009492,-0.092592,-0.054721
793641290.000,YZJ,handheld,手持微动,recording,0.673218,2.776181,9.256379,-0.029793,-0.071776,-0.054655
793641300.000,YZJ,handheld,手持微动,recording,0.618529,2.796734,9.347768,-0.039921,-0.045543,-0.051084
793641310.000,YZJ,handheld,手持微动,recording,0.592933,2.762180,9.389873,-0.045133,-0.030145,-0.049756
793641320.000,YZJ,handheld,手持微动,recording,0.546647,2.710479,9.382369,-0.045887,-0.027702,-0.044935
793641330.000,YZJ,handheld,手持微动,recording,0.454338,2.667210,9.387251,-0.041234,-0.049958,-0.035538
793641340.000,YZJ,handheld,手持微动,recording,0.387834,2.702947,9.450780,-0.025670,-0.085276,-0.017984
793641350.000,YZJ,handheld,手持微动,recording,0.421238,2.731911,9.496708,-0.002863,-0.120727,0.000960
793641360.000,YZJ,handheld,手持微动,recording,0.598613,2.749418,9.449010,0.007800,-0.146352,0.004598
793641370.000,YZJ,handheld,手持微动,recording,0.747973,2.720143,9.392567,0.009864,-0.168819,-0.000900
793641380.000,YZJ,handheld,手持微动,recording,0.745637,2.757655,9.402775,0.009117,-0.184937,-0.004155
793641390.000,YZJ,handheld,手持微动,recording,0.797352,2.815613,9.339323,-0.000349,-0.184036,-0.007431
793641400.000,YZJ,handheld,手持微动,recording,0.889674,2.799648,9.271221,-0.022914,-0.159600,-0.012662
793641410.000,YZJ,handheld,手持微动,recording,0.935974,2.766700,9.252652,-0.055265,-0.118179,-0.019333
793641420.000,YZJ,handheld,手持微动,recording,0.913348,2.747071,9.348690,-0.079048,-0.065912,-0.026941
793641430.000,YZJ,handheld,手持微动,recording,0.804001,2.758223,9.528453,-0.087392,-0.016062,-0.022162
793641440.000,YZJ,handheld,手持微动,recording,0.750903,2.738813,9.606091,-0.078493,0.024596,-0.009288
793641450.000,YZJ,handheld,手持微动,recording,0.808201,2.727202,9.564230,-0.063963,0.045982,-0.004272
793641460.000,YZJ,handheld,手持微动,recording,0.915700,2.734729,9.537873,-0.050654,0.043050,-0.014182
793641470.000,YZJ,handheld,手持微动,recording,0.939509,2.728972,9.450228,-0.039280,0.016951,-0.028925
793641480.000,YZJ,handheld,手持微动,recording,0.929734,2.693185,9.421663,-0.032326,-0.007537,-0.044477
793641490.000,YZJ,handheld,手持微动,recording,0.845229,2.682056,9.458857,-0.020927,-0.020665,-0.053564
793641500.000,YZJ,handheld,手持微动,recording,0.707841,2.695821,9.493026,-0.007357,-0.024438,-0.045638
793641510.000,YZJ,handheld,手持微动,recording,0.594218,2.692513,9.448981,-0.001207,-0.021131,-0.027918
793641520.000,YZJ,handheld,手持微动,recording,0.562313,2.723933,9.350953,-0.007451,-0.011779,-0.004433
793641530.000,YZJ,handheld,手持微动,recording,0.647868,2.632460,9.168576,-0.035127,0.013481,0.010050
793641540.000,YZJ,handheld,手持微动,recording,0.408494,2.824622,9.213536,-0.061653,0.039232,0.051135
793641550.000,YZJ,handheld,手持微动,recording,0.559574,2.642854,9.099620,-0.092586,0.045772,0.081211
793641560.000,YZJ,handheld,手持微动,recording,0.653144,2.631521,9.161097,-0.120006,0.050536,0.095997
793641570.000,YZJ,handheld,手持微动,recording,0.749954,2.673875,9.266932,-0.132908,0.067520,0.094518
793641580.000,YZJ,handheld,手持微动,recording,0.841089,2.654221,9.282467,-0.138417,0.079135,0.082150
793641590.000,YZJ,handheld,手持微动,recording,0.796170,2.615884,9.271967,-0.144514,0.083954,0.073998
793641600.000,YZJ,handheld,手持微动,recording,0.896807,2.520162,9.139147,-0.163136,0.081068,0.050065
793641610.000,YZJ,handheld,手持微动,recording,0.728025,2.680206,9.217035,-0.183259,0.088361,0.036457
793641620.000,YZJ,handheld,手持微动,recording,0.658202,2.552256,9.277070,-0.189069,0.072011,0.033378
793641630.000,YZJ,handheld,手持微动,recording,0.757763,2.528064,9.425467,-0.183879,0.053098,0.011427
793641640.000,YZJ,handheld,手持微动,recording,0.752244,2.387842,9.493404,-0.166463,0.038033,-0.005526
793641650.000,YZJ,handheld,手持微动,recording,0.531897,2.579126,9.796634,-0.126750,0.020832,-0.001812
793641660.000,YZJ,handheld,手持微动,recording,0.641683,2.371014,9.754089,-0.081776,0.008154,0.004440
793641670.000,YZJ,handheld,手持微动,recording,0.723792,2.416047,9.669286,-0.050891,0.005326,-0.001815
793641680.000,YZJ,handheld,手持微动,recording,0.751675,2.432700,9.530831,-0.042918,0.005720,-0.007080
793641690.000,YZJ,handheld,手持微动,recording,0.715291,2.444257,9.417025,-0.044091,0.015964,-0.008555
793641700.000,YZJ,handheld,手持微动,recording,0.691750,2.465665,9.317436,-0.057995,0.015899,-0.011697
793641710.000,YZJ,handheld,手持微动,recording,0.608835,2.457443,9.297535,-0.079820,0.006893,-0.007744
793641720.000,YZJ,handheld,手持微动,recording,0.586524,2.535987,9.410234,-0.096232,0.004301,-0.004407
793641730.000,YZJ,handheld,手持微动,recording,0.605811,2.492185,9.543788,-0.099483,0.005158,0.004511
793641740.000,YZJ,handheld,手持微动,recording,0.672817,2.479470,9.675460,-0.088741,0.016862,0.015389
793641750.000,YZJ,handheld,手持微动,recording,0.770900,2.487800,9.716474,-0.074786,0.019984,0.015090
793641760.000,YZJ,handheld,手持微动,recording,0.784545,2.502182,9.766075,-0.050499,0.010463,0.008640
793641770.000,YZJ,handheld,手持微动,recording,0.909077,2.536049,9.741790,-0.026973,-0.001694,-0.002039
793641780.000,YZJ,handheld,手持微动,recording,0.919418,2.513314,9.608448,-0.009201,-0.016300,-0.016702
793641790.000,YZJ,handheld,手持微动,recording,0.940602,2.555471,9.556225,-0.006404,-0.029982,-0.039698
793641800.000,YZJ,handheld,手持微动,recording,0.786920,2.585923,9.479632,-0.013078,-0.033774,-0.047352
793641810.000,YZJ,handheld,手持微动,recording,0.636107,2.602426,9.464996,-0.029936,-0.031725,-0.039055
793641820.000,YZJ,handheld,手持微动,recording,0.552592,2.626679,9.464140,-0.049054,-0.023973,-0.013263
793641830.000,YZJ,handheld,手持微动,recording,0.607466,2.749602,9.504372,-0.074214,-0.015033,0.020817
793641840.000,YZJ,handheld,手持微动,recording,0.856956,2.822267,9.569288,-0.100554,-0.011610,0.048346
793641850.000,YZJ,handheld,手持微动,recording,1.144158,2.973346,9.761244,-0.104362,-0.003506,0.061211
793641860.000,YZJ,handheld,手持微动,recording,1.415879,3.096874,9.982198,-0.089077,0.022065,0.063927
793641870.000,YZJ,handheld,手持微动,recording,1.580809,3.204181,10.060363,-0.064583,0.071754,0.059932
793641880.000,YZJ,handheld,手持微动,recording,1.692865,3.312012,10.022873,-0.043240,0.137065,0.054331
793641890.000,YZJ,handheld,手持微动,recording,1.862936,3.415969,9.776961,-0.039983,0.176025,0.037360
793641900.000,YZJ,handheld,手持微动,recording,1.944199,3.526814,9.575370,-0.052981,0.176569,0.013423
793641910.000,YZJ,handheld,手持微动,recording,2.102181,3.703555,9.455759,-0.073176,0.150250,-0.016908
793641920.000,YZJ,handheld,手持微动,recording,2.288611,3.768741,9.465768,-0.094365,0.101729,-0.053844
793641930.000,YZJ,handheld,手持微动,recording,2.646928,3.839733,9.695339,-0.094301,0.049779,-0.124348
793641940.000,YZJ,handheld,手持微动,recording,2.966237,3.834687,10.096155,-0.057187,0.015667,-0.213070
793641950.000,YZJ,handheld,手持微动,recording,3.054242,3.763244,10.401064,0.017250,-0.008018,-0.304264
793641960.000,YZJ,handheld,手持微动,recording,2.929244,3.725869,10.517395,0.115003,-0.035743,-0.393021
793641970.000,YZJ,handheld,手持微动,recording,2.657205,3.694268,10.384127,0.210127,-0.078498,-0.473847
793641980.000,YZJ,handheld,手持微动,recording,2.239254,3.580469,9.972899,0.271407,-0.118422,-0.525994
793641990.000,YZJ,handheld,手持微动,recording,1.753536,3.495015,9.490760,0.282391,-0.144058,-0.549690
793642000.000,YZJ,handheld,手持微动,recording,1.282676,3.483855,9.098404,0.255216,-0.161050,-0.545303
793642010.000,YZJ,handheld,手持微动,recording,0.820844,3.349482,8.769940,0.187559,-0.197743,-0.513576
793642020.000,YZJ,handheld,手持微动,recording,0.524258,3.254738,8.667588,0.107696,-0.248992,-0.461200
793642030.000,YZJ,handheld,手持微动,recording,0.563366,3.165534,8.759725,0.033137,-0.299963,-0.415471
793642040.000,YZJ,handheld,手持微动,recording,0.987644,3.101928,9.149783,-0.012980,-0.334636,-0.406119
793642050.000,YZJ,handheld,手持微动,recording,1.403457,3.018802,9.580150,-0.022359,-0.347736,-0.429921
793642060.000,YZJ,handheld,手持微动,recording,1.722691,2.964695,9.945755,-0.002515,-0.329779,-0.477793
793642070.000,YZJ,handheld,手持微动,recording,1.968513,2.934637,10.208924,0.035798,-0.280110,-0.545315
793642080.000,YZJ,handheld,手持微动,recording,1.979440,2.862284,10.351754,0.077485,-0.187961,-0.615141
793642090.000,YZJ,handheld,手持微动,recording,1.764607,2.725080,10.279160,0.111970,-0.100338,-0.674291
793642100.000,YZJ,handheld,手持微动,recording,1.357736,2.637107,10.192527,0.147396,-0.023240,-0.709757
793642110.000,YZJ,handheld,手持微动,recording,0.877432,2.559407,9.955736,0.172266,-0.013435,-0.723569
793642120.000,YZJ,handheld,手持微动,recording,0.443877,2.422433,9.800271,0.198678,-0.082484,-0.721273
793642130.000,YZJ,handheld,手持微动,recording,0.320109,2.265021,9.632402,0.222953,-0.159605,-0.712775
793642140.000,YZJ,handheld,手持微动,recording,-0.141881,2.664118,9.838405,0.260902,-0.212537,-0.670319
793642150.000,YZJ,handheld,手持微动,recording,-0.017224,2.644061,9.807524,0.295584,-0.205178,-0.612969
793642160.000,YZJ,handheld,手持微动,recording,0.443268,2.612621,9.667657,0.313397,-0.159037,-0.598211
793642170.000,YZJ,handheld,手持微动,recording,0.699255,2.602380,9.399672,0.307618,-0.090372,-0.618049
793642180.000,YZJ,handheld,手持微动,recording,0.617759,2.656282,9.091435,0.275764,-0.024563,-0.633004
793642190.000,YZJ,handheld,手持微动,recording,0.501053,2.692397,8.806036,0.225856,0.006302,-0.644825
793642200.000,YZJ,handheld,手持微动,recording,0.416709,2.661527,8.649460,0.165461,-0.012602,-0.653692
793642210.000,YZJ,handheld,手持微动,recording,0.252030,2.691642,8.698707,0.116419,-0.052024,-0.652425
793642220.000,YZJ,handheld,手持微动,recording,0.171710,2.655418,8.752969,0.068635,-0.088097,-0.645826
793642230.000,YZJ,handheld,手持微动,recording,0.165720,2.491811,8.766116,0.014781,-0.102127,-0.632644
793642240.000,YZJ,handheld,手持微动,recording,0.115261,2.454349,8.839360,-0.034693,-0.069108,-0.614237
793642250.000,YZJ,handheld,手持微动,recording,-0.028231,2.481985,8.885492,-0.081296,-0.027438,-0.580195
793642260.000,YZJ,handheld,手持微动,recording,-0.139064,2.367487,8.855656,-0.123149,0.030597,-0.537177
793642270.000,YZJ,handheld,手持微动,recording,-0.199113,2.411484,8.926991,-0.150391,0.077703,-0.492860
793642280.000,YZJ,handheld,手持微动,recording,-0.208073,2.483850,9.180722,-0.140238,0.092289,-0.451822
793642290.000,YZJ,handheld,手持微动,recording,0.007323,2.506568,9.338356,-0.101038,0.079249,-0.427586
793642300.000,YZJ,handheld,手持微动,recording,0.369635,2.411273,9.417232,-0.049336,0.052689,-0.439639
793642310.000,YZJ,handheld,手持微动,recording,0.546199,2.485759,9.446627,0.006471,0.011872,-0.473087
793642320.000,YZJ,handheld,手持微动,recording,0.712036,2.574987,9.286651,0.042884,-0.032626,-0.524881
793642330.000,YZJ,handheld,手持微动,recording,0.748818,2.579104,9.004998,0.046891,-0.083753,-0.583683
793642340.000,YZJ,handheld,手持微动,recording,0.584901,2.578637,8.844487,0.026027,-0.140297,-0.630912
793642350.000,YZJ,handheld,手持微动,recording,0.260438,2.511055,8.858262,-0.003207,-0.182871,-0.648154
793642360.000,YZJ,handheld,手持微动,recording,0.044323,2.451977,8.914941,-0.034867,-0.215500,-0.630881
793642370.000,YZJ,handheld,手持微动,recording,0.038564,2.373068,8.987297,-0.081350,-0.211626,-0.603973
793642380.000,YZJ,handheld,手持微动,recording,0.104610,2.326378,9.083941,-0.131917,-0.173985,-0.581559
793642390.000,YZJ,handheld,手持微动,recording,0.133299,2.308937,9.316735,-0.167943,-0.109992,-0.557694
793642400.000,YZJ,handheld,手持微动,recording,0.082120,2.296024,9.648846,-0.169457,-0.036190,-0.525312
793642410.000,YZJ,handheld,手持微动,recording,-0.058118,2.308307,9.915573,-0.128433,0.026424,-0.479117
793642420.000,YZJ,handheld,手持微动,recording,-0.112376,2.419473,9.956900,-0.063586,0.057533,-0.433251
793642430.000,YZJ,handheld,手持微动,recording,-0.016132,2.536629,9.806692,0.002133,0.059006,-0.406563
793642440.000,YZJ,handheld,手持微动,recording,0.041591,2.646788,9.487674,0.062016,0.021170,-0.395772
793642450.000,YZJ,handheld,手持微动,recording,0.101588,2.723403,9.199460,0.113034,-0.058638,-0.392416
793642460.000,YZJ,handheld,手持微动,recording,0.317354,2.783133,8.879207,0.144786,-0.153995,-0.407894
793642470.000,YZJ,handheld,手持微动,recording,0.676313,2.820409,8.565695,0.137283,-0.226164,-0.443502
793642480.000,YZJ,handheld,手持微动,recording,0.929687,2.845252,8.336933,0.089027,-0.257986,-0.499560
793642490.000,YZJ,handheld,手持微动,recording,1.011116,2.759364,8.198526,-0.001213,-0.260662,-0.572130
793642500.000,YZJ,handheld,手持微动,recording,0.691098,2.551216,8.283449,-0.106660,-0.203370,-0.614024
793642510.000,YZJ,handheld,手持微动,recording,0.116047,2.391446,8.480708,-0.206589,-0.121874,-0.593232
793642520.000,YZJ,handheld,手持微动,recording,-0.313859,2.200046,8.736413,-0.284467,-0.051627,-0.533468
793642530.000,YZJ,handheld,手持微动,recording,-0.560651,2.111962,9.057190,-0.335117,-0.003554,-0.452663
793642540.000,YZJ,handheld,手持微动,recording,-0.607366,2.074108,9.483242,-0.342841,0.019372,-0.376074
793642550.000,YZJ,handheld,手持微动,recording,-0.543768,2.007894,9.905658,-0.296559,0.030611,-0.302730
793642560.000,YZJ,handheld,手持微动,recording,-0.338995,2.059906,10.149930,-0.212174,0.022999,-0.252294
793642570.000,YZJ,handheld,手持微动,recording,0.008559,2.177270,10.153202,-0.112039,-0.004581,-0.239300
793642580.000,YZJ,handheld,手持微动,recording,0.342197,2.242118,9.954249,-0.022590,-0.043649,-0.262587
793642590.000,YZJ,handheld,手持微动,recording,0.479989,2.305201,9.656895,0.044503,-0.096996,-0.315234
793642600.000,YZJ,handheld,手持微动,recording,0.408501,2.280870,9.380135,0.086436,-0.173439,-0.363305
793642610.000,YZJ,handheld,手持微动,recording,0.262370,2.233819,9.194615,0.107573,-0.252537,-0.395790
793642620.000,YZJ,handheld,手持微动,recording,0.124572,2.216889,9.125039,0.115584,-0.323232,-0.415367
793642630.000,YZJ,handheld,手持微动,recording,-0.062212,2.132740,9.076906,0.106698,-0.372313,-0.410614
793642640.000,YZJ,handheld,手持微动,recording,-0.275330,2.086614,8.984850,0.077194,-0.405105,-0.374575
793642650.000,YZJ,handheld,手持微动,recording,-0.363759,2.125572,8.953597,0.027244,-0.404386,-0.321525
793642660.000,YZJ,handheld,手持微动,recording,-0.361403,2.120076,9.044085,-0.029364,-0.353793,-0.258515
793642670.000,YZJ,handheld,手持微动,recording,-0.237007,2.093522,9.163099,-0.090062,-0.248199,-0.190932
793642680.000,YZJ,handheld,手持微动,recording,-0.056639,2.094748,9.314917,-0.138635,-0.130107,-0.137239
793642690.000,YZJ,handheld,手持微动,recording,0.133992,2.127481,9.417634,-0.170914,-0.037275,-0.107447
793642700.000,YZJ,handheld,手持微动,recording,0.203407,2.181243,9.562667,-0.184503,0.021031,-0.092920
793642710.000,YZJ,handheld,手持微动,recording,0.241027,2.118746,9.671741,-0.182608,0.041835,-0.087015
793642720.000,YZJ,handheld,手持微动,recording,0.259214,2.147140,9.774400,-0.152873,0.036813,-0.089344
793642730.000,YZJ,handheld,手持微动,recording,0.255145,2.155710,9.688992,-0.122734,-0.009163,-0.096854
793642740.000,YZJ,handheld,手持微动,recording,0.242046,2.149438,9.610746,-0.110618,-0.055116,-0.107387
793642750.000,YZJ,handheld,手持微动,recording,0.280599,2.113683,9.537022,-0.116388,-0.092312,-0.116736
793642760.000,YZJ,handheld,手持微动,recording,0.316874,2.096740,9.567974,-0.134321,-0.103590,-0.122425
793642770.000,YZJ,handheld,手持微动,recording,0.409439,2.042300,9.696833,-0.157204,-0.085668,-0.125776
793642780.000,YZJ,handheld,手持微动,recording,0.372287,2.022207,9.882953,-0.157972,-0.047724,-0.123042
793642790.000,YZJ,handheld,手持微动,recording,0.253630,1.964495,10.050406,-0.135408,-0.010366,-0.108474
793642800.000,YZJ,handheld,手持微动,recording,0.100310,1.925518,10.099655,-0.098109,0.018233,-0.085053
793642810.000,YZJ,handheld,手持微动,recording,-0.009233,1.934071,10.080247,-0.057296,0.030414,-0.061871
793642820.000,YZJ,handheld,手持微动,recording,-0.040540,1.981544,9.973233,-0.026690,0.027446,-0.042125
793642830.000,YZJ,handheld,手持微动,recording,-0.024100,2.051274,9.866106,-0.004680,0.010282,-0.026485
793642840.000,YZJ,handheld,手持微动,recording,0.062773,2.146716,9.781241,0.011855,-0.011071,-0.016338
793642850.000,YZJ,handheld,手持微动,recording,0.158180,2.179993,9.711394,0.016280,-0.020471,-0.011067
793642860.000,YZJ,handheld,手持微动,recording,0.242541,2.235360,9.707147,0.012728,-0.012656,-0.005578
793642870.000,YZJ,handheld,手持微动,recording,0.318918,2.253281,9.722483,0.010234,0.013657,-0.006519
793642880.000,YZJ,handheld,手持微动,recording,0.388630,2.264105,9.738561,0.013453,0.058918,-0.011194
793642890.000,YZJ,handheld,手持微动,recording,0.319633,2.318806,9.706266,0.021019,0.088833,-0.020395
793642900.000,YZJ,handheld,手持微动,recording,0.153968,2.325549,9.623733,0.032225,0.090358,-0.025322
793642910.000,YZJ,handheld,手持微动,recording,-0.115826,2.358087,9.514559,0.040144,0.060470,-0.008578
793642920.000,YZJ,handheld,手持微动,recording,-0.235129,2.406933,9.466394,0.050241,0.021043,0.021209
793642930.000,YZJ,handheld,手持微动,recording,-0.122079,2.429908,9.413118,0.057389,-0.009744,0.047273
793642940.000,YZJ,handheld,手持微动,recording,0.110349,2.483973,9.373140,0.056501,-0.023948,0.059684
793642950.000,YZJ,handheld,手持微动,recording,0.294139,2.519483,9.333336,0.044672,-0.029658,0.054683
793642960.000,YZJ,handheld,手持微动,recording,0.382957,2.524562,9.396191,0.031101,-0.032899,0.043954
793642970.000,YZJ,handheld,手持微动,recording,0.470282,2.545172,9.521354,0.027043,-0.023957,0.033325
793642980.000,YZJ,handheld,手持微动,recording,0.526386,2.602337,9.636334,0.033233,-0.001126,0.018835
793642990.000,YZJ,handheld,手持微动,recording,0.443523,2.577019,9.632579,0.034259,0.032021,0.014830
793643000.000,YZJ,handheld,手持微动,recording,0.243637,2.602523,9.585457,0.032955,0.056064,0.031646
793643010.000,YZJ,handheld,手持微动,recording,0.184895,2.640017,9.511999,0.030482,0.066711,0.058896
793643020.000,YZJ,handheld,手持微动,recording,0.323732,2.673290,9.434557,0.022369,0.068977,0.073504
793643030.000,YZJ,handheld,手持微动,recording,0.481024,2.734321,9.418805,0.016365,0.065643,0.068122
793643040.000,YZJ,handheld,手持微动,recording,0.576949,2.758582,9.428573,0.017654,0.042869,0.049565
793643050.000,YZJ,handheld,手持微动,recording,0.666423,2.749778,9.462330,0.031486,0.003716,0.023171
793643060.000,YZJ,handheld,手持微动,recording,0.718246,2.764864,9.538621,0.051863,-0.030958,-0.008597
793643070.000,YZJ,handheld,手持微动,recording,0.699402,2.736373,9.524589,0.066930,-0.051048,-0.040673
793643080.000,YZJ,handheld,手持微动,recording,0.597593,2.671722,9.482553,0.071017,-0.040599,-0.055657
793643090.000,YZJ,handheld,手持微动,recording,0.396521,2.683133,9.389387,0.063802,-0.016027,-0.052126
793643100.000,YZJ,handheld,手持微动,recording,0.280721,2.658458,9.295382,0.041338,0.008303,-0.036041
793643110.000,YZJ,handheld,手持微动,recording,0.224251,2.615140,9.230260,0.010821,0.027856,-0.009744
793643120.000,YZJ,handheld,手持微动,recording,0.240491,2.636458,9.252906,-0.014325,0.029038,0.014998
793643130.000,YZJ,handheld,手持微动,recording,0.327660,2.655541,9.374743,-0.031357,0.037338,0.033529
793643140.000,YZJ,handheld,手持微动,recording,0.457477,2.675499,9.478427,-0.041036,0.051568,0.043451
793643150.000,YZJ,handheld,手持微动,recording,0.532581,2.643851,9.536848,-0.043987,0.056226,0.045052
793643160.000,YZJ,handheld,手持微动,recording,0.561328,2.683944,9.614338,-0.035692,0.059585,0.036663
793643170.000,YZJ,handheld,手持微动,recording,0.584359,2.678822,9.632769,-0.021943,0.050793,0.021645
793643180.000,YZJ,handheld,手持微动,recording,0.533368,2.671806,9.622150,-0.004330,0.042492,0.009416
793643190.000,YZJ,handheld,手持微动,recording,0.453443,2.648410,9.560871,0.011859,0.026650,0.000905
793643200.000,YZJ,handheld,手持微动,recording,0.379287,2.662519,9.491240,0.020661,0.016155,0.002023
793643210.000,YZJ,handheld,手持微动,recording,0.318538,2.668337,9.390762,0.019994,0.015800,0.009474
793643220.000,YZJ,handheld,手持微动,recording,0.343304,2.650839,9.280056,0.006273,0.012920,0.014460
793643230.000,YZJ,handheld,手持微动,recording,0.408186,2.671038,9.185100,-0.018805,0.004052,0.010304
793643240.000,YZJ,handheld,手持微动,recording,0.419471,2.682572,9.203993,-0.044038,0.003106,0.004420
793643250.000,YZJ,handheld,手持微动,recording,0.352571,2.628173,9.212178,-0.069179,0.005312,0.006071
793643260.000,YZJ,handheld,手持微动,recording,0.306504,2.574805,9.218226,-0.097249,0.019269,0.018488
793643270.000,YZJ,handheld,手持微动,recording,0.288127,2.571322,9.261993,-0.123920,0.048376,0.031166
793643280.000,YZJ,handheld,手持微动,recording,0.309893,2.565205,9.337433,-0.146414,0.077770,0.044411
793643290.000,YZJ,handheld,手持微动,recording,0.341538,2.529022,9.419751,-0.163895,0.084553,0.050243
793643300.000,YZJ,handheld,手持微动,recording,0.398602,2.520014,9.654728,-0.150619,0.091621,0.046893
793643310.000,YZJ,handheld,手持微动,recording,0.457250,2.513840,9.882863,-0.107368,0.098846,0.033854
793643320.000,YZJ,handheld,手持微动,recording,0.562988,2.486656,10.087855,-0.038484,0.091895,0.006780
793643330.000,YZJ,handheld,手持微动,recording,0.523689,2.440793,10.113905,0.040996,0.049428,-0.021761
793643340.000,YZJ,handheld,手持微动,recording,0.405011,2.436475,10.023587,0.118898,-0.011080,-0.043021
793643350.000,YZJ,handheld,手持微动,recording,0.335207,2.464956,9.888789,0.178980,-0.068959,-0.054764
793643360.000,YZJ,handheld,手持微动,recording,0.254485,2.486529,9.654896,0.213731,-0.104520,-0.055972
793643370.000,YZJ,handheld,手持微动,recording,0.253251,2.496250,9.481939,0.219739,-0.099641,-0.047017
793643380.000,YZJ,handheld,手持微动,recording,0.207492,2.516407,9.321662,0.198514,-0.061701,-0.033112
793643390.000,YZJ,handheld,手持微动,recording,0.215271,2.531122,9.155384,0.156205,-0.009002,-0.018920
793643400.000,YZJ,handheld,手持微动,recording,0.203724,2.574337,9.063742,0.105536,0.032949,-0.008706
793643410.000,YZJ,handheld,手持微动,recording,0.221319,2.569953,9.049329,0.056424,0.058413,-0.003051
793643420.000,YZJ,handheld,手持微动,recording,0.202996,2.565425,9.159433,0.027500,0.069040,-0.003994
793643430.000,YZJ,handheld,手持微动,recording,0.163677,2.525336,9.259643,0.015628,0.061234,-0.005873
793643440.000,YZJ,handheld,手持微动,recording,0.107563,2.472610,9.344893,0.016878,0.041907,-0.003050
793643450.000,YZJ,handheld,手持微动,recording,0.040988,2.429823,9.405948,0.024153,0.030697,0.004569
793643460.000,YZJ,handheld,手持微动,recording,-0.006052,2.394068,9.410130,0.032169,0.033544,0.021487
793643470.000,YZJ,handheld,手持微动,recording,-0.016822,2.341365,9.386354,0.037154,0.043583,0.041957
793643480.000,YZJ,handheld,手持微动,recording,-0.010858,2.306898,9.335610,0.038748,0.056935,0.059329
793643490.000,YZJ,handheld,手持微动,recording,0.033606,2.292360,9.246861,0.033480,0.062948,0.067706
793643500.000,YZJ,handheld,手持微动,recording,0.111265,2.286997,9.155791,0.021306,0.062735,0.063951
793643510.000,YZJ,handheld,手持微动,recording,0.064427,2.232737,9.095110,0.007175,0.053411,0.056771
793643520.000,YZJ,handheld,手持微动,recording,-0.027611,2.229778,9.087878,-0.007427,0.043857,0.058422
793643530.000,YZJ,handheld,手持微动,recording,-0.114479,2.222852,9.107903,-0.023098,0.035582,0.070474
793643540.000,YZJ,handheld,手持微动,recording,-0.147193,2.195549,9.173016,-0.034925,0.039521,0.090714
793643550.000,YZJ,handheld,手持微动,recording,-0.169127,2.208364,9.265742,-0.046184,0.056449,0.120413
793643560.000,YZJ,handheld,手持微动,recording,-0.073242,2.241983,9.380549,-0.046885,0.091262,0.152744
793643570.000,YZJ,handheld,手持微动,recording,0.054849,2.237466,9.365752,-0.046039,0.130373,0.172190
793643580.000,YZJ,handheld,手持微动,recording,0.158163,2.301491,9.277245,-0.054023,0.161075,0.173308
793643590.000,YZJ,handheld,手持微动,recording,0.204854,2.338111,9.165031,-0.075433,0.171995,0.161891
793643600.000,YZJ,handheld,手持微动,recording,0.206910,2.333118,9.073065,-0.104003,0.164841,0.139613
793643610.000,YZJ,handheld,手持微动,recording,0.093468,2.245900,9.087089,-0.133203,0.145099,0.118838
793643620.000,YZJ,handheld,手持微动,recording,-0.023738,2.168698,9.195252,-0.155933,0.132757,0.110850
793643630.000,YZJ,handheld,手持微动,recording,-0.169391,2.082117,9.284307,-0.169382,0.114460,0.111661
793643640.000,YZJ,handheld,手持微动,recording,-0.273514,2.033729,9.336761,-0.180843,0.087998,0.117659
793643650.000,YZJ,handheld,手持微动,recording,-0.336690,1.988152,9.450775,-0.189107,0.079762,0.132178
793643660.000,YZJ,handheld,手持微动,recording,-0.401258,1.881980,9.568863,-0.188203,0.092682,0.162093
793643670.000,YZJ,handheld,手持微动,recording,-0.437694,1.820923,9.660667,-0.178368,0.099765,0.200620
793643680.000,YZJ,handheld,手持微动,recording,-0.353708,1.865756,9.716036,-0.168078,0.099831,0.231861
793643690.000,YZJ,handheld,手持微动,recording,-0.157580,1.770219,9.748216,-0.161019,0.112940,0.243119
793643700.000,YZJ,handheld,手持微动,recording,0.028336,1.711033,9.698508,-0.156328,0.144481,0.232452
793643710.000,YZJ,handheld,手持微动,recording,-0.236204,1.861811,9.807943,-0.139026,0.153129,0.237800
793643720.000,YZJ,handheld,手持微动,recording,-0.316395,1.680381,9.795370,-0.107923,0.146053,0.253085
793643730.000,YZJ,handheld,手持微动,recording,-0.334644,1.673924,9.631394,-0.090706,0.139525,0.264553
793643740.000,YZJ,handheld,手持微动,recording,-0.422529,1.681434,9.415438,-0.096983,0.115878,0.283330
793643750.000,YZJ,handheld,手持微动,recording,-0.508792,1.724975,9.317304,-0.119775,0.095345,0.307136
793643760.000,YZJ,handheld,手持微动,recording,-0.471765,1.676301,9.286333,-0.152059,0.070148,0.337723
793643770.000,YZJ,handheld,手持微动,recording,-0.424247,1.766770,9.474945,-0.173322,0.056678,0.363707
793643780.000,YZJ,handheld,手持微动,recording,-0.306036,1.683419,9.590336,-0.188236,0.056487,0.384833
793643790.000,YZJ,handheld,手持微动,recording,-0.104764,1.497519,9.633201,-0.195913,0.079013,0.395511
793643800.000,YZJ,handheld,手持微动,recording,-0.096924,1.640899,9.764551,-0.193729,0.106335,0.402002
793643810.000,YZJ,handheld,手持微动,recording,-0.031034,1.605306,9.882725,-0.168689,0.129397,0.403652
793643820.000,YZJ,handheld,手持微动,recording,-0.095368,1.629498,9.973280,-0.130493,0.132245,0.404197
793643830.000,YZJ,handheld,手持微动,recording,-0.158396,1.610861,9.926653,-0.083751,0.114480,0.415100
793643840.000,YZJ,handheld,手持微动,recording,-0.219860,1.718048,9.923398,-0.042878,0.093712,0.426244
793643850.000,YZJ,handheld,手持微动,recording,-0.292109,1.779854,9.887820,-0.010969,0.088299,0.446871
793643860.000,YZJ,handheld,手持微动,recording,-0.215163,1.751288,9.674286,-0.002243,0.096771,0.468911
793643870.000,YZJ,handheld,手持微动,recording,-0.208053,1.828061,9.607304,-0.009160,0.132567,0.487152
793643880.000,YZJ,handheld,手持微动,recording,-0.280017,1.821258,9.499727,-0.017521,0.164896,0.512242
793643890.000,YZJ,handheld,手持微动,recording,-0.303662,1.756914,9.389376,-0.031643,0.177221,0.539516
793643900.000,YZJ,handheld,手持微动,recording,-0.286590,1.731956,9.303227,-0.042508,0.172866,0.561395
793643910.000,YZJ,handheld,手持微动,recording,-0.285040,1.764085,9.337397,-0.041905,0.167095,0.577558
793643920.000,YZJ,handheld,手持微动,recording,-0.267866,1.828188,9.329053,-0.036860,0.143410,0.592920
793643930.000,YZJ,handheld,手持微动,recording,-0.214886,1.914858,9.285828,-0.036234,0.105277,0.604674
793643940.000,YZJ,handheld,手持微动,recording,-0.080038,2.028810,9.317993,-0.034984,0.064822,0.609976
793643950.000,YZJ,handheld,手持微动,recording,0.063752,2.098024,9.335267,-0.034899,0.021551,0.608019
793643960.000,YZJ,handheld,手持微动,recording,0.202737,2.174924,9.325039,-0.043052,-0.013846,0.605224
793643970.000,YZJ,handheld,手持微动,recording,0.499544,2.168941,9.297533,-0.064772,-0.022852,0.595394
793643980.000,YZJ,handheld,手持微动,recording,0.772661,2.224642,9.307746,-0.096454,0.005676,0.569118
793643990.000,YZJ,handheld,手持微动,recording,0.898561,2.163246,9.282433,-0.132144,0.050285,0.532521
793644000.000,YZJ,handheld,手持微动,recording,0.919946,2.023280,9.267950,-0.171822,0.106062,0.499848
793644010.000,YZJ,handheld,手持微动,recording,0.704749,1.965189,9.315500,-0.198206,0.155266,0.475540
793644020.000,YZJ,handheld,手持微动,recording,0.564970,1.883988,9.330152,-0.213741,0.157982,0.459027
793644030.000,YZJ,handheld,手持微动,recording,0.367259,1.882588,9.449446,-0.217224,0.131511,0.452175
793644040.000,YZJ,handheld,手持微动,recording,0.139454,2.022255,9.703855,-0.198996,0.090397,0.461323
793644050.000,YZJ,handheld,手持微动,recording,0.117416,2.091877,9.981138,-0.153173,0.021333,0.481821
793644060.000,YZJ,handheld,手持微动,recording,0.258686,2.052025,10.200589,-0.093434,-0.031248,0.500104
793644070.000,YZJ,handheld,手持微动,recording,0.347292,2.111976,10.331086,-0.033239,-0.046457,0.515872
793644080.000,YZJ,handheld,手持微动,recording,0.467547,2.107587,10.279696,0.015937,-0.037469,0.525640
793644090.000,YZJ,handheld,手持微动,recording,0.555669,2.065966,10.164423,0.053455,-0.000416,0.533907
793644100.000,YZJ,handheld,手持微动,recording,0.538641,1.980531,9.985833,0.077753,0.050806,0.549411
793644110.000,YZJ,handheld,手持微动,recording,0.504121,1.992535,9.792305,0.088971,0.089703,0.566954
793644120.000,YZJ,handheld,手持微动,recording,0.372783,2.078300,9.603738,0.087164,0.098485,0.587818
793644130.000,YZJ,handheld,手持微动,recording,0.288497,2.232858,9.525121,0.070464,0.086730,0.612559
793644140.000,YZJ,handheld,手持微动,recording,0.316356,2.411748,9.653276,0.062231,0.073695,0.633553
793644150.000,YZJ,handheld,手持微动,recording,0.450506,2.482041,9.908250,0.082136,0.072386,0.644297
793644160.000,YZJ,handheld,手持微动,recording,0.698665,2.505830,10.008570,0.112051,0.077207,0.638775
793644170.000,YZJ,handheld,手持微动,recording,0.888925,2.513822,9.908903,0.130392,0.094941,0.610072
793644180.000,YZJ,handheld,手持微动,recording,0.926705,2.496077,9.808083,0.138944,0.123068,0.571122
793644190.000,YZJ,handheld,手持微动,recording,0.789119,2.411612,9.611201,0.141019,0.146318,0.546389
793644200.000,YZJ,handheld,手持微动,recording,0.657153,2.344744,9.454325,0.135504,0.161171,0.529432
793644210.000,YZJ,handheld,手持微动,recording,0.547067,2.368267,9.327672,0.125470,0.159012,0.516624
793644220.000,YZJ,handheld,手持微动,recording,0.486275,2.424948,9.267948,0.113237,0.123450,0.501431
793644230.000,YZJ,handheld,手持微动,recording,0.461009,2.506837,9.263364,0.097520,0.053372,0.481042
793644240.000,YZJ,handheld,手持微动,recording,0.468867,2.565596,9.352888,0.078525,-0.020787,0.462889
793644250.000,YZJ,handheld,手持微动,recording,0.535701,2.598891,9.590067,0.071953,-0.064369,0.453379
793644260.000,YZJ,handheld,手持微动,recording,0.665215,2.607865,9.835841,0.089940,-0.057654,0.444586
793644270.000,YZJ,handheld,手持微动,recording,0.792399,2.594914,9.937367,0.115150,-0.002303,0.431198
793644280.000,YZJ,handheld,手持微动,recording,0.746051,2.570852,9.950060,0.139736,0.071263,0.429630
793644290.000,YZJ,handheld,手持微动,recording,0.727359,2.528721,9.875327,0.170841,0.119566,0.429251
793644300.000,YZJ,handheld,手持微动,recording,0.824246,2.456055,9.854396,0.215123,0.129029,0.418210
793644310.000,YZJ,handheld,手持微动,recording,0.918642,2.335839,9.839061,0.276290,0.119246,0.402679
793644320.000,YZJ,handheld,手持微动,recording,0.925545,2.318550,9.790748,0.349580,0.084086,0.383055
793644330.000,YZJ,handheld,手持微动,recording,0.951238,2.390763,9.675642,0.415607,0.017064,0.354933
793644340.000,YZJ,handheld,手持微动,recording,0.859077,2.540641,9.615990,0.478057,-0.067342,0.332219
793644350.000,YZJ,handheld,手持微动,recording,0.767745,2.719263,9.498342,0.535618,-0.165637,0.325431
793644360.000,YZJ,handheld,手持微动,recording,0.861813,2.962097,9.380751,0.563592,-0.257993,0.323211
793644370.000,YZJ,handheld,手持微动,recording,1.095584,3.204465,9.355895,0.576491,-0.316199,0.307671
793644380.000,YZJ,handheld,手持微动,recording,1.255055,3.282018,9.366844,0.586090,-0.309311,0.288717
793644390.000,YZJ,handheld,手持微动,recording,1.436980,3.324713,9.334749,0.582114,-0.256461,0.267583
793644400.000,YZJ,handheld,手持微动,recording,1.517529,3.434794,9.395225,0.577611,-0.169733,0.241590
793644410.000,YZJ,handheld,手持微动,recording,1.483446,3.470251,9.392436,0.577533,-0.074321,0.214957
793644420.000,YZJ,handheld,手持微动,recording,1.428037,3.441954,9.335520,0.576845,0.021277,0.193762
793644430.000,YZJ,handheld,手持微动,recording,1.404803,3.486494,9.225348,0.569428,0.129524,0.170017
793644440.000,YZJ,handheld,手持微动,recording,1.194326,3.560926,9.024870,0.554188,0.192802,0.141483
793644450.000,YZJ,handheld,手持微动,recording,1.023575,3.603208,8.769578,0.520575,0.189836,0.110553
793644460.000,YZJ,handheld,手持微动,recording,0.811498,3.585530,8.465509,0.465714,0.134488,0.081292
793644470.000,YZJ,handheld,手持微动,recording,0.660308,3.577826,8.377160,0.403719,0.048194,0.051873
793644480.000,YZJ,handheld,手持微动,recording,0.641731,3.577709,8.473242,0.353746,-0.059718,0.018549
793644490.000,YZJ,handheld,手持微动,recording,0.659956,3.514860,8.788819,0.337180,-0.155478,-0.012834
793644500.000,YZJ,handheld,手持微动,recording,0.674549,3.529581,9.078538,0.354933,-0.222560,-0.044872
793644510.000,YZJ,handheld,手持微动,recording,0.685150,3.569585,9.391910,0.391891,-0.265538,-0.065891
793644520.000,YZJ,handheld,手持微动,recording,0.577390,3.654511,9.729702,0.474610,-0.266937,-0.056402
793644530.000,YZJ,handheld,手持微动,recording,0.456431,3.901894,9.891265,0.551861,-0.205194,-0.023098
793644540.000,YZJ,handheld,手持微动,recording,0.297998,3.913276,9.414134,0.552603,-0.109333,0.033357
793644550.000,YZJ,handheld,手持微动,recording,0.074620,3.918034,9.014265,0.501265,-0.009840,0.121377
793644560.000,YZJ,handheld,手持微动,recording,-0.070531,4.140385,8.858341,0.436679,0.045202,0.220567
793644570.000,YZJ,handheld,手持微动,recording,0.203107,4.142370,8.763777,0.362641,0.032113,0.291643
793644580.000,YZJ,handheld,手持微动,recording,0.451676,4.231841,8.894279,0.305340,0.004905,0.334413
793644590.000,YZJ,handheld,手持微动,recording,0.883720,4.371805,9.083280,0.271995,-0.011940,0.348943
793644600.000,YZJ,handheld,手持微动,recording,1.289580,4.465068,9.311035,0.260961,-0.021090,0.320229
793644610.000,YZJ,handheld,手持微动,recording,1.545940,4.438850,9.392506,0.264625,-0.027382,0.267116
793644620.000,YZJ,handheld,手持微动,recording,1.684967,4.384586,9.479926,0.272641,-0.016831,0.209175
793644630.000,YZJ,handheld,手持微动,recording,1.739103,4.366747,9.609368,0.288029,0.021430,0.162130
793644640.000,YZJ,handheld,手持微动,recording,1.679808,4.262751,9.600354,0.304747,0.105363,0.120916
793644650.000,YZJ,handheld,手持微动,recording,1.622308,4.090769,9.403152,0.310782,0.180782,0.081763
793644660.000,YZJ,handheld,手持微动,recording,1.588399,3.960589,9.278780,0.316873,0.193284,0.039236
793644670.000,YZJ,handheld,手持微动,recording,1.530263,3.876866,9.275441,0.341516,0.156585,-0.004937
793644680.000,YZJ,handheld,手持微动,recording,1.482410,3.888412,9.344659,0.397455,0.132487,-0.049799
793644690.000,YZJ,handheld,手持微动,recording,1.294336,3.900262,9.012950,0.444271,0.089096,-0.082086
793644700.000,YZJ,handheld,手持微动,recording,1.136688,3.846770,8.618776,0.454777,-0.040502,-0.109013
793644710.000,YZJ,handheld,手持微动,recording,1.001971,3.943508,8.297777,0.442354,-0.165532,-0.137038
793644720.000,YZJ,handheld,手持微动,recording,0.912799,3.974874,7.948692,0.394284,-0.240750,-0.153261
793644730.000,YZJ,handheld,手持微动,recording,0.900454,4.014387,7.731359,0.316483,-0.217738,-0.158590
793644740.000,YZJ,handheld,手持微动,recording,0.832589,4.062611,7.545036,0.213384,-0.139252,-0.153333
793644750.000,YZJ,handheld,手持微动,recording,0.654080,4.159424,7.410621,0.086775,-0.064125,-0.137826
793644760.000,YZJ,handheld,手持微动,recording,0.540430,4.147559,7.450334,-0.031367,0.005249,-0.109003
793644770.000,YZJ,handheld,手持微动,recording,0.546234,4.104982,7.639238,-0.128085,0.072049,-0.078434
793644780.000,YZJ,handheld,手持微动,recording,0.647896,4.145112,7.826911,-0.207559,0.113896,-0.060714
793644790.000,YZJ,handheld,手持微动,recording,0.931815,4.160036,8.112488,-0.264783,0.123661,-0.072105
793644800.000,YZJ,handheld,手持微动,recording,1.036584,4.155523,8.504436,-0.281213,0.116229,-0.108918
793644810.000,YZJ,handheld,手持微动,recording,0.894529,4.157700,8.761178,-0.272912,0.081318,-0.138992
793644820.000,YZJ,handheld,手持微动,recording,0.662189,4.091471,8.849670,-0.260604,0.026586,-0.156653
793644830.000,YZJ,handheld,手持微动,recording,0.410183,3.948951,8.798121,-0.261586,-0.031609,-0.155539
793644840.000,YZJ,handheld,手持微动,recording,0.095199,3.844080,8.829488,-0.281402,-0.084287,-0.125738
793644850.000,YZJ,handheld,手持微动,recording,-0.032588,3.768142,8.959955,-0.306793,-0.112804,-0.083592
793644860.000,YZJ,handheld,手持微动,recording,0.128305,3.557292,9.108769,-0.336060,-0.089958,-0.049450
793644870.000,YZJ,handheld,手持微动,recording,0.167865,3.486464,9.303540,-0.357127,-0.025896,-0.012140
793644880.000,YZJ,handheld,手持微动,recording,0.316903,3.424946,9.594153,-0.356799,0.065316,0.023300
793644890.000,YZJ,handheld,手持微动,recording,0.560473,3.346709,9.751486,-0.334828,0.159182,0.030004
793644900.000,YZJ,handheld,手持微动,recording,0.505746,3.357656,9.792960,-0.293373,0.206130,0.026894
793644910.000,YZJ,handheld,手持微动,recording,0.247872,3.460465,9.718428,-0.243518,0.176316,0.031646
793644920.000,YZJ,handheld,手持微动,recording,0.158041,3.422023,9.522261,-0.206059,0.103842,0.034961
793644930.000,YZJ,handheld,手持微动,recording,0.141119,3.412309,9.494753,-0.167857,0.016485,0.035589
793644940.000,YZJ,handheld,手持微动,recording,0.180693,3.429187,9.673200,-0.117014,-0.068006,0.037253
793644950.000,YZJ,handheld,手持微动,recording,0.280600,3.393243,9.759726,-0.062690,-0.129575,0.035374
793644960.000,YZJ,handheld,手持微动,recording,0.378438,3.357368,9.779386,-0.012691,-0.164141,0.035652
793644970.000,YZJ,handheld,手持微动,recording,0.470121,3.388635,9.689771,0.017500,-0.165679,0.040221
793644980.000,YZJ,handheld,手持微动,recording,0.506221,3.390958,9.489570,0.019913,-0.129103,0.046703
793644990.000,YZJ,handheld,手持微动,recording,0.498744,3.401901,9.369344,0.001364,-0.064172,0.063008
793645000.000,YZJ,handheld,手持微动,recording,0.460932,3.458977,9.314497,-0.021105,0.010137,0.085713
793645010.000,YZJ,handheld,手持微动,recording,0.414114,3.484008,9.265203,-0.042733,0.085395,0.118676
793645020.000,YZJ,handheld,手持微动,recording,0.398730,3.519929,9.134932,-0.063513,0.130458,0.145525
793645030.000,YZJ,handheld,手持微动,recording,0.425408,3.588683,9.063728,-0.084402,0.140761,0.160532
793645040.000,YZJ,handheld,手持微动,recording,0.481087,3.583054,9.116430,-0.091840,0.131336,0.168816
793645050.000,YZJ,handheld,手持微动,recording,0.535907,3.593811,9.245106,-0.078313,0.093731,0.169920
793645060.000,YZJ,handheld,手持微动,recording,0.715720,3.579762,9.323287,-0.046373,0.028385,0.154338
793645070.000,YZJ,handheld,手持微动,recording,0.885117,3.602125,9.352257,-0.012353,-0.043426,0.121016
793645080.000,YZJ,handheld,手持微动,recording,0.960675,3.618139,9.442727,0.028795,-0.098067,0.081935
793645090.000,YZJ,handheld,手持微动,recording,0.978834,3.620752,9.453971,0.070585,-0.112070,0.051796
793645100.000,YZJ,handheld,手持微动,recording,1.031456,3.652367,9.346450,0.097826,-0.072742,0.030582
793645110.000,YZJ,handheld,手持微动,recording,0.981811,3.671109,9.044505,0.085386,-0.021882,0.016882
793645120.000,YZJ,handheld,手持微动,recording,0.816260,3.657980,8.778966,0.046394,-0.001313,0.011081
793645130.000,YZJ,handheld,手持微动,recording,0.588813,3.649231,8.758392,0.008762,-0.002645,0.024708
793645140.000,YZJ,handheld,手持微动,recording,0.485734,3.626385,8.886751,-0.009829,-0.006773,0.047631
793645150.000,YZJ,handheld,手持微动,recording,0.531224,3.585996,9.060515,-0.011343,0.000595,0.065740
793645160.000,YZJ,handheld,手持微动,recording,0.572376,3.580249,9.123337,-0.003861,0.012829,0.076579
793645170.000,YZJ,handheld,手持微动,recording,0.631736,3.606509,9.104892,0.005791,0.015551,0.077632
793645180.000,YZJ,handheld,手持微动,recording,0.701418,3.673117,9.008128,0.011664,0.010557,0.067743
793645190.000,YZJ,handheld,手持微动,recording,0.694589,3.760375,8.834337,-0.002210,0.014660,0.054702
793645200.000,YZJ,handheld,手持微动,recording,0.557387,3.782588,8.667983,-0.038348,0.032875,0.054297
793645210.000,YZJ,handheld,手持微动,recording,0.436654,3.782610,8.581658,-0.085672,0.047732,0.066597
793645220.000,YZJ,handheld,手持微动,recording,0.406923,3.836776,8.688207,-0.125718,0.071068,0.081509
793645230.000,YZJ,handheld,手持微动,recording,0.342546,3.815719,8.849298,-0.149479,0.094607,0.100141
793645240.000,YZJ,handheld,手持微动,recording,0.250379,3.817507,9.008236,-0.153983,0.103679,0.123733
793645250.000,YZJ,handheld,手持微动,recording,0.231673,3.875640,9.103320,-0.144507,0.110119,0.142622
793645260.000,YZJ,handheld,手持微动,recording,0.163197,3.884555,9.044173,-0.135557,0.109271,0.160247
793645270.000,YZJ,handheld,手持微动,recording,-0.002157,3.861553,8.815139,-0.146281,0.132787,0.189479
793645280.000,YZJ,handheld,手持微动,recording,-0.214715,3.846183,8.553133,-0.182670,0.152472,0.233202
793645290.000,YZJ,handheld,手持微动,recording,-0.402541,3.882399,8.396266,-0.234604,0.153644,0.285396
793645300.000,YZJ,handheld,手持微动,recording,-0.520973,3.929366,8.340845,-0.293887,0.150624,0.337206
793645310.000,YZJ,handheld,手持微动,recording,-0.500452,3.855220,8.398293,-0.351769,0.148533,0.384750
793645320.000,YZJ,handheld,手持微动,recording,-0.386376,3.727885,8.568634,-0.399815,0.147846,0.428281
793645330.000,YZJ,handheld,手持微动,recording,-0.271440,3.643485,8.800615,-0.428960,0.140969,0.463097
793645340.000,YZJ,handheld,手持微动,recording,-0.038533,3.502675,9.030849,-0.444215,0.144964,0.490255
793645350.000,YZJ,handheld,手持微动,recording,0.314080,3.445970,9.346483,-0.434343,0.170932,0.499384
793645360.000,YZJ,handheld,手持微动,recording,0.580138,3.424054,9.567997,-0.404717,0.201507,0.499374
793645370.000,YZJ,handheld,手持微动,recording,0.761994,3.357731,9.728100,-0.351753,0.214980,0.497595
793645380.000,YZJ,handheld,手持微动,recording,1.018577,3.454928,9.697944,-0.305089,0.235635,0.466309
793645390.000,YZJ,handheld,手持微动,recording,1.115370,3.469135,9.534609,-0.273394,0.254500,0.418451
793645400.000,YZJ,handheld,手持微动,recording,0.983126,3.409816,9.337863,-0.260219,0.269334,0.376489
793645410.000,YZJ,handheld,手持微动,recording,0.774107,3.359034,9.176000,-0.256332,0.257473,0.348850
793645420.000,YZJ,handheld,手持微动,recording,0.577571,3.373828,9.151873,-0.255258,0.207678,0.328864
793645430.000,YZJ,handheld,手持微动,recording,0.432786,3.354072,9.302302,-0.238008,0.134503,0.317773
793645440.000,YZJ,handheld,手持微动,recording,0.396893,3.330097,9.436660,-0.206727,0.065965,0.319339
793645450.000,YZJ,handheld,手持微动,recording,0.523923,3.386169,9.510526,-0.180890,0.025176,0.322289
793645460.000,YZJ,handheld,手持微动,recording,0.738702,3.404134,9.539760,-0.172820,0.009291,0.309231
793645470.000,YZJ,handheld,手持微动,recording,0.967780,3.416085,9.612809,-0.170183,0.018775,0.285595
793645480.000,YZJ,handheld,手持微动,recording,1.120848,3.420426,9.710091,-0.169031,0.049993,0.248757
793645490.000,YZJ,handheld,手持微动,recording,1.074766,3.394948,9.842672,-0.157911,0.094705,0.207224
793645500.000,YZJ,handheld,手持微动,recording,0.808743,3.401149,9.935910,-0.131714,0.135794,0.179406
793645510.000,YZJ,handheld,手持微动,recording,0.485714,3.382721,9.909001,-0.105183,0.135924,0.171283
793645520.000,YZJ,handheld,手持微动,recording,0.205366,3.363172,9.911345,-0.079513,0.104930,0.177066
793645530.000,YZJ,handheld,手持微动,recording,0.149105,3.366986,9.997147,-0.042827,0.053971,0.194399
793645540.000,YZJ,handheld,手持微动,recording,0.324474,3.386762,10.076108,-0.000630,-0.007346,0.204870
793645550.000,YZJ,handheld,手持微动,recording,0.623760,3.370350,10.153210,0.033744,-0.031521,0.197230
793645560.000,YZJ,handheld,手持微动,recording,0.838458,3.434840,10.240229,0.071539,-0.001755,0.173973
793645570.000,YZJ,handheld,手持微动,recording,0.914914,3.477558,10.198395,0.111754,0.049249,0.141824
793645580.000,YZJ,handheld,手持微动,recording,0.857103,3.502407,10.088839,0.151825,0.088719,0.103344
793645590.000,YZJ,handheld,手持微动,recording,0.602613,3.451214,9.958971,0.196349,0.113144,0.078855
793645600.000,YZJ,handheld,手持微动,recording,0.349881,3.439142,9.705102,0.235068,0.109425,0.075473
793645610.000,YZJ,handheld,手持微动,recording,0.211016,3.344755,9.294911,0.244828,0.053433,0.083344
793645620.000,YZJ,handheld,手持微动,recording,0.121277,3.320429,8.973998,0.219235,-0.014749,0.100507
793645630.000,YZJ,handheld,手持微动,recording,0.202599,3.374272,8.813782,0.159125,-0.046631,0.118458
793645640.000,YZJ,handheld,手持微动,recording,0.429804,3.385339,8.749234,0.072506,-0.023700,0.120790
793645650.000,YZJ,handheld,手持微动,recording,0.547232,3.364663,8.927328,-0.009031,0.049511,0.112501
793645660.000,YZJ,handheld,手持微动,recording,0.500924,3.256216,9.156612,-0.063217,0.142718,0.109976
793645670.000,YZJ,handheld,手持微动,recording,0.299283,3.176175,9.350994,-0.087572,0.221414,0.112085
793645680.000,YZJ,handheld,手持微动,recording,-0.000935,2.997373,9.545409,-0.076494,0.275440,0.132431
793645690.000,YZJ,handheld,手持微动,recording,-0.246777,2.849998,9.534825,-0.043078,0.300172,0.177828
793645700.000,YZJ,handheld,手持微动,recording,-0.135930,2.780899,9.385236,-0.011443,0.286838,0.212349
793645710.000,YZJ,handheld,手持微动,recording,0.040422,2.913343,9.248589,0.012019,0.239734,0.214974
793645720.000,YZJ,handheld,手持微动,recording,0.116974,2.932934,9.062155,0.024663,0.164541,0.206910
793645730.000,YZJ,handheld,手持微动,recording,0.261063,2.841880,8.748023,0.010657,0.080550,0.195995
793645740.000,YZJ,handheld,手持微动,recording,0.618265,2.833728,8.411784,-0.057128,0.010193,0.155015
793645750.000,YZJ,handheld,手持微动,recording,0.899294,2.739405,8.518389,-0.161011,-0.007851,0.077418
793645760.000,YZJ,handheld,手持微动,recording,0.685651,2.534087,9.102291,-0.232520,0.010847,0.020874
793645770.000,YZJ,handheld,手持微动,recording,0.305651,2.339836,9.636858,-0.256734,0.054164,0.021318
793645780.000,YZJ,handheld,手持微动,recording,0.044416,2.192343,10.043578,-0.244133,0.098534,0.043692
793645790.000,YZJ,handheld,手持微动,recording,-0.156705,2.151488,10.345294,-0.192831,0.114725,0.079883
793645800.000,YZJ,handheld,手持微动,recording,-0.377251,2.125879,10.528282,-0.091472,0.103244,0.133794
793645810.000,YZJ,handheld,手持微动,recording,-0.404561,2.214127,10.454874,0.038439,0.070255,0.205347
793645820.000,YZJ,handheld,手持微动,recording,-0.253270,2.386843,9.999811,0.144979,0.019992,0.271191
793645830.000,YZJ,handheld,手持微动,recording,0.388429,2.630014,9.292401,0.184872,0.002107,0.280086
793645840.000,YZJ,handheld,手持微动,recording,0.978468,2.681072,8.740638,0.146174,-0.007779,0.225576
793645850.000,YZJ,handheld,手持微动,recording,1.066163,2.657755,8.617713,0.090100,0.011540,0.167865
793645860.000,YZJ,handheld,手持微动,recording,0.835951,2.480031,8.667571,0.040781,0.044516,0.142255
793645870.000,YZJ,handheld,手持微动,recording,0.474910,2.383939,8.768431,0.006913,0.055568,0.152318
793645880.000,YZJ,handheld,手持微动,recording,0.315651,2.435601,8.948625,-0.006290,0.038032,0.172709
793645890.000,YZJ,handheld,手持微动,recording,0.318099,2.526687,9.157112,0.002451,0.019791,0.193443
793645900.000,YZJ,handheld,手持微动,recording,0.268846,2.651423,9.193405,0.020477,0.023822,0.227798
793645910.000,YZJ,handheld,手持微动,recording,0.430504,2.757358,9.055350,0.019367,0.051214,0.262415
793645920.000,YZJ,handheld,手持微动,recording,0.796327,2.813825,8.866767,-0.011822,0.103725,0.273328
793645930.000,YZJ,handheld,手持微动,recording,1.081322,2.806525,8.723392,-0.070158,0.160297,0.261899
793645940.000,YZJ,handheld,手持微动,recording,1.323716,2.735046,8.682957,-0.144756,0.191858,0.224856
793645950.000,YZJ,handheld,手持微动,recording,1.391907,2.632086,8.877499,-0.199316,0.189045,0.176922
793645960.000,YZJ,handheld,手持微动,recording,1.304792,2.566972,9.207232,-0.213364,0.160004,0.132665
793645970.000,YZJ,handheld,手持微动,recording,1.287748,2.526998,9.504090,-0.185224,0.099914,0.083663
793645980.000,YZJ,handheld,手持微动,recording,1.234093,2.515883,9.722931,-0.118860,0.037183,0.027745
793645990.000,YZJ,handheld,手持微动,recording,1.176519,2.505668,9.738929,-0.043919,0.007356,-0.024113
793646000.000,YZJ,handheld,手持微动,recording,1.120687,2.443499,9.549870,0.007840,0.010664,-0.077254
793646010.000,YZJ,handheld,手持微动,recording,1.033070,2.285274,9.309929,0.029311,0.023000,-0.123423
793646020.000,YZJ,handheld,手持微动,recording,0.854164,2.197995,9.152650,0.028355,0.059401,-0.146137
793646030.000,YZJ,handheld,手持微动,recording,0.695411,2.197988,9.065759,0.010644,0.094865,-0.152286
793646040.000,YZJ,handheld,手持微动,recording,0.686651,2.212717,9.004394,-0.017401,0.086929,-0.161425
793646050.000,YZJ,handheld,手持微动,recording,0.673319,2.221665,9.074828,-0.044060,0.047133,-0.175387
793646060.000,YZJ,handheld,手持微动,recording,0.739203,2.210605,9.214449,-0.065571,0.018606,-0.194122
793646070.000,YZJ,handheld,手持微动,recording,0.702146,2.141532,9.417931,-0.075984,0.024525,-0.207494
793646080.000,YZJ,handheld,手持微动,recording,0.505605,2.133191,9.572363,-0.073469,0.054244,-0.197414
793646090.000,YZJ,handheld,手持微动,recording,0.330199,2.112281,9.544682,-0.069384,0.080587,-0.170000
793646100.000,YZJ,handheld,手持微动,recording,0.250392,2.114498,9.570756,-0.065228,0.109405,-0.141956
793646110.000,YZJ,handheld,手持微动,recording,0.101543,2.197237,9.625101,-0.052284,0.151088,-0.107300
793646120.000,YZJ,handheld,手持微动,recording,-0.032248,2.212482,9.487114,-0.047336,0.195789,-0.066589
793646130.000,YZJ,handheld,手持微动,recording,-0.089712,2.283276,9.317085,-0.057436,0.224295,-0.029139
793646140.000,YZJ,handheld,手持微动,recording,-0.124544,2.378985,9.143189,-0.085001,0.227907,0.002814
793646150.000,YZJ,handheld,手持微动,recording,-0.052604,2.374818,9.065802,-0.120335,0.204182,0.027463
793646160.000,YZJ,handheld,手持微动,recording,-0.019140,2.387441,9.090281,-0.149056,0.149147,0.044024
793646170.000,YZJ,handheld,手持微动,recording,0.152522,2.355539,9.172264,-0.168593,0.075122,0.046426
793646180.000,YZJ,handheld,手持微动,recording,0.381219,2.293229,9.279085,-0.188814,0.010978,0.031910
793646190.000,YZJ,handheld,手持微动,recording,0.557793,2.219381,9.480474,-0.201318,-0.021322,0.003866
793646200.000,YZJ,handheld,手持微动,recording,0.587348,2.129069,9.764438,-0.201474,-0.024997,-0.024429
793646210.000,YZJ,handheld,手持微动,recording,0.399593,2.043812,10.148630,-0.172574,-0.004743,-0.027658
793646220.000,YZJ,handheld,手持微动,recording,0.262052,1.991831,10.362561,-0.119247,0.018551,-0.011487
793646230.000,YZJ,handheld,手持微动,recording,0.206777,1.994325,10.366865,-0.056653,0.033512,0.006633
793646240.000,YZJ,handheld,手持微动,recording,0.120141,2.068241,10.225742,-0.000884,0.034418,0.029520
793646250.000,YZJ,handheld,手持微动,recording,0.092723,2.131509,10.008969,0.040162,0.018813,0.054769
793646260.000,YZJ,handheld,手持微动,recording,0.118554,2.238272,9.775290,0.061608,0.014602,0.077105
793646270.000,YZJ,handheld,手持微动,recording,0.155481,2.328165,9.527512,0.062376,0.033086,0.094992
793646280.000,YZJ,handheld,手持微动,recording,0.147623,2.406641,9.226856,0.036097,0.042993,0.107797
793646290.000,YZJ,handheld,手持微动,recording,0.221075,2.474895,9.040412,-0.015003,0.041616,0.104075
793646300.000,YZJ,handheld,手持微动,recording,0.315076,2.406277,9.091597,-0.055078,0.036775,0.093228
793646310.000,YZJ,handheld,手持微动,recording,0.336774,2.341326,9.167681,-0.084054,0.022052,0.085043
793646320.000,YZJ,handheld,手持微动,recording,0.422042,2.310249,9.319295,-0.107972,-0.004331,0.070745
793646330.000,YZJ,handheld,手持微动,recording,0.508040,2.286286,9.532254,-0.117601,-0.010541,0.051222
793646340.000,YZJ,handheld,手持微动,recording,0.426859,2.295548,9.796636,-0.109740,0.008821,0.044783
793646350.000,YZJ,handheld,手持微动,recording,0.322126,2.278478,9.879482,-0.090207,0.029524,0.049357
793646360.000,YZJ,handheld,手持微动,recording,0.254325,2.242366,9.880566,-0.070872,0.040831,0.059488
793646370.000,YZJ,handheld,手持微动,recording,0.230844,2.244274,9.871456,-0.057832,0.075987,0.076043
793646380.000,YZJ,handheld,手持微动,recording,0.165229,2.271737,9.871224,-0.046390,0.126577,0.100176
793646390.000,YZJ,handheld,手持微动,recording,0.112601,2.272105,9.840003,-0.044300,0.183566,0.130430
793646400.000,YZJ,handheld,手持微动,recording,0.132247,2.230331,9.876645,-0.036619,0.265995,0.172027
793646410.000,YZJ,handheld,手持微动,recording,0.024158,2.265095,9.956127,-0.014113,0.354184,0.227568
793646420.000,YZJ,handheld,手持微动,recording,-0.071584,2.288985,9.852682,0.018385,0.436970,0.283185
793646430.000,YZJ,handheld,手持微动,recording,0.152828,2.213524,9.680741,0.030796,0.482423,0.296270
793646440.000,YZJ,handheld,手持微动,recording,0.309593,2.268612,9.665975,0.040862,0.476547,0.275397
793646450.000,YZJ,handheld,手持微动,recording,0.309766,2.306865,9.707883,0.076581,0.435787,0.237011
793646460.000,YZJ,handheld,手持微动,recording,0.115196,2.256048,9.643753,0.112673,0.345319,0.198948
793646470.000,YZJ,handheld,手持微动,recording,-0.184309,2.309536,9.667910,0.149258,0.223836,0.189514
793646480.000,YZJ,handheld,手持微动,recording,-0.339155,2.448201,9.756962,0.194057,0.122076,0.195508
793646490.000,YZJ,handheld,手持微动,recording,-0.276029,2.409926,9.662999,0.227487,0.050358,0.197226
793646500.000,YZJ,handheld,手持微动,recording,-0.167745,2.402527,9.503720,0.235996,0.005842,0.191735
793646510.000,YZJ,handheld,手持微动,recording,-0.134648,2.437123,9.365937,0.223241,0.000454,0.186221
793646520.000,YZJ,handheld,手持微动,recording,-0.095958,2.471044,9.256578,0.190949,0.000056,0.178012
793646530.000,YZJ,handheld,手持微动,recording,-0.040408,2.516986,9.234435,0.160928,0.002286,0.165327
793646540.000,YZJ,handheld,手持微动,recording,-0.119935,2.622708,9.274310,0.137529,0.002844,0.156189
793646550.000,YZJ,handheld,手持微动,recording,-0.134895,2.639146,9.241554,0.120955,-0.009984,0.152162
793646560.000,YZJ,handheld,手持微动,recording,-0.172024,2.696187,9.204515,0.105746,-0.032800,0.154084
793646570.000,YZJ,handheld,手持微动,recording,-0.234646,2.785950,9.140207,0.085284,-0.070394,0.162951
793646580.000,YZJ,handheld,手持微动,recording,-0.102137,2.860241,9.122031,0.055755,-0.108055,0.162456
793646590.000,YZJ,handheld,手持微动,recording,0.179075,2.908186,9.242239,0.020829,-0.112519,0.142090
793646600.000,YZJ,handheld,手持微动,recording,0.476886,2.864610,9.446048,-0.004194,-0.078153,0.106133
793646610.000,YZJ,handheld,手持微动,recording,0.654613,2.769861,9.677081,-0.001877,-0.012001,0.067697
793646620.000,YZJ,handheld,手持微动,recording,0.649047,2.738136,9.767751,0.017852,0.047937,0.024808
793646630.000,YZJ,handheld,手持微动,recording,0.467944,2.769002,9.692843,0.043162,0.067779,-0.013309
793646640.000,YZJ,handheld,手持微动,recording,0.152500,2.793609,9.559412,0.078008,0.035991,-0.039259
793646650.000,YZJ,handheld,手持微动,recording,-0.100496,2.806536,9.428332,0.107962,-0.033946,-0.044760
793646660.000,YZJ,handheld,手持微动,recording,-0.196385,2.824968,9.291482,0.128152,-0.112169,-0.044284
793646670.000,YZJ,handheld,手持微动,recording,-0.194803,2.779943,9.140677,0.128778,-0.170662,-0.042532
793646680.000,YZJ,handheld,手持微动,recording,-0.163146,2.711635,8.996234,0.110222,-0.205751,-0.036946
793646690.000,YZJ,handheld,手持微动,recording,-0.144516,2.729920,8.943794,0.076219,-0.211062,-0.031365
793646700.000,YZJ,handheld,手持微动,recording,-0.123963,2.656308,8.970077,0.042326,-0.190812,-0.019605
793646710.000,YZJ,handheld,手持微动,recording,-0.105496,2.694072,9.139641,0.013975,-0.140952,0.003197
793646720.000,YZJ,handheld,手持微动,recording,0.021679,2.738221,9.267234,-0.003147,-0.077584,0.024201
793646730.000,YZJ,handheld,手持微动,recording,0.137177,2.801202,9.334594,-0.016383,-0.034903,0.030876
793646740.000,YZJ,handheld,手持微动,recording,0.299218,2.888291,9.370905,-0.026823,-0.025630,0.019791
793646750.000,YZJ,handheld,手持微动,recording,0.456851,2.870237,9.436568,-0.028426,-0.015955,-0.001352
793646760.000,YZJ,handheld,手持微动,recording,0.446898,2.844893,9.478379,-0.021181,-0.005369,-0.022337
793646770.000,YZJ,handheld,手持微动,recording,0.399430,2.845129,9.492415,-0.006422,-0.021543,-0.047315
793646780.000,YZJ,handheld,手持微动,recording,0.259588,2.830266,9.497830,0.008925,-0.064203,-0.063953
793646790.000,YZJ,handheld,手持微动,recording,0.133099,2.806464,9.515511,0.029520,-0.103744,-0.069927
793646800.000,YZJ,handheld,手持微动,recording,0.090894,2.843847,9.449096,0.039299,-0.133776,-0.071272
793646810.000,YZJ,handheld,手持微动,recording,0.074054,2.798054,9.419692,0.034142,-0.135711,-0.059541
793646820.000,YZJ,handheld,手持微动,recording,0.055740,2.834328,9.430133,0.026096,-0.095125,-0.040069
793646830.000,YZJ,handheld,手持微动,recording,0.122015,2.863370,9.360592,0.008673,-0.060439,-0.030300
793646840.000,YZJ,handheld,手持微动,recording,0.239917,2.839999,9.335347,-0.014128,-0.031180,-0.029286
793646850.000,YZJ,handheld,手持微动,recording,0.202801,2.835207,9.397904,-0.031814,-0.003254,-0.029560
793646860.000,YZJ,handheld,手持微动,recording,0.164890,2.812234,9.459702,-0.037525,0.004736,-0.028781
793646870.000,YZJ,handheld,手持微动,recording,0.119709,2.755487,9.556460,-0.027313,-0.010628,-0.028101
793646880.000,YZJ,handheld,手持微动,recording,0.023766,2.717614,9.653560,-0.001888,-0.045969,-0.018938
793646890.000,YZJ,handheld,手持微动,recording,0.006189,2.732566,9.718824,0.029833,-0.083985,-0.005236
793646900.000,YZJ,handheld,手持微动,recording,0.060262,2.733732,9.683743,0.053757,-0.100316,0.010473
793646910.000,YZJ,handheld,手持微动,recording,0.109256,2.786301,9.622986,0.064886,-0.089968,0.020661
793646920.000,YZJ,handheld,手持微动,recording,0.191450,2.856007,9.552278,0.062714,-0.065244,0.031687
793646930.000,YZJ,handheld,手持微动,recording,0.328408,2.872814,9.463937,0.051620,-0.035966,0.033082
793646940.000,YZJ,handheld,手持微动,recording,0.413632,2.862144,9.420641,0.036877,-0.016775,0.019789
793646950.000,YZJ,handheld,手持微动,recording,0.405793,2.836796,9.455653,0.028651,-0.011022,0.002068
793646960.000,YZJ,handheld,手持微动,recording,0.314523,2.796171,9.496777,0.034760,-0.022921,-0.009701
793646970.000,YZJ,handheld,手持微动,recording,0.213358,2.809989,9.597137,0.052350,-0.048107,-0.016537
793646980.000,YZJ,handheld,手持微动,recording,0.146498,2.788748,9.653300,0.082434,-0.076612,-0.016363
793646990.000,YZJ,handheld,手持微动,recording,0.085017,2.740945,9.623051,0.116389,-0.096556,-0.005807
793647000.000,YZJ,handheld,手持微动,recording,0.027369,2.726446,9.544324,0.140984,-0.102678,0.014746
793647010.000,YZJ,handheld,手持微动,recording,0.053151,2.693442,9.394969,0.149469,-0.097024,0.034942
793647020.000,YZJ,handheld,手持微动,recording,0.118566,2.687783,9.296812,0.143263,-0.080947,0.048093
793647030.000,YZJ,handheld,手持微动,recording,0.177613,2.683890,9.237973,0.126822,-0.057664,0.055146
793647040.000,YZJ,handheld,手持微动,recording,0.185675,2.709820,9.226601,0.110753,-0.045685,0.060781
793647050.000,YZJ,handheld,手持微动,recording,0.224545,2.733197,9.263439,0.097980,-0.043921,0.059939
793647060.000,YZJ,handheld,手持微动,recording,0.279113,2.798199,9.340130,0.092226,-0.035985,0.052912
793647070.000,YZJ,handheld,手持微动,recording,0.337300,2.813656,9.358479,0.085520,-0.035230,0.043570
793647080.000,YZJ,handheld,手持微动,recording,0.340041,2.854395,9.347376,0.076232,-0.029908,0.028795
793647090.000,YZJ,handheld,手持微动,recording,0.304034,2.837763,9.371744,0.062639,-0.028493,0.017552
793647100.000,YZJ,handheld,手持微动,recording,0.263651,2.811289,9.282957,0.042342,-0.029927,0.014542
793647110.000,YZJ,handheld,手持微动,recording,0.238204,2.789405,9.309080,0.014384,-0.031703,0.017002
793647120.000,YZJ,handheld,手持微动,recording,0.312954,2.771557,9.436232,-0.005179,-0.019613,0.024488
793647130.000,YZJ,handheld,手持微动,recording,0.388836,2.700918,9.571076,-0.016608,-0.006495,0.032401
793647140.000,YZJ,handheld,手持微动,recording,0.509997,2.665070,9.723326,-0.017107,0.000847,0.032331
793647150.000,YZJ,handheld,手持微动,recording,0.588575,2.593766,9.889502,-0.004743,0.013691,0.028999
793647160.000,YZJ,handheld,手持微动,recording,0.641160,2.564483,10.012984,0.024534,0.034738,0.022680
793647170.000,YZJ,handheld,手持微动,recording,0.723916,2.530183,10.016808,0.052468,0.049157,0.007480
793647180.000,YZJ,handheld,手持微动,recording,0.714353,2.542789,9.940895,0.075645,0.055945,-0.007154
793647190.000,YZJ,handheld,手持微动,recording,0.641366,2.537773,9.785925,0.086713,0.054802,-0.022075
793647200.000,YZJ,handheld,手持微动,recording,0.559648,2.524919,9.702209,0.089514,0.048230,-0.031046
793647210.000,YZJ,handheld,手持微动,recording,0.473107,2.516868,9.669716,0.093861,0.033361,-0.030991
793647220.000,YZJ,handheld,手持微动,recording,0.445207,2.475371,9.652581,0.100544,0.036508,-0.023628
793647230.000,YZJ,handheld,手持微动,recording,0.433710,2.452803,9.582232,0.100955,0.042661,-0.016830
793647240.000,YZJ,handheld,手持微动,recording,0.484329,2.436122,9.541635,0.102309,0.051500,-0.010611
793647250.000,YZJ,handheld,手持微动,recording,0.476571,2.448578,9.487981,0.102062,0.075312,-0.004706
793647260.000,YZJ,handheld,手持微动,recording,0.512740,2.452013,9.376471,0.096491,0.092552,-0.005685
793647270.000,YZJ,handheld,手持微动,recording,0.491173,2.465883,9.322859,0.088904,0.095102,-0.012674
793647280.000,YZJ,handheld,手持微动,recording,0.393995,2.554345,9.240343,0.076604,0.108430,-0.016307
793647290.000,YZJ,handheld,手持微动,recording,0.360027,2.537303,9.167984,0.054185,0.116420,-0.019690
793647300.000,YZJ,handheld,手持微动,recording,0.344716,2.521044,9.207916,0.037494,0.116156,-0.023430
793647310.000,YZJ,handheld,手持微动,recording,0.328966,2.515358,9.330656,0.032991,0.110908,-0.024268
793647320.000,YZJ,handheld,手持微动,recording,0.328128,2.386375,9.352956,0.030888,0.105657,-0.021149
793647330.000,YZJ,handheld,手持微动,recording,0.316234,2.362213,9.410824,0.037942,0.099860,-0.017353
793647340.000,YZJ,handheld,手持微动,recording,0.276388,2.392282,9.456412,0.051673,0.108574,-0.009515
793647350.000,YZJ,handheld,手持微动,recording,0.221364,2.466807,9.363081,0.057606,0.134501,-0.000365
793647360.000,YZJ,handheld,手持微动,recording,0.170998,2.533279,9.194358,0.047723,0.152082,0.005764
793647370.000,YZJ,handheld,手持微动,recording,0.167031,2.607181,9.123368,0.030862,0.172494,0.007682
793647380.000,YZJ,handheld,手持微动,recording,0.134208,2.676532,9.070666,0.010432,0.184684,0.004723
793647390.000,YZJ,handheld,手持微动,recording,0.055266,2.700100,9.099109,-0.007722,0.165144,0.001436
793647400.000,YZJ,handheld,手持微动,recording,0.029515,2.678517,9.192760,-0.014486,0.126292,-0.000859
793647410.000,YZJ,handheld,手持微动,recording,0.041484,2.619307,9.335258,-0.007805,0.087943,-0.003340
793647420.000,YZJ,handheld,手持微动,recording,-0.011449,2.642517,9.536857,0.016200,0.073975,0.002173
793647430.000,YZJ,handheld,手持微动,recording,-0.058504,2.723937,9.582261,0.049033,0.075706,0.013916
793647440.000,YZJ,handheld,手持微动,recording,-0.091201,2.743616,9.545749,0.079260,0.075305,0.027560
793647450.000,YZJ,handheld,手持微动,recording,-0.129978,2.849490,9.484897,0.102012,0.067394,0.041693
793647460.000,YZJ,handheld,手持微动,recording,-0.058510,2.961714,9.450389,0.114590,0.054248,0.037290
793647470.000,YZJ,handheld,手持微动,recording,-0.036153,3.024534,9.488287,0.134417,0.027999,0.033226
793647480.000,YZJ,handheld,手持微动,recording,0.016652,3.170140,9.536272,0.154051,0.012488,0.025469
793647490.000,YZJ,handheld,手持微动,recording,0.141625,3.236720,9.413081,0.160017,-0.004974,0.011199
793647500.000,YZJ,handheld,手持微动,recording,0.284654,3.287180,9.288272,0.146525,-0.010555,-0.013647
793647510.000,YZJ,handheld,手持微动,recording,0.226514,3.243784,9.220307,0.120972,0.009061,-0.023984
793647520.000,YZJ,handheld,手持微动,recording,0.266232,3.158261,9.151299,0.082190,0.052747,-0.028210
793647530.000,YZJ,handheld,手持微动,recording,0.222772,3.090501,9.286686,0.056824,0.100706,-0.029805
793647540.000,YZJ,handheld,手持微动,recording,0.141220,3.062423,9.479687,0.049806,0.151178,-0.027619
793647550.000,YZJ,handheld,手持微动,recording,0.159247,3.074957,9.568593,0.055560,0.173133,-0.032493
793647560.000,YZJ,handheld,手持微动,recording,0.082527,3.081670,9.703066,0.077617,0.191311,-0.037974
793647570.000,YZJ,handheld,手持微动,recording,0.107400,3.104291,9.661263,0.105381,0.198030,-0.049518
793647580.000,YZJ,handheld,手持微动,recording,0.098788,3.120965,9.531629,0.125611,0.174138,-0.071256
793647590.000,YZJ,handheld,手持微动,recording,0.085497,3.114214,9.405290,0.136556,0.152138,-0.094987
793647600.000,YZJ,handheld,手持微动,recording,0.026820,3.057851,9.296310,0.137810,0.136368,-0.111757
793647610.000,YZJ,handheld,手持微动,recording,-0.063818,3.087282,9.257842,0.135150,0.129993,-0.117807
793647620.000,YZJ,handheld,手持微动,recording,-0.093064,3.064058,9.278181,0.131176,0.141514,-0.126580
793647630.000,YZJ,handheld,手持微动,recording,-0.076568,3.076616,9.284879,0.137517,0.146340,-0.134906
793647640.000,YZJ,handheld,手持微动,recording,-0.212235,3.015652,9.277544,0.150571,0.149943,-0.130066