timestamp_ms,user_name,hold_state,scene_tag,phase,acc_x,acc_y,acc_z,gyro_x,gyro_y,gyro_z
1398066360.000,ZR,handheld,手持微动,recording,-0.486834,5.056700,8.286275,-0.141816,-0.106858,-0.022765
1398066370.000,ZR,handheld,手持微动,recording,-0.752533,5.042531,8.614048,-0.083595,0.007138,0.017813
1398066380.000,ZR,handheld,手持微动,recording,-0.815074,5.036026,8.711127,-0.018499,0.087522,0.059232
1398066390.000,ZR,handheld,手持微动,recording,-0.675332,5.014000,8.571009,0.022930,0.110446,0.082853
1398066400.000,ZR,handheld,手持微动,recording,-0.408482,5.009582,8.289047,0.027885,0.089420,0.077783
1398066410.000,ZR,handheld,手持微动,recording,-0.248551,5.032559,8.033515,-0.000990,0.054566,0.060190
1398066420.000,ZR,handheld,手持微动,recording,-0.236078,5.063963,7.878490,-0.048349,0.031131,0.046253
1398066430.000,ZR,handheld,手持微动,recording,-0.363472,5.052711,7.842111,-0.104667,0.018897,0.047214
1398066440.000,ZR,handheld,手持微动,recording,-0.412111,5.046321,8.065788,-0.147667,0.010354,0.056826
1398066450.000,ZR,handheld,手持微动,recording,-0.402528,4.988208,8.432332,-0.160706,0.002783,0.066871
1398066460.000,ZR,handheld,手持微动,recording,-0.346733,4.905629,8.741756,-0.144044,0.002790,0.067166
1398066470.000,ZR,handheld,手持微动,recording,-0.272838,4.856879,8.982317,-0.105587,0.017534,0.060358
1398066480.000,ZR,handheld,手持微动,recording,-0.258952,4.813253,9.052485,-0.060234,0.034550,0.050487
1398066490.000,ZR,handheld,手持微动,recording,-0.318131,4.822523,8.923858,-0.026511,0.039107,0.042505
1398066500.000,ZR,handheld,手持微动,recording,-0.386356,4.817051,8.715077,-0.015711,0.040356,0.041747
1398066510.000,ZR,handheld,手持微动,recording,-0.493864,4.832733,8.559743,-0.022947,0.038893,0.047317
1398066520.000,ZR,handheld,手持微动,recording,-0.536983,4.822460,8.522254,-0.037306,0.021976,0.055647
1398066530.000,ZR,handheld,手持微动,recording,-0.552509,4.845656,8.505304,-0.053850,-0.008761,0.064616
1398066540.000,ZR,handheld,手持微动,recording,-0.532802,4.831303,8.516493,-0.069278,-0.035586,0.071803
1398066550.000,ZR,handheld,手持微动,recording,-0.473608,4.876561,8.504526,-0.083660,-0.096014,0.073125
1398066560.000,ZR,handheld,手持微动,recording,-0.323467,4.807501,8.329560,-0.107556,-0.127316,0.066457
1398066570.000,ZR,handheld,手持微动,recording,-0.239326,4.826739,8.466436,-0.112202,-0.103153,0.064293
1398066580.000,ZR,handheld,手持微动,recording,-0.239208,4.805085,8.593113,-0.089868,-0.057241,0.068819
1398066590.000,ZR,handheld,手持微动,recording,-0.230879,4.788083,8.741292,-0.052464,0.006573,0.076815
1398066600.000,ZR,handheld,手持微动,recording,-0.188001,4.831738,8.771754,-0.008150,0.052701,0.084004
1398066610.000,ZR,handheld,手持微动,recording,-0.143516,4.833843,8.599664,0.018064,0.075882,0.087638
1398066620.000,ZR,handheld,手持微动,recording,-0.128883,4.891644,8.363228,0.015785,0.072430,0.089890
1398066630.000,ZR,handheld,手持微动,recording,-0.088686,4.908363,8.180991,-0.008693,0.049744,0.090672
1398066640.000,ZR,handheld,手持微动,recording,-0.034996,4.924641,8.134752,-0.044577,0.021117,0.087544
1398066650.000,ZR,handheld,手持微动,recording,-0.040148,4.919302,8.231988,-0.076027,-0.001791,0.087083
1398066660.000,ZR,handheld,手持微动,recording,-0.065838,4.926473,8.428827,-0.094738,-0.022911,0.089241
1398066670.000,ZR,handheld,手持微动,recording,-0.067450,4.858172,8.665653,-0.092172,-0.030641,0.091042
1398066680.000,ZR,handheld,手持微动,recording,-0.011592,4.823775,8.834812,-0.075119,-0.028561,0.091591
1398066690.000,ZR,handheld,手持微动,recording,0.001889,4.781393,8.953238,-0.050281,-0.018510,0.090067
1398066700.000,ZR,handheld,手持微动,recording,0.005200,4.744870,8.971658,-0.024309,-0.004561,0.090686
1398066710.000,ZR,handheld,手持微动,recording,0.015007,4.696214,8.908058,-0.007969,0.002124,0.087114
1398066720.000,ZR,handheld,手持微动,recording,0.063661,4.656507,8.812985,-0.005922,0.001719,0.077828
1398066730.000,ZR,handheld,手持微动,recording,0.074051,4.610172,8.781971,-0.009717,-0.007654,0.062639
1398066740.000,ZR,handheld,手持微动,recording,0.035210,4.572789,8.763001,-0.014141,-0.028075,0.042940
1398066750.000,ZR,handheld,手持微动,recording,-0.026323,4.580865,8.792835,-0.016798,-0.044385,0.025932
1398066760.000,ZR,handheld,手持微动,recording,-0.088308,4.572182,8.797833,-0.014055,-0.050174,0.014801
1398066770.000,ZR,handheld,手持微动,recording,-0.108205,4.589149,8.825114,-0.004875,-0.044521,0.008447
1398066780.000,ZR,handheld,手持微动,recording,-0.109628,4.612289,8.816957,0.010356,-0.025108,0.005074
1398066790.000,ZR,handheld,手持微动,recording,-0.097383,4.644823,8.770204,0.025059,-0.004060,0.001132
1398066800.000,ZR,handheld,手持微动,recording,-0.086656,4.682550,8.712622,0.038662,0.005969,-0.003282
1398066810.000,ZR,handheld,手持微动,recording,-0.110260,4.711780,8.644344,0.046041,0.007311,-0.007778
1398066820.000,ZR,handheld,手持微动,recording,-0.134422,4.729670,8.561330,0.047862,0.006817,-0.010018
1398066830.000,ZR,handheld,手持微动,recording,-0.154148,4.736176,8.460534,0.042630,0.008537,-0.010181
1398066840.000,ZR,handheld,手持微动,recording,-0.171131,4.743751,8.430292,0.033797,0.010831,-0.009851
1398066850.000,ZR,handheld,手持微动,recording,-0.176629,4.753869,8.397062,0.023360,0.010663,-0.006380
1398066860.000,ZR,handheld,手持微动,recording,-0.162647,4.782424,8.396369,0.013862,0.008282,-0.002608
1398066870.000,ZR,handheld,手持微动,recording,-0.146113,4.813113,8.426038,0.010153,0.003278,0.002142
1398066880.000,ZR,handheld,手持微动,recording,-0.131062,4.822438,8.425283,0.009949,0.002371,0.008830
1398066890.000,ZR,handheld,手持微动,recording,-0.073995,4.835531,8.378625,0.007418,0.009184,0.016136
1398066900.000,ZR,handheld,手持微动,recording,-0.034216,4.787597,8.346919,-0.001227,0.023283,0.019879
1398066910.000,ZR,handheld,手持微动,recording,-0.034825,4.751899,8.327288,-0.016289,0.033181,0.021642
1398066920.000,ZR,handheld,手持微动,recording,-0.041317,4.707631,8.382715,-0.033686,0.024121,0.017010
1398066930.000,ZR,handheld,手持微动,recording,-0.042529,4.673457,8.551895,-0.042532,-0.001308,0.007705
1398066940.000,ZR,handheld,手持微动,recording,-0.110084,4.642158,8.709382,-0.039118,-0.021185,0.003557
1398066950.000,ZR,handheld,手持微动,recording,-0.129864,4.665166,8.777412,-0.026798,-0.018960,0.004138
1398066960.000,ZR,handheld,手持微动,recording,-0.137474,4.656261,8.754750,-0.013092,-0.003652,0.007506
1398066970.000,ZR,handheld,手持微动,recording,-0.122689,4.659360,8.732430,-0.003897,0.022549,0.008731
1398066980.000,ZR,handheld,手持微动,recording,-0.108810,4.624692,8.667602,-0.001666,0.035007,0.006858
1398066990.000,ZR,handheld,手持微动,recording,-0.161277,4.627714,8.619364,-0.005303,0.026180,0.001733
1398067000.000,ZR,handheld,手持微动,recording,-0.211776,4.638919,8.639164,-0.009465,0.002025,0.000082
1398067010.000,ZR,handheld,手持微动,recording,-0.235555,4.646676,8.616935,-0.009870,-0.021956,-0.000285
1398067020.000,ZR,handheld,手持微动,recording,-0.228768,4.666471,8.622057,-0.008839,-0.029304,0.000000
1398067030.000,ZR,handheld,手持微动,recording,-0.180323,4.681051,8.573990,-0.003487,-0.019125,0.001433
1398067040.000,ZR,handheld,手持微动,recording,-0.114326,4.690200,8.522307,-0.000052,0.000740,0.001197
1398067050.000,ZR,handheld,手持微动,recording,-0.045139,4.705873,8.464264,-0.001983,0.019976,-0.000762
1398067060.000,ZR,handheld,手持微动,recording,0.000830,4.721035,8.412445,-0.009809,0.027412,-0.007697
1398067070.000,ZR,handheld,手持微动,recording,0.010202,4.727173,8.379253,-0.024404,0.022894,-0.017567
1398067080.000,ZR,handheld,手持微动,recording,-0.026565,4.705468,8.440781,-0.039189,0.019938,-0.027262
1398067090.000,ZR,handheld,手持微动,recording,-0.108754,4.713287,8.536211,-0.044065,0.015094,-0.031717
1398067100.000,ZR,handheld,手持微动,recording,-0.184631,4.706527,8.633127,-0.040110,0.009725,-0.029307
1398067110.000,ZR,handheld,手持微动,recording,-0.192256,4.710003,8.684914,-0.027591,0.010381,-0.027050
1398067120.000,ZR,handheld,手持微动,recording,-0.149161,4.721427,8.698875,-0.013319,0.010326,-0.025911
1398067130.000,ZR,handheld,手持微动,recording,-0.121118,4.748257,8.661154,-0.001080,0.007188,-0.026052
1398067140.000,ZR,handheld,手持微动,recording,-0.031154,4.762371,8.530399,0.003481,0.005929,-0.030774
1398067150.000,ZR,handheld,手持微动,recording,0.035499,4.778961,8.427672,-0.002952,0.009770,-0.040467
1398067160.000,ZR,handheld,手持微动,recording,-0.016205,4.797467,8.346609,-0.019175,0.015637,-0.045909
1398067170.000,ZR,handheld,手持微动,recording,-0.128760,4.799557,8.364049,-0.040967,0.016672,-0.043775
1398067180.000,ZR,handheld,手持微动,recording,-0.223703,4.759394,8.462352,-0.060714,0.008141,-0.038998
1398067190.000,ZR,handheld,手持微动,recording,-0.264811,4.721752,8.663363,-0.066525,-0.002663,-0.035717
1398067200.000,ZR,handheld,手持微动,recording,-0.257399,4.679529,8.871235,-0.054201,-0.008375,-0.035830
1398067210.000,ZR,handheld,手持微动,recording,-0.307327,4.667102,9.016682,-0.028739,-0.006191,-0.036938
1398067220.000,ZR,handheld,手持微动,recording,-0.390138,4.641485,9.047744,0.001976,0.003083,-0.035891
1398067230.000,ZR,handheld,手持微动,recording,-0.476895,4.668931,8.992265,0.029041,0.013293,-0.027325
1398067240.000,ZR,handheld,手持微动,recording,-0.542002,4.703877,8.874714,0.047065,0.013164,-0.016281
1398067250.000,ZR,handheld,手持微动,recording,-0.584654,4.723952,8.699319,0.048508,0.005608,-0.003401
1398067260.000,ZR,handheld,手持微动,recording,-0.546345,4.742504,8.559209,0.038264,-0.001771,0.010085
1398067270.000,ZR,handheld,手持微动,recording,-0.508841,4.750804,8.482467,0.024325,-0.006882,0.022383
1398067280.000,ZR,handheld,手持微动,recording,-0.420431,4.744201,8.444837,0.009023,-0.010463,0.031928
1398067290.000,ZR,handheld,手持微动,recording,-0.339625,4.716137,8.470243,0.001022,-0.007374,0.034869
1398067300.000,ZR,handheld,手持微动,recording,-0.282924,4.719754,8.547054,0.006724,0.001569,0.032726
1398067310.000,ZR,handheld,手持微动,recording,-0.188002,4.710283,8.558335,0.019699,0.020660,0.029224
1398067320.000,ZR,handheld,手持微动,recording,-0.162995,4.725631,8.529412,0.034603,0.041481,0.024447
1398067330.000,ZR,handheld,手持微动,recording,-0.170004,4.733551,8.434041,0.045239,0.064455,0.021683
1398067340.000,ZR,handheld,手持微动,recording,-0.161636,4.735706,8.352604,0.048448,0.086303,0.018486
1398067350.000,ZR,handheld,手持微动,recording,-0.151577,4.723896,8.256999,0.048796,0.112565,0.017509
1398067360.000,ZR,handheld,手持微动,recording,-0.144851,4.709998,8.261573,0.054052,0.168230,0.020142
1398067370.000,ZR,handheld,手持微动,recording,-0.163863,4.642627,8.498170,0.097520,0.353273,0.039508
1398067380.000,ZR,handheld,手持微动,recording,-0.261846,4.539993,9.276303,0.244427,0.789429,0.100026
1398067390.000,ZR,handheld,手持微动,recording,-0.396397,4.299073,10.456969,0.542089,1.478406,0.185489
1398067400.000,ZR,handheld,手持微动,recording,-0.168350,4.067337,11.541627,0.990875,2.425268,0.276781
1398067410.000,ZR,handheld,手持微动,recording,0.336266,3.463663,12.775972,1.633548,3.827541,0.367824
1398067420.000,ZR,handheld,手持微动,recording,1.489601,3.128419,15.497745,2.638021,5.739384,0.405191
1398067430.000,ZR,handheld,手持微动,recording,2.250586,2.406948,17.407732,3.916175,7.928070,0.501452
1398067440.000,ZR,handheld,手持微动,recording,2.407567,2.128113,18.612532,5.416559,10.579157,0.762018
1398067450.000,ZR,handheld,手持微动,recording,2.802877,1.420448,19.045366,7.049088,13.209933,1.147571
1398067460.000,ZR,handheld,手持微动,recording,2.486230,0.472391,17.536463,8.665067,15.513849,1.745763
1398067470.000,ZR,handheld,手持微动,recording,2.834361,0.216491,13.242084,9.782609,17.143178,2.400704
1398067480.000,ZR,handheld,手持微动,recording,4.111698,0.650448,6.265162,10.219958,17.810355,2.981022
1398067490.000,ZR,handheld,手持微动,recording,4.719962,1.173648,-2.659070,9.689752,17.621733,3.343873
1398067500.000,ZR,handheld,手持微动,recording,3.528289,2.688361,-8.824394,8.350489,16.134924,3.490326
1398067510.000,ZR,handheld,手持微动,recording,0.210520,4.520879,-12.399748,6.658328,13.641441,3.586246
1398067520.000,ZR,handheld,手持微动,recording,-1.152044,6.171058,-13.510981,4.935798,10.639666,3.539482
1398067530.000,ZR,handheld,手持微动,recording,1.369001,7.358972,-13.000308,3.302854,7.327872,3.082194
1398067540.000,ZR,handheld,手持微动,recording,6.126409,8.109114,-12.515019,1.833572,3.860959,2.094107
1398067550.000,ZR,handheld,手持微动,recording,10.209810,8.234853,-12.463872,0.445586,0.381900,0.591087
1398067560.000,ZR,handheld,手持微动,recording,11.742374,8.754953,-12.288611,-0.796984,-2.437049,-0.985326
1398067570.000,ZR,handheld,手持微动,recording,10.229550,8.658343,-12.920684,-2.082552,-4.930066,-2.428869
1398067580.000,ZR,handheld,手持微动,recording,6.667781,7.357360,-13.177323,-3.457957,-7.030790,-3.551029
1398067590.000,ZR,handheld,手持微动,recording,2.640963,6.685430,-11.284406,-4.805430,-8.755634,-4.267832
1398067600.000,ZR,handheld,手持微动,recording,0.767320,6.005121,-8.419227,-6.051942,-10.604284,-4.692825
1398067610.000,ZR,handheld,手持微动,recording,1.372698,4.762865,-5.207252,-7.171272,-12.714971,-4.997169
1398067620.000,ZR,handheld,手持微动,recording,3.595061,2.739002,-1.778660,-8.169308,-14.859461,-5.304756
1398067630.000,ZR,handheld,手持微动,recording,4.907910,1.152895,2.082475,-8.975088,-16.723043,-5.522630
1398067640.000,ZR,handheld,手持微动,recording,4.642445,-0.063520,7.161169,-9.486815,-18.141688,-5.546995
1398067650.000,ZR,handheld,手持微动,recording,2.900058,-1.159212,12.049920,-9.616972,-19.211883,-5.284703
1398067660.000,ZR,handheld,手持微动,recording,-0.677615,-1.484293,16.186248,-9.389566,-19.950482,-4.596889
1398067670.000,ZR,handheld,手持微动,recording,-4.539523,-1.130686,18.859682,-8.779608,-20.138401,-3.404724
1398067680.000,ZR,handheld,手持微动,recording,-6.450367,-0.669126,22.324541,-7.537095,-19.367831,-1.907385
1398067690.000,ZR,handheld,手持微动,recording,-5.238252,-0.814887,26.624728,-5.426910,-16.932848,-0.562536
1398067700.000,ZR,handheld,手持微动,recording,-1.685757,-0.393046,29.862141,-2.752957,-12.481704,0.341235
1398067710.000,ZR,handheld,手持微动,recording,2.046423,0.551700,28.412752,-0.012519,-6.294005,0.902534
1398067720.000,ZR,handheld,手持微动,recording,6.199681,1.044574,23.468765,2.321206,0.474112,1.171337
1398067730.000,ZR,handheld,手持微动,recording,10.906777,1.247239,17.646951,3.850429,5.745059,1.073964
1398067740.000,ZR,handheld,手持微动,recording,11.978111,1.035964,13.630014,4.739531,9.151730,0.833167
1398067750.000,ZR,handheld,手持微动,recording,11.050751,0.804496,10.803787,5.219306,10.948079,0.610838
1398067760.000,ZR,handheld,手持微动,recording,7.641043,0.465141,9.104069,5.421228,11.522410,0.595779
1398067770.000,ZR,handheld,手持微动,recording,5.066705,0.449894,8.377270,5.532768,11.728073,0.740617
1398067780.000,ZR,handheld,手持微动,recording,3.525529,0.917316,8.762222,5.779887,12.495255,1.019012
1398067790.000,ZR,handheld,手持微动,recording,1.374315,0.565709,11.436686,6.457016,14.672285,1.575070
1398067800.000,ZR,handheld,手持微动,recording,1.634098,0.972955,16.100168,7.810285,17.466088,2.296480
1398067810.000,ZR,handheld,手持微动,recording,1.235498,0.701224,16.557815,9.323628,19.548229,3.125545
1398067820.000,ZR,handheld,手持微动,recording,1.111647,1.410075,10.280411,10.058188,20.147930,3.990437
1398067830.000,ZR,handheld,手持微动,recording,2.230079,2.192214,1.330989,9.636655,19.130304,4.539822
1398067840.000,ZR,handheld,手持微动,recording,2.246238,2.991086,-6.850810,8.208892,16.627598,4.689892
1398067850.000,ZR,handheld,手持微动,recording,1.928344,4.719449,-11.716113,6.229977,12.901329,4.445940
1398067860.000,ZR,handheld,手持微动,recording,4.062191,6.245548,-14.700359,3.931696,8.121538,3.484442
1398067870.000,ZR,handheld,手持微动,recording,7.799992,7.441292,-16.245003,1.758918,3.132054,1.928217
1398067880.000,ZR,handheld,手持微动,recording,12.382783,8.819344,-17.277447,-0.418954,-2.107596,-0.080416
1398067890.000,ZR,handheld,手持微动,recording,13.537943,7.811768,-17.908870,-2.650973,-6.659599,-2.130218
1398067900.000,ZR,handheld,手持微动,recording,11.309747,6.253630,-15.452282,-4.735766,-9.857996,-3.695645
1398067910.000,ZR,handheld,手持微动,recording,8.207515,4.097941,-11.248083,-6.482773,-11.927424,-4.670669
1398067920.000,ZR,handheld,手持微动,recording,5.835363,2.191868,-5.803542,-7.788294,-13.279334,-5.159270
1398067930.000,ZR,handheld,手持微动,recording,4.901105,0.944179,0.108642,-8.649326,-14.377179,-5.381118
1398067940.000,ZR,handheld,手持微动,recording,4.721937,-0.345221,5.477979,-9.078826,-15.423769,-5.494388
1398067950.000,ZR,handheld,手持微动,recording,3.827171,-1.293206,10.796614,-9.077816,-16.080853,-5.471942
1398067960.000,ZR,handheld,手持微动,recording,2.209782,-1.022145,15.128391,-8.722031,-16.397053,-5.287473
1398067970.000,ZR,handheld,手持微动,recording,-0.268789,-1.165913,17.232703,-8.204707,-16.573292,-4.856473
1398067980.000,ZR,handheld,手持微动,recording,-3.688152,-0.862317,18.512865,-7.532549,-16.582209,-3.990794
1398067990.000,ZR,handheld,手持微动,recording,-6.060890,0.111182,21.261423,-6.354850,-15.699949,-2.688114
1398068000.000,ZR,handheld,手持微动,recording,-6.306351,0.848723,24.512346,-4.600272,-13.006758,-1.392836
1398068010.000,ZR,handheld,手持微动,recording,-5.323917,0.909950,26.341596,-2.324269,-8.674234,-0.284162
1398068020.000,ZR,handheld,手持微动,recording,-4.186540,0.885892,24.436654,-0.015557,-2.987032,0.743050
1398068030.000,ZR,handheld,手持微动,recording,-2.361852,0.023033,22.378945,2.171177,3.539486,1.762405
1398068040.000,ZR,handheld,手持微动,recording,2.643651,-0.084016,22.610404,4.163044,9.219324,2.394593
1398068050.000,ZR,handheld,手持微动,recording,6.979298,-0.861415,21.010058,5.756992,13.512219,2.637199
1398068060.000,ZR,handheld,手持微动,recording,8.256047,-1.210863,18.673186,6.996769,16.528915,2.798819
1398068070.000,ZR,handheld,手持微动,recording,7.670848,-1.846785,17.320051,8.066657,18.563008,3.019964
1398068080.000,ZR,handheld,手持微动,recording,5.302874,-1.291377,16.829656,9.181481,19.987621,3.441363
1398068090.000,ZR,handheld,手持微动,recording,1.477469,0.043764,13.477034,9.907885,20.509127,4.153090
1398068100.000,ZR,handheld,手持微动,recording,-1.149057,1.912104,6.175023,9.802747,20.126609,4.975805
1398068110.000,ZR,handheld,手持微动,recording,-3.568834,2.965655,-1.766489,8.653824,18.916931,5.700837
1398068120.000,ZR,handheld,手持微动,recording,-5.703424,3.720746,-5.722761,6.990364,16.854629,6.258841
1398068130.000,ZR,handheld,手持微动,recording,-4.547132,4.554434,-5.447736,5.486096,14.257971,6.387487
1398068140.000,ZR,handheld,手持微动,recording,0.250279,5.133700,-4.854457,4.265642,11.564243,5.897522
1398068150.000,ZR,handheld,手持微动,recording,6.331867,6.041555,-5.284813,3.155181,8.678786,4.736512
1398068160.000,ZR,handheld,手持微动,recording,12.746971,7.657040,-7.141157,1.887141,4.935378,2.792304
1398068170.000,ZR,handheld,手持微动,recording,17.887757,8.893373,-10.303236,0.474463,0.663737,0.510866
1398068180.000,ZR,handheld,手持微动,recording,19.408961,8.402227,-13.486703,-1.282868,-3.871735,-1.930795
1398068190.000,ZR,handheld,手持微动,recording,16.112306,6.243509,-14.390464,-3.216490,-7.696126,-3.958581
1398068200.000,ZR,handheld,手持微动,recording,10.437191,4.333090,-10.953733,-4.958813,-10.483709,-5.197472
1398068210.000,ZR,handheld,手持微动,recording,6.270248,2.494501,-5.964613,-6.392646,-12.481834,-5.783447
1398068220.000,ZR,handheld,手持微动,recording,4.657608,1.346439,-0.184215,-7.251359,-13.850480,-5.957476
1398068230.000,ZR,handheld,手持微动,recording,5.035622,0.430839,5.699339,-7.615092,-14.866178,-6.091427
1398068240.000,ZR,handheld,手持微动,recording,5.272321,-0.180361,9.914649,-7.603673,-15.687394,-6.272755
1398068250.000,ZR,handheld,手持微动,recording,4.486255,-1.355726,12.534795,-7.453724,-16.144721,-6.473414
1398068260.000,ZR,handheld,手持微动,recording,1.981298,-2.119351,13.909616,-7.286145,-16.354615,-6.477570
1398068270.000,ZR,handheld,手持微动,recording,-0.937536,-2.185348,14.174980,-7.186534,-16.501029,-6.152426
1398068280.000,ZR,handheld,手持微动,recording,-4.940515,-1.999520,13.777964,-7.119984,-16.420985,-5.313338
1398068290.000,ZR,handheld,手持微动,recording,-7.622453,-1.226630,16.223977,-6.708263,-15.543906,-4.010289
1398068300.000,ZR,handheld,手持微动,recording,-8.181282,-0.394138,20.858360,-5.488908,-13.207534,-2.517227
1398068310.000,ZR,handheld,手持微动,recording,-8.306991,-0.150809,24.643083,-3.626145,-9.757760,-1.198165
1398068320.000,ZR,handheld,手持微动,recording,-7.548465,0.130576,25.447744,-1.465695,-5.401921,0.019102
1398068330.000,ZR,handheld,手持微动,recording,-4.969133,0.092510,23.575127,0.589464,-0.334131,1.032251
1398068340.000,ZR,handheld,手持微动,recording,-0.737141,0.156284,21.470023,2.416650,4.495735,1.698539
1398068350.000,ZR,handheld,手持微动,recording,1.316611,-0.053136,18.823794,3.836713,8.633785,2.137666
1398068360.000,ZR,handheld,手持微动,recording,2.218916,0.290979,16.647941,4.866855,12.006165,2.489739
1398068370.000,ZR,handheld,手持微动,recording,0.680924,0.655698,15.326989,5.662417,14.402204,2.915194
1398068380.000,ZR,handheld,手持微动,recording,-1.677283,1.507021,14.629307,6.345275,15.942221,3.517135
1398068390.000,ZR,handheld,手持微动,recording,-4.445876,2.072363,13.718130,6.855413,16.808605,4.239750
1398068400.000,ZR,handheld,手持微动,recording,-6.333172,2.530371,12.479034,7.158430,17.196415,5.008992
1398068410.000,ZR,handheld,手持微动,recording,-7.530404,3.688784,9.849673,7.147480,16.930943,5.764920
1398068420.000,ZR,handheld,手持微动,recording,-8.062425,4.225081,5.778400,6.682214,15.793625,6.346071
1398068430.000,ZR,handheld,手持微动,recording,-6.243872,4.261445,1.811389,5.807236,14.132511,6.618045
1398068440.000,ZR,handheld,手持微动,recording,-2.553834,4.068286,0.423244,4.936036,12.590462,6.413318
1398068450.000,ZR,handheld,手持微动,recording,2.320761,5.011515,-0.007063,4.196442,11.057196,5.734157
1398068460.000,ZR,handheld,手持微动,recording,6.595011,6.032168,-1.220182,3.430049,9.176766,4.623399
1398068470.000,ZR,handheld,手持微动,recording,10.311501,7.154202,-2.609294,2.571628,6.692156,3.114307
1398068480.000,ZR,handheld,手持微动,recording,12.985830,7.839030,-3.830512,1.686188,3.718536,1.386031
1398068490.000,ZR,handheld,手持微动,recording,14.328225,7.911535,-4.280855,0.857692,0.721543,-0.410373
1398068500.000,ZR,handheld,手持微动,recording,12.974555,6.886986,-4.246953,0.078035,-1.682203,-2.077623
1398068510.000,ZR,handheld,手持微动,recording,9.776115,6.236923,-4.988851,-0.758073,-3.699517,-3.393905
1398068520.000,ZR,handheld,手持微动,recording,7.098061,4.782688,-5.257958,-1.731150,-5.791290,-4.511835
1398068530.000,ZR,handheld,手持微动,recording,5.091211,3.862896,-4.871604,-2.744182,-7.806054,-5.403500
1398068540.000,ZR,handheld,手持微动,recording,4.697569,2.415601,-3.774603,-3.850551,-9.989323,-6.271009
1398068550.000,ZR,handheld,手持微动,recording,4.836703,0.399833,-2.124027,-5.046273,-12.247067,-7.144171
1398068560.000,ZR,handheld,手持微动,recording,3.829881,-1.870305,0.672978,-6.259298,-14.323356,-7.871094
1398068570.000,ZR,handheld,手持微动,recording,2.039979,-3.562311,4.445197,-7.364764,-15.927292,-8.276861
1398068580.000,ZR,handheld,手持微动,recording,-0.178717,-4.515406,9.259716,-8.193524,-17.118769,-8.300905
1398068590.000,ZR,handheld,手持微动,recording,-2.182132,-5.002160,13.723856,-8.693366,-18.115449,-7.953259
1398068600.000,ZR,handheld,手持微动,recording,-3.942357,-5.320935,17.854514,-8.845772,-18.846480,-7.167481
1398068610.000,ZR,handheld,手持微动,recording,-5.245472,-4.980260,22.815500,-8.458544,-19.016875,-5.996740
1398068620.000,ZR,handheld,手持微动,recording,-6.503196,-4.694261,28.730623,-7.251726,-18.283832,-4.616677
1398068630.000,ZR,handheld,手持微动,recording,-7.847039,-4.314723,35.146075,-5.059339,-16.110783,-3.163793
1398068640.000,ZR,handheld,手持微动,recording,-7.905468,-4.380496,37.285327,-2.227015,-12.114343,-1.832868
1398068650.000,ZR,handheld,手持微动,recording,-5.905399,-3.784729,34.193206,0.655801,-6.839044,-0.719143
1398068660.000,ZR,handheld,手持微动,recording,-2.022959,-2.831589,26.375028,2.829311,-1.366302,0.096133
1398068670.000,ZR,handheld,手持微动,recording,2.093488,-1.649926,17.398066,4.007466,3.109414,0.584560
1398068680.000,ZR,handheld,手持微动,recording,4.977730,-0.492434,11.964221,4.496097,6.134606,0.758565
1398068690.000,ZR,handheld,手持微动,recording,5.812035,0.846960,8.445843,4.543521,7.698060,0.725877
1398068700.000,ZR,handheld,手持微动,recording,4.000606,1.218896,5.483337,4.240174,8.405764,0.735446
1398068710.000,ZR,handheld,手持微动,recording,1.164162,1.513335,5.144385,3.920408,8.827073,0.949519
1398068720.000,ZR,handheld,手持微动,recording,-1.230703,1.486900,8.193417,3.951176,9.714487,1.360299
1398068730.000,ZR,handheld,手持微动,recording,-2.930979,1.531428,13.222510,4.586320,11.604465,2.014735
1398068740.000,ZR,handheld,手持微动,recording,-3.335828,1.282224,18.281351,5.932109,14.156657,2.878432
1398068750.000,ZR,handheld,手持微动,recording,-3.086448,0.484669,20.513677,7.503431,16.734175,3.782661
1398068760.000,ZR,handheld,手持微动,recording,-2.742946,-0.193217,18.709586,8.873987,19.035148,4.775759
1398068770.000,ZR,handheld,手持微动,recording,-2.280550,-0.319410,13.894312,9.612924,20.435318,5.742971
1398068780.000,ZR,handheld,手持微动,recording,-2.490585,0.235289,7.652285,9.526282,20.418769,6.535964
1398068790.000,ZR,handheld,手持微动,recording,-2.358999,0.747071,1.912076,8.629588,19.073140,7.001788
1398068800.000,ZR,handheld,手持微动,recording,-0.757166,1.268176,-1.935780,7.346474,16.788081,6.979691
1398068810.000,ZR,handheld,手持微动,recording,2.411445,2.008988,-4.313198,5.962641,13.838349,6.435811
1398068820.000,ZR,handheld,手持微动,recording,6.745484,3.548425,-5.623122,4.663389,10.482613,5.362402
1398068830.000,ZR,handheld,手持微动,recording,11.993586,5.408380,-7.280340,3.397422,7.042828,3.694821
1398068840.000,ZR,handheld,手持微动,recording,16.069230,6.514647,-9.995539,2.097847,3.441478,1.680765
1398068850.000,ZR,handheld,手持微动,recording,17.825290,7.219249,-13.179815,0.547934,-0.506367,-0.536583
1398068860.000,ZR,handheld,手持微动,recording,16.030784,6.499307,-15.328853,-1.252802,-4.495962,-2.651696
1398068870.000,ZR,handheld,手持微动,recording,11.851525,5.020549,-15.207373,-3.160894,-8.026847,-4.306876
1398068880.000,ZR,handheld,手持微动,recording,6.906784,3.060548,-11.939189,-4.852609,-10.686698,-5.271917
1398068890.000,ZR,handheld,手持微动,recording,3.795613,1.872598,-6.810777,-6.119547,-12.444300,-5.691856
1398068900.000,ZR,handheld,手持微动,recording,3.247674,1.291292,-0.546915,-6.862011,-13.691205,-5.878226
1398068910.000,ZR,handheld,手持微动,recording,3.947293,0.629656,5.087330,-7.107819,-14.591310,-6.129242
1398068920.000,ZR,handheld,手持微动,recording,4.252770,0.148897,9.095597,-7.097558,-15.325156,-6.529719
1398068930.000,ZR,handheld,手持微动,recording,2.463873,-1.349695,10.559284,-7.126991,-16.171143,-6.862005
1398068940.000,ZR,handheld,手持微动,recording,-0.558845,-2.470460,11.514130,-7.311179,-16.911288,-6.914846
1398068950.000,ZR,handheld,手持微动,recording,-4.448394,-2.597634,13.604598,-7.492271,-17.350771,-6.482933
1398068960.000,ZR,handheld,手持微动,recording,-7.823731,-1.726962,16.829992,-7.402844,-17.448790,-5.474555
1398068970.000,ZR,handheld,手持微动,recording,-10.118594,-0.847534,21.192465,-6.766497,-17.055631,-4.128694
1398068980.000,ZR,handheld,手持微动,recording,-9.559255,-0.115322,26.189205,-5.374544,-15.901895,-2.741229
1398068990.000,ZR,handheld,手持微动,recording,-8.278368,0.006626,29.674711,-3.337921,-13.831690,-1.582174
1398069000.000,ZR,handheld,手持微动,recording,-5.662689,-0.543522,28.769554,-1.123753,-10.878533,-0.744398
1398069010.000,ZR,handheld,手持微动,recording,-2.969000,-1.232730,23.311818,0.638097,-7.359487,-0.194346
1398069020.000,ZR,handheld,手持微动,recording,0.171851,-0.745819,18.004005,1.847324,-3.621399,0.152099
1398069030.000,ZR,handheld,手持微动,recording,3.375858,0.213617,13.322608,2.650864,0.146405,0.336249
1398069040.000,ZR,handheld,手持微动,recording,5.143724,0.998456,10.571877,3.197372,3.837709,0.434566
1398069050.000,ZR,handheld,手持微动,recording,4.728072,1.751588,10.000553,3.747613,6.829737,0.585170
1398069060.000,ZR,handheld,手持微动,recording,5.041493,2.392096,9.838555,4.254997,8.942003,0.710398
1398069070.000,ZR,handheld,手持微动,recording,3.870111,1.512398,9.142397,4.704272,10.693758,0.908189
1398069080.000,ZR,handheld,手持微动,recording,1.799274,1.585714,10.592818,5.343387,12.732437,1.317651
1398069090.000,ZR,handheld,手持微动,recording,0.551403,1.862006,12.720812,6.313202,15.018484,1.950501
1398069100.000,ZR,handheld,手持微动,recording,0.104647,1.124534,13.518664,7.443706,17.319469,2.703009
1398069110.000,ZR,handheld,手持微动,recording,0.333945,0.907273,13.139390,8.490559,19.165681,3.466834
1398069120.000,ZR,handheld,手持微动,recording,0.916570,0.748183,10.271183,9.183855,20.087303,4.162217
1398069130.000,ZR,handheld,手持微动,recording,0.841728,1.068115,5.281956,9.211934,19.666833,4.678994
1398069140.000,ZR,handheld,手持微动,recording,-1.181143,2.132466,-0.991228,8.412775,17.879389,5.054874
1398069150.000,ZR,handheld,手持微动,recording,-3.599998,2.709045,-5.660903,7.091442,15.180764,5.312795
1398069160.000,ZR,handheld,手持微动,recording,-3.225038,3.405297,-7.031279,5.670080,12.002858,5.245139
1398069170.000,ZR,handheld,手持微动,recording,0.095055,4.670405,-6.480875,4.448943,8.613975,4.649976
1398069180.000,ZR,handheld,手持微动,recording,6.263309,6.856091,-7.314214,3.243215,4.796258,3.307177
1398069190.000,ZR,handheld,手持微动,recording,12.718131,8.079086,-11.758912,1.757175,0.666970,1.378227
1398069200.000,ZR,handheld,手持微动,recording,16.254199,7.378147,-16.970456,-0.166398,-3.760039,-0.872508
1398069210.000,ZR,handheld,手持微动,recording,14.529989,6.325054,-18.196105,-2.284215,-7.351430,-2.954358
1398069220.000,ZR,handheld,手持微动,recording,9.363399,5.295647,-15.035587,-4.159610,-9.771158,-4.357373
1398069230.000,ZR,handheld,手持微动,recording,4.042417,3.426623,-11.650448,-5.763161,-11.427378,-5.062358
1398069240.000,ZR,handheld,手持微动,recording,-0.270010,1.907738,-7.655266,-7.068321,-12.431946,-5.139893
1398069250.000,ZR,handheld,手持微动,recording,-2.460159,1.246165,-1.703676,-7.922724,-13.049358,-4.893212
1398069260.000,ZR,handheld,手持微动,recording,-1.740527,1.422664,4.216977,-8.244705,-13.613091,-4.691777
1398069270.000,ZR,handheld,手持微动,recording,-0.515653,0.701949,8.544821,-8.215376,-14.396306,-4.635331
1398069280.000,ZR,handheld,手持微动,recording,-0.941224,-0.155659,11.858508,-8.009153,-15.022682,-4.544958
1398069290.000,ZR,handheld,手持微动,recording,-2.255704,-0.140886,15.875407,-7.575332,-15.447518,-4.321367
1398069300.000,ZR,handheld,手持微动,recording,-4.432821,0.282580,18.319224,-6.961501,-15.928626,-3.841135
1398069310.000,ZR,handheld,手持微动,recording,-6.540347,0.571662,18.774147,-6.286050,-16.193312,-2.993532
1398069320.000,ZR,handheld,手持微动,recording,-5.938036,0.650988,19.383841,-5.447320,-15.772924,-2.044103
1398069330.000,ZR,handheld,手持微动,recording,-3.992671,0.329980,19.835037,-4.399652,-14.506538,-1.183584
1398069340.000,ZR,handheld,手持微动,recording,-1.336761,-0.068751,20.546065,-3.100275,-12.171557,-0.512036
1398069350.000,ZR,handheld,手持微动,recording,1.385117,0.271790,20.444773,-1.585126,-8.844279,-0.048489
1398069360.000,ZR,handheld,手持微动,recording,4.369753,0.509061,18.209008,-0.207575,-5.120306,0.163123
1398069370.000,ZR,handheld,手持微动,recording,6.823260,1.040310,15.132118,0.889748,-1.493270,0.151945
1398069380.000,ZR,handheld,手持微动,recording,8.590644,1.415653,11.889127,1.693020,1.709665,-0.043337
1398069390.000,ZR,handheld,手持微动,recording,8.540989,1.842662,9.203476,2.223795,4.360363,-0.291162
1398069400.000,ZR,handheld,手持微动,recording,6.572631,1.942758,7.727746,2.608856,6.606197,-0.408708
1398069410.000,ZR,handheld,手持微动,recording,4.337428,2.364980,7.839260,2.967566,8.271804,-0.321309
1398069420.000,ZR,handheld,手持微动,recording,2.243830,1.916584,8.705274,3.418326,9.667564,-0.078614
1398069430.000,ZR,handheld,手持微动,recording,0.801318,1.697807,10.672575,4.087080,11.311474,0.283546
1398069440.000,ZR,handheld,手持微动,recording,0.522119,1.770479,13.136521,5.108571,13.555050,0.774491
1398069450.000,ZR,handheld,手持微动,recording,0.640329,0.629732,14.943198,6.412862,16.277746,1.328902
1398069460.000,ZR,handheld,手持微动,recording,1.706321,0.475153,16.874683,7.956095,18.844981,1.906619
1398069470.000,ZR,handheld,手持微动,recording,1.583887,-0.030444,15.444933,9.429128,20.753970,2.596722
1398069480.000,ZR,handheld,手持微动,recording,1.293580,0.018049,10.089148,10.309519,21.576286,3.335535
1398069490.000,ZR,handheld,手持微动,recording,-0.543843,0.790714,2.318542,10.211399,20.941684,4.082093
1398069500.000,ZR,handheld,手持微动,recording,-2.540735,1.320265,-4.735252,9.192407,19.111548,4.688313
1398069510.000,ZR,handheld,手持微动,recording,-3.174713,1.974691,-8.305842,7.746683,16.443727,5.023202
1398069520.000,ZR,handheld,手持微动,recording,-1.143462,3.377566,-8.981986,6.304670,13.240850,4.884651
1398069530.000,ZR,handheld,手持微动,recording,3.906877,4.425286,-10.002058,4.922384,9.754927,4.083994
1398069540.000,ZR,handheld,手持微动,recording,9.430503,5.712040,-12.719447,3.464318,5.948610,2.581118
1398069550.000,ZR,handheld,手持微动,recording,13.815364,7.144603,-17.293540,1.747718,1.755135,0.601908
1398069560.000,ZR,handheld,手持微动,recording,14.863953,7.325404,-22.211431,-0.406665,-2.865431,-1.580172
1398069570.000,ZR,handheld,手持微动,recording,11.899745,6.192123,-24.243434,-2.954271,-7.326242,-3.528806
1398069580.000,ZR,handheld,手持微动,recording,6.294923,4.525670,-20.959955,-5.262284,-10.548734,-4.656118
1398069590.000,ZR,handheld,手持微动,recording,1.423230,2.487430,-15.525179,-7.090149,-12.648530,-4.988935
1398069600.000,ZR,handheld,手持微动,recording,-0.610367,1.278213,-8.354809,-8.297343,-13.992736,-4.843392
1398069610.000,ZR,handheld,手持微动,recording,0.056966,0.990096,-0.748219,-8.767481,-14.743708,-4.555377
1398069620.000,ZR,handheld,手持微动,recording,2.010403,0.743332,5.816783,-8.612100,-14.927081,-4.451345
1398069630.000,ZR,handheld,手持微动,recording,3.302743,0.684706,10.135935,-8.124536,-14.923351,-4.620141
1398069640.000,ZR,handheld,手持微动,recording,2.731860,-0.233467,11.522415,-7.735262,-15.208339,-4.847277
1398069650.000,ZR,handheld,手持微动,recording,0.053790,-1.153499,11.545713,-7.589766,-15.813714,-4.849723
1398069660.000,ZR,handheld,手持微动,recording,-4.112790,-1.245217,11.731270,-7.571952,-16.317882,-4.298891
1398069670.000,ZR,handheld,手持微动,recording,-6.981364,-0.544153,14.093920,-7.321063,-16.201272,-3.233553
1398069680.000,ZR,handheld,手持微动,recording,-7.422921,0.077000,17.774093,-6.585316,-15.421541,-2.020045
1398069690.000,ZR,handheld,手持微动,recording,-6.749898,0.128745,21.152325,-5.321497,-13.968852,-0.859864
1398069700.000,ZR,handheld,手持微动,recording,-4.909834,-0.344023,22.878394,-3.634493,-11.750734,0.055658
1398069710.000,ZR,handheld,手持微动,recording,-1.630223,-0.964342,23.392999,-1.625962,-8.599473,0.587687
1398069720.000,ZR,handheld,手持微动,recording,1.827751,-1.103776,21.780806,0.182715,-4.973585,0.734642
1398069730.000,ZR,handheld,手持微动,recording,4.587420,-0.657542,18.073558,1.639337,-0.895739,0.702142
1398069740.000,ZR,handheld,手持微动,recording,6.081502,-0.475821,14.474388,2.702994,3.135652,0.624658
1398069750.000,ZR,handheld,手持微动,recording,6.158170,-0.094420,13.008130,3.590779,6.814427,0.593693
1398069760.000,ZR,handheld,手持微动,recording,5.944970,0.191269,12.931416,4.447920,9.593110,0.605281
1398069770.000,ZR,handheld,手持微动,recording,4.336210,0.235330,12.802926,5.254532,11.553438,0.751535
1398069780.000,ZR,handheld,手持微动,recording,1.615162,0.329101,12.582414,6.059224,13.308004,1.150401
1398069790.000,ZR,handheld,手持微动,recording,-0.331925,0.766836,12.590077,6.934203,15.293372,1.833320
1398069800.000,ZR,handheld,手持微动,recording,-1.654021,0.730846,12.355288,7.806313,17.252514,2.657300
1398069810.000,ZR,handheld,手持微动,recording,-1.553474,0.856154,11.306483,8.514172,18.731919,3.442475
1398069820.000,ZR,handheld,手持微动,recording,-1.400639,1.299412,8.021872,8.819206,19.153941,4.076255
1398069830.000,ZR,handheld,手持微动,recording,-2.539495,2.251929,3.103955,8.468313,18.187036,4.537258
1398069840.000,ZR,handheld,手持微动,recording,-4.584201,3.329484,-2.427409,7.406980,15.942992,4.879523
1398069850.000,ZR,handheld,手持微动,recording,-4.805111,3.748321,-5.545704,6.034337,13.185032,4.955524
1398069860.000,ZR,handheld,手持微动,recording,-2.057092,4.496821,-6.366177,4.782118,10.341676,4.555747
1398069870.000,ZR,handheld,手持微动,recording,2.854405,6.138799,-7.302972,3.603325,7.486446,3.546065
1398069880.000,ZR,handheld,手持微动,recording,7.466190,7.495490,-10.458552,2.199749,4.058509,1.929734
1398069890.000,ZR,handheld,手持微动,recording,10.105770,8.270837,-14.824287,0.439130,0.090530,0.035011
1398069900.000,ZR,handheld,手持微动,recording,10.539348,8.163450,-18.476431,-1.676447,-3.973016,-1.836603
1398069910.000,ZR,handheld,手持微动,recording,8.520746,6.260583,-19.032900,-3.957402,-7.489078,-3.390876
1398069920.000,ZR,handheld,手持微动,recording,5.368493,4.355620,-15.057852,-5.992283,-10.123314,-4.376571
1398069930.000,ZR,handheld,手持微动,recording,3.169861,2.140485,-9.437794,-7.657696,-12.242019,-4.849749
1398069940.000,ZR,handheld,手持微动,recording,3.230142,-0.110357,-2.995970,-8.683408,-13.743180,-5.004166
1398069950.000,ZR,handheld,手持微动,recording,4.453844,-1.334661,4.334351,-9.105012,-14.617421,-5.108970
1398069960.000,ZR,handheld,手持微动,recording,4.438989,-2.223868,10.893494,-8.962058,-14.984250,-5.214179
1398069970.000,ZR,handheld,手持微动,recording,2.481986,-2.551567,17.011477,-8.284297,-15.043118,-5.211059
1398069980.000,ZR,handheld,手持微动,recording,-0.634176,-1.956942,20.791732,-7.293568,-15.020506,-4.963900
1398069990.000,ZR,handheld,手持微动,recording,-4.764788,-1.595260,21.292106,-6.338485,-14.853235,-4.323015
1398070000.000,ZR,handheld,手持微动,recording,-8.080675,-0.386165,21.778868,-5.319377,-14.393007,-3.327699
1398070010.000,ZR,handheld,手持微动,recording,-8.723874,-0.058635,22.135302,-4.069333,-13.325247,-2.224879
1398070020.000,ZR,handheld,手持微动,recording,-6.871854,0.067606,22.086972,-2.650527,-11.452242,-1.254764
1398070030.000,ZR,handheld,手持微动,recording,-4.316276,-0.378399,20.917941,-1.219940,-8.772158,-0.614417
1398070040.000,ZR,handheld,手持微动,recording,-1.592387,-0.260394,18.573268,0.077228,-5.442497,-0.173933
1398070050.000,ZR,handheld,手持微动,recording,0.877810,0.097069,15.555434,1.132218,-1.669572,0.147778
1398070060.000,ZR,handheld,手持微动,recording,2.829800,0.404804,13.755219,2.064073,2.464031,0.389442
1398070070.000,ZR,handheld,手持微动,recording,4.620777,0.836641,13.950978,3.081833,6.196145,0.531346
1398070080.000,ZR,handheld,手持微动,recording,5.559702,0.646469,14.354903,4.148579,9.617736,0.620897
1398070090.000,ZR,handheld,手持微动,recording,5.913659,0.410633,14.717488,5.294974,12.426512,0.710970
1398070100.000,ZR,handheld,手持微动,recording,5.630141,0.113523,14.541869,6.533285,14.536081,0.841384
1398070110.000,ZR,handheld,手持微动,recording,4.372918,0.168020,12.915190,7.634503,16.008247,1.098308
1398070120.000,ZR,handheld,手持微动,recording,2.601751,0.383774,10.151419,8.465150,16.946313,1.499725
1398070130.000,ZR,handheld,手持微动,recording,0.252110,1.299780,6.343007,8.911155,17.227220,2.040966
1398070140.000,ZR,handheld,手持微动,recording,-1.465544,2.237901,1.577182,8.798924,16.777875,2.619722
1398070150.000,ZR,handheld,手持微动,recording,-2.443621,2.816533,-3.289766,8.088570,15.648833,3.091764
1398070160.000,ZR,handheld,手持微动,recording,-2.463014,2.788701,-5.937794,7.151620,14.260513,3.274739
1398070170.000,ZR,handheld,手持微动,recording,-0.924359,3.984656,-7.471853,6.108223,12.550315,3.056639
1398070180.000,ZR,handheld,手持微动,recording,0.760007,5.768394,-9.354149,4.873789,10.069099,2.360275
1398070190.000,ZR,handheld,手持微动,recording,1.363981,6.676033,-12.617555,3.335724,6.508863,1.331375
1398070200.000,ZR,handheld,手持微动,recording,1.851816,8.017482,-15.757032,1.465163,2.092422,0.072726
1398070210.000,ZR,handheld,手持微动,recording,2.080611,8.011104,-18.588568,-0.608678,-2.540474,-1.209482
1398070220.000,ZR,handheld,手持微动,recording,1.432838,6.841540,-19.031572,-2.782227,-6.607376,-2.355652
1398070230.000,ZR,handheld,手持微动,recording,-0.145303,6.239382,-15.804502,-4.732865,-9.828071,-3.111170
1398070240.000,ZR,handheld,手持微动,recording,-1.682784,4.479043,-11.263194,-6.364891,-12.124424,-3.469316
1398070250.000,ZR,handheld,手持微动,recording,-2.170685,3.201513,-5.826436,-7.442383,-13.635663,-3.501457
1398070260.000,ZR,handheld,手持微动,recording,-1.873937,2.289741,0.478157,-7.999385,-14.589133,-3.411267
1398070270.000,ZR,handheld,手持微动,recording,-1.091347,1.770603,5.883827,-8.099933,-15.342560,-3.339793
1398070280.000,ZR,handheld,手持微动,recording,-1.141094,1.071285,10.132559,-7.890024,-16.034631,-3.229869
1398070290.000,ZR,handheld,手持微动,recording,-2.028949,0.930046,13.439628,-7.457918,-16.604012,-2.959934
1398070300.000,ZR,handheld,手持微动,recording,-3.960647,0.840607,15.731671,-6.871177,-16.805925,-2.443855
1398070310.000,ZR,handheld,手持微动,recording,-6.136441,1.221998,18.138051,-6.005098,-16.511538,-1.645639
1398070320.000,ZR,handheld,手持微动,recording,-6.724543,1.691183,19.347118,-4.806385,-15.630441,-0.659133
1398070330.000,ZR,handheld,手持微动,recording,-5.271901,1.014503,18.728725,-3.482252,-13.809785,0.239477
1398070340.000,ZR,handheld,手持微动,recording,-1.732910,0.529515,18.543603,-2.046355,-10.904031,0.824600
1398070350.000,ZR,handheld,手持微动,recording,2.359239,0.645267,17.677377,-0.565435,-7.118072,1.100521
1398070360.000,ZR,handheld,手持微动,recording,5.742459,0.734255,15.147475,0.711408,-2.708579,1.174774
1398070370.000,ZR,handheld,手持微动,recording,8.296572,0.303988,13.755764,1.914773,2.339753,1.106473
1398070380.000,ZR,handheld,手持微动,recording,10.166585,0.389546,15.041615,3.196437,7.021196,0.949928
1398070390.000,ZR,handheld,手持微动,recording,10.514735,-0.073386,15.531222,4.513893,11.116518,0.815769
1398070400.000,ZR,handheld,手持微动,recording,9.129603,-0.848426,15.696425,5.862750,14.481267,0.842551
1398070410.000,ZR,handheld,手持微动,recording,7.803251,-1.021947,16.094666,7.285099,16.919519,1.045353
1398070420.000,ZR,handheld,手持微动,recording,6.129931,-1.036184,15.061016,8.632159,18.604632,1.442327
1398070430.000,ZR,handheld,手持微动,recording,3.093469,-1.233781,11.976633,9.649314,19.896848,2.151159
1398070440.000,ZR,handheld,手持微动,recording,-0.079775,-0.881824,8.458305,10.283274,21.099658,3.154741
1398070450.000,ZR,handheld,手持微动,recording,-2.083040,0.715407,4.726300,10.377784,21.490857,4.242202
1398070460.000,ZR,handheld,手持微动,recording,-2.998072,2.198671,-1.297331,9.563818,20.089318,5.132901
1398070470.000,ZR,handheld,手持微动,recording,-2.641270,2.556393,-7.176658,7.982471,17.348981,5.481712
1398070480.000,ZR,handheld,手持微动,recording,-0.799260,3.467685,-10.877037,6.043445,13.727908,5.297875
1398070490.000,ZR,handheld,手持微动,recording,3.751368,4.453672,-12.254797,4.132222,9.645842,4.372691
1398070500.000,ZR,handheld,手持微动,recording,10.019436,6.319951,-12.906605,2.378676,5.285104,2.651201
1398070510.000,ZR,handheld,手持微动,recording,14.412333,7.733205,-14.745314,0.610397,0.838123,0.445943
1398070520.000,ZR,handheld,手持微动,recording,15.057344,7.985063,-17.029203,-1.285022,-3.400844,-1.716487
1398070530.000,ZR,handheld,手持微动,recording,11.722559,6.461805,-17.600796,-3.338196,-7.242664,-3.496070
1398070540.000,ZR,handheld,手持微动,recording,6.693297,4.515445,-15.580504,-5.389292,-10.375947,-4.616833
1398070550.000,ZR,handheld,手持微动,recording,2.208517,2.566449,-11.382487,-7.115662,-12.589168,-5.000606
1398070560.000,ZR,handheld,手持微动,recording,0.263207,1.133108,-5.684897,-8.313211,-14.018515,-4.923694
1398070570.000,ZR,handheld,手持微动,recording,1.278235,0.331444,1.175619,-8.914748,-14.928202,-4.754817
1398070580.000,ZR,handheld,手持微动,recording,2.825452,-0.558586,6.557952,-9.022205,-15.490175,-4.723951
1398070590.000,ZR,handheld,手持微动,recording,3.298850,-1.280029,10.905898,-8.786912,-15.840294,-4.761566
1398070600.000,ZR,handheld,手持微动,recording,1.422730,-1.462462,14.938320,-8.295800,-16.029024,-4.634500
1398070610.000,ZR,handheld,手持微动,recording,-2.187219,-1.287748,17.373711,-7.652882,-16.064137,-4.169076
1398070620.000,ZR,handheld,手持微动,recording,-6.031843,-0.537071,18.840140,-6.831795,-15.744974,-3.241935
1398070630.000,ZR,handheld,手持微动,recording,-8.513581,0.303199,20.571305,-5.688278,-14.683985,-1.992549
1398070640.000,ZR,handheld,手持微动,recording,-7.734301,1.062969,21.921585,-4.214346,-12.666115,-0.794900
1398070650.000,ZR,handheld,手持微动,recording,-5.783047,0.551031,21.526333,-2.624055,-9.853558,0.143292
1398070660.000,ZR,handheld,手持微动,recording,-2.224256,0.045612,20.225332,-1.049898,-6.544529,0.747226
1398070670.000,ZR,handheld,手持微动,recording,1.538854,-0.110588,18.161174,0.344106,-2.939586,1.023111
1398070680.000,ZR,handheld,手持微动,recording,4.659277,-0.240510,16.183468,1.576857,0.977330,1.055574
1398070690.000,ZR,handheld,手持微动,recording,6.572590,-0.071853,15.538725,2.657384,4.517057,0.971866
1398070700.000,ZR,handheld,手持微动,recording,6.804641,0.066651,15.454773,3.700681,7.612123,0.900825
1398070710.000,ZR,handheld,手持微动,recording,6.395527,-0.152081,15.179944,4.714081,10.264113,0.911850
1398070720.000,ZR,handheld,手持微动,recording,5.826682,-0.271252,15.739557,5.803565,12.452478,1.028043
1398070730.000,ZR,handheld,手持微动,recording,5.480768,-0.397603,16.247505,7.003548,14.225988,1.216005
1398070740.000,ZR,handheld,手持微动,recording,4.029443,-0.605056,15.392798,8.147627,15.793024,1.571208
1398070750.000,ZR,handheld,手持微动,recording,1.614417,-0.267741,13.004069,9.139128,17.128528,2.187431
1398070760.000,ZR,handheld,手持微动,recording,-0.852949,0.422913,8.485118,9.681524,18.091235,3.072727
1398070770.000,ZR,handheld,手持微动,recording,-2.196220,1.191947,3.678759,9.586047,18.471540,3.966116
1398070780.000,ZR,handheld,手持微动,recording,-2.441165,2.272208,-0.228244,8.972834,17.920833,4.635482
1398070790.000,ZR,handheld,手持微动,recording,-1.691518,2.993373,-3.405988,7.967303,16.386628,4.923867
1398070800.000,ZR,handheld,手持微动,recording,-0.714327,4.074959,-6.300341,6.676690,14.101640,4.831938
1398070810.000,ZR,handheld,手持微动,recording,1.079407,4.929847,-8.487651,5.241765,11.059163,4.332918
1398070820.000,ZR,handheld,手持微动,recording,4.331766,6.204653,-9.920399,3.818862,7.779740,3.379834
1398070830.000,ZR,handheld,手持微动,recording,8.003265,7.380748,-11.366819,2.491764,4.468136,2.084648
1398070840.000,ZR,handheld,手持微动,recording,10.152036,7.875924,-13.289068,1.117547,1.226886,0.559287
1398070850.000,ZR,handheld,手持微动,recording,9.745324,7.988725,-15.194229,-0.463770,-1.882207,-1.015581
1398070860.000,ZR,handheld,手持微动,recording,7.761826,7.765247,-16.353361,-2.200956,-4.915490,-2.351071
1398070870.000,ZR,handheld,手持微动,recording,5.478394,6.189304,-15.930476,-3.915426,-7.570100,-3.346772
1398070880.000,ZR,handheld,手持微动,recording,3.461378,4.528597,-13.334910,-5.516898,-9.752550,-4.024465
1398070890.000,ZR,handheld,手持微动,recording,2.797179,2.957986,-9.107963,-6.846173,-11.578969,-4.437078
1398070900.000,ZR,handheld,手持微动,recording,3.346118,1.445841,-3.544422,-7.777444,-13.056395,-4.698803
1398070910.000,ZR,handheld,手持微动,recording,4.384154,0.604184,2.265461,-8.194318,-14.057951,-4.910698
1398070920.000,ZR,handheld,手持微动,recording,4.980533,-0.298804,7.086954,-8.246130,-14.742751,-5.147109
1398070930.000,ZR,handheld,手持微动,recording,4.457338,-0.873127,10.668477,-8.087512,-15.183237,-5.349290
1398070940.000,ZR,handheld,手持微动,recording,1.806513,-1.246378,13.101754,-7.804451,-15.549115,-5.294660
1398070950.000,ZR,handheld,手持微动,recording,-1.636795,-1.268057,14.572868,-7.446777,-15.655175,-4.837402
1398070960.000,ZR,handheld,手持微动,recording,-4.227920,-0.476567,16.030693,-6.947278,-15.399903,-4.081878
1398070970.000,ZR,handheld,手持微动,recording,-5.267514,0.190131,17.048758,-6.223523,-14.713194,-3.136703
1398070980.000,ZR,handheld,手持微动,recording,-6.144751,-0.066710,17.670526,-5.197492,-12.815190,-1.961795
1398070990.000,ZR,handheld,手持微动,recording,-10.088740,-1.108215,20.912096,-3.554835,-8.289387,-0.375342
1398071000.000,ZR,handheld,手持微动,recording,-12.614177,-0.869520,29.090796,-0.786024,-0.717807,1.476257
1398071010.000,ZR,handheld,手持微动,recording,-8.491133,-1.509389,37.340906,2.902173,8.201794,3.066385
1398071020.000,ZR,handheld,手持微动,recording,1.074244,-3.050135,37.345315,6.412571,15.165790,3.934815
1398071030.000,ZR,handheld,手持微动,recording,8.435852,-4.510191,31.265170,9.012743,19.306619,4.235531
1398071040.000,ZR,handheld,手持微动,recording,11.531428,-4.559702,24.083582,10.679166,20.665265,4.272326
1398071050.000,ZR,handheld,手持微动,recording,10.671997,-4.257077,15.522881,11.438249,20.357906,4.253240
1398071060.000,ZR,handheld,手持微动,recording,6.273284,-2.371638,5.865428,11.254934,19.146023,4.434896
1398071070.000,ZR,handheld,手持微动,recording,1.060402,-0.866307,-3.763100,10.036669,17.669878,4.821972
1398071080.000,ZR,handheld,手持微动,recording,-1.762021,1.469235,-9.332643,8.300945,15.903614,5.165372
1398071090.000,ZR,handheld,手持微动,recording,-2.030692,2.832556,-11.756603,6.492915,13.920027,5.193430
1398071100.000,ZR,handheld,手持微动,recording,-0.855875,4.268051,-12.209659,4.776383,11.768137,4.878755
1398071110.000,ZR,handheld,手持微动,recording,0.415535,5.390211,-10.721670,3.342697,9.398258,4.301869
1398071120.000,ZR,handheld,手持微动,recording,2.575567,6.423087,-8.656665,2.240702,6.845125,3.481493
1398071130.000,ZR,handheld,手持微动,recording,5.610720,6.801425,-7.690019,1.445735,4.557908,2.470364
1398071140.000,ZR,handheld,手持微动,recording,8.765409,7.283109,-7.530555,0.767822,2.346525,1.195850
1398071150.000,ZR,handheld,手持微动,recording,11.469765,8.003756,-9.325131,-0.053823,-0.134408,-0.373201
1398071160.000,ZR,handheld,手持微动,recording,12.344959,7.306726,-13.272137,-1.335409,-3.193696,-2.113648
1398071170.000,ZR,handheld,手持微动,recording,9.738279,5.802654,-14.984871,-2.932579,-6.402595,-3.643966
1398071180.000,ZR,handheld,手持微动,recording,5.093874,4.954795,-13.731429,-4.477181,-8.798565,-4.555765
1398071190.000,ZR,handheld,手持微动,recording,1.672485,3.883766,-9.640409,-5.775244,-10.562655,-4.967222
1398071200.000,ZR,handheld,手持微动,recording,0.003681,3.019589,-4.543334,-6.680320,-11.927259,-5.041013
1398071210.000,ZR,handheld,手持微动,recording,0.979625,2.860177,1.665389,-7.070801,-13.011603,-5.108538
1398071220.000,ZR,handheld,手持微动,recording,3.327978,2.228049,5.265306,-7.239321,-14.392142,-5.438605
1398071230.000,ZR,handheld,手持微动,recording,5.344685,0.127690,6.302782,-7.567860,-16.132619,-5.952975
1398071240.000,ZR,handheld,手持微动,recording,4.002047,-1.997391,7.449347,-8.101575,-17.765657,-6.312281
1398071250.000,ZR,handheld,手持微动,recording,0.889611,-2.919627,10.613704,-8.564454,-19.047348,-6.215214
1398071260.000,ZR,handheld,手持微动,recording,-2.216883,-3.176776,13.399677,-8.797886,-19.803079,-5.522794
1398071270.000,ZR,handheld,手持微动,recording,-5.389500,-2.716401,17.035897,-8.588191,-19.764114,-4.319678
1398071280.000,ZR,handheld,手持微动,recording,-7.243804,-1.816700,22.876594,-7.557077,-18.805833,-2.806720
1398071290.000,ZR,handheld,手持微动,recording,-7.093614,-1.581078,28.972060,-5.417207,-16.365339,-1.284414
1398071300.000,ZR,handheld,手持微动,recording,-4.773706,-1.942941,33.093585,-2.479960,-11.750619,-0.156893
1398071310.000,ZR,handheld,手持微动,recording,-2.022373,-2.096810,32.301743,0.566514,-5.373550,0.631309
1398071320.000,ZR,handheld,手持微动,recording,2.392811,-2.057872,27.121043,3.197374,1.154627,1.135710
1398071330.000,ZR,handheld,手持微动,recording,7.533052,-2.046276,20.942476,5.081592,6.705509,1.277810
1398071340.000,ZR,handheld,手持微动,recording,10.533883,-1.486672,15.009590,6.192708,10.227118,1.137961
1398071350.000,ZR,handheld,手持微动,recording,10.799234,-1.200124,8.890609,6.469689,11.645542,0.884719
1398071360.000,ZR,handheld,手持微动,recording,7.190371,-0.598047,6.341194,6.402665,12.159570,0.809491
1398071370.000,ZR,handheld,手持微动,recording,3.431101,0.485787,6.946399,6.444215,12.653503,1.005617
1398071380.000,ZR,handheld,手持微动,recording,0.113363,0.946219,8.941319,6.833011,14.048881,1.557185
1398071390.000,ZR,handheld,手持微动,recording,-1.165546,1.211163,12.183974,7.746157,16.253118,2.368555
1398071400.000,ZR,handheld,手持微动,recording,-0.798938,1.183753,13.393429,8.841959,18.532537,3.237325
1398071410.000,ZR,handheld,手持微动,recording,-0.835249,0.521010,10.253579,9.614506,20.202209,4.149951
1398071420.000,ZR,handheld,手持微动,recording,-2.181506,1.040201,5.237151,9.678377,20.676679,5.091220
1398071430.000,ZR,handheld,手持微动,recording,-3.478473,1.780603,0.060272,8.948619,19.480685,5.909973
1398071440.000,ZR,handheld,手持微动,recording,-2.565537,2.275887,-3.526950,7.730114,16.965944,6.210003
1398071450.000,ZR,handheld,手持微动,recording,0.677662,3.162066,-6.052543,6.287062,13.571800,5.911199
1398071460.000,ZR,handheld,手持微动,recording,6.202574,4.631552,-7.505177,4.861930,9.718522,4.954738
1398071470.000,ZR,handheld,手持微动,recording,13.213057,6.333510,-9.944242,3.412448,5.622338,3.231315
1398071480.000,ZR,handheld,手持微动,recording,18.255507,7.352868,-13.830574,1.750573,1.293450,0.915295
1398071490.000,ZR,handheld,手持微动,recording,18.667580,8.230936,-17.322949,-0.118836,-2.855861,-1.409287
1398071500.000,ZR,handheld,手持微动,recording,14.670008,7.148381,-19.838015,-2.279868,-6.457854,-3.366783
1398071510.000,ZR,handheld,手持微动,recording,8.595039,4.875252,-18.469788,-4.398075,-9.305688,-4.613385
1398071520.000,ZR,handheld,手持微动,recording,2.371845,2.951035,-14.198710,-6.221387,-11.255340,-5.052750
1398071530.000,ZR,handheld,手持微动,recording,-0.619200,1.670984,-8.204468,-7.487270,-12.448223,-4.960942
1398071540.000,ZR,handheld,手持微动,recording,0.549598,1.417379,-0.764678,-8.100573,-13.081021,-4.824520
1398071550.000,ZR,handheld,手持微动,recording,3.964514,1.229310,4.713387,-8.240971,-13.701811,-5.000779
1398071560.000,ZR,handheld,手持微动,recording,7.007482,-0.685440,6.769539,-8.335307,-14.852276,-5.521254
1398071570.000,ZR,handheld,手持微动,recording,7.321599,-2.655898,7.470136,-8.610293,-15.993715,-5.998785
1398071580.000,ZR,handheld,手持微动,recording,4.157122,-3.772136,10.079241,-8.812551,-16.725656,-6.056612
1398071590.000,ZR,handheld,手持微动,recording,-0.186726,-3.198020,14.623576,-8.657305,-16.916388,-5.537897
1398071600.000,ZR,handheld,手持微动,recording,-4.301611,-1.838004,19.269223,-7.957529,-16.486351,-4.511108
1398071610.000,ZR,handheld,手持微动,recording,-6.294321,-0.726398,23.967922,-6.594169,-15.348831,-3.268222
1398071620.000,ZR,handheld,手持微动,recording,-6.246470,-0.440131,27.390647,-4.658606,-13.389350,-2.152501
1398071630.000,ZR,handheld,手持微动,recording,-6.801974,-1.108272,27.989480,-2.409742,-10.065511,-1.087000
1398071640.000,ZR,handheld,手持微动,recording,-6.324573,-1.759168,27.615093,0.001200,-4.960349,-0.002334
1398071650.000,ZR,handheld,手持微动,recording,-3.367064,-1.420277,27.656587,2.769048,2.220997,1.036835
1398071660.000,ZR,handheld,手持微动,recording,1.635767,-1.738255,26.551518,5.402520,9.380778,1.803283
1398071670.000,ZR,handheld,手持微动,recording,7.452091,-1.844661,22.481160,7.519157,15.260418,2.289443
1398071680.000,ZR,handheld,手持微动,recording,11.324302,-2.952347,18.827511,9.072981,19.123921,2.515230
1398071690.000,ZR,handheld,手持微动,recording,11.661751,-3.338201,16.529089,10.358013,20.925896,2.650057
1398071700.000,ZR,handheld,手持微动,recording,10.313862,-2.597547,12.339781,11.226214,21.284300,2.869885
1398071710.000,ZR,handheld,手持微动,recording,7.464075,-2.178516,4.858843,11.322518,20.861102,3.203643
1398071720.000,ZR,handheld,手持微动,recording,3.828080,-0.585372,-3.099484,10.586650,19.826795,3.657436
1398071730.000,ZR,handheld,手持微动,recording,0.917575,0.564156,-8.672271,9.213535,18.186737,4.103156
1398071740.000,ZR,handheld,手持微动,recording,-0.205904,2.420719,-11.054376,7.652392,16.130207,4.261529
1398071750.000,ZR,handheld,手持微动,recording,0.004827,4.268964,-12.207676,6.068058,13.528777,4.031679
1398071760.000,ZR,handheld,手持微动,recording,1.347042,6.034731,-13.858747,4.418595,10.247044,3.422985
1398071770.000,ZR,handheld,手持微动,recording,4.330013,6.846062,-16.129132,2.664074,6.288067,2.351633
1398071780.000,ZR,handheld,手持微动,recording,7.845735,7.303064,-17.887316,0.786259,1.810166,0.789297
1398071790.000,ZR,handheld,手持微动,recording,11.101940,7.820690,-18.730115,-1.010488,-2.281862,-0.979250
1398071800.000,ZR,handheld,手持微动,recording,11.919568,6.735866,-18.905140,-2.827882,-5.886137,-2.755015
1398071810.000,ZR,handheld,手持微动,recording,8.946116,5.326123,-16.676428,-4.559331,-8.846918,-4.137052
1398071820.000,ZR,handheld,手持微动,recording,4.359710,3.683391,-13.174796,-6.164861,-11.257218,-4.955052
1398071830.000,ZR,handheld,手持微动,recording,1.258834,2.355601,-9.084314,-7.473726,-13.133165,-5.205439
1398071840.000,ZR,handheld,手持微动,recording,0.387448,1.635748,-3.905223,-8.366754,-14.605377,-5.162560
1398071850.000,ZR,handheld,手持微动,recording,1.292385,0.627376,1.617411,-8.808749,-15.938401,-5.059021
1398071860.000,ZR,handheld,手持微动,recording,3.267434,-0.186656,6.591807,-8.898914,-17.006506,-5.096823
1398071870.000,ZR,handheld,手持微动,recording,3.194015,-1.310822,10.450862,-8.802255,-17.847771,-5.154314
1398071880.000,ZR,handheld,手持微动,recording,0.462086,-1.649219,13.704315,-8.547726,-18.356044,-4.909116
1398071890.000,ZR,handheld,手持微动,recording,-3.620299,-1.144874,16.395803,-8.080330,-18.591879,-4.215872
1398071900.000,ZR,handheld,手持微动,recording,-6.991094,-0.597817,18.200008,-7.340109,-18.308657,-3.075422
1398071910.000,ZR,handheld,手持微动,recording,-8.325375,0.155316,20.608648,-6.148246,-16.981583,-1.726026
1398071920.000,ZR,handheld,手持微动,recording,-7.952143,0.166125,22.568631,-4.456618,-14.345854,-0.425694
1398071930.000,ZR,handheld,手持微动,recording,-5.264577,-0.713107,23.921054,-2.506359,-10.592738,0.499335
1398071940.000,ZR,handheld,手持微动,recording,-0.981486,-0.476252,23.503231,-0.494944,-5.931655,1.033631
1398071950.000,ZR,handheld,手持微动,recording,2.945048,-0.819468,21.260081,1.361226,-0.714212,1.302917
1398071960.000,ZR,handheld,手持微动,recording,6.163455,-1.586610,20.139442,3.021159,4.589118,1.419343
1398071970.000,ZR,handheld,手持微动,recording,8.476644,-1.875308,21.073783,4.661275,9.223630,1.441997
1398071980.000,ZR,handheld,手持微动,recording,9.790186,-2.441727,20.423573,6.185779,12.986185,1.465178
1398071990.000,ZR,handheld,手持微动,recording,9.495922,-3.192533,19.906088,7.623301,15.784737,1.609779
1398072000.000,ZR,handheld,手持微动,recording,9.923753,-3.285972,19.415601,9.120677,17.566242,1.789831
1398072010.000,ZR,handheld,手持微动,recording,8.960704,-2.972151,15.857838,10.270410,18.528930,2.082056
1398072020.000,ZR,handheld,手持微动,recording,5.900186,-3.014234,9.399233,10.822648,19.284064,2.641301
1398072030.000,ZR,handheld,手持微动,recording,1.520675,-1.532198,4.177493,10.847327,19.577553,3.505972
1398072040.000,ZR,handheld,手持微动,recording,-1.677979,0.112232,-0.813693,10.270573,19.169771,4.515184
1398072050.000,ZR,handheld,手持微动,recording,-2.189335,0.671293,-5.508451,9.101480,17.989659,5.229698
1398072060.000,ZR,handheld,手持微动,recording,-1.152173,1.433387,-7.811339,7.692209,16.135253,5.463321
1398072070.000,ZR,handheld,手持微动,recording,0.876113,2.750709,-9.061243,6.214325,13.686467,5.227132
1398072080.000,ZR,handheld,手持微动,recording,4.030656,4.289392,-9.882641,4.773016,10.620326,4.518813
1398072090.000,ZR,handheld,手持微动,recording,8.642117,5.785526,-11.577534,3.251438,6.879403,3.176289
1398072100.000,ZR,handheld,手持微动,recording,13.490377,6.775601,-14.377672,1.687225,3.011729,1.385002
1398072110.000,ZR,handheld,手持微动,recording,16.041801,7.012230,-16.884333,-0.015939,-0.776827,-0.661130
1398072120.000,ZR,handheld,手持微动,recording,15.528766,7.145008,-18.476948,-1.921137,-4.280785,-2.668230
1398072130.000,ZR,handheld,手持微动,recording,10.759883,5.029710,-18.464771,-3.938191,-7.467378,-4.215167
1398072140.000,ZR,handheld,手持微动,recording,3.826853,3.105378,-15.661911,-5.823610,-9.942787,-4.968247
1398072150.000,ZR,handheld,手持微动,recording,-1.131769,1.874370,-10.791390,-7.289622,-11.563406,-4.989777
1398072160.000,ZR,handheld,手持微动,recording,-2.292935,1.055465,-3.927655,-8.141000,-12.571026,-4.668845
1398072170.000,ZR,handheld,手持微动,recording,-0.120056,0.835295,3.358215,-8.273618,-12.988803,-4.440327
1398072180.000,ZR,handheld,手持微动,recording,2.780017,0.726672,9.120670,-7.893403,-13.183051,-4.588508
1398072190.000,ZR,handheld,手持微动,recording,4.621250,0.099611,10.810770,-7.544321,-13.808118,-5.040274
1398072200.000,ZR,handheld,手持微动,recording,4.608527,-1.468543,9.608671,-7.632588,-15.039676,-5.495063
1398072210.000,ZR,handheld,手持微动,recording,2.197069,-2.888311,9.163154,-8.028517,-16.331472,-5.604600
1398072220.000,ZR,handheld,手持微动,recording,-0.634416,-3.110918,11.114644,-8.339860,-17.086931,-5.158659
1398072230.000,ZR,handheld,手持微动,recording,-2.752858,-2.695577,15.082375,-8.166979,-16.869763,-4.251776
1398072240.000,ZR,handheld,手持微动,recording,-4.054681,-2.035033,20.956990,-7.232010,-15.623129,-3.124849
1398072250.000,ZR,handheld,手持微动,recording,-3.776251,-1.509696,27.036284,-5.409410,-13.269129,-2.070476
1398072260.000,ZR,handheld,手持微动,recording,-3.010322,-1.277497,30.260937,-2.863916,-9.643739,-1.189893
1398072270.000,ZR,handheld,手持微动,recording,-1.871914,-1.639956,29.387384,-0.237229,-5.019599,-0.540009
1398072280.000,ZR,handheld,手持微动,recording,-0.616996,-2.167251,26.059851,2.082326,0.204729,-0.010318
1398072290.000,ZR,handheld,手持微动,recording,0.927699,-2.135286,22.157997,4.028217,5.572298,0.520052
1398072300.000,ZR,handheld,手持微动,recording,2.160781,-2.256728,19.175159,5.629978,10.602833,1.084653
1398072310.000,ZR,handheld,手持微动,recording,4.610712,-2.065399,17.955337,7.063192,14.804324,1.599185
1398072320.000,ZR,handheld,手持微动,recording,6.765093,-1.950652,17.922363,8.368124,17.331547,1.932236
1398072330.000,ZR,handheld,手持微动,recording,8.005506,-1.837019,16.465669,9.556716,18.478994,2.135239
1398072340.000,ZR,handheld,手持微动,recording,7.127526,-1.555667,11.716988,10.359697,18.764428,2.376382
1398072350.000,ZR,handheld,手持微动,recording,4.168813,-0.529025,4.551212,10.465029,18.557697,2.807074
1398072360.000,ZR,handheld,手持微动,recording,0.630598,0.904442,-2.864008,9.755309,17.767324,3.383431
1398072370.000,ZR,handheld,手持微动,recording,-1.992212,2.402709,-8.230580,8.509260,16.340979,3.891929
1398072380.000,ZR,handheld,手持微动,recording,-3.037893,3.331060,-10.856596,7.012993,14.366584,4.173353
1398072390.000,ZR,handheld,手持微动,recording,-2.108962,4.165097,-11.347868,5.491904,12.040996,4.101171
1398072400.000,ZR,handheld,手持微动,recording,0.035130,5.135554,-10.971394,4.147755,9.525251,3.605581
1398072410.000,ZR,handheld,手持微动,recording,3.015800,6.259911,-11.211954,2.919309,6.700908,2.699216
1398072420.000,ZR,handheld,手持微动,recording,6.040134,6.978179,-12.592939,1.659995,3.462903,1.412877
1398072430.000,ZR,handheld,手持微动,recording,8.769758,7.668170,-15.091689,0.178273,-0.231516,-0.179838
1398072440.000,ZR,handheld,手持微动,recording,9.672926,6.995711,-17.861936,-1.628463,-4.249335,-1.907644
1398072450.000,ZR,handheld,手持微动,recording,7.477541,5.838953,-18.854003,-3.665412,-7.864295,-3.365075
1398072460.000,ZR,handheld,手持微动,recording,3.787468,4.466785,-16.655732,-5.533740,-10.495869,-4.204914
1398072470.000,ZR,handheld,手持微动,recording,0.608707,2.772959,-12.564846,-7.115056,-12.357866,-4.487093
1398072480.000,ZR,handheld,手持微动,recording,-0.746160,1.517620,-6.765620,-8.230019,-13.540602,-4.361282
1398072490.000,ZR,handheld,手持微动,recording,0.150036,0.739604,0.687896,-8.613326,-14.022030,-4.153932
1398072500.000,ZR,handheld,手持微动,recording,1.149137,0.458024,7.573117,-8.289442,-14.014107,-4.057641
1398072510.000,ZR,handheld,手持微动,recording,1.134814,0.242447,13.111420,-7.540410,-13.650307,-4.074794
1398072520.000,ZR,handheld,手持微动,recording,-0.751481,0.232360,16.171894,-6.639700,-13.321769,-4.045827
1398072530.000,ZR,handheld,手持微动,recording,-3.763530,0.356047,16.877662,-5.775847,-13.196516,-3.751041
1398072540.000,ZR,handheld,手持微动,recording,-6.577386,0.880539,16.844545,-5.034808,-12.856223,-3.129863
1398072550.000,ZR,handheld,手持微动,recording,-8.245075,1.519727,17.680320,-4.181986,-12.032589,-2.277204
1398072560.000,ZR,handheld,手持微动,recording,-8.171057,1.845920,18.254583,-3.158269,-10.589158,-1.368306
1398072570.000,ZR,handheld,手持微动,recording,-6.215573,1.757673,18.202135,-1.994077,-8.417553,-0.615510
1398072580.000,ZR,handheld,手持微动,recording,-3.548821,1.365077,17.317623,-0.807127,-5.586452,-0.115823
1398072590.000,ZR,handheld,手持微动,recording,-1.220869,0.927374,15.670651,0.219349,-2.415315,0.189637
1398072600.000,ZR,handheld,手持微动,recording,0.156195,0.700049,15.165735,1.219738,1.229782,0.462637
1398072610.000,ZR,handheld,手持微动,recording,0.343140,0.493691,17.022653,2.475854,5.542480,0.806153
1398072620.000,ZR,handheld,手持微动,recording,1.545445,0.783954,20.167986,4.178310,9.604140,1.162001
1398072630.000,ZR,handheld,手持微动,recording,2.272710,0.321612,20.407146,5.871755,12.895525,1.516231
1398072640.000,ZR,handheld,手持微动,recording,3.375938,0.179443,18.883082,7.433866,15.212026,1.833878
1398072650.000,ZR,handheld,手持微动,recording,3.722989,0.071420,14.643128,8.609753,16.661218,2.149685
1398072660.000,ZR,handheld,手持微动,recording,2.616051,0.368748,8.623847,9.185185,17.444731,2.544161
1398072670.000,ZR,handheld,手持微动,recording,0.681031,1.541246,2.307074,9.050594,17.452054,3.032698
1398072680.000,ZR,handheld,手持微动,recording,-1.909447,2.592207,-3.005205,8.352887,16.684596,3.518563
1398072690.000,ZR,handheld,手持微动,recording,-4.025906,3.319872,-6.342595,7.324112,15.340152,3.945224
1398072700.000,ZR,handheld,手持微动,recording,-4.024366,4.062231,-7.344966,6.198188,13.651267,4.160035
1398072710.000,ZR,handheld,手持微动,recording,-1.957522,4.699249,-7.808765,5.145338,11.741366,3.996448
1398072720.000,ZR,handheld,手持微动,recording,0.577020,5.121705,-8.607978,4.129691,9.508615,3.431806
1398072730.000,ZR,handheld,手持微动,recording,3.696107,6.150269,-10.151966,3.055861,6.731479,2.472550
1398072740.000,ZR,handheld,手持微动,recording,6.133209,6.854872,-12.525536,1.829337,3.384457,1.190145
1398072750.000,ZR,handheld,手持微动,recording,7.417311,7.180111,-15.247914,0.323203,-0.394145,-0.332744
1398072760.000,ZR,handheld,手持微动,recording,6.431865,7.074548,-17.467946,-1.337843,-3.792256,-1.698988
1398072770.000,ZR,handheld,手持微动,recording,3.857859,6.490093,-17.714003,-3.046875,-6.697178,-2.720280
1398072780.000,ZR,handheld,手持微动,recording,0.943983,5.366248,-15.747919,-4.676383,-9.044167,-3.357760
1398072790.000,ZR,handheld,手持微动,recording,-0.983222,4.182084,-12.533849,-6.089367,-10.803357,-3.630056
1398072800.000,ZR,handheld,手持微动,recording,-1.490665,2.839940,-7.968822,-7.140319,-12.050468,-3.664580
1398072810.000,ZR,handheld,手持微动,recording,-0.712318,2.049249,-2.311632,-7.689699,-12.765184,-3.635865
1398072820.000,ZR,handheld,手持微动,recording,0.006795,1.441757,3.162414,-7.749759,-13.120919,-3.630050
1398072830.000,ZR,handheld,手持微动,recording,0.331382,1.445473,8.170797,-7.379361,-13.207150,-3.668894
1398072840.000,ZR,handheld,手持微动,recording,-0.564570,1.470731,12.138176,-6.713212,-13.100326,-3.684324
1398072850.000,ZR,handheld,手持微动,recording,-2.642308,1.363251,14.441414,-5.961742,-12.938844,-3.561941
1398072860.000,ZR,handheld,手持微动,recording,-5.206573,1.712382,15.730042,-5.189489,-12.708674,-3.225979
1398072870.000,ZR,handheld,手持微动,recording,-7.417916,1.992875,15.640665,-4.466212,-12.253619,-2.655393
1398072880.000,ZR,handheld,手持微动,recording,-8.864267,2.406124,15.486521,-3.750760,-11.424321,-1.884259
1398072890.000,ZR,handheld,手持微动,recording,-9.032149,2.707323,15.395177,-2.975692,-10.279606,-1.052468
1398072900.000,ZR,handheld,手持微动,recording,-7.314362,2.289475,14.423878,-2.260900,-8.826815,-0.384276
1398072910.000,ZR,handheld,手持微动,recording,-4.425502,1.950888,13.556163,-1.594540,-7.043846,0.048327
1398072920.000,ZR,handheld,手持微动,recording,-1.615385,1.688446,12.830716,-0.943837,-5.031935,0.241170
1398072930.000,ZR,handheld,手持微动,recording,0.710785,1.614875,12.202527,-0.336786,-2.900830,0.256793
1398072940.000,ZR,handheld,手持微动,recording,1.569179,1.522401,12.288024,0.293242,-0.351287,0.260014
1398072950.000,ZR,handheld,手持微动,recording,1.236292,1.299654,14.143764,1.177911,2.789441,0.377897
1398072960.000,ZR,handheld,手持微动,recording,0.188498,1.454610,17.051264,2.502677,6.538833,0.654085
1398072970.000,ZR,handheld,手持微动,recording,-0.390787,1.575930,19.221696,4.224742,10.529889,1.162885
1398072980.000,ZR,handheld,手持微动,recording,-1.116430,0.373133,20.205951,6.054904,14.410925,1.861353
1398072990.000,ZR,handheld,手持微动,recording,1.518855,0.255922,21.520586,8.032617,17.757702,2.534174
1398073000.000,ZR,handheld,手持微动,recording,5.005018,-0.701237,18.150207,9.749404,20.042137,3.054487
1398073010.000,ZR,handheld,手持微动,recording,6.741526,-1.550442,10.667842,10.656893,21.167866,3.444999
1398073020.000,ZR,handheld,手持微动,recording,6.220335,-0.605782,3.537933,10.674561,20.916259,3.765209
1398073030.000,ZR,handheld,手持微动,recording,3.276375,0.012059,-3.290093,9.902695,19.641240,4.091046
1398073040.000,ZR,handheld,手持微动,recording,1.192187,0.511533,-7.605807,8.747700,17.999718,4.317375
1398073050.000,ZR,handheld,手持微动,recording,1.328737,2.107238,-8.876135,7.554794,16.250685,4.275888
1398073060.000,ZR,handheld,手持微动,recording,3.287975,3.971928,-10.610339,6.216988,13.879174,3.832934
1398073070.000,ZR,handheld,手持微动,recording,5.111908,4.624714,-13.594988,4.695697,10.667074,3.022895
1398073080.000,ZR,handheld,手持微动,recording,6.711188,5.179529,-16.514454,2.994417,6.604327,1.920147
1398073090.000,ZR,handheld,手持微动,recording,9.007050,5.734645,-18.362420,1.228659,2.417776,0.563861
1398073100.000,ZR,handheld,手持微动,recording,10.827484,5.733177,-18.997421,-0.526959,-1.371478,-1.030416
1398073110.000,ZR,handheld,手持微动,recording,9.682362,5.198300,-18.831528,-2.276934,-4.622493,-2.524917
1398073120.000,ZR,handheld,手持微动,recording,5.696477,4.235720,-17.410955,-3.833768,-7.146831,-3.482854
1398073130.000,ZR,handheld,手持微动,recording,1.630204,3.371863,-14.272781,-5.158604,-8.919729,-3.983749
1398073140.000,ZR,handheld,手持微动,recording,-1.701652,3.334865,-10.648898,-6.261417,-10.089546,-4.112623
1398073150.000,ZR,handheld,手持微动,recording,-3.463758,3.419173,-6.666928,-7.075107,-11.160372,-3.978059
1398073160.000,ZR,handheld,手持微动,recording,-1.878175,2.944739,-2.547993,-7.596523,-12.333991,-3.942546
1398073170.000,ZR,handheld,手持微动,recording,1.909630,1.989090,1.199092,-7.938299,-13.780731,-4.190804
1398073180.000,ZR,handheld,手持微动,recording,4.666384,0.582049,3.982078,-8.204553,-15.292469,-4.647448
1398073190.000,ZR,handheld,手持微动,recording,6.137244,-0.309251,6.712806,-8.453882,-16.837023,-5.166660
1398073200.000,ZR,handheld,手持微动,recording,5.630388,-1.835165,8.860701,-8.704509,-18.080602,-5.457398
1398073210.000,ZR,handheld,手持微动,recording,2.849086,-2.433500,12.085225,-8.785155,-18.869532,-5.332554
1398073220.000,ZR,handheld,手持微动,recording,-0.721579,-1.973567,16.140097,-8.470734,-19.110150,-4.703413
1398073230.000,ZR,handheld,手持微动,recording,-3.258659,-1.237153,21.055429,-7.538091,-18.541141,-3.649602
1398073240.000,ZR,handheld,手持微动,recording,-5.276885,-0.622436,25.864808,-5.844611,-16.856572,-2.428804
1398073250.000,ZR,handheld,手持微动,recording,-6.794801,-0.212811,29.233747,-3.544456,-13.636013,-1.204238
1398073260.000,ZR,handheld,手持微动,recording,-7.055997,-0.057320,28.963917,-1.013588,-9.151861,-0.083785
1398073270.000,ZR,handheld,手持微动,recording,-4.056009,-0.878211,24.152842,1.213909,-4.028071,0.774187
1398073280.000,ZR,handheld,手持微动,recording,0.940652,-1.421449,18.687136,2.994191,1.916417,1.300319
1398073290.000,ZR,handheld,手持微动,recording,6.185436,-0.554739,14.903915,4.208396,7.121708,1.484365
1398073300.000,ZR,handheld,手持微动,recording,8.063998,-0.615890,12.220900,4.991580,11.003367,1.482217
1398073310.000,ZR,handheld,手持微动,recording,7.567218,-0.119200,10.999191,5.506523,13.012421,1.442015
1398073320.000,ZR,handheld,手持微动,recording,5.436949,0.097959,10.881560,5.932885,13.734484,1.464366
1398073330.000,ZR,handheld,手持微动,recording,3.027894,0.416007,10.536839,6.360076,14.114584,1.635077
1398073340.000,ZR,handheld,手持微动,recording,1.823478,0.900527,10.506229,6.883228,15.114292,1.925502
1398073350.000,ZR,handheld,手持微动,recording,0.879942,0.960927,10.107325,7.555013,16.756004,2.366201
1398073360.000,ZR,handheld,手持微动,recording,0.530399,1.556815,8.901893,8.306627,18.505469,2.926405
1398073370.000,ZR,handheld,手持微动,recording,0.628406,2.524299,4.961984,8.669145,19.370127,3.442627
1398073380.000,ZR,handheld,手持微动,recording,-0.810160,3.355158,-1.038748,8.295526,18.786105,3.881552
1398073390.000,ZR,handheld,手持微动,recording,-2.646913,4.219990,-6.261436,7.276570,16.861514,4.166016
1398073400.000,ZR,handheld,手持微动,recording,-3.003000,4.814783,-9.939260,5.821346,14.021547,4.182185
1398073410.000,ZR,handheld,手持微动,recording,-1.255976,5.074675,-11.479687,4.257556,10.484624,3.779957
1398073420.000,ZR,handheld,手持微动,recording,3.515506,5.956092,-11.965442,2.752026,6.747693,2.691491
1398073430.000,ZR,handheld,手持微动,recording,8.727686,7.213166,-13.713242,1.239701,2.599790,1.037081
1398073440.000,ZR,handheld,手持微动,recording,11.830395,7.403312,-17.694406,-0.625949,-2.041555,-0.971179
1398073450.000,ZR,handheld,手持微动,recording,11.198898,6.658998,-20.997809,-3.034868,-6.835379,-3.001837
1398073460.000,ZR,handheld,手持微动,recording,6.663372,4.720111,-20.514472,-5.506267,-10.790477,-4.365895
1398073470.000,ZR,handheld,手持微动,recording,3.030724,2.597803,-15.889346,-7.630151,-13.393202,-4.991285
1398073480.000,ZR,handheld,手持微动,recording,1.124809,0.474477,-8.152856,-9.101621,-14.778904,-5.052286
1398073490.000,ZR,handheld,手持微动,recording,0.718741,-0.231996,1.462377,-9.634623,-15.235005,-4.792644
1398073500.000,ZR,handheld,手持微动,recording,0.930877,0.314077,11.317847,-9.101592,-15.330781,-4.514554
1398073510.000,ZR,handheld,手持微动,recording,1.355445,0.613959,17.319249,-8.059697,-15.618077,-4.443815
1398073520.000,ZR,handheld,手持微动,recording,-0.194528,0.175196,17.899798,-7.133166,-16.178694,-4.400560
1398073530.000,ZR,handheld,手持微动,recording,-3.656828,0.263367,15.941956,-6.578207,-16.882147,-4.075188
1398073540.000,ZR,handheld,手持微动,recording,-7.234090,0.254135,14.489226,-6.241657,-17.241130,-3.294635
1398073550.000,ZR,handheld,手持微动,recording,-9.772777,1.056729,15.811697,-5.693769,-16.962796,-2.109280
1398073560.000,ZR,handheld,手持微动,recording,-10.623294,1.005089,17.469274,-4.811671,-15.851861,-0.796121
1398073570.000,ZR,handheld,手持微动,recording,-7.915981,0.128848,19.637421,-3.513378,-13.601570,0.318337
1398073580.000,ZR,handheld,手持微动,recording,-3.387264,-0.228567,21.653097,-1.742129,-10.267017,1.025209
1398073590.000,ZR,handheld,手持微动,recording,1.114306,0.041788,20.611216,-0.000812,-6.069144,1.328584
1398073600.000,ZR,handheld,手持微动,recording,4.057083,0.319833,17.926292,1.463585,-1.754823,1.410226
1398073610.000,ZR,handheld,手持微动,recording,5.774823,0.812539,15.636396,2.673993,2.372327,1.435823
1398073620.000,ZR,handheld,手持微动,recording,6.675466,0.761344,14.163051,3.697381,5.933013,1.427227
1398073630.000,ZR,handheld,手持微动,recording,7.870318,1.003957,12.136946,4.450353,8.415483,1.309462
1398073640.000,ZR,handheld,手持微动,recording,7.215306,0.478364,9.523355,4.809283,9.528104,1.167787
1398073650.000,ZR,handheld,手持微动,recording,4.295313,0.620680,8.303702,4.950861,9.769679,1.192916
1398073660.000,ZR,handheld,手持微动,recording,2.276031,0.898205,8.410804,5.079033,10.129201,1.364535
1398073670.000,ZR,handheld,手持微动,recording,1.119973,0.895277,10.028472,5.441410,11.393946,1.664819
1398073680.000,ZR,handheld,手持微动,recording,0.945382,0.782696,13.124292,6.234844,13.333716,2.054229
1398073690.000,ZR,handheld,手持微动,recording,1.314145,0.497128,15.984198,7.391689,15.419441,2.503403
1398073700.000,ZR,handheld,手持微动,recording,1.554048,-0.302871,17.263036,8.726739,17.342009,3.053921
1398073710.000,ZR,handheld,手持微动,recording,1.810057,-0.674470,15.947307,9.941698,18.725502,3.678428
1398073720.000,ZR,handheld,手持微动,recording,0.681524,-0.457152,10.621856,10.531945,18.919882,4.422347
1398073730.000,ZR,handheld,手持微动,recording,0.631445,-0.421512,3.810238,10.220105,17.844157,4.942056
1398073740.000,ZR,handheld,手持微动,recording,2.165424,0.205345,-1.054496,9.299556,15.807764,5.020114
1398073750.000,ZR,handheld,手持微动,recording,4.013121,1.525792,-4.170462,8.107782,13.028981,4.667900
1398073760.000,ZR,handheld,手持微动,recording,6.426777,3.068243,-6.557556,6.818263,9.850609,3.894467
1398073770.000,ZR,handheld,手持微动,recording,9.892516,4.577149,-9.320427,5.403660,6.404939,2.626142
1398073780.000,ZR,handheld,手持微动,recording,12.216429,5.559862,-12.603660,3.873795,2.875743,1.053803
1398073790.000,ZR,handheld,手持微动,recording,11.708100,6.263824,-15.832492,2.151595,-0.570989,-0.588203
1398073800.000,ZR,handheld,手持微动,recording,9.599434,6.751950,-17.254814,0.269945,-3.728464,-2.117668
1398073810.000,ZR,handheld,手持微动,recording,6.014177,5.960806,-17.945640,-1.676813,-6.669610,-3.438395
1398073820.000,ZR,handheld,手持微动,recording,1.501999,4.546306,-16.422586,-3.541750,-9.240462,-4.235689
1398073830.000,ZR,handheld,手持微动,recording,-2.273985,4.030607,-12.202531,-5.146659,-11.254703,-4.546204
1398073840.000,ZR,handheld,手持微动,recording,-4.093522,3.327960,-6.635535,-6.323823,-12.772283,-4.535355
1398073850.000,ZR,handheld,手持微动,recording,-3.360629,2.879333,-0.107434,-6.951389,-13.874146,-4.482777
1398073860.000,ZR,handheld,手持微动,recording,-1.320165,2.850572,6.343799,-7.038329,-14.796242,-4.654097
1398073870.000,ZR,handheld,手持微动,recording,-0.435573,1.764098,10.595647,-6.855430,-15.954134,-4.998302
1398073880.000,ZR,handheld,手持微动,recording,-1.942054,0.344781,13.675694,-6.620663,-17.083295,-5.246797
1398073890.000,ZR,handheld,手持微动,recording,-5.318434,0.210142,17.756384,-6.155593,-17.916582,-5.141829
1398073900.000,ZR,handheld,手持微动,recording,-8.919024,0.476126,22.343417,-5.232686,-18.040924,-4.633895
1398073910.000,ZR,handheld,手持微动,recording,-11.282293,1.595791,25.279266,-3.898068,-17.316189,-3.844717
1398073920.000,ZR,handheld,手持微动,recording,-12.486783,2.331727,25.466667,-2.387159,-15.981371,-2.933330
1398073930.000,ZR,handheld,手持微动,recording,-12.400271,2.585776,22.349149,-1.018051,-14.248023,-1.978781
1398073940.000,ZR,handheld,手持微动,recording,-10.401347,2.763070,17.558951,0.050809,-12.147203,-1.066262
1398073950.000,ZR,handheld,手持微动,recording,-6.415435,3.136408,12.958978,0.704008,-9.741986,-0.453119
1398073960.000,ZR,handheld,手持微动,recording,-1.595002,3.542577,9.627551,1.095178,-7.060698,-0.206000
1398073970.000,ZR,handheld,手持微动,recording,2.031503,4.328257,7.530629,1.360006,-4.237795,-0.238051
1398073980.000,ZR,handheld,手持微动,recording,3.413089,5.108137,6.040255,1.588855,-1.397023,-0.374743
1398073990.000,ZR,handheld,手持微动,recording,2.752707,5.793841,4.981273,1.836831,1.357532,-0.441006
1398074000.000,ZR,handheld,手持微动,recording,1.642195,6.461441,4.163083,2.075504,3.656991,-0.406534
1398074010.000,ZR,handheld,手持微动,recording,0.311201,6.572486,2.828340,2.221262,5.377620,-0.320800
1398074020.000,ZR,handheld,手持微动,recording,-1.664886,6.716233,1.015994,2.187651,6.668290,-0.094644
1398074030.000,ZR,handheld,手持微动,recording,-2.966428,6.923300,-0.224023,2.011025,8.073766,0.264650
1398074040.000,ZR,handheld,手持微动,recording,-3.838511,6.784795,-0.403996,1.859809,9.775735,0.644878
1398074050.000,ZR,handheld,手持微动,recording,-4.403775,6.371743,0.287226,1.824656,11.707151,1.010273
1398074060.000,ZR,handheld,手持微动,recording,-4.115779,5.501958,1.690917,1.951972,13.885157,1.268562
1398074070.000,ZR,handheld,手持微动,recording,-4.462267,4.631305,3.435039,2.301228,16.066546,1.438705
1398074080.000,ZR,handheld,手持微动,recording,-7.102293,4.056228,5.243828,2.916507,18.250677,1.734095
1398074090.000,ZR,handheld,手持微动,recording,-12.302987,4.570429,6.971224,3.679568,20.055967,2.363568
1398074100.000,ZR,handheld,手持微动,recording,-16.335126,5.733117,6.643630,4.292850,20.693795,3.216041
1398074110.000,ZR,handheld,手持微动,recording,-18.643604,6.621074,2.718419,4.208907,19.435194,4.090643
1398074120.000,ZR,handheld,手持微动,recording,-20.369366,7.229723,-1.482300,3.303904,16.385471,4.917367
1398074130.000,ZR,handheld,手持微动,recording,-18.042255,6.602620,-2.829164,2.102608,12.553753,5.421495
1398074140.000,ZR,handheld,手持微动,recording,-11.216855,5.382182,-0.102641,1.299899,8.821856,5.274027
1398074150.000,ZR,handheld,手持微动,recording,-3.118217,6.188564,4.048668,1.264450,6.184033,4.476013
1398074160.000,ZR,handheld,手持微动,recording,2.394710,7.308409,5.350491,1.678006,4.868165,3.319194
1398074170.000,ZR,handheld,手持微动,recording,4.529710,7.879616,2.438849,1.933738,4.136765,2.166028
1398074180.000,ZR,handheld,手持微动,recording,3.901797,8.771982,-2.712273,1.718312,3.120945,1.120785
1398074190.000,ZR,handheld,手持微动,recording,2.258971,8.991217,-7.040925,1.055238,1.619536,0.217302
1398074200.000,ZR,handheld,手持微动,recording,0.129602,8.612001,-9.036885,0.181093,-0.040494,-0.449559
1398074210.000,ZR,handheld,手持微动,recording,-1.344809,8.557744,-8.683696,-0.674189,-1.560024,-0.902760
1398074220.000,ZR,handheld,手持微动,recording,-0.058922,8.331190,-7.884638,-1.448107,-3.021086,-1.368158
1398074230.000,ZR,handheld,手持微动,recording,1.642218,7.074775,-6.660400,-2.115202,-4.431833,-1.958316
1398074240.000,ZR,handheld,手持微动,recording,2.799809,6.977457,-5.250835,-2.699553,-5.718714,-2.641062
1398074250.000,ZR,handheld,手持微动,recording,3.541926,6.089439,-4.255510,-3.307840,-7.179536,-3.421855
1398074260.000,ZR,handheld,手持微动,recording,2.927494,5.386292,-3.672112,-3.941674,-8.693527,-4.089094
1398074270.000,ZR,handheld,手持微动,recording,1.983443,4.848627,-2.605761,-4.633803,-10.170749,-4.622980
1398074280.000,ZR,handheld,手持微动,recording,1.083765,3.879376,-1.104354,-5.349024,-11.655033,-5.052489
1398074290.000,ZR,handheld,手持微动,recording,0.780762,2.686926,0.354961,-6.125404,-13.168508,-5.419087
1398074300.000,ZR,handheld,手持微动,recording,0.855216,1.026904,1.960418,-6.969418,-14.702743,-5.729166
1398074310.000,ZR,handheld,手持微动,recording,1.269205,-0.858201,4.314807,-7.758380,-15.932252,-5.949234
1398074320.000,ZR,handheld,手持微动,recording,0.855371,-2.588062,8.401343,-8.318461,-16.823617,-5.975396
1398074330.000,ZR,handheld,手持微动,recording,-0.322141,-3.514787,13.522205,-8.430473,-17.209016,-5.668063
1398074340.000,ZR,handheld,手持微动,recording,-2.680924,-3.419023,19.813011,-7.848134,-16.897026,-4.953939
1398074350.000,ZR,handheld,手持微动,recording,-4.633432,-2.452829,25.551577,-6.518672,-15.874084,-3.972774
1398074360.000,ZR,handheld,手持微动,recording,-5.783502,-1.547936,29.254167,-4.610299,-13.940635,-2.912974
1398074370.000,ZR,handheld,手持微动,recording,-5.925577,-1.017111,30.380747,-2.350246,-11.051027,-1.947864
1398074380.000,ZR,handheld,手持微动,recording,-5.091266,-0.982783,28.049776,-0.004066,-7.391301,-1.165611
1398074390.000,ZR,handheld,手持微动,recording,-3.423407,-0.737353,22.678322,1.799746,-3.633711,-0.595336
1398074400.000,ZR,handheld,手持微动,recording,-0.918479,-0.127094,16.004809,2.939122,-0.130285,-0.179074
1398074410.000,ZR,handheld,手持微动,recording,1.423806,0.770359,10.691433,3.507817,2.920831,0.086899
1398074420.000,ZR,handheld,手持微动,recording,2.587004,1.851653,7.602313,3.732058,5.360111,0.255640
1398074430.000,ZR,handheld,手持微动,recording,2.305772,2.563070,5.982005,3.745476,7.037853,0.405128
1398074440.000,ZR,handheld,手持微动,recording,0.983866,2.430438,6.310679,3.737827,8.151158,0.601090
1398074450.000,ZR,handheld,手持微动,recording,-1.387150,2.548119,8.397809,3.916989,9.002011,0.935396
1398074460.000,ZR,handheld,手持微动,recording,-2.655929,2.730190,10.823779,4.380001,9.984480,1.400445
1398074470.000,ZR,handheld,手持微动,recording,-2.301992,2.448208,12.396284,5.098645,11.177640,1.862483
1398074480.000,ZR,handheld,手持微动,recording,-0.871709,2.096928,12.355338,5.845251,12.218912,2.163229
1398074490.000,ZR,handheld,手持微动,recording,0.193988,1.747128,10.818226,6.485476,13.133621,2.349429
1398074500.000,ZR,handheld,手持微动,recording,-0.026513,1.752822,8.435483,6.937055,13.887751,2.544122
1398074510.000,ZR,handheld,手持微动,recording,-0.679585,2.355891,5.761187,7.160320,14.240849,2.764710
1398074520.000,ZR,handheld,手持微动,recording,-1.799346,3.174015,2.323593,7.019868,13.929008,2.975761
1398074530.000,ZR,handheld,手持微动,recording,-2.322327,3.939894,-1.339658,6.496313,13.012077,3.097407
1398074540.000,ZR,handheld,手持微动,recording,-2.258137,4.284800,-3.887519,5.718685,11.718140,3.054217
1398074550.000,ZR,handheld,手持微动,recording,-1.892641,5.053663,-5.193969,4.871459,10.203071,2.832758
1398074560.000,ZR,handheld,手持微动,recording,-1.716953,5.959059,-6.312398,3.996839,8.417092,2.448074
1398074570.000,ZR,handheld,手持微动,recording,-1.086293,6.952052,-7.813674,3.043602,6.370012,1.901276
1398074580.000,ZR,handheld,手持微动,recording,0.473043,7.758962,-9.574601,1.960162,4.013678,1.111140
1398074590.000,ZR,handheld,手持微动,recording,2.179521,8.175327,-11.600880,0.701412,1.336497,0.066330
1398074600.000,ZR,handheld,手持微动,recording,3.955571,8.554421,-13.858327,-0.843332,-1.825628,-1.209318
1398074610.000,ZR,handheld,手持微动,recording,4.639972,7.431419,-15.944986,-2.747701,-5.046446,-2.545226
1398074620.000,ZR,handheld,手持微动,recording,3.512552,5.274301,-15.327381,-4.640149,-7.761392,-3.578921
1398074630.000,ZR,handheld,手持微动,recording,1.606238,3.850183,-11.033835,-6.229746,-9.831036,-4.186902
1398074640.000,ZR,handheld,手持微动,recording,0.329590,2.139798,-5.971689,-7.417282,-11.340501,-4.405734
1398074650.000,ZR,handheld,手持微动,recording,0.829080,1.106747,-0.168261,-8.058464,-12.144608,-4.428718
1398074660.000,ZR,handheld,手持微动,recording,2.038516,0.632255,5.739589,-8.135222,-12.464304,-4.498074
1398074670.000,ZR,handheld,手持微动,recording,2.298491,-0.156675,10.408647,-7.804903,-12.641361,-4.642442
1398074680.000,ZR,handheld,手持微动,recording,1.229827,-0.635549,13.143298,-7.304583,-12.742193,-4.736366
1398074690.000,ZR,handheld,手持微动,recording,-1.386133,-0.862764,14.458744,-6.775916,-12.826849,-4.575067
1398074700.000,ZR,handheld,手持微动,recording,-4.025669,-0.813173,14.849543,-6.311354,-12.796491,-4.113696
1398074710.000,ZR,handheld,手持微动,recording,-5.646658,-0.193127,15.550841,-5.795019,-12.558789,-3.415900
1398074720.000,ZR,handheld,手持微动,recording,-5.710216,-0.148926,16.298719,-5.148337,-11.943920,-2.636745
1398074730.000,ZR,handheld,手持微动,recording,-4.649955,-0.286809,17.351196,-4.284151,-10.698367,-1.893512
1398074740.000,ZR,handheld,手持微动,recording,-3.349483,-0.480355,18.584742,-3.145443,-8.568030,-1.236568
1398074750.000,ZR,handheld,手持微动,recording,-2.163673,-0.616300,19.351563,-1.890488,-5.774630,-0.721048
1398074760.000,ZR,handheld,手持微动,recording,-1.094910,-0.745693,18.846891,-0.623987,-2.573448,-0.311572
1398074770.000,ZR,handheld,手持微动,recording,-1.491487,-1.066285,17.675152,0.577853,0.951398,0.162560
1398074780.000,ZR,handheld,手持微动,recording,-2.864472,-0.845691,18.388623,1.840931,4.915457,0.825566
1398074790.000,ZR,handheld,手持微动,recording,-1.974952,-0.693468,20.204281,3.239960,8.647564,1.469971
1398074800.000,ZR,handheld,手持微动,recording,-0.733938,-1.003862,21.213425,4.652389,11.609197,2.020246
1398074810.000,ZR,handheld,手持微动,recording,0.722897,-1.274932,20.959333,5.978509,13.816209,2.449461
1398074820.000,ZR,handheld,手持微动,recording,1.700429,-0.970823,19.465293,7.166632,15.422703,2.766838
1398074830.000,ZR,handheld,手持微动,recording,1.930916,-0.189004,15.237632,7.954572,16.055709,2.975625
1398074840.000,ZR,handheld,手持微动,recording,0.424790,0.876874,8.596094,8.026250,15.712741,3.149097
1398074850.000,ZR,handheld,手持微动,recording,-3.573093,2.150751,1.536895,7.384203,14.836396,3.465700
1398074860.000,ZR,handheld,手持微动,recording,-7.143587,3.334675,-2.739500,6.299727,13.869766,3.927179
1398074870.000,ZR,handheld,手持微动,recording,-7.789609,4.569335,-3.543952,5.241251,12.768708,4.253095
1398074880.000,ZR,handheld,手持微动,recording,-6.458382,5.272249,-3.810990,4.279394,11.465274,4.287707
1398074890.000,ZR,handheld,手持微动,recording,-4.482116,5.555175,-4.140923,3.390105,9.930105,4.056958
1398074900.000,ZR,handheld,手持微动,recording,-2.729698,5.658414,-3.909845,2.635133,8.199589,3.617639
1398074910.000,ZR,handheld,手持微动,recording,-1.171481,6.142878,-3.258024,2.042942,6.445407,3.016513
1398074920.000,ZR,handheld,手持微动,recording,0.260001,6.687885,-2.826467,1.628099,4.900875,2.338612
1398074930.000,ZR,handheld,手持微动,recording,1.478931,6.790544,-3.387459,1.253345,3.461622,1.597393
1398074940.000,ZR,handheld,手持微动,recording,2.334575,6.787144,-4.230247,0.824021,2.036086,0.783250
1398074950.000,ZR,handheld,手持微动,recording,2.810419,6.939197,-5.047364,0.304028,0.447840,-0.091929
1398074960.000,ZR,handheld,手持微动,recording,2.954200,6.884268,-6.652362,-0.445781,-1.549085,-1.055801
1398074970.000,ZR,handheld,手持微动,recording,2.672885,6.393697,-8.535807,-1.430810,-3.794065,-1.981232
1398074980.000,ZR,handheld,手持微动,recording,1.567304,5.249483,-8.881960,-2.563532,-5.996462,-2.821105
1398074990.000,ZR,handheld,手持微动,recording,0.545558,4.576848,-6.845082,-3.587672,-7.820316,-3.468837
1398075000.000,ZR,handheld,手持微动,recording,-0.638084,3.532396,-3.126360,-4.323404,-9.258886,-3.909564
1398075010.000,ZR,handheld,手持微动,recording,-1.585530,2.972144,0.831626,-4.713977,-10.184010,-4.157040
1398075020.000,ZR,handheld,手持微动,recording,-2.366539,2.595523,4.841180,-4.766725,-10.636327,-4.301411
1398075030.000,ZR,handheld,手持微动,recording,-3.410936,2.283136,7.991948,-4.560984,-10.726195,-4.384742
1398075040.000,ZR,handheld,手持微动,recording,-4.828765,2.146245,9.937194,-4.233391,-10.639861,-4.408594
1398075050.000,ZR,handheld,手持微动,recording,-6.473939,1.897235,10.491256,-3.957250,-10.585238,-4.334000
1398075060.000,ZR,handheld,手持微动,recording,-8.141189,1.759501,10.481071,-3.811696,-10.653254,-4.119945
1398075070.000,ZR,handheld,手持微动,recording,-8.968676,1.948532,10.775015,-3.742049,-10.800630,-3.784652
1398075080.000,ZR,handheld,手持微动,recording,-9.375732,1.903668,11.514777,-3.637430,-10.898981,-3.322481
1398075090.000,ZR,handheld,手持微动,recording,-9.214808,2.021692,12.857379,-3.392206,-10.694353,-2.766098
1398075100.000,ZR,handheld,手持微动,recording,-7.981330,2.052355,14.500601,-2.927319,-10.113320,-2.247890
1398075110.000,ZR,handheld,手持微动,recording,-6.471478,1.877459,15.382410,-2.310922,-9.154810,-1.840883
1398075120.000,ZR,handheld,手持微动,recording,-5.081493,2.065939,14.701304,-1.716018,-8.125924,-1.528231
1398075130.000,ZR,handheld,手持微动,recording,-4.268728,1.815532,12.726527,-1.286264,-6.973739,-1.254316
1398075140.000,ZR,handheld,手持微动,recording,-3.491426,2.002158,11.769335,-0.964805,-5.813753,-1.024913
1398075150.000,ZR,handheld,手持微动,recording,-2.604139,2.284067,11.262426,-0.658319,-4.663504,-0.836066
1398075160.000,ZR,handheld,手持微动,recording,-2.291420,2.379077,10.683911,-0.354890,-3.287501,-0.615418
1398075170.000,ZR,handheld,手持微动,recording,-2.483642,2.690426,10.486013,0.009289,-1.654900,-0.316915
1398075180.000,ZR,handheld,手持微动,recording,-2.230092,2.839875,10.635198,0.465736,0.137893,0.003102
1398075190.000,ZR,handheld,手持微动,recording,-1.287505,2.813143,10.671652,0.938780,1.836520,0.231249
1398075200.000,ZR,handheld,手持微动,recording,-0.485680,2.488562,10.301247,1.391658,3.415428,0.373525
1398075210.000,ZR,handheld,手持微动,recording,-0.588200,2.057134,9.898061,1.819039,5.047488,0.498239
1398075220.000,ZR,handheld,手持微动,recording,-0.905445,2.114192,9.868189,2.315898,6.748446,0.663085
1398075230.000,ZR,handheld,手持微动,recording,-1.051195,1.973434,10.011855,2.872615,8.624669,0.855577
1398075240.000,ZR,handheld,手持微动,recording,-0.668581,1.886337,10.643939,3.537032,10.623255,1.029406
1398075250.000,ZR,handheld,手持微动,recording,-0.647336,1.686830,11.257789,4.338795,12.687151,1.220637
1398075260.000,ZR,handheld,手持微动,recording,-0.973923,1.435840,11.429455,5.260223,14.906180,1.496534
1398075270.000,ZR,handheld,手持微动,recording,-1.797463,1.655856,11.235482,6.291842,17.188935,1.908938
1398075280.000,ZR,handheld,手持微动,recording,-2.655516,2.366655,9.325823,7.144782,19.000560,2.431621
1398075290.000,ZR,handheld,手持微动,recording,-2.920681,2.619338,5.379269,7.597367,20.115110,2.958385
1398075300.000,ZR,handheld,手持微动,recording,-2.808246,3.142694,1.047700,7.525716,20.030140,3.351017
1398075310.000,ZR,handheld,手持微动,recording,-3.787981,3.643023,-3.261921,6.947291,18.782344,3.593191
1398075320.000,ZR,handheld,手持微动,recording,-5.040176,4.021984,-6.865839,5.975798,16.747098,3.687928
1398075330.000,ZR,handheld,手持微动,recording,-5.805892,4.451973,-9.777142,4.764493,14.014177,3.620229
1398075340.000,ZR,handheld,手持微动,recording,-5.015524,4.943332,-11.837998,3.407074,10.771747,3.313502
1398075350.000,ZR,handheld,手持微动,recording,-1.793623,4.850806,-13.833267,1.874336,7.024468,2.650820
1398075360.000,ZR,handheld,手持微动,recording,2.062662,4.444648,-14.224842,0.480126,3.376929,1.648427
1398075370.000,ZR,handheld,手持微动,recording,5.219705,4.625301,-12.973789,-0.659299,-0.003109,0.412617
1398075380.000,ZR,handheld,手持微动,recording,6.001566,4.586343,-11.164128,-1.558334,-2.727891,-0.868543
1398075390.000,ZR,handheld,手持微动,recording,3.875694,4.888977,-9.488508,-2.275305,-4.697005,-1.880673
1398075400.000,ZR,handheld,手持微动,recording,0.449622,4.869117,-7.916970,-2.846574,-6.283156,-2.519904
1398075410.000,ZR,handheld,手持微动,recording,-2.380956,4.820542,-6.342180,-3.306731,-7.309496,-2.889976
1398075420.000,ZR,handheld,手持微动,recording,-4.238513,5.045098,-4.495533,-3.687699,-8.189765,-3.121778
1398075430.000,ZR,handheld,手持微动,recording,-5.038063,4.861447,-3.128203,-4.064168,-9.425316,-3.311443
1398075440.000,ZR,handheld,手持微动,recording,-4.812494,4.644147,-2.003028,-4.492274,-10.916334,-3.508930
1398075450.000,ZR,handheld,手持微动,recording,-4.098054,3.985758,-0.912598,-4.978655,-12.468792,-3.737167
1398075460.000,ZR,handheld,手持微动,recording,-2.771900,3.098798,0.804137,-5.482405,-13.950677,-4.026671
1398075470.000,ZR,handheld,手持微动,recording,-2.117412,2.017813,2.837648,-5.954664,-15.260114,-4.313434
1398075480.000,ZR,handheld,手持微动,recording,-2.539594,1.041248,5.111833,-6.336212,-16.195292,-4.430183
1398075490.000,ZR,handheld,手持微动,recording,-3.651564,0.718483,8.597749,-6.468511,-16.601783,-4.313565
1398075500.000,ZR,handheld,手持微动,recording,-4.770953,0.951897,11.732990,-6.332941,-16.629222,-3.987650
1398075510.000,ZR,handheld,手持微动,recording,-6.247035,1.021722,13.224933,-6.050457,-16.338094,-3.420513
1398075520.000,ZR,handheld,手持微动,recording,-7.548881,1.239336,14.275894,-5.591991,-15.716940,-2.576825
1398075530.000,ZR,handheld,手持微动,recording,-7.790153,1.289297,15.586513,-4.874971,-14.484525,-1.582019
1398075540.000,ZR,handheld,手持微动,recording,-7.288252,0.947997,17.944149,-3.773548,-12.220184,-0.614086
1398075550.000,ZR,handheld,手持微动,recording,-5.533793,0.407485,20.999164,-2.210124,-8.975868,0.153554
1398075560.000,ZR,handheld,手持微动,recording,-2.973105,0.156515,21.890313,-0.430021,-5.085954,0.680274
1398075570.000,ZR,handheld,手持微动,recording,-1.091157,-0.203547,19.540163,1.204440,-0.772966,1.076075
1398075580.000,ZR,handheld,手持微动,recording,-0.051066,-0.386398,16.379830,2.397836,3.168622,1.409637
1398075590.000,ZR,handheld,手持微动,recording,0.811859,0.307442,15.146028,3.346223,6.418398,1.698763
1398075600.000,ZR,handheld,手持微动,recording,1.511238,0.594361,13.788118,4.059754,8.659787,1.901969
1398075610.000,ZR,handheld,手持微动,recording,0.918357,0.395258,11.727455,4.478964,9.986348,2.086809
1398075620.000,ZR,handheld,手持微动,recording,-1.099890,0.752408,10.635844,4.699091,10.762375,2.377197
1398075630.000,ZR,handheld,手持微动,recording,-2.826233,1.094516,11.156367,4.956563,11.462117,2.751827
1398075640.000,ZR,handheld,手持微动,recording,-4.251989,1.041242,12.460208,5.392224,12.648660,3.222763
1398075650.000,ZR,handheld,手持微动,recording,-4.307063,1.436056,14.019218,6.059478,13.922389,3.708701
1398075660.000,ZR,handheld,手持微动,recording,-4.314143,1.610338,12.810031,6.677957,14.731232,4.173025
1398075670.000,ZR,handheld,手持微动,recording,-3.965090,1.954559,9.045594,6.844931,14.804787,4.523488
1398075680.000,ZR,handheld,手持微动,recording,-3.860363,2.499276,4.921041,6.575032,14.063972,4.716743
1398075690.000,ZR,handheld,手持微动,recording,-3.794235,3.290754,1.188654,5.938002,12.625575,4.736349
1398075700.000,ZR,handheld,手持微动,recording,-3.160326,3.740468,-1.875776,5.037933,10.702399,4.556548
1398075710.000,ZR,handheld,手持微动,recording,-1.123424,4.201958,-3.581835,4.048711,8.491883,4.031480
1398075720.000,ZR,handheld,手持微动,recording,1.627602,5.026949,-4.620668,3.122253,6.289486,3.180192
1398075730.000,ZR,handheld,手持微动,recording,4.028520,5.895412,-5.980420,2.186899,3.938461,2.042277
1398075740.000,ZR,handheld,手持微动,recording,5.578414,6.537799,-7.917736,1.079001,1.279964,0.685537
1398075750.000,ZR,handheld,手持微动,recording,6.617229,7.005039,-10.013077,-0.247567,-1.655338,-0.749776
1398075760.000,ZR,handheld,手持微动,recording,6.609468,6.290897,-11.440003,-1.753669,-4.608172,-2.129466
1398075770.000,ZR,handheld,手持微动,recording,5.091500,4.984437,-10.980635,-3.274027,-7.120769,-3.285609
1398075780.000,ZR,handheld,手持微动,recording,3.019057,3.871549,-8.635032,-4.644482,-9.168322,-4.103404
1398075790.000,ZR,handheld,手持微动,recording,1.962687,2.348651,-5.620578,-5.834862,-10.963734,-4.655581
1398075800.000,ZR,handheld,手持微动,recording,1.650276,0.728228,-2.008008,-6.786336,-12.242730,-4.990246
1398075810.000,ZR,handheld,手持微动,recording,1.673563,-0.576586,2.694344,-7.313052,-12.908893,-5.194643
1398075820.000,ZR,handheld,手持微动,recording,0.901695,-0.895663,7.945904,-7.387917,-12.983071,-5.289083
1398075830.000,ZR,handheld,手持微动,recording,-0.829104,-0.774650,12.250310,-7.035722,-12.824897,-5.227601
1398075840.000,ZR,handheld,手持微动,recording,-2.699269,-0.573799,13.953930,-6.554532,-12.817457,-5.000353
1398075850.000,ZR,handheld,手持微动,recording,-3.961345,-0.735563,12.793373,-6.283878,-12.954073,-4.590365
1398075860.000,ZR,handheld,手持微动,recording,-4.924655,-0.772848,12.054055,-6.138753,-12.923785,-3.984721
1398075870.000,ZR,handheld,手持微动,recording,-4.360100,-0.789132,12.869537,-5.881490,-12.413589,-3.271385
1398075880.000,ZR,handheld,手持微动,recording,-3.484001,-1.063218,15.309564,-5.232957,-11.052580,-2.529408
1398075890.000,ZR,handheld,手持微动,recording,-2.756085,-1.154257,17.988958,-4.186902,-8.885859,-1.850045
1398075900.000,ZR,handheld,手持微动,recording,-2.878644,-1.466271,20.001949,-2.787489,-5.795480,-1.184922
1398075910.000,ZR,handheld,手持微动,recording,-3.602663,-1.722058,21.030259,-1.136112,-1.858355,-0.480394
1398075920.000,ZR,handheld,手持微动,recording,-3.419515,-1.697428,20.474980,0.542338,2.355774,0.221759
1398075930.000,ZR,handheld,手持微动,recording,-3.532234,-1.729705,18.504267,2.009070,6.398699,0.927770
1398075940.000,ZR,handheld,手持微动,recording,-1.985828,-0.881339,16.475659,3.074871,9.339770,1.428771
1398075950.000,ZR,handheld,手持微动,recording,-0.882212,-0.232102,13.434742,3.677124,11.017867,1.717551
1398075960.000,ZR,handheld,手持微动,recording,-0.605370,0.068629,10.694681,3.839109,11.577739,1.814012
1398075970.000,ZR,handheld,手持微动,recording,-1.836294,0.624260,9.933934,3.831723,11.431492,1.851538
1398075980.000,ZR,handheld,手持微动,recording,-5.295574,0.677448,10.524918,3.941942,11.572468,2.104643
1398075990.000,ZR,handheld,手持微动,recording,-9.253971,1.550373,12.998807,4.420245,12.521133,2.724637
1398076000.000,ZR,handheld,手持微动,recording,-11.582943,2.631603,15.120060,5.236850,13.871747,3.609772
1398076010.000,ZR,handheld,手持微动,recording,-12.353779,2.561180,14.140386,5.983011,15.317266,4.611410
1398076020.000,ZR,handheld,手持微动,recording,-11.944149,2.243164,11.872618,6.434388,16.339523,5.570286
1398076030.000,ZR,handheld,手持微动,recording,-9.921447,2.152878,9.648649,6.583580,16.643582,6.233224
1398076040.000,ZR,handheld,手持微动,recording,-7.916197,1.717740,6.793622,6.432534,16.272099,6.608805
1398076050.000,ZR,handheld,手持微动,recording,-4.916018,1.599920,3.620654,5.974170,15.151967,6.621313
1398076060.000,ZR,handheld,手持微动,recording,-1.284851,1.471742,-0.051165,5.206403,13.294707,6.181121
1398076070.000,ZR,handheld,手持微动,recording,2.426535,1.978536,-3.261653,4.237806,10.969439,5.326502
1398076080.000,ZR,handheld,手持微动,recording,6.575576,3.199942,-5.669732,3.204665,8.115841,4.061171
1398076090.000,ZR,handheld,手持微动,recording,9.160799,4.318965,-8.134257,2.094654,4.720446,2.477639
1398076100.000,ZR,handheld,手持微动,recording,10.533585,5.235814,-10.439844,0.812141,0.796087,0.642359
1398076110.000,ZR,handheld,手持微动,recording,11.018674,5.769719,-12.102698,-0.537687,-2.995486,-1.173645
1398076120.000,ZR,handheld,手持微动,recording,8.805095,4.946896,-12.869297,-1.948800,-6.334502,-2.755325
1398076130.000,ZR,handheld,手持微动,recording,4.270587,3.866302,-12.048359,-3.328234,-9.043769,-3.838934
1398076140.000,ZR,handheld,手持微动,recording,-0.097494,3.096585,-9.020766,-4.504982,-10.888845,-4.354220
1398076150.000,ZR,handheld,手持微动,recording,-3.349218,2.913687,-4.089299,-5.268890,-11.965400,-4.397432
1398076160.000,ZR,handheld,手持微动,recording,-4.288713,3.091295,1.336288,-5.488282,-12.390617,-4.246252
1398076170.000,ZR,handheld,手持微动,recording,-3.651196,3.280356,6.181291,-5.274628,-12.481039,-4.196857
1398076180.000,ZR,handheld,手持微动,recording,-2.583726,2.737183,7.966631,-4.971816,-12.674107,-4.413834
1398076190.000,ZR,handheld,手持微动,recording,-2.967869,1.360748,6.765453,-5.000085,-13.410978,-4.720068
1398076200.000,ZR,handheld,手持微动,recording,-4.376045,0.448988,5.567951,-5.417259,-14.359527,-4.862187
1398076210.000,ZR,handheld,手持微动,recording,-6.381456,0.213058,6.313766,-5.947103,-15.221047,-4.670752
1398076220.000,ZR,handheld,手持微动,recording,-7.628325,0.196569,9.207973,-6.290402,-15.655440,-4.142970
1398076230.000,ZR,handheld,手持微动,recording,-8.178382,0.495599,13.580251,-6.162620,-15.540951,-3.360569
1398076240.000,ZR,handheld,手持微动,recording,-8.079626,0.631713,17.853142,-5.417279,-14.897259,-2.482889
1398076250.000,ZR,handheld,手持微动,recording,-7.225940,0.772217,19.865217,-4.331884,-13.798720,-1.678711
1398076260.000,ZR,handheld,手持微动,recording,-6.970398,0.212943,19.899711,-3.078804,-11.961315,-0.890350
1398076270.000,ZR,handheld,手持微动,recording,-5.690039,0.046257,20.129497,-1.641044,-9.095445,-0.196943
1398076280.000,ZR,handheld,手持微动,recording,-3.569550,-0.058286,19.856816,-0.128482,-5.726310,0.276652
1398076290.000,ZR,handheld,手持微动,recording,-0.765158,0.042841,17.491257,1.143024,-2.434357,0.522487
1398076300.000,ZR,handheld,手持微动,recording,1.645852,0.127727,13.628741,2.006383,0.477111,0.603450
1398076310.000,ZR,handheld,手持微动,recording,2.922770,0.450694,10.660538,2.519386,2.950602,0.586306
1398076320.000,ZR,handheld,手持微动,recording,3.222372,0.946459,8.748329,2.811484,4.963866,0.543963
1398076330.000,ZR,handheld,手持微动,recording,2.347496,0.961317,7.741374,2.966647,6.572334,0.580677
1398076340.000,ZR,handheld,手持微动,recording,1.428992,0.911961,8.203417,3.161515,8.063165,0.714798
1398076350.000,ZR,handheld,手持微动,recording,0.186331,0.380817,10.340587,3.590245,9.828231,0.960941
1398076360.000,ZR,handheld,手持微动,recording,-0.968150,0.046275,14.101660,4.493053,12.136026,1.364873
1398076370.000,ZR,handheld,手持微动,recording,-1.069129,0.161703,17.927176,5.973734,14.760955,1.895403
1398076380.000,ZR,handheld,手持微动,recording,-0.423880,-0.324240,18.415088,7.539889,17.240175,2.457271
1398076390.000,ZR,handheld,手持微动,recording,0.148603,-0.514428,15.699968,8.857657,19.177364,3.062201
1398076400.000,ZR,handheld,手持微动,recording,0.239361,0.151532,10.697445,9.613535,19.803356,3.646069
1398076410.000,ZR,handheld,手持微动,recording,0.286190,0.645243,4.042018,9.573959,18.841768,4.052092
1398076420.000,ZR,handheld,手持微动,recording,0.017469,1.094013,-2.310841,8.720990,16.861690,4.196063
1398076430.000,ZR,handheld,手持微动,recording,-0.215008,1.699887,-7.542079,7.351451,14.246456,4.109922
1398076440.000,ZR,handheld,手持微动,recording,0.760811,2.567176,-10.640855,5.765585,11.132602,3.627581
1398076450.000,ZR,handheld,手持微动,recording,2.923889,3.921696,-12.537368,4.081931,7.394315,2.629891
1398076460.000,ZR,handheld,手持微动,recording,4.840324,5.319629,-15.476773,2.158164,2.663818,1.165421
1398076470.000,ZR,handheld,手持微动,recording,5.119400,5.683703,-18.666873,0.106518,-2.237744,-0.342419
1398076480.000,ZR,handheld,手持微动,recording,3.951084,5.395737,-18.514659,-1.889486,-6.177937,-1.681514
1398076490.000,ZR,handheld,手持微动,recording,1.248254,5.566030,-15.155478,-3.579969,-8.907969,-2.572214
1398076500.000,ZR,handheld,手持微动,recording,-2.229042,4.559340,-10.466594,-4.796734,-10.510102,-2.989490
1398076510.000,ZR,handheld,手持微动,recording,-4.759024,4.540833,-5.514898,-5.530621,-11.417914,-3.038262
1398076520.000,ZR,handheld,手持微动,recording,-5.955316,4.534174,-0.502230,-5.839951,-12.035566,-2.943828
1398076530.000,ZR,handheld,手持微动,recording,-6.438585,4.237949,2.900707,-5.873524,-12.648689,-2.803680
1398076540.000,ZR,handheld,手持微动,recording,-6.226131,3.733077,5.568369,-5.734982,-13.253788,-2.681917
1398076550.000,ZR,handheld,手持微动,recording,-5.954174,3.529674,8.304845,-5.463282,-13.659935,-2.599895
1398076560.000,ZR,handheld,手持微动,recording,-6.712954,3.343036,10.337146,-5.103990,-13.923331,-2.461783
1398076570.000,ZR,handheld,手持微动,recording,-8.411851,3.609802,11.036666,-4.748586,-14.073144,-2.109439
1398076580.000,ZR,handheld,手持微动,recording,-10.224383,4.065751,10.959636,-4.429638,-14.043987,-1.479111
1398076590.000,ZR,handheld,手持微动,recording,-10.938725,4.288359,11.020085,-4.052415,-13.704970,-0.647276
1398076600.000,ZR,handheld,手持微动,recording,-9.443538,3.830072,10.965280,-3.568245,-12.852108,0.140872
1398076610.000,ZR,handheld,手持微动,recording,-5.978212,3.273171,11.269086,-2.942193,-11.276456,0.716938
1398076620.000,ZR,handheld,手持微动,recording,-2.252583,2.811051,11.380784,-2.207515,-9.075263,1.017331
1398076630.000,ZR,handheld,手持微动,recording,1.049185,2.429538,11.005054,-1.403559,-6.371338,1.067499
1398076640.000,ZR,handheld,手持微动,recording,3.211140,2.454490,10.806782,-0.605179,-3.539118,0.968695
1398076650.000,ZR,handheld,手持微动,recording,4.406072,2.458371,10.754336,0.195730,-0.575069,0.812148
1398076660.000,ZR,handheld,手持微动,recording,4.039349,2.345517,11.003316,1.039840,2.373278,0.708515
1398076670.000,ZR,handheld,手持微动,recording,3.625810,2.187266,11.250423,1.930086,5.338031,0.680013
1398076680.000,ZR,handheld,手持微动,recording,2.452301,2.065592,11.366067,2.856403,8.071346,0.753396
1398076690.000,ZR,handheld,手持微动,recording,1.516323,2.140601,10.401919,3.630466,10.139150,0.914629
1398076700.000,ZR,handheld,手持微动,recording,1.251092,1.527225,9.061114,4.236108,11.915601,1.086091
1398076710.000,ZR,handheld,手持微动,recording,1.336186,1.316438,9.346344,4.872794,13.652765,1.230063
1398076720.000,ZR,handheld,手持微动,recording,0.561365,1.057460,10.602426,5.704556,15.573826,1.445852
1398076730.000,ZR,handheld,手持微动,recording,-0.244616,1.167837,11.392540,6.683867,17.249007,1.762414
1398076740.000,ZR,handheld,手持微动,recording,-2.259384,1.716919,9.497270,7.496032,18.264154,2.213257
1398076750.000,ZR,handheld,手持微动,recording,-4.011150,2.960941,5.290695,7.788776,18.248533,2.767928
1398076760.000,ZR,handheld,手持微动,recording,-5.253116,3.404645,-0.015494,7.397213,17.026970,3.255537
1398076770.000,ZR,handheld,手持微动,recording,-5.677188,4.125623,-3.842400,6.547176,14.827708,3.491023
1398076780.000,ZR,handheld,手持微动,recording,-4.962161,4.848498,-6.973397,5.401572,12.156122,3.411645
1398076790.000,ZR,handheld,手持微动,recording,-2.427657,5.465823,-9.371777,4.075074,9.091958,2.872914
1398076800.000,ZR,handheld,手持微动,recording,1.008079,6.328196,-11.494599,2.559415,5.414417,1.726341
1398076810.000,ZR,handheld,手持微动,recording,4.490334,7.176230,-15.052414,0.748273,0.878918,0.096635
1398076820.000,ZR,handheld,手持微动,recording,5.467745,6.252773,-18.695904,-1.393689,-3.913137,-1.617128
1398076830.000,ZR,handheld,手持微动,recording,3.445368,5.313327,-18.666439,-3.588454,-7.838028,-2.977266
1398076840.000,ZR,handheld,手持微动,recording,0.427313,4.613089,-14.318881,-5.448923,-10.464599,-3.722053
1398076850.000,ZR,handheld,手持微动,recording,-1.986713,3.073456,-8.786505,-6.851006,-11.908236,-3.941139
1398076860.000,ZR,handheld,手持微动,recording,-2.997239,2.579385,-1.787210,-7.527262,-12.387938,-3.796124
1398076870.000,ZR,handheld,手持微动,recording,-2.745518,2.294218,5.286948,-7.492341,-12.387526,-3.562586
1398076880.000,ZR,handheld,手持微动,recording,-2.281887,2.202023,11.219498,-6.849149,-12.218571,-3.405626
1398076890.000,ZR,handheld,手持微动,recording,-3.042282,2.242414,14.959333,-5.831682,-12.017094,-3.288682
1398076900.000,ZR,handheld,手持微动,recording,-4.655152,2.352450,16.510103,-4.730204,-11.790677,-3.116448
1398076910.000,ZR,handheld,手持微动,recording,-7.064353,2.386437,15.438781,-3.868878,-11.609394,-2.783342
1398076920.000,ZR,handheld,手持微动,recording,-9.062397,2.579608,13.494866,-3.245533,-11.271678,-2.231273
1398076930.000,ZR,handheld,手持微动,recording,-10.144973,2.987616,12.515810,-2.722589,-10.610635,-1.498731
1398076940.000,ZR,handheld,手持微动,recording,-9.869383,3.108274,11.575215,-2.269982,-9.687840,-0.736173
1398076950.000,ZR,handheld,手持微动,recording,-8.284671,2.669931,10.711444,-1.910385,-8.462598,-0.093233
1398076960.000,ZR,handheld,手持微动,recording,-5.898577,2.596197,10.696953,-1.550987,-7.232037,0.355261
1398076970.000,ZR,handheld,手持微动,recording,-3.354472,2.256296,10.479156,-1.192461,-6.079676,0.588993
1398076980.000,ZR,handheld,手持微动,recording,-1.140043,2.107598,9.900755,-0.874467,-4.844554,0.651228
1398076990.000,ZR,handheld,手持微动,recording,0.615694,2.076776,9.674675,-0.536928,-3.531267,0.599292
1398077000.000,ZR,handheld,手持微动,recording,1.105140,1.934854,9.941728,-0.132528,-1.690661,0.616621
1398077010.000,ZR,handheld,手持微动,recording,-0.474438,1.649742,11.910635,0.578928,1.354228,0.917566
1398077020.000,ZR,handheld,手持微动,recording,-0.585601,2.382484,16.277847,1.942214,5.304851,1.363793
1398077030.000,ZR,handheld,手持微动,recording,1.034582,1.990320,17.225678,3.488830,9.385546,1.771570
1398077040.000,ZR,handheld,手持微动,recording,2.405916,0.382186,17.246054,4.943048,12.846851,2.064002
1398077050.000,ZR,handheld,手持微动,recording,4.317468,0.082297,18.642092,6.476765,15.313123,2.217378
1398077060.000,ZR,handheld,手持微动,recording,5.374079,-0.965457,18.301361,8.042723,17.346036,2.352102
1398077070.000,ZR,handheld,手持微动,recording,5.132506,-1.864255,16.164197,9.544692,19.432432,2.702690
1398077080.000,ZR,handheld,手持微动,recording,4.539486,-1.969270,12.302872,10.634289,20.741294,3.211416
1398077090.000,ZR,handheld,手持微动,recording,4.151445,-1.169268,5.960048,11.019935,20.688907,3.700841
1398077100.000,ZR,handheld,手持微动,recording,2.745933,-0.484117,-2.108096,10.450547,19.238135,4.040318
1398077110.000,ZR,handheld,手持微动,recording,0.903449,0.959508,-9.015378,9.024409,16.632943,4.133768
1398077120.000,ZR,handheld,手持微动,recording,-0.816781,2.633281,-13.781364,7.088669,13.182719,3.989713
1398077130.000,ZR,handheld,手持微动,recording,1.030246,4.175625,-16.165513,5.172662,9.536611,3.452696
1398077140.000,ZR,handheld,手持微动,recording,4.944206,5.119180,-17.940394,3.268713,5.738606,2.384287
1398077150.000,ZR,handheld,手持微动,recording,8.857456,5.667053,-19.105981,1.433471,2.031270,0.883223
1398077160.000,ZR,handheld,手持微动,recording,11.163743,6.033165,-19.554331,-0.352009,-1.346031,-0.854579
1398077170.000,ZR,handheld,手持微动,recording,10.268248,5.926150,-18.998700,-2.035594,-4.190013,-2.462450
1398077180.000,ZR,handheld,手持微动,recording,7.774821,5.167382,-18.036523,-3.665614,-6.802836,-3.781157
1398077190.000,ZR,handheld,手持微动,recording,3.731261,3.201412,-16.579912,-5.297256,-9.207035,-4.714840
1398077200.000,ZR,handheld,手持微动,recording,0.174294,2.116053,-13.793592,-6.865440,-11.217172,-5.138347
1398077210.000,ZR,handheld,手持微动,recording,-1.378025,0.829825,-8.686804,-8.146808,-12.625296,-5.195796
1398077220.000,ZR,handheld,手持微动,recording,-0.275028,0.339507,-2.130686,-8.867351,-13.640184,-5.162503
1398077230.000,ZR,handheld,手持微动,recording,1.539313,-0.696659,4.395424,-9.057207,-14.425821,-5.172846
1398077240.000,ZR,handheld,手持微动,recording,3.000475,-1.735349,9.690972,-8.833319,-14.862080,-5.309380
1398077250.000,ZR,handheld,手持微动,recording,2.566683,-2.198876,14.174414,-8.339100,-15.136628,-5.486539
1398077260.000,ZR,handheld,手持微动,recording,-0.281449,-2.321429,16.544320,-7.825005,-15.689505,-5.418451
1398077270.000,ZR,handheld,手持微动,recording,-4.663060,-1.874015,17.683680,-7.386539,-16.249704,-4.896733
1398077280.000,ZR,handheld,手持微动,recording,-8.208750,-0.961561,20.478024,-6.719687,-16.330073,-3.905207
1398077290.000,ZR,handheld,手持微动,recording,-9.755053,-0.238279,24.634216,-5.416347,-15.677472,-2.658615
1398077300.000,ZR,handheld,手持微动,recording,-8.648082,-0.714442,26.735111,-3.706720,-14.031937,-1.553964
1398077310.000,ZR,handheld,手持微动,recording,-6.802678,-1.953418,27.186214,-1.798206,-11.111351,-0.657064
1398077320.000,ZR,handheld,手持微动,recording,-3.689333,-2.942545,26.254793,0.180167,-7.215301,-0.002245
1398077330.000,ZR,handheld,手持微动,recording,0.180847,-3.608587,23.357652,1.921226,-2.901414,0.356770
1398077340.000,ZR,handheld,手持微动,recording,4.418818,-3.670046,20.657894,3.394857,1.376829,0.436540
1398077350.000,ZR,handheld,手持微动,recording,7.142655,-3.297430,18.233094,4.522616,4.848633,0.344711
1398077360.000,ZR,handheld,手持微动,recording,8.221762,-2.713840,14.739220,5.332486,7.462642,0.191486
1398077370.000,ZR,handheld,手持微动,recording,7.363950,-1.923149,11.397499,5.843908,9.559285,0.143868
1398077380.000,ZR,handheld,手持微动,recording,5.441088,-0.802125,9.706352,6.264550,11.392181,0.285205
1398077390.000,ZR,handheld,手持微动,recording,3.801226,0.093787,9.485298,6.806836,13.174289,0.588359
1398077400.000,ZR,handheld,手持微动,recording,2.330349,0.884842,9.134788,7.501939,15.150523,1.067585
1398077410.000,ZR,handheld,手持微动,recording,1.641844,1.392755,7.814471,8.258138,17.275699,1.698771
1398077420.000,ZR,handheld,手持微动,recording,1.398807,1.766387,4.880595,8.832424,19.072240,2.407901
1398077430.000,ZR,handheld,手持微动,recording,1.819390,2.260290,0.439323,8.905846,19.782415,3.022916
1398077440.000,ZR,handheld,手持微动,recording,0.726048,2.895050,-4.990176,8.299842,18.918751,3.460720
1398077450.000,ZR,handheld,手持微动,recording,-1.742483,3.467795,-10.349844,7.031214,16.794058,3.793191
1398077460.000,ZR,handheld,手持微动,recording,-2.510505,3.719413,-13.857391,5.277700,13.717057,3.914291
1398077470.000,ZR,handheld,手持微动,recording,-0.691533,3.964975,-15.214520,3.430828,10.256836,3.622784
1398077480.000,ZR,handheld,手持微动,recording,3.849062,4.414418,-15.608973,1.657118,6.601454,2.623960
1398077490.000,ZR,handheld,手持微动,recording,10.117680,5.112014,-17.484756,-0.237377,2.206828,0.825835
1398077500.000,ZR,handheld,手持微动,recording,13.706332,4.722601,-21.153382,-2.543279,-3.131035,-1.447716
1398077510.000,ZR,handheld,手持微动,recording,13.050314,2.660928,-22.330681,-5.227682,-8.335342,-3.647887
1398077520.000,ZR,handheld,手持微动,recording,7.470589,0.453819,-17.470959,-7.523099,-11.683602,-4.890495
1398077530.000,ZR,handheld,手持微动,recording,1.444439,-0.935061,-9.526151,-9.150778,-13.313791,-5.199672
1398077540.000,ZR,handheld,手持微动,recording,-2.409465,-1.303194,0.435716,-9.874783,-13.889165,-4.802023
1398077550.000,ZR,handheld,手持微动,recording,-2.210973,-0.904223,11.140354,-9.464974,-13.880223,-4.240143
1398077560.000,ZR,handheld,手持微动,recording,-0.309353,-0.662852,19.593305,-8.105588,-13.427515,-3.915300
1398077570.000,ZR,handheld,手持微动,recording,-0.367972,-0.650778,23.737629,-6.446291,-12.765804,-3.796802
1398077580.000,ZR,handheld,手持微动,recording,-3.438584,0.154476,23.944038,-4.839836,-12.299802,-3.606026
1398077590.000,ZR,handheld,手持微动,recording,-7.170393,0.706847,20.367254,-3.668875,-12.059578,-3.155629
1398077600.000,ZR,handheld,手持微动,recording,-9.449587,1.229945,16.270985,-2.947199,-11.965509,-2.469571
1398077610.000,ZR,handheld,手持微动,recording,-9.336876,1.408895,12.482396,-2.672667,-11.864651,-1.787089
1398077620.000,ZR,handheld,手持微动,recording,-6.943005,0.866785,9.464006,-2.690950,-11.304516,-1.232624
1398077630.000,ZR,handheld,手持微动,recording,-3.108268,0.738146,9.326140,-2.681233,-10.119749,-0.874734
1398077640.000,ZR,handheld,手持微动,recording,-0.123302,0.736067,11.268603,-2.381012,-8.299440,-0.671933
1398077650.000,ZR,handheld,手持微动,recording,1.821818,1.057529,14.019874,-1.658463,-5.914312,-0.594233
1398077660.000,ZR,handheld,手持微动,recording,2.306823,1.438425,15.552524,-0.721524,-3.368482,-0.546050
1398077670.000,ZR,handheld,手持微动,recording,0.827132,1.673706,15.497960,0.307893,-0.441388,-0.336852
1398077680.000,ZR,handheld,手持微动,recording,-1.100367,2.403618,15.202268,1.481966,3.272074,0.174782
1398077690.000,ZR,handheld,手持微动,recording,-0.955432,2.614007,15.052048,2.778832,7.617600,0.777157
1398077700.000,ZR,handheld,手持微动,recording,0.616328,2.643701,13.823239,3.939105,11.516474,1.283799
1398077710.000,ZR,handheld,手持微动,recording,1.627199,1.799162,12.409974,4.892737,14.499506,1.643618
1398077720.000,ZR,handheld,手持微动,recording,2.275040,1.600080,12.903890,5.861133,16.540449,1.862459
1398077730.000,ZR,handheld,手持微动,recording,2.057795,1.811772,12.596378,6.862758,17.776094,2.055791
1398077740.000,ZR,handheld,手持微动,recording,0.423305,2.388259,9.442115,7.510229,18.134318,2.321831
1398077750.000,ZR,handheld,手持微动,recording,-2.798269,3.021553,3.945438,7.559855,17.794209,2.756037
1398077760.000,ZR,handheld,手持微动,recording,-5.878348,3.735018,-0.430674,7.096656,17.059265,3.310134
1398077770.000,ZR,handheld,手持微动,recording,-6.432624,4.660605,-2.576137,6.364107,15.637472,3.711084
1398077780.000,ZR,handheld,手持微动,recording,-4.967663,5.011271,-4.819824,5.391091,13.316556,3.677371
1398077790.000,ZR,handheld,手持微动,recording,-3.126755,5.333780,-7.361286,4.165160,10.469468,3.164707
1398077800.000,ZR,handheld,手持微动,recording,-0.855488,5.999499,-9.574660,2.806486,6.964313,2.226064
1398077810.000,ZR,handheld,手持微动,recording,1.593352,6.745386,-11.463245,1.333766,2.968111,0.900039
1398077820.000,ZR,handheld,手持微动,recording,4.625688,7.147610,-14.262364,-0.506075,-1.631096,-0.857391
1398077830.000,ZR,handheld,手持微动,recording,4.984771,5.802572,-16.954115,-2.662120,-6.143006,-2.558862
1398077840.000,ZR,handheld,手持微动,recording,1.886491,4.530964,-15.281041,-4.766452,-9.729187,-3.758308
1398077850.000,ZR,handheld,手持微动,recording,-1.397584,3.846985,-9.339288,-6.491850,-12.258564,-4.333592
1398077860.000,ZR,handheld,手持微动,recording,-3.048554,2.469128,-1.823479,-7.613987,-14.035686,-4.357578
1398077870.000,ZR,handheld,手持微动,recording,-2.337159,1.653873,6.545554,-7.797788,-14.792473,-4.170285
1398077880.000,ZR,handheld,手持微动,recording,-0.531367,1.798709,14.391870,-7.160556,-14.893208,-4.094443
1398077890.000,ZR,handheld,手持微动,recording,-0.286428,1.297963,18.707858,-6.054343,-14.740199,-4.143689
1398077900.000,ZR,handheld,手持微动,recording,-2.104256,1.002765,18.898682,-4.934623,-14.490250,-4.145479
1398077910.000,ZR,handheld,手持微动,recording,-5.467376,1.103836,16.437085,-4.160667,-14.279857,-3.879043
1398077920.000,ZR,handheld,手持微动,recording,-8.452389,1.568766,13.929277,-3.690097,-14.051616,-3.277258
1398077930.000,ZR,handheld,手持微动,recording,-10.059223,2.396484,12.562167,-3.313602,-13.461707,-2.429560
1398077940.000,ZR,handheld,手持微动,recording,-9.291561,2.468939,12.416683,-2.845693,-12.161009,-1.511222
1398077950.000,ZR,handheld,手持微动,recording,-6.685751,1.954537,13.039728,-2.162162,-10.016044,-0.726527
1398077960.000,ZR,handheld,手持微动,recording,-3.574362,1.428931,13.610928,-1.362150,-7.532688,-0.231140
1398077970.000,ZR,handheld,手持微动,recording,-0.767080,1.158564,13.409492,-0.564928,-4.939881,0.018795
1398077980.000,ZR,handheld,手持微动,recording,0.853059,1.458149,12.448006,0.155147,-2.459604,0.138098
1398077990.000,ZR,handheld,手持微动,recording,0.837663,1.875985,10.619392,0.716401,-0.272352,0.265936
1398078000.000,ZR,handheld,手持微动,recording,0.612886,2.328794,8.913694,1.098136,1.615724,0.430609
1398078010.000,ZR,handheld,手持微动,recording,0.043172,2.587778,7.625530,1.359232,3.469884,0.663465
1398078020.000,ZR,handheld,手持微动,recording,-0.297033,2.880779,6.733360,1.552544,5.407436,0.941957
1398078030.000,ZR,handheld,手持微动,recording,-0.417449,2.497185,6.144976,1.675184,7.363905,1.217875
1398078040.000,ZR,handheld,手持微动,recording,-0.684131,1.841804,6.776995,1.839065,9.572325,1.479604
1398078050.000,ZR,handheld,手持微动,recording,-0.367485,1.221051,9.694685,2.277958,12.044293,1.655240
1398078060.000,ZR,handheld,手持微动,recording,-0.458790,1.030847,13.637940,3.125965,14.402925,1.775601
1398078070.000,ZR,handheld,手持微动,recording,-0.885360,0.919508,16.460605,4.318706,16.371743,1.883019
1398078080.000,ZR,handheld,手持微动,recording,-2.816296,1.443813,16.763939,5.600165,17.683081,2.125904
1398078090.000,ZR,handheld,手持微动,recording,-5.811145,2.502883,14.398997,6.623533,18.135696,2.676251
1398078100.000,ZR,handheld,手持微动,recording,-7.457662,3.129610,10.844963,7.132340,17.725044,3.326623
1398078110.000,ZR,handheld,手持微动,recording,-8.417002,3.338973,7.342539,7.252472,16.596047,3.906884
1398078120.000,ZR,handheld,手持微动,recording,-7.621493,3.448389,4.106020,7.040849,14.865175,4.253905
1398078130.000,ZR,handheld,手持微动,recording,-5.715742,3.355199,0.533528,6.537927,12.593551,4.145557
1398078140.000,ZR,handheld,手持微动,recording,-3.604394,3.484816,-3.435222,5.728755,9.962904,3.588928
1398078150.000,ZR,handheld,手持微动,recording,-1.367260,4.366321,-7.645240,4.580150,7.011832,2.712597
1398078160.000,ZR,handheld,手持微动,recording,0.012050,5.451782,-12.263823,3.028126,3.399239,1.560938
1398078170.000,ZR,handheld,手持微动,recording,0.675241,6.163769,-16.748790,1.015760,-1.152035,0.243604
1398078180.000,ZR,handheld,手持微动,recording,0.814706,5.325397,-19.375658,-1.330574,-5.331615,-1.065091
1398078190.000,ZR,handheld,手持微动,recording,-0.482444,5.150501,-16.687710,-3.273769,-8.317011,-2.014102
1398078200.000,ZR,handheld,手持微动,recording,-2.887675,5.203706,-10.983601,-4.671209,-10.261587,-2.505282
1398078210.000,ZR,handheld,手持微动,recording,-5.054628,5.076256,-4.494257,-5.457475,-11.289693,-2.581559
1398078220.000,ZR,handheld,手持微动,recording,-6.707943,5.113285,2.342746,-5.542610,-11.646702,-2.355563
1398078230.000,ZR,handheld,手持微动,recording,-6.224548,5.375792,7.150422,-5.129575,-11.864885,-2.151313
1398078240.000,ZR,handheld,手持微动,recording,-4.677987,4.839845,8.868867,-4.599294,-12.269498,-2.175336
1398078250.000,ZR,handheld,手持微动,recording,-3.454498,3.974128,8.497263,-4.250837,-12.905716,-2.409497
1398078260.000,ZR,handheld,手持微动,recording,-3.441609,3.371398,7.400753,-4.223636,-13.781047,-2.690170
1398078270.000,ZR,handheld,手持微动,recording,-5.184139,3.153174,6.653866,-4.474247,-14.766506,-2.700066
1398078280.000,ZR,handheld,手持微动,recording,-6.863321,3.145188,7.105887,-4.769439,-15.576050,-2.393522
1398078290.000,ZR,handheld,手持微动,recording,-7.074852,3.226173,9.409358,-4.810268,-15.914183,-1.861246
1398078300.000,ZR,handheld,手持微动,recording,-7.026577,3.163813,12.461747,-4.355284,-15.419920,-1.131396
1398078310.000,ZR,handheld,手持微动,recording,-6.550601,3.044724,14.664399,-3.371570,-13.854852,-0.249112
1398078320.000,ZR,handheld,手持微动,recording,-5.500958,2.877558,15.001432,-2.172497,-11.449740,0.573601
1398078330.000,ZR,handheld,手持微动,recording,-3.170815,2.316905,13.155533,-1.007829,-8.398207,1.223741
1398078340.000,ZR,handheld,手持微动,recording,0.080028,1.808646,10.951475,0.015761,-5.029989,1.571002
1398078350.000,ZR,handheld,手持微动,recording,3.782825,1.976135,8.772561,0.795191,-1.749203,1.560494
1398078360.000,ZR,handheld,手持微动,recording,6.125997,2.121366,6.318355,1.250918,1.129326,1.302291
1398078370.000,ZR,handheld,手持微动,recording,5.855299,2.208261,4.903975,1.517931,3.697703,1.032417
1398078380.000,ZR,handheld,手持微动,recording,3.557487,3.119615,4.600030,1.772579,6.245141,1.003232
1398078390.000,ZR,handheld,手持微动,recording,0.856293,2.988221,4.481307,1.968823,8.930573,1.240401
1398078400.000,ZR,handheld,手持微动,recording,-1.117373,2.827552,5.866820,2.232153,11.257436,1.639935
1398078410.000,ZR,handheld,手持微动,recording,-1.570211,1.436853,9.223885,2.730470,13.544611,1.970019
1398078420.000,ZR,handheld,手持微动,recording,-1.160988,0.918227,15.123180,3.717716,15.665072,2.215111
1398078430.000,ZR,handheld,手持微动,recording,-1.729539,1.174400,19.531153,5.170018,17.277872,2.502404
1398078440.000,ZR,handheld,手持微动,recording,-4.119659,1.125901,19.825947,6.610826,17.982262,2.956756
1398078450.000,ZR,handheld,手持微动,recording,-6.531573,2.348079,16.230073,7.534853,17.497299,3.604601
1398078460.000,ZR,handheld,手持微动,recording,-6.305358,3.325854,9.858626,7.681299,15.924368,4.132915
1398078470.000,ZR,handheld,手持微动,recording,-5.557508,3.195085,3.823361,7.097948,13.494760,4.328272
1398078480.000,ZR,handheld,手持微动,recording,-5.415710,3.653458,-1.065018,6.017226,10.311981,4.163851
1398078490.000,ZR,handheld,手持微动,recording,-3.918031,4.438303,-4.755776,4.763808,7.182418,3.679964
1398078500.000,ZR,handheld,手持微动,recording,-0.632648,4.927931,-7.192418,3.494029,4.396799,2.827169
1398078510.000,ZR,handheld,手持微动,recording,2.093983,5.666155,-8.474299,2.282571,2.049763,1.658835
1398078520.000,ZR,handheld,手持微动,recording,2.067406,6.403101,-9.588111,1.180509,0.457277,0.508505
1398078530.000,ZR,handheld,手持微动,recording,-0.604523,6.736850,-9.239436,0.300700,0.074062,-0.301062
1398078540.000,ZR,handheld,手持微动,recording,-5.003586,7.391712,-7.113382,-0.149995,0.533690,-0.566914
1398078550.000,ZR,handheld,手持微动,recording,-9.425573,8.490356,-3.870327,-0.224522,1.128359,-0.371946
1398078560.000,ZR,handheld,手持微动,recording,-11.275969,9.185107,-1.180611,-0.014638,1.335273,0.038829
1398078570.000,ZR,handheld,手持微动,recording,-10.539040,9.357778,0.337391,0.336047,1.172311,0.440550
1398078580.000,ZR,handheld,手持微动,recording,-7.943998,8.938604,-0.426671,0.602042,0.904650,0.607235
1398078590.000,ZR,handheld,手持微动,recording,-4.726015,8.237132,-2.705495,0.644624,0.676970,0.460479
1398078600.000,ZR,handheld,手持微动,recording,-2.877596,7.868188,-5.850861,0.383448,0.450558,0.126823
1398078610.000,ZR,handheld,手持微动,recording,-2.921730,7.747422,-8.815888,-0.189740,0.152960,-0.194853
1398078620.000,ZR,handheld,手持微动,recording,-3.655987,7.578381,-10.212582,-0.951941,-0.336490,-0.453351
1398078630.000,ZR,handheld,手持微动,recording,-4.282300,7.638236,-9.664598,-1.650356,-0.987800,-0.633420
1398078640.000,ZR,handheld,手持微动,recording,-4.016826,7.582474,-8.383015,-2.273184,-1.794855,-0.821495
1398078650.000,ZR,handheld,手持微动,recording,-2.315806,7.169014,-7.399882,-2.885850,-2.805636,-1.166112
1398078660.000,ZR,handheld,手持微动,recording,-0.334731,6.279876,-7.133803,-3.561709,-4.042904,-1.721165
1398078670.000,ZR,handheld,手持微动,recording,1.019904,5.287936,-7.155486,-4.376401,-5.501553,-2.406451
1398078680.000,ZR,handheld,手持微动,recording,1.438488,3.896001,-6.500986,-5.309590,-7.064998,-3.084772
1398078690.000,ZR,handheld,手持微动,recording,1.106430,2.676137,-4.620893,-6.270887,-8.623256,-3.627826
1398078700.000,ZR,handheld,手持微动,recording,1.718071,1.167269,-1.729992,-7.188845,-10.198173,-4.074524
1398078710.000,ZR,handheld,手持微动,recording,2.815738,-0.617019,1.778106,-7.914341,-11.503272,-4.427313
1398078720.000,ZR,handheld,手持微动,recording,4.451487,-2.061031,5.777357,-8.398767,-12.596392,-4.748751
1398078730.000,ZR,handheld,手持微动,recording,4.996426,-4.047160,9.974324,-8.603735,-13.448369,-4.993178
1398078740.000,ZR,handheld,手持微动,recording,4.326769,-5.320535,15.430794,-8.334817,-13.710524,-5.013169
1398078750.000,ZR,handheld,手持微动,recording,1.435376,-5.050724,23.858198,-7.119741,-13.064306,-4.632143
1398078760.000,ZR,handheld,手持微动,recording,-1.179998,-3.773775,31.704036,-5.079433,-11.588508,-4.072854
1398078770.000,ZR,handheld,手持微动,recording,-5.421880,-2.852732,34.548314,-2.566545,-9.219886,-3.261922
1398078780.000,ZR,handheld,手持微动,recording,-8.513926,-2.259906,32.545376,0.003532,-5.743172,-2.213871
1398078790.000,ZR,handheld,手持微动,recording,-11.209423,-2.793691,26.736873,2.396785,-1.259832,-0.879996
1398078800.000,ZR,handheld,手持微动,recording,-12.180222,-2.942895,20.245654,4.174130,4.053219,0.638762
1398078810.000,ZR,handheld,手持微动,recording,-7.959007,-2.063169,15.618096,5.406435,9.341148,1.971009
1398078820.000,ZR,handheld,手持微动,recording,-0.619988,-1.386722,13.113120,6.194324,13.227666,2.672190
1398078830.000,ZR,handheld,手持微动,recording,4.038462,-0.812859,12.054678,6.671730,15.094326,2.762748
1398078840.000,ZR,handheld,手持微动,recording,3.836457,0.385590,10.688384,6.895466,15.125814,2.619540
1398078850.000,ZR,handheld,手持微动,recording,-0.427948,2.301642,8.821792,6.901437,14.007376,2.669523
1398078860.000,ZR,handheld,手持微动,recording,-6.756346,3.344640,5.559693,6.654967,12.708329,3.129142
1398078870.000,ZR,handheld,手持微动,recording,-10.242166,4.306569,3.015300,6.263766,11.814059,3.882511
1398078880.000,ZR,handheld,手持微动,recording,-9.771879,4.265367,0.638950,5.786563,11.450469,4.582496
1398078890.000,ZR,handheld,手持微动,recording,-6.028908,4.005059,-1.319987,5.221682,11.338595,4.903461
1398078900.000,ZR,handheld,手持微动,recording,-2.285646,3.950559,-3.232449,4.545402,11.034245,4.807940
1398078910.000,ZR,handheld,手持微动,recording,-0.264630,4.462974,-4.667794,3.768145,10.204917,4.426931
1398078920.000,ZR,handheld,手持微动,recording,-0.066252,4.761502,-5.337124,2.968472,8.839161,3.913514
1398078930.000,ZR,handheld,手持微动,recording,0.044969,5.693468,-4.492635,2.376658,7.435167,3.408240
1398078940.000,ZR,handheld,手持微动,recording,1.017975,6.085136,-3.895985,1.943470,6.078725,2.846861
1398078950.000,ZR,handheld,手持微动,recording,2.615365,6.191816,-3.898024,1.561701,4.680104,2.130147
1398078960.000,ZR,handheld,手持微动,recording,4.602330,6.422305,-4.676385,1.104936,3.037054,1.177908
1398078970.000,ZR,handheld,手持微动,recording,5.820371,6.749750,-6.610121,0.428816,0.866174,0.008190
1398078980.000,ZR,handheld,手持微动,recording,5.467980,6.672815,-9.108807,-0.537838,-1.545574,-1.215844
1398078990.000,ZR,handheld,手持微动,recording,3.475112,6.312997,-11.422546,-1.770926,-3.962767,-2.272412
1398079000.000,ZR,handheld,手持微动,recording,-0.027494,5.515023,-11.068976,-3.012914,-6.011181,-2.985321
1398079010.000,ZR,handheld,手持微动,recording,-3.141911,5.262829,-8.149176,-4.122435,-7.626582,-3.335990
1398079020.000,ZR,handheld,手持微动,recording,-4.148047,4.817954,-4.334960,-4.912459,-8.808171,-3.440727
1398079030.000,ZR,handheld,手持微动,recording,-3.442384,4.389548,0.415966,-5.317219,-9.818423,-3.489581
1398079040.000,ZR,handheld,手持微动,recording,-2.081794,3.844116,5.126466,-5.344161,-10.654152,-3.606942
1398079050.000,ZR,handheld,手持微动,recording,-1.003832,3.507815,8.836923,-5.084434,-11.137819,-3.838353
1398079060.000,ZR,handheld,手持微动,recording,-1.146538,3.298840,11.004222,-4.722404,-11.476576,-4.129346
1398079070.000,ZR,handheld,手持微动,recording,-2.022381,2.714433,10.857490,-4.562974,-12.079749,-4.385705
1398079080.000,ZR,handheld,手持微动,recording,-2.494816,1.735062,9.519299,-4.753854,-13.094374,-4.636774
1398079090.000,ZR,handheld,手持微动,recording,-3.172062,1.161874,8.548974,-5.303102,-14.718173,-4.780601
1398079100.000,ZR,handheld,手持微动,recording,-5.217057,0.130367,7.909226,-6.059594,-16.452684,-4.568025
1398079110.000,ZR,handheld,手持微动,recording,-6.152721,0.150237,10.708407,-6.508164,-17.479912,-3.925981
1398079120.000,ZR,handheld,手持微动,recording,-5.220094,0.263709,16.834743,-6.204874,-17.379189,-3.095525
1398079130.000,ZR,handheld,手持微动,recording,-2.584480,-0.136105,22.575590,-5.049303,-15.841705,-2.424164
1398079140.000,ZR,handheld,手持微动,recording,-1.402340,-0.278401,25.817564,-3.167655,-12.775969,-1.868990
1398079150.000,ZR,handheld,手持微动,recording,-0.648561,0.159830,26.584542,-1.045524,-8.626043,-1.418455
1398079160.000,ZR,handheld,手持微动,recording,-0.127605,0.762503,24.406051,0.971279,-3.884223,-0.996084
1398079170.000,ZR,handheld,手持微动,recording,1.588581,1.216148,19.478198,2.607958,0.549238,-0.656859
1398079180.000,ZR,handheld,手持微动,recording,2.653296,1.688585,14.022496,3.750637,4.323193,-0.379779
1398079190.000,ZR,handheld,手持微动,recording,3.550591,2.765627,9.418533,4.424649,7.490581,-0.127819
1398079200.000,ZR,handheld,手持微动,recording,3.610157,3.205421,5.449626,4.664569,9.740304,0.083271
1398079210.000,ZR,handheld,手持微动,recording,3.581887,3.312599,2.558703,4.595085,11.091870,0.219032
1398079220.000,ZR,handheld,手持微动,recording,3.615235,2.742159,1.188472,4.380954,12.087884,0.254004
1398079230.000,ZR,handheld,手持微动,recording,2.316494,1.887000,2.681986,4.422551,13.515315,0.319721
1398079240.000,ZR,handheld,手持微动,recording,0.437411,2.280598,7.510462,5.091935,15.581492,0.586719
1398079250.000,ZR,handheld,手持微动,recording,-0.778082,2.340817,11.182668,6.260612,17.735641,1.016306
1398079260.000,ZR,handheld,手持微动,recording,-1.680652,2.181769,11.057728,7.475272,19.184496,1.545023
1398079270.000,ZR,handheld,手持微动,recording,-3.237041,2.861657,6.641547,8.148790,19.545581,2.210200
1398079280.000,ZR,handheld,手持微动,recording,-4.877338,3.686406,0.199269,7.937411,18.481382,2.945348
1398079290.000,ZR,handheld,手持微动,recording,-6.014478,3.372774,-4.046647,7.190411,16.611820,3.496379
1398079300.000,ZR,handheld,手持微动,recording,-4.732021,3.821580,-5.927716,6.249246,14.362406,3.704832
1398079310.000,ZR,handheld,手持微动,recording,-1.993930,3.787075,-7.390875,5.208687,11.955861,3.438235
1398079320.000,ZR,handheld,手持微动,recording,1.268778,4.551486,-8.304504,4.208019,9.277838,2.697831
1398079330.000,ZR,handheld,手持微动,recording,4.589382,5.343856,-9.726547,3.165565,6.238866,1.488095
1398079340.000,ZR,handheld,手持微动,recording,7.506974,6.030945,-12.188297,1.919368,2.608957,-0.115133
1398079350.000,ZR,handheld,手持微动,recording,7.979987,6.103823,-15.722242,0.323598,-1.749824,-1.910781
1398079360.000,ZR,handheld,手持微动,recording,4.307664,5.047272,-18.872488,-1.785169,-6.352162,-3.463206
1398079370.000,ZR,handheld,手持微动,recording,-1.999834,4.756938,-17.872931,-3.852453,-9.730916,-4.309764
1398079380.000,ZR,handheld,手持微动,recording,-7.888356,4.690953,-12.976025,-5.527810,-11.905556,-4.309401
1398079390.000,ZR,handheld,手持微动,recording,-11.337192,4.650417,-5.621253,-6.576434,-13.173931,-3.692418
1398079400.000,ZR,handheld,手持微动,recording,-9.800194,5.287305,3.906495,-6.647529,-13.878526,-2.947617
1398079410.000,ZR,handheld,手持微动,recording,-5.637610,5.143339,11.795106,-5.826740,-14.119166,-2.593965
1398079420.000,ZR,handheld,手持微动,recording,-2.651289,4.117497,14.751303,-4.751668,-14.075544,-2.722863
1398079430.000,ZR,handheld,手持微动,recording,-2.698878,3.064335,13.847374,-3.917574,-14.041259,-2.985546
1398079440.000,ZR,handheld,手持微动,recording,-5.772689,2.626622,11.992364,-3.457261,-14.056756,-3.020428
1398079450.000,ZR,handheld,手持微动,recording,-10.052475,3.530698,11.467659,-3.229368,-14.232313,-2.608338
1398079460.000,ZR,handheld,手持微动,recording,-14.171014,4.211341,11.326799,-3.104942,-14.651192,-1.769282
1398079470.000,ZR,handheld,手持微动,recording,-14.681363,4.218640,11.760610,-2.896252,-14.881030,-0.793495
1398079480.000,ZR,handheld,手持微动,recording,-10.760167,3.550653,11.926545,-2.548543,-14.629377,-0.045447
1398079490.000,ZR,handheld,手持微动,recording,-6.625774,2.493943,10.449526,-2.158287,-13.653672,0.462136
1398079500.000,ZR,handheld,手持微动,recording,-2.714403,2.690403,9.237167,-1.679901,-11.331826,0.858130
1398079510.000,ZR,handheld,手持微动,recording,0.345104,3.140788,9.726511,-0.930705,-7.893163,1.094075
1398079520.000,ZR,handheld,手持微动,recording,2.890322,4.048896,10.873647,0.124629,-3.281664,1.254669
1398079530.000,ZR,handheld,手持微动,recording,4.434272,4.376156,10.707053,1.364373,2.527863,1.387905
1398079540.000,ZR,handheld,手持微动,recording,6.272135,4.300931,10.816642,2.648097,8.141985,1.385888
1398079550.000,ZR,handheld,手持微动,recording,6.326548,3.424148,9.654763,3.633581,12.220374,1.304202
1398079560.000,ZR,handheld,手持微动,recording,4.047589,2.947611,8.408236,4.298255,14.511771,1.302069
1398079570.000,ZR,handheld,手持微动,recording,2.085884,2.299198,7.453896,4.766569,15.687256,1.354684
1398079580.000,ZR,handheld,手持微动,recording,0.106728,2.325874,9.067094,5.357662,16.164504,1.492967
1398079590.000,ZR,handheld,手持微动,recording,-3.261078,2.474190,11.411932,6.259257,16.616030,1.926511
1398079600.000,ZR,handheld,手持微动,recording,-5.294517,2.791539,11.909055,7.174259,17.015143,2.572143
1398079610.000,ZR,handheld,手持微动,recording,-6.881780,2.989939,8.189243,7.704483,17.000683,3.345070
1398079620.000,ZR,handheld,手持微动,recording,-7.387295,3.556361,2.166220,7.471959,16.165734,4.076880
1398079630.000,ZR,handheld,手持微动,recording,-6.232233,3.471279,-2.668227,6.608904,14.185661,4.433344
1398079640.000,ZR,handheld,手持微动,recording,-4.213817,3.619719,-4.559800,5.564722,11.559714,4.279829
1398079650.000,ZR,handheld,手持微动,recording,-1.682533,4.855790,-4.799666,4.637582,8.775481,3.703924
1398079660.000,ZR,handheld,手持微动,recording,1.554775,6.020169,-4.843881,3.854591,5.933257,2.683930
1398079670.000,ZR,handheld,手持微动,recording,4.681263,7.474769,-6.955102,2.917179,2.747058,1.227032
1398079680.000,ZR,handheld,手持微动,recording,6.120037,8.639664,-11.510773,1.563315,-0.726543,-0.393772
1398079690.000,ZR,handheld,手持微动,recording,4.663272,8.742528,-16.632642,-0.292773,-4.459916,-1.897770
1398079700.000,ZR,handheld,手持微动,recording,-0.124867,7.847603,-19.464297,-2.513823,-7.953235,-2.977789
1398079710.000,ZR,handheld,手持微动,recording,-4.704614,6.793139,-17.669877,-4.678844,-10.826041,-3.422179
1398079720.000,ZR,handheld,手持微动,recording,-6.685334,5.388755,-12.342955,-6.461588,-12.627774,-3.326735
1398079730.000,ZR,handheld,手持微动,recording,-5.652599,4.372629,-4.518833,-7.363478,-13.278783,-2.980860
1398079740.000,ZR,handheld,手持微动,recording,-2.694596,4.267921,4.423166,-7.322243,-13.123352,-2.673382
1398079750.000,ZR,handheld,手持微动,recording,0.352208,4.458719,10.907171,-6.558645,-12.495046,-2.666265
1398079760.000,ZR,handheld,手持微动,recording,0.885599,4.186834,13.021903,-5.642315,-12.098396,-2.846704
1398079770.000,ZR,handheld,手持微动,recording,-1.138000,3.715734,12.152481,-4.964506,-12.186442,-2.952039
1398079780.000,ZR,handheld,手持微动,recording,-3.507043,3.900184,10.997616,-4.555413,-12.508822,-2.871024
1398079790.000,ZR,handheld,手持微动,recording,-5.136543,3.894873,9.532565,-4.373399,-12.830029,-2.592019
1398079800.000,ZR,handheld,手持微动,recording,-4.836532,3.811020,8.739093,-4.304880,-12.861671,-2.212133
1398079810.000,ZR,handheld,手持微动,recording,-2.898305,3.346624,9.738717,-4.104986,-12.434218,-1.874563
1398079820.000,ZR,handheld,手持微动,recording,-1.005908,2.752292,11.392366,-3.664737,-11.507878,-1.627722
1398079830.000,ZR,handheld,手持微动,recording,0.433645,2.409209,13.921224,-2.887144,-9.888250,-1.437295
1398079840.000,ZR,handheld,手持微动,recording,1.114059,2.006523,16.223628,-1.733860,-7.520574,-1.265021
1398079850.000,ZR,handheld,手持微动,recording,0.011772,1.280450,17.891613,-0.282238,-4.258450,-0.945164
1398079860.000,ZR,handheld,手持微动,recording,-1.527936,1.431976,20.346983,1.579438,-0.036622,-0.386340
1398079870.000,ZR,handheld,手持微动,recording,-1.047227,1.462814,20.648524,3.608053,5.099526,0.332399
1398079880.000,ZR,handheld,手持微动,recording,2.432611,0.724120,17.626686,5.363108,10.359924,0.965708
1398079890.000,ZR,handheld,手持微动,recording,7.789274,0.283008,13.970408,6.720297,14.730534,1.229095
1398079900.000,ZR,handheld,手持微动,recording,11.536894,-0.880881,11.832177,7.742013,17.370839,1.092811
1398079910.000,ZR,handheld,手持微动,recording,12.964448,-1.375113,10.493439,8.656128,18.630818,0.752514
1398079920.000,ZR,handheld,手持微动,recording,11.233964,-1.044440,7.256457,9.383404,18.822472,0.457139
1398079930.000,ZR,handheld,手持微动,recording,6.430937,-0.188859,0.910583,9.557469,18.203198,0.494130
1398079940.000,ZR,handheld,手持微动,recording,0.895741,1.297585,-7.009945,8.914128,17.119778,0.895085
1398079950.000,ZR,handheld,手持微动,recording,-3.789354,3.569949,-12.515114,7.710419,15.483066,1.457810
1398079960.000,ZR,handheld,手持微动,recording,-7.139902,5.385679,-16.669758,6.051641,13.194503,2.007726
1398079970.000,ZR,handheld,手持微动,recording,-8.481613,5.841003,-18.702248,4.113783,10.365389,2.344944
1398079980.000,ZR,handheld,手持微动,recording,-6.287566,6.335875,-17.996057,2.130278,7.147513,2.205711
1398079990.000,ZR,handheld,手持微动,recording,-2.643282,6.524513,-15.978368,0.456105,3.693753,1.496752
1398080000.000,ZR,handheld,手持微动,recording,1.551587,7.194850,-15.525585,-1.149090,-0.124471,0.309593
1398080010.000,ZR,handheld,手持微动,recording,4.854064,7.035142,-17.613291,-3.015675,-4.345074,-1.182581
1398080020.000,ZR,handheld,手持微动,recording,5.104357,5.669090,-19.311573,-5.209565,-8.472991,-2.582465
1398080030.000,ZR,handheld,手持微动,recording,2.446949,3.866706,-16.682684,-7.401959,-11.546780,-3.438030
1398080040.000,ZR,handheld,手持微动,recording,-0.823249,2.532793,-11.532882,-9.074263,-13.550200,-3.589617
1398080050.000,ZR,handheld,手持微动,recording,-2.697090,0.564440,-5.527057,-10.213611,-14.751821,-3.202528
1398080060.000,ZR,handheld,手持微动,recording,-1.215763,-0.836711,2.193689,-10.566812,-15.002754,-2.644779
1398080070.000,ZR,handheld,手持微动,recording,1.024147,-0.827231,11.650383,-9.838149,-14.276939,-2.181097
1398080080.000,ZR,handheld,手持微动,recording,1.479168,0.109877,19.256112,-8.261104,-12.998822,-1.853300
1398080090.000,ZR,handheld,手持微动,recording,-0.174304,0.938157,21.937342,-6.510100,-11.766049,-1.547111
1398080100.000,ZR,handheld,手持微动,recording,-3.102093,1.024538,20.494764,-5.017783,-10.865411,-1.115947
1398080110.000,ZR,handheld,手持微动,recording,-4.628270,1.441428,19.072173,-3.732099,-10.201987,-0.587985
1398080120.000,ZR,handheld,手持微动,recording,-3.605149,1.048191,16.826496,-2.764862,-9.516092,-0.163887
1398080130.000,ZR,handheld,手持微动,recording,-1.141061,0.745851,14.410247,-2.080248,-8.516197,0.081963
1398080140.000,ZR,handheld,手持微动,recording,2.299294,0.365849,12.669998,-1.567834,-7.097076,0.103939
1398080150.000,ZR,handheld,手持微动,recording,5.202249,0.382617,11.996825,-1.125216,-5.450093,-0.087358
1398080160.000,ZR,handheld,手持微动,recording,6.732182,0.529598,11.924516,-0.659109,-3.650949,-0.385362
1398080170.000,ZR,handheld,手持微动,recording,6.974007,0.641212,12.345027,-0.149774,-1.877483,-0.645760
1398080180.000,ZR,handheld,手持微动,recording,6.449029,0.339951,13.354398,0.530770,0.541642,-0.804962
1398080190.000,ZR,handheld,手持微动,recording,6.512570,0.197060,15.755563,1.585168,3.705647,-0.885544
1398080200.000,ZR,handheld,手持微动,recording,5.358214,0.093742,17.692423,3.055386,7.435034,-0.808247
1398080210.000,ZR,handheld,手持微动,recording,3.998732,0.264263,18.044395,4.625223,10.695465,-0.545112
1398080220.000,ZR,handheld,手持微动,recording,4.177481,0.544125,16.948817,6.103608,13.258509,-0.259087
1398080230.000,ZR,handheld,手持微动,recording,4.159116,0.572480,13.864837,7.361463,15.046876,-0.006488
1398080240.000,ZR,handheld,手持微动,recording,2.129047,0.894635,9.166997,8.251208,16.452258,0.404841
1398080250.000,ZR,handheld,手持微动,recording,0.114387,1.655835,4.761244,8.812275,17.746872,1.028308
1398080260.000,ZR,handheld,手持微动,recording,-0.715234,2.950629,0.429995,8.950539,18.524969,1.669230
1398080270.000,ZR,handheld,手持微动,recording,-1.267010,3.922083,-5.478193,8.472928,18.318747,2.209193
1398080280.000,ZR,handheld,手持微动,recording,-3.300433,4.637879,-11.024050,7.259182,16.832561,2.629515
1398080290.000,ZR,handheld,手持微动,recording,-5.709407,5.321802,-14.626421,5.553247,14.158603,2.927905
1398080300.000,ZR,handheld,手持微动,recording,-5.878347,5.865189,-15.561812,3.746459,10.837459,2.929229
1398080310.000,ZR,handheld,手持微动,recording,-3.289240,6.400156,-14.889157,2.062979,7.344127,2.491303
1398080320.000,ZR,handheld,手持微动,recording,0.465246,6.627229,-14.055315,0.525215,3.815223,1.561910
1398080330.000,ZR,handheld,手持微动,recording,3.010058,6.713449,-13.506647,-0.938944,0.237798,0.297489
1398080340.000,ZR,handheld,手持微动,recording,3.447371,7.143060,-12.294714,-2.239373,-2.600001,-0.880305
1398080350.000,ZR,handheld,手持微动,recording,2.699017,7.021496,-11.427158,-3.489582,-4.989986,-1.861502
1398080360.000,ZR,handheld,手持微动,recording,0.623080,5.831774,-9.979729,-4.737721,-7.104233,-2.576429
1398080370.000,ZR,handheld,手持微动,recording,-0.802625,5.085611,-7.103912,-5.887436,-8.886303,-3.038777
1398080380.000,ZR,handheld,手持微动,recording,-1.942470,3.514261,-3.561421,-6.888164,-10.586062,-3.278267
1398080390.000,ZR,handheld,手持微动,recording,-1.529717,1.857958,0.167095,-7.659575,-12.188089,-3.412980
1398080400.000,ZR,handheld,手持微动,recording,-0.261820,0.122081,5.084270,-8.073319,-13.456344,-3.499419
1398080410.000,ZR,handheld,手持微动,recording,0.533479,-0.049967,12.161537,-7.818911,-14.036744,-3.459144
1398080420.000,ZR,handheld,手持微动,recording,1.359877,0.363597,20.059270,-6.733538,-13.576872,-3.405344
1398080430.000,ZR,handheld,手持微动,recording,0.307742,-0.180575,24.304745,-5.228863,-12.495142,-3.325807
1398080440.000,ZR,handheld,手持微动,recording,-1.455024,-0.239590,23.725125,-3.797194,-11.174330,-3.121592
1398080450.000,ZR,handheld,手持微动,recording,-2.846108,0.121453,21.114231,-2.642233,-9.804506,-2.838759
1398080460.000,ZR,handheld,手持微动,recording,-2.989465,0.490776,17.790945,-1.875117,-8.860419,-2.601666
1398080470.000,ZR,handheld,手持微动,recording,-2.746099,0.674317,13.811551,-1.566430,-8.422686,-2.416968
1398080480.000,ZR,handheld,手持微动,recording,-2.052639,1.106689,11.903659,-1.533029,-8.144671,-2.305161
1398080490.000,ZR,handheld,手持微动,recording,-1.408717,1.615332,11.598648,-1.529401,-7.871628,-2.248196
1398080500.000,ZR,handheld,手持微动,recording,-2.595482,1.937242,11.682420,-1.426326,-7.325539,-2.086171
1398080510.000,ZR,handheld,手持微动,recording,-4.458408,3.043764,12.956986,-1.062497,-6.000818,-1.703495
1398080520.000,ZR,handheld,手持微动,recording,-6.349215,4.716706,14.626373,-0.334789,-3.871565,-1.092535
1398080530.000,ZR,handheld,手持微动,recording,-7.340216,5.938726,14.814353,0.571083,-1.246413,-0.359657
1398080540.000,ZR,handheld,手持微动,recording,-6.773206,6.706827,13.193043,1.426809,1.515342,0.336663
1398080550.000,ZR,handheld,手持微动,recording,-4.671567,6.783633,10.865894,2.064546,4.038805,0.822015
1398080560.000,ZR,handheld,手持微动,recording,-3.162368,6.332530,8.482028,2.427799,5.787305,1.095805
1398080570.000,ZR,handheld,手持微动,recording,-3.243749,5.915582,6.514346,2.541130,6.948856,1.311586
1398080580.000,ZR,handheld,手持微动,recording,-3.926324,5.223401,5.357952,2.545140,8.197685,1.599184
1398080590.000,ZR,handheld,手持微动,recording,-3.921451,4.737370,6.498548,2.708271,10.008268,1.949631
1398080600.000,ZR,handheld,手持微动,recording,-3.687381,4.012193,9.310674,3.233722,12.447146,2.324151
1398080610.000,ZR,handheld,手持微动,recording,-3.655577,3.455701,12.052981,4.067684,14.836820,2.700299
1398080620.000,ZR,handheld,手持微动,recording,-4.817919,2.936321,13.548392,5.012545,16.791029,3.157770
1398080630.000,ZR,handheld,手持微动,recording,-6.203753,2.672109,13.639007,5.882672,18.015929,3.728373
1398080640.000,ZR,handheld,手持微动,recording,-6.908832,2.847170,12.362354,6.478551,18.011222,4.310573
1398080650.000,ZR,handheld,手持微动,recording,-8.030751,3.727007,8.787603,6.515046,16.344405,4.810761
1398080660.000,ZR,handheld,手持微动,recording,-8.147531,3.638098,4.734872,6.020368,13.750258,5.188251
1398080670.000,ZR,handheld,手持微动,recording,-5.907110,2.901356,2.549976,5.317828,11.018289,5.229655
1398080680.000,ZR,handheld,手持微动,recording,-1.790586,2.928263,3.159630,4.843695,8.453213,4.779353
1398080690.000,ZR,handheld,手持微动,recording,2.259227,3.641624,4.113264,4.698678,6.177287,3.889725
1398080700.000,ZR,handheld,手持微动,recording,4.532330,4.496080,3.084551,4.651128,4.260542,2.847358
1398080710.000,ZR,handheld,手持微动,recording,4.176295,5.633490,-1.100089,4.368760,2.296760,1.772688
1398080720.000,ZR,handheld,手持微动,recording,3.175059,6.583411,-6.960966,3.574904,0.115249,0.713109
1398080730.000,ZR,handheld,手持微动,recording,2.448993,7.187734,-13.408391,2.178527,-2.347917,-0.383240
1398080740.000,ZR,handheld,手持微动,recording,0.722866,7.297581,-16.948617,0.439297,-4.882968,-1.350738
1398080750.000,ZR,handheld,手持微动,recording,-2.133936,7.144063,-16.756755,-1.254805,-7.100091,-1.982935
1398080760.000,ZR,handheld,手持微动,recording,-4.063952,7.418146,-13.252487,-2.671441,-8.652793,-2.342391
1398080770.000,ZR,handheld,手持微动,recording,-4.611551,7.833141,-9.261896,-3.715391,-9.799851,-2.500912
1398080780.000,ZR,handheld,手持微动,recording,-4.742353,6.984090,-5.087666,-4.428069,-10.609695,-2.541938
1398080790.000,ZR,handheld,手持微动,recording,-3.872199,6.311457,-2.214559,-4.864570,-11.075211,-2.605956
1398080800.000,ZR,handheld,手持微动,recording,-2.797448,6.229036,0.322796,-5.090709,-11.418077,-2.745809
1398080810.000,ZR,handheld,手持微动,recording,-3.137543,5.528926,1.474700,-5.266560,-11.742349,-2.840981
1398080820.000,ZR,handheld,手持微动,recording,-4.529926,4.979226,2.602171,-5.453260,-11.994736,-2.760944
1398080830.000,ZR,handheld,手持微动,recording,-5.728081,4.638674,5.000714,-5.533417,-12.230261,-2.527831
1398080840.000,ZR,handheld,手持微动,recording,-7.022766,4.361532,8.039132,-5.409910,-12.536006,-2.164259
1398080850.000,ZR,handheld,手持微动,recording,-7.811332,4.408520,10.527192,-5.084566,-12.861945,-1.685672
1398080860.000,ZR,handheld,手持微动,recording,-7.699156,4.207148,11.423829,-4.625199,-13.115676,-1.129605
1398080870.000,ZR,handheld,手持微动,recording,-6.094846,3.869757,11.322297,-4.141270,-13.079299,-0.648761
1398080880.000,ZR,handheld,手持微动,recording,-3.528850,3.372500,10.734498,-3.656674,-12.599933,-0.290602
1398080890.000,ZR,handheld,手持微动,recording,-0.849069,2.830139,10.739545,-3.086909,-11.497741,-0.045921
1398080900.000,ZR,handheld,手持微动,recording,1.272175,2.546904,11.643809,-2.320579,-9.704590,0.097028
1398080910.000,ZR,handheld,手持微动,recording,3.153839,2.251671,12.583046,-1.326554,-7.131396,0.136053
1398080920.000,ZR,handheld,手持微动,recording,4.595423,2.230413,12.680116,-0.314399,-4.218677,0.064620
1398080930.000,ZR,handheld,手持微动,recording,6.005783,2.257770,11.532130,0.644288,-1.028925,-0.075472
1398080940.000,ZR,handheld,手持微动,recording,6.848822,2.089887,9.896552,1.522470,2.539154,-0.255394
1398080950.000,ZR,handheld,手持微动,recording,7.234702,2.303301,8.930052,2.343528,5.935183,-0.462384
1398080960.000,ZR,handheld,手持微动,recording,6.521657,2.006702,7.667507,3.024584,8.756263,-0.635438
1398080970.000,ZR,handheld,手持微动,recording,5.245246,1.849137,6.854190,3.600472,10.888561,-0.733539
1398080980.000,ZR,handheld,手持微动,recording,3.353538,1.841893,6.452637,4.155580,12.787103,-0.712047
1398080990.000,ZR,handheld,手持微动,recording,1.430640,2.110611,7.299206,4.872085,14.775154,-0.553727
1398081000.000,ZR,handheld,手持微动,recording,-0.632171,2.504726,8.481836,5.848084,16.453951,-0.252973
1398081010.000,ZR,handheld,手持微动,recording,-2.630475,2.964784,7.904690,6.750237,17.360134,0.161690
1398081020.000,ZR,handheld,手持微动,recording,-4.961664,3.528330,4.780573,7.339651,17.514036,0.708148
1398081030.000,ZR,handheld,手持微动,recording,-7.050742,4.507739,0.307752,7.377782,16.743283,1.345053
1398081040.000,ZR,handheld,手持微动,recording,-9.716705,5.084503,-4.794227,6.763525,15.037511,2.012531
1398081050.000,ZR,handheld,手持微动,recording,-11.157807,5.662577,-8.408043,5.677750,12.615008,2.565526
1398081060.000,ZR,handheld,手持微动,recording,-10.532667,6.356969,-11.053428,4.309851,9.747699,2.792360
1398081070.000,ZR,handheld,手持微动,recording,-7.238926,6.885900,-13.102309,2.719431,6.420998,2.468181
1398081080.000,ZR,handheld,手持微动,recording,-3.051678,7.496037,-15.255524,0.840834,2.359801,1.496353
1398081090.000,ZR,handheld,手持微动,recording,-0.186069,7.887384,-18.530039,-1.239001,-1.916312,0.296832
1398081100.000,ZR,handheld,手持微动,recording,0.647901,7.480936,-19.064884,-3.308537,-5.424078,-0.795312
1398081110.000,ZR,handheld,手持微动,recording,-0.968321,7.414011,-15.708374,-5.061659,-7.712516,-1.438488
1398081120.000,ZR,handheld,手持微动,recording,-2.816677,6.375167,-10.931523,-6.331748,-8.869556,-1.670332
1398081130.000,ZR,handheld,手持微动,recording,-3.964653,5.416737,-5.344106,-7.092068,-9.292591,-1.620378
1398081140.000,ZR,handheld,手持微动,recording,-3.810602,4.579314,-0.451513,-7.349864,-9.470519,-1.471280
1398081150.000,ZR,handheld,手持微动,recording,-2.826763,4.070612,3.825667,-7.246890,-9.745995,-1.338559
1398081160.000,ZR,handheld,手持微动,recording,-1.509598,3.595077,6.621146,-6.920154,-10.047553,-1.287871
1398081170.000,ZR,handheld,手持微动,recording,-0.064026,3.363521,8.198468,-6.510437,-10.492363,-1.373301
1398081180.000,ZR,handheld,手持微动,recording,0.728762,2.716848,8.262240,-6.229320,-11.179497,-1.491045
1398081190.000,ZR,handheld,手持微动,recording,0.711283,2.031120,8.150764,-6.044051,-11.760332,-1.507346
1398081200.000,ZR,handheld,手持微动,recording,0.375736,1.524285,9.167202,-5.787574,-11.808136,-1.357289
1398081210.000,ZR,handheld,手持微动,recording,0.525220,1.229719,11.030407,-5.304097,-11.264506,-1.118518
1398081220.000,ZR,handheld,手持微动,recording,0.846769,0.934077,13.078612,-4.518656,-9.967250,-0.860032
1398081230.000,ZR,handheld,手持微动,recording,1.281374,0.825275,14.584824,-3.569508,-8.148555,-0.651720
1398081240.000,ZR,handheld,手持微动,recording,1.714578,0.611912,15.418074,-2.505947,-5.870008,-0.492715
1398081250.000,ZR,handheld,手持微动,recording,2.148714,0.530547,16.152695,-1.337364,-3.277508,-0.388384
1398081260.000,ZR,handheld,手持微动,recording,2.780197,0.310848,16.248113,-0.153609,-0.685876,-0.356365
1398081270.000,ZR,handheld,手持微动,recording,3.054214,0.134407,15.918497,0.991750,2.114059,-0.335729
1398081280.000,ZR,handheld,手持微动,recording,2.346171,0.301784,15.941305,2.161890,5.046899,-0.243933
1398081290.000,ZR,handheld,手持微动,recording,1.400719,0.884333,15.413961,3.328685,7.820822,-0.052025
1398081300.000,ZR,handheld,手持微动,recording,1.201347,1.239161,13.445700,4.354485,10.271774,0.183464
1398081310.000,ZR,handheld,手持微动,recording,1.010854,0.967175,11.809758,5.195809,12.513251,0.415979
1398081320.000,ZR,handheld,手持微动,recording,1.210683,1.514561,11.864391,6.087120,14.591284,0.649147
1398081330.000,ZR,handheld,手持微动,recording,0.432136,1.688725,11.363519,7.036502,16.267967,0.922360
1398081340.000,ZR,handheld,手持微动,recording,-1.646842,2.319864,8.980842,7.817110,17.179910,1.339612
1398081350.000,ZR,handheld,手持微动,recording,-4.087955,3.523172,4.000215,8.075618,17.141981,1.886997
1398081360.000,ZR,handheld,手持微动,recording,-6.315715,4.365891,-2.308482,7.534469,16.167078,2.440644
1398081370.000,ZR,handheld,手持微动,recording,-8.581354,4.803670,-7.308919,6.428794,14.402320,2.910006
1398081380.000,ZR,handheld,手持微动,recording,-9.104754,5.807526,-9.036252,5.118464,12.058001,3.186655
1398081390.000,ZR,handheld,手持微动,recording,-7.230455,6.796117,-9.840396,3.692652,9.153442,3.042311
1398081400.000,ZR,handheld,手持微动,recording,-4.011920,7.288114,-11.660228,2.160716,5.830031,2.360259
1398081410.000,ZR,handheld,手持微动,recording,-0.103294,8.008838,-14.285480,0.429092,1.973645,1.221820
1398081420.000,ZR,handheld,手持微动,recording,3.304599,8.094379,-17.351303,-1.589252,-2.207095,-0.235676
1398081430.000,ZR,handheld,手持微动,recording,3.915751,7.206090,-18.269106,-3.790234,-6.166074,-1.646072
1398081440.000,ZR,handheld,手持微动,recording,1.182172,5.673823,-14.296490,-5.738051,-8.991370,-2.539563
1398081450.000,ZR,handheld,手持微动,recording,-1.285161,4.984709,-7.878810,-6.983939,-10.474699,-2.855998
1398081460.000,ZR,handheld,手持微动,recording,-3.547643,3.578058,-0.648489,-7.570206,-11.262440,-2.769657
1398081470.000,ZR,handheld,手持微动,recording,-3.764255,3.400947,6.870423,-7.397326,-11.577698,-2.510584
1398081480.000,ZR,handheld,手持微动,recording,-2.717683,3.572998,13.153271,-6.576551,-11.636722,-2.342310
1398081490.000,ZR,handheld,手持微动,recording,-2.398915,2.895954,15.197740,-5.594611,-11.632856,-2.284777
1398081500.000,ZR,handheld,手持微动,recording,-3.163625,2.592020,15.014111,-4.727541,-11.579402,-2.218029
1398081510.000,ZR,handheld,手持微动,recording,-3.788756,2.528853,14.009135,-4.025192,-11.507190,-2.108461
1398081520.000,ZR,handheld,手持微动,recording,-4.269853,2.296415,12.301777,-3.521174,-11.317300,-1.896743