timestamp_ms,user_name,hold_state,scene_tag,phase,acc_x,acc_y,acc_z,gyro_x,gyro_y,gyro_z
186868710.000,YZJ,handheld,free_gripped_slow_move,recording,0.657139,5.079473,8.565182,0.016624,0.737084,0.282189
186868720.000,YZJ,handheld,free_gripped_slow_move,recording,0.265043,4.851873,8.284650,0.052507,0.925307,0.297229
186868730.000,YZJ,handheld,free_gripped_slow_move,recording,0.333226,5.289473,8.088914,0.063256,0.958175,0.312833
186868740.000,YZJ,handheld,free_gripped_slow_move,recording,0.282410,5.411161,7.909268,0.023921,0.947372,0.305737
186868750.000,YZJ,handheld,free_gripped_slow_move,recording,0.272756,5.399001,7.856073,-0.026773,0.880801,0.288566
186868760.000,YZJ,handheld,free_gripped_slow_move,recording,0.258685,5.279966,7.855554,-0.069937,0.759079,0.263590
186868770.000,YZJ,handheld,free_gripped_slow_move,recording,0.383868,5.058860,7.853546,-0.096256,0.626270,0.214793
186868780.000,YZJ,handheld,free_gripped_slow_move,recording,0.842179,4.953838,8.015119,-0.098411,0.539752,0.118477
186868790.000,YZJ,handheld,free_gripped_slow_move,recording,1.267888,4.976053,8.349025,-0.064493,0.488241,-0.026989
186868800.000,YZJ,handheld,free_gripped_slow_move,recording,1.641021,4.898069,8.793808,0.012985,0.516137,-0.216515
186868810.000,YZJ,handheld,free_gripped_slow_move,recording,1.653126,4.842022,9.300235,0.147042,0.569262,-0.408564
186868820.000,YZJ,handheld,free_gripped_slow_move,recording,1.140069,4.714138,9.516431,0.304129,0.596550,-0.524699
186868830.000,YZJ,handheld,free_gripped_slow_move,recording,-0.268644,4.814989,9.007974,0.417238,0.571084,-0.490348
186868840.000,YZJ,handheld,free_gripped_slow_move,recording,-0.747373,4.115576,8.178147,0.430375,0.500057,-0.379978
186868850.000,YZJ,handheld,free_gripped_slow_move,recording,-0.039533,3.759321,7.830609,0.426749,0.592285,-0.368984
186868860.000,YZJ,handheld,free_gripped_slow_move,recording,-0.293325,5.448288,8.179002,0.462937,0.800808,-0.394197
186868870.000,YZJ,handheld,free_gripped_slow_move,recording,-0.825640,5.984810,8.288204,0.506367,0.940513,-0.366613
186868880.000,YZJ,handheld,free_gripped_slow_move,recording,-1.399210,5.575732,8.045944,0.507687,1.064423,-0.257726
186868890.000,YZJ,handheld,free_gripped_slow_move,recording,-2.118176,5.436638,7.622145,0.382303,0.973274,-0.054859
186868900.000,YZJ,handheld,free_gripped_slow_move,recording,-2.736338,4.995611,6.087503,0.004805,0.384413,0.166621
186868910.000,YZJ,handheld,free_gripped_slow_move,recording,-1.925934,4.589933,6.509776,-0.336595,-0.050103,0.188930
186868920.000,YZJ,handheld,free_gripped_slow_move,recording,-0.767004,5.231367,7.190619,-0.512767,-0.322860,0.061411
186868930.000,YZJ,handheld,free_gripped_slow_move,recording,0.051689,5.588381,7.707606,-0.604937,-0.574461,-0.130053
186868940.000,YZJ,handheld,free_gripped_slow_move,recording,0.237850,5.242060,7.951499,-0.697725,-0.713996,-0.344332
186868950.000,YZJ,handheld,free_gripped_slow_move,recording,0.193412,4.826585,8.355477,-0.757574,-0.768386,-0.540903
186868960.000,YZJ,handheld,free_gripped_slow_move,recording,0.243136,4.596118,8.816323,-0.729749,-0.855016,-0.720065
186868970.000,YZJ,handheld,free_gripped_slow_move,recording,0.291049,4.456570,9.141465,-0.639098,-0.894866,-0.894670
186868980.000,YZJ,handheld,free_gripped_slow_move,recording,0.223581,4.196177,9.214634,-0.537141,-0.821717,-1.039999
186868990.000,YZJ,handheld,free_gripped_slow_move,recording,0.375566,4.549737,9.366085,-0.429416,-0.612592,-1.116025
186869000.000,YZJ,handheld,free_gripped_slow_move,recording,-0.108722,4.461085,9.377873,-0.321704,-0.299906,-1.115713
186869010.000,YZJ,handheld,free_gripped_slow_move,recording,-0.839832,4.231423,9.393153,-0.213135,0.010040,-1.029284
186869020.000,YZJ,handheld,free_gripped_slow_move,recording,-1.215335,3.992939,9.381021,-0.100060,0.290115,-0.874475
186869030.000,YZJ,handheld,free_gripped_slow_move,recording,-1.374766,4.004676,9.300328,0.002836,0.496273,-0.733294
186869040.000,YZJ,handheld,free_gripped_slow_move,recording,-1.335728,4.377558,9.121796,0.076719,0.557626,-0.617839
186869050.000,YZJ,handheld,free_gripped_slow_move,recording,-1.288095,4.855455,8.704665,0.102933,0.487353,-0.566240
186869060.000,YZJ,handheld,free_gripped_slow_move,recording,-1.590145,4.998620,8.357014,0.061252,0.352533,-0.512455
186869070.000,YZJ,handheld,free_gripped_slow_move,recording,-1.911519,4.814915,7.783722,-0.034555,0.182415,-0.423049
186869080.000,YZJ,handheld,free_gripped_slow_move,recording,-1.610057,4.409613,7.295011,-0.170310,0.126380,-0.381142
186869090.000,YZJ,handheld,free_gripped_slow_move,recording,-1.088392,4.512125,7.545198,-0.271743,0.235094,-0.392843
186869100.000,YZJ,handheld,free_gripped_slow_move,recording,-2.186037,5.418705,7.947216,-0.328570,0.280299,-0.290674
186869110.000,YZJ,handheld,free_gripped_slow_move,recording,-2.528400,4.750310,8.018339,-0.374550,0.348078,-0.128594
186869120.000,YZJ,handheld,free_gripped_slow_move,recording,-2.415985,4.638355,8.343494,-0.386621,0.389073,-0.023163
186869130.000,YZJ,handheld,free_gripped_slow_move,recording,-2.047111,4.682572,8.760626,-0.325903,0.383143,0.023817
186869140.000,YZJ,handheld,free_gripped_slow_move,recording,-2.123384,4.638809,8.937050,-0.239099,0.284756,0.054687
186869150.000,YZJ,handheld,free_gripped_slow_move,recording,-2.014039,4.696876,8.852486,-0.165156,0.094645,0.040900
186869160.000,YZJ,handheld,free_gripped_slow_move,recording,-1.897017,4.776340,8.850810,-0.133667,-0.017922,0.024390
186869170.000,YZJ,handheld,free_gripped_slow_move,recording,-1.909677,4.762077,8.803851,-0.109950,-0.052410,0.022465
186869180.000,YZJ,handheld,free_gripped_slow_move,recording,-1.776435,4.667516,8.811999,-0.080286,-0.040696,0.022789
186869190.000,YZJ,handheld,free_gripped_slow_move,recording,-1.770522,4.604455,8.733639,-0.048700,0.054328,0.032729
186869200.000,YZJ,handheld,free_gripped_slow_move,recording,-1.854072,4.489101,8.367141,-0.046785,0.101111,0.057135
186869210.000,YZJ,handheld,free_gripped_slow_move,recording,-1.888923,4.475452,7.866488,-0.127705,0.025201,0.090530
186869220.000,YZJ,handheld,free_gripped_slow_move,recording,-1.763562,4.480769,7.598269,-0.254130,-0.121544,0.079512
186869230.000,YZJ,handheld,free_gripped_slow_move,recording,-1.562543,4.590000,7.851896,-0.355402,-0.304763,0.034281
186869240.000,YZJ,handheld,free_gripped_slow_move,recording,-1.501189,4.561047,8.343501,-0.406540,-0.471475,-0.016041
186869250.000,YZJ,handheld,free_gripped_slow_move,recording,-1.337596,4.404654,8.799263,-0.409589,-0.619528,-0.061739
186869260.000,YZJ,handheld,free_gripped_slow_move,recording,-1.353663,4.377969,9.064820,-0.391277,-0.715542,-0.092111
186869270.000,YZJ,handheld,free_gripped_slow_move,recording,-1.377679,4.469933,9.196458,-0.362017,-0.739428,-0.098114
186869280.000,YZJ,handheld,free_gripped_slow_move,recording,-1.365294,4.381293,9.066458,-0.347861,-0.724217,-0.088431
186869290.000,YZJ,handheld,free_gripped_slow_move,recording,-1.311555,4.294360,8.812199,-0.357221,-0.701285,-0.078528
186869300.000,YZJ,handheld,free_gripped_slow_move,recording,-1.370634,4.308947,8.514186,-0.404851,-0.722115,-0.062358
186869310.000,YZJ,handheld,free_gripped_slow_move,recording,-1.404182,4.298822,8.278769,-0.479819,-0.790057,-0.042742
186869320.000,YZJ,handheld,free_gripped_slow_move,recording,-1.308914,4.260784,8.287426,-0.556617,-0.872596,-0.019381
186869330.000,YZJ,handheld,free_gripped_slow_move,recording,-1.337697,4.115407,8.475131,-0.617689,-0.959328,0.022501
186869340.000,YZJ,handheld,free_gripped_slow_move,recording,-1.293019,3.924259,8.722515,-0.642672,-1.052818,0.074999
186869350.000,YZJ,handheld,free_gripped_slow_move,recording,-0.888961,3.959058,8.989422,-0.630325,-1.105991,0.095730
186869360.000,YZJ,handheld,free_gripped_slow_move,recording,-0.672637,3.919134,9.161982,-0.593105,-1.070457,0.114439
186869370.000,YZJ,handheld,free_gripped_slow_move,recording,-0.575366,3.773206,9.054682,-0.555020,-0.952559,0.152864
186869380.000,YZJ,handheld,free_gripped_slow_move,recording,-0.402413,3.796504,8.858253,-0.533972,-0.717058,0.192717
186869390.000,YZJ,handheld,free_gripped_slow_move,recording,-0.155868,3.767574,8.827186,-0.511702,-0.453386,0.202751
186869400.000,YZJ,handheld,free_gripped_slow_move,recording,-0.119875,3.652893,9.071799,-0.471015,-0.204371,0.200221
186869410.000,YZJ,handheld,free_gripped_slow_move,recording,-0.119171,3.561273,9.535909,-0.380836,0.022091,0.186286
186869420.000,YZJ,handheld,free_gripped_slow_move,recording,0.113861,3.430306,10.021327,-0.251425,0.194469,0.158072
186869430.000,YZJ,handheld,free_gripped_slow_move,recording,0.289863,3.312630,10.374971,-0.102861,0.324031,0.109085
186869440.000,YZJ,handheld,free_gripped_slow_move,recording,0.251320,3.312394,10.576580,0.049811,0.382415,0.053647
186869450.000,YZJ,handheld,free_gripped_slow_move,recording,-0.134029,3.389980,10.457942,0.176213,0.372016,0.038910
186869460.000,YZJ,handheld,free_gripped_slow_move,recording,-0.271049,3.414975,9.979800,0.234714,0.296444,0.051116
186869470.000,YZJ,handheld,free_gripped_slow_move,recording,-0.129324,3.482982,9.448193,0.229828,0.204840,0.033987
186869480.000,YZJ,handheld,free_gripped_slow_move,recording,-0.189952,3.537905,8.992413,0.181895,0.080481,0.016420
186869490.000,YZJ,handheld,free_gripped_slow_move,recording,-0.262651,3.541105,8.486968,0.075632,-0.034231,0.008028
186869500.000,YZJ,handheld,free_gripped_slow_move,recording,-0.138525,3.512745,8.483514,-0.039498,-0.126769,-0.024461
186869510.000,YZJ,handheld,free_gripped_slow_move,recording,-0.072522,3.473521,8.943649,-0.094521,-0.206905,-0.066101
186869520.000,YZJ,handheld,free_gripped_slow_move,recording,-0.141443,3.570056,9.500106,-0.093110,-0.223658,-0.089095
186869530.000,YZJ,handheld,free_gripped_slow_move,recording,-0.494481,3.575571,9.941863,-0.046422,-0.233195,-0.076504
186869540.000,YZJ,handheld,free_gripped_slow_move,recording,-0.621175,3.663623,10.103119,0.019276,-0.239991,-0.036545
186869550.000,YZJ,handheld,free_gripped_slow_move,recording,-0.697104,3.662215,9.968400,0.075812,-0.203709,0.017663
186869560.000,YZJ,handheld,free_gripped_slow_move,recording,-0.527741,3.685948,9.680698,0.112911,-0.135281,0.064840
186869570.000,YZJ,handheld,free_gripped_slow_move,recording,-0.403651,3.657478,9.299293,0.119535,-0.060838,0.094975
186869580.000,YZJ,handheld,free_gripped_slow_move,recording,-0.251943,3.668474,9.087203,0.114867,0.006696,0.105584
186869590.000,YZJ,handheld,free_gripped_slow_move,recording,-0.183507,3.709508,9.034802,0.110285,0.051528,0.104148
186869600.000,YZJ,handheld,free_gripped_slow_move,recording,-0.103184,3.731880,8.963436,0.102172,0.068245,0.092846
186869610.000,YZJ,handheld,free_gripped_slow_move,recording,0.043954,3.690435,8.989671,0.094953,0.044637,0.059232
186869620.000,YZJ,handheld,free_gripped_slow_move,recording,0.136726,3.720064,8.953980,0.089380,-0.021462,0.021641
186869630.000,YZJ,handheld,free_gripped_slow_move,recording,0.122621,3.709045,8.652637,0.051936,-0.102552,-0.016379
186869640.000,YZJ,handheld,free_gripped_slow_move,recording,0.139446,3.681210,8.510973,0.003360,-0.172022,-0.059721
186869650.000,YZJ,handheld,free_gripped_slow_move,recording,0.012106,3.745227,8.461781,-0.048091,-0.215785,-0.084238
186869660.000,YZJ,handheld,free_gripped_slow_move,recording,-0.018931,3.768131,8.522514,-0.090449,-0.215467,-0.094027
186869670.000,YZJ,handheld,free_gripped_slow_move,recording,-0.118523,3.760723,8.616183,-0.116965,-0.192410,-0.094404
186869680.000,YZJ,handheld,free_gripped_slow_move,recording,-0.062133,3.755320,8.738258,-0.131169,-0.149664,-0.097574
186869690.000,YZJ,handheld,free_gripped_slow_move,recording,-0.110746,3.708322,8.872766,-0.124055,-0.094269,-0.101546
186869700.000,YZJ,handheld,free_gripped_slow_move,recording,-0.137070,3.739026,9.021644,-0.099365,-0.026278,-0.097748
186869710.000,YZJ,handheld,free_gripped_slow_move,recording,-0.179886,3.758911,9.074226,-0.073392,0.047094,-0.087901
186869720.000,YZJ,handheld,free_gripped_slow_move,recording,-0.219834,3.665233,9.234254,-0.034120,0.110905,-0.079823
186869730.000,YZJ,handheld,free_gripped_slow_move,recording,-0.196399,3.647834,9.477353,0.024253,0.158517,-0.074623
186869740.000,YZJ,handheld,free_gripped_slow_move,recording,-0.313535,3.697669,9.454296,0.076895,0.172047,-0.061308
186869750.000,YZJ,handheld,free_gripped_slow_move,recording,-0.407296,3.742258,9.113769,0.085741,0.149072,-0.044935
186869760.000,YZJ,handheld,free_gripped_slow_move,recording,-0.522852,3.748627,8.754859,0.051987,0.102899,-0.026108
186869770.000,YZJ,handheld,free_gripped_slow_move,recording,-0.665625,3.788199,8.465564,-0.015221,0.034526,0.001111
186869780.000,YZJ,handheld,free_gripped_slow_move,recording,-0.596898,3.807965,8.404646,-0.096105,-0.020642,0.030767
186869790.000,YZJ,handheld,free_gripped_slow_move,recording,-0.372588,3.784968,8.794718,-0.134676,-0.055693,0.035882
186869800.000,YZJ,handheld,free_gripped_slow_move,recording,-0.156469,3.717998,9.305503,-0.120683,-0.065299,0.025021
186869810.000,YZJ,handheld,free_gripped_slow_move,recording,-0.032460,3.642292,9.689602,-0.067569,-0.029223,0.008193
186869820.000,YZJ,handheld,free_gripped_slow_move,recording,-0.061160,3.550149,9.951466,0.016078,0.038872,-0.006822
186869830.000,YZJ,handheld,free_gripped_slow_move,recording,-0.165197,3.543803,9.903745,0.098143,0.099760,-0.010631
186869840.000,YZJ,handheld,free_gripped_slow_move,recording,-0.295463,3.570510,9.532876,0.141356,0.137704,-0.004924
186869850.000,YZJ,handheld,free_gripped_slow_move,recording,-0.366197,3.607487,9.086417,0.133611,0.138372,0.001258
186869860.000,YZJ,handheld,free_gripped_slow_move,recording,-0.417803,3.647037,8.738784,0.086434,0.098286,0.004459
186869870.000,YZJ,handheld,free_gripped_slow_move,recording,-0.393402,3.695318,8.608075,0.017259,0.022538,0.002656
186869880.000,YZJ,handheld,free_gripped_slow_move,recording,-0.276192,3.681028,8.807399,-0.029245,-0.052603,-0.010955
186869890.000,YZJ,handheld,free_gripped_slow_move,recording,-0.144606,3.711840,9.197492,-0.040173,-0.106008,-0.034007
186869900.000,YZJ,handheld,free_gripped_slow_move,recording,-0.142713,3.678642,9.428150,-0.019237,-0.135692,-0.055566
186869910.000,YZJ,handheld,free_gripped_slow_move,recording,-0.113718,3.664233,9.560788,0.018590,-0.143780,-0.074954
186869920.000,YZJ,handheld,free_gripped_slow_move,recording,-0.130934,3.645011,9.555632,0.062268,-0.131752,-0.090446
186869930.000,YZJ,handheld,free_gripped_slow_move,recording,-0.192656,3.651066,9.363603,0.093242,-0.090470,-0.094119
186869940.000,YZJ,handheld,free_gripped_slow_move,recording,-0.373750,3.645004,9.064563,0.098397,-0.043149,-0.079869
186869950.000,YZJ,handheld,free_gripped_slow_move,recording,-0.534636,3.714161,8.849148,0.083522,-0.002495,-0.053973
186869960.000,YZJ,handheld,free_gripped_slow_move,recording,-0.610135,3.773050,8.768122,0.058849,0.008850,-0.020673
186869970.000,YZJ,handheld,free_gripped_slow_move,recording,-0.585431,3.862639,8.717111,0.031969,-0.007876,0.005510
186869980.000,YZJ,handheld,free_gripped_slow_move,recording,-0.474787,3.863982,8.656939,-0.001202,-0.035385,0.021804
186869990.000,YZJ,handheld,free_gripped_slow_move,recording,-0.335102,3.851632,8.707502,-0.028900,-0.058820,0.023349
186870000.000,YZJ,handheld,free_gripped_slow_move,recording,-0.188037,3.844774,8.951093,-0.034784,-0.079698,0.008497
186870010.000,YZJ,handheld,free_gripped_slow_move,recording,-0.067010,3.790606,9.113663,-0.022380,-0.097245,-0.015565
186870020.000,YZJ,handheld,free_gripped_slow_move,recording,-0.080616,3.772581,9.202978,-0.006043,-0.114027,-0.039526
186870030.000,YZJ,handheld,free_gripped_slow_move,recording,-0.164156,3.736864,9.204234,0.014039,-0.138605,-0.051326
186870040.000,YZJ,handheld,free_gripped_slow_move,recording,-0.197344,3.705173,9.049578,0.022544,-0.152691,-0.049746
186870050.000,YZJ,handheld,free_gripped_slow_move,recording,-0.158668,3.695112,8.826783,0.004676,-0.135866,-0.045525
186870060.000,YZJ,handheld,free_gripped_slow_move,recording,-0.098816,3.694804,8.703546,-0.022024,-0.123147,-0.048680
186870070.000,YZJ,handheld,free_gripped_slow_move,recording,-0.117287,3.699470,8.572248,-0.062825,-0.141688,-0.055744
186870080.000,YZJ,handheld,free_gripped_slow_move,recording,-0.049886,3.700099,8.588219,-0.110158,-0.172257,-0.066298
186870090.000,YZJ,handheld,free_gripped_slow_move,recording,-0.013618,3.701895,8.791351,-0.135146,-0.194111,-0.076640
186870100.000,YZJ,handheld,free_gripped_slow_move,recording,-0.023015,3.672175,8.959862,-0.138383,-0.197835,-0.085947
186870110.000,YZJ,handheld,free_gripped_slow_move,recording,-0.049979,3.669362,9.082393,-0.130929,-0.181312,-0.086292
186870120.000,YZJ,handheld,free_gripped_slow_move,recording,-0.090343,3.653268,9.198089,-0.107467,-0.147137,-0.083235
186870130.000,YZJ,handheld,free_gripped_slow_move,recording,-0.221447,3.658233,9.271922,-0.078959,-0.108021,-0.067668
186870140.000,YZJ,handheld,free_gripped_slow_move,recording,-0.414933,3.692067,9.206091,-0.059737,-0.081695,-0.035144
186870150.000,YZJ,handheld,free_gripped_slow_move,recording,-0.457473,3.706605,9.114863,-0.052981,-0.050980,0.000381
186870160.000,YZJ,handheld,free_gripped_slow_move,recording,-0.422187,3.669000,9.055440,-0.056454,-0.005704,0.038495
186870170.000,YZJ,handheld,free_gripped_slow_move,recording,-0.261411,3.683337,9.096982,-0.059133,0.042621,0.062409
186870180.000,YZJ,handheld,free_gripped_slow_move,recording,-0.124264,3.649491,9.225063,-0.051462,0.074963,0.069889
186870190.000,YZJ,handheld,free_gripped_slow_move,recording,0.024878,3.643118,9.347436,-0.032776,0.085369,0.060938
186870200.000,YZJ,handheld,free_gripped_slow_move,recording,0.094259,3.604868,9.402098,-0.008261,0.094773,0.046250
186870210.000,YZJ,handheld,free_gripped_slow_move,recording,0.099787,3.576123,9.410537,0.021434,0.123612,0.034185
186870220.000,YZJ,handheld,free_gripped_slow_move,recording,0.011704,3.561939,9.404573,0.057737,0.176350,0.028632
186870230.000,YZJ,handheld,free_gripped_slow_move,recording,-0.086698,3.556906,9.400678,0.098723,0.260416,0.033787
186870240.000,YZJ,handheld,free_gripped_slow_move,recording,-0.195173,3.595416,9.374297,0.140555,0.365664,0.045497
186870250.000,YZJ,handheld,free_gripped_slow_move,recording,-0.227242,3.579311,9.447667,0.197591,0.510536,0.063115
186870260.000,YZJ,handheld,free_gripped_slow_move,recording,-0.163521,3.557966,9.619521,0.285244,0.750016,0.076532
186870270.000,YZJ,handheld,free_gripped_slow_move,recording,-0.188821,3.628439,9.684755,0.388187,1.042326,0.091659
186870280.000,YZJ,handheld,free_gripped_slow_move,recording,-0.152967,3.738290,9.698912,0.489766,1.277538,0.090977
186870290.000,YZJ,handheld,free_gripped_slow_move,recording,-0.209851,3.800949,9.615188,0.575743,1.410070,0.077773
186870300.000,YZJ,handheld,free_gripped_slow_move,recording,-0.514697,3.991381,9.120979,0.606995,1.357852,0.071833
186870310.000,YZJ,handheld,free_gripped_slow_move,recording,-0.680424,4.084194,8.332154,0.529619,1.171980,0.055412
186870320.000,YZJ,handheld,free_gripped_slow_move,recording,-0.601068,4.051003,7.886875,0.404796,0.958072,0.014770
186870330.000,YZJ,handheld,free_gripped_slow_move,recording,-0.438254,3.889705,7.959600,0.305806,0.845322,-0.043868
186870340.000,YZJ,handheld,free_gripped_slow_move,recording,-0.482740,3.861156,8.261423,0.263918,0.924360,-0.098540
186870350.000,YZJ,handheld,free_gripped_slow_move,recording,-1.115036,3.989671,8.486456,0.258952,1.051310,-0.106281
186870360.000,YZJ,handheld,free_gripped_slow_move,recording,-1.649247,4.120391,8.808774,0.283971,1.109211,-0.071254
186870370.000,YZJ,handheld,free_gripped_slow_move,recording,-2.081160,4.301384,8.802686,0.297472,1.033820,0.000395
186870380.000,YZJ,handheld,free_gripped_slow_move,recording,-2.184043,4.288023,8.480585,0.261465,0.877552,0.077563
186870390.000,YZJ,handheld,free_gripped_slow_move,recording,-1.931151,4.280499,8.337741,0.200719,0.718658,0.117411
186870400.000,YZJ,handheld,free_gripped_slow_move,recording,-1.609025,4.219176,8.286329,0.142305,0.567836,0.111563
186870410.000,YZJ,handheld,free_gripped_slow_move,recording,-1.401453,4.167212,8.227742,0.086629,0.475001,0.083240
186870420.000,YZJ,handheld,free_gripped_slow_move,recording,-1.335225,4.182649,8.265893,0.030855,0.437737,0.046943
186870430.000,YZJ,handheld,free_gripped_slow_move,recording,-1.527577,4.175263,8.405814,-0.010439,0.388995,0.017916
186870440.000,YZJ,handheld,free_gripped_slow_move,recording,-1.735706,4.223889,8.525601,-0.041565,0.295779,0.008105
186870450.000,YZJ,handheld,free_gripped_slow_move,recording,-1.851982,4.159475,8.541027,-0.074747,0.206353,0.015708
186870460.000,YZJ,handheld,free_gripped_slow_move,recording,-1.765537,4.134666,8.798532,-0.087784,0.181359,0.026093
186870470.000,YZJ,handheld,free_gripped_slow_move,recording,-1.736202,4.072889,9.093797,-0.061973,0.210974,0.032623
186870480.000,YZJ,handheld,free_gripped_slow_move,recording,-1.754020,4.074262,9.415740,0.002578,0.298898,0.044934
186870490.000,YZJ,handheld,free_gripped_slow_move,recording,-1.852243,4.100306,9.566790,0.086635,0.393207,0.063165
186870500.000,YZJ,handheld,free_gripped_slow_move,recording,-1.965090,4.105287,9.490377,0.155887,0.435101,0.082762
186870510.000,YZJ,handheld,free_gripped_slow_move,recording,-1.987293,4.141932,9.217457,0.195470,0.430017,0.095968
186870520.000,YZJ,handheld,free_gripped_slow_move,recording,-1.868005,4.129020,8.863314,0.195424,0.386622,0.091187
186870530.000,YZJ,handheld,free_gripped_slow_move,recording,-1.759585,4.124941,8.542233,0.153730,0.289895,0.064680
186870540.000,YZJ,handheld,free_gripped_slow_move,recording,-1.776070,4.135862,8.271034,0.081811,0.162859,0.037244
186870550.000,YZJ,handheld,free_gripped_slow_move,recording,-1.814296,4.150826,8.279644,0.004592,0.039028,0.013499
186870560.000,YZJ,handheld,free_gripped_slow_move,recording,-1.797752,4.148004,8.547423,-0.037628,-0.053035,-0.004100
186870570.000,YZJ,handheld,free_gripped_slow_move,recording,-1.737353,4.121932,8.897786,-0.035389,-0.090781,-0.018431
186870580.000,YZJ,handheld,free_gripped_slow_move,recording,-1.725029,4.081693,9.031957,-0.006140,-0.069353,-0.028175
186870590.000,YZJ,handheld,free_gripped_slow_move,recording,-1.773492,4.082398,9.083862,0.032281,-0.007722,-0.028324
186870600.000,YZJ,handheld,free_gripped_slow_move,recording,-1.858335,4.097031,9.092766,0.075665,0.059136,-0.021354
186870610.000,YZJ,handheld,free_gripped_slow_move,recording,-1.930090,4.166689,8.998061,0.116720,0.081265,-0.011804
186870620.000,YZJ,handheld,free_gripped_slow_move,recording,-1.968386,4.198431,8.666131,0.120600,0.061594,-0.005147
186870630.000,YZJ,handheld,free_gripped_slow_move,recording,-1.935980,4.245492,8.422525,0.095803,0.023764,-0.005784
186870640.000,YZJ,handheld,free_gripped_slow_move,recording,-1.849601,4.278639,8.290616,0.056810,-0.035546,-0.014202
186870650.000,YZJ,handheld,free_gripped_slow_move,recording,-1.742787,4.315632,8.259986,0.012831,-0.096158,-0.032246
186870660.000,YZJ,handheld,free_gripped_slow_move,recording,-1.691298,4.296907,8.263873,-0.025689,-0.138508,-0.050935
186870670.000,YZJ,handheld,free_gripped_slow_move,recording,-1.760962,4.291262,8.356850,-0.049118,-0.170861,-0.060696
186870680.000,YZJ,handheld,free_gripped_slow_move,recording,-1.768319,4.285817,8.452193,-0.060335,-0.189636,-0.065350
186870690.000,YZJ,handheld,free_gripped_slow_move,recording,-1.778587,4.240157,8.542311,-0.057721,-0.174728,-0.068099
186870700.000,YZJ,handheld,free_gripped_slow_move,recording,-1.823867,4.207905,8.659293,-0.040871,-0.120687,-0.061643
186870710.000,YZJ,handheld,free_gripped_slow_move,recording,-1.906099,4.194433,8.763752,-0.009124,-0.039715,-0.045591
186870720.000,YZJ,handheld,free_gripped_slow_move,recording,-1.918846,4.234442,8.872753,0.035000,0.014590,-0.034396
186870730.000,YZJ,handheld,free_gripped_slow_move,recording,-1.922778,4.236360,8.759850,0.064189,0.028663,-0.026309
186870740.000,YZJ,handheld,free_gripped_slow_move,recording,-1.929365,4.255287,8.572277,0.066235,0.026591,-0.019902
186870750.000,YZJ,handheld,free_gripped_slow_move,recording,-1.896020,4.280877,8.351054,0.042066,-0.004107,-0.019292
186870760.000,YZJ,handheld,free_gripped_slow_move,recording,-1.908245,4.305607,8.279787,0.007424,-0.046549,-0.020217
186870770.000,YZJ,handheld,free_gripped_slow_move,recording,-1.867624,4.330623,8.260870,-0.032957,-0.106312,-0.024963
186870780.000,YZJ,handheld,free_gripped_slow_move,recording,-1.809039,4.286819,8.282026,-0.074068,-0.165404,-0.033436
186870790.000,YZJ,handheld,free_gripped_slow_move,recording,-1.811748,4.263088,8.432143,-0.100773,-0.217567,-0.037003
186870800.000,YZJ,handheld,free_gripped_slow_move,recording,-1.837224,4.235869,8.516809,-0.118904,-0.255051,-0.035567
186870810.000,YZJ,handheld,free_gripped_slow_move,recording,-1.949660,4.227402,8.649221,-0.122902,-0.258558,-0.022990
186870820.000,YZJ,handheld,free_gripped_slow_move,recording,-2.018045,4.235429,8.812868,-0.109541,-0.240167,-0.001114
186870830.000,YZJ,handheld,free_gripped_slow_move,recording,-2.017443,4.176677,8.931052,-0.081196,-0.205712,0.022614
186870840.000,YZJ,handheld,free_gripped_slow_move,recording,-1.927901,4.169023,9.064942,-0.040945,-0.164424,0.036566
186870850.000,YZJ,handheld,free_gripped_slow_move,recording,-1.871725,4.172674,9.018513,-0.010411,-0.155031,0.041957
186870860.000,YZJ,handheld,free_gripped_slow_move,recording,-1.837237,4.173696,8.902564,0.001444,-0.175815,0.038981
186870870.000,YZJ,handheld,free_gripped_slow_move,recording,-1.795494,4.245596,8.824973,0.000629,-0.214686,0.033517
186870880.000,YZJ,handheld,free_gripped_slow_move,recording,-1.704414,4.260301,8.734935,-0.005624,-0.273591,0.022123
186870890.000,YZJ,handheld,free_gripped_slow_move,recording,-1.550847,4.232239,8.592741,-0.021365,-0.316111,0.004104
186870900.000,YZJ,handheld,free_gripped_slow_move,recording,-1.489296,4.221327,8.519963,-0.043538,-0.327754,-0.012192
186870910.000,YZJ,handheld,free_gripped_slow_move,recording,-1.557895,4.189665,8.497989,-0.064552,-0.299549,-0.015993
186870920.000,YZJ,handheld,free_gripped_slow_move,recording,-1.628738,4.180564,8.652006,-0.067285,-0.241016,-0.009125
186870930.000,YZJ,handheld,free_gripped_slow_move,recording,-1.715766,4.131930,8.845993,-0.043994,-0.167125,0.005198
186870940.000,YZJ,handheld,free_gripped_slow_move,recording,-1.791846,4.151291,8.966828,-0.008427,-0.089265,0.034803
186870950.000,YZJ,handheld,free_gripped_slow_move,recording,-1.760074,4.182347,9.034970,0.032883,-0.009006,0.066056
186870960.000,YZJ,handheld,free_gripped_slow_move,recording,-1.615102,4.203528,8.942399,0.065734,0.040296,0.079725
186870970.000,YZJ,handheld,free_gripped_slow_move,recording,-1.532565,4.227573,8.715706,0.072282,0.030723,0.078105
186870980.000,YZJ,handheld,free_gripped_slow_move,recording,-1.481761,4.253694,8.481548,0.047021,-0.009802,0.066873
186870990.000,YZJ,handheld,free_gripped_slow_move,recording,-1.416371,4.264596,8.374843,0.004820,-0.055958,0.052583
186871000.000,YZJ,handheld,free_gripped_slow_move,recording,-1.417699,4.236361,8.407933,-0.033254,-0.094883,0.039529
186871010.000,YZJ,handheld,free_gripped_slow_move,recording,-1.438959,4.197456,8.584103,-0.053075,-0.110787,0.030093
186871020.000,YZJ,handheld,free_gripped_slow_move,recording,-1.473748,4.156238,8.745711,-0.053587,-0.109834,0.027830
186871030.000,YZJ,handheld,free_gripped_slow_move,recording,-1.459931,4.094798,8.907192,-0.036013,-0.089633,0.032810
186871040.000,YZJ,handheld,free_gripped_slow_move,recording,-1.435151,4.101916,9.013602,-0.004504,-0.060231,0.036841
186871050.000,YZJ,handheld,free_gripped_slow_move,recording,-1.349835,4.069456,9.037498,0.037140,-0.033286,0.036588
186871060.000,YZJ,handheld,free_gripped_slow_move,recording,-1.314848,4.088256,8.933721,0.069728,-0.002824,0.030696
186871070.000,YZJ,handheld,free_gripped_slow_move,recording,-1.314929,4.133453,8.800294,0.083946,0.023328,0.026139
186871080.000,YZJ,handheld,free_gripped_slow_move,recording,-1.329774,4.158125,8.675068,0.082841,0.031824,0.021455
186871090.000,YZJ,handheld,free_gripped_slow_move,recording,-1.350377,4.197212,8.624335,0.070857,0.028647,0.018253
186871100.000,YZJ,handheld,free_gripped_slow_move,recording,-1.314156,4.210333,8.602134,0.052541,0.017558,0.012863
186871110.000,YZJ,handheld,free_gripped_slow_move,recording,-1.332072,4.195958,8.627181,0.032761,0.014711,0.013463
186871120.000,YZJ,handheld,free_gripped_slow_move,recording,-1.383918,4.203596,8.677558,0.018124,0.027114,0.019308
186871130.000,YZJ,handheld,free_gripped_slow_move,recording,-1.471582,4.202326,8.724340,0.010290,0.040320,0.031854
186871140.000,YZJ,handheld,free_gripped_slow_move,recording,-1.532567,4.207506,8.812667,0.008970,0.055537,0.048660
186871150.000,YZJ,handheld,free_gripped_slow_move,recording,-1.536476,4.226873,8.882263,0.015691,0.068442,0.063400
186871160.000,YZJ,handheld,free_gripped_slow_move,recording,-1.487405,4.217531,8.904568,0.026318,0.081690,0.072535
186871170.000,YZJ,handheld,free_gripped_slow_move,recording,-1.493464,4.169808,8.912230,0.040559,0.098174,0.080389
186871180.000,YZJ,handheld,free_gripped_slow_move,recording,-1.441772,4.142202,8.943686,0.059636,0.125943,0.082926
186871190.000,YZJ,handheld,free_gripped_slow_move,recording,-1.399816,4.154843,9.003991,0.085895,0.166634,0.076888
186871200.000,YZJ,handheld,free_gripped_slow_move,recording,-1.376818,4.141244,9.062720,0.124993,0.204947,0.066221
186871210.000,YZJ,handheld,free_gripped_slow_move,recording,-1.367080,4.156411,9.032717,0.168319,0.249754,0.056324
186871220.000,YZJ,handheld,free_gripped_slow_move,recording,-1.414903,4.207729,8.921748,0.206260,0.296997,0.050219
186871230.000,YZJ,handheld,free_gripped_slow_move,recording,-1.514648,4.270866,8.773004,0.229840,0.330613,0.049961
186871240.000,YZJ,handheld,free_gripped_slow_move,recording,-1.593496,4.357313,8.621549,0.239925,0.356980,0.055875
186871250.000,YZJ,handheld,free_gripped_slow_move,recording,-1.651174,4.401699,8.445257,0.237074,0.375817,0.066327
186871260.000,YZJ,handheld,free_gripped_slow_move,recording,-1.729591,4.432971,8.312722,0.214338,0.398182,0.079536
186871270.000,YZJ,handheld,free_gripped_slow_move,recording,-1.830601,4.482729,8.260524,0.185528,0.397565,0.096354
186871280.000,YZJ,handheld,free_gripped_slow_move,recording,-1.917047,4.492146,8.285491,0.163151,0.356886,0.115684
186871290.000,YZJ,handheld,free_gripped_slow_move,recording,-1.892420,4.475960,8.318368,0.141851,0.305472,0.127248
186871300.000,YZJ,handheld,free_gripped_slow_move,recording,-1.789905,4.470348,8.358289,0.124738,0.268281,0.119848
186871310.000,YZJ,handheld,free_gripped_slow_move,recording,-1.686431,4.474091,8.424558,0.118051,0.220938,0.097165
186871320.000,YZJ,handheld,free_gripped_slow_move,recording,-1.717144,4.468492,8.516055,0.116426,0.193014,0.079258
186871330.000,YZJ,handheld,free_gripped_slow_move,recording,-1.820003,4.459278,8.676057,0.125489,0.210239,0.076287
186871340.000,YZJ,handheld,free_gripped_slow_move,recording,-1.840535,4.428462,8.858498,0.154853,0.240978,0.076553
186871350.000,YZJ,handheld,free_gripped_slow_move,recording,-1.822637,4.415589,9.052782,0.210489,0.298602,0.075733
186871360.000,YZJ,handheld,free_gripped_slow_move,recording,-1.819360,4.398581,9.153967,0.281454,0.366907,0.074433
186871370.000,YZJ,handheld,free_gripped_slow_move,recording,-1.802394,4.439399,9.181005,0.358884,0.458942,0.074073
186871380.000,YZJ,handheld,free_gripped_slow_move,recording,-1.845063,4.480028,9.154045,0.434829,0.560365,0.076224
186871390.000,YZJ,handheld,free_gripped_slow_move,recording,-1.948586,4.543708,9.134136,0.507215,0.670128,0.082507
186871400.000,YZJ,handheld,free_gripped_slow_move,recording,-2.016288,4.616647,8.929546,0.572099,0.757594,0.084245
186871410.000,YZJ,handheld,free_gripped_slow_move,recording,-2.128982,4.655961,8.654469,0.613888,0.801233,0.091380
186871420.000,YZJ,handheld,free_gripped_slow_move,recording,-2.265938,4.755136,8.342287,0.620128,0.827915,0.107106
186871430.000,YZJ,handheld,free_gripped_slow_move,recording,-2.334227,4.837240,8.046531,0.589253,0.826169,0.127171
186871440.000,YZJ,handheld,free_gripped_slow_move,recording,-2.354134,4.884661,7.781438,0.525223,0.798511,0.139145
186871450.000,YZJ,handheld,free_gripped_slow_move,recording,-2.303006,4.932531,7.664337,0.454260,0.769377,0.136419
186871460.000,YZJ,handheld,free_gripped_slow_move,recording,-2.222960,4.937840,7.640092,0.397345,0.783579,0.125040
186871470.000,YZJ,handheld,free_gripped_slow_move,recording,-2.196768,4.988269,7.597081,0.355842,0.837478,0.113070
186871480.000,YZJ,handheld,free_gripped_slow_move,recording,-2.183640,5.034097,7.602247,0.317814,0.930461,0.098178
186871490.000,YZJ,handheld,free_gripped_slow_move,recording,-2.250297,5.039655,7.591010,0.291184,1.029313,0.086092
186871500.000,YZJ,handheld,free_gripped_slow_move,recording,-2.339659,5.076388,7.630265,0.282832,1.119851,0.074885
186871510.000,YZJ,handheld,free_gripped_slow_move,recording,-2.496859,5.109057,7.829017,0.309891,1.217841,0.061250
186871520.000,YZJ,handheld,free_gripped_slow_move,recording,-2.591878,5.030242,7.996949,0.369028,1.276373,0.034480
186871530.000,YZJ,handheld,free_gripped_slow_move,recording,-2.669579,5.052689,8.045012,0.435970,1.283532,0.010664
186871540.000,YZJ,handheld,free_gripped_slow_move,recording,-2.838097,5.123803,7.933531,0.479426,1.276458,0.004279
186871550.000,YZJ,handheld,free_gripped_slow_move,recording,-3.023860,5.209426,7.683773,0.491831,1.258573,0.009654
186871560.000,YZJ,handheld,free_gripped_slow_move,recording,-3.177399,5.243084,7.427478,0.486068,1.226129,0.017306
186871570.000,YZJ,handheld,free_gripped_slow_move,recording,-3.227519,5.294169,7.230484,0.464683,1.179855,0.019088
186871580.000,YZJ,handheld,free_gripped_slow_move,recording,-3.307312,5.280268,7.015280,0.421317,1.102861,0.010319
186871590.000,YZJ,handheld,free_gripped_slow_move,recording,-3.377669,5.422861,6.844573,0.368781,0.989860,-0.000093
186871600.000,YZJ,handheld,free_gripped_slow_move,recording,-3.504297,5.523376,6.772024,0.310486,0.890322,0.000913
186871610.000,YZJ,handheld,free_gripped_slow_move,recording,-3.569292,5.438065,6.653828,0.247610,0.859525,0.007101
186871620.000,YZJ,handheld,free_gripped_slow_move,recording,-3.531403,5.394874,6.587547,0.180463,0.892586,0.008015
186871630.000,YZJ,handheld,free_gripped_slow_move,recording,-3.577005,5.718407,6.889575,0.153513,0.919147,0.015210
186871640.000,YZJ,handheld,free_gripped_slow_move,recording,-3.705479,5.411304,6.959495,0.156067,0.967289,0.014405
186871650.000,YZJ,handheld,free_gripped_slow_move,recording,-3.797435,5.435726,7.162149,0.178726,1.020337,0.012548
186871660.000,YZJ,handheld,free_gripped_slow_move,recording,-3.920509,5.513152,7.203806,0.210868,1.034496,0.014707
186871670.000,YZJ,handheld,free_gripped_slow_move,recording,-4.054608,5.484328,7.099898,0.234021,0.995750,0.013548
186871680.000,YZJ,handheld,free_gripped_slow_move,recording,-4.092350,5.535616,6.939012,0.237470,0.920120,0.009379
186871690.000,YZJ,handheld,free_gripped_slow_move,recording,-4.122693,5.576208,6.749505,0.221195,0.838932,-0.000197
186871700.000,YZJ,handheld,free_gripped_slow_move,recording,-4.169057,5.558953,6.532751,0.183837,0.764865,-0.007477
186871710.000,YZJ,handheld,free_gripped_slow_move,recording,-4.268424,5.625122,6.424644,0.132339,0.721311,-0.010843
186871720.000,YZJ,handheld,free_gripped_slow_move,recording,-4.361967,5.614903,6.427952,0.084564,0.721518,-0.005792
186871730.000,YZJ,handheld,free_gripped_slow_move,recording,-4.474338,5.612465,6.560507,0.054029,0.759162,0.003473
186871740.000,YZJ,handheld,free_gripped_slow_move,recording,-4.552195,5.582087,6.725080,0.051479,0.811562,0.010837
186871750.000,YZJ,handheld,free_gripped_slow_move,recording,-4.612728,5.621051,6.953801,0.081381,0.851508,0.019682
186871760.000,YZJ,handheld,free_gripped_slow_move,recording,-4.736655,5.635297,7.092814,0.132018,0.854998,0.035460
186871770.000,YZJ,handheld,free_gripped_slow_move,recording,-4.790954,5.603204,7.068529,0.179322,0.842630,0.050142
186871780.000,YZJ,handheld,free_gripped_slow_move,recording,-4.765349,5.617970,6.938712,0.217398,0.820111,0.058016
186871790.000,YZJ,handheld,free_gripped_slow_move,recording,-4.701710,5.634652,6.751160,0.242780,0.783718,0.056445
186871800.000,YZJ,handheld,free_gripped_slow_move,recording,-4.642143,5.620468,6.477330,0.241639,0.749780,0.039921
186871810.000,YZJ,handheld,free_gripped_slow_move,recording,-4.641109,5.630995,6.286428,0.218875,0.707401,0.018714
186871820.000,YZJ,handheld,free_gripped_slow_move,recording,-4.703930,5.664990,6.141416,0.187875,0.650893,0.000009
186871830.000,YZJ,handheld,free_gripped_slow_move,recording,-4.794711,5.660153,6.083829,0.154977,0.606029,-0.009041
186871840.000,YZJ,handheld,free_gripped_slow_move,recording,-4.924025,5.685477,6.122830,0.121890,0.606170,-0.003385
186871850.000,YZJ,handheld,free_gripped_slow_move,recording,-4.970836,5.689789,6.220570,0.104387,0.609965,0.006806
186871860.000,YZJ,handheld,free_gripped_slow_move,recording,-4.944964,5.668974,6.288326,0.106906,0.610493,0.014625
186871870.000,YZJ,handheld,free_gripped_slow_move,recording,-4.962018,5.676617,6.314464,0.121402,0.613573,0.015798
186871880.000,YZJ,handheld,free_gripped_slow_move,recording,-4.967065,5.721007,6.199782,0.128618,0.583994,0.009883
186871890.000,YZJ,handheld,free_gripped_slow_move,recording,-5.000544,5.725147,6.045643,0.116711,0.532030,0.000357
186871900.000,YZJ,handheld,free_gripped_slow_move,recording,-4.996526,5.729727,5.934889,0.087457,0.489505,-0.013311
186871910.000,YZJ,handheld,free_gripped_slow_move,recording,-4.998842,5.730714,5.827054,0.056554,0.451019,-0.029220
186871920.000,YZJ,handheld,free_gripped_slow_move,recording,-5.066729,5.754413,5.799671,0.023510,0.378280,-0.039010
186871930.000,YZJ,handheld,free_gripped_slow_move,recording,-5.119804,5.752676,5.752360,-0.013251,0.300110,-0.041925
186871940.000,YZJ,handheld,free_gripped_slow_move,recording,-4.789360,5.175359,5.505400,-0.075781,0.261020,-0.067895
186871950.000,YZJ,handheld,free_gripped_slow_move,recording,-4.953202,5.852574,5.379433,-0.160527,0.265230,-0.099212
186871960.000,YZJ,handheld,free_gripped_slow_move,recording,-5.024748,6.306132,6.263718,-0.150685,0.271741,-0.100187
186871970.000,YZJ,handheld,free_gripped_slow_move,recording,-5.435849,5.426363,6.049762,-0.103722,0.136365,-0.090603
186871980.000,YZJ,handheld,free_gripped_slow_move,recording,-5.323833,5.724535,6.282939,-0.063976,0.092835,-0.080529
186871990.000,YZJ,handheld,free_gripped_slow_move,recording,-5.323986,5.736023,6.254772,-0.034661,0.139977,-0.067232
186872000.000,YZJ,handheld,free_gripped_slow_move,recording,-5.410859,5.671688,6.214378,-0.010485,0.174799,-0.048107
186872010.000,YZJ,handheld,free_gripped_slow_move,recording,-5.344239,5.711882,6.223463,0.017178,0.192835,-0.035529
186872020.000,YZJ,handheld,free_gripped_slow_move,recording,-5.383395,5.750891,6.236286,0.052332,0.217174,-0.028865
186872030.000,YZJ,handheld,free_gripped_slow_move,recording,-5.461794,5.761470,6.154099,0.075462,0.212886,-0.019367
186872040.000,YZJ,handheld,free_gripped_slow_move,recording,-5.539055,5.779052,5.998814,0.077546,0.181423,-0.009296
186872050.000,YZJ,handheld,free_gripped_slow_move,recording,-5.596850,5.766984,5.851717,0.056320,0.132647,0.000798
186872060.000,YZJ,handheld,free_gripped_slow_move,recording,-5.576567,5.742733,5.726016,0.019331,0.046846,0.005037
186872070.000,YZJ,handheld,free_gripped_slow_move,recording,-5.448847,5.716365,5.607854,-0.024284,-0.050976,-0.002129
186872080.000,YZJ,handheld,free_gripped_slow_move,recording,-5.407206,5.732399,5.510814,-0.080823,-0.173274,-0.021103
186872090.000,YZJ,handheld,free_gripped_slow_move,recording,-5.476335,5.738653,5.489299,-0.144542,-0.310226,-0.030616
186872100.000,YZJ,handheld,free_gripped_slow_move,recording,-5.584276,5.708099,5.619859,-0.200840,-0.446669,-0.020302
186872110.000,YZJ,handheld,free_gripped_slow_move,recording,-5.513488,5.691112,5.810067,-0.241619,-0.584298,-0.011993
186872120.000,YZJ,handheld,free_gripped_slow_move,recording,-5.373010,5.692107,6.012313,-0.261126,-0.712262,-0.014662
186872130.000,YZJ,handheld,free_gripped_slow_move,recording,-5.275616,5.638834,6.191506,-0.268731,-0.821182,-0.018382
186872140.000,YZJ,handheld,free_gripped_slow_move,recording,-5.178078,5.581663,6.308806,-0.271151,-0.948013,-0.023454
186872150.000,YZJ,handheld,free_gripped_slow_move,recording,-5.143842,5.563204,6.310718,-0.278047,-1.116654,-0.026154
186872160.000,YZJ,handheld,free_gripped_slow_move,recording,-5.091463,5.536265,6.212288,-0.301949,-1.260189,-0.024096
186872170.000,YZJ,handheld,free_gripped_slow_move,recording,-4.964095,5.510212,6.157137,-0.341446,-1.365588,-0.021855
186872180.000,YZJ,handheld,free_gripped_slow_move,recording,-4.955975,5.506174,6.178561,-0.387177,-1.468729,-0.009621
186872190.000,YZJ,handheld,free_gripped_slow_move,recording,-4.890927,5.467706,6.259724,-0.428240,-1.525176,0.016697
186872200.000,YZJ,handheld,free_gripped_slow_move,recording,-4.798000,5.510433,6.515620,-0.456328,-1.525933,0.054143
186872210.000,YZJ,handheld,free_gripped_slow_move,recording,-4.728980,5.533741,6.676615,-0.474676,-1.527995,0.118872
186872220.000,YZJ,handheld,free_gripped_slow_move,recording,-4.924046,5.335194,6.663140,-0.498001,-1.470749,0.192030
186872230.000,YZJ,handheld,free_gripped_slow_move,recording,-4.621994,5.572702,6.903861,-0.507980,-1.381407,0.262733
186872240.000,YZJ,handheld,free_gripped_slow_move,recording,-4.501994,5.550090,7.078502,-0.496884,-1.350562,0.325584
186872250.000,YZJ,handheld,free_gripped_slow_move,recording,-4.481272,5.255385,7.005019,-0.481454,-1.347145,0.367094
186872260.000,YZJ,handheld,free_gripped_slow_move,recording,-3.938149,5.204526,7.223301,-0.450942,-1.302619,0.369943
186872270.000,YZJ,handheld,free_gripped_slow_move,recording,-3.621395,5.173081,7.347525,-0.401682,-1.244319,0.350432
186872280.000,YZJ,handheld,free_gripped_slow_move,recording,-3.323799,5.035898,7.395569,-0.335491,-1.178842,0.308010
186872290.000,YZJ,handheld,free_gripped_slow_move,recording,-3.060930,4.887746,7.460654,-0.269625,-1.096926,0.241795
186872300.000,YZJ,handheld,free_gripped_slow_move,recording,-3.030527,4.960187,7.645139,-0.200687,-1.019576,0.168065
186872310.000,YZJ,handheld,free_gripped_slow_move,recording,-3.018185,5.070380,7.633576,-0.145418,-1.007321,0.096793
186872320.000,YZJ,handheld,free_gripped_slow_move,recording,-3.166463,5.138957,7.621631,-0.111400,-1.040125,0.045279
186872330.000,YZJ,handheld,free_gripped_slow_move,recording,-3.327319,5.215340,7.631634,-0.105387,-1.069324,0.036861
186872340.000,YZJ,handheld,free_gripped_slow_move,recording,-3.307608,5.173357,7.535432,-0.116750,-1.072929,0.054633
186872350.000,YZJ,handheld,free_gripped_slow_move,recording,-3.195469,5.088557,7.366617,-0.146028,-1.067541,0.080603
186872360.000,YZJ,handheld,free_gripped_slow_move,recording,-3.032216,5.024016,7.491572,-0.155945,-1.037969,0.102542
186872370.000,YZJ,handheld,free_gripped_slow_move,recording,-3.036432,4.929389,7.811901,-0.103379,-1.032095,0.137841
186872380.000,YZJ,handheld,free_gripped_slow_move,recording,-3.238577,4.864472,8.281104,0.021298,-1.055965,0.190175
186872390.000,YZJ,handheld,free_gripped_slow_move,recording,-2.931645,5.111056,8.783309,0.181811,-1.030032,0.200144
186872400.000,YZJ,handheld,free_gripped_slow_move,recording,-2.529056,5.289365,8.865823,0.324355,-0.934576,0.151651
186872410.000,YZJ,handheld,free_gripped_slow_move,recording,-2.379519,5.283184,8.732462,0.425229,-0.815703,0.087404
186872420.000,YZJ,handheld,free_gripped_slow_move,recording,-2.399428,5.231213,8.548960,0.490875,-0.701843,0.041703
186872430.000,YZJ,handheld,free_gripped_slow_move,recording,-2.686825,5.082498,8.377595,0.537166,-0.682267,0.053677
186872440.000,YZJ,handheld,free_gripped_slow_move,recording,-2.717544,5.170441,8.194919,0.576454,-0.742927,0.081765
186872450.000,YZJ,handheld,free_gripped_slow_move,recording,-2.553813,5.256175,7.825388,0.579625,-0.881669,0.086270
186872460.000,YZJ,handheld,free_gripped_slow_move,recording,-2.340733,5.389428,7.398871,0.528974,-1.037593,0.055655
186872470.000,YZJ,handheld,free_gripped_slow_move,recording,-2.174492,5.493193,7.106072,0.431717,-1.118035,0.007840
186872480.000,YZJ,handheld,free_gripped_slow_move,recording,-1.971498,5.648830,6.843220,0.304787,-1.098674,-0.041260
186872490.000,YZJ,handheld,free_gripped_slow_move,recording,-1.942963,5.814808,6.785600,0.161779,-0.995650,-0.073284
186872500.000,YZJ,handheld,free_gripped_slow_move,recording,-1.954037,5.909478,6.935488,0.026930,-0.853840,-0.080235
186872510.000,YZJ,handheld,free_gripped_slow_move,recording,-1.972518,5.998431,7.134336,-0.080142,-0.728827,-0.076114
186872520.000,YZJ,handheld,free_gripped_slow_move,recording,-1.982059,6.020964,7.361830,-0.153455,-0.657931,-0.070153
186872530.000,YZJ,handheld,free_gripped_slow_move,recording,-1.961393,5.972404,7.546095,-0.203613,-0.657022,-0.068285
186872540.000,YZJ,handheld,free_gripped_slow_move,recording,-1.911199,5.828378,7.638312,-0.233335,-0.713995,-0.081309
186872550.000,YZJ,handheld,free_gripped_slow_move,recording,-1.769997,5.655830,7.714227,-0.258835,-0.793970,-0.114533
186872560.000,YZJ,handheld,free_gripped_slow_move,recording,-1.604871,5.567680,7.767627,-0.277794,-0.878678,-0.166319
186872570.000,YZJ,handheld,free_gripped_slow_move,recording,-1.461995,5.504247,7.808239,-0.297293,-0.953753,-0.229260
186872580.000,YZJ,handheld,free_gripped_slow_move,recording,-1.442200,5.446179,7.837564,-0.317277,-1.008346,-0.287369
186872590.000,YZJ,handheld,free_gripped_slow_move,recording,-1.478555,5.409809,7.822484,-0.338943,-1.048427,-0.327094
186872600.000,YZJ,handheld,free_gripped_slow_move,recording,-1.438016,5.427205,7.844551,-0.359785,-1.054927,-0.350212
186872610.000,YZJ,handheld,free_gripped_slow_move,recording,-1.427397,5.404555,7.919025,-0.380254,-1.028740,-0.355434
186872620.000,YZJ,handheld,free_gripped_slow_move,recording,-1.443517,5.389178,7.973272,-0.394778,-1.005091,-0.345970
186872630.000,YZJ,handheld,free_gripped_slow_move,recording,-1.427955,5.399258,8.089090,-0.398051,-0.972428,-0.326514
186872640.000,YZJ,handheld,free_gripped_slow_move,recording,-1.435963,5.347608,8.195125,-0.389178,-0.929452,-0.300065
186872650.000,YZJ,handheld,free_gripped_slow_move,recording,-1.406317,5.348427,8.337741,-0.368211,-0.884314,-0.277747
186872660.000,YZJ,handheld,free_gripped_slow_move,recording,-1.388295,5.270425,8.405169,-0.338545,-0.851358,-0.255664
186872670.000,YZJ,handheld,free_gripped_slow_move,recording,-1.432939,5.203381,8.467311,-0.301045,-0.836498,-0.225135
186872680.000,YZJ,handheld,free_gripped_slow_move,recording,-1.386098,5.158661,8.560594,-0.260058,-0.828037,-0.191875
186872690.000,YZJ,handheld,free_gripped_slow_move,recording,-1.321411,5.065516,8.536154,-0.221282,-0.834581,-0.160018
186872700.000,YZJ,handheld,free_gripped_slow_move,recording,-1.148660,4.995759,8.515385,-0.191492,-0.830781,-0.133733
186872710.000,YZJ,handheld,free_gripped_slow_move,recording,-0.940628,4.971101,8.504833,-0.165262,-0.795711,-0.115914
186872720.000,YZJ,handheld,free_gripped_slow_move,recording,-0.758316,4.957038,8.411589,-0.144623,-0.734011,-0.108514
186872730.000,YZJ,handheld,free_gripped_slow_move,recording,-0.591691,4.959412,8.323528,-0.136832,-0.661028,-0.111090
186872740.000,YZJ,handheld,free_gripped_slow_move,recording,-0.512444,5.018949,8.256061,-0.138511,-0.579639,-0.116698
186872750.000,YZJ,handheld,free_gripped_slow_move,recording,-0.530378,5.030425,8.218592,-0.148003,-0.492133,-0.116165
186872760.000,YZJ,handheld,free_gripped_slow_move,recording,-0.554705,5.038350,8.244989,-0.157053,-0.410580,-0.103130
186872770.000,YZJ,handheld,free_gripped_slow_move,recording,-0.595501,5.026127,8.309444,-0.159090,-0.334815,-0.083338
186872780.000,YZJ,handheld,free_gripped_slow_move,recording,-0.561968,5.004012,8.412221,-0.148653,-0.280148,-0.064764
186872790.000,YZJ,handheld,free_gripped_slow_move,recording,-0.542861,4.984555,8.482171,-0.132516,-0.252354,-0.053654
186872800.000,YZJ,handheld,free_gripped_slow_move,recording,-0.458607,4.958861,8.496405,-0.118977,-0.257516,-0.057073
186872810.000,YZJ,handheld,free_gripped_slow_move,recording,-0.388522,4.916615,8.468755,-0.112502,-0.294043,-0.071204
186872820.000,YZJ,handheld,free_gripped_slow_move,recording,-0.359351,4.898636,8.386867,-0.120129,-0.337654,-0.085511
186872830.000,YZJ,handheld,free_gripped_slow_move,recording,-0.345614,4.882444,8.326573,-0.135520,-0.374152,-0.094932
186872840.000,YZJ,handheld,free_gripped_slow_move,recording,-0.347412,4.883651,8.337440,-0.151797,-0.386862,-0.099174
186872850.000,YZJ,handheld,free_gripped_slow_move,recording,-0.365918,4.883360,8.412135,-0.160901,-0.372094,-0.093029
186872860.000,YZJ,handheld,free_gripped_slow_move,recording,-0.400605,4.863100,8.502589,-0.158379,-0.328779,-0.077392
186872870.000,YZJ,handheld,free_gripped_slow_move,recording,-0.379772,4.894764,8.630894,-0.141874,-0.262777,-0.058021
186872880.000,YZJ,handheld,free_gripped_slow_move,recording,-0.334354,4.860152,8.779985,-0.109926,-0.179060,-0.040451
186872890.000,YZJ,handheld,free_gripped_slow_move,recording,-0.216953,4.804470,8.876435,-0.065376,-0.101916,-0.039845
186872900.000,YZJ,handheld,free_gripped_slow_move,recording,-0.135634,4.759864,8.973714,-0.011311,-0.056049,-0.054501
186872910.000,YZJ,handheld,free_gripped_slow_move,recording,-0.153044,4.735152,8.955705,0.041718,-0.044872,-0.070599
186872920.000,YZJ,handheld,free_gripped_slow_move,recording,-0.211612,4.758966,8.865395,0.079637,-0.050244,-0.079279
186872930.000,YZJ,handheld,free_gripped_slow_move,recording,-0.268146,4.775747,8.652105,0.089222,-0.064552,-0.078571
186872940.000,YZJ,handheld,free_gripped_slow_move,recording,-0.320101,4.839081,8.426403,0.074800,-0.077071,-0.071559
186872950.000,YZJ,handheld,free_gripped_slow_move,recording,-0.355803,4.862339,8.311289,0.046403,-0.078001,-0.064104
186872960.000,YZJ,handheld,free_gripped_slow_move,recording,-0.403255,4.854161,8.274709,0.015406,-0.071483,-0.054533
186872970.000,YZJ,handheld,free_gripped_slow_move,recording,-0.412606,4.877195,8.338198,-0.007788,-0.061211,-0.042411
186872980.000,YZJ,handheld,free_gripped_slow_move,recording,-0.383007,4.891959,8.498299,-0.013881,-0.052261,-0.030601
186872990.000,YZJ,handheld,free_gripped_slow_move,recording,-0.332832,4.878616,8.602809,-0.003666,-0.040286,-0.024336
186873000.000,YZJ,handheld,free_gripped_slow_move,recording,-0.230553,4.927735,8.720468,0.021757,-0.021990,-0.027874
186873010.000,YZJ,handheld,free_gripped_slow_move,recording,-0.201701,4.868410,8.732930,0.054800,0.001724,-0.035488
186873020.000,YZJ,handheld,free_gripped_slow_move,recording,-0.207738,4.839290,8.636618,0.082130,0.026732,-0.040851
186873030.000,YZJ,handheld,free_gripped_slow_move,recording,-0.259118,4.832280,8.504815,0.096452,0.045136,-0.045010
186873040.000,YZJ,handheld,free_gripped_slow_move,recording,-0.331447,4.852491,8.381757,0.092021,0.050993,-0.044804
186873050.000,YZJ,handheld,free_gripped_slow_move,recording,-0.390522,4.862259,8.299994,0.073223,0.040251,-0.042067
186873060.000,YZJ,handheld,free_gripped_slow_move,recording,-0.400653,4.906814,8.247415,0.050411,0.012197,-0.040181
186873070.000,YZJ,handheld,free_gripped_slow_move,recording,-0.452447,4.929928,8.202623,0.016861,-0.030508,-0.032394
186873080.000,YZJ,handheld,free_gripped_slow_move,recording,-0.496359,4.980863,8.225492,-0.020560,-0.077730,-0.021463
186873090.000,YZJ,handheld,free_gripped_slow_move,recording,-0.416425,5.024191,8.247470,-0.053238,-0.118898,-0.015974
186873100.000,YZJ,handheld,free_gripped_slow_move,recording,-0.338679,5.009996,8.334552,-0.075497,-0.129822,-0.010255
186873110.000,YZJ,handheld,free_gripped_slow_move,recording,-0.324383,4.954845,8.462310,-0.083917,-0.111146,0.000061
186873120.000,YZJ,handheld,free_gripped_slow_move,recording,-0.284591,4.867537,8.638311,-0.068441,-0.083688,0.012624
186873130.000,YZJ,handheld,free_gripped_slow_move,recording,-0.220276,4.809823,8.734884,-0.040901,-0.052581,0.016529
186873140.000,YZJ,handheld,free_gripped_slow_move,recording,-0.202773,4.776731,8.709448,-0.017054,-0.029581,0.011856
186873150.000,YZJ,handheld,free_gripped_slow_move,recording,-0.170431,4.750119,8.734345,0.007909,-0.016566,-0.002296
186873160.000,YZJ,handheld,free_gripped_slow_move,recording,-0.178497,4.760258,8.687749,0.029156,-0.024809,-0.015074
186873170.000,YZJ,handheld,free_gripped_slow_move,recording,-0.202879,4.777521,8.513503,0.029883,-0.048299,-0.024467
186873180.000,YZJ,handheld,free_gripped_slow_move,recording,-0.248752,4.805888,8.379522,0.014040,-0.073504,-0.026913
186873190.000,YZJ,handheld,free_gripped_slow_move,recording,-0.219747,4.833115,8.331686,-0.007169,-0.101083,-0.026738
186873200.000,YZJ,handheld,free_gripped_slow_move,recording,-0.167972,4.879963,8.326801,-0.028046,-0.119851,-0.028431
186873210.000,YZJ,handheld,free_gripped_slow_move,recording,-0.140358,4.922249,8.391860,-0.043145,-0.113062,-0.029426
186873220.000,YZJ,handheld,free_gripped_slow_move,recording,-0.125780,4.908280,8.432343,-0.050807,-0.105696,-0.028169
186873230.000,YZJ,handheld,free_gripped_slow_move,recording,-0.119757,4.867731,8.454791,-0.054157,-0.089075,-0.028013
186873240.000,YZJ,handheld,free_gripped_slow_move,recording,-0.095400,4.898525,8.532571,-0.050579,-0.063333,-0.028936
186873250.000,YZJ,handheld,free_gripped_slow_move,recording,-0.176074,4.851775,8.465550,-0.050844,-0.058295,-0.023175
186873260.000,YZJ,handheld,free_gripped_slow_move,recording,-0.219335,4.844088,8.451686,-0.057443,-0.061913,-0.016246
186873270.000,YZJ,handheld,free_gripped_slow_move,recording,-0.171109,4.845121,8.451724,-0.064651,-0.076126,-0.011831
186873280.000,YZJ,handheld,free_gripped_slow_move,recording,-0.146996,4.838632,8.484226,-0.072312,-0.088023,-0.010769
186873290.000,YZJ,handheld,free_gripped_slow_move,recording,-0.115775,4.803487,8.518270,-0.074839,-0.102606,-0.013845
186873300.000,YZJ,handheld,free_gripped_slow_move,recording,-0.084139,4.794097,8.539595,-0.071307,-0.120392,-0.024114
186873310.000,YZJ,handheld,free_gripped_slow_move,recording,-0.044735,4.722336,8.561597,-0.065269,-0.132882,-0.036705
186873320.000,YZJ,handheld,free_gripped_slow_move,recording,-0.025773,4.718412,8.583359,-0.059086,-0.141713,-0.052027
186873330.000,YZJ,handheld,free_gripped_slow_move,recording,-0.062325,4.739912,8.560748,-0.054860,-0.152595,-0.062452
186873340.000,YZJ,handheld,free_gripped_slow_move,recording,-0.123464,4.725358,8.447811,-0.065865,-0.171483,-0.063513
186873350.000,YZJ,handheld,free_gripped_slow_move,recording,-0.134697,4.802656,8.447709,-0.077683,-0.185457,-0.061392
186873360.000,YZJ,handheld,free_gripped_slow_move,recording,-0.178889,4.840259,8.451901,-0.087912,-0.204117,-0.056657
186873370.000,YZJ,handheld,free_gripped_slow_move,recording,-0.150842,4.835541,8.395513,-0.102078,-0.224341,-0.047872
186873380.000,YZJ,handheld,free_gripped_slow_move,recording,-0.128501,4.842718,8.349182,-0.119187,-0.219563,-0.037680
186873390.000,YZJ,handheld,free_gripped_slow_move,recording,-0.123580,4.843560,8.370805,-0.135390,-0.199072,-0.027242
186873400.000,YZJ,handheld,free_gripped_slow_move,recording,-0.093462,4.812983,8.406053,-0.145075,-0.185626,-0.018134
186873410.000,YZJ,handheld,free_gripped_slow_move,recording,-0.121904,4.796838,8.426841,-0.156641,-0.191104,-0.008477
186873420.000,YZJ,handheld,free_gripped_slow_move,recording,-0.099300,4.762459,8.447767,-0.172723,-0.207540,-0.002096
186873430.000,YZJ,handheld,free_gripped_slow_move,recording,-0.063946,4.749212,8.524927,-0.188443,-0.231601,-0.002097
186873440.000,YZJ,handheld,free_gripped_slow_move,recording,-0.081906,4.675814,8.564102,-0.196184,-0.271854,-0.000707
186873450.000,YZJ,handheld,free_gripped_slow_move,recording,-0.079869,4.622935,8.591560,-0.202941,-0.300478,0.001555
186873460.000,YZJ,handheld,free_gripped_slow_move,recording,-0.013981,4.626847,8.608274,-0.206515,-0.318829,0.003258
186873470.000,YZJ,handheld,free_gripped_slow_move,recording,0.060929,4.637588,8.644021,-0.205792,-0.326832,-0.000342
186873480.000,YZJ,handheld,free_gripped_slow_move,recording,0.094839,4.558301,8.684060,-0.202785,-0.315665,-0.002340
186873490.000,YZJ,handheld,free_gripped_slow_move,recording,0.086826,4.592075,8.722856,-0.195297,-0.301469,-0.001844
186873500.000,YZJ,handheld,free_gripped_slow_move,recording,-0.002316,4.575129,8.680727,-0.188957,-0.299991,0.006976
186873510.000,YZJ,handheld,free_gripped_slow_move,recording,0.012725,4.639454,8.650557,-0.192648,-0.308999,0.023683
186873520.000,YZJ,handheld,free_gripped_slow_move,recording,-0.013822,4.628385,8.646545,-0.201054,-0.339593,0.039448
186873530.000,YZJ,handheld,free_gripped_slow_move,recording,0.098883,4.603346,8.660342,-0.206890,-0.386331,0.046931
186873540.000,YZJ,handheld,free_gripped_slow_move,recording,0.117454,4.601230,8.628262,-0.216319,-0.442599,0.053028
186873550.000,YZJ,handheld,free_gripped_slow_move,recording,0.262540,4.554473,8.499222,-0.237607,-0.494569,0.058118
186873560.000,YZJ,handheld,free_gripped_slow_move,recording,0.410771,4.532714,8.411061,-0.277179,-0.555455,0.056251
186873570.000,YZJ,handheld,free_gripped_slow_move,recording,0.539710,4.503720,8.357360,-0.324521,-0.630506,0.044261
186873580.000,YZJ,handheld,free_gripped_slow_move,recording,0.641347,4.436385,8.300881,-0.371173,-0.730542,0.021447
186873590.000,YZJ,handheld,free_gripped_slow_move,recording,0.677382,4.277153,8.284523,-0.422889,-0.845226,-0.010202
186873600.000,YZJ,handheld,free_gripped_slow_move,recording,0.812710,4.278526,8.386385,-0.467703,-0.943473,-0.045517
186873610.000,YZJ,handheld,free_gripped_slow_move,recording,0.836130,4.261106,8.541197,-0.501831,-1.010754,-0.069551
186873620.000,YZJ,handheld,free_gripped_slow_move,recording,0.906852,4.256516,8.778283,-0.516547,-1.059319,-0.079986
186873630.000,YZJ,handheld,free_gripped_slow_move,recording,0.948118,4.197099,8.937575,-0.513951,-1.106679,-0.079647
186873640.000,YZJ,handheld,free_gripped_slow_move,recording,1.011363,4.156395,8.892776,-0.512444,-1.154906,-0.070317
186873650.000,YZJ,handheld,free_gripped_slow_move,recording,1.144563,4.141162,8.839125,-0.522006,-1.191245,-0.070456
186873660.000,YZJ,handheld,free_gripped_slow_move,recording,1.326312,4.094368,8.774567,-0.539653,-1.242206,-0.080154
186873670.000,YZJ,handheld,free_gripped_slow_move,recording,1.412992,4.018418,8.614470,-0.576514,-1.315978,-0.091601
186873680.000,YZJ,handheld,free_gripped_slow_move,recording,1.603302,3.967233,8.567990,-0.623958,-1.395154,-0.109620
186873690.000,YZJ,handheld,free_gripped_slow_move,recording,1.717391,3.904896,8.533017,-0.677561,-1.466431,-0.122256
186873700.000,YZJ,handheld,free_gripped_slow_move,recording,1.857381,3.870818,8.622624,-0.730771,-1.511913,-0.128737
186873710.000,YZJ,handheld,free_gripped_slow_move,recording,1.978684,3.760527,8.798548,-0.767028,-1.527589,-0.132816
186873720.000,YZJ,handheld,free_gripped_slow_move,recording,2.035489,3.671636,9.077610,-0.772177,-1.522228,-0.129702
186873730.000,YZJ,handheld,free_gripped_slow_move,recording,2.052907,3.557138,9.291100,-0.744402,-1.521436,-0.115574
186873740.000,YZJ,handheld,free_gripped_slow_move,recording,2.168176,3.485646,9.341750,-0.701455,-1.494163,-0.103166
186873750.000,YZJ,handheld,free_gripped_slow_move,recording,2.309881,3.377825,9.334649,-0.657737,-1.414438,-0.092599
186873760.000,YZJ,handheld,free_gripped_slow_move,recording,2.415191,3.225850,9.325522,-0.617514,-1.279459,-0.078540
186873770.000,YZJ,handheld,free_gripped_slow_move,recording,2.353093,3.018631,9.242945,-0.583471,-1.122807,-0.047478
186873780.000,YZJ,handheld,free_gripped_slow_move,recording,2.953513,3.394561,9.333661,-0.522104,-1.011479,-0.049953
186873790.000,YZJ,handheld,free_gripped_slow_move,recording,2.946811,3.363188,9.151893,-0.480762,-0.949530,-0.062015
186873800.000,YZJ,handheld,free_gripped_slow_move,recording,2.951250,3.289393,8.983609,-0.463941,-0.928699,-0.070657
186873810.000,YZJ,handheld,free_gripped_slow_move,recording,2.943493,3.284541,8.824228,-0.468245,-0.966498,-0.068885
186873820.000,YZJ,handheld,free_gripped_slow_move,recording,2.928083,3.240547,8.522374,-0.503788,-1.068590,-0.064340
186873830.000,YZJ,handheld,free_gripped_slow_move,recording,3.062345,3.219739,8.281864,-0.571143,-1.192310,-0.071719
186873840.000,YZJ,handheld,free_gripped_slow_move,recording,3.176701,3.191084,8.207726,-0.645008,-1.292402,-0.083951
186873850.000,YZJ,handheld,free_gripped_slow_move,recording,3.267942,3.071715,8.313977,-0.703008,-1.334436,-0.088981
186873860.000,YZJ,handheld,free_gripped_slow_move,recording,3.383071,3.019448,8.610623,-0.720728,-1.323666,-0.090186
186873870.000,YZJ,handheld,free_gripped_slow_move,recording,3.446506,2.953249,8.876392,-0.692524,-1.263286,-0.086483
186873880.000,YZJ,handheld,free_gripped_slow_move,recording,3.451181,2.891631,9.110293,-0.626512,-1.170821,-0.075895
186873890.000,YZJ,handheld,free_gripped_slow_move,recording,3.416771,2.811034,9.259005,-0.540406,-1.062229,-0.048992
186873900.000,YZJ,handheld,free_gripped_slow_move,recording,3.439255,2.797212,9.260953,-0.444986,-0.947373,-0.013284
186873910.000,YZJ,handheld,free_gripped_slow_move,recording,3.525237,2.798793,9.168085,-0.353318,-0.817868,0.021535
186873920.000,YZJ,handheld,free_gripped_slow_move,recording,3.590841,2.774605,9.012156,-0.279331,-0.683601,0.058144
186873930.000,YZJ,handheld,free_gripped_slow_move,recording,3.686606,2.803494,8.826023,-0.220580,-0.560914,0.088071
186873940.000,YZJ,handheld,free_gripped_slow_move,recording,3.758873,2.839863,8.711051,-0.173920,-0.459623,0.108006
186873950.000,YZJ,handheld,free_gripped_slow_move,recording,3.788576,2.781231,8.565566,-0.145803,-0.380274,0.124641
186873960.000,YZJ,handheld,free_gripped_slow_move,recording,3.817294,2.774957,8.478933,-0.126630,-0.304566,0.140657
186873970.000,YZJ,handheld,free_gripped_slow_move,recording,3.853665,2.762533,8.503375,-0.106968,-0.234232,0.158903
186873980.000,YZJ,handheld,free_gripped_slow_move,recording,3.864595,2.722772,8.478887,-0.086491,-0.167747,0.177487
186873990.000,YZJ,handheld,free_gripped_slow_move,recording,3.918896,2.670976,8.441223,-0.075097,-0.102303,0.194795
186874000.000,YZJ,handheld,free_gripped_slow_move,recording,4.007402,2.623684,8.413576,-0.072839,-0.057606,0.208755
186874010.000,YZJ,handheld,free_gripped_slow_move,recording,4.039846,2.609126,8.387166,-0.080024,-0.059417,0.217469
186874020.000,YZJ,handheld,free_gripped_slow_move,recording,4.147618,2.554095,8.365214,-0.093932,-0.071184,0.217269
186874030.000,YZJ,handheld,free_gripped_slow_move,recording,4.229564,2.500860,8.468024,-0.102072,-0.067495,0.214064
186874040.000,YZJ,handheld,free_gripped_slow_move,recording,4.343790,2.473907,8.570954,-0.095212,-0.064187,0.204666
186874050.000,YZJ,handheld,free_gripped_slow_move,recording,4.380056,2.466827,8.585031,-0.086591,-0.066474,0.189935
186874060.000,YZJ,handheld,free_gripped_slow_move,recording,4.328579,2.455877,8.513264,-0.089086,-0.091535,0.181123
186874070.000,YZJ,handheld,free_gripped_slow_move,recording,4.321197,2.425431,8.417179,-0.105121,-0.130956,0.171048
186874080.000,YZJ,handheld,free_gripped_slow_move,recording,4.394008,2.420998,8.478184,-0.119002,-0.143611,0.158805
186874090.000,YZJ,handheld,free_gripped_slow_move,recording,4.399770,2.411939,8.606221,-0.109247,-0.136479,0.150177
186874100.000,YZJ,handheld,free_gripped_slow_move,recording,4.432781,2.407180,8.700319,-0.086942,-0.100085,0.146509
186874110.000,YZJ,handheld,free_gripped_slow_move,recording,4.443951,2.426034,8.757518,-0.053779,-0.042817,0.145385
186874120.000,YZJ,handheld,free_gripped_slow_move,recording,4.417423,2.380911,8.792734,-0.012089,0.010465,0.144897
186874130.000,YZJ,handheld,free_gripped_slow_move,recording,4.415397,2.337527,8.733428,0.021069,0.056732,0.140116
186874140.000,YZJ,handheld,free_gripped_slow_move,recording,4.475183,2.302274,8.602354,0.039376,0.088389,0.128723
186874150.000,YZJ,handheld,free_gripped_slow_move,recording,4.464329,2.260906,8.489486,0.042407,0.106853,0.113021
186874160.000,YZJ,handheld,free_gripped_slow_move,recording,4.390141,2.258248,8.418164,0.030308,0.099882,0.104985
186874170.000,YZJ,handheld,free_gripped_slow_move,recording,4.269496,2.324501,8.290600,-0.001927,0.029863,0.101336
186874180.000,YZJ,handheld,free_gripped_slow_move,recording,4.288125,2.428693,8.228464,-0.054725,-0.082923,0.096435
186874190.000,YZJ,handheld,free_gripped_slow_move,recording,4.318326,2.397259,8.202078,-0.111098,-0.200011,0.086358
186874200.000,YZJ,handheld,free_gripped_slow_move,recording,4.412784,2.378540,8.279626,-0.160189,-0.301788,0.074036
186874210.000,YZJ,handheld,free_gripped_slow_move,recording,4.463651,2.321417,8.515468,-0.180613,-0.342567,0.066923
186874220.000,YZJ,handheld,free_gripped_slow_move,recording,4.526439,2.318112,8.802657,-0.159608,-0.322022,0.068076
186874230.000,YZJ,handheld,free_gripped_slow_move,recording,4.639933,2.277311,8.978352,-0.110615,-0.238393,0.069722
186874240.000,YZJ,handheld,free_gripped_slow_move,recording,4.719722,2.213082,9.106778,-0.039832,-0.102414,0.064071
186874250.000,YZJ,handheld,free_gripped_slow_move,recording,4.779906,2.148211,9.172476,0.048888,0.043065,0.050629
186874260.000,YZJ,handheld,free_gripped_slow_move,recording,4.790154,2.123319,9.063761,0.130829,0.138011,0.027615
186874270.000,YZJ,handheld,free_gripped_slow_move,recording,4.703079,2.132607,8.734622,0.169025,0.147605,0.003469
186874280.000,YZJ,handheld,free_gripped_slow_move,recording,4.541114,2.192154,8.313818,0.155118,0.108414,-0.011697
186874290.000,YZJ,handheld,free_gripped_slow_move,recording,4.437393,2.258918,8.095915,0.106621,0.031180,-0.019741
186874300.000,YZJ,handheld,free_gripped_slow_move,recording,4.409306,2.306288,7.930049,0.039267,-0.064391,-0.025795
186874310.000,YZJ,handheld,free_gripped_slow_move,recording,4.404283,2.353199,7.978647,-0.023902,-0.119862,-0.024122
186874320.000,YZJ,handheld,free_gripped_slow_move,recording,4.371618,2.392285,8.164079,-0.061057,-0.125382,-0.013289
186874330.000,YZJ,handheld,free_gripped_slow_move,recording,4.416800,2.393452,8.432211,-0.064206,-0.090532,-0.001126
186874340.000,YZJ,handheld,free_gripped_slow_move,recording,4.452623,2.365107,8.685391,-0.034751,-0.025496,0.009035
186874350.000,YZJ,handheld,free_gripped_slow_move,recording,4.489832,2.329432,8.779014,0.010929,0.037062,0.013782
186874360.000,YZJ,handheld,free_gripped_slow_move,recording,4.569565,2.325262,8.706782,0.051048,0.084169,0.009791
186874370.000,YZJ,handheld,free_gripped_slow_move,recording,4.635888,2.319785,8.623873,0.077964,0.111721,-0.001141
186874380.000,YZJ,handheld,free_gripped_slow_move,recording,4.630135,2.291382,8.445968,0.085094,0.081532,-0.017105
186874390.000,YZJ,handheld,free_gripped_slow_move,recording,4.639066,2.298937,8.182738,0.058900,0.016343,-0.041676
186874400.000,YZJ,handheld,free_gripped_slow_move,recording,4.581692,2.314365,8.001609,0.008811,-0.047916,-0.060972
186874410.000,YZJ,handheld,free_gripped_slow_move,recording,4.488545,2.308925,7.977530,-0.042824,-0.083102,-0.067007
186874420.000,YZJ,handheld,free_gripped_slow_move,recording,4.437754,2.316854,8.152302,-0.077023,-0.075824,-0.064259
186874430.000,YZJ,handheld,free_gripped_slow_move,recording,4.384561,2.306127,8.448321,-0.075918,-0.042026,-0.055157
186874440.000,YZJ,handheld,free_gripped_slow_move,recording,4.357972,2.364596,8.740899,-0.030640,0.014343,-0.043520
186874450.000,YZJ,handheld,free_gripped_slow_move,recording,4.383849,2.375422,8.897045,0.028323,0.083021,-0.033302
186874460.000,YZJ,handheld,free_gripped_slow_move,recording,4.409131,2.418207,8.882208,0.090304,0.140174,-0.028686
186874470.000,YZJ,handheld,free_gripped_slow_move,recording,4.455386,2.437219,8.660096,0.133205,0.168681,-0.035152
186874480.000,YZJ,handheld,free_gripped_slow_move,recording,4.429582,2.416853,8.338711,0.131173,0.159283,-0.041826
186874490.000,YZJ,handheld,free_gripped_slow_move,recording,4.371555,2.424913,7.961356,0.083032,0.092088,-0.049069
186874500.000,YZJ,handheld,free_gripped_slow_move,recording,4.283410,2.439309,7.686185,-0.001496,0.010346,-0.052141
186874510.000,YZJ,handheld,free_gripped_slow_move,recording,4.179353,2.432376,7.696246,-0.092687,-0.044599,-0.040019
186874520.000,YZJ,handheld,free_gripped_slow_move,recording,4.203395,2.447421,8.019597,-0.152692,-0.058731,-0.022007
186874530.000,YZJ,handheld,free_gripped_slow_move,recording,4.287545,2.409296,8.489684,-0.149869,-0.017140,-0.011997
186874540.000,YZJ,handheld,free_gripped_slow_move,recording,4.325420,2.380235,8.848706,-0.098196,0.075820,-0.001886
186874550.000,YZJ,handheld,free_gripped_slow_move,recording,4.341182,2.361270,9.092815,-0.019865,0.202481,0.006891
186874560.000,YZJ,handheld,free_gripped_slow_move,recording,4.358421,2.363261,9.199289,0.069029,0.320947,0.011252
186874570.000,YZJ,handheld,free_gripped_slow_move,recording,4.343223,2.338934,9.149833,0.155153,0.414318,0.008213
186874580.000,YZJ,handheld,free_gripped_slow_move,recording,4.408377,2.359456,8.928228,0.208181,0.471766,-0.001435
186874590.000,YZJ,handheld,free_gripped_slow_move,recording,4.488059,2.345025,8.629739,0.228077,0.522712,-0.022919
186874600.000,YZJ,handheld,free_gripped_slow_move,recording,4.433407,2.359242,8.334956,0.216186,0.562822,-0.046580
186874610.000,YZJ,handheld,free_gripped_slow_move,recording,4.212000,2.414682,8.045407,0.172608,0.579418,-0.058486
186874620.000,YZJ,handheld,free_gripped_slow_move,recording,3.936109,2.441772,8.024032,0.128672,0.629015,-0.042966
186874630.000,YZJ,handheld,free_gripped_slow_move,recording,3.755563,2.521371,8.099339,0.104322,0.716165,-0.012414
186874640.000,YZJ,handheld,free_gripped_slow_move,recording,3.811756,2.615136,8.361971,0.105855,0.828743,0.007169
186874650.000,YZJ,handheld,free_gripped_slow_move,recording,3.679357,2.592409,8.590659,0.136775,0.974634,0.034144
186874660.000,YZJ,handheld,free_gripped_slow_move,recording,3.532107,2.626206,8.648963,0.178924,1.141275,0.079692
186874670.000,YZJ,handheld,free_gripped_slow_move,recording,3.423175,2.711650,8.541855,0.196149,1.254527,0.122168
186874680.000,YZJ,handheld,free_gripped_slow_move,recording,3.429288,2.727378,8.500350,0.196544,1.294419,0.143542
186874690.000,YZJ,handheld,free_gripped_slow_move,recording,3.524377,2.659163,8.464333,0.176348,1.257276,0.136647
186874700.000,YZJ,handheld,free_gripped_slow_move,recording,3.621059,2.590723,8.525303,0.148804,1.198913,0.104571
186874710.000,YZJ,handheld,free_gripped_slow_move,recording,3.679758,2.528390,8.601560,0.125530,1.158967,0.059692
186874720.000,YZJ,handheld,free_gripped_slow_move,recording,3.399483,2.342773,8.676444,0.108014,1.180209,0.029746
186874730.000,YZJ,handheld,free_gripped_slow_move,recording,3.309982,2.468229,8.829036,0.111581,1.236602,0.025865
186874740.000,YZJ,handheld,free_gripped_slow_move,recording,3.026447,2.627335,8.971205,0.135162,1.285132,0.041548
186874750.000,YZJ,handheld,free_gripped_slow_move,recording,2.896083,2.639268,8.973057,0.145037,1.339874,0.052504
186874760.000,YZJ,handheld,free_gripped_slow_move,recording,2.717405,2.710483,9.027180,0.153512,1.380990,0.063359
186874770.000,YZJ,handheld,free_gripped_slow_move,recording,2.548061,2.704684,8.990162,0.150849,1.381989,0.075057
186874780.000,YZJ,handheld,free_gripped_slow_move,recording,2.420158,2.633918,8.959675,0.129597,1.328003,0.082006
186874790.000,YZJ,handheld,free_gripped_slow_move,recording,2.363837,2.648429,8.926934,0.091606,1.241659,0.081029
186874800.000,YZJ,handheld,free_gripped_slow_move,recording,2.338702,2.681604,8.997105,0.056223,1.176746,0.075155
186874810.000,YZJ,handheld,free_gripped_slow_move,recording,2.233936,2.640105,9.153344,0.036945,1.154837,0.071914
186874820.000,YZJ,handheld,free_gripped_slow_move,recording,2.113069,2.598046,9.378422,0.040311,1.162960,0.069880
186874830.000,YZJ,handheld,free_gripped_slow_move,recording,2.074092,2.567874,9.573625,0.070633,1.210741,0.057628
186874840.000,YZJ,handheld,free_gripped_slow_move,recording,2.022727,2.569550,9.662606,0.117101,1.271169,0.038606
186874850.000,YZJ,handheld,free_gripped_slow_move,recording,1.959361,2.626353,9.694988,0.164073,1.321269,0.016992
186874860.000,YZJ,handheld,free_gripped_slow_move,recording,1.887745,2.689718,9.748744,0.207381,1.383407,-0.002696
186874870.000,YZJ,handheld,free_gripped_slow_move,recording,1.749671,2.696983,9.657812,0.237995,1.431658,-0.024656
186874880.000,YZJ,handheld,free_gripped_slow_move,recording,1.603736,2.713484,9.634550,0.258385,1.442034,-0.050693
186874890.000,YZJ,handheld,free_gripped_slow_move,recording,1.464570,2.717491,9.586103,0.270219,1.429581,-0.077079
186874900.000,YZJ,handheld,free_gripped_slow_move,recording,1.262540,2.692585,9.494386,0.268633,1.408994,-0.100900
186874910.000,YZJ,handheld,free_gripped_slow_move,recording,1.102199,2.722104,9.429940,0.255945,1.361969,-0.127625
186874920.000,YZJ,handheld,free_gripped_slow_move,recording,0.869776,2.750037,9.294536,0.234321,1.277942,-0.151353
186874930.000,YZJ,handheld,free_gripped_slow_move,recording,0.643327,2.792921,9.151627,0.196951,1.188335,-0.161474
186874940.000,YZJ,handheld,free_gripped_slow_move,recording,0.460050,2.861681,9.008635,0.145269,1.135675,-0.156402
186874950.000,YZJ,handheld,free_gripped_slow_move,recording,0.337431,2.917391,8.960072,0.089507,1.134636,-0.143904
186874960.000,YZJ,handheld,free_gripped_slow_move,recording,0.270223,2.979717,8.928296,0.038076,1.148497,-0.134071
186874970.000,YZJ,handheld,free_gripped_slow_move,recording,0.213710,2.996911,8.827659,-0.017863,1.158798,-0.133574
186874980.000,YZJ,handheld,free_gripped_slow_move,recording,0.110854,2.934241,8.732808,-0.085536,1.154481,-0.136263
186874990.000,YZJ,handheld,free_gripped_slow_move,recording,0.025242,2.924208,8.701308,-0.161247,1.125553,-0.140618
186875000.000,YZJ,handheld,free_gripped_slow_move,recording,-0.093169,2.876019,8.738135,-0.237529,1.075555,-0.147124
186875010.000,YZJ,handheld,free_gripped_slow_move,recording,-0.245767,2.863358,8.893044,-0.309548,0.989201,-0.152807
186875020.000,YZJ,handheld,free_gripped_slow_move,recording,-0.436505,2.787685,8.971093,-0.370096,0.887678,-0.157602
186875030.000,YZJ,handheld,free_gripped_slow_move,recording,-0.693508,2.520548,8.892673,-0.437222,0.799383,-0.161763
186875040.000,YZJ,handheld,free_gripped_slow_move,recording,-0.350433,2.963875,9.107455,-0.484241,0.632975,-0.176838
186875050.000,YZJ,handheld,free_gripped_slow_move,recording,-0.491773,2.753736,9.047430,-0.523272,0.426221,-0.196547
186875060.000,YZJ,handheld,free_gripped_slow_move,recording,-0.562779,2.612441,8.990758,-0.573218,0.195152,-0.209266
186875070.000,YZJ,handheld,free_gripped_slow_move,recording,-0.585268,2.560490,8.936091,-0.631191,-0.002828,-0.215538
186875080.000,YZJ,handheld,free_gripped_slow_move,recording,-0.704052,2.632386,9.200714,-0.675843,-0.148100,-0.214837
186875090.000,YZJ,handheld,free_gripped_slow_move,recording,-0.824064,2.644277,9.675607,-0.670245,-0.228268,-0.201685
186875100.000,YZJ,handheld,free_gripped_slow_move,recording,-0.994040,2.455403,10.089970,-0.611525,-0.212458,-0.156983
186875110.000,YZJ,handheld,free_gripped_slow_move,recording,-1.076880,2.321944,10.483295,-0.508191,-0.132175,-0.097618
186875120.000,YZJ,handheld,free_gripped_slow_move,recording,-1.009954,2.251012,10.782248,-0.361880,-0.035642,-0.042654
186875130.000,YZJ,handheld,free_gripped_slow_move,recording,-0.868153,2.248396,10.959629,-0.191268,0.052361,-0.008452
186875140.000,YZJ,handheld,free_gripped_slow_move,recording,-0.760136,2.203252,10.863382,-0.029756,0.135410,0.012139
186875150.000,YZJ,handheld,free_gripped_slow_move,recording,-0.759720,2.143404,10.586934,0.091781,0.193576,0.029147
186875160.000,YZJ,handheld,free_gripped_slow_move,recording,-0.680874,2.168897,10.203232,0.160741,0.216443,0.037292
186875170.000,YZJ,handheld,free_gripped_slow_move,recording,-0.644045,2.159852,9.837111,0.180585,0.214532,0.036141
186875180.000,YZJ,handheld,free_gripped_slow_move,recording,-0.612527,2.213919,9.580660,0.169262,0.206393,0.027440
186875190.000,YZJ,handheld,free_gripped_slow_move,recording,-0.670495,2.259753,9.377267,0.140088,0.181709,0.014742
186875200.000,YZJ,handheld,free_gripped_slow_move,recording,-0.707286,2.333977,9.263160,0.096445,0.143103,0.008170
186875210.000,YZJ,handheld,free_gripped_slow_move,recording,-0.778374,2.413236,9.269299,0.049686,0.118690,0.006256
186875220.000,YZJ,handheld,free_gripped_slow_move,recording,-0.852649,2.415108,9.383074,0.012888,0.127460,0.018381
186875230.000,YZJ,handheld,free_gripped_slow_move,recording,-0.884939,2.396136,9.485879,-0.000711,0.139201,0.040041
186875240.000,YZJ,handheld,free_gripped_slow_move,recording,-0.838403,2.384353,9.615598,0.001904,0.155929,0.054403
186875250.000,YZJ,handheld,free_gripped_slow_move,recording,-0.793979,2.376673,9.698619,0.014013,0.157030,0.060361
186875260.000,YZJ,handheld,free_gripped_slow_move,recording,-0.735188,2.334825,9.733288,0.035165,0.133284,0.059132
186875270.000,YZJ,handheld,free_gripped_slow_move,recording,-0.661114,2.332963,9.730895,0.055092,0.116271,0.047404
186875280.000,YZJ,handheld,free_gripped_slow_move,recording,-0.636568,2.333103,9.699205,0.072052,0.111067,0.032161
186875290.000,YZJ,handheld,free_gripped_slow_move,recording,-0.667569,2.294780,9.642393,0.091604,0.112529,0.022575
186875300.000,YZJ,handheld,free_gripped_slow_move,recording,-0.683751,2.325156,9.582945,0.108981,0.107337,0.014000
186875310.000,YZJ,handheld,free_gripped_slow_move,recording,-0.685661,2.337021,9.494438,0.117707,0.094593,0.003658
186875320.000,YZJ,handheld,free_gripped_slow_move,recording,-0.714897,2.365116,9.396739,0.118141,0.094378,-0.000445
186875330.000,YZJ,handheld,free_gripped_slow_move,recording,-0.735301,2.412153,9.312661,0.107845,0.103372,0.002262
186875340.000,YZJ,handheld,free_gripped_slow_move,recording,-0.766601,2.391942,9.225716,0.089557,0.118733,0.006678
186875350.000,YZJ,handheld,free_gripped_slow_move,recording,-0.760978,2.462684,9.233820,0.069083,0.132459,0.013214
186875360.000,YZJ,handheld,free_gripped_slow_move,recording,-0.755452,2.429923,9.229575,0.051247,0.144007,0.018625
186875370.000,YZJ,handheld,free_gripped_slow_move,recording,-0.767262,2.437337,9.256863,0.037877,0.159192,0.021967
186875380.000,YZJ,handheld,free_gripped_slow_move,recording,-0.790521,2.429362,9.339031,0.028425,0.167265,0.024266
186875390.000,YZJ,handheld,free_gripped_slow_move,recording,-0.814232,2.461240,9.458215,0.031250,0.163129,0.023270
186875400.000,YZJ,handheld,free_gripped_slow_move,recording,-0.788879,2.466093,9.542045,0.040387,0.152976,0.019682
186875410.000,YZJ,handheld,free_gripped_slow_move,recording,-0.754150,2.458704,9.562981,0.053455,0.143647,0.012619
186875420.000,YZJ,handheld,free_gripped_slow_move,recording,-0.758536,2.422099,9.550022,0.065151,0.144211,0.004168
186875430.000,YZJ,handheld,free_gripped_slow_move,recording,-0.756661,2.398768,9.546596,0.072362,0.156274,-0.000251
186875440.000,YZJ,handheld,free_gripped_slow_move,recording,-0.745723,2.374905,9.558501,0.077573,0.158350,-0.010822
186875450.000,YZJ,handheld,free_gripped_slow_move,recording,-0.732917,2.384177,9.570509,0.085599,0.148311,-0.028011
186875460.000,YZJ,handheld,free_gripped_slow_move,recording,-0.780674,2.397709,9.563069,0.089285,0.116074,-0.044626
186875470.000,YZJ,handheld,free_gripped_slow_move,recording,-0.828925,2.453179,9.533489,0.091145,0.069507,-0.059840
186875480.000,YZJ,handheld,free_gripped_slow_move,recording,-0.871185,2.488044,9.535864,0.092424,0.035635,-0.069670
186875490.000,YZJ,handheld,free_gripped_slow_move,recording,-0.965448,2.486382,9.500569,0.094480,0.031766,-0.070328
186875500.000,YZJ,handheld,free_gripped_slow_move,recording,-1.052924,2.508990,9.456722,0.098201,0.063511,-0.057358
186875510.000,YZJ,handheld,free_gripped_slow_move,recording,-1.127117,2.524265,9.417295,0.098937,0.111396,-0.034829
186875520.000,YZJ,handheld,free_gripped_slow_move,recording,-1.140986,2.555102,9.419547,0.097071,0.140455,-0.014660
186875530.000,YZJ,handheld,free_gripped_slow_move,recording,-1.099331,2.564848,9.400722,0.093906,0.143956,-0.004446
186875540.000,YZJ,handheld,free_gripped_slow_move,recording,-1.040646,2.546820,9.376928,0.085907,0.145063,-0.004761
186875550.000,YZJ,handheld,free_gripped_slow_move,recording,-1.018039,2.580289,9.364882,0.078766,0.140203,-0.011345
186875560.000,YZJ,handheld,free_gripped_slow_move,recording,-1.009851,2.604374,9.420101,0.076625,0.138124,-0.019111
186875570.000,YZJ,handheld,free_gripped_slow_move,recording,-1.066096,2.619235,9.521560,0.088962,0.146389,-0.021029
186875580.000,YZJ,handheld,free_gripped_slow_move,recording,-1.152891,2.627427,9.648218,0.122095,0.157146,-0.015087
186875590.000,YZJ,handheld,free_gripped_slow_move,recording,-1.183601,2.588279,9.658776,0.163156,0.183081,-0.011132
186875600.000,YZJ,handheld,free_gripped_slow_move,recording,-1.182795,2.620543,9.644208,0.200741,0.232114,-0.004592
186875610.000,YZJ,handheld,free_gripped_slow_move,recording,-1.234816,2.604909,9.511023,0.229267,0.290901,0.006194
186875620.000,YZJ,handheld,free_gripped_slow_move,recording,-1.321966,2.639681,9.419211,0.243698,0.347204,0.026257
186875630.000,YZJ,handheld,free_gripped_slow_move,recording,-1.340907,2.713410,9.401192,0.249012,0.382223,0.042436
186875640.000,YZJ,handheld,free_gripped_slow_move,recording,-1.359573,2.740274,9.508408,0.259728,0.386664,0.054585
186875650.000,YZJ,handheld,free_gripped_slow_move,recording,-1.229991,2.883999,9.860978,0.295767,0.411692,0.054635
186875660.000,YZJ,handheld,free_gripped_slow_move,recording,-1.192060,2.833588,10.176138,0.368288,0.454892,0.055652
186875670.000,YZJ,handheld,free_gripped_slow_move,recording,-1.336583,2.726487,10.225573,0.467303,0.506356,0.065776
186875680.000,YZJ,handheld,free_gripped_slow_move,recording,-1.253469,2.849211,10.306962,0.562308,0.600617,0.072014
186875690.000,YZJ,handheld,free_gripped_slow_move,recording,-1.300705,2.801538,10.316521,0.649832,0.709088,0.080214
186875700.000,YZJ,handheld,free_gripped_slow_move,recording,-1.391268,2.869871,10.256933,0.728281,0.830262,0.091159
186875710.000,YZJ,handheld,free_gripped_slow_move,recording,-1.423320,2.993096,9.982686,0.767745,0.923194,0.096138
186875720.000,YZJ,handheld,free_gripped_slow_move,recording,-1.735212,2.993145,9.721309,0.765568,0.982017,0.114680
186875730.000,YZJ,handheld,free_gripped_slow_move,recording,-2.043344,2.844740,9.401526,0.710066,1.122803,0.136701
186875740.000,YZJ,handheld,free_gripped_slow_move,recording,-2.093142,3.068142,9.113328,0.598896,1.304465,0.166125
186875750.000,YZJ,handheld,free_gripped_slow_move,recording,-2.249181,3.144676,8.810055,0.469952,1.434757,0.222817
186875760.000,YZJ,handheld,free_gripped_slow_move,recording,-2.273385,3.213071,8.659672,0.350944,1.508498,0.269816
186875770.000,YZJ,handheld,free_gripped_slow_move,recording,-2.222736,3.194297,8.452373,0.240793,1.508365,0.295594
186875780.000,YZJ,handheld,free_gripped_slow_move,recording,-2.249159,3.201028,8.276424,0.146834,1.411304,0.300606
186875790.000,YZJ,handheld,free_gripped_slow_move,recording,-2.185473,3.262653,8.105846,0.070250,1.260751,0.279555
186875800.000,YZJ,handheld,free_gripped_slow_move,recording,-2.121280,3.423957,8.189947,-0.007786,1.171098,0.241121
186875810.000,YZJ,handheld,free_gripped_slow_move,recording,-2.243441,3.315839,8.361753,-0.078033,1.137741,0.202967
186875820.000,YZJ,handheld,free_gripped_slow_move,recording,-2.442217,3.251679,8.442663,-0.122617,1.077717,0.176980
186875830.000,YZJ,handheld,free_gripped_slow_move,recording,-2.659143,3.291643,8.516812,-0.135282,0.971223,0.158217
186875840.000,YZJ,handheld,free_gripped_slow_move,recording,-2.657323,3.352934,8.547259,-0.137808,0.847474,0.131361
186875850.000,YZJ,handheld,free_gripped_slow_move,recording,-2.695148,3.341711,8.577517,-0.133655,0.766119,0.098972
186875860.000,YZJ,handheld,free_gripped_slow_move,recording,-2.806834,3.314198,8.753441,-0.120629,0.760022,0.084472
186875870.000,YZJ,handheld,free_gripped_slow_move,recording,-2.949428,3.239334,8.780711,-0.107178,0.790781,0.086920
186875880.000,YZJ,handheld,free_gripped_slow_move,recording,-3.175882,3.308071,8.959764,-0.084242,0.844793,0.116171
186875890.000,YZJ,handheld,free_gripped_slow_move,recording,-3.519331,3.228645,8.801303,-0.059708,0.849418,0.173496
186875900.000,YZJ,handheld,free_gripped_slow_move,recording,-3.506323,3.298152,8.632292,-0.040134,0.816895,0.216237
186875910.000,YZJ,handheld,free_gripped_slow_move,recording,-3.286712,3.405599,8.490723,-0.032848,0.813022,0.216260
186875920.000,YZJ,handheld,free_gripped_slow_move,recording,-3.267533,3.344536,8.543277,-0.027683,0.850178,0.206028
186875930.000,YZJ,handheld,free_gripped_slow_move,recording,-3.402374,3.231634,8.555585,-0.011346,0.870491,0.200040
186875940.000,YZJ,handheld,free_gripped_slow_move,recording,-3.321773,3.229691,8.625575,0.006596,0.853557,0.179868
186875950.000,YZJ,handheld,free_gripped_slow_move,recording,-3.311145,3.269715,8.541558,0.018432,0.810117,0.157870
186875960.000,YZJ,handheld,free_gripped_slow_move,recording,-3.392948,3.244708,8.422415,0.031821,0.715044,0.135313
186875970.000,YZJ,handheld,free_gripped_slow_move,recording,-3.333483,3.338157,8.175118,0.046884,0.575959,0.087805
186875980.000,YZJ,handheld,free_gripped_slow_move,recording,-3.178409,3.550697,8.104653,0.052858,0.510091,0.020252
186875990.000,YZJ,handheld,free_gripped_slow_move,recording,-3.346202,3.484442,7.929977,0.026287,0.508114,-0.018917
186876000.000,YZJ,handheld,free_gripped_slow_move,recording,-3.654492,3.397298,7.816727,-0.007493,0.504469,-0.023663
186876010.000,YZJ,handheld,free_gripped_slow_move,recording,-3.866644,3.498159,7.966574,-0.017454,0.496932,-0.013911
186876020.000,YZJ,handheld,free_gripped_slow_move,recording,-3.912629,3.551173,8.147771,0.006286,0.447069,-0.023819
186876030.000,YZJ,handheld,free_gripped_slow_move,recording,-3.859669,3.661318,8.218816,0.042559,0.395828,-0.056393
186876040.000,YZJ,handheld,free_gripped_slow_move,recording,-3.869115,3.679578,8.128693,0.065038,0.380079,-0.085143
186876050.000,YZJ,handheld,free_gripped_slow_move,recording,-4.010104,3.489028,7.894035,0.062972,0.375122,-0.078933
186876060.000,YZJ,handheld,free_gripped_slow_move,recording,-4.109712,3.385600,7.716646,0.052826,0.350532,-0.049349
186876070.000,YZJ,handheld,free_gripped_slow_move,recording,-4.064843,3.520869,7.737050,0.053077,0.315832,-0.035370
186876080.000,YZJ,handheld,free_gripped_slow_move,recording,-4.165052,3.638869,7.877652,0.064347,0.324389,-0.023027
186876090.000,YZJ,handheld,free_gripped_slow_move,recording,-4.333630,3.622010,7.837403,0.073045,0.330249,-0.002678
186876100.000,YZJ,handheld,free_gripped_slow_move,recording,-4.313541,3.650964,7.786664,0.080472,0.320007,0.008870
186876110.000,YZJ,handheld,free_gripped_slow_move,recording,-4.152347,3.692760,7.762592,0.087994,0.312950,0.004883
186876120.000,YZJ,handheld,free_gripped_slow_move,recording,-4.146611,3.639082,7.776584,0.090359,0.310796,-0.004341
186876130.000,YZJ,handheld,free_gripped_slow_move,recording,-4.105602,3.643684,7.728217,0.085036,0.312109,-0.020116
186876140.000,YZJ,handheld,free_gripped_slow_move,recording,-4.155076,3.651272,7.722197,0.084540,0.282920,-0.038864
186876150.000,YZJ,handheld,free_gripped_slow_move,recording,-4.168927,3.751905,7.695899,0.089311,0.228307,-0.067466
186876160.000,YZJ,handheld,free_gripped_slow_move,recording,-4.189293,3.807363,7.651856,0.077885,0.193522,-0.092669
186876170.000,YZJ,handheld,free_gripped_slow_move,recording,-4.365743,3.745284,7.512916,0.045606,0.155178,-0.105818
186876180.000,YZJ,handheld,free_gripped_slow_move,recording,-4.484427,3.751110,7.451773,0.005582,0.097710,-0.110580
186876190.000,YZJ,handheld,free_gripped_slow_move,recording,-4.720822,3.737033,7.577593,-0.028674,0.065255,-0.095019
186876200.000,YZJ,handheld,free_gripped_slow_move,recording,-4.793994,3.659762,7.669564,-0.063672,0.036654,-0.067410
186876210.000,YZJ,handheld,free_gripped_slow_move,recording,-4.705025,3.605305,7.758507,-0.085224,0.021471,-0.045812
186876220.000,YZJ,handheld,free_gripped_slow_move,recording,-4.668193,3.534163,7.929091,-0.080655,0.006744,-0.035555
186876230.000,YZJ,handheld,free_gripped_slow_move,recording,-4.647102,3.532099,8.104611,-0.056239,-0.002393,-0.030366
186876240.000,YZJ,handheld,free_gripped_slow_move,recording,-4.701498,3.557088,8.175496,-0.030198,0.013552,-0.009544
186876250.000,YZJ,handheld,free_gripped_slow_move,recording,-4.732370,3.500961,8.154710,-0.009888,0.033821,0.019679
186876260.000,YZJ,handheld,free_gripped_slow_move,recording,-4.768682,3.519641,8.263541,0.003240,0.102991,0.058549
186876270.000,YZJ,handheld,free_gripped_slow_move,recording,-4.877105,3.433285,8.376405,0.021540,0.189256,0.114258
186876280.000,YZJ,handheld,free_gripped_slow_move,recording,-4.878221,3.371293,8.428699,0.054887,0.263263,0.173240
186876290.000,YZJ,handheld,free_gripped_slow_move,recording,-4.809076,3.337717,8.426019,0.080240,0.335784,0.223414
186876300.000,YZJ,handheld,free_gripped_slow_move,recording,-4.751620,3.347429,8.216461,0.094541,0.358400,0.254275
186876310.000,YZJ,handheld,free_gripped_slow_move,recording,-4.577571,3.429937,8.073672,0.102308,0.338320,0.260607
186876320.000,YZJ,handheld,free_gripped_slow_move,recording,-4.371514,3.430910,7.935292,0.095270,0.297734,0.232697
186876330.000,YZJ,handheld,free_gripped_slow_move,recording,-4.224298,3.465928,7.751785,0.074526,0.244903,0.178402
186876340.000,YZJ,handheld,free_gripped_slow_move,recording,-4.199842,3.504312,7.687409,0.049440,0.180353,0.124546
186876350.000,YZJ,handheld,free_gripped_slow_move,recording,-4.282885,3.559447,7.685632,0.024450,0.114085,0.077089
186876360.000,YZJ,handheld,free_gripped_slow_move,recording,-4.505694,3.635356,7.882904,0.017095,0.090276,0.066986
186876370.000,YZJ,handheld,free_gripped_slow_move,recording,-4.652694,3.563615,7.972085,0.027756,0.101681,0.087436
186876380.000,YZJ,handheld,free_gripped_slow_move,recording,-4.611073,3.540784,8.059912,0.045241,0.162868,0.122036
186876390.000,YZJ,handheld,free_gripped_slow_move,recording,-4.626036,3.497440,8.002645,0.059649,0.227519,0.166066
186876400.000,YZJ,handheld,free_gripped_slow_move,recording,-4.574239,3.598404,7.884006,0.064125,0.257694,0.197770
186876410.000,YZJ,handheld,free_gripped_slow_move,recording,-4.600242,3.664511,7.916070,0.068391,0.271854,0.209964
186876420.000,YZJ,handheld,free_gripped_slow_move,recording,-4.682303,3.674208,7.936542,0.073883,0.266268,0.218619
186876430.000,YZJ,handheld,free_gripped_slow_move,recording,-4.594480,3.689957,7.878070,0.080236,0.232213,0.212083
186876440.000,YZJ,handheld,free_gripped_slow_move,recording,-4.455119,3.732252,7.830163,0.081675,0.187173,0.184783
186876450.000,YZJ,handheld,free_gripped_slow_move,recording,-4.295842,3.763232,7.656921,0.069616,0.114355,0.138839
186876460.000,YZJ,handheld,free_gripped_slow_move,recording,-4.139450,3.812724,7.460278,0.044902,0.014341,0.070048
186876470.000,YZJ,handheld,free_gripped_slow_move,recording,-4.099661,3.834878,7.378672,0.007295,-0.073578,0.000345
186876480.000,YZJ,handheld,free_gripped_slow_move,recording,-4.141046,3.770154,7.315896,-0.040548,-0.134753,-0.061031
186876490.000,YZJ,handheld,free_gripped_slow_move,recording,-4.243553,3.706733,7.402003,-0.084701,-0.167387,-0.099832
186876500.000,YZJ,handheld,free_gripped_slow_move,recording,-4.435868,3.648009,7.699502,-0.096289,-0.160403,-0.103017
186876510.000,YZJ,handheld,free_gripped_slow_move,recording,-4.712722,3.572528,8.043001,-0.066765,-0.108721,-0.070013
186876520.000,YZJ,handheld,free_gripped_slow_move,recording,-4.870839,3.535867,8.307971,-0.008941,-0.023564,-0.012900
186876530.000,YZJ,handheld,free_gripped_slow_move,recording,-4.974491,3.533142,8.365587,0.056424,0.056375,0.054876
186876540.000,YZJ,handheld,free_gripped_slow_move,recording,-4.884734,3.624737,8.279413,0.120629,0.109897,0.107310
186876550.000,YZJ,handheld,free_gripped_slow_move,recording,-4.743709,3.704015,8.050956,0.155970,0.120550,0.129636
186876560.000,YZJ,handheld,free_gripped_slow_move,recording,-4.467216,3.780348,7.682679,0.150298,0.081294,0.111270
186876570.000,YZJ,handheld,free_gripped_slow_move,recording,-4.203139,3.888868,7.382101,0.107567,-0.000195,0.055629
186876580.000,YZJ,handheld,free_gripped_slow_move,recording,-4.187652,3.937789,7.237768,0.046401,-0.110121,-0.018015
186876590.000,YZJ,handheld,free_gripped_slow_move,recording,-4.154541,3.941733,7.191394,-0.018424,-0.243357,-0.096884
186876600.000,YZJ,handheld,free_gripped_slow_move,recording,-4.198754,3.923334,7.317144,-0.067889,-0.357867,-0.167006
186876610.000,YZJ,handheld,free_gripped_slow_move,recording,-4.362769,3.830721,7.570199,-0.092612,-0.426083,-0.207905
186876620.000,YZJ,handheld,free_gripped_slow_move,recording,-4.485435,3.670463,7.779686,-0.091002,-0.444182,-0.223840
186876630.000,YZJ,handheld,free_gripped_slow_move,recording,-4.512130,3.602091,8.034004,-0.061998,-0.392488,-0.225777
186876640.000,YZJ,handheld,free_gripped_slow_move,recording,-4.540691,3.475397,8.223308,-0.025649,-0.258674,-0.201894
186876650.000,YZJ,handheld,free_gripped_slow_move,recording,-4.740822,3.368096,8.305921,0.017377,-0.112107,-0.146251
186876660.000,YZJ,handheld,free_gripped_slow_move,recording,-4.892942,3.416886,8.392313,0.077258,0.042688,-0.067866
186876670.000,YZJ,handheld,free_gripped_slow_move,recording,-4.953760,3.496063,8.352936,0.144629,0.158113,0.011221
186876680.000,YZJ,handheld,free_gripped_slow_move,recording,-4.841779,3.668651,8.232194,0.211195,0.225403,0.069693
186876690.000,YZJ,handheld,free_gripped_slow_move,recording,-4.716849,3.828770,8.072232,0.260858,0.229370,0.098249
186876700.000,YZJ,handheld,free_gripped_slow_move,recording,-4.550094,3.837125,7.820656,0.280961,0.177399,0.099333
186876710.000,YZJ,handheld,free_gripped_slow_move,recording,-4.490315,3.932520,7.681226,0.269233,0.103772,0.083634
186876720.000,YZJ,handheld,free_gripped_slow_move,recording,-4.518167,3.942018,7.563909,0.236057,0.015499,0.059807
186876730.000,YZJ,handheld,free_gripped_slow_move,recording,-4.462195,3.934185,7.526330,0.196847,-0.091919,0.026147
186876740.000,YZJ,handheld,free_gripped_slow_move,recording,-4.452940,3.964611,7.580626,0.162736,-0.190566,-0.009009
186876750.000,YZJ,handheld,free_gripped_slow_move,recording,-4.454575,3.951745,7.609585,0.138759,-0.288946,-0.048369
186876760.000,YZJ,handheld,free_gripped_slow_move,recording,-4.379338,3.922171,7.633079,0.119529,-0.351807,-0.087520
186876770.000,YZJ,handheld,free_gripped_slow_move,recording,-4.382089,3.854081,7.685150,0.095765,-0.347559,-0.108995
186876780.000,YZJ,handheld,free_gripped_slow_move,recording,-4.451899,3.762286,7.747580,0.079127,-0.298281,-0.104494
186876790.000,YZJ,handheld,free_gripped_slow_move,recording,-4.529225,3.755810,7.910943,0.079866,-0.233168,-0.077082
186876800.000,YZJ,handheld,free_gripped_slow_move,recording,-4.597978,3.752971,8.029735,0.105871,-0.162934,-0.036112
186876810.000,YZJ,handheld,free_gripped_slow_move,recording,-4.557705,3.767908,8.156193,0.149582,-0.083398,0.003634
186876820.000,YZJ,handheld,free_gripped_slow_move,recording,-4.483299,3.765482,8.080931,0.182574,-0.039557,0.032909
186876830.000,YZJ,handheld,free_gripped_slow_move,recording,-4.408847,3.867790,7.843552,0.184663,-0.027586,0.052912
186876840.000,YZJ,handheld,free_gripped_slow_move,recording,-4.336816,3.937279,7.668905,0.158240,-0.029278,0.065144
186876850.000,YZJ,handheld,free_gripped_slow_move,recording,-4.312409,3.925746,7.455509,0.111834,-0.057416,0.065330
186876860.000,YZJ,handheld,free_gripped_slow_move,recording,-4.308368,4.013250,7.450957,0.065832,-0.092567,0.058009
186876870.000,YZJ,handheld,free_gripped_slow_move,recording,-4.339614,4.052248,7.511969,0.029533,-0.138996,0.048991
186876880.000,YZJ,handheld,free_gripped_slow_move,recording,-4.327869,4.026323,7.665108,0.005324,-0.170211,0.036804
186876890.000,YZJ,handheld,free_gripped_slow_move,recording,-4.234409,3.929185,7.913192,0.002039,-0.172657,0.021029
186876900.000,YZJ,handheld,free_gripped_slow_move,recording,-4.203970,3.831865,8.149076,0.028660,-0.172761,0.009057
186876910.000,YZJ,handheld,free_gripped_slow_move,recording,-4.131647,3.836354,8.317422,0.080049,-0.171220,0.003009
186876920.000,YZJ,handheld,free_gripped_slow_move,recording,-4.095335,3.767303,8.482450,0.144654,-0.150537,-0.001504
186876930.000,YZJ,handheld,free_gripped_slow_move,recording,-4.131163,3.729488,8.508392,0.207897,-0.138052,-0.003432
186876940.000,YZJ,handheld,free_gripped_slow_move,recording,-4.185605,3.806358,8.484971,0.264615,-0.142983,-0.004151
186876950.000,YZJ,handheld,free_gripped_slow_move,recording,-4.129771,3.812419,8.206798,0.301104,-0.164908,-0.010853
186876960.000,YZJ,handheld,free_gripped_slow_move,recording,-4.020139,3.881877,7.887304,0.309567,-0.195404,-0.030838
186876970.000,YZJ,handheld,free_gripped_slow_move,recording,-3.977970,3.980725,7.696518,0.296692,-0.218372,-0.060020
186876980.000,YZJ,handheld,free_gripped_slow_move,recording,-3.982519,4.059216,7.488238,0.263547,-0.246255,-0.088609
186876990.000,YZJ,handheld,free_gripped_slow_move,recording,-4.024223,4.148190,7.331816,0.212900,-0.290134,-0.110336
186877000.000,YZJ,handheld,free_gripped_slow_move,recording,-3.993127,4.210654,7.287953,0.141964,-0.330816,-0.129229
186877010.000,YZJ,handheld,free_gripped_slow_move,recording,-4.023637,4.225143,7.274822,0.061037,-0.367238,-0.139924
186877020.000,YZJ,handheld,free_gripped_slow_move,recording,-4.026747,4.212933,7.393392,-0.006529,-0.402960,-0.141787
186877030.000,YZJ,handheld,free_gripped_slow_move,recording,-3.976406,4.169552,7.613324,-0.054072,-0.405175,-0.140565
186877040.000,YZJ,handheld,free_gripped_slow_move,recording,-4.038330,4.065908,7.826340,-0.072867,-0.377123,-0.135120
186877050.000,YZJ,handheld,free_gripped_slow_move,recording,-4.130337,4.037489,8.066522,-0.057565,-0.346740,-0.117894
186877060.000,YZJ,handheld,free_gripped_slow_move,recording,-4.159413,4.001723,8.197918,-0.015741,-0.322575,-0.095806
186877070.000,YZJ,handheld,free_gripped_slow_move,recording,-4.156693,3.953061,8.239757,0.037562,-0.297669,-0.075482
186877080.000,YZJ,handheld,free_gripped_slow_move,recording,-4.125360,3.988055,8.171336,0.086977,-0.272046,-0.059019
186877090.000,YZJ,handheld,free_gripped_slow_move,recording,-4.097611,4.023921,8.034927,0.118840,-0.274002,-0.048787
186877100.000,YZJ,handheld,free_gripped_slow_move,recording,-4.066989,4.123897,7.909494,0.136407,-0.316665,-0.046639
186877110.000,YZJ,handheld,free_gripped_slow_move,recording,-3.965655,4.205532,7.791552,0.139697,-0.386166,-0.057265
186877120.000,YZJ,handheld,free_gripped_slow_move,recording,-3.867521,4.222976,7.684713,0.130078,-0.494421,-0.082470
186877130.000,YZJ,handheld,free_gripped_slow_move,recording,-3.773301,4.241902,7.644698,0.115923,-0.626026,-0.117270
186877140.000,YZJ,handheld,free_gripped_slow_move,recording,-3.701789,4.275222,7.651888,0.103731,-0.769132,-0.159576
186877150.000,YZJ,handheld,free_gripped_slow_move,recording,-3.626262,4.280969,7.686914,0.096369,-0.931591,-0.205952
186877160.000,YZJ,handheld,free_gripped_slow_move,recording,-3.545380,4.261287,7.740281,0.094820,-1.102303,-0.255203
186877170.000,YZJ,handheld,free_gripped_slow_move,recording,-3.418029,4.237471,7.839017,0.107984,-1.281201,-0.305386
186877180.000,YZJ,handheld,free_gripped_slow_move,recording,-3.400578,4.166341,7.974221,0.134958,-1.443963,-0.350193
186877190.000,YZJ,handheld,free_gripped_slow_move,recording,-3.346135,4.062251,8.108186,0.174289,-1.565735,-0.383159
186877200.000,YZJ,handheld,free_gripped_slow_move,recording,-3.319735,3.988912,8.313454,0.230995,-1.624667,-0.398489
186877210.000,YZJ,handheld,free_gripped_slow_move,recording,-3.323337,3.946966,8.534104,0.307150,-1.635531,-0.401017
186877220.000,YZJ,handheld,free_gripped_slow_move,recording,-3.291809,3.944182,8.736877,0.402941,-1.642395,-0.395006
186877230.000,YZJ,handheld,free_gripped_slow_move,recording,-3.150333,3.978109,8.795952,0.512345,-1.701052,-0.388533
186877240.000,YZJ,handheld,free_gripped_slow_move,recording,-2.983607,4.057370,8.768312,0.633351,-1.823560,-0.387023
186877250.000,YZJ,handheld,free_gripped_slow_move,recording,-2.848414,4.084742,8.743083,0.753365,-1.978985,-0.391122
186877260.000,YZJ,handheld,free_gripped_slow_move,recording,-2.750207,4.091158,8.693521,0.808236,-2.030676,-0.387320
186877270.000,YZJ,handheld,free_gripped_slow_move,recording,-2.671935,4.160756,8.359044,0.724968,-1.834310,-0.344624
186877280.000,YZJ,handheld,free_gripped_slow_move,recording,-2.686425,4.297187,7.696481,0.424704,-1.275554,-0.234655
186877290.000,YZJ,handheld,free_gripped_slow_move,recording,-2.576034,4.523813,7.204435,0.016345,-0.584574,-0.075974
186877300.000,YZJ,handheld,free_gripped_slow_move,recording,-2.551092,4.595814,7.497645,-0.267054,-0.140299,0.066017
186877310.000,YZJ,handheld,free_gripped_slow_move,recording,-2.385776,4.474158,8.186592,-0.338587,-0.045495,0.136673
186877320.000,YZJ,handheld,free_gripped_slow_move,recording,-2.005900,4.342194,8.780461,-0.276906,-0.126989,0.123857
186877330.000,YZJ,handheld,free_gripped_slow_move,recording,-1.757817,4.339562,8.989453,-0.197892,-0.187756,0.072194
186877340.000,YZJ,handheld,free_gripped_slow_move,recording,-1.815735,4.315226,8.881364,-0.170283,-0.182732,0.046199
186877350.000,YZJ,handheld,free_gripped_slow_move,recording,-1.975521,4.309906,8.811559,-0.179744,-0.152698,0.056120
186877360.000,YZJ,handheld,free_gripped_slow_move,recording,-1.990811,4.271654,8.799512,-0.192546,-0.139636,0.072940
186877370.000,YZJ,handheld,free_gripped_slow_move,recording,-1.894752,4.203107,8.854030,-0.193136,-0.161518,0.071175
186877380.000,YZJ,handheld,free_gripped_slow_move,recording,-1.772497,4.122567,8.882902,-0.176703,-0.197483,0.050771
186877390.000,YZJ,handheld,free_gripped_slow_move,recording,-1.739274,4.052842,8.926446,-0.155044,-0.217923,0.029357
186877400.000,YZJ,handheld,free_gripped_slow_move,recording,-1.683322,3.983119,8.910034,-0.131696,-0.213856,0.011909
186877410.000,YZJ,handheld,free_gripped_slow_move,recording,-1.688913,3.998952,8.924877,-0.106161,-0.184627,-0.000290
186877420.000,YZJ,handheld,free_gripped_slow_move,recording,-1.732555,4.016005,8.907461,-0.081703,-0.141212,-0.009177
186877430.000,YZJ,handheld,free_gripped_slow_move,recording,-1.783316,4.077913,8.938333,-0.056003,-0.097073,-0.010548
186877440.000,YZJ,handheld,free_gripped_slow_move,recording,-1.865742,4.099573,8.915208,-0.028002,-0.063081,-0.003033
186877450.000,YZJ,handheld,free_gripped_slow_move,recording,-1.887953,4.180816,8.817855,-0.005384,-0.045933,0.009692
186877460.000,YZJ,handheld,free_gripped_slow_move,recording,-1.852937,4.209573,8.721498,0.004938,-0.023898,0.019973
186877470.000,YZJ,handheld,free_gripped_slow_move,recording,-1.782479,4.215885,8.625355,0.005564,-0.002166,0.024167
186877480.000,YZJ,handheld,free_gripped_slow_move,recording,-1.742440,4.216971,8.538029,-0.002870,0.010664,0.023534
186877490.000,YZJ,handheld,free_gripped_slow_move,recording,-1.755897,4.198327,8.530897,-0.011063,0.028108,0.021358
186877500.000,YZJ,handheld,free_gripped_slow_move,recording,-1.778541,4.189233,8.554037,-0.020262,0.035672,0.019292
186877510.000,YZJ,handheld,free_gripped_slow_move,recording,-1.837479,4.187006,8.612290,-0.028211,0.020766,0.018322
186877520.000,YZJ,handheld,free_gripped_slow_move,recording,-1.901018,4.171932,8.655085,-0.028152,0.009274,0.022519
186877530.000,YZJ,handheld,free_gripped_slow_move,recording,-1.910215,4.160469,8.675336,-0.025318,0.014555,0.033809
186877540.000,YZJ,handheld,free_gripped_slow_move,recording,-1.865670,4.130225,8.633889,-0.026625,0.030965,0.044960
186877550.000,YZJ,handheld,free_gripped_slow_move,recording,-1.793340,4.124832,8.581102,-0.031977,0.049034,0.051009
186877560.000,YZJ,handheld,free_gripped_slow_move,recording,-1.815701,4.101410,8.581497,-0.037662,0.056353,0.050899
186877570.000,YZJ,handheld,free_gripped_slow_move,recording,-1.869658,4.150163,8.592997,-0.046970,0.035660,0.056120
186877580.000,YZJ,handheld,free_gripped_slow_move,recording,-1.953885,4.118812,8.529277,-0.070898,-0.001637,0.077233
186877590.000,YZJ,handheld,free_gripped_slow_move,recording,-2.000689,4.146215,8.469607,-0.101731,-0.022790,0.094947
186877600.000,YZJ,handheld,free_gripped_slow_move,recording,-1.934584,4.225140,8.516150,-0.123830,-0.057000,0.104415
186877610.000,YZJ,handheld,free_gripped_slow_move,recording,-2.008915,4.233475,8.572088,-0.140495,-0.072502,0.117600
186877620.000,YZJ,handheld,free_gripped_slow_move,recording,-1.990216,4.216855,8.597470,-0.147571,-0.054627,0.129016
186877630.000,YZJ,handheld,free_gripped_slow_move,recording,-1.974465,4.236426,8.651570,-0.149164,-0.023113,0.138119
186877640.000,YZJ,handheld,free_gripped_slow_move,recording,-1.996324,4.178083,8.661023,-0.143946,0.012641,0.151802
186877650.000,YZJ,handheld,free_gripped_slow_move,recording,-1.998268,4.140686,8.648246,-0.137085,0.057785,0.169422
186877660.000,YZJ,handheld,free_gripped_slow_move,recording,-1.985190,4.084293,8.623836,-0.137328,0.103307,0.185904
186877670.000,YZJ,handheld,free_gripped_slow_move,recording,-1.919214,4.072617,8.614489,-0.146241,0.110539,0.195587
186877680.000,YZJ,handheld,free_gripped_slow_move,recording,-1.903454,3.998938,8.661915,-0.156157,0.085186,0.200177
186877690.000,YZJ,handheld,free_gripped_slow_move,recording,-1.833239,3.939940,8.698051,-0.158851,0.052080,0.191597
186877700.000,YZJ,handheld,free_gripped_slow_move,recording,-1.749019,4.019753,8.705608,-0.160077,0.012555,0.170492
186877710.000,YZJ,handheld,free_gripped_slow_move,recording,-1.758613,3.993883,8.727858,-0.159527,-0.026882,0.140556
186877720.000,YZJ,handheld,free_gripped_slow_move,recording,-1.691544,3.987506,8.738286,-0.156347,-0.047657,0.113218
186877730.000,YZJ,handheld,free_gripped_slow_move,recording,-1.769190,4.006784,8.735333,-0.155553,-0.039775,0.105122
186877740.000,YZJ,handheld,free_gripped_slow_move,recording,-1.890988,4.007242,8.648913,-0.163364,-0.003579,0.122879
186877750.000,YZJ,handheld,free_gripped_slow_move,recording,-2.037678,4.037778,8.609584,-0.181551,0.042436,0.159806
186877760.000,YZJ,handheld,free_gripped_slow_move,recording,-2.044022,4.056759,8.639360,-0.202629,0.077885,0.196173
186877770.000,YZJ,handheld,free_gripped_slow_move,recording,-1.999747,4.054204,8.667327,-0.212429,0.099106,0.225022
186877780.000,YZJ,handheld,free_gripped_slow_move,recording,-1.552978,3.897905,9.076959,-0.141010,0.269588,0.176629
186877790.000,YZJ,handheld,free_gripped_slow_move,recording,-1.653082,4.137332,9.394004,-0.036355,0.279997,0.160105
186877800.000,YZJ,handheld,free_gripped_slow_move,recording,-1.970218,3.779129,9.125744,0.020721,0.186159,0.160591
186877810.000,YZJ,handheld,free_gripped_slow_move,recording,-1.548739,3.775424,9.215575,0.062347,0.150304,0.121242
186877820.000,YZJ,handheld,free_gripped_slow_move,recording,-1.211896,3.734439,9.558285,0.162407,0.248795,0.033142
186877830.000,YZJ,handheld,free_gripped_slow_move,recording,-1.160544,3.768649,9.975473,0.343862,0.388702,-0.057065
186877840.000,YZJ,handheld,free_gripped_slow_move,recording,-1.792541,3.800403,9.515346,0.472952,0.427443,-0.069427
186877850.000,YZJ,handheld,free_gripped_slow_move,recording,-2.059894,3.854485,8.988483,0.481703,0.417623,-0.026501
186877860.000,YZJ,handheld,free_gripped_slow_move,recording,-2.166294,4.019648,8.267003,0.354829,0.357958,0.029378
186877870.000,YZJ,handheld,free_gripped_slow_move,recording,-2.212474,4.201104,7.856122,0.178475,0.265302,0.078720
186877880.000,YZJ,handheld,free_gripped_slow_move,recording,-2.175939,4.293648,7.887482,0.042355,0.198378,0.106610
186877890.000,YZJ,handheld,free_gripped_slow_move,recording,-2.101390,4.328142,8.024774,-0.037929,0.137302,0.116286
186877900.000,YZJ,handheld,free_gripped_slow_move,recording,-1.972121,4.228868,8.093363,-0.095210,0.062200,0.105855
186877910.000,YZJ,handheld,free_gripped_slow_move,recording,-1.894303,4.227716,8.341890,-0.138908,-0.005561,0.087960
186877920.000,YZJ,handheld,free_gripped_slow_move,recording,-1.994491,4.112564,8.617987,-0.156230,-0.030974,0.083787
186877930.000,YZJ,handheld,free_gripped_slow_move,recording,-2.125544,4.009756,8.807665,-0.140905,-0.018365,0.102457
186877940.000,YZJ,handheld,free_gripped_slow_move,recording,-2.178475,3.935597,8.940068,-0.097146,0.016338,0.140978
186877950.000,YZJ,handheld,free_gripped_slow_move,recording,-2.185480,3.909690,9.006204,-0.040415,0.071124,0.184472
186877960.000,YZJ,handheld,free_gripped_slow_move,recording,-2.167767,3.943103,9.029488,0.015441,0.104862,0.218207
186877970.000,YZJ,handheld,free_gripped_slow_move,recording,-2.147338,3.971456,9.009671,0.078679,0.117470,0.240218
186877980.000,YZJ,handheld,free_gripped_slow_move,recording,-2.078969,4.046128,9.037274,0.141482,0.123732,0.248195
186877990.000,YZJ,handheld,free_gripped_slow_move,recording,-1.975542,4.147098,8.952041,0.193793,0.127128,0.241614
186878000.000,YZJ,handheld,free_gripped_slow_move,recording,-1.997589,4.138833,8.772177,0.228393,0.107349,0.236605
186878010.000,YZJ,handheld,free_gripped_slow_move,recording,-1.943017,4.169278,8.571446,0.233676,0.123101,0.226656
186878020.000,YZJ,handheld,free_gripped_slow_move,recording,-1.894344,4.236987,8.279383,0.216186,0.168698,0.216581
186878030.000,YZJ,handheld,free_gripped_slow_move,recording,-1.895449,4.323296,8.025131,0.166881,0.182192,0.204887
186878040.000,YZJ,handheld,free_gripped_slow_move,recording,-2.002821,4.278282,7.959602,0.099673,0.153177,0.204206
186878050.000,YZJ,handheld,free_gripped_slow_move,recording,-2.098967,4.329466,8.036815,0.040382,0.118418,0.205611
186878060.000,YZJ,handheld,free_gripped_slow_move,recording,-2.161106,4.328104,8.213081,0.003314,0.072759,0.212028
186878070.000,YZJ,handheld,free_gripped_slow_move,recording,-2.221518,4.265346,8.429112,-0.007354,0.017931,0.222889
186878080.000,YZJ,handheld,free_gripped_slow_move,recording,-2.126577,4.285751,8.626604,0.002745,-0.038181,0.229828
186878090.000,YZJ,handheld,free_gripped_slow_move,recording,-2.076048,4.262877,8.737968,0.028805,-0.101311,0.227491
186878100.000,YZJ,handheld,free_gripped_slow_move,recording,-1.937598,4.261575,8.794857,0.053185,-0.151287,0.210153
186878110.000,YZJ,handheld,free_gripped_slow_move,recording,-1.819625,4.251078,8.727238,0.067887,-0.176891,0.175914
186878120.000,YZJ,handheld,free_gripped_slow_move,recording,-1.736910,4.307032,8.701268,0.078592,-0.191369,0.132315
186878130.000,YZJ,handheld,free_gripped_slow_move,recording,-1.742378,4.334910,8.633963,0.078993,-0.193700,0.082418
186878140.000,YZJ,handheld,free_gripped_slow_move,recording,-1.712465,4.361551,8.599016,0.066692,-0.148000,0.036340
186878150.000,YZJ,handheld,free_gripped_slow_move,recording,-1.776308,4.343856,8.499827,0.041179,-0.090160,0.005376
186878160.000,YZJ,handheld,free_gripped_slow_move,recording,-1.890711,4.344424,8.471302,0.012868,-0.040060,-0.002371
186878170.000,YZJ,handheld,free_gripped_slow_move,recording,-1.968487,4.378304,8.514120,-0.008652,0.006056,-0.001377
186878180.000,YZJ,handheld,free_gripped_slow_move,recording,-1.979249,4.382142,8.559458,-0.013808,0.044519,0.004525
186878190.000,YZJ,handheld,free_gripped_slow_move,recording,-1.839822,4.357870,8.597903,-0.006537,0.076505,-0.004102
186878200.000,YZJ,handheld,free_gripped_slow_move,recording,-1.658006,4.330586,8.611543,0.002559,0.091343,-0.037074
186878210.000,YZJ,handheld,free_gripped_slow_move,recording,-1.632621,4.345687,8.669668,0.008657,0.066536,-0.078449
186878220.000,YZJ,handheld,free_gripped_slow_move,recording,-1.732898,4.320043,8.695458,0.008082,0.016452,-0.106275
186878230.000,YZJ,handheld,free_gripped_slow_move,recording,-1.850388,4.316322,8.691097,0.003337,-0.033955,-0.111663
186878240.000,YZJ,handheld,free_gripped_slow_move,recording,-1.905448,4.286966,8.655859,-0.003811,-0.066808,-0.108979
186878250.000,YZJ,handheld,free_gripped_slow_move,recording,-1.921416,4.318511,8.647402,-0.007263,-0.076627,-0.112496
186878260.000,YZJ,handheld,free_gripped_slow_move,recording,-1.897318,4.332416,8.690222,-0.007661,-0.072070,-0.121637
186878270.000,YZJ,handheld,free_gripped_slow_move,recording,-1.918632,4.274262,8.698996,-0.010940,-0.072025,-0.125483
186878280.000,YZJ,handheld,free_gripped_slow_move,recording,-1.884777,4.288791,8.740838,-0.021525,-0.088951,-0.127800
186878290.000,YZJ,handheld,free_gripped_slow_move,recording,-1.810334,4.258256,8.733960,-0.039158,-0.137078,-0.139608
186878300.000,YZJ,handheld,free_gripped_slow_move,recording,-1.686551,4.250754,8.801241,-0.050780,-0.186723,-0.162529
186878310.000,YZJ,handheld,free_gripped_slow_move,recording,-1.732530,4.230537,8.962712,-0.040064,-0.191000,-0.185278
186878320.000,YZJ,handheld,free_gripped_slow_move,recording,-1.797858,4.147950,9.120656,-0.001355,-0.144640,-0.188684
186878330.000,YZJ,handheld,free_gripped_slow_move,recording,-1.876038,4.133299,9.222967,0.061215,-0.060752,-0.174517
186878340.000,YZJ,handheld,free_gripped_slow_move,recording,-1.920414,4.153006,9.289523,0.134849,0.034007,-0.159874
186878350.000,YZJ,handheld,free_gripped_slow_move,recording,-1.990381,4.195330,9.260358,0.212415,0.114486,-0.146536
186878360.000,YZJ,handheld,free_gripped_slow_move,recording,-2.031665,4.236443,9.105846,0.275354,0.144840,-0.132462
186878370.000,YZJ,handheld,free_gripped_slow_move,recording,-2.110777,4.311109,8.833067,0.309980,0.132006,-0.111886
186878380.000,YZJ,handheld,free_gripped_slow_move,recording,-2.074755,4.333597,8.524363,0.306873,0.101775,-0.094843
186878390.000,YZJ,handheld,free_gripped_slow_move,recording,-1.992492,4.415257,8.282476,0.272081,0.070499,-0.093036
186878400.000,YZJ,handheld,free_gripped_slow_move,recording,-1.935264,4.469013,8.129870,0.219889,0.043560,-0.105696
186878410.000,YZJ,handheld,free_gripped_slow_move,recording,-1.957601,4.510415,8.055703,0.167647,0.014020,-0.115768
186878420.000,YZJ,handheld,free_gripped_slow_move,recording,-1.985839,4.500058,8.008808,0.118003,-0.000064,-0.119429
186878430.000,YZJ,handheld,free_gripped_slow_move,recording,-1.949772,4.517079,8.011665,0.068901,-0.004164,-0.128047
186878440.000,YZJ,handheld,free_gripped_slow_move,recording,-1.964004,4.512676,8.098971,0.034113,-0.006093,-0.132921
186878450.000,YZJ,handheld,free_gripped_slow_move,recording,-2.008834,4.474660,8.225911,0.017341,-0.003379,-0.124767
186878460.000,YZJ,handheld,free_gripped_slow_move,recording,-2.086739,4.385905,8.308078,0.015888,0.001243,-0.106571
186878470.000,YZJ,handheld,free_gripped_slow_move,recording,-2.137660,4.365522,8.405558,0.027592,0.015035,-0.084464
186878480.000,YZJ,handheld,free_gripped_slow_move,recording,-2.210411,4.358100,8.382319,0.038584,0.027570,-0.062584
186878490.000,YZJ,handheld,free_gripped_slow_move,recording,-2.265253,4.328648,8.256380,0.034926,0.017324,-0.043817
186878500.000,YZJ,handheld,free_gripped_slow_move,recording,-2.026903,4.531906,8.347658,0.030234,0.007994,-0.045266
186878510.000,YZJ,handheld,free_gripped_slow_move,recording,-1.886831,4.560514,8.341576,0.020819,0.019694,-0.069343
186878520.000,YZJ,handheld,free_gripped_slow_move,recording,-1.969836,4.495082,8.360537,0.016686,0.013061,-0.085146
186878530.000,YZJ,handheld,free_gripped_slow_move,recording,-2.068654,4.414996,8.387418,0.022834,0.001894,-0.086096
186878540.000,YZJ,handheld,free_gripped_slow_move,recording,-2.165992,4.392062,8.456896,0.035601,0.006491,-0.072050
186878550.000,YZJ,handheld,free_gripped_slow_move,recording,-2.157005,4.404104,8.447897,0.046663,0.030102,-0.053004
186878560.000,YZJ,handheld,free_gripped_slow_move,recording,-2.143938,4.416610,8.397853,0.052082,0.064719,-0.036328
186878570.000,YZJ,handheld,free_gripped_slow_move,recording,-2.136023,4.463091,8.308256,0.048452,0.078013,-0.024585
186878580.000,YZJ,handheld,free_gripped_slow_move,recording,-2.144844,4.481702,8.243247,0.035563,0.067316,-0.018804
186878590.000,YZJ,handheld,free_gripped_slow_move,recording,-2.181196,4.490435,8.160253,0.012808,0.049974,-0.004619
186878600.000,YZJ,handheld,free_gripped_slow_move,recording,-2.185502,4.514596,8.127221,-0.021298,0.054630,0.018134
186878610.000,YZJ,handheld,free_gripped_slow_move,recording,-2.188197,4.557812,8.218129,-0.059490,0.088545,0.040988
186878620.000,YZJ,handheld,free_gripped_slow_move,recording,-2.203848,4.536243,8.379577,-0.081199,0.118308,0.057304
186878630.000,YZJ,handheld,free_gripped_slow_move,recording,-2.155413,4.478652,8.514284,-0.080900,0.129700,0.066491
186878640.000,YZJ,handheld,free_gripped_slow_move,recording,-2.082488,4.401109,8.629869,-0.068791,0.134814,0.070695
186878650.000,YZJ,handheld,free_gripped_slow_move,recording,-1.882138,4.339855,8.739426,-0.045616,0.153230,0.057709
186878660.000,YZJ,handheld,free_gripped_slow_move,recording,-1.744460,4.377336,8.782044,-0.020509,0.179782,0.024757
186878670.000,YZJ,handheld,free_gripped_slow_move,recording,-1.790386,4.311383,8.731736,-0.004754,0.193503,-0.006589
186878680.000,YZJ,handheld,free_gripped_slow_move,recording,-1.843864,4.291568,8.658319,0.006210,0.174630,-0.032869
186878690.000,YZJ,handheld,free_gripped_slow_move,recording,-1.906391,4.275915,8.586741,0.011669,0.139082,-0.059554
186878700.000,YZJ,handheld,free_gripped_slow_move,recording,-1.980349,4.306022,8.493816,0.006416,0.098202,-0.079938
186878710.000,YZJ,handheld,free_gripped_slow_move,recording,-2.091979,4.342251,8.391516,-0.012088,0.056045,-0.085325
186878720.000,YZJ,handheld,free_gripped_slow_move,recording,-2.110599,4.404210,8.367697,-0.035306,0.009708,-0.090925
186878730.000,YZJ,handheld,free_gripped_slow_move,recording,-2.191970,4.417690,8.407024,-0.054019,-0.027845,-0.093142
186878740.000,YZJ,handheld,free_gripped_slow_move,recording,-2.262862,4.411891,8.447264,-0.064473,-0.061527,-0.085747
186878750.000,YZJ,handheld,free_gripped_slow_move,recording,-2.262552,4.426591,8.498650,-0.067661,-0.079132,-0.078353
186878760.000,YZJ,handheld,free_gripped_slow_move,recording,-2.252479,4.440116,8.539545,-0.066192,-0.088836,-0.075372
186878770.000,YZJ,handheld,free_gripped_slow_move,recording,-2.283942,4.410283,8.513296,-0.068335,-0.109658,-0.068688
186878780.000,YZJ,handheld,free_gripped_slow_move,recording,-2.273476,4.375951,8.465499,-0.077844,-0.146255,-0.062691
186878790.000,YZJ,handheld,free_gripped_slow_move,recording,-2.191600,4.388061,8.463780,-0.086028,-0.185834,-0.060519
186878800.000,YZJ,handheld,free_gripped_slow_move,recording,-2.170628,4.366405,8.486237,-0.093577,-0.229830,-0.061755
186878810.000,YZJ,handheld,free_gripped_slow_move,recording,-2.135561,4.334975,8.408348,-0.107421,-0.285387,-0.065667
186878820.000,YZJ,handheld,free_gripped_slow_move,recording,-2.146055,4.336970,8.398314,-0.123720,-0.341160,-0.066181
186878830.000,YZJ,handheld,free_gripped_slow_move,recording,-2.175440,4.344861,8.451087,-0.134260,-0.385537,-0.060762
186878840.000,YZJ,handheld,free_gripped_slow_move,recording,-2.164893,4.345162,8.491308,-0.141835,-0.433632,-0.059828
186878850.000,YZJ,handheld,free_gripped_slow_move,recording,-2.144981,4.336958,8.532464,-0.142851,-0.472640,-0.059362
186878860.000,YZJ,handheld,free_gripped_slow_move,recording,-2.143274,4.334077,8.538578,-0.144875,-0.498396,-0.052814
186878870.000,YZJ,handheld,free_gripped_slow_move,recording,-2.102032,4.337678,8.539931,-0.149777,-0.504072,-0.044492
186878880.000,YZJ,handheld,free_gripped_slow_move,recording,-2.086389,4.319038,8.552558,-0.150632,-0.490190,-0.029281
186878890.000,YZJ,handheld,free_gripped_slow_move,recording,-2.152976,4.298845,8.519517,-0.151335,-0.465541,-0.004307
186878900.000,YZJ,handheld,free_gripped_slow_move,recording,-2.158790,4.309139,8.451682,-0.158306,-0.444710,0.025270
186878910.000,YZJ,handheld,free_gripped_slow_move,recording,-2.144260,4.297366,8.439127,-0.174331,-0.435327,0.058061
186878920.000,YZJ,handheld,free_gripped_slow_move,recording,-2.124487,4.269760,8.425652,-0.192336,-0.434487,0.091585
186878930.000,YZJ,handheld,free_gripped_slow_move,recording,-2.028146,4.275553,8.438679,-0.211045,-0.452166,0.109799
186878940.000,YZJ,handheld,free_gripped_slow_move,recording,-1.804869,4.221984,8.424439,-0.235014,-0.492027,0.108973
186878950.000,YZJ,handheld,free_gripped_slow_move,recording,-1.656800,4.198979,8.442891,-0.263895,-0.556837,0.096088
186878960.000,YZJ,handheld,free_gripped_slow_move,recording,-1.526585,4.158798,8.424038,-0.301017,-0.641149,0.077078
186878970.000,YZJ,handheld,free_gripped_slow_move,recording,-1.480461,4.131436,8.369375,-0.351203,-0.765428,0.059979
186878980.000,YZJ,handheld,free_gripped_slow_move,recording,-1.456167,4.059618,8.363953,-0.404478,-0.917664,0.041290
186878990.000,YZJ,handheld,free_gripped_slow_move,recording,-1.340853,4.013518,8.474976,-0.459367,-1.061661,0.015687
186879000.000,YZJ,handheld,free_gripped_slow_move,recording,-1.242286,3.935893,8.597343,-0.506081,-1.194046,-0.005465
186879010.000,YZJ,handheld,free_gripped_slow_move,recording,-1.119774,3.862220,8.815274,-0.535549,-1.274184,-0.023411
186879020.000,YZJ,handheld,free_gripped_slow_move,recording,-1.038064,3.827980,9.104604,-0.538564,-1.287081,-0.027838
186879030.000,YZJ,handheld,free_gripped_slow_move,recording,-0.938392,3.743469,9.378619,-0.511408,-1.271717,-0.028135
186879040.000,YZJ,handheld,free_gripped_slow_move,recording,-0.807259,3.681078,9.502649,-0.467404,-1.243488,-0.025339
186879050.000,YZJ,handheld,free_gripped_slow_move,recording,-0.714988,3.675130,9.574159,-0.414826,-1.196638,-0.022398
186879060.000,YZJ,handheld,free_gripped_slow_move,recording,-0.541872,3.644665,9.575078,-0.366033,-1.160141,-0.020039
186879070.000,YZJ,handheld,free_gripped_slow_move,recording,-0.362601,3.571361,9.454423,-0.331189,-1.138651,-0.027244
186879080.000,YZJ,handheld,free_gripped_slow_move,recording,-0.173521,3.561172,9.380077,-0.310951,-1.121861,-0.042535
186879090.000,YZJ,handheld,free_gripped_slow_move,recording,-0.065694,3.538652,9.378259,-0.296783,-1.086859,-0.057811
186879100.000,YZJ,handheld,free_gripped_slow_move,recording,-0.017119,3.529273,9.430951,-0.278297,-1.064679,-0.073763
186879110.000,YZJ,handheld,free_gripped_slow_move,recording,0.000492,3.444649,9.363332,-0.264798,-1.073225,-0.084208
186879120.000,YZJ,handheld,free_gripped_slow_move,recording,0.080211,3.431600,9.378661,-0.251931,-1.084838,-0.093749
186879130.000,YZJ,handheld,free_gripped_slow_move,recording,0.188979,3.427607,9.380183,-0.238937,-1.074772,-0.101992
186879140.000,YZJ,handheld,free_gripped_slow_move,recording,0.291238,3.469532,9.328403,-0.229513,-1.063835,-0.108182
186879150.000,YZJ,handheld,free_gripped_slow_move,recording,0.383427,3.426534,9.330256,-0.221770,-1.060498,-0.118276
186879160.000,YZJ,handheld,free_gripped_slow_move,recording,0.442755,3.434608,9.441179,-0.202159,-1.067758,-0.129085
186879170.000,YZJ,handheld,free_gripped_slow_move,recording,0.519650,3.413236,9.490552,-0.175114,-1.092238,-0.139244
186879180.000,YZJ,handheld,free_gripped_slow_move,recording,0.567894,3.413088,9.441916,-0.155705,-1.123552,-0.149549
186879190.000,YZJ,handheld,free_gripped_slow_move,recording,0.645820,3.456363,9.391930,-0.143945,-1.156001,-0.157654
186879200.000,YZJ,handheld,free_gripped_slow_move,recording,0.771757,3.457199,9.308386,-0.141686,-1.174799,-0.164619
186879210.000,YZJ,handheld,free_gripped_slow_move,recording,0.908180,3.413863,9.255416,-0.144664,-1.163657,-0.174010
186879220.000,YZJ,handheld,free_gripped_slow_move,recording,1.083571,3.414316,9.329144,-0.133627,-1.130796,-0.195787
186879230.000,YZJ,handheld,free_gripped_slow_move,recording,1.183976,3.410589,9.490139,-0.104206,-1.066522,-0.212635
186879240.000,YZJ,handheld,free_gripped_slow_move,recording,1.190393,3.375560,9.619710,-0.054045,-0.968627,-0.206075
186879250.000,YZJ,handheld,free_gripped_slow_move,recording,1.179596,3.393604,9.735954,0.003575,-0.831976,-0.180553
186879260.000,YZJ,handheld,free_gripped_slow_move,recording,1.115874,3.405870,9.921054,0.081052,-0.691550,-0.152708
186879270.000,YZJ,handheld,free_gripped_slow_move,recording,0.994997,3.358847,9.924762,0.160762,-0.621376,-0.126480
186879280.000,YZJ,handheld,free_gripped_slow_move,recording,0.853976,3.407017,9.687857,0.208439,-0.658756,-0.098830
186879290.000,YZJ,handheld,free_gripped_slow_move,recording,0.861274,3.488496,9.252157,0.200742,-0.774313,-0.070233
186879300.000,YZJ,handheld,free_gripped_slow_move,recording,1.032369,3.540798,8.830315,0.142267,-0.927963,-0.056376
186879310.000,YZJ,handheld,free_gripped_slow_move,recording,1.350352,3.537595,8.552127,0.053463,-1.087136,-0.064345
186879320.000,YZJ,handheld,free_gripped_slow_move,recording,1.642946,3.466846,8.422765,-0.038009,-1.202398,-0.088853
186879330.000,YZJ,handheld,free_gripped_slow_move,recording,1.831766,3.405172,8.453353,-0.118320,-1.271315,-0.113842
186879340.000,YZJ,handheld,free_gripped_slow_move,recording,1.954648,3.395787,8.477885,-0.181565,-1.297599,-0.135718
186879350.000,YZJ,handheld,free_gripped_slow_move,recording,2.021390,3.356867,8.657154,-0.216312,-1.289013,-0.147962
186879360.000,YZJ,handheld,free_gripped_slow_move,recording,2.003398,3.356357,8.882881,-0.222887,-1.246049,-0.142461
186879370.000,YZJ,handheld,free_gripped_slow_move,recording,2.018845,3.386800,9.137119,-0.202073,-1.193305,-0.124419
186879380.000,YZJ,handheld,free_gripped_slow_move,recording,2.087878,3.385501,9.248094,-0.159826,-1.161057,-0.105468
186879390.000,YZJ,handheld,free_gripped_slow_move,recording,2.227946,3.405372,9.193144,-0.116983,-1.112971,-0.089123
186879400.000,YZJ,handheld,free_gripped_slow_move,recording,2.358717,3.413890,9.102133,-0.081343,-1.039605,-0.074029
186879410.000,YZJ,handheld,free_gripped_slow_move,recording,2.473417,3.410259,8.922883,-0.057792,-0.952777,-0.064572
186879420.000,YZJ,handheld,free_gripped_slow_move,recording,2.560678,3.391638,8.763207,-0.045661,-0.861366,-0.054022
186879430.000,YZJ,handheld,free_gripped_slow_move,recording,2.589002,3.363777,8.658513,-0.041579,-0.773100,-0.040590
186879440.000,YZJ,handheld,free_gripped_slow_move,recording,2.574589,3.353471,8.648240,-0.035939,-0.682799,-0.018756
186879450.000,YZJ,handheld,free_gripped_slow_move,recording,2.568823,3.330976,8.684496,-0.019889,-0.608652,0.008927
186879460.000,YZJ,handheld,free_gripped_slow_move,recording,2.580110,3.350653,8.607204,-0.012323,-0.544147,0.045376
186879470.000,YZJ,handheld,free_gripped_slow_move,recording,2.668723,3.380501,8.583202,-0.006600,-0.485395,0.077848
186879480.000,YZJ,handheld,free_gripped_slow_move,recording,2.822482,3.421287,8.502733,-0.004695,-0.454071,0.097867
186879490.000,YZJ,handheld,free_gripped_slow_move,recording,2.996218,3.438139,8.311651,-0.023412,-0.440253,0.105034
186879500.000,YZJ,handheld,free_gripped_slow_move,recording,3.165603,3.434614,8.196931,-0.055099,-0.428409,0.099507
186879510.000,YZJ,handheld,free_gripped_slow_move,recording,3.324279,3.424032,8.195131,-0.083818,-0.423787,0.085145
186879520.000,YZJ,handheld,free_gripped_slow_move,recording,3.378906,3.363407,8.220053,-0.110299,-0.419229,0.065387
186879530.000,YZJ,handheld,free_gripped_slow_move,recording,3.404141,3.351663,8.263161,-0.129473,-0.414782,0.049781
186879540.000,YZJ,handheld,free_gripped_slow_move,recording,3.427782,3.293129,8.343900,-0.137279,-0.392601,0.035960
186879550.000,YZJ,handheld,free_gripped_slow_move,recording,3.437524,3.217944,8.473411,-0.131500,-0.349586,0.028010
186879560.000,YZJ,handheld,free_gripped_slow_move,recording,3.469066,3.151959,8.528695,-0.118615,-0.300424,0.022362
186879570.000,YZJ,handheld,free_gripped_slow_move,recording,3.461592,3.136837,8.626169,-0.096839,-0.236603,0.018692
186879580.000,YZJ,handheld,free_gripped_slow_move,recording,3.360919,3.163234,8.678498,-0.064450,-0.182532,0.026801
186879590.000,YZJ,handheld,free_gripped_slow_move,recording,3.335452,3.204541,8.573382,-0.045733,-0.161462,0.038363
186879600.000,YZJ,handheld,free_gripped_slow_move,recording,3.360245,3.257448,8.365238,-0.050452,-0.162902,0.047945
186879610.000,YZJ,handheld,free_gripped_slow_move,recording,3.349661,3.259092,8.258113,-0.075154,-0.168064,0.059419
186879620.000,YZJ,handheld,free_gripped_slow_move,recording,3.418500,3.304582,8.290247,-0.100880,-0.192179,0.064650
186879630.000,YZJ,handheld,free_gripped_slow_move,recording,3.462545,3.249565,8.377064,-0.119016,-0.222399,0.066320
186879640.000,YZJ,handheld,free_gripped_slow_move,recording,3.520427,3.212753,8.445847,-0.128485,-0.221835,0.067467
186879650.000,YZJ,handheld,free_gripped_slow_move,recording,3.592859,3.202175,8.563517,-0.125528,-0.186343,0.068709
186879660.000,YZJ,handheld,free_gripped_slow_move,recording,3.704213,3.184464,8.672082,-0.104179,-0.125381,0.068000
186879670.000,YZJ,handheld,free_gripped_slow_move,recording,3.755075,3.153742,8.669576,-0.079915,-0.053771,0.060300
186879680.000,YZJ,handheld,free_gripped_slow_move,recording,3.769787,3.096200,8.593387,-0.070956,-0.013821,0.049020
186879690.000,YZJ,handheld,free_gripped_slow_move,recording,3.685344,3.069885,8.449723,-0.082959,-0.017376,0.039908
186879700.000,YZJ,handheld,free_gripped_slow_move,recording,3.676435,3.052242,8.405733,-0.107993,-0.048588,0.030278
186879710.000,YZJ,handheld,free_gripped_slow_move,recording,3.665883,3.009457,8.449825,-0.130152,-0.080688,0.018711
186879720.000,YZJ,handheld,free_gripped_slow_move,recording,3.667399,3.006618,8.622425,-0.137909,-0.112938,0.006545
186879730.000,YZJ,handheld,free_gripped_slow_move,recording,3.684403,3.023994,8.748665,-0.134747,-0.147179,-0.004420
186879740.000,YZJ,handheld,free_gripped_slow_move,recording,3.737805,3.002601,8.900956,-0.118464,-0.163043,-0.021258
186879750.000,YZJ,handheld,free_gripped_slow_move,recording,3.734406,3.004471,9.015280,-0.086777,-0.175760,-0.036276
186879760.000,YZJ,handheld,free_gripped_slow_move,recording,3.726166,3.002324,8.938432,-0.063864,-0.184712,-0.048709
186879770.000,YZJ,handheld,free_gripped_slow_move,recording,3.722305,3.005808,8.802364,-0.056845,-0.186063,-0.057084
186879780.000,YZJ,handheld,free_gripped_slow_move,recording,3.646286,3.030967,8.771450,-0.054310,-0.175604,-0.057091
186879790.000,YZJ,handheld,free_gripped_slow_move,recording,3.626895,2.993036,8.719372,-0.051746,-0.156739,-0.048213
186879800.000,YZJ,handheld,free_gripped_slow_move,recording,3.638799,3.018117,8.697626,-0.050730,-0.129911,-0.040859
186879810.000,YZJ,handheld,free_gripped_slow_move,recording,3.665875,3.011180,8.676148,-0.049222,-0.105375,-0.034783
186879820.000,YZJ,handheld,free_gripped_slow_move,recording,3.622785,3.005987,8.734635,-0.043096,-0.089653,-0.027140
186879830.000,YZJ,handheld,free_gripped_slow_move,recording,3.645773,3.015622,8.770644,-0.030224,-0.096135,-0.023854
186879840.000,YZJ,handheld,free_gripped_slow_move,recording,3.723774,2.980323,8.688679,-0.026718,-0.108145,-0.030945
186879850.000,YZJ,handheld,free_gripped_slow_move,recording,3.810587,2.994996,8.615773,-0.031344,-0.117331,-0.045609
186879860.000,YZJ,handheld,free_gripped_slow_move,recording,3.784048,2.997806,8.548753,-0.041124,-0.123740,-0.057488
186879870.000,YZJ,handheld,free_gripped_slow_move,recording,3.742072,3.006912,8.593183,-0.043427,-0.118362,-0.065891
186879880.000,YZJ,handheld,free_gripped_slow_move,recording,3.646366,3.017144,8.727303,-0.028521,-0.083443,-0.061621
186879890.000,YZJ,handheld,free_gripped_slow_move,recording,3.570252,2.996289,8.789814,-0.000895,-0.023203,-0.046668
186879900.000,YZJ,handheld,free_gripped_slow_move,recording,3.549091,3.007390,8.773392,0.024883,0.024626,-0.030549
186879910.000,YZJ,handheld,free_gripped_slow_move,recording,3.586048,3.035513,8.605722,0.034823,0.042446,-0.018910
186879920.000,YZJ,handheld,free_gripped_slow_move,recording,3.576417,3.047093,8.518551,0.027921,0.040209,-0.009320
186879930.000,YZJ,handheld,free_gripped_slow_move,recording,3.580822,3.059482,8.499320,0.018899,0.016426,-0.001768
186879940.000,YZJ,handheld,free_gripped_slow_move,recording,3.645903,3.073936,8.515178,0.011886,-0.007474,-0.001166
186879950.000,YZJ,handheld,free_gripped_slow_move,recording,3.727320,3.061559,8.500003,0.002819,-0.019314,-0.004980
186879960.000,YZJ,handheld,free_gripped_slow_move,recording,3.740724,3.063163,8.514455,-0.004294,-0.021027,-0.010012
186879970.000,YZJ,handheld,free_gripped_slow_move,recording,3.734328,3.072979,8.475264,-0.011912,-0.014976,-0.012104
186879980.000,YZJ,handheld,free_gripped_slow_move,recording,3.688508,3.050689,8.545159,-0.012616,-0.000892,-0.010560
186879990.000,YZJ,handheld,free_gripped_slow_move,recording,3.659743,3.040434,8.616454,-0.003605,0.026471,-0.007335
186880000.000,YZJ,handheld,free_gripped_slow_move,recording,3.661937,3.043878,8.672170,0.012307,0.046960,-0.001986
186880010.000,YZJ,handheld,free_gripped_slow_move,recording,3.661704,3.033942,8.655973,0.026832,0.058258,0.001686
186880020.000,YZJ,handheld,free_gripped_slow_move,recording,3.763750,3.034449,8.610443,0.036509,0.064253,-0.004234
186880030.000,YZJ,handheld,free_gripped_slow_move,recording,3.764108,3.034828,8.585347,0.039948,0.069596,-0.010756
186880040.000,YZJ,handheld,free_gripped_slow_move,recording,3.776642,3.063932,8.557834,0.041906,0.067710,-0.018800
186880050.000,YZJ,handheld,free_gripped_slow_move,recording,3.758490,3.038223,8.534961,0.040555,0.057589,-0.027110
186880060.000,YZJ,handheld,free_gripped_slow_move,recording,3.722052,3.050552,8.425277,0.023801,0.038223,-0.032891
186880070.000,YZJ,handheld,free_gripped_slow_move,recording,3.664869,3.064645,8.307406,-0.002497,0.007852,-0.032806
186880080.000,YZJ,handheld,free_gripped_slow_move,recording,3.648581,3.070007,8.322463,-0.029444,-0.010955,-0.028586
186880090.000,YZJ,handheld,free_gripped_slow_move,recording,3.662117,3.073226,8.332305,-0.054453,-0.026124,-0.025561
186880100.000,YZJ,handheld,free_gripped_slow_move,recording,3.667577,3.065261,8.535527,-0.062006,-0.019235,-0.023964
186880110.000,YZJ,handheld,free_gripped_slow_move,recording,3.633035,3.050462,8.710862,-0.048356,-0.012619,-0.017569
186880120.000,YZJ,handheld,free_gripped_slow_move,recording,3.613508,3.069088,8.824071,-0.022759,-0.003927,-0.008937
186880130.000,YZJ,handheld,free_gripped_slow_move,recording,3.634339,3.053320,8.867396,0.009410,0.024016,-0.003138
186880140.000,YZJ,handheld,free_gripped_slow_move,recording,3.623280,3.062850,8.790446,0.039768,0.058883,0.001935
186880150.000,YZJ,handheld,free_gripped_slow_move,recording,3.614138,3.064003,8.620455,0.050674,0.083398,0.007044
186880160.000,YZJ,handheld,free_gripped_slow_move,recording,3.598101,3.085590,8.487798,0.043343,0.095749,0.010795
186880170.000,YZJ,handheld,free_gripped_slow_move,recording,3.585902,3.084124,8.467341,0.033580,0.108849,0.014216
186880180.000,YZJ,handheld,free_gripped_slow_move,recording,3.591984,3.085652,8.543515,0.032186,0.132176,0.015952
186880190.000,YZJ,handheld,free_gripped_slow_move,recording,3.578616,3.066318,8.593299,0.038247,0.148559,0.014925
186880200.000,YZJ,handheld,free_gripped_slow_move,recording,3.558478,3.077642,8.533898,0.036703,0.160039,0.016602
186880210.000,YZJ,handheld,free_gripped_slow_move,recording,3.557645,3.097703,8.504972,0.030005,0.154836,0.015256
186880220.000,YZJ,handheld,free_gripped_slow_move,recording,3.595664,3.081684,8.499161,0.019790,0.143803,0.008761
186880230.000,YZJ,handheld,free_gripped_slow_move,recording,3.535430,3.062007,8.494074,0.005549,0.126716,0.006291
186880240.000,YZJ,handheld,free_gripped_slow_move,recording,3.543107,3.105957,8.490029,-0.008875,0.114349,0.007008
186880250.000,YZJ,handheld,free_gripped_slow_move,recording,3.481694,3.089475,8.607490,-0.014825,0.129760,0.013170
186880260.000,YZJ,handheld,free_gripped_slow_move,recording,3.446232,3.072999,8.756126,-0.001928,0.161877,0.024895
186880270.000,YZJ,handheld,free_gripped_slow_move,recording,3.395334,3.054355,8.863493,0.026995,0.220970,0.042269
186880280.000,YZJ,handheld,free_gripped_slow_move,recording,3.343197,3.074599,9.003214,0.071953,0.313845,0.067811
186880290.000,YZJ,handheld,free_gripped_slow_move,recording,3.276396,3.070009,9.046597,0.128815,0.431373,0.099691
186880300.000,YZJ,handheld,free_gripped_slow_move,recording,3.268722,3.054108,8.985029,0.180768,0.551511,0.127350
186880310.000,YZJ,handheld,free_gripped_slow_move,recording,3.310536,3.117604,8.754765,0.211104,0.666776,0.146182
186880320.000,YZJ,handheld,free_gripped_slow_move,recording,3.365106,3.135784,8.479457,0.209428,0.771024,0.152933
186880330.000,YZJ,handheld,free_gripped_slow_move,recording,3.340441,3.146911,8.356381,0.196569,0.873017,0.151948
186880340.000,YZJ,handheld,free_gripped_slow_move,recording,3.316167,3.154241,8.537123,0.205358,0.981576,0.144561
186880350.000,YZJ,handheld,free_gripped_slow_move,recording,3.190756,3.126615,8.772769,0.237840,1.120277,0.144203
186880360.000,YZJ,handheld,free_gripped_slow_move,recording,3.047234,3.075261,8.967532,0.290531,1.322038,0.156445
186880370.000,YZJ,handheld,free_gripped_slow_move,recording,2.990415,3.117266,9.168897,0.376114,1.588720,0.177145
186880380.000,YZJ,handheld,free_gripped_slow_move,recording,2.896753,3.093575,9.375525,0.481497,1.884776,0.196681
186880390.000,YZJ,handheld,free_gripped_slow_move,recording,2.784244,3.123814,9.519098,0.603756,2.206583,0.217041
186880400.000,YZJ,handheld,free_gripped_slow_move,recording,2.665195,3.185781,9.549002,0.722223,2.498939,0.233918
186880410.000,YZJ,handheld,free_gripped_slow_move,recording,2.524977,3.259929,9.458444,0.815187,2.689423,0.234963
186880420.000,YZJ,handheld,free_gripped_slow_move,recording,2.388383,3.413640,9.087583,0.850973,2.707570,0.217154
186880430.000,YZJ,handheld,free_gripped_slow_move,recording,2.119881,3.509708,8.532856,0.808898,2.569832,0.192208
186880440.000,YZJ,handheld,free_gripped_slow_move,recording,1.723372,3.669147,7.993877,0.689705,2.304572,0.176437
186880450.000,YZJ,handheld,free_gripped_slow_move,recording,1.386853,3.820597,7.740192,0.518298,1.963253,0.161488
186880460.000,YZJ,handheld,free_gripped_slow_move,recording,1.182911,3.880569,7.692960,0.340217,1.627205,0.141074
186880470.000,YZJ,handheld,free_gripped_slow_move,recording,1.049575,3.878535,7.883059,0.189535,1.343733,0.121772
186880480.000,YZJ,handheld,free_gripped_slow_move,recording,0.953688,3.852714,8.241327,0.084357,1.128253,0.103013
186880490.000,YZJ,handheld,free_gripped_slow_move,recording,0.935036,3.798663,8.640996,0.026062,0.978443,0.073842
186880500.000,YZJ,handheld,free_gripped_slow_move,recording,0.998072,3.755333,8.988124,0.011126,0.845765,0.027582
186880510.000,YZJ,handheld,free_gripped_slow_move,recording,1.071410,3.663389,9.180146,0.013132,0.720737,-0.037686
186880520.000,YZJ,handheld,free_gripped_slow_move,recording,1.046264,3.622154,9.334011,0.016631,0.568848,-0.109205
186880530.000,YZJ,handheld,free_gripped_slow_move,recording,0.933557,3.631534,9.338623,0.019567,0.347945,-0.176418
186880540.000,YZJ,handheld,free_gripped_slow_move,recording,0.844744,3.675154,9.372422,0.017076,0.110673,-0.232577
186880550.000,YZJ,handheld,free_gripped_slow_move,recording,0.718764,3.671895,9.333854,0.001856,-0.083085,-0.267443
186880560.000,YZJ,handheld,free_gripped_slow_move,recording,0.595337,3.695899,9.300519,-0.021024,-0.196053,-0.281303
186880570.000,YZJ,handheld,free_gripped_slow_move,recording,0.415717,3.710203,9.306339,-0.038518,-0.226574,-0.271618
186880580.000,YZJ,handheld,free_gripped_slow_move,recording,0.187600,3.671081,9.396360,-0.044006,-0.182326,-0.231749
186880590.000,YZJ,handheld,free_gripped_slow_move,recording,0.033301,3.676154,9.546068,-0.020332,-0.047446,-0.167343
186880600.000,YZJ,handheld,free_gripped_slow_move,recording,-0.110495,3.688939,9.654090,0.021904,0.116432,-0.089154
186880610.000,YZJ,handheld,free_gripped_slow_move,recording,-0.208619,3.689899,9.667182,0.074289,0.279209,-0.006847
186880620.000,YZJ,handheld,free_gripped_slow_move,recording,-0.054141,3.745494,9.584600,0.123912,0.414709,0.057516
186880630.000,YZJ,handheld,free_gripped_slow_move,recording,0.162058,3.779016,9.420954,0.154876,0.474230,0.084745
186880640.000,YZJ,handheld,free_gripped_slow_move,recording,0.286177,3.765457,9.209312,0.166317,0.452811,0.081360
186880650.000,YZJ,handheld,free_gripped_slow_move,recording,0.324202,3.769634,9.008230,0.158887,0.383926,0.063695
186880660.000,YZJ,handheld,free_gripped_slow_move,recording,0.359303,3.784442,8.818876,0.129294,0.282699,0.039462
186880670.000,YZJ,handheld,free_gripped_slow_move,recording,0.257463,3.807113,8.608010,0.076436,0.164004,0.020480
186880680.000,YZJ,handheld,free_gripped_slow_move,recording,0.238338,3.896119,8.522069,0.016113,0.054745,0.002402
186880690.000,YZJ,handheld,free_gripped_slow_move,recording,0.177260,3.973430,8.619945,-0.036435,-0.016902,-0.009857
186880700.000,YZJ,handheld,free_gripped_slow_move,recording,0.108892,4.026862,8.744559,-0.074226,-0.068231,-0.014002
186880710.000,YZJ,handheld,free_gripped_slow_move,recording,0.054282,4.045475,8.910811,-0.097027,-0.103191,-0.009567
186880720.000,YZJ,handheld,free_gripped_slow_move,recording,-0.015663,4.047267,9.105306,-0.096793,-0.111612,0.007110
186880730.000,YZJ,handheld,free_gripped_slow_move,recording,-0.034037,4.002947,9.234582,-0.072615,-0.101290,0.038495
186880740.000,YZJ,handheld,free_gripped_slow_move,recording,0.064126,3.982764,9.180113,-0.046181,-0.052519,0.073141
186880750.000,YZJ,handheld,free_gripped_slow_move,recording,0.335641,3.988176,8.951342,-0.030760,0.015718,0.093180
186880760.000,YZJ,handheld,free_gripped_slow_move,recording,0.514791,3.945724,8.745362,-0.038086,0.072488,0.097970
186880770.000,YZJ,handheld,free_gripped_slow_move,recording,0.580116,3.920249,8.694457,-0.055152,0.109308,0.099039
186880780.000,YZJ,handheld,free_gripped_slow_move,recording,0.681346,3.911900,8.660712,-0.078512,0.102278,0.089853
186880790.000,YZJ,handheld,free_gripped_slow_move,recording,0.778320,3.858816,8.664426,-0.107664,0.057866,0.061246
186880800.000,YZJ,handheld,free_gripped_slow_move,recording,0.724046,3.868353,8.701089,-0.138114,0.003476,0.034581
186880810.000,YZJ,handheld,free_gripped_slow_move,recording,0.655559,3.799778,8.808568,-0.155741,-0.057552,0.013607
186880820.000,YZJ,handheld,free_gripped_slow_move,recording,0.622311,3.719243,8.926193,-0.158564,-0.097734,-0.001980
186880830.000,YZJ,handheld,free_gripped_slow_move,recording,0.563611,3.658823,9.020889,-0.149078,-0.096977,-0.006229
186880840.000,YZJ,handheld,free_gripped_slow_move,recording,0.440737,3.568994,9.039907,-0.140035,-0.026760,0.012036
186880850.000,YZJ,handheld,free_gripped_slow_move,recording,0.383621,3.468538,9.123601,-0.122006,0.073652,0.034485
186880860.000,YZJ,handheld,free_gripped_slow_move,recording,0.377991,3.335408,9.212962,-0.093163,0.139648,0.043205
186880870.000,YZJ,handheld,free_gripped_slow_move,recording,0.372958,3.294007,9.243605,-0.067982,0.165887,0.043794
186880880.000,YZJ,handheld,free_gripped_slow_move,recording,0.313294,3.303635,9.163431,-0.059600,0.148587,0.042785
186880890.000,YZJ,handheld,free_gripped_slow_move,recording,0.327015,3.337229,9.036852,-0.073611,0.094108,0.038118
186880900.000,YZJ,handheld,free_gripped_slow_move,recording,0.352547,3.359092,9.006760,-0.099507,0.031185,0.028337
186880910.000,YZJ,handheld,free_gripped_slow_move,recording,0.382117,3.392960,9.087956,-0.122379,-0.018682,0.015700
186880920.000,YZJ,handheld,free_gripped_slow_move,recording,0.372038,3.364687,9.233648,-0.132797,-0.058821,0.004905
186880930.000,YZJ,handheld,free_gripped_slow_move,recording,0.407721,3.373029,9.394907,-0.128595,-0.086714,-0.002741
186880940.000,YZJ,handheld,free_gripped_slow_move,recording,0.429584,3.424508,9.513687,-0.115094,-0.095991,-0.011685
186880950.000,YZJ,handheld,free_gripped_slow_move,recording,0.494876,3.439924,9.576129,-0.093012,-0.098017,-0.026873
186880960.000,YZJ,handheld,free_gripped_slow_move,recording,0.488273,3.446444,9.555899,-0.073891,-0.101882,-0.043715
186880970.000,YZJ,handheld,free_gripped_slow_move,recording,0.414681,3.477095,9.486275,-0.062281,-0.101108,-0.054785
186880980.000,YZJ,handheld,free_gripped_slow_move,recording,0.321407,3.478653,9.450444,-0.055853,-0.098592,-0.058506
186880990.000,YZJ,handheld,free_gripped_slow_move,recording,0.240348,3.523336,9.449601,-0.043907,-0.104374,-0.056453
186881000.000,YZJ,handheld,free_gripped_slow_move,recording,0.217492,3.537392,9.462445,-0.029143,-0.111440,-0.055142
186881010.000,YZJ,handheld,free_gripped_slow_move,recording,0.281549,3.566264,9.451700,-0.010604,-0.110370,-0.057477
186881020.000,YZJ,handheld,free_gripped_slow_move,recording,0.307382,3.597169,9.460685,0.016636,-0.108147,-0.061771
186881030.000,YZJ,handheld,free_gripped_slow_move,recording,0.343830,3.602063,9.350231,0.037355,-0.096409,-0.065052
186881040.000,YZJ,handheld,free_gripped_slow_move,recording,0.354748,3.653649,9.229982,0.051260,-0.071900,-0.068392
186881050.000,YZJ,handheld,free_gripped_slow_move,recording,0.324440,3.621484,9.180044,0.064763,-0.044116,-0.071643
186881060.000,YZJ,handheld,free_gripped_slow_move,recording,0.221750,3.583890,9.062221,0.071290,-0.015844,-0.067906
186881070.000,YZJ,handheld,free_gripped_slow_move,recording,0.151769,3.559544,8.923674,0.062656,0.011519,-0.056486
186881080.000,YZJ,handheld,free_gripped_slow_move,recording,0.066297,3.578003,8.846450,0.044796,0.038078,-0.038766
186881090.000,YZJ,handheld,free_gripped_slow_move,recording,0.031665,3.608371,8.871812,0.034445,0.050644,-0.017605
186881100.000,YZJ,handheld,free_gripped_slow_move,recording,0.068561,3.658766,8.952886,0.028488,0.042830,-0.004959
186881110.000,YZJ,handheld,free_gripped_slow_move,recording,0.207083,3.720399,8.989901,0.025328,0.022418,-0.008405
186881120.000,YZJ,handheld,free_gripped_slow_move,recording,0.269901,3.765828,8.987152,0.018131,-0.011441,-0.017361
186881130.000,YZJ,handheld,free_gripped_slow_move,recording,0.282219,3.852670,8.928470,0.004165,-0.051812,-0.025517
186881140.000,YZJ,handheld,free_gripped_slow_move,recording,0.257953,3.941220,8.894788,-0.010861,-0.084472,-0.028832
186881150.000,YZJ,handheld,free_gripped_slow_move,recording,0.236400,3.936853,8.886045,-0.027645,-0.106539,-0.026840
186881160.000,YZJ,handheld,free_gripped_slow_move,recording,0.162668,3.919796,8.872280,-0.050278,-0.111502,-0.012298
186881170.000,YZJ,handheld,free_gripped_slow_move,recording,0.151111,3.879930,8.922786,-0.068763,-0.100034,0.010237
186881180.000,YZJ,handheld,free_gripped_slow_move,recording,0.162416,3.836516,9.003515,-0.083507,-0.078191,0.038733
186881190.000,YZJ,handheld,free_gripped_slow_move,recording,0.225585,3.789034,9.058402,-0.092969,-0.059228,0.063076
186881200.000,YZJ,handheld,free_gripped_slow_move,recording,0.339677,3.706298,9.200187,-0.086682,-0.048156,0.076388
186881210.000,YZJ,handheld,free_gripped_slow_move,recording,0.420684,3.645469,9.299367,-0.065275,-0.040106,0.079005
186881220.000,YZJ,handheld,free_gripped_slow_move,recording,0.569675,3.591902,9.330755,-0.039586,-0.034224,0.067722
186881230.000,YZJ,handheld,free_gripped_slow_move,recording,0.637390,3.556889,9.231316,-0.022358,-0.036184,0.049913
186881240.000,YZJ,handheld,free_gripped_slow_move,recording,0.564667,3.557245,9.136817,-0.015994,-0.042491,0.040899
186881250.000,YZJ,handheld,free_gripped_slow_move,recording,0.534231,3.558265,9.047280,-0.011704,-0.057740,0.038100
186881260.000,YZJ,handheld,free_gripped_slow_move,recording,0.516210,3.545781,8.958763,-0.011734,-0.064974,0.039289
186881270.000,YZJ,handheld,free_gripped_slow_move,recording,0.557698,3.598682,8.886257,-0.016985,-0.060091,0.043437
186881280.000,YZJ,handheld,free_gripped_slow_move,recording,0.594537,3.602751,8.849461,-0.025836,-0.042366,0.048396
186881290.000,YZJ,handheld,free_gripped_slow_move,recording,0.683724,3.610116,8.811943,-0.035545,-0.018799,0.049509
186881300.000,YZJ,handheld,free_gripped_slow_move,recording,0.722359,3.564865,8.816202,-0.046041,0.000979,0.047860
186881310.000,YZJ,handheld,free_gripped_slow_move,recording,0.729547,3.513097,8.802649,-0.052427,0.016567,0.043728
186881320.000,YZJ,handheld,free_gripped_slow_move,recording,0.733303,3.439469,8.770532,-0.061800,0.028888,0.037342
186881330.000,YZJ,handheld,free_gripped_slow_move,recording,0.791304,3.346070,8.695311,-0.083018,0.028315,0.024947
186881340.000,YZJ,handheld,free_gripped_slow_move,recording,0.756088,3.276791,8.705466,-0.112075,0.027857,0.014694
186881350.000,YZJ,handheld,free_gripped_slow_move,recording,0.650082,3.197414,8.825455,-0.138448,0.030245,0.010944
186881360.000,YZJ,handheld,free_gripped_slow_move,recording,0.626186,3.163147,8.969067,-0.154717,0.035903,0.011941
186881370.000,YZJ,handheld,free_gripped_slow_move,recording,0.651458,3.147545,9.146337,-0.163927,0.052438,0.008384
186881380.000,YZJ,handheld,free_gripped_slow_move,recording,0.620230,3.147947,9.369814,-0.159707,0.067067,0.004852
186881390.000,YZJ,handheld,free_gripped_slow_move,recording,0.577751,3.110326,9.528774,-0.142441,0.065497,0.002436
186881400.000,YZJ,handheld,free_gripped_slow_move,recording,0.608746,3.167089,9.706925,-0.113116,0.058768,-0.004187
186881410.000,YZJ,handheld,free_gripped_slow_move,recording,0.638216,3.213984,9.803817,-0.078112,0.062542,-0.015597
186881420.000,YZJ,handheld,free_gripped_slow_move,recording,0.604130,3.224841,9.776980,-0.042403,0.058676,-0.027581
186881430.000,YZJ,handheld,free_gripped_slow_move,recording,0.594721,3.240209,9.676522,-0.015732,0.046799,-0.042021
186881440.000,YZJ,handheld,free_gripped_slow_move,recording,0.557037,3.272185,9.569346,-0.004219,0.037355,-0.055846
186881450.000,YZJ,handheld,free_gripped_slow_move,recording,0.510948,3.268971,9.446892,-0.004413,0.029047,-0.061502
186881460.000,YZJ,handheld,free_gripped_slow_move,recording,0.475414,3.296465,9.364623,-0.010731,0.020396,-0.067774
186881470.000,YZJ,handheld,free_gripped_slow_move,recording,0.536328,3.373424,9.443568,-0.011158,0.009898,-0.074523
186881480.000,YZJ,handheld,free_gripped_slow_move,recording,0.706598,3.410848,9.610930,0.008767,0.003451,-0.095896
186881490.000,YZJ,handheld,free_gripped_slow_move,recording,0.570118,3.355248,9.586387,0.034741,0.001810,-0.107887
186881500.000,YZJ,handheld,free_gripped_slow_move,recording,0.508920,3.437272,9.557514,0.064723,-0.012694,-0.107720
186881510.000,YZJ,handheld,free_gripped_slow_move,recording,0.484585,3.312179,9.381813,0.086629,-0.007387,-0.115597
186881520.000,YZJ,handheld,free_gripped_slow_move,recording,0.427738,3.307698,9.240990,0.094219,0.021976,-0.119183
186881530.000,YZJ,handheld,free_gripped_slow_move,recording,0.329595,3.261450,9.118061,0.092766,0.059446,-0.117536
186881540.000,YZJ,handheld,free_gripped_slow_move,recording,0.263040,3.321672,9.092858,0.083265,0.103543,-0.112148
186881550.000,YZJ,handheld,free_gripped_slow_move,recording,0.234903,3.407168,9.127481,0.081731,0.116354,-0.110927
186881560.000,YZJ,handheld,free_gripped_slow_move,recording,0.196573,3.467437,9.175650,0.083887,0.100477,-0.110152
186881570.000,YZJ,handheld,free_gripped_slow_move,recording,0.194848,3.594443,9.196229,0.087229,0.081826,-0.108294
186881580.000,YZJ,handheld,free_gripped_slow_move,recording,0.177236,3.671274,9.171782,0.088522,0.066800,-0.106526
186881590.000,YZJ,handheld,free_gripped_slow_move,recording,0.146054,3.729749,9.113302,0.084105,0.053962,-0.104534
186881600.000,YZJ,handheld,free_gripped_slow_move,recording,0.058024,3.761956,9.008997,0.070513,0.033213,-0.095986
186881610.000,YZJ,handheld,free_gripped_slow_move,recording,-0.017816,3.765113,8.952228,0.055222,0.018996,-0.083201
186881620.000,YZJ,handheld,free_gripped_slow_move,recording,-0.096312,3.740538,8.914531,0.039921,0.014627,-0.064341
186881630.000,YZJ,handheld,free_gripped_slow_move,recording,-0.120836,3.699359,8.887209,0.016543,0.017928,-0.041438
186881640.000,YZJ,handheld,free_gripped_slow_move,recording,-0.109901,3.686725,8.916753,-0.002449,0.031425,-0.022055
186881650.000,YZJ,handheld,free_gripped_slow_move,recording,-0.087912,3.646369,9.023176,-0.010117,0.047708,-0.002901
186881660.000,YZJ,handheld,free_gripped_slow_move,recording,-0.111202,3.631295,9.114113,-0.006647,0.061164,0.017092
186881670.000,YZJ,handheld,free_gripped_slow_move,recording,-0.079170,3.616997,9.166912,-0.000047,0.073703,0.036329
186881680.000,YZJ,handheld,free_gripped_slow_move,recording,-0.077338,3.627824,9.194601,0.010561,0.075640,0.055730
186881690.000,YZJ,handheld,free_gripped_slow_move,recording,-0.021808,3.613582,9.157945,0.018312,0.067186,0.068001
186881700.000,YZJ,handheld,free_gripped_slow_move,recording,0.017419,3.624444,9.144642,0.021382,0.061070,0.075172
186881710.000,YZJ,handheld,free_gripped_slow_move,recording,-0.009460,3.565191,9.111611,0.023102,0.049605,0.083272
186881720.000,YZJ,handheld,free_gripped_slow_move,recording,-0.007948,3.607125,9.050204,0.015610,0.021808,0.092658
186881730.000,YZJ,handheld,free_gripped_slow_move,recording,0.024921,3.603400,9.027244,0.001951,-0.002008,0.101422
186881740.000,YZJ,handheld,free_gripped_slow_move,recording,0.046268,3.609841,9.025645,-0.012992,-0.021392,0.113503
186881750.000,YZJ,handheld,free_gripped_slow_move,recording,0.098740,3.568390,9.050592,-0.024473,-0.035187,0.125690
186881760.000,YZJ,handheld,free_gripped_slow_move,recording,0.206376,3.568305,9.071681,-0.034262,-0.037372,0.135164
186881770.000,YZJ,handheld,free_gripped_slow_move,recording,0.310809,3.557621,9.142375,-0.036539,-0.012341,0.138446
186881780.000,YZJ,handheld,free_gripped_slow_move,recording,0.408671,3.482262,9.206075,-0.027370,0.030453,0.135269
186881790.000,YZJ,handheld,free_gripped_slow_move,recording,0.459563,3.448629,9.268506,-0.009531,0.075510,0.128010
186881800.000,YZJ,handheld,free_gripped_slow_move,recording,0.464718,3.437551,9.333834,0.012301,0.115983,0.117519
186881810.000,YZJ,handheld,free_gripped_slow_move,recording,0.430058,3.432233,9.265368,0.030491,0.130384,0.107141
186881820.000,YZJ,handheld,free_gripped_slow_move,recording,0.364504,3.448094,9.204550,0.036722,0.132986,0.098561
186881830.000,YZJ,handheld,free_gripped_slow_move,recording,0.369615,3.492590,9.109154,0.031949,0.121811,0.088467
186881840.000,YZJ,handheld,free_gripped_slow_move,recording,0.373339,3.505782,9.057884,0.021358,0.120175,0.078045
186881850.000,YZJ,handheld,free_gripped_slow_move,recording,0.337958,3.492419,8.992290,0.007603,0.146712,0.073129
186881860.000,YZJ,handheld,free_gripped_slow_move,recording,0.156279,3.498781,8.829363,-0.024208,0.157775,0.085885
186881870.000,YZJ,handheld,free_gripped_slow_move,recording,0.033287,3.515385,8.740738,-0.071810,0.153857,0.113227
186881880.000,YZJ,handheld,free_gripped_slow_move,recording,0.031407,3.492114,8.886696,-0.103649,0.154981,0.141161
186881890.000,YZJ,handheld,free_gripped_slow_move,recording,0.186551,3.478992,9.119707,-0.116148,0.150449,0.142799
186881900.000,YZJ,handheld,free_gripped_slow_move,recording,0.360459,3.402412,9.386121,-0.092015,0.160198,0.123011
186881910.000,YZJ,handheld,free_gripped_slow_move,recording,0.390231,3.445709,9.593148,-0.045865,0.192918,0.104522
186881920.000,YZJ,handheld,free_gripped_slow_move,recording,0.377465,3.423370,9.701434,0.014066,0.238465,0.090850
186881930.000,YZJ,handheld,free_gripped_slow_move,recording,0.433555,3.407753,9.730933,0.072210,0.286730,0.074382
186881940.000,YZJ,handheld,free_gripped_slow_move,recording,0.436361,3.378346,9.642184,0.116058,0.322202,0.052447
186881950.000,YZJ,handheld,free_gripped_slow_move,recording,0.379441,3.386517,9.498248,0.143660,0.317561,0.029415
186881960.000,YZJ,handheld,free_gripped_slow_move,recording,0.310549,3.389136,9.316177,0.148459,0.291033,0.008568
186881970.000,YZJ,handheld,free_gripped_slow_move,recording,0.208841,3.450101,9.208210,0.138547,0.253143,-0.003440
186881980.000,YZJ,handheld,free_gripped_slow_move,recording,0.169721,3.475523,9.118598,0.117391,0.209057,-0.012764
186881990.000,YZJ,handheld,free_gripped_slow_move,recording,0.153960,3.483233,9.071433,0.092425,0.178688,-0.020351
186882000.000,YZJ,handheld,free_gripped_slow_move,recording,0.054656,3.511283,9.137346,0.081088,0.151443,-0.022554
186882010.000,YZJ,handheld,free_gripped_slow_move,recording,-0.016844,3.522766,9.184532,0.073831,0.121191,-0.020084
186882020.000,YZJ,handheld,free_gripped_slow_move,recording,-0.065129,3.547874,9.199037,0.070271,0.091590,-0.014585
186882030.000,YZJ,handheld,free_gripped_slow_move,recording,-0.067945,3.565133,9.182109,0.069531,0.068296,-0.007557
186882040.000,YZJ,handheld,free_gripped_slow_move,recording,-0.036405,3.564261,9.121396,0.064320,0.052524,-0.005463
186882050.000,YZJ,handheld,free_gripped_slow_move,recording,0.007725,3.552115,9.073363,0.057588,0.050156,-0.007688
186882060.000,YZJ,handheld,free_gripped_slow_move,recording,0.011624,3.564756,9.091904,0.051568,0.049578,-0.010694
186882070.000,YZJ,handheld,free_gripped_slow_move,recording,-0.009946,3.572365,9.133019,0.050824,0.051258,-0.012051
186882080.000,YZJ,handheld,free_gripped_slow_move,recording,-0.032236,3.599185,9.168048,0.057041,0.050460,-0.011188
186882090.000,YZJ,handheld,free_gripped_slow_move,recording,-0.014819,3.613136,9.083498,0.057938,0.025181,-0.012969
186882100.000,YZJ,handheld,free_gripped_slow_move,recording,0.017748,3.642902,9.031008,0.052190,0.000271,-0.017804
186882110.000,YZJ,handheld,free_gripped_slow_move,recording,0.008630,3.657107,8.987503,0.043157,-0.021627,-0.020351
186882120.000,YZJ,handheld,free_gripped_slow_move,recording,-0.016795,3.623441,8.957377,0.031591,-0.013923,-0.016132
186882130.000,YZJ,handheld,free_gripped_slow_move,recording,-0.002681,3.634424,8.935690,0.019302,0.024317,-0.011433
186882140.000,YZJ,handheld,free_gripped_slow_move,recording,0.009636,3.639126,8.923325,0.012789,0.054926,-0.010353
186882150.000,YZJ,handheld,free_gripped_slow_move,recording,-0.079844,3.641434,8.984305,0.009051,0.076084,-0.004935
186882160.000,YZJ,handheld,free_gripped_slow_move,recording,-0.101425,3.641540,9.007001,0.006943,0.085721,0.001824
186882170.000,YZJ,handheld,free_gripped_slow_move,recording,-0.106879,3.644076,9.051108,0.000571,0.076208,0.007774
186882180.000,YZJ,handheld,free_gripped_slow_move,recording,-0.056547,3.640083,9.123094,-0.001180,0.059706,0.005901
186882190.000,YZJ,handheld,free_gripped_slow_move,recording,-0.025799,3.645298,9.165848,0.005270,0.038324,-0.001360
186882200.000,YZJ,handheld,free_gripped_slow_move,recording,-0.070391,3.592749,9.119052,0.006258,0.017377,-0.005471
186882210.000,YZJ,handheld,free_gripped_slow_move,recording,-0.057710,3.608613,9.073886,-0.001929,-0.000768,-0.006667
186882220.000,YZJ,handheld,free_gripped_slow_move,recording,-0.135242,3.609193,9.082670,-0.010918,-0.011503,-0.005122
186882230.000,YZJ,handheld,free_gripped_slow_move,recording,-0.115532,3.611114,9.048755,-0.019444,-0.025608,-0.002941
186882240.000,YZJ,handheld,free_gripped_slow_move,recording,-0.099756,3.617206,9.036520,-0.027831,-0.035676,-0.003586
186882250.000,YZJ,handheld,free_gripped_slow_move,recording,-0.103600,3.602701,9.064519,-0.034832,-0.037847,-0.002688
186882260.000,YZJ,handheld,free_gripped_slow_move,recording,-0.082302,3.634354,9.138830,-0.037148,-0.036693,-0.002470
186882270.000,YZJ,handheld,free_gripped_slow_move,recording,-0.094192,3.618122,9.234026,-0.025977,-0.024451,-0.002461
186882280.000,YZJ,handheld,free_gripped_slow_move,recording,-0.098013,3.610474,9.252694,-0.011323,-0.009753,-0.002461
186882290.000,YZJ,handheld,free_gripped_slow_move,recording,-0.109188,3.578943,9.210757,0.002708,-0.000272,-0.002162
186882300.000,YZJ,handheld,free_gripped_slow_move,recording,-0.124209,3.588038,9.136299,0.005793,0.006670,0.001932
186882310.000,YZJ,handheld,free_gripped_slow_move,recording,-0.121832,3.601148,9.071442,-0.000594,0.013823,0.005711
186882320.000,YZJ,handheld,free_gripped_slow_move,recording,-0.106558,3.565984,9.033504,-0.008761,0.016670,0.005061
186882330.000,YZJ,handheld,free_gripped_slow_move,recording,-0.099826,3.580857,9.008207,-0.021225,0.003509,0.003324
186882340.000,YZJ,handheld,free_gripped_slow_move,recording,-0.103887,3.587368,9.092117,-0.029469,-0.013489,0.001514
186882350.000,YZJ,handheld,free_gripped_slow_move,recording,-0.100200,3.574106,9.202241,-0.029729,-0.025517,-0.001005
186882360.000,YZJ,handheld,free_gripped_slow_move,recording,-0.108157,3.566624,9.330138,-0.014407,-0.033528,-0.002365
186882370.000,YZJ,handheld,free_gripped_slow_move,recording,-0.090729,3.563041,9.369136,0.002947,-0.032429,-0.002838
186882380.000,YZJ,handheld,free_gripped_slow_move,recording,-0.074113,3.579419,9.345662,0.021527,-0.018658,-0.004653
186882390.000,YZJ,handheld,free_gripped_slow_move,recording,-0.065410,3.594770,9.294336,0.037811,-0.002483,-0.006118
186882400.000,YZJ,handheld,free_gripped_slow_move,recording,-0.076620,3.596836,9.220882,0.049371,0.012010,-0.004731
186882410.000,YZJ,handheld,free_gripped_slow_move,recording,-0.136628,3.616108,9.167835,0.052370,0.029849,-0.001837
186882420.000,YZJ,handheld,free_gripped_slow_move,recording,-0.123314,3.604198,9.068420,0.051391,0.037633,0.000546
186882430.000,YZJ,handheld,free_gripped_slow_move,recording,-0.128780,3.631635,9.028465,0.043369,0.031414,0.002557
186882440.000,YZJ,handheld,free_gripped_slow_move,recording,-0.123623,3.642688,8.980141,0.034834,0.020417,0.003097
186882450.000,YZJ,handheld,free_gripped_slow_move,recording,-0.083815,3.661725,8.963222,0.023974,0.012637,-0.000743
186882460.000,YZJ,handheld,free_gripped_slow_move,recording,-0.101566,3.655668,8.920147,0.009306,0.004934,-0.002392
186882470.000,YZJ,handheld,free_gripped_slow_move,recording,-0.133108,3.664306,8.928992,-0.006169,0.001254,-0.001441
186882480.000,YZJ,handheld,free_gripped_slow_move,recording,-0.127637,3.687820,8.946591,-0.016661,0.000127,0.001368
186882490.000,YZJ,handheld,free_gripped_slow_move,recording,-0.155818,3.675939,8.989211,-0.023568,-0.001939,0.004055
186882500.000,YZJ,handheld,free_gripped_slow_move,recording,-0.170579,3.684744,9.029839,-0.026621,0.000493,0.008057
186882510.000,YZJ,handheld,free_gripped_slow_move,recording,-0.151243,3.665896,9.103854,-0.021198,0.007457,0.011751
186882520.000,YZJ,handheld,free_gripped_slow_move,recording,-0.152817,3.666496,9.140627,-0.013067,0.014606,0.014235
186882530.000,YZJ,handheld,free_gripped_slow_move,recording,-0.187686,3.606849,9.114657,-0.008181,0.025423,0.020782
186882540.000,YZJ,handheld,free_gripped_slow_move,recording,-0.170504,3.620950,9.119879,-0.005782,0.030168,0.025670
186882550.000,YZJ,handheld,free_gripped_slow_move,recording,-0.145449,3.590932,9.096950,-0.004784,0.027283,0.027763
186882560.000,YZJ,handheld,free_gripped_slow_move,recording,-0.127744,3.611142,9.058869,-0.008316,0.018166,0.027007
186882570.000,YZJ,handheld,free_gripped_slow_move,recording,-0.100050,3.640676,9.051009,-0.016706,0.012447,0.025802
186882580.000,YZJ,handheld,free_gripped_slow_move,recording,-0.070266,3.647705,9.060084,-0.023495,0.002278,0.024426
186882590.000,YZJ,handheld,free_gripped_slow_move,recording,-0.055157,3.631189,9.145865,-0.025304,-0.005949,0.020537
186882600.000,YZJ,handheld,free_gripped_slow_move,recording,-0.023741,3.608006,9.190699,-0.017956,-0.011455,0.016209
186882610.000,YZJ,handheld,free_gripped_slow_move,recording,-0.028251,3.570836,9.155034,-0.013215,-0.006998,0.012207
186882620.000,YZJ,handheld,free_gripped_slow_move,recording,-0.042700,3.550439,9.130889,-0.014393,0.001538,0.008748
186882630.000,YZJ,handheld,free_gripped_slow_move,recording,-0.102540,3.537221,9.151973,-0.011750,0.003417,0.009001
186882640.000,YZJ,handheld,free_gripped_slow_move,recording,-0.122688,3.550768,9.179279,-0.006365,0.002346,0.010953
186882650.000,YZJ,handheld,free_gripped_slow_move,recording,-0.107413,3.566693,9.148686,-0.005524,0.002534,0.013095
186882660.000,YZJ,handheld,free_gripped_slow_move,recording,-0.072360,3.597310,9.121241,-0.010191,-0.000060,0.014428
186882670.000,YZJ,handheld,free_gripped_slow_move,recording,-0.081622,3.632472,9.124066,-0.013351,-0.006746,0.017486
186882680.000,YZJ,handheld,free_gripped_slow_move,recording,-0.075344,3.638632,9.145720,-0.017221,-0.009440,0.021977
186882690.000,YZJ,handheld,free_gripped_slow_move,recording,-0.033773,3.618418,9.133433,-0.022632,-0.003731,0.025313
186882700.000,YZJ,handheld,free_gripped_slow_move,recording,-0.017103,3.593837,9.149513,-0.026756,0.003352,0.023420
186882710.000,YZJ,handheld,free_gripped_slow_move,recording,0.010224,3.541365,9.214180,-0.024154,0.006271,0.018672
186882720.000,YZJ,handheld,free_gripped_slow_move,recording,-0.013707,3.507916,9.271558,-0.013460,0.004824,0.012651
186882730.000,YZJ,handheld,free_gripped_slow_move,recording,0.028838,3.488184,9.266101,-0.000856,-0.000890,0.002143
186882740.000,YZJ,handheld,free_gripped_slow_move,recording,0.019966,3.493444,9.259242,0.006440,-0.012175,-0.008779
186882750.000,YZJ,handheld,free_gripped_slow_move,recording,-0.033930,3.506283,9.254703,0.014908,-0.014977,-0.015265
186882760.000,YZJ,handheld,free_gripped_slow_move,recording,-0.050812,3.527467,9.250867,0.027222,-0.015146,-0.019619
186882770.000,YZJ,handheld,free_gripped_slow_move,recording,-0.109736,3.531724,9.198802,0.037223,-0.012178,-0.018545
186882780.000,YZJ,handheld,free_gripped_slow_move,recording,-0.117675,3.605576,9.122299,0.040979,-0.001300,-0.013265
186882790.000,YZJ,handheld,free_gripped_slow_move,recording,-0.123470,3.635721,9.041851,0.038963,0.005816,-0.006720
186882800.000,YZJ,handheld,free_gripped_slow_move,recording,-0.100798,3.656047,8.960299,0.032738,0.009507,-0.002593
186882810.000,YZJ,handheld,free_gripped_slow_move,recording,-0.083125,3.654793,8.908902,0.018727,0.008687,-0.001556
186882820.000,YZJ,handheld,free_gripped_slow_move,recording,-0.067391,3.671671,8.876023,-0.001838,0.005617,-0.001881
186882830.000,YZJ,handheld,free_gripped_slow_move,recording,-0.098720,3.669479,8.868868,-0.023772,-0.003320,-0.001157
186882840.000,YZJ,handheld,free_gripped_slow_move,recording,-0.131700,3.647391,8.920893,-0.039644,-0.013836,0.001504
186882850.000,YZJ,handheld,free_gripped_slow_move,recording,-0.133834,3.638038,9.038718,-0.046127,-0.015747,0.004298
186882860.000,YZJ,handheld,free_gripped_slow_move,recording,-0.121622,3.616286,9.166559,-0.039697,-0.013673,0.006210
186882870.000,YZJ,handheld,free_gripped_slow_move,recording,-0.097325,3.591336,9.240408,-0.025774,-0.008790,0.004946
186882880.000,YZJ,handheld,free_gripped_slow_move,recording,-0.073990,3.541836,9.252853,-0.011679,0.002488,0.001424
186882890.000,YZJ,handheld,free_gripped_slow_move,recording,-0.079568,3.543965,9.263812,0.001198,0.010425,-0.002010
186882900.000,YZJ,handheld,free_gripped_slow_move,recording,-0.103112,3.530836,9.245069,0.014588,0.011049,-0.004071
186882910.000,YZJ,handheld,free_gripped_slow_move,recording,-0.101995,3.552996,9.193671,0.024951,0.004044,-0.009628
186882920.000,YZJ,handheld,free_gripped_slow_move,recording,-0.125056,3.580640,9.120048,0.026139,0.000513,-0.012235
186882930.000,YZJ,handheld,free_gripped_slow_move,recording,-0.174935,3.611851,9.036289,0.019537,-0.001243,-0.008996
186882940.000,YZJ,handheld,free_gripped_slow_move,recording,-0.189191,3.661904,8.979293,0.007838,-0.004588,-0.002057
186882950.000,YZJ,handheld,free_gripped_slow_move,recording,-0.197905,3.698571,8.984844,-0.004943,-0.006543,0.006377
186882960.000,YZJ,handheld,free_gripped_slow_move,recording,-0.181886,3.698415,8.986460,-0.010240,-0.002292,0.015549
186882970.000,YZJ,handheld,free_gripped_slow_move,recording,-0.144064,3.679330,9.017277,-0.016840,0.005649,0.021074
186882980.000,YZJ,handheld,free_gripped_slow_move,recording,-0.086989,3.641245,8.999855,-0.024697,0.014153,0.021676
186882990.000,YZJ,handheld,free_gripped_slow_move,recording,-0.073038,3.607180,9.068756,-0.032528,0.012963,0.018468
186883000.000,YZJ,handheld,free_gripped_slow_move,recording,-0.101858,3.576029,9.140908,-0.029787,0.005888,0.018257
186883010.000,YZJ,handheld,free_gripped_slow_move,recording,-0.081765,3.528921,9.208968,-0.024636,0.002631,0.016246
186883020.000,YZJ,handheld,free_gripped_slow_move,recording,-0.065181,3.532981,9.260729,-0.015667,0.001069,0.012392
186883030.000,YZJ,handheld,free_gripped_slow_move,recording,-0.052251,3.507896,9.277460,-0.007513,0.002148,0.005987
186883040.000,YZJ,handheld,free_gripped_slow_move,recording,-0.063527,3.509336,9.266390,-0.004766,0.005135,0.002338
186883050.000,YZJ,handheld,free_gripped_slow_move,recording,-0.059149,3.568663,9.261996,0.004020,0.004309,0.001392
186883060.000,YZJ,handheld,free_gripped_slow_move,recording,-0.090099,3.560728,9.250693,0.011259,-0.002343,0.002383
186883070.000,YZJ,handheld,free_gripped_slow_move,recording,-0.091046,3.585057,9.182766,0.012818,-0.010211,0.004444
186883080.000,YZJ,handheld,free_gripped_slow_move,recording,-0.062401,3.572188,9.129500,0.006577,-0.015124,0.004961
186883090.000,YZJ,handheld,free_gripped_slow_move,recording,-0.051598,3.558121,9.071843,-0.000359,-0.017698,0.002770
186883100.000,YZJ,handheld,free_gripped_slow_move,recording,-0.044025,3.550127,9.083800,-0.005007,-0.018385,-0.001464
186883110.000,YZJ,handheld,free_gripped_slow_move,recording,-0.083680,3.547297,9.081169,-0.009529,-0.019646,-0.001290
186883120.000,YZJ,handheld,free_gripped_slow_move,recording,-0.089102,3.576215,9.124429,-0.009469,-0.018259,0.000041
186883130.000,YZJ,handheld,free_gripped_slow_move,recording,-0.102552,3.574878,9.160204,-0.005449,-0.014218,0.002062
186883140.000,YZJ,handheld,free_gripped_slow_move,recording,-0.073063,3.588544,9.178803,0.005217,-0.000131,0.001521
186883150.000,YZJ,handheld,free_gripped_slow_move,recording,-0.062979,3.594421,9.161022,0.015591,0.016386,0.000828
186883160.000,YZJ,handheld,free_gripped_slow_move,recording,-0.106261,3.596267,9.118586,0.021020,0.037671,0.002251
186883170.000,YZJ,handheld,free_gripped_slow_move,recording,-0.140056,3.637896,9.071126,0.020853,0.039278,0.005804
186883180.000,YZJ,handheld,free_gripped_slow_move,recording,-0.189884,3.638410,9.022518,0.013854,0.021535,0.010633
186883190.000,YZJ,handheld,free_gripped_slow_move,recording,-0.193358,3.634566,8.974685,-0.001681,0.004234,0.016674
186883200.000,YZJ,handheld,free_gripped_slow_move,recording,-0.134562,3.628939,8.991666,-0.016667,-0.010828,0.020106
186883210.000,YZJ,handheld,free_gripped_slow_move,recording,-0.090081,3.598570,9.053477,-0.023453,-0.024522,0.018522
186883220.000,YZJ,handheld,free_gripped_slow_move,recording,-0.047117,3.561520,9.129246,-0.023263,-0.022324,0.015946
186883230.000,YZJ,handheld,free_gripped_slow_move,recording,-0.022127,3.561117,9.164691,-0.016356,-0.008130,0.011986
186883240.000,YZJ,handheld,free_gripped_slow_move,recording,-0.035752,3.547896,9.177973,-0.008232,0.003429,0.007508
186883250.000,YZJ,handheld,free_gripped_slow_move,recording,-0.071764,3.558171,9.154129,-0.003799,0.010174,0.006516
186883260.000,YZJ,handheld,free_gripped_slow_move,recording,-0.113617,3.573654,9.153806,-0.001064,0.018414,0.008331
186883270.000,YZJ,handheld,free_gripped_slow_move,recording,-0.133582,3.581339,9.190574,0.004756,0.025161,0.011083
186883280.000,YZJ,handheld,free_gripped_slow_move,recording,-0.134747,3.574527,9.198407,0.008992,0.025526,0.012308
186883290.000,YZJ,handheld,free_gripped_slow_move,recording,-0.102372,3.591944,9.195848,0.012668,0.025762,0.011268
186883300.000,YZJ,handheld,free_gripped_slow_move,recording,-0.119186,3.586358,9.189699,0.011415,0.025394,0.014031
186883310.000,YZJ,handheld,free_gripped_slow_move,recording,-0.073219,3.617897,9.206697,0.012717,0.016681,0.012536
186883320.000,YZJ,handheld,free_gripped_slow_move,recording,-0.052204,3.577772,9.197369,0.017697,0.001372,0.006486
186883330.000,YZJ,handheld,free_gripped_slow_move,recording,-0.029105,3.592457,9.152944,0.017892,0.000538,0.002693
186883340.000,YZJ,handheld,free_gripped_slow_move,recording,-0.034367,3.592407,9.125022,0.017656,0.006323,-0.001565
186883350.000,YZJ,handheld,free_gripped_slow_move,recording,-0.048661,3.575027,9.125417,0.018686,0.005452,-0.002436
186883360.000,YZJ,handheld,free_gripped_slow_move,recording,-0.095034,3.569593,9.086442,0.016242,0.004610,-0.002461
186883370.000,YZJ,handheld,free_gripped_slow_move,recording,-0.107010,3.573511,9.041051,0.008867,0.001392,-0.002629
186883380.000,YZJ,handheld,free_gripped_slow_move,recording,-0.139472,3.597618,9.025383,-0.000411,-0.006967,-0.001741
186883390.000,YZJ,handheld,free_gripped_slow_move,recording,-0.130541,3.598474,9.041517,-0.007433,-0.014507,0.001590
186883400.000,YZJ,handheld,free_gripped_slow_move,recording,-0.120361,3.583065,9.053575,-0.011038,-0.012068,0.004392
186883410.000,YZJ,handheld,free_gripped_slow_move,recording,-0.098288,3.592787,9.104982,-0.010213,-0.003294,0.005388
186883420.000,YZJ,handheld,free_gripped_slow_move,recording,-0.115576,3.591149,9.130058,-0.005369,0.005782,0.005799
186883430.000,YZJ,handheld,free_gripped_slow_move,recording,-0.128621,3.603597,9.134191,0.002616,0.017348,0.009122
186883440.000,YZJ,handheld,free_gripped_slow_move,recording,-0.107246,3.604351,9.099905,0.007357,0.028870,0.012226
186883450.000,YZJ,handheld,free_gripped_slow_move,recording,-0.108984,3.579466,9.052538,0.004757,0.032947,0.015624
186883460.000,YZJ,handheld,free_gripped_slow_move,recording,-0.104143,3.599072,9.025468,-0.000818,0.037385,0.019021
186883470.000,YZJ,handheld,free_gripped_slow_move,recording,-0.074935,3.589881,9.011565,-0.007014,0.042308,0.018197
186883480.000,YZJ,handheld,free_gripped_slow_move,recording,-0.132323,3.584643,9.038755,-0.012598,0.038471,0.017194
186883490.000,YZJ,handheld,free_gripped_slow_move,recording,-0.130822,3.611866,9.057976,-0.016246,0.034612,0.015618
186883500.000,YZJ,handheld,free_gripped_slow_move,recording,-0.211034,3.614644,9.072091,-0.017892,0.047621,0.028972
186883510.000,YZJ,handheld,free_gripped_slow_move,recording,-0.344853,3.693108,9.145917,-0.016528,0.058479,0.050404
186883520.000,YZJ,handheld,free_gripped_slow_move,recording,-0.290983,3.654549,9.148274,-0.013180,0.065334,0.072999
186883530.000,YZJ,handheld,free_gripped_slow_move,recording,-0.215317,3.651888,9.153203,-0.006583,0.085604,0.081077
186883540.000,YZJ,handheld,free_gripped_slow_move,recording,-0.139162,3.585194,9.191785,0.008682,0.106767,0.084418
186883550.000,YZJ,handheld,free_gripped_slow_move,recording,-0.039419,3.516288,9.196086,0.024724,0.144363,0.072916
186883560.000,YZJ,handheld,free_gripped_slow_move,recording,-0.037750,3.543200,9.216333,0.040978,0.187882,0.058246
186883570.000,YZJ,handheld,free_gripped_slow_move,recording,-0.294352,3.565604,9.201885,0.048230,0.180485,0.069410
186883580.000,YZJ,handheld,free_gripped_slow_move,recording,-0.379045,3.594622,9.101598,0.040434,0.126672,0.080676
186883590.000,YZJ,handheld,free_gripped_slow_move,recording,-0.404262,3.661109,9.099593,0.023657,0.087788,0.092448
186883600.000,YZJ,handheld,free_gripped_slow_move,recording,-0.382504,3.664861,9.071707,0.008719,0.038510,0.103526
186883610.000,YZJ,handheld,free_gripped_slow_move,recording,-0.295620,3.713193,8.938467,-0.013456,-0.009265,0.110018
186883620.000,YZJ,handheld,free_gripped_slow_move,recording,-0.215855,3.697638,8.970975,-0.046396,-0.014789,0.114017
186883630.000,YZJ,handheld,free_gripped_slow_move,recording,-0.317158,3.596766,8.969993,-0.073174,-0.015327,0.121018
186883640.000,YZJ,handheld,free_gripped_slow_move,recording,-0.452811,3.427436,8.921906,-0.099322,-0.027519,0.141440
186883650.000,YZJ,handheld,free_gripped_slow_move,recording,0.010309,3.770817,9.212821,-0.095648,-0.026430,0.132192
186883660.000,YZJ,handheld,free_gripped_slow_move,recording,-0.211391,3.567263,9.209608,-0.088505,0.002110,0.131224
186883670.000,YZJ,handheld,free_gripped_slow_move,recording,-0.140702,3.482107,9.212059,-0.073499,0.031898,0.128208
186883680.000,YZJ,handheld,free_gripped_slow_move,recording,0.027076,3.557232,9.217687,-0.055849,0.073168,0.110309
186883690.000,YZJ,handheld,free_gripped_slow_move,recording,0.142605,3.524264,9.091104,-0.046755,0.104174,0.079597
186883700.000,YZJ,handheld,free_gripped_slow_move,recording,0.113500,3.565524,9.041013,-0.050196,0.148248,0.053218
186883710.000,YZJ,handheld,free_gripped_slow_move,recording,0.117416,3.436973,9.893522,-0.004781,0.336431,0.053210
186883720.000,YZJ,handheld,free_gripped_slow_move,recording,-0.186578,3.486939,9.654921,0.098656,0.287953,0.023594
186883730.000,YZJ,handheld,free_gripped_slow_move,recording,-0.255433,3.449708,8.746292,0.103016,0.112905,0.000649
186883740.000,YZJ,handheld,free_gripped_slow_move,recording,-0.210954,3.701354,8.505381,0.010430,0.049153,0.012090
186883750.000,YZJ,handheld,free_gripped_slow_move,recording,-0.261776,3.714027,8.571013,-0.079677,0.060443,0.035176
186883760.000,YZJ,handheld,free_gripped_slow_move,recording,-0.381536,3.487398,8.685767,-0.123165,0.030433,0.059615
186883770.000,YZJ,handheld,free_gripped_slow_move,recording,-0.177738,3.501937,8.870684,-0.140246,0.015109,0.071187
186883780.000,YZJ,handheld,free_gripped_slow_move,recording,-0.192387,3.550805,9.103877,-0.149893,0.072679,0.083811
186883790.000,YZJ,handheld,free_gripped_slow_move,recording,-0.225015,3.556025,9.314033,-0.134797,0.130755,0.107369
186883800.000,YZJ,handheld,free_gripped_slow_move,recording,-0.068842,3.457959,9.424442,-0.100499,0.186140,0.114568
186883810.000,YZJ,handheld,free_gripped_slow_move,recording,0.113532,3.298310,9.597759,-0.050742,0.279527,0.112478
186883820.000,YZJ,handheld,free_gripped_slow_move,recording,0.396837,3.250305,9.727432,0.015813,0.395794,0.084822
186883830.000,YZJ,handheld,free_gripped_slow_move,recording,0.619459,3.273012,9.649991,0.077812,0.526492,0.025726
186883840.000,YZJ,handheld,free_gripped_slow_move,recording,0.644215,3.352363,9.559968,0.125206,0.659162,-0.044349
186883850.000,YZJ,handheld,free_gripped_slow_move,recording,0.517786,3.335589,9.641843,0.180031,0.773613,-0.109318
186883860.000,YZJ,handheld,free_gripped_slow_move,recording,0.374749,3.277642,9.755136,0.248875,0.842553,-0.171916
186883870.000,YZJ,handheld,free_gripped_slow_move,recording,0.207817,3.293032,9.874168,0.339563,0.881776,-0.231018
186883880.000,YZJ,handheld,free_gripped_slow_move,recording,-0.016225,3.367429,9.831636,0.423862,0.925446,-0.272765
186883890.000,YZJ,handheld,free_gripped_slow_move,recording,-0.249410,3.434587,9.626239,0.491534,0.966488,-0.300644
186883900.000,YZJ,handheld,free_gripped_slow_move,recording,-0.450427,3.523728,9.336142,0.525585,0.989610,-0.315295
186883910.000,YZJ,handheld,free_gripped_slow_move,recording,-0.668683,3.595838,9.065378,0.530946,1.021923,-0.317121
186883920.000,YZJ,handheld,free_gripped_slow_move,recording,-0.849277,3.676317,8.875350,0.517465,1.061389,-0.312528
186883930.000,YZJ,handheld,free_gripped_slow_move,recording,-0.983903,3.717143,8.752965,0.501232,1.107711,-0.303938
186883940.000,YZJ,handheld,free_gripped_slow_move,recording,-1.172156,3.816823,8.730928,0.487808,1.141310,-0.294055
186883950.000,YZJ,handheld,free_gripped_slow_move,recording,-1.328196,3.830393,8.712250,0.479556,1.174825,-0.278987
186883960.000,YZJ,handheld,free_gripped_slow_move,recording,-1.445150,3.914960,8.736077,0.474069,1.225624,-0.255492
186883970.000,YZJ,handheld,free_gripped_slow_move,recording,-1.567343,3.939334,8.836595,0.481947,1.307433,-0.234139
186883980.000,YZJ,handheld,free_gripped_slow_move,recording,-1.636987,3.932115,8.846288,0.514779,1.402236,-0.221161
186883990.000,YZJ,handheld,free_gripped_slow_move,recording,-1.767132,3.938783,8.709810,0.548801,1.506517,-0.213159
186884000.000,YZJ,handheld,free_gripped_slow_move,recording,-2.048514,4.018386,8.577187,0.577213,1.630165,-0.200774
186884010.000,YZJ,handheld,free_gripped_slow_move,recording,-2.386236,4.073791,8.362294,0.592183,1.727024,-0.182450
186884020.000,YZJ,handheld,free_gripped_slow_move,recording,-2.704195,4.225829,8.173108,0.596561,1.787452,-0.151795
186884030.000,YZJ,handheld,free_gripped_slow_move,recording,-3.023844,4.344582,7.986590,0.583604,1.809101,-0.104949
186884040.000,YZJ,handheld,free_gripped_slow_move,recording,-3.235559,4.432573,7.710952,0.547018,1.803883,-0.052115
186884050.000,YZJ,handheld,free_gripped_slow_move,recording,-3.344512,4.537532,7.657075,0.513298,1.799833,-0.005045
186884060.000,YZJ,handheld,free_gripped_slow_move,recording,-3.392434,4.554565,7.654210,0.483950,1.799882,0.025932
186884070.000,YZJ,handheld,free_gripped_slow_move,recording,-3.597098,4.484510,7.580594,0.453498,1.788172,0.049214
186884080.000,YZJ,handheld,free_gripped_slow_move,recording,-3.642844,4.571321,7.405754,0.410584,1.714296,0.070870
186884090.000,YZJ,handheld,free_gripped_slow_move,recording,-3.645289,4.748352,7.269731,0.353544,1.587567,0.069960
186884100.000,YZJ,handheld,free_gripped_slow_move,recording,-3.789750,4.656842,7.129195,0.284893,1.450414,0.060445
186884110.000,YZJ,handheld,free_gripped_slow_move,recording,-4.018747,4.636264,7.051267,0.209603,1.314485,0.060885
186884120.000,YZJ,handheld,free_gripped_slow_move,recording,-4.101106,4.668572,7.074851,0.140977,1.211175,0.066089
186884130.000,YZJ,handheld,free_gripped_slow_move,recording,-4.042428,4.570242,7.165522,0.093001,1.167137,0.066724
186884140.000,YZJ,handheld,free_gripped_slow_move,recording,-3.919253,4.719831,7.516213,0.086692,1.199916,0.057458
186884150.000,YZJ,handheld,free_gripped_slow_move,recording,-4.112301,4.665999,7.701268,0.114437,1.262377,0.050788
186884160.000,YZJ,handheld,free_gripped_slow_move,recording,-4.370191,4.669023,7.806050,0.154704,1.306463,0.061414
186884170.000,YZJ,handheld,free_gripped_slow_move,recording,-4.570291,4.643103,7.713090,0.181999,1.319558,0.082064
186884180.000,YZJ,handheld,free_gripped_slow_move,recording,-4.657522,4.723955,7.617872,0.195320,1.314057,0.106188
186884190.000,YZJ,handheld,free_gripped_slow_move,recording,-4.682640,4.834192,7.670062,0.208017,1.286967,0.119534
186884200.000,YZJ,handheld,free_gripped_slow_move,recording,-4.703106,4.701858,7.490787,0.206704,1.199833,0.121726
186884210.000,YZJ,handheld,free_gripped_slow_move,recording,-4.774360,4.703646,7.183463,0.174078,1.087881,0.121939
186884220.000,YZJ,handheld,free_gripped_slow_move,recording,-4.755265,4.697363,6.926554,0.113769,0.983814,0.114797
186884230.000,YZJ,handheld,free_gripped_slow_move,recording,-4.756191,4.654535,6.753508,0.036957,0.868121,0.098974
186884240.000,YZJ,handheld,free_gripped_slow_move,recording,-4.720972,4.763624,6.856550,-0.026489,0.751639,0.076056
186884250.000,YZJ,handheld,free_gripped_slow_move,recording,-4.755310,4.643207,6.941198,-0.061173,0.674174,0.059225
186884260.000,YZJ,handheld,free_gripped_slow_move,recording,-4.801245,4.680672,7.130095,-0.074326,0.639040,0.054482
186884270.000,YZJ,handheld,free_gripped_slow_move,recording,-4.804925,4.693400,7.236263,-0.062567,0.642640,0.052379
186884280.000,YZJ,handheld,free_gripped_slow_move,recording,-4.856102,4.713513,7.198492,-0.040057,0.648335,0.052099
186884290.000,YZJ,handheld,free_gripped_slow_move,recording,-4.881511,4.748519,7.010015,-0.028376,0.639068,0.052658
186884300.000,YZJ,handheld,free_gripped_slow_move,recording,-4.857281,4.722482,6.755226,-0.041503,0.621068,0.052224
186884310.000,YZJ,handheld,free_gripped_slow_move,recording,-4.804201,4.759073,6.527804,-0.074884,0.597130,0.037057
186884320.000,YZJ,handheld,free_gripped_slow_move,recording,-4.772033,4.741514,6.333878,-0.129554,0.523179,0.008699
186884330.000,YZJ,handheld,free_gripped_slow_move,recording,-4.876064,4.696192,6.253312,-0.196459,0.425358,-0.009004
186884340.000,YZJ,handheld,free_gripped_slow_move,recording,-4.845469,4.696288,6.389989,-0.245798,0.394216,-0.017637
186884350.000,YZJ,handheld,free_gripped_slow_move,recording,-4.804444,4.609727,6.593403,-0.268390,0.412202,-0.031471
186884360.000,YZJ,handheld,free_gripped_slow_move,recording,-4.849842,4.566094,6.853539,-0.256533,0.466342,-0.041144
186884370.000,YZJ,handheld,free_gripped_slow_move,recording,-4.959524,4.558761,7.066344,-0.208711,0.540002,-0.046861
186884380.000,YZJ,handheld,free_gripped_slow_move,recording,-5.135629,4.575587,7.123224,-0.152958,0.594814,-0.039420
186884390.000,YZJ,handheld,free_gripped_slow_move,recording,-5.272562,4.597264,7.028802,-0.110521,0.623410,-0.024815
186884400.000,YZJ,handheld,free_gripped_slow_move,recording,-5.330892,4.661071,6.949157,-0.083455,0.636353,-0.012871
186884410.000,YZJ,handheld,free_gripped_slow_move,recording,-5.372772,4.655156,6.880980,-0.070328,0.622398,-0.006738
186884420.000,YZJ,handheld,free_gripped_slow_move,recording,-5.402973,4.629193,6.759586,-0.067897,0.584186,-0.008152
186884430.000,YZJ,handheld,free_gripped_slow_move,recording,-5.369091,4.613914,6.638665,-0.078342,0.536793,-0.014223
186884440.000,YZJ,handheld,free_gripped_slow_move,recording,-5.396718,4.544932,6.531475,-0.102380,0.493766,-0.025752
186884450.000,YZJ,handheld,free_gripped_slow_move,recording,-5.439873,4.525812,6.422109,-0.134876,0.442719,-0.038671
186884460.000,YZJ,handheld,free_gripped_slow_move,recording,-5.499053,4.513798,6.375252,-0.173093,0.381476,-0.054177
186884470.000,YZJ,handheld,free_gripped_slow_move,recording,-5.570233,4.502299,6.396698,-0.210044,0.338624,-0.065846
186884480.000,YZJ,handheld,free_gripped_slow_move,recording,-5.588645,4.495039,6.520958,-0.229788,0.325834,-0.073184
186884490.000,YZJ,handheld,free_gripped_slow_move,recording,-5.603491,4.470895,6.696092,-0.224612,0.342981,-0.079783
186884500.000,YZJ,handheld,free_gripped_slow_move,recording,-5.655373,4.478301,6.835368,-0.196962,0.365896,-0.084784
186884510.000,YZJ,handheld,free_gripped_slow_move,recording,-5.797649,4.486448,6.920803,-0.156735,0.376212,-0.078234
186884520.000,YZJ,handheld,free_gripped_slow_move,recording,-5.938255,4.500144,6.971839,-0.112872,0.389512,-0.060732
186884530.000,YZJ,handheld,free_gripped_slow_move,recording,-5.956039,4.440228,6.956251,-0.072315,0.403699,-0.043876
186884540.000,YZJ,handheld,free_gripped_slow_move,recording,-5.887845,4.381487,6.900787,-0.033854,0.407908,-0.040152
186884550.000,YZJ,handheld,free_gripped_slow_move,recording,-5.945018,4.345486,6.804358,-0.005996,0.425596,-0.032585
186884560.000,YZJ,handheld,free_gripped_slow_move,recording,-5.946497,4.323793,6.702749,0.012731,0.431494,-0.030665
186884570.000,YZJ,handheld,free_gripped_slow_move,recording,-5.892337,4.372466,6.559270,0.017968,0.433210,-0.038306
186884580.000,YZJ,handheld,free_gripped_slow_move,recording,-5.997140,4.440199,6.427049,0.007260,0.416279,-0.041369
186884590.000,YZJ,handheld,free_gripped_slow_move,recording,-6.026997,4.459550,6.374059,-0.013149,0.378590,-0.040341
186884600.000,YZJ,handheld,free_gripped_slow_move,recording,-6.048261,4.456793,6.385440,-0.035384,0.369926,-0.035180
186884610.000,YZJ,handheld,free_gripped_slow_move,recording,-6.033819,4.414177,6.482654,-0.042913,0.382731,-0.029536
186884620.000,YZJ,handheld,free_gripped_slow_move,recording,-6.067157,4.387244,6.644184,-0.030958,0.397374,-0.027298
186884630.000,YZJ,handheld,free_gripped_slow_move,recording,-6.141436,4.383787,6.728544,0.000470,0.385034,-0.025664
186884640.000,YZJ,handheld,free_gripped_slow_move,recording,-6.249691,4.356566,6.680459,0.028496,0.357584,-0.020204
186884650.000,YZJ,handheld,free_gripped_slow_move,recording,-6.237660,4.355457,6.569930,0.047594,0.329045,-0.017282
186884660.000,YZJ,handheld,free_gripped_slow_move,recording,-6.245767,4.379496,6.454169,0.060098,0.288252,-0.015878
186884670.000,YZJ,handheld,free_gripped_slow_move,recording,-6.281118,4.372305,6.353343,0.063435,0.247311,-0.010857
186884680.000,YZJ,handheld,free_gripped_slow_move,recording,-6.193742,4.382783,6.313755,0.061943,0.231292,-0.006382
186884690.000,YZJ,handheld,free_gripped_slow_move,recording,-6.169724,4.455984,6.317106,0.064631,0.219707,-0.003590
186884700.000,YZJ,handheld,free_gripped_slow_move,recording,-6.197343,4.439590,6.285761,0.068890,0.228373,0.001660
186884710.000,YZJ,handheld,free_gripped_slow_move,recording,-6.162019,4.414654,6.226908,0.072937,0.238463,0.005089
186884720.000,YZJ,handheld,free_gripped_slow_move,recording,-6.207795,4.455251,6.158299,0.065880,0.221736,0.008629
186884730.000,YZJ,handheld,free_gripped_slow_move,recording,-6.253187,4.493360,6.095349,0.052772,0.162851,0.012046
186884740.000,YZJ,handheld,free_gripped_slow_move,recording,-6.187061,4.488483,6.003575,0.029977,0.095798,0.005770
186884750.000,YZJ,handheld,free_gripped_slow_move,recording,-6.098104,4.456010,5.955392,0.003938,0.037240,-0.007932
186884760.000,YZJ,handheld,free_gripped_slow_move,recording,-6.063485,4.443762,5.966471,-0.015127,-0.002226,-0.023547
186884770.000,YZJ,handheld,free_gripped_slow_move,recording,-6.079951,4.416962,6.079267,-0.022441,-0.015231,-0.036343
186884780.000,YZJ,handheld,free_gripped_slow_move,recording,-6.166849,4.405174,6.097518,-0.022250,-0.030805,-0.041793
186884790.000,YZJ,handheld,free_gripped_slow_move,recording,-6.259657,4.431340,6.123604,-0.021006,-0.052522,-0.036903
186884800.000,YZJ,handheld,free_gripped_slow_move,recording,-6.233850,4.400553,6.122880,-0.021268,-0.075243,-0.034057
186884810.000,YZJ,handheld,free_gripped_slow_move,recording,-6.187195,4.394282,6.193084,-0.016978,-0.086733,-0.033099
186884820.000,YZJ,handheld,free_gripped_slow_move,recording,-6.154468,4.374330,6.273335,-0.005954,-0.096708,-0.035787
186884830.000,YZJ,handheld,free_gripped_slow_move,recording,-6.109455,4.391108,6.278180,0.006749,-0.102722,-0.041024
186884840.000,YZJ,handheld,free_gripped_slow_move,recording,-6.110138,4.434112,6.264281,0.015474,-0.090690,-0.044401
186884850.000,YZJ,handheld,free_gripped_slow_move,recording,-6.138326,4.451763,6.244905,0.023437,-0.076564,-0.046844
186884860.000,YZJ,handheld,free_gripped_slow_move,recording,-6.173592,4.467989,6.141339,0.027657,-0.081412,-0.045998
186884870.000,YZJ,handheld,free_gripped_slow_move,recording,-6.227712,4.459360,6.063075,0.021215,-0.077737,-0.040537
186884880.000,YZJ,handheld,free_gripped_slow_move,recording,-6.234658,4.471415,5.961097,0.002154,-0.083659,-0.035751
186884890.000,YZJ,handheld,free_gripped_slow_move,recording,-6.231342,4.505650,5.931665,-0.026502,-0.123452,-0.032882
186884900.000,YZJ,handheld,free_gripped_slow_move,recording,-6.223481,4.480608,5.978679,-0.052960,-0.184319,-0.035006
186884910.000,YZJ,handheld,free_gripped_slow_move,recording,-6.205532,4.451316,6.105676,-0.072476,-0.242495,-0.038181
186884920.000,YZJ,handheld,free_gripped_slow_move,recording,-6.074736,4.377694,6.208417,-0.081428,-0.284475,-0.050201
186884930.000,YZJ,handheld,free_gripped_slow_move,recording,-6.068978,4.341610,6.227856,-0.085438,-0.323082,-0.065902
186884940.000,YZJ,handheld,free_gripped_slow_move,recording,-6.085042,4.296657,6.224182,-0.086122,-0.353555,-0.075446
186884950.000,YZJ,handheld,free_gripped_slow_move,recording,-6.095813,4.288781,6.256636,-0.084076,-0.355510,-0.079811
186884960.000,YZJ,handheld,free_gripped_slow_move,recording,-6.135898,4.310837,6.261269,-0.085296,-0.351153,-0.078872
186884970.000,YZJ,handheld,free_gripped_slow_move,recording,-6.139324,4.362043,6.331888,-0.079660,-0.343504,-0.069445
186884980.000,YZJ,handheld,free_gripped_slow_move,recording,-6.091023,4.343461,6.426176,-0.066648,-0.303825,-0.061562
186884990.000,YZJ,handheld,free_gripped_slow_move,recording,-6.026063,4.339111,6.492930,-0.048132,-0.271225,-0.059248
186885000.000,YZJ,handheld,free_gripped_slow_move,recording,-6.111478,4.371079,6.484170,-0.030816,-0.276026,-0.051814
186885010.000,YZJ,handheld,free_gripped_slow_move,recording,-6.176156,4.406091,6.417860,-0.030275,-0.309023,-0.040905
186885020.000,YZJ,handheld,free_gripped_slow_move,recording,-6.162173,4.436841,6.294946,-0.053455,-0.359641,-0.030075
186885030.000,YZJ,handheld,free_gripped_slow_move,recording,-6.124913,4.450050,6.231139,-0.099741,-0.460233,-0.025416
186885040.000,YZJ,handheld,free_gripped_slow_move,recording,-6.070015,4.409328,6.212643,-0.149616,-0.603895,-0.028509
186885050.000,YZJ,handheld,free_gripped_slow_move,recording,-5.974589,4.373028,6.366598,-0.189337,-0.761238,-0.039357
186885060.000,YZJ,handheld,free_gripped_slow_move,recording,-5.826266,4.263858,6.506963,-0.218879,-0.906507,-0.061311
186885070.000,YZJ,handheld,free_gripped_slow_move,recording,-5.648209,4.179497,6.664062,-0.225139,-0.995246,-0.088639
186885080.000,YZJ,handheld,free_gripped_slow_move,recording,-5.438513,4.076651,6.764474,-0.210679,-1.000518,-0.119551
186885090.000,YZJ,handheld,free_gripped_slow_move,recording,-5.376595,4.011975,6.756640,-0.193747,-0.953798,-0.144503
186885100.000,YZJ,handheld,free_gripped_slow_move,recording,-5.448115,4.088132,6.782633,-0.184259,-0.872743,-0.148501
186885110.000,YZJ,handheld,free_gripped_slow_move,recording,-5.607567,4.158234,6.783811,-0.187568,-0.766932,-0.128739
186885120.000,YZJ,handheld,free_gripped_slow_move,recording,-5.576015,4.189647,6.836784,-0.189776,-0.647518,-0.094928
186885130.000,YZJ,handheld,free_gripped_slow_move,recording,-5.483443,4.149891,6.938072,-0.179210,-0.522663,-0.071159
186885140.000,YZJ,handheld,free_gripped_slow_move,recording,-5.421319,4.116135,7.000285,-0.155365,-0.409074,-0.055827
186885150.000,YZJ,handheld,free_gripped_slow_move,recording,-5.440847,4.100669,7.070285,-0.123117,-0.301669,-0.039952
186885160.000,YZJ,handheld,free_gripped_slow_move,recording,-5.558472,4.156205,7.058899,-0.093864,-0.226076,-0.014232
186885170.000,YZJ,handheld,free_gripped_slow_move,recording,-5.637367,4.224946,6.938366,-0.092070,-0.235192,0.007640
186885180.000,YZJ,handheld,free_gripped_slow_move,recording,-5.688328,4.275293,6.819741,-0.119314,-0.316358,0.027401
186885190.000,YZJ,handheld,free_gripped_slow_move,recording,-5.618020,4.280775,6.772772,-0.162141,-0.445035,0.040083
186885200.000,YZJ,handheld,free_gripped_slow_move,recording,-5.452340,4.166121,6.764311,-0.208574,-0.592517,0.040719
186885210.000,YZJ,handheld,free_gripped_slow_move,recording,-5.245820,4.052827,6.822969,-0.251559,-0.722086,0.021015
186885220.000,YZJ,handheld,free_gripped_slow_move,recording,-5.098456,4.007341,6.896924,-0.283056,-0.796535,-0.005932
186885230.000,YZJ,handheld,free_gripped_slow_move,recording,-5.037682,3.955476,6.969370,-0.315656,-0.834341,-0.029790
186885240.000,YZJ,handheld,free_gripped_slow_move,recording,-5.104441,3.957718,7.141808,-0.341893,-0.828898,-0.031689
186885250.000,YZJ,handheld,free_gripped_slow_move,recording,-5.172085,3.989997,7.416174,-0.353101,-0.821269,-0.013057
186885260.000,YZJ,handheld,free_gripped_slow_move,recording,-5.191489,3.979797,7.686344,-0.343279,-0.863244,0.005934
186885270.000,YZJ,handheld,free_gripped_slow_move,recording,-5.249741,3.959700,7.938413,-0.317482,-0.954511,0.028152
186885280.000,YZJ,handheld,free_gripped_slow_move,recording,-5.271033,4.007810,8.076496,-0.293305,-1.086356,0.057586
186885290.000,YZJ,handheld,free_gripped_slow_move,recording,-5.175118,3.998620,8.144580,-0.281559,-1.247909,0.083356
186885300.000,YZJ,handheld,free_gripped_slow_move,recording,-4.943846,3.981808,8.116310,-0.281550,-1.436623,0.084155
186885310.000,YZJ,handheld,free_gripped_slow_move,recording,-4.656850,3.886789,8.070476,-0.290153,-1.616965,0.066540
186885320.000,YZJ,handheld,free_gripped_slow_move,recording,-4.339339,3.699693,8.014048,-0.309565,-1.761135,0.040227
186885330.000,YZJ,handheld,free_gripped_slow_move,recording,-3.977118,3.558564,8.021013,-0.327772,-1.803270,0.001096
186885340.000,YZJ,handheld,free_gripped_slow_move,recording,-3.647397,3.445904,8.078848,-0.336833,-1.739157,-0.051128
186885350.000,YZJ,handheld,free_gripped_slow_move,recording,-3.478477,3.397573,8.216079,-0.330053,-1.606125,-0.094256
186885360.000,YZJ,handheld,free_gripped_slow_move,recording,-3.583624,3.426668,8.378664,-0.303573,-1.411664,-0.106426
186885370.000,YZJ,handheld,free_gripped_slow_move,recording,-3.719921,3.527224,8.605107,-0.258693,-1.184623,-0.079144
186885380.000,YZJ,handheld,free_gripped_slow_move,recording,-3.858896,3.567439,8.833562,-0.196774,-0.987576,-0.027273
186885390.000,YZJ,handheld,free_gripped_slow_move,recording,-3.942659,3.597792,8.990940,-0.117941,-0.836736,0.025641
186885400.000,YZJ,handheld,free_gripped_slow_move,recording,-3.867853,3.666078,9.101901,-0.028711,-0.731273,0.070717
186885410.000,YZJ,handheld,free_gripped_slow_move,recording,-3.759670,3.688786,9.026387,0.049610,-0.683843,0.104235
186885420.000,YZJ,handheld,free_gripped_slow_move,recording,-3.651044,3.693156,8.848103,0.101222,-0.704859,0.121254
186885430.000,YZJ,handheld,free_gripped_slow_move,recording,-3.540596,3.684950,8.543933,0.113612,-0.787091,0.124409
186885440.000,YZJ,handheld,free_gripped_slow_move,recording,-3.413159,3.660281,8.270715,0.083914,-0.882333,0.120916
186885450.000,YZJ,handheld,free_gripped_slow_move,recording,-3.221349,3.641149,8.115476,0.029880,-0.973362,0.115141
186885460.000,YZJ,handheld,free_gripped_slow_move,recording,-3.091646,3.618918,8.064704,-0.034416,-1.043953,0.111534
186885470.000,YZJ,handheld,free_gripped_slow_move,recording,-2.914804,3.596918,8.117957,-0.096687,-1.087663,0.105655
186885480.000,YZJ,handheld,free_gripped_slow_move,recording,-2.719669,3.575002,8.219080,-0.140605,-1.118719,0.096355
186885490.000,YZJ,handheld,free_gripped_slow_move,recording,-2.535856,3.526436,8.429381,-0.162068,-1.116899,0.078646
186885500.000,YZJ,handheld,free_gripped_slow_move,recording,-2.347519,3.552863,8.591569,-0.159758,-1.073700,0.054311
186885510.000,YZJ,handheld,free_gripped_slow_move,recording,-2.221093,3.533231,8.749487,-0.138267,-1.001600,0.029278
186885520.000,YZJ,handheld,free_gripped_slow_move,recording,-2.205096,3.513357,8.900360,-0.101679,-0.910187,0.012372
186885530.000,YZJ,handheld,free_gripped_slow_move,recording,-2.144477,3.499700,9.038120,-0.051024,-0.815056,-0.002344
186885540.000,YZJ,handheld,free_gripped_slow_move,recording,-2.146266,3.532384,9.120029,0.006190,-0.728425,-0.014238
186885550.000,YZJ,handheld,free_gripped_slow_move,recording,-2.204531,3.557991,9.143559,0.061711,-0.647796,-0.015929
186885560.000,YZJ,handheld,free_gripped_slow_move,recording,-2.297377,3.625184,9.107840,0.107552,-0.571121,-0.000863
186885570.000,YZJ,handheld,free_gripped_slow_move,recording,-2.319556,3.682892,9.012514,0.135049,-0.526721,0.024508
186885580.000,YZJ,handheld,free_gripped_slow_move,recording,-2.242454,3.683925,8.851726,0.146015,-0.506825,0.044809
186885590.000,YZJ,handheld,free_gripped_slow_move,recording,-2.210811,3.648922,8.737024,0.140028,-0.483740,0.058913
186885600.000,YZJ,handheld,free_gripped_slow_move,recording,-2.077842,3.655807,8.662925,0.131467,-0.474483,0.063742
186885610.000,YZJ,handheld,free_gripped_slow_move,recording,-1.916089,3.588142,8.604348,0.117002,-0.459013,0.057486
186885620.000,YZJ,handheld,free_gripped_slow_move,recording,-1.897724,3.642789,8.580210,0.105532,-0.434954,0.050961
186885630.000,YZJ,handheld,free_gripped_slow_move,recording,-1.800470,3.683923,8.610732,0.096248,-0.416036,0.042053
186885640.000,YZJ,handheld,free_gripped_slow_move,recording,-1.707163,3.676714,8.567223,0.083927,-0.397603,0.025804
186885650.000,YZJ,handheld,free_gripped_slow_move,recording,-1.684568,3.733205,8.564342,0.063198,-0.381828,0.015369
186885660.000,YZJ,handheld,free_gripped_slow_move,recording,-1.712376,3.794924,8.551721,0.040909,-0.372753,0.014146
186885670.000,YZJ,handheld,free_gripped_slow_move,recording,-1.675345,3.782725,8.536249,0.016092,-0.369220,0.016846
186885680.000,YZJ,handheld,free_gripped_slow_move,recording,-1.614880,3.763276,8.569440,-0.010476,-0.361240,0.015537
186885690.000,YZJ,handheld,free_gripped_slow_move,recording,-1.636242,3.708866,8.616434,-0.036228,-0.383956,0.015222
186885700.000,YZJ,handheld,free_gripped_slow_move,recording,-1.631871,3.677795,8.685507,-0.055576,-0.422565,0.014106
186885710.000,YZJ,handheld,free_gripped_slow_move,recording,-1.606885,3.687774,8.816455,-0.067514,-0.457295,0.008720
186885720.000,YZJ,handheld,free_gripped_slow_move,recording,-1.550943,3.659068,8.877663,-0.079085,-0.502622,0.001816
186885730.000,YZJ,handheld,free_gripped_slow_move,recording,-1.510079,3.640050,8.923619,-0.086121,-0.557473,-0.007485
186885740.000,YZJ,handheld,free_gripped_slow_move,recording,-1.488210,3.657538,8.967515,-0.090303,-0.601058,-0.014025
186885750.000,YZJ,handheld,free_gripped_slow_move,recording,-1.453056,3.633962,9.028437,-0.091315,-0.624994,-0.014356
186885760.000,YZJ,handheld,free_gripped_slow_move,recording,-1.392533,3.609580,9.046159,-0.089751,-0.633180,-0.009447
186885770.000,YZJ,handheld,free_gripped_slow_move,recording,-1.307098,3.610963,9.106801,-0.083462,-0.613468,-0.005805
186885780.000,YZJ,handheld,free_gripped_slow_move,recording,-1.210807,3.627240,9.190748,-0.067797,-0.565487,-0.005200
186885790.000,YZJ,handheld,free_gripped_slow_move,recording,-1.157060,3.617240,9.267279,-0.044498,-0.509546,-0.002938
186885800.000,YZJ,handheld,free_gripped_slow_move,recording,-1.151672,3.616335,9.321116,-0.016845,-0.458340,0.002127
186885810.000,YZJ,handheld,free_gripped_slow_move,recording,-1.213894,3.601985,9.347270,0.010052,-0.442363,0.016455
186885820.000,YZJ,handheld,free_gripped_slow_move,recording,-1.246438,3.580792,9.303916,0.032727,-0.490054,0.028460
186885830.000,YZJ,handheld,free_gripped_slow_move,recording,-1.218975,3.614329,9.306191,0.050211,-0.534031,0.029532
186885840.000,YZJ,handheld,free_gripped_slow_move,recording,-1.075408,3.622149,9.254830,0.061660,-0.549018,0.025468
186885850.000,YZJ,handheld,free_gripped_slow_move,recording,-0.946053,3.632769,9.260171,0.071372,-0.530294,0.016684
186885860.000,YZJ,handheld,free_gripped_slow_move,recording,-0.807289,3.612359,9.257299,0.082545,-0.478851,0.003748
186885870.000,YZJ,handheld,free_gripped_slow_move,recording,-0.748932,3.596042,9.347934,0.101412,-0.393209,-0.007123
186885880.000,YZJ,handheld,free_gripped_slow_move,recording,-0.742290,3.622425,9.475294,0.137520,-0.289980,-0.015327
186885890.000,YZJ,handheld,free_gripped_slow_move,recording,-0.828932,3.525562,9.536303,0.192921,-0.191577,-0.014521
186885900.000,YZJ,handheld,free_gripped_slow_move,recording,-0.904695,3.604802,9.646411,0.262086,-0.097138,-0.003134
186885910.000,YZJ,handheld,free_gripped_slow_move,recording,-0.941368,3.662736,9.647630,0.336580,-0.016674,0.014216
186885920.000,YZJ,handheld,free_gripped_slow_move,recording,-0.930082,3.743077,9.488360,0.396210,0.026148,0.032940
186885930.000,YZJ,handheld,free_gripped_slow_move,recording,-0.950842,3.789891,9.291584,0.430998,0.043088,0.050187
186885940.000,YZJ,handheld,free_gripped_slow_move,recording,-0.938161,3.881939,9.132066,0.446937,0.034578,0.059125
186885950.000,YZJ,handheld,free_gripped_slow_move,recording,-0.850339,3.919579,8.917625,0.444339,-0.001469,0.056409
186885960.000,YZJ,handheld,free_gripped_slow_move,recording,-0.801354,3.899758,8.738820,0.421619,-0.041367,0.046127
186885970.000,YZJ,handheld,free_gripped_slow_move,recording,-0.753771,3.952250,8.582548,0.380450,-0.076529,0.035465
186885980.000,YZJ,handheld,free_gripped_slow_move,recording,-0.724612,4.016088,8.470657,0.328438,-0.107371,0.025388
186885990.000,YZJ,handheld,free_gripped_slow_move,recording,-0.734513,4.005026,8.416761,0.275175,-0.132918,0.016983
186886000.000,YZJ,handheld,free_gripped_slow_move,recording,-0.719043,4.006291,8.441606,0.222326,-0.149346,0.011304
186886010.000,YZJ,handheld,free_gripped_slow_move,recording,-0.689416,4.033654,8.548573,0.185893,-0.157998,0.007008
186886020.000,YZJ,handheld,free_gripped_slow_move,recording,-0.717811,4.035822,8.666217,0.169903,-0.167956,0.006181
186886030.000,YZJ,handheld,free_gripped_slow_move,recording,-0.682488,4.053731,8.752593,0.168962,-0.169969,0.005090
186886040.000,YZJ,handheld,free_gripped_slow_move,recording,-0.612643,4.112311,8.846029,0.178119,-0.153878,-0.000270
186886050.000,YZJ,handheld,free_gripped_slow_move,recording,-0.587853,4.159005,8.896363,0.191152,-0.122988,-0.002389
186886060.000,YZJ,handheld,free_gripped_slow_move,recording,-0.595146,4.145709,8.862568,0.204818,-0.095868,-0.004159
186886070.000,YZJ,handheld,free_gripped_slow_move,recording,-0.632527,4.148874,8.772502,0.210048,-0.079440,-0.003565
186886080.000,YZJ,handheld,free_gripped_slow_move,recording,-0.653883,4.174657,8.667691,0.202626,-0.073658,-0.001533
186886090.000,YZJ,handheld,free_gripped_slow_move,recording,-0.646828,4.196159,8.557751,0.184258,-0.081895,0.001701
186886100.000,YZJ,handheld,free_gripped_slow_move,recording,-0.615044,4.237522,8.478337,0.154902,-0.097997,0.003299
186886110.000,YZJ,handheld,free_gripped_slow_move,recording,-0.593263,4.241520,8.399743,0.114700,-0.118746,0.003131
186886120.000,YZJ,handheld,free_gripped_slow_move,recording,-0.579727,4.267181,8.467928,0.075332,-0.147123,0.002173
186886130.000,YZJ,handheld,free_gripped_slow_move,recording,-0.577745,4.246064,8.553019,0.051820,-0.182301,0.000923
186886140.000,YZJ,handheld,free_gripped_slow_move,recording,-0.500830,4.239791,8.679522,0.041760,-0.212963,-0.000567
186886150.000,YZJ,handheld,free_gripped_slow_move,recording,-0.433222,4.234512,8.736125,0.038187,-0.221292,-0.008041
186886160.000,YZJ,handheld,free_gripped_slow_move,recording,-0.424014,4.235201,8.831783,0.042132,-0.210227,-0.018477
186886170.000,YZJ,handheld,free_gripped_slow_move,recording,-0.441044,4.198704,8.829000,0.055085,-0.198132,-0.025930
186886180.000,YZJ,handheld,free_gripped_slow_move,recording,-0.434547,4.211320,8.837780,0.064611,-0.175009,-0.030310
186886190.000,YZJ,handheld,free_gripped_slow_move,recording,-0.429742,4.242764,8.831752,0.072611,-0.138599,-0.031421
186886200.000,YZJ,handheld,free_gripped_slow_move,recording,-0.463739,4.247391,8.825906,0.078427,-0.104534,-0.030739
186886210.000,YZJ,handheld,free_gripped_slow_move,recording,-0.466497,4.264069,8.805535,0.083560,-0.075507,-0.029281
186886220.000,YZJ,handheld,free_gripped_slow_move,recording,-0.501654,4.272791,8.777912,0.084495,-0.049943,-0.023568
186886230.000,YZJ,handheld,free_gripped_slow_move,recording,-0.498619,4.315678,8.751002,0.079227,-0.031990,-0.017507
186886240.000,YZJ,handheld,free_gripped_slow_move,recording,-0.478812,4.337240,8.733874,0.072010,-0.021281,-0.014241
186886250.000,YZJ,handheld,free_gripped_slow_move,recording,-0.469389,4.321707,8.692259,0.059137,-0.013128,-0.013011
186886260.000,YZJ,handheld,free_gripped_slow_move,recording,-0.453388,4.304253,8.733776,0.048647,-0.010998,-0.016370
186886270.000,YZJ,handheld,free_gripped_slow_move,recording,-0.433320,4.304676,8.740032,0.044885,-0.019252,-0.020706
186886280.000,YZJ,handheld,free_gripped_slow_move,recording,-0.437873,4.308731,8.758293,0.039920,-0.029715,-0.024878
186886290.000,YZJ,handheld,free_gripped_slow_move,recording,-0.466354,4.290418,8.765493,0.032634,-0.043407,-0.026869
186886300.000,YZJ,handheld,free_gripped_slow_move,recording,-0.498095,4.312784,8.852597,0.035981,-0.055465,-0.025971
186886310.000,YZJ,handheld,free_gripped_slow_move,recording,-0.480613,4.316649,8.932194,0.047004,-0.056702,-0.025025
186886320.000,YZJ,handheld,free_gripped_slow_move,recording,-0.466943,4.283926,8.959686,0.061195,-0.051260,-0.022776
186886330.000,YZJ,handheld,free_gripped_slow_move,recording,-0.462581,4.318251,8.963128,0.076775,-0.035687,-0.022036
186886340.000,YZJ,handheld,free_gripped_slow_move,recording,-0.446479,4.310118,8.932606,0.091431,-0.021481,-0.023420
186886350.000,YZJ,handheld,free_gripped_slow_move,recording,-0.444625,4.308425,8.835400,0.098645,-0.014468,-0.024607
186886360.000,YZJ,handheld,free_gripped_slow_move,recording,-0.453066,4.343359,8.761855,0.094982,-0.009802,-0.024457
186886370.000,YZJ,handheld,free_gripped_slow_move,recording,-0.433823,4.372410,8.731195,0.088860,-0.010106,-0.026807
186886380.000,YZJ,handheld,free_gripped_slow_move,recording,-0.479827,4.368556,8.666376,0.076388,-0.023901,-0.026789
186886390.000,YZJ,handheld,free_gripped_slow_move,recording,-0.502854,4.346889,8.591567,0.054058,-0.041635,-0.023474
186886400.000,YZJ,handheld,free_gripped_slow_move,recording,-0.486707,4.368999,8.588174,0.031304,-0.063310,-0.024603
186886410.000,YZJ,handheld,free_gripped_slow_move,recording,-0.463988,4.382717,8.620970,0.012064,-0.086204,-0.025847
186886420.000,YZJ,handheld,free_gripped_slow_move,recording,-0.466840,4.370754,8.733663,0.001946,-0.102174,-0.027069
186886430.000,YZJ,handheld,free_gripped_slow_move,recording,-0.456496,4.389919,8.837855,0.006630,-0.110494,-0.027791
186886440.000,YZJ,handheld,free_gripped_slow_move,recording,-0.443687,4.385184,8.876880,0.017566,-0.105367,-0.027879
186886450.000,YZJ,handheld,free_gripped_slow_move,recording,-0.424072,4.388093,8.928155,0.034848,-0.087763,-0.028331
186886460.000,YZJ,handheld,free_gripped_slow_move,recording,-0.419682,4.377641,8.922384,0.058140,-0.070959,-0.027308
186886470.000,YZJ,handheld,free_gripped_slow_move,recording,-0.441109,4.377504,8.875960,0.074540,-0.050671,-0.022381
186886480.000,YZJ,handheld,free_gripped_slow_move,recording,-0.445814,4.380663,8.775604,0.081720,-0.032603,-0.017860
186886490.000,YZJ,handheld,free_gripped_slow_move,recording,-0.432362,4.387651,8.736813,0.082029,-0.024824,-0.018540
186886500.000,YZJ,handheld,free_gripped_slow_move,recording,-0.428606,4.392827,8.696158,0.076627,-0.029907,-0.016904
186886510.000,YZJ,handheld,free_gripped_slow_move,recording,-0.436728,4.413588,8.656574,0.065696,-0.034510,-0.014008
186886520.000,YZJ,handheld,free_gripped_slow_move,recording,-0.406709,4.452379,8.677156,0.056797,-0.038832,-0.013016
186886530.000,YZJ,handheld,free_gripped_slow_move,recording,-0.381887,4.442665,8.646686,0.048594,-0.052724,-0.014085
186886540.000,YZJ,handheld,free_gripped_slow_move,recording,-0.381988,4.450739,8.642054,0.040102,-0.070374,-0.015091
186886550.000,YZJ,handheld,free_gripped_slow_move,recording,-0.390709,4.453390,8.600024,0.029888,-0.086135,-0.013984
186886560.000,YZJ,handheld,free_gripped_slow_move,recording,-0.389123,4.443057,8.615290,0.019973,-0.089789,-0.012478
186886570.000,YZJ,handheld,free_gripped_slow_move,recording,-0.373869,4.423319,8.666515,0.016384,-0.083441,-0.010313
186886580.000,YZJ,handheld,free_gripped_slow_move,recording,-0.381493,4.431737,8.769718,0.022105,-0.071161,-0.006692
186886590.000,YZJ,handheld,free_gripped_slow_move,recording,-0.350391,4.415973,8.826567,0.034128,-0.058374,-0.006347
186886600.000,YZJ,handheld,free_gripped_slow_move,recording,-0.336421,4.423530,8.822040,0.048265,-0.042854,-0.007308
186886610.000,YZJ,handheld,free_gripped_slow_move,recording,-0.325919,4.447932,8.821340,0.059916,-0.025967,-0.007348
186886620.000,YZJ,handheld,free_gripped_slow_move,recording,-0.324927,4.442421,8.778630,0.068598,-0.014785,-0.007915
186886630.000,YZJ,handheld,free_gripped_slow_move,recording,-0.324942,4.467147,8.746504,0.074488,-0.007949,-0.006735
186886640.000,YZJ,handheld,free_gripped_slow_move,recording,-0.316054,4.455201,8.713337,0.075031,-0.001634,-0.006452
186886650.000,YZJ,handheld,free_gripped_slow_move,recording,-0.304325,4.456937,8.716045,0.076860,0.000136,-0.010167
186886660.000,YZJ,handheld,free_gripped_slow_move,recording,-0.321312,4.465602,8.666464,0.073451,-0.005756,-0.014794
186886670.000,YZJ,handheld,free_gripped_slow_move,recording,-0.346654,4.482772,8.638097,0.064976,-0.022983,-0.014256
186886680.000,YZJ,handheld,free_gripped_slow_move,recording,-0.319699,4.527750,8.585005,0.048953,-0.050832,-0.015947
186886690.000,YZJ,handheld,free_gripped_slow_move,recording,-0.297557,4.571211,8.576169,0.030277,-0.076803,-0.019857
186886700.000,YZJ,handheld,free_gripped_slow_move,recording,-0.303348,4.520350,8.546943,0.015491,-0.096886,-0.022056
186886710.000,YZJ,handheld,free_gripped_slow_move,recording,-0.293862,4.491525,8.554315,0.000960,-0.106312,-0.023187
186886720.000,YZJ,handheld,free_gripped_slow_move,recording,-0.312617,4.481400,8.616857,-0.004682,-0.102135,-0.021956
186886730.000,YZJ,handheld,free_gripped_slow_move,recording,-0.320258,4.438574,8.686252,-0.001861,-0.085918,-0.021468
186886740.000,YZJ,handheld,free_gripped_slow_move,recording,-0.326586,4.443866,8.765891,0.009394,-0.066386,-0.023781
186886750.000,YZJ,handheld,free_gripped_slow_move,recording,-0.364551,4.465740,8.820983,0.024450,-0.053779,-0.022134
186886760.000,YZJ,handheld,free_gripped_slow_move,recording,-0.357532,4.515276,8.771707,0.035562,-0.055398,-0.018899
186886770.000,YZJ,handheld,free_gripped_slow_move,recording,-0.367227,4.578928,8.648932,0.030676,-0.075655,-0.013880
186886780.000,YZJ,handheld,free_gripped_slow_move,recording,-0.360147,4.602356,8.529372,0.011175,-0.105517,-0.006888
186886790.000,YZJ,handheld,free_gripped_slow_move,recording,-0.363880,4.613569,8.439196,-0.017266,-0.145987,0.001065
186886800.000,YZJ,handheld,free_gripped_slow_move,recording,-0.353262,4.579043,8.406055,-0.050807,-0.183077,0.010944
186886810.000,YZJ,handheld,free_gripped_slow_move,recording,-0.287761,4.514523,8.431668,-0.085406,-0.211936,0.014774
186886820.000,YZJ,handheld,free_gripped_slow_move,recording,-0.230798,4.454714,8.490126,-0.112404,-0.243235,0.013249
186886830.000,YZJ,handheld,free_gripped_slow_move,recording,-0.215111,4.420467,8.608314,-0.131996,-0.276872,0.010646
186886840.000,YZJ,handheld,free_gripped_slow_move,recording,-0.194207,4.411345,8.716644,-0.138012,-0.314076,0.006116
186886850.000,YZJ,handheld,free_gripped_slow_move,recording,-0.192748,4.392668,8.764364,-0.138220,-0.358946,0.002072
186886860.000,YZJ,handheld,free_gripped_slow_move,recording,-0.191751,4.388060,8.772306,-0.137765,-0.402368,0.000748
186886870.000,YZJ,handheld,free_gripped_slow_move,recording,-0.209124,4.418157,8.675852,-0.149414,-0.464386,0.008681
186886880.000,YZJ,handheld,free_gripped_slow_move,recording,-0.203864,4.442320,8.579369,-0.174168,-0.521350,0.021409
186886890.000,YZJ,handheld,free_gripped_slow_move,recording,-0.088847,4.468788,8.579969,-0.196846,-0.562994,0.028364
186886900.000,YZJ,handheld,free_gripped_slow_move,recording,0.081021,4.392653,8.572478,-0.219917,-0.602231,0.025312
186886910.000,YZJ,handheld,free_gripped_slow_move,recording,0.157676,4.357082,8.577843,-0.240233,-0.626948,0.020876
186886920.000,YZJ,handheld,free_gripped_slow_move,recording,0.171778,4.420739,8.630953,-0.257854,-0.630048,0.021139
186886930.000,YZJ,handheld,free_gripped_slow_move,recording,0.239418,4.437571,8.687878,-0.271580,-0.624426,0.024100
186886940.000,YZJ,handheld,free_gripped_slow_move,recording,0.187746,4.311740,8.636200,-0.287297,-0.638211,0.037440
186886950.000,YZJ,handheld,free_gripped_slow_move,recording,0.185823,4.279065,8.731152,-0.300258,-0.659779,0.055394
186886960.000,YZJ,handheld,free_gripped_slow_move,recording,0.277891,4.286227,8.858501,-0.302946,-0.689325,0.069576
186886970.000,YZJ,handheld,free_gripped_slow_move,recording,0.353304,4.218759,8.910680,-0.298039,-0.731235,0.075566
186886980.000,YZJ,handheld,free_gripped_slow_move,recording,0.423954,4.225754,9.069001,-0.283616,-0.782568,0.083284
186886990.000,YZJ,handheld,free_gripped_slow_move,recording,0.320806,4.248461,9.229383,-0.258647,-0.869927,0.100630
186887000.000,YZJ,handheld,free_gripped_slow_move,recording,0.265134,4.213191,9.139314,-0.239176,-1.022362,0.117825
186887010.000,YZJ,handheld,free_gripped_slow_move,recording,0.484567,4.199393,9.044008,-0.232434,-1.153934,0.112389
186887020.000,YZJ,handheld,free_gripped_slow_move,recording,0.702743,4.155194,8.995490,-0.235105,-1.219326,0.099040
186887030.000,YZJ,handheld,free_gripped_slow_move,recording,0.873859,4.064957,9.001311,-0.232741,-1.230443,0.085186
186887040.000,YZJ,handheld,free_gripped_slow_move,recording,0.957700,4.033235,9.084314,-0.215274,-1.195161,0.080724
186887050.000,YZJ,handheld,free_gripped_slow_move,recording,0.995381,4.026427,9.134044,-0.190802,-1.120794,0.091529
186887060.000,YZJ,handheld,free_gripped_slow_move,recording,0.957292,4.053471,9.261151,-0.155196,-1.039328,0.123359
186887070.000,YZJ,handheld,free_gripped_slow_move,recording,0.997042,4.084132,9.280942,-0.114086,-0.975406,0.167779
186887080.000,YZJ,handheld,free_gripped_slow_move,recording,1.154130,4.044852,9.233542,-0.082539,-0.925997,0.203918
186887090.000,YZJ,handheld,free_gripped_slow_move,recording,1.281838,3.979201,9.315544,-0.041691,-0.892792,0.227983
186887100.000,YZJ,handheld,free_gripped_slow_move,recording,1.501119,3.990914,9.350394,0.002094,-0.856704,0.236460
186887110.000,YZJ,handheld,free_gripped_slow_move,recording,1.762307,3.942142,9.284924,0.042153,-0.811030,0.227026
186887120.000,YZJ,handheld,free_gripped_slow_move,recording,2.024042,3.924899,9.146837,0.072057,-0.779082,0.196683
186887130.000,YZJ,handheld,free_gripped_slow_move,recording,2.160932,3.911011,8.933254,0.087594,-0.740088,0.155691
186887140.000,YZJ,handheld,free_gripped_slow_move,recording,2.254138,3.900862,8.768912,0.086212,-0.688948,0.121047
186887150.000,YZJ,handheld,free_gripped_slow_move,recording,2.294440,3.844969,8.601413,0.072090,-0.632073,0.093672
186887160.000,YZJ,handheld,free_gripped_slow_move,recording,2.341932,3.739642,8.568497,0.053280,-0.573319,0.072005
186887170.000,YZJ,handheld,free_gripped_slow_move,recording,2.357721,3.778553,8.616579,0.042368,-0.523892,0.051356
186887180.000,YZJ,handheld,free_gripped_slow_move,recording,2.405859,3.824788,8.677634,0.045545,-0.476614,0.032724
186887190.000,YZJ,handheld,free_gripped_slow_move,recording,2.447899,3.849114,8.770806,0.053474,-0.412143,0.022592
186887200.000,YZJ,handheld,free_gripped_slow_move,recording,2.473104,3.868543,8.759656,0.059429,-0.371180,0.026378
186887210.000,YZJ,handheld,free_gripped_slow_move,recording,2.570094,3.911472,8.860150,0.069850,-0.334580,0.022557
186887220.000,YZJ,handheld,free_gripped_slow_move,recording,2.620397,3.925083,8.913157,0.084786,-0.307690,0.015308
186887230.000,YZJ,handheld,free_gripped_slow_move,recording,2.598266,3.927412,8.938408,0.105198,-0.310391,0.009810
186887240.000,YZJ,handheld,free_gripped_slow_move,recording,2.617716,3.948523,8.872176,0.113558,-0.335960,0.006982
186887250.000,YZJ,handheld,free_gripped_slow_move,recording,2.616792,4.004210,8.723915,0.109718,-0.385317,0.003786
186887260.000,YZJ,handheld,free_gripped_slow_move,recording,2.657967,4.000854,8.517315,0.085378,-0.462776,-0.001401
186887270.000,YZJ,handheld,free_gripped_slow_move,recording,2.694355,3.992862,8.280275,0.041349,-0.583561,-0.016686
186887280.000,YZJ,handheld,free_gripped_slow_move,recording,2.779755,4.005947,8.103245,-0.017375,-0.701700,-0.041049
186887290.000,YZJ,handheld,free_gripped_slow_move,recording,2.870959,4.034847,8.069345,-0.078199,-0.795716,-0.069088
186887300.000,YZJ,handheld,free_gripped_slow_move,recording,2.944176,4.011790,8.067342,-0.131568,-0.885026,-0.099297
186887310.000,YZJ,handheld,free_gripped_slow_move,recording,3.005704,3.983736,8.055945,-0.180652,-0.953440,-0.132274
186887320.000,YZJ,handheld,free_gripped_slow_move,recording,3.056276,4.030853,8.162491,-0.214619,-0.986218,-0.155084
186887330.000,YZJ,handheld,free_gripped_slow_move,recording,3.059560,4.014181,8.361434,-0.221979,-0.972528,-0.170615
186887340.000,YZJ,handheld,free_gripped_slow_move,recording,3.046539,3.995717,8.534783,-0.205972,-0.937747,-0.179022
186887350.000,YZJ,handheld,free_gripped_slow_move,recording,3.035970,3.978043,8.624684,-0.174747,-0.891343,-0.179315
186887360.000,YZJ,handheld,free_gripped_slow_move,recording,3.001478,4.013856,8.691057,-0.134850,-0.834838,-0.168778
186887370.000,YZJ,handheld,free_gripped_slow_move,recording,2.901330,4.028325,8.620988,-0.098908,-0.793319,-0.146845
186887380.000,YZJ,handheld,free_gripped_slow_move,recording,2.878017,4.013368,8.393495,-0.086679,-0.761172,-0.118660
186887390.000,YZJ,handheld,free_gripped_slow_move,recording,2.887823,4.046776,8.171249,-0.097372,-0.751668,-0.090854
186887400.000,YZJ,handheld,free_gripped_slow_move,recording,3.012439,4.082416,7.994142,-0.126643,-0.771885,-0.072529
186887410.000,YZJ,handheld,free_gripped_slow_move,recording,3.135841,4.046198,7.880034,-0.168020,-0.781557,-0.061260
186887420.000,YZJ,handheld,free_gripped_slow_move,recording,3.293940,4.015784,7.990279,-0.196882,-0.758538,-0.054492
186887430.000,YZJ,handheld,free_gripped_slow_move,recording,3.407984,3.968012,8.186914,-0.197215,-0.692863,-0.048713
186887440.000,YZJ,handheld,free_gripped_slow_move,recording,3.476221,3.928141,8.358745,-0.171054,-0.599278,-0.039988
186887450.000,YZJ,handheld,free_gripped_slow_move,recording,3.584985,3.890272,8.444871,-0.127514,-0.479123,-0.029835
186887460.000,YZJ,handheld,free_gripped_slow_move,recording,3.660997,3.878736,8.436512,-0.083521,-0.362085,-0.020252
186887470.000,YZJ,handheld,free_gripped_slow_move,recording,3.749216,3.857136,8.397490,-0.044464,-0.242457,-0.011945
186887480.000,YZJ,handheld,free_gripped_slow_move,recording,3.716555,3.854126,8.366043,-0.009768,-0.134138,-0.000772
186887490.000,YZJ,handheld,free_gripped_slow_move,recording,3.714784,3.853459,8.316607,0.023342,-0.040835,0.016218
186887500.000,YZJ,handheld,free_gripped_slow_move,recording,3.633676,3.853683,8.275454,0.049064,0.043116,0.038269
186887510.000,YZJ,handheld,free_gripped_slow_move,recording,3.629721,3.909058,8.272675,0.075777,0.108328,0.060166
186887520.000,YZJ,handheld,free_gripped_slow_move,recording,3.644204,3.905771,8.257971,0.096737,0.152501,0.077168
186887530.000,YZJ,handheld,free_gripped_slow_move,recording,3.658211,3.880709,8.115966,0.099156,0.145885,0.084222
186887540.000,YZJ,handheld,free_gripped_slow_move,recording,3.730181,3.907713,7.958347,0.080769,0.107112,0.080442
186887550.000,YZJ,handheld,free_gripped_slow_move,recording,3.753289,3.907940,7.905218,0.051487,0.064583,0.074032
186887560.000,YZJ,handheld,free_gripped_slow_move,recording,3.771724,3.877083,7.843636,0.017280,0.014647,0.068427
186887570.000,YZJ,handheld,free_gripped_slow_move,recording,3.839849,3.900478,7.873823,-0.013243,-0.031828,0.058722
186887580.000,YZJ,handheld,free_gripped_slow_move,recording,3.915929,3.854621,7.960067,-0.030625,-0.043100,0.041967
186887590.000,YZJ,handheld,free_gripped_slow_move,recording,3.965597,3.803694,8.098609,-0.034498,-0.030903,0.020574
186887600.000,YZJ,handheld,free_gripped_slow_move,recording,3.979891,3.791789,8.172054,-0.032935,-0.015588,-0.004542
186887610.000,YZJ,handheld,free_gripped_slow_move,recording,3.795773,3.827226,8.262460,-0.020413,-0.003829,-0.013771
186887620.000,YZJ,handheld,free_gripped_slow_move,recording,3.666158,3.856369,8.240719,-0.011390,0.007579,-0.008883
186887630.000,YZJ,handheld,free_gripped_slow_move,recording,3.689146,3.887981,8.129521,-0.017145,0.009970,-0.004761
186887640.000,YZJ,handheld,free_gripped_slow_move,recording,3.732164,3.905899,8.097373,-0.031078,0.011711,-0.007108
186887650.000,YZJ,handheld,free_gripped_slow_move,recording,3.697835,3.915980,8.070608,-0.047603,0.007128,-0.004900
186887660.000,YZJ,handheld,free_gripped_slow_move,recording,3.669737,3.878000,8.110162,-0.059190,0.003422,-0.002792
186887670.000,YZJ,handheld,free_gripped_slow_move,recording,3.638231,3.892735,8.218230,-0.059802,0.005595,0.000701
186887680.000,YZJ,handheld,free_gripped_slow_move,recording,3.639470,3.883878,8.244612,-0.057416,0.006989,0.005400
186887690.000,YZJ,handheld,free_gripped_slow_move,recording,3.646766,3.854087,8.316017,-0.047199,0.025613,0.007987
186887700.000,YZJ,handheld,free_gripped_slow_move,recording,3.652125,3.820665,8.374903,-0.030217,0.038279,0.008043
186887710.000,YZJ,handheld,free_gripped_slow_move,recording,3.733083,3.793052,8.363262,-0.014523,0.051582,0.002167
186887720.000,YZJ,handheld,free_gripped_slow_move,recording,3.743035,3.788224,8.336921,-0.006206,0.071341,-0.002912
186887730.000,YZJ,handheld,free_gripped_slow_move,recording,3.689779,3.797813,8.290504,-0.004363,0.073348,-0.005761
186887740.000,YZJ,handheld,free_gripped_slow_move,recording,3.634263,3.827211,8.246346,-0.010534,0.052897,-0.005526
186887750.000,YZJ,handheld,free_gripped_slow_move,recording,3.583443,3.829173,8.233995,-0.022916,0.016314,-0.002738
186887760.000,YZJ,handheld,free_gripped_slow_move,recording,3.580181,3.833623,8.299928,-0.026225,-0.012667,0.002966
186887770.000,YZJ,handheld,free_gripped_slow_move,recording,3.602168,3.795482,8.364065,-0.019605,-0.017414,0.006770
186887780.000,YZJ,handheld,free_gripped_slow_move,recording,3.645521,3.845451,8.465178,-0.001924,-0.001382,0.007791
186887790.000,YZJ,handheld,free_gripped_slow_move,recording,3.671791,3.845308,8.442689,0.018575,0.025333,0.008010
186887800.000,YZJ,handheld,free_gripped_slow_move,recording,3.648200,3.883085,8.373149,0.030220,0.033295,0.009884
186887810.000,YZJ,handheld,free_gripped_slow_move,recording,3.670970,3.893581,8.294262,0.030943,0.027315,0.008805
186887820.000,YZJ,handheld,free_gripped_slow_move,recording,3.655020,3.858997,8.169181,0.022651,0.014355,0.007469
186887830.000,YZJ,handheld,free_gripped_slow_move,recording,3.712348,3.842533,8.154995,0.008035,0.013489,0.003121
186887840.000,YZJ,handheld,free_gripped_slow_move,recording,3.739850,3.801712,8.228078,0.005345,0.034692,-0.001822
186887850.000,YZJ,handheld,free_gripped_slow_move,recording,3.770064,3.769458,8.309353,0.011998,0.069001,-0.007675
186887860.000,YZJ,handheld,free_gripped_slow_move,recording,3.763582,3.788177,8.379314,0.026598,0.109243,-0.014978
186887870.000,YZJ,handheld,free_gripped_slow_move,recording,3.725190,3.801078,8.402707,0.046365,0.152033,-0.018875
186887880.000,YZJ,handheld,free_gripped_slow_move,recording,3.723161,3.844068,8.473704,0.071283,0.206617,-0.020117
186887890.000,YZJ,handheld,free_gripped_slow_move,recording,3.724678,3.866606,8.515464,0.103161,0.267517,-0.022894
186887900.000,YZJ,handheld,free_gripped_slow_move,recording,3.833207,3.880097,8.462217,0.128369,0.318127,-0.034655
186887910.000,YZJ,handheld,free_gripped_slow_move,recording,3.817714,3.870031,8.309765,0.133240,0.351492,-0.053693
186887920.000,YZJ,handheld,free_gripped_slow_move,recording,3.786297,3.892103,8.308679,0.137988,0.372575,-0.070243
186887930.000,YZJ,handheld,free_gripped_slow_move,recording,3.725220,3.868482,8.339019,0.144137,0.401392,-0.084228
186887940.000,YZJ,handheld,free_gripped_slow_move,recording,3.753039,3.871593,8.413124,0.159664,0.445680,-0.102990
186887950.000,YZJ,handheld,free_gripped_slow_move,recording,3.754471,3.834079,8.474683,0.182754,0.508285,-0.127160
186887960.000,YZJ,handheld,free_gripped_slow_move,recording,3.725320,3.818416,8.547927,0.218021,0.592447,-0.154585
186887970.000,YZJ,handheld,free_gripped_slow_move,recording,3.729730,3.860554,8.580162,0.262023,0.698303,-0.186251
186887980.000,YZJ,handheld,free_gripped_slow_move,recording,3.715068,3.881821,8.610266,0.310192,0.824215,-0.221530
186887990.000,YZJ,handheld,free_gripped_slow_move,recording,3.617222,3.887659,8.641930,0.361305,0.973995,-0.249671
186888000.000,YZJ,handheld,free_gripped_slow_move,recording,3.461136,3.892163,8.663917,0.418160,1.155065,-0.263353
186888010.000,YZJ,handheld,free_gripped_slow_move,recording,3.424671,3.975221,8.659116,0.482488,1.400021,-0.271803
186888020.000,YZJ,handheld,free_gripped_slow_move,recording,3.322034,4.100592,8.591385,0.554687,1.733875,-0.274034
186888030.000,YZJ,handheld,free_gripped_slow_move,recording,3.167062,4.202654,8.507770,0.622989,2.096064,-0.264081
186888040.000,YZJ,handheld,free_gripped_slow_move,recording,2.951206,4.228050,8.410662,0.685515,2.434476,-0.251701
186888050.000,YZJ,handheld,free_gripped_slow_move,recording,2.743370,4.282331,8.448534,0.751196,2.704563,-0.245019
186888060.000,YZJ,handheld,free_gripped_slow_move,recording,2.400800,4.419214,8.527717,0.810216,2.868404,-0.237831
186888070.000,YZJ,handheld,free_gripped_slow_move,recording,2.083173,4.507727,8.613493,0.855040,2.926454,-0.227953
186888080.000,YZJ,handheld,free_gripped_slow_move,recording,1.766779,4.609614,8.526350,0.881071,2.894621,-0.216817
186888090.000,YZJ,handheld,free_gripped_slow_move,recording,1.459501,4.670457,8.316371,0.876271,2.806226,-0.205694
186888100.000,YZJ,handheld,free_gripped_slow_move,recording,1.154165,4.687094,8.131156,0.848348,2.656081,-0.198526
186888110.000,YZJ,handheld,free_gripped_slow_move,recording,0.777442,4.766999,7.995655,0.800878,2.446887,-0.193477
186888120.000,YZJ,handheld,free_gripped_slow_move,recording,0.476768,4.807337,7.868410,0.737558,2.183767,-0.189607
186888130.000,YZJ,handheld,free_gripped_slow_move,recording,0.215826,4.839801,7.663930,0.647437,1.888688,-0.185354
186888140.000,YZJ,handheld,free_gripped_slow_move,recording,0.022416,4.963436,7.435990,0.530074,1.586678,-0.182747
186888150.000,YZJ,handheld,free_gripped_slow_move,recording,-0.123479,5.095263,7.269365,0.390138,1.285281,-0.181137
186888160.000,YZJ,handheld,free_gripped_slow_move,recording,-0.294130,5.158619,7.181477,0.248216,1.021606,-0.178281
186888170.000,YZJ,handheld,free_gripped_slow_move,recording,-0.415460,5.219590,7.322519,0.117521,0.815446,-0.168012
186888180.000,YZJ,handheld,free_gripped_slow_move,recording,-0.573799,5.227133,7.544557,0.014239,0.660445,-0.148620
186888190.000,YZJ,handheld,free_gripped_slow_move,recording,-0.714244,5.225682,7.845689,-0.048204,0.540437,-0.119209
186888200.000,YZJ,handheld,free_gripped_slow_move,recording,-0.793253,5.162860,8.097462,-0.072816,0.447938,-0.092000
186888210.000,YZJ,handheld,free_gripped_slow_move,recording,-0.790352,5.162894,8.314764,-0.072871,0.379114,-0.071649
186888220.000,YZJ,handheld,free_gripped_slow_move,recording,-0.754912,5.183852,8.469374,-0.062046,0.335063,-0.057287
186888230.000,YZJ,handheld,free_gripped_slow_move,recording,-0.692435,5.169310,8.520733,-0.051486,0.306178,-0.050841
186888240.000,YZJ,handheld,free_gripped_slow_move,recording,-0.630580,5.126898,8.564657,-0.039365,0.278378,-0.056025
186888250.000,YZJ,handheld,free_gripped_slow_move,recording,-0.680308,5.116145,8.562098,-0.031688,0.261108,-0.061739
186888260.000,YZJ,handheld,free_gripped_slow_move,recording,-0.840632,5.107213,8.597145,-0.018137,0.258507,-0.056539
186888270.000,YZJ,handheld,free_gripped_slow_move,recording,-0.922766,5.112199,8.588868,-0.002800,0.250046,-0.041060
186888280.000,YZJ,handheld,free_gripped_slow_move,recording,-0.950687,5.101107,8.513111,-0.000008,0.239938,-0.023320
186888290.000,YZJ,handheld,free_gripped_slow_move,recording,-0.898279,5.115932,8.505470,-0.002330,0.283769,-0.005236
186888300.000,YZJ,handheld,free_gripped_slow_move,recording,-0.850608,5.157752,8.501962,0.001382,0.341966,0.010668
186888310.000,YZJ,handheld,free_gripped_slow_move,recording,-0.856196,5.144453,8.529419,0.008545,0.376235,0.021591
186888320.000,YZJ,handheld,free_gripped_slow_move,recording,-0.854910,5.086643,8.552492,0.024844,0.398342,0.029174
186888330.000,YZJ,handheld,free_gripped_slow_move,recording,-0.864460,5.123091,8.579799,0.041976,0.403847,0.031759
186888340.000,YZJ,handheld,free_gripped_slow_move,recording,-0.808184,5.145460,8.591028,0.058229,0.394976,0.029516
186888350.000,YZJ,handheld,free_gripped_slow_move,recording,-0.842467,5.100879,8.565757,0.073604,0.378413,0.026145
186888360.000,YZJ,handheld,free_gripped_slow_move,recording,-0.910762,5.084099,8.493408,0.084705,0.355062,0.024295
186888370.000,YZJ,handheld,free_gripped_slow_move,recording,-0.995417,5.051273,8.442302,0.091594,0.330016,0.027100
186888380.000,YZJ,handheld,free_gripped_slow_move,recording,-1.020542,5.071245,8.399727,0.095813,0.312645,0.034626
186888390.000,YZJ,handheld,free_gripped_slow_move,recording,-0.989961,5.085391,8.266474,0.091285,0.305821,0.044412
186888400.000,YZJ,handheld,free_gripped_slow_move,recording,-0.945664,5.113716,8.171643,0.080524,0.299986,0.050246
186888410.000,YZJ,handheld,free_gripped_slow_move,recording,-0.884455,5.135064,8.090829,0.057094,0.278216,0.048785
186888420.000,YZJ,handheld,free_gripped_slow_move,recording,-0.868589,5.157311,8.095306,0.029804,0.247739,0.043639
186888430.000,YZJ,handheld,free_gripped_slow_move,recording,-0.812770,5.182760,8.083415,0.005797,0.220151,0.036386
186888440.000,YZJ,handheld,free_gripped_slow_move,recording,-0.844731,5.167013,8.149344,-0.014572,0.212815,0.034505
186888450.000,YZJ,handheld,free_gripped_slow_move,recording,-0.835619,5.170510,8.206673,-0.024995,0.211636,0.034855
186888460.000,YZJ,handheld,free_gripped_slow_move,recording,-0.822296,5.138963,8.297794,-0.024327,0.217291,0.027565
186888470.000,YZJ,handheld,free_gripped_slow_move,recording,-0.834901,5.076007,8.322095,-0.018967,0.225741,0.019719
186888480.000,YZJ,handheld,free_gripped_slow_move,recording,-0.869182,5.054286,8.302953,-0.011847,0.234415,0.014333
186888490.000,YZJ,handheld,free_gripped_slow_move,recording,-0.879256,5.031990,8.244480,-0.011107,0.235586,0.004266
186888500.000,YZJ,handheld,free_gripped_slow_move,recording,-0.919965,5.006098,8.167287,-0.017460,0.237223,-0.002724
186888510.000,YZJ,handheld,free_gripped_slow_move,recording,-0.963990,5.072375,8.100186,-0.033475,0.237912,-0.005025
186888520.000,YZJ,handheld,free_gripped_slow_move,recording,-0.956376,5.106958,8.065572,-0.053238,0.240647,-0.008389
186888530.000,YZJ,handheld,free_gripped_slow_move,recording,-0.973800,5.102102,8.083814,-0.072027,0.243809,-0.010104
186888540.000,YZJ,handheld,free_gripped_slow_move,recording,-1.043486,5.091490,8.143989,-0.085004,0.226798,-0.010968
186888550.000,YZJ,handheld,free_gripped_slow_move,recording,-1.029343,5.083765,8.204535,-0.089875,0.196019,-0.017945
186888560.000,YZJ,handheld,free_gripped_slow_move,recording,-1.007469,5.099356,8.301998,-0.084794,0.199381,-0.028281
186888570.000,YZJ,handheld,free_gripped_slow_move,recording,-0.972310,5.102413,8.351194,-0.073432,0.228157,-0.041144
186888580.000,YZJ,handheld,free_gripped_slow_move,recording,-1.014499,5.083885,8.384691,-0.056997,0.277976,-0.051297
186888590.000,YZJ,handheld,free_gripped_slow_move,recording,-1.092846,5.034605,8.337023,-0.037493,0.343224,-0.053731
186888600.000,YZJ,handheld,free_gripped_slow_move,recording,-1.202677,5.016823,8.194960,-0.033202,0.387023,-0.052635
186888610.000,YZJ,handheld,free_gripped_slow_move,recording,-1.297597,5.052768,8.006759,-0.052007,0.380643,-0.049030
186888620.000,YZJ,handheld,free_gripped_slow_move,recording,-1.372475,5.080012,7.982015,-0.086801,0.336470,-0.047291
186888630.000,YZJ,handheld,free_gripped_slow_move,recording,-1.383409,5.088656,7.972524,-0.125820,0.244885,-0.052247
186888640.000,YZJ,handheld,free_gripped_slow_move,recording,-1.396153,5.037460,8.053665,-0.156274,0.132929,-0.065148
186888650.000,YZJ,handheld,free_gripped_slow_move,recording,-1.316802,4.991407,8.181400,-0.174145,0.047125,-0.086442
186888660.000,YZJ,handheld,free_gripped_slow_move,recording,-1.132686,5.036106,8.423727,-0.168937,-0.007164,-0.120180
186888670.000,YZJ,handheld,free_gripped_slow_move,recording,-1.106612,4.948967,8.440352,-0.154605,-0.030145,-0.153998
186888680.000,YZJ,handheld,free_gripped_slow_move,recording,-1.171691,4.944699,8.397129,-0.150817,-0.047189,-0.172305
186888690.000,YZJ,handheld,free_gripped_slow_move,recording,-1.299979,4.901305,8.326828,-0.159012,-0.046025,-0.176973
186888700.000,YZJ,handheld,free_gripped_slow_move,recording,-1.384431,4.950061,8.373306,-0.164596,-0.032636,-0.166722
186888710.000,YZJ,handheld,free_gripped_slow_move,recording,-1.488517,4.929365,8.429523,-0.164465,-0.007060,-0.146309
186888720.000,YZJ,handheld,free_gripped_slow_move,recording,-1.505213,4.927012,8.519362,-0.158175,0.022478,-0.126103
186888730.000,YZJ,handheld,free_gripped_slow_move,recording,-1.522660,4.890672,8.531357,-0.145321,0.044421,-0.111798
186888740.000,YZJ,handheld,free_gripped_slow_move,recording,-1.526891,4.849987,8.559093,-0.129968,0.055189,-0.101528
186888750.000,YZJ,handheld,free_gripped_slow_move,recording,-1.549137,4.871460,8.579073,-0.114321,0.053756,-0.090805
186888760.000,YZJ,handheld,free_gripped_slow_move,recording,-1.580151,4.860736,8.620601,-0.094484,0.046773,-0.082121
186888770.000,YZJ,handheld,free_gripped_slow_move,recording,-1.563026,4.889265,8.661188,-0.068586,0.037246,-0.076595
186888780.000,YZJ,handheld,free_gripped_slow_move,recording,-1.594505,4.855585,8.641727,-0.046982,0.025873,-0.073439
186888790.000,YZJ,handheld,free_gripped_slow_move,recording,-1.582000,4.802398,8.563696,-0.027945,0.019880,-0.072927
186888800.000,YZJ,handheld,free_gripped_slow_move,recording,-1.547068,4.781948,8.468939,-0.015726,0.022461,-0.077755
186888810.000,YZJ,handheld,free_gripped_slow_move,recording,-1.511464,4.817518,8.384514,-0.009104,0.022859,-0.084398
186888820.000,YZJ,handheld,free_gripped_slow_move,recording,-1.492149,4.863158,8.285910,-0.016361,0.021021,-0.094566
186888830.000,YZJ,handheld,free_gripped_slow_move,recording,-1.445438,4.891548,8.135544,-0.040387,0.010889,-0.105304
186888840.000,YZJ,handheld,free_gripped_slow_move,recording,-1.492458,4.896264,8.086377,-0.072889,0.000172,-0.111431
186888850.000,YZJ,handheld,free_gripped_slow_move,recording,-1.525705,4.848467,8.122335,-0.101815,-0.005289,-0.116459
186888860.000,YZJ,handheld,free_gripped_slow_move,recording,-1.583854,4.806722,8.188409,-0.112857,-0.003723,-0.120205
186888870.000,YZJ,handheld,free_gripped_slow_move,recording,-1.621622,4.786881,8.296651,-0.111570,0.001183,-0.122760
186888880.000,YZJ,handheld,free_gripped_slow_move,recording,-1.655459,4.804477,8.401358,-0.100855,0.016156,-0.120746
186888890.000,YZJ,handheld,free_gripped_slow_move,recording,-1.751346,4.774105,8.495458,-0.081052,0.038013,-0.110825
186888900.000,YZJ,handheld,free_gripped_slow_move,recording,-1.838216,4.797391,8.554665,-0.051595,0.058958,-0.092804
186888910.000,YZJ,handheld,free_gripped_slow_move,recording,-1.871872,4.829613,8.558318,-0.024091,0.065516,-0.073887
186888920.000,YZJ,handheld,free_gripped_slow_move,recording,-1.845829,4.872533,8.455394,-0.005834,0.065185,-0.056645
186888930.000,YZJ,handheld,free_gripped_slow_move,recording,-1.852241,4.909975,8.429031,-0.000554,0.082618,-0.035041
186888940.000,YZJ,handheld,free_gripped_slow_move,recording,-1.874135,4.853869,8.439796,-0.000801,0.118783,-0.006780
186888950.000,YZJ,handheld,free_gripped_slow_move,recording,-1.806081,4.821056,8.495021,0.006482,0.146014,0.013450
186888960.000,YZJ,handheld,free_gripped_slow_move,recording,-1.680345,4.761829,8.536277,0.017683,0.159600,0.017750
186888970.000,YZJ,handheld,free_gripped_slow_move,recording,-1.564960,4.703071,8.578249,0.033887,0.177507,0.006458
186888980.000,YZJ,handheld,free_gripped_slow_move,recording,-1.541621,4.687283,8.604981,0.057075,0.193880,-0.010667
186888990.000,YZJ,handheld,free_gripped_slow_move,recording,-1.577474,4.696968,8.553872,0.074247,0.193058,-0.025071
186889000.000,YZJ,handheld,free_gripped_slow_move,recording,-1.580085,4.769486,8.523886,0.085741,0.190242,-0.037096
186889010.000,YZJ,handheld,free_gripped_slow_move,recording,-1.579995,4.749343,8.547870,0.095140,0.233576,-0.042870
186889020.000,YZJ,handheld,free_gripped_slow_move,recording,-1.711867,4.738414,8.572684,0.109753,0.295964,-0.033033
186889030.000,YZJ,handheld,free_gripped_slow_move,recording,-1.802728,4.709990,8.559601,0.133887,0.366763,-0.015318
186889040.000,YZJ,handheld,free_gripped_slow_move,recording,-1.844941,4.779625,8.517060,0.154221,0.435192,0.004781
186889050.000,YZJ,handheld,free_gripped_slow_move,recording,-1.861948,4.834872,8.395676,0.162695,0.508997,0.028633
186889060.000,YZJ,handheld,free_gripped_slow_move,recording,-1.843195,4.867499,8.248963,0.155783,0.590007,0.049090
186889070.000,YZJ,handheld,free_gripped_slow_move,recording,-1.853168,4.881740,8.077337,0.129457,0.673027,0.066882
186889080.000,YZJ,handheld,free_gripped_slow_move,recording,-1.890510,4.864904,7.921418,0.094458,0.759634,0.079243
186889090.000,YZJ,handheld,free_gripped_slow_move,recording,-2.009081,4.881416,7.856961,0.058361,0.824422,0.087975
186889100.000,YZJ,handheld,free_gripped_slow_move,recording,-2.086278,4.918827,7.926951,0.031715,0.851110,0.092652
186889110.000,YZJ,handheld,free_gripped_slow_move,recording,-2.155472,4.947516,8.047636,0.019338,0.843707,0.095067
186889120.000,YZJ,handheld,free_gripped_slow_move,recording,-2.224147,4.914064,8.152997,0.023243,0.828242,0.096142
186889130.000,YZJ,handheld,free_gripped_slow_move,recording,-2.178998,4.867250,8.267199,0.045922,0.844653,0.092080
186889140.000,YZJ,handheld,free_gripped_slow_move,recording,-2.174901,4.826294,8.360147,0.089606,0.900777,0.083422
186889150.000,YZJ,handheld,free_gripped_slow_move,recording,-2.243780,4.814143,8.403502,0.145455,0.984724,0.077718
186889160.000,YZJ,handheld,free_gripped_slow_move,recording,-2.336141,4.877460,8.343083,0.207733,1.074316,0.071891
186889170.000,YZJ,handheld,free_gripped_slow_move,recording,-2.446859,4.937851,8.187020,0.255895,1.151575,0.071330
186889180.000,YZJ,handheld,free_gripped_slow_move,recording,-2.568149,5.003949,7.919917,0.280091,1.219079,0.075317
186889190.000,YZJ,handheld,free_gripped_slow_move,recording,-2.680674,5.033105,7.708324,0.277572,1.267489,0.079700
186889200.000,YZJ,handheld,free_gripped_slow_move,recording,-2.815519,5.097491,7.585856,0.263963,1.292613,0.080658
186889210.000,YZJ,handheld,free_gripped_slow_move,recording,-2.963064,5.136202,7.504739,0.248227,1.270288,0.079824
186889220.000,YZJ,handheld,free_gripped_slow_move,recording,-3.123887,5.192910,7.434983,0.224644,1.198352,0.079515
186889230.000,YZJ,handheld,free_gripped_slow_move,recording,-3.243236,5.220834,7.389306,0.189708,1.100812,0.081891
186889240.000,YZJ,handheld,free_gripped_slow_move,recording,-3.298170,5.236393,7.317342,0.143783,0.976140,0.079983
186889250.000,YZJ,handheld,free_gripped_slow_move,recording,-3.233137,5.146246,7.313421,0.097337,0.859456,0.063782
186889260.000,YZJ,handheld,free_gripped_slow_move,recording,-3.084105,5.096634,7.357370,0.070695,0.783847,0.029156
186889270.000,YZJ,handheld,free_gripped_slow_move,recording,-2.980126,5.030171,7.462967,0.064245,0.752624,-0.019300
186889280.000,YZJ,handheld,free_gripped_slow_move,recording,-3.001650,4.984163,7.605264,0.074725,0.767722,-0.068514
186889290.000,YZJ,handheld,free_gripped_slow_move,recording,-3.196547,4.983535,7.822951,0.104323,0.839091,-0.096554
186889300.000,YZJ,handheld,free_gripped_slow_move,recording,-3.473813,5.020732,8.003076,0.152710,0.925290,-0.100513
186889310.000,YZJ,handheld,free_gripped_slow_move,recording,-3.727557,5.080147,8.151316,0.215471,0.983446,-0.089883
186889320.000,YZJ,handheld,free_gripped_slow_move,recording,-3.936006,5.135480,8.191512,0.285976,1.005321,-0.068054
186889330.000,YZJ,handheld,free_gripped_slow_move,recording,-4.000253,5.131991,8.138468,0.352655,1.013596,-0.048520
186889340.000,YZJ,handheld,free_gripped_slow_move,recording,-3.952685,5.165165,7.996740,0.410089,1.023159,-0.044510
186889350.000,YZJ,handheld,free_gripped_slow_move,recording,-3.998785,5.230271,7.787324,0.444372,1.016563,-0.044021
186889360.000,YZJ,handheld,free_gripped_slow_move,recording,-4.095426,5.283355,7.531067,0.459558,0.993674,-0.041731
186889370.000,YZJ,handheld,free_gripped_slow_move,recording,-4.146311,5.275633,7.302583,0.456172,0.957570,-0.043232
186889380.000,YZJ,handheld,free_gripped_slow_move,recording,-4.194612,5.276354,7.101526,0.437645,0.921604,-0.045070
186889390.000,YZJ,handheld,free_gripped_slow_move,recording,-4.206279,5.308156,6.869155,0.405069,0.909780,-0.045749
186889400.000,YZJ,handheld,free_gripped_slow_move,recording,-4.120285,5.290371,6.747750,0.374368,0.912774,-0.058381
186889410.000,YZJ,handheld,free_gripped_slow_move,recording,-4.216120,5.300141,6.700257,0.346717,0.912778,-0.077264
186889420.000,YZJ,handheld,free_gripped_slow_move,recording,-4.338696,5.357382,6.677759,0.325808,0.899553,-0.088915
186889430.000,YZJ,handheld,free_gripped_slow_move,recording,-4.500981,5.397352,6.671589,0.312767,0.877812,-0.087620
186889440.000,YZJ,handheld,free_gripped_slow_move,recording,-4.615240,5.466683,6.628498,0.305435,0.841958,-0.082676
186889450.000,YZJ,handheld,free_gripped_slow_move,recording,-4.681012,5.518821,6.616212,0.298866,0.805800,-0.077845
186889460.000,YZJ,handheld,free_gripped_slow_move,recording,-4.783834,5.563205,6.586148,0.296482,0.761069,-0.070725
186889470.000,YZJ,handheld,free_gripped_slow_move,recording,-4.868053,5.580959,6.492851,0.295182,0.702328,-0.057991
186889480.000,YZJ,handheld,free_gripped_slow_move,recording,-4.833141,5.563218,6.385199,0.288080,0.664356,-0.054117
186889490.000,YZJ,handheld,free_gripped_slow_move,recording,-4.844073,5.570926,6.235282,0.268254,0.629624,-0.059504
186889500.000,YZJ,handheld,free_gripped_slow_move,recording,-4.899978,5.592515,5.979204,0.224932,0.581821,-0.064349
186889510.000,YZJ,handheld,free_gripped_slow_move,recording,-4.946680,5.618763,5.802940,0.172102,0.559209,-0.061809
186889520.000,YZJ,handheld,free_gripped_slow_move,recording,-4.997607,5.525508,5.715260,0.116960,0.542818,-0.057129
186889530.000,YZJ,handheld,free_gripped_slow_move,recording,-4.965470,5.734582,5.780297,0.077709,0.518716,-0.057651
186889540.000,YZJ,handheld,free_gripped_slow_move,recording,-4.995267,5.681190,5.852131,0.056108,0.500963,-0.061942
186889550.000,YZJ,handheld,free_gripped_slow_move,recording,-5.149783,5.647909,5.883970,0.038148,0.481140,-0.055196
186889560.000,YZJ,handheld,free_gripped_slow_move,recording,-5.194485,5.630816,5.927503,0.026026,0.467367,-0.042132
186889570.000,YZJ,handheld,free_gripped_slow_move,recording,-5.239172,5.754252,6.012674,0.020897,0.459000,-0.028710
186889580.000,YZJ,handheld,free_gripped_slow_move,recording,-5.336381,5.704795,6.051985,0.022901,0.438394,-0.013968
186889590.000,YZJ,handheld,free_gripped_slow_move,recording,-5.290123,5.666857,6.083060,0.040091,0.426823,-0.004461
186889600.000,YZJ,handheld,free_gripped_slow_move,recording,-5.133194,5.615498,6.081908,0.058535,0.431960,-0.011753
186889610.000,YZJ,handheld,free_gripped_slow_move,recording,-5.095508,5.542843,6.029911,0.071036,0.443408,-0.028798
186889620.000,YZJ,handheld,free_gripped_slow_move,recording,-5.191172,5.533036,5.875526,0.073086,0.447581,-0.040978
186889630.000,YZJ,handheld,free_gripped_slow_move,recording,-5.300531,5.651524,5.737887,0.057260,0.423398,-0.046641
186889640.000,YZJ,handheld,free_gripped_slow_move,recording,-5.364923,5.685573,5.599204,0.023420,0.372813,-0.045191
186889650.000,YZJ,handheld,free_gripped_slow_move,recording,-5.460737,5.653716,5.528283,-0.019635,0.321378,-0.032811
186889660.000,YZJ,handheld,free_gripped_slow_move,recording,-5.486794,5.682469,5.633674,-0.057482,0.298914,-0.020732
186889670.000,YZJ,handheld,free_gripped_slow_move,recording,-5.348994,5.687587,5.821149,-0.073450,0.296318,-0.021574
186889680.000,YZJ,handheld,free_gripped_slow_move,recording,-5.353753,5.573465,5.994355,-0.061066,0.294025,-0.024113
186889690.000,YZJ,handheld,free_gripped_slow_move,recording,-5.419898,5.509634,6.109516,-0.037434,0.301769,-0.025870
186889700.000,YZJ,handheld,free_gripped_slow_move,recording,-5.435839,5.520214,6.141575,-0.012098,0.326879,-0.027570
186889710.000,YZJ,handheld,free_gripped_slow_move,recording,-5.510703,5.530950,6.095763,0.005114,0.336348,-0.026842
186889720.000,YZJ,handheld,free_gripped_slow_move,recording,-5.593028,5.549507,6.031888,0.017317,0.331311,-0.018488
186889730.000,YZJ,handheld,free_gripped_slow_move,recording,-5.623266,5.574515,5.953428,0.019091,0.319748,-0.010076
186889740.000,YZJ,handheld,free_gripped_slow_move,recording,-5.597825,5.598017,5.796623,0.004839,0.280860,-0.010947
186889750.000,YZJ,handheld,free_gripped_slow_move,recording,-5.618588,5.619886,5.778016,-0.019863,0.225382,-0.013973
186889760.000,YZJ,handheld,free_gripped_slow_move,recording,-5.647130,5.621957,5.793583,-0.040174,0.171343,-0.012901
186889770.000,YZJ,handheld,free_gripped_slow_move,recording,-5.631597,5.612374,5.874511,-0.047893,0.130776,-0.013664
186889780.000,YZJ,handheld,free_gripped_slow_move,recording,-5.642898,5.562940,5.942713,-0.045835,0.107037,-0.011568
186889790.000,YZJ,handheld,free_gripped_slow_move,recording,-5.708061,5.563060,5.937902,-0.042517,0.095558,-0.005908
186889800.000,YZJ,handheld,free_gripped_slow_move,recording,-5.707676,5.538532,5.886594,-0.042725,0.071223,-0.001361
186889810.000,YZJ,handheld,free_gripped_slow_move,recording,-5.679930,5.554310,5.861310,-0.043972,0.045004,0.001000
186889820.000,YZJ,handheld,free_gripped_slow_move,recording,-5.596761,5.498201,5.879083,-0.038819,0.041219,-0.001334
186889830.000,YZJ,handheld,free_gripped_slow_move,recording,-5.486906,5.475485,5.884454,-0.025847,0.074661,-0.007560
186889840.000,YZJ,handheld,free_gripped_slow_move,recording,-5.433611,5.467173,5.809981,-0.017223,0.125357,-0.018133
186889850.000,YZJ,handheld,free_gripped_slow_move,recording,-5.605271,5.531066,5.794336,-0.012149,0.161488,-0.019486
186889860.000,YZJ,handheld,free_gripped_slow_move,recording,-5.838539,5.598988,5.818191,-0.009052,0.166763,-0.003019
186889870.000,YZJ,handheld,free_gripped_slow_move,recording,-5.883655,5.589589,5.845838,-0.006358,0.143303,0.016308
186889880.000,YZJ,handheld,free_gripped_slow_move,recording,-5.755144,5.626768,5.881501,0.000407,0.097115,0.022917
186889890.000,YZJ,handheld,free_gripped_slow_move,recording,-5.583327,5.609595,5.911526,0.013278,0.038803,0.014579
186889900.000,YZJ,handheld,free_gripped_slow_move,recording,-5.497279,5.559171,5.905516,0.026970,-0.007950,-0.000994
186889910.000,YZJ,handheld,free_gripped_slow_move,recording,-5.445562,5.496983,5.925588,0.039993,-0.027823,-0.017605
186889920.000,YZJ,handheld,free_gripped_slow_move,recording,-5.435706,5.449150,5.847297,0.051351,-0.032487,-0.036854
186889930.000,YZJ,handheld,free_gripped_slow_move,recording,-5.547512,5.451883,5.804066,0.059469,-0.022819,-0.045661
186889940.000,YZJ,handheld,free_gripped_slow_move,recording,-5.658795,5.458698,5.735900,0.061594,-0.001107,-0.040626
186889950.000,YZJ,handheld,free_gripped_slow_move,recording,-5.694685,5.491608,5.695368,0.054931,0.026598,-0.028193
186889960.000,YZJ,handheld,free_gripped_slow_move,recording,-5.728461,5.561784,5.729006,0.049890,0.053094,-0.012703
186889970.000,YZJ,handheld,free_gripped_slow_move,recording,-5.657305,5.618613,5.753297,0.049347,0.065041,-0.002986
186889980.000,YZJ,handheld,free_gripped_slow_move,recording,-5.565809,5.637560,5.733460,0.050705,0.063500,-0.002330
186889990.000,YZJ,handheld,free_gripped_slow_move,recording,-5.518705,5.686621,5.664981,0.044276,0.039810,-0.007395
186890000.000,YZJ,handheld,free_gripped_slow_move,recording,-5.540176,5.691010,5.539643,0.025643,-0.008414,-0.014894
186890010.000,YZJ,handheld,free_gripped_slow_move,recording,-5.579359,5.615097,5.455714,-0.003917,-0.062066,-0.020649
186890020.000,YZJ,handheld,free_gripped_slow_move,recording,-5.535740,5.525157,5.437103,-0.034288,-0.108101,-0.033179
186890030.000,YZJ,handheld,free_gripped_slow_move,recording,-5.527107,5.500911,5.498762,-0.057449,-0.143951,-0.050398
186890040.000,YZJ,handheld,free_gripped_slow_move,recording,-5.620960,5.463013,5.596925,-0.071746,-0.162822,-0.057438
186890050.000,YZJ,handheld,free_gripped_slow_move,recording,-5.750184,5.469266,5.713880,-0.072270,-0.158182,-0.048909
186890060.000,YZJ,handheld,free_gripped_slow_move,recording,-5.830669,5.532652,5.894895,-0.056963,-0.131475,-0.029548
186890070.000,YZJ,handheld,free_gripped_slow_move,recording,-5.798032,5.552923,5.968427,-0.032768,-0.092523,-0.008404
186890080.000,YZJ,handheld,free_gripped_slow_move,recording,-5.748107,5.539059,5.956162,-0.006887,-0.069158,0.005666
186890090.000,YZJ,handheld,free_gripped_slow_move,recording,-5.675394,5.596123,5.840544,0.005017,-0.069178,0.012072
186890100.000,YZJ,handheld,free_gripped_slow_move,recording,-5.628536,5.574568,5.685405,-0.002468,-0.086288,0.009071
186890110.000,YZJ,handheld,free_gripped_slow_move,recording,-5.591395,5.591299,5.543860,-0.027352,-0.124395,-0.000596
186890120.000,YZJ,handheld,free_gripped_slow_move,recording,-5.568196,5.583820,5.518115,-0.058324,-0.171712,-0.009333
186890130.000,YZJ,handheld,free_gripped_slow_move,recording,-5.555567,5.548274,5.539587,-0.087498,-0.198525,-0.018071
186890140.000,YZJ,handheld,free_gripped_slow_move,recording,-5.550118,5.531282,5.624111,-0.108637,-0.211649,-0.024403
186890150.000,YZJ,handheld,free_gripped_slow_move,recording,-5.595891,5.519835,5.721230,-0.118623,-0.220283,-0.027930
186890160.000,YZJ,handheld,free_gripped_slow_move,recording,-5.711047,5.519028,5.870242,-0.115374,-0.196969,-0.015388
186890170.000,YZJ,handheld,free_gripped_slow_move,recording,-5.718343,5.526113,5.993726,-0.103941,-0.158532,0.000738
186890180.000,YZJ,handheld,free_gripped_slow_move,recording,-5.697628,5.500933,6.088836,-0.078951,-0.120788,0.016102
186890190.000,YZJ,handheld,free_gripped_slow_move,recording,-5.640355,5.482510,6.139650,-0.045106,-0.074283,0.026556
186890200.000,YZJ,handheld,free_gripped_slow_move,recording,-5.591565,5.494036,6.095157,-0.013847,-0.043451,0.032086
186890210.000,YZJ,handheld,free_gripped_slow_move,recording,-5.621569,5.523213,5.957067,0.000694,-0.034753,0.036107
186890220.000,YZJ,handheld,free_gripped_slow_move,recording,-5.631080,5.542617,5.783130,-0.006167,-0.048949,0.043106
186890230.000,YZJ,handheld,free_gripped_slow_move,recording,-5.597735,5.538883,5.625619,-0.024103,-0.083092,0.046185
186890240.000,YZJ,handheld,free_gripped_slow_move,recording,-5.531110,5.565643,5.539196,-0.052939,-0.132560,0.043492
186890250.000,YZJ,handheld,free_gripped_slow_move,recording,-5.404274,5.533055,5.494048,-0.084629,-0.176060,0.031263
186890260.000,YZJ,handheld,free_gripped_slow_move,recording,-5.254389,5.497081,5.560579,-0.113395,-0.202257,0.011809
186890270.000,YZJ,handheld,free_gripped_slow_move,recording,-5.186970,5.449136,5.635058,-0.127359,-0.204529,-0.008666
186890280.000,YZJ,handheld,free_gripped_slow_move,recording,-5.242994,5.472403,5.798452,-0.134446,-0.199172,-0.023530
186890290.000,YZJ,handheld,free_gripped_slow_move,recording,-5.342408,5.479498,5.913769,-0.134971,-0.177811,-0.025423
186890300.000,YZJ,handheld,free_gripped_slow_move,recording,-5.458581,5.465902,6.092522,-0.127198,-0.145590,-0.016893
186890310.000,YZJ,handheld,free_gripped_slow_move,recording,-5.473436,5.426003,6.203434,-0.106600,-0.130544,-0.008584
186890320.000,YZJ,handheld,free_gripped_slow_move,recording,-5.456655,5.423678,6.199576,-0.085240,-0.139528,-0.004952
186890330.000,YZJ,handheld,free_gripped_slow_move,recording,-5.471738,5.421898,6.145066,-0.076361,-0.158428,-0.003510
186890340.000,YZJ,handheld,free_gripped_slow_move,recording,-5.517085,5.471747,6.117786,-0.080868,-0.187422,0.002789
186890350.000,YZJ,handheld,free_gripped_slow_move,recording,-5.480761,5.445220,6.022272,-0.097633,-0.231310,0.006894
186890360.000,YZJ,handheld,free_gripped_slow_move,recording,-5.378966,5.415669,5.984521,-0.118039,-0.275946,0.000925
186890370.000,YZJ,handheld,free_gripped_slow_move,recording,-5.252555,5.390119,6.009402,-0.136104,-0.320946,-0.012116
186890380.000,YZJ,handheld,free_gripped_slow_move,recording,-5.245899,5.382920,6.011724,-0.156702,-0.359908,-0.023786
186890390.000,YZJ,handheld,free_gripped_slow_move,recording,-5.302881,5.379733,6.098042,-0.181677,-0.400440,-0.029184
186890400.000,YZJ,handheld,free_gripped_slow_move,recording,-5.341027,5.344009,6.110127,-0.211178,-0.461311,-0.029641
186890410.000,YZJ,handheld,free_gripped_slow_move,recording,-5.350558,5.386576,6.226394,-0.236854,-0.527635,-0.029958
186890420.000,YZJ,handheld,free_gripped_slow_move,recording,-5.393246,5.358674,6.348676,-0.257021,-0.614312,-0.025670
186890430.000,YZJ,handheld,free_gripped_slow_move,recording,-5.433111,5.345788,6.453698,-0.270300,-0.730177,-0.009176
186890440.000,YZJ,handheld,free_gripped_slow_move,recording,-5.391388,5.327705,6.526585,-0.284375,-0.841125,0.007249
186890450.000,YZJ,handheld,free_gripped_slow_move,recording,-5.195806,5.300531,6.618114,-0.293868,-0.909340,0.008815
186890460.000,YZJ,handheld,free_gripped_slow_move,recording,-4.971485,5.253012,6.689797,-0.290555,-0.951017,-0.000579
186890470.000,YZJ,handheld,free_gripped_slow_move,recording,-4.783841,5.171137,6.706536,-0.277733,-0.962138,-0.017622
186890480.000,YZJ,handheld,free_gripped_slow_move,recording,-4.722383,5.131260,6.739397,-0.264486,-0.949410,-0.035220
186890490.000,YZJ,handheld,free_gripped_slow_move,recording,-4.776612,5.134502,6.761077,-0.259079,-0.919249,-0.038119
186890500.000,YZJ,handheld,free_gripped_slow_move,recording,-4.891456,5.173506,6.778942,-0.259269,-0.904124,-0.022280
186890510.000,YZJ,handheld,free_gripped_slow_move,recording,-4.923576,5.200012,6.775682,-0.268169,-0.928642,0.000823
186890520.000,YZJ,handheld,free_gripped_slow_move,recording,-4.959870,5.212311,6.712765,-0.292318,-1.008786,0.028810
186890530.000,YZJ,handheld,free_gripped_slow_move,recording,-4.914386,5.193590,6.658595,-0.333653,-1.131613,0.050850
186890540.000,YZJ,handheld,free_gripped_slow_move,recording,-4.810319,5.212542,6.623843,-0.388875,-1.295025,0.061402
186890550.000,YZJ,handheld,free_gripped_slow_move,recording,-4.656264,5.202811,6.686535,-0.454581,-1.474978,0.062617
186890560.000,YZJ,handheld,free_gripped_slow_move,recording,-4.446446,5.140529,6.829600,-0.514689,-1.614196,0.059978
186890570.000,YZJ,handheld,free_gripped_slow_move,recording,-4.103608,5.017200,7.012710,-0.552158,-1.665056,0.044707
186890580.000,YZJ,handheld,free_gripped_slow_move,recording,-3.719579,4.876977,7.238041,-0.563143,-1.601664,0.017121
186890590.000,YZJ,handheld,free_gripped_slow_move,recording,-3.421381,4.740154,7.489891,-0.542205,-1.434046,-0.019736
186890600.000,YZJ,handheld,free_gripped_slow_move,recording,-3.389325,4.675601,7.733213,-0.492321,-1.206524,-0.043327
186890610.000,YZJ,handheld,free_gripped_slow_move,recording,-3.575110,4.676736,7.881390,-0.427391,-0.968280,-0.040091
186890620.000,YZJ,handheld,free_gripped_slow_move,recording,-3.735418,4.716554,7.905601,-0.364481,-0.783912,-0.011657
186890630.000,YZJ,handheld,free_gripped_slow_move,recording,-3.883220,4.793902,7.879739,-0.310499,-0.670069,0.029269
186890640.000,YZJ,handheld,free_gripped_slow_move,recording,-3.927237,4.852582,7.803812,-0.276315,-0.643122,0.076726
186890650.000,YZJ,handheld,free_gripped_slow_move,recording,-3.865590,4.877249,7.621566,-0.269176,-0.710738,0.106361
186890660.000,YZJ,handheld,free_gripped_slow_move,recording,-3.681888,4.914269,7.525658,-0.292799,-0.845550,0.106947
186890670.000,YZJ,handheld,free_gripped_slow_move,recording,-3.574914,4.883656,7.460073,-0.338155,-1.003908,0.096643
186890680.000,YZJ,handheld,free_gripped_slow_move,recording,-3.437084,4.808477,7.436151,-0.399609,-1.141415,0.083040
186890690.000,YZJ,handheld,free_gripped_slow_move,recording,-3.288855,4.699103,7.469772,-0.464149,-1.222800,0.070427
186890700.000,YZJ,handheld,free_gripped_slow_move,recording,-3.159526,4.640842,7.560450,-0.525909,-1.269620,0.065273
186890710.000,YZJ,handheld,free_gripped_slow_move,recording,-3.042908,4.616578,7.736953,-0.562568,-1.281817,0.063782
186890720.000,YZJ,handheld,free_gripped_slow_move,recording,-2.854260,4.517677,7.957607,-0.578028,-1.251285,0.065007
186890730.000,YZJ,handheld,free_gripped_slow_move,recording,-2.741731,4.438369,8.131432,-0.578339,-1.197267,0.073708
186890740.000,YZJ,handheld,free_gripped_slow_move,recording,-2.627381,4.372889,8.351524,-0.559516,-1.132555,0.081251
186890750.000,YZJ,handheld,free_gripped_slow_move,recording,-2.477844,4.352677,8.603882,-0.513951,-1.065957,0.081675
186890760.000,YZJ,handheld,free_gripped_slow_move,recording,-2.386734,4.333713,8.844140,-0.450767,-1.009905,0.075196
186890770.000,YZJ,handheld,free_gripped_slow_move,recording,-2.283730,4.300808,8.951097,-0.377463,-0.977107,0.063500
186890780.000,YZJ,handheld,free_gripped_slow_move,recording,-2.247986,4.290157,9.021060,-0.305692,-0.967133,0.048927
186890790.000,YZJ,handheld,free_gripped_slow_move,recording,-2.199561,4.286729,8.993869,-0.240127,-0.974648,0.035215
186890800.000,YZJ,handheld,free_gripped_slow_move,recording,-2.121395,4.275688,8.895686,-0.194122,-0.991696,0.025157
186890810.000,YZJ,handheld,free_gripped_slow_move,recording,-2.065960,4.247599,8.691792,-0.172522,-1.012860,0.019419
186890820.000,YZJ,handheld,free_gripped_slow_move,recording,-2.036795,4.217484,8.524144,-0.176525,-1.028340,0.020846
186890830.000,YZJ,handheld,free_gripped_slow_move,recording,-1.942596,4.220356,8.481898,-0.193708,-1.018897,0.022662
186890840.000,YZJ,handheld,free_gripped_slow_move,recording,-1.818178,4.165340,8.504643,-0.207040,-0.987882,0.024316
186890850.000,YZJ,handheld,free_gripped_slow_move,recording,-1.728525,4.106642,8.578976,-0.215434,-0.934742,0.030995
186890860.000,YZJ,handheld,free_gripped_slow_move,recording,-1.637752,4.085245,8.722571,-0.216773,-0.855806,0.042662
186890870.000,YZJ,handheld,free_gripped_slow_move,recording,-1.540759,4.095653,8.837249,-0.204749,-0.763805,0.053195
186890880.000,YZJ,handheld,free_gripped_slow_move,recording,-1.369898,4.033090,9.000805,-0.182917,-0.678601,0.052752
186890890.000,YZJ,handheld,free_gripped_slow_move,recording,-1.229942,4.035901,9.078527,-0.147348,-0.617930,0.040804
186890900.000,YZJ,handheld,free_gripped_slow_move,recording,-1.165870,4.045427,9.133191,-0.110961,-0.581029,0.025680
186890910.000,YZJ,handheld,free_gripped_slow_move,recording,-1.159463,4.042830,9.118980,-0.079571,-0.559756,0.013938
186890920.000,YZJ,handheld,free_gripped_slow_move,recording,-1.119616,4.049557,9.100306,-0.049008,-0.554281,0.002101
186890930.000,YZJ,handheld,free_gripped_slow_move,recording,-1.051839,4.045338,9.027255,-0.030916,-0.553555,-0.010861
186890940.000,YZJ,handheld,free_gripped_slow_move,recording,-1.031621,4.000941,8.946837,-0.025108,-0.542117,-0.023540
186890950.000,YZJ,handheld,free_gripped_slow_move,recording,-1.011504,3.988638,8.903436,-0.027339,-0.522984,-0.033297
186890960.000,YZJ,handheld,free_gripped_slow_move,recording,-0.961742,3.978073,8.820967,-0.038380,-0.496186,-0.041607
186890970.000,YZJ,handheld,free_gripped_slow_move,recording,-0.954786,3.986766,8.827088,-0.049953,-0.462534,-0.046054
186890980.000,YZJ,handheld,free_gripped_slow_move,recording,-0.990727,4.047081,8.897167,-0.057300,-0.431023,-0.042776
186890990.000,YZJ,handheld,free_gripped_slow_move,recording,-0.928617,4.070358,8.952127,-0.058198,-0.412769,-0.038802
186891000.000,YZJ,handheld,free_gripped_slow_move,recording,-0.877274,4.075049,8.964490,-0.053046,-0.414485,-0.038315
186891010.000,YZJ,handheld,free_gripped_slow_move,recording,-0.837447,4.049474,8.947576,-0.047014,-0.411758,-0.037891
186891020.000,YZJ,handheld,free_gripped_slow_move,recording,-0.813788,4.025642,8.961726,-0.043325,-0.411474,-0.040328
186891030.000,YZJ,handheld,free_gripped_slow_move,recording,-0.837040,3.962325,8.869195,-0.047089,-0.427678,-0.042790
186891040.000,YZJ,handheld,free_gripped_slow_move,recording,-0.863013,3.955283,8.841630,-0.053634,-0.458666,-0.043600
186891050.000,YZJ,handheld,free_gripped_slow_move,recording,-0.846355,3.938395,8.799240,-0.065424,-0.492483,-0.044711
186891060.000,YZJ,handheld,free_gripped_slow_move,recording,-0.804410,3.973472,8.862391,-0.071383,-0.509915,-0.049782
186891070.000,YZJ,handheld,free_gripped_slow_move,recording,-0.768586,3.993864,8.970340,-0.064111,-0.511719,-0.055044
186891080.000,YZJ,handheld,free_gripped_slow_move,recording,-0.735477,4.038600,8.984394,-0.050801,-0.498021,-0.055872
186891090.000,YZJ,handheld,free_gripped_slow_move,recording,-0.691472,4.068157,8.985544,-0.040589,-0.464672,-0.048657
186891100.000,YZJ,handheld,free_gripped_slow_move,recording,-0.640022,4.044622,8.915714,-0.039068,-0.419377,-0.037470
186891110.000,YZJ,handheld,free_gripped_slow_move,recording,-0.601865,4.034495,8.927697,-0.033435,-0.368434,-0.028390
186891120.000,YZJ,handheld,free_gripped_slow_move,recording,-0.530841,4.000970,8.918890,-0.029830,-0.306567,-0.019679
186891130.000,YZJ,handheld,free_gripped_slow_move,recording,-0.486734,3.966027,8.916586,-0.026761,-0.241812,-0.012448
186891140.000,YZJ,handheld,free_gripped_slow_move,recording,-0.447073,3.943709,8.992941,-0.016643,-0.186769,-0.008642
186891150.000,YZJ,handheld,free_gripped_slow_move,recording,-0.455598,3.948456,9.009881,-0.004162,-0.159243,-0.009319
186891160.000,YZJ,handheld,free_gripped_slow_move,recording,-0.440097,3.938237,9.037419,0.009835,-0.147660,-0.012965
186891170.000,YZJ,handheld,free_gripped_slow_move,recording,-0.425095,3.925170,9.021717,0.025581,-0.146466,-0.018620
186891180.000,YZJ,handheld,free_gripped_slow_move,recording,-0.438418,3.952010,8.997141,0.035272,-0.148736,-0.017978
186891190.000,YZJ,handheld,free_gripped_slow_move,recording,-0.464494,3.966106,8.941178,0.037193,-0.149260,-0.013319
186891200.000,YZJ,handheld,free_gripped_slow_move,recording,-0.398860,4.025307,8.912793,0.037577,-0.144409,-0.011781
186891210.000,YZJ,handheld,free_gripped_slow_move,recording,-0.364330,4.041355,8.935563,0.038345,-0.125262,-0.010751
186891220.000,YZJ,handheld,free_gripped_slow_move,recording,-0.306112,4.034236,8.941487,0.045310,-0.089391,-0.011554
186891230.000,YZJ,handheld,free_gripped_slow_move,recording,-0.313030,4.033810,8.906964,0.051401,-0.051917,-0.010856
186891240.000,YZJ,handheld,free_gripped_slow_move,recording,-0.295160,4.019631,8.883581,0.051852,-0.019086,-0.008935
186891250.000,YZJ,handheld,free_gripped_slow_move,recording,-0.272392,4.030737,8.829354,0.044624,0.000039,-0.008186
186891260.000,YZJ,handheld,free_gripped_slow_move,recording,-0.265889,4.074060,8.826141,0.036124,0.006121,-0.011697
186891270.000,YZJ,handheld,free_gripped_slow_move,recording,-0.257058,4.037042,8.776469,0.023936,-0.011121,-0.017054
186891280.000,YZJ,handheld,free_gripped_slow_move,recording,-0.341213,4.044084,8.715569,0.000712,-0.048659,-0.019061
186891290.000,YZJ,handheld,free_gripped_slow_move,recording,-0.350865,4.066966,8.714963,-0.022623,-0.091093,-0.022448
186891300.000,YZJ,handheld,free_gripped_slow_move,recording,-0.336325,4.044712,8.726563,-0.045214,-0.130763,-0.025989
186891310.000,YZJ,handheld,free_gripped_slow_move,recording,-0.379801,3.994959,8.730029,-0.070421,-0.165426,-0.025829
186891320.000,YZJ,handheld,free_gripped_slow_move,recording,-0.348571,3.990139,8.819327,-0.081811,-0.182833,-0.023424
186891330.000,YZJ,handheld,free_gripped_slow_move,recording,-0.315298,3.990864,8.954562,-0.077267,-0.178308,-0.026551
186891340.000,YZJ,handheld,free_gripped_slow_move,recording,-0.269661,4.005562,9.115839,-0.057863,-0.145448,-0.027737
186891350.000,YZJ,handheld,free_gripped_slow_move,recording,-0.280195,4.000255,9.201553,-0.026159,-0.105605,-0.027189
186891360.000,YZJ,handheld,free_gripped_slow_move,recording,-0.327276,3.996634,9.194197,0.009989,-0.066472,-0.021318
186891370.000,YZJ,handheld,free_gripped_slow_move,recording,-0.349805,4.023670,9.132789,0.036990,-0.035259,-0.013140
186891380.000,YZJ,handheld,free_gripped_slow_move,recording,-0.334157,4.001376,9.042785,0.053417,-0.009174,-0.005434
186891390.000,YZJ,handheld,free_gripped_slow_move,recording,-0.285945,4.002764,8.901765,0.049485,0.005198,-0.002580
186891400.000,YZJ,handheld,free_gripped_slow_move,recording,-0.269824,3.993779,8.746065,0.026818,-0.000678,-0.003460
186891410.000,YZJ,handheld,free_gripped_slow_move,recording,-0.272493,3.999740,8.699543,-0.002983,-0.024986,-0.007639
186891420.000,YZJ,handheld,free_gripped_slow_move,recording,-0.256033,3.999664,8.737116,-0.033153,-0.062285,-0.013259
186891430.000,YZJ,handheld,free_gripped_slow_move,recording,-0.311417,4.004283,8.706151,-0.066095,-0.107674,-0.015247
186891440.000,YZJ,handheld,free_gripped_slow_move,recording,-0.346413,4.005412,8.844719,-0.093471,-0.143508,-0.013133
186891450.000,YZJ,handheld,free_gripped_slow_move,recording,-0.376648,3.978309,9.002667,-0.097121,-0.163699,-0.006634
186891460.000,YZJ,handheld,free_gripped_slow_move,recording,-0.352888,3.948830,9.165322,-0.080517,-0.160814,-0.002219
186891470.000,YZJ,handheld,free_gripped_slow_move,recording,-0.287923,3.941561,9.281973,-0.048684,-0.133306,0.001750
186891480.000,YZJ,handheld,free_gripped_slow_move,recording,-0.248022,3.919557,9.314621,-0.008575,-0.085086,0.003665
186891490.000,YZJ,handheld,free_gripped_slow_move,recording,-0.188503,3.911345,9.268845,0.032882,-0.027072,0.001875
186891500.000,YZJ,handheld,free_gripped_slow_move,recording,-0.181389,3.912834,9.200106,0.066254,0.020663,0.000091
186891510.000,YZJ,handheld,free_gripped_slow_move,recording,-0.211522,3.921503,9.055738,0.079717,0.046488,0.001894
186891520.000,YZJ,handheld,free_gripped_slow_move,recording,-0.232011,3.953888,8.904533,0.074243,0.044474,0.005408
186891530.000,YZJ,handheld,free_gripped_slow_move,recording,-0.267804,3.998191,8.759119,0.050676,0.022268,0.012498
186891540.000,YZJ,handheld,free_gripped_slow_move,recording,-0.231406,4.004570,8.666362,0.016254,-0.016203,0.016211
186891550.000,YZJ,handheld,free_gripped_slow_move,recording,-0.155618,4.014960,8.650372,-0.018531,-0.057370,0.011192
186891560.000,YZJ,handheld,free_gripped_slow_move,recording,-0.092069,4.034681,8.749808,-0.043470,-0.081236,0.002322
186891570.000,YZJ,handheld,free_gripped_slow_move,recording,-0.098145,4.003527,8.874411,-0.050004,-0.083448,-0.003251
186891580.000,YZJ,handheld,free_gripped_slow_move,recording,-0.139287,3.974532,8.983474,-0.040549,-0.073555,-0.003884
186891590.000,YZJ,handheld,free_gripped_slow_move,recording,-0.141686,3.972509,9.069300,-0.020638,-0.045285,-0.001001
186891600.000,YZJ,handheld,free_gripped_slow_move,recording,-0.170584,3.952755,9.111246,0.004876,-0.007407,0.003954
186891610.000,YZJ,handheld,free_gripped_slow_move,recording,-0.141427,3.934808,9.125151,0.031478,0.027365,0.004811
186891620.000,YZJ,handheld,free_gripped_slow_move,recording,-0.173161,3.974502,9.107308,0.061112,0.049853,0.006933
186891630.000,YZJ,handheld,free_gripped_slow_move,recording,-0.226306,3.985774,9.045113,0.083396,0.056086,0.019814
186891640.000,YZJ,handheld,free_gripped_slow_move,recording,-0.194202,3.976744,8.916361,0.095348,0.057325,0.029415
186891650.000,YZJ,handheld,free_gripped_slow_move,recording,-0.077786,4.015461,8.837577,0.098500,0.054915,0.026489
186891660.000,YZJ,handheld,free_gripped_slow_move,recording,-0.053139,3.999982,8.736141,0.088702,0.052274,0.018288
186891670.000,YZJ,handheld,free_gripped_slow_move,recording,-0.059518,3.991255,8.613886,0.061108,0.042836,0.009477
186891680.000,YZJ,handheld,free_gripped_slow_move,recording,-0.101266,4.000016,8.570718,0.023941,0.022117,0.004346
186891690.000,YZJ,handheld,free_gripped_slow_move,recording,-0.179548,4.016199,8.585416,-0.015341,-0.008299,0.004025
186891700.000,YZJ,handheld,free_gripped_slow_move,recording,-0.161824,4.038368,8.750239,-0.048106,-0.043099,0.003520
186891710.000,YZJ,handheld,free_gripped_slow_move,recording,-0.165757,4.018893,8.901912,-0.063279,-0.076872,-0.000016
186891720.000,YZJ,handheld,free_gripped_slow_move,recording,-0.146226,3.974533,9.001290,-0.067031,-0.109999,-0.001738
186891730.000,YZJ,handheld,free_gripped_slow_move,recording,-0.075895,3.968068,9.043513,-0.068322,-0.140279,-0.004053
186891740.000,YZJ,handheld,free_gripped_slow_move,recording,-0.041419,3.977865,9.085683,-0.064656,-0.154768,-0.010093
186891750.000,YZJ,handheld,free_gripped_slow_move,recording,-0.069846,3.952685,9.088202,-0.060373,-0.161616,-0.018603
186891760.000,YZJ,handheld,free_gripped_slow_move,recording,-0.049443,3.927839,9.076420,-0.057269,-0.163158,-0.023538
186891770.000,YZJ,handheld,free_gripped_slow_move,recording,-0.080076,3.918099,9.045249,-0.056399,-0.177722,-0.029858
186891780.000,YZJ,handheld,free_gripped_slow_move,recording,-0.079208,3.948876,9.006553,-0.062145,-0.193874,-0.034092
186891790.000,YZJ,handheld,free_gripped_slow_move,recording,-0.087836,3.936927,8.963219,-0.074361,-0.217151,-0.037996
186891800.000,YZJ,handheld,free_gripped_slow_move,recording,-0.102849,3.933943,8.974853,-0.088420,-0.249822,-0.040947
186891810.000,YZJ,handheld,free_gripped_slow_move,recording,-0.085252,3.947413,9.009380,-0.101353,-0.277566,-0.044123
186891820.000,YZJ,handheld,free_gripped_slow_move,recording,-0.079613,3.941859,9.092264,-0.107982,-0.299658,-0.045197
186891830.000,YZJ,handheld,free_gripped_slow_move,recording,-0.023073,3.910226,9.109234,-0.109225,-0.323927,-0.049577
186891840.000,YZJ,handheld,free_gripped_slow_move,recording,0.039582,3.895329,9.168045,-0.095709,-0.348493,-0.058706
186891850.000,YZJ,handheld,free_gripped_slow_move,recording,0.085269,3.828251,9.220238,-0.081996,-0.403663,-0.072842
186891860.000,YZJ,handheld,free_gripped_slow_move,recording,0.124580,3.793354,9.232875,-0.064553,-0.472602,-0.093299
186891870.000,YZJ,handheld,free_gripped_slow_move,recording,0.171976,3.823259,9.278879,-0.049175,-0.517183,-0.113485
186891880.000,YZJ,handheld,free_gripped_slow_move,recording,0.229378,3.796336,9.238309,-0.039170,-0.545344,-0.127653
186891890.000,YZJ,handheld,free_gripped_slow_move,recording,0.225936,3.828652,9.145371,-0.039038,-0.563382,-0.130332
186891900.000,YZJ,handheld,free_gripped_slow_move,recording,0.236960,3.838299,9.094254,-0.042139,-0.561938,-0.130600
186891910.000,YZJ,handheld,free_gripped_slow_move,recording,0.213270,3.846662,9.051421,-0.048669,-0.560107,-0.119373
186891920.000,YZJ,handheld,free_gripped_slow_move,recording,0.159592,3.905113,8.988634,-0.055510,-0.556891,-0.098783
186891930.000,YZJ,handheld,free_gripped_slow_move,recording,0.164557,3.945158,8.935046,-0.069589,-0.558689,-0.066350
186891940.000,YZJ,handheld,free_gripped_slow_move,recording,0.180450,3.957036,8.857567,-0.091252,-0.575920,-0.037582
186891950.000,YZJ,handheld,free_gripped_slow_move,recording,0.337106,3.922567,8.887366,-0.108822,-0.595023,-0.020645
186891960.000,YZJ,handheld,free_gripped_slow_move,recording,0.449037,3.924266,8.964169,-0.115113,-0.591472,-0.014854
186891970.000,YZJ,handheld,free_gripped_slow_move,recording,0.547211,3.870847,9.070844,-0.103032,-0.570245,-0.012564
186891980.000,YZJ,handheld,free_gripped_slow_move,recording,0.562152,3.867935,9.069413,-0.091340,-0.547935,-0.009992
186891990.000,YZJ,handheld,free_gripped_slow_move,recording,0.592300,3.890664,9.021244,-0.084356,-0.551742,-0.002844
186892000.000,YZJ,handheld,free_gripped_slow_move,recording,0.523321,3.903778,8.845332,-0.096228,-0.603130,0.006785
186892010.000,YZJ,handheld,free_gripped_slow_move,recording,0.538989,3.875941,8.721758,-0.127246,-0.677963,0.012385
186892020.000,YZJ,handheld,free_gripped_slow_move,recording,0.598753,3.878790,8.708957,-0.161499,-0.759252,0.016789
186892030.000,YZJ,handheld,free_gripped_slow_move,recording,0.668573,3.856876,8.725491,-0.191404,-0.835020,0.019554
186892040.000,YZJ,handheld,free_gripped_slow_move,recording,0.735790,3.840666,8.786446,-0.215203,-0.884716,0.024847
186892050.000,YZJ,handheld,free_gripped_slow_move,recording,0.887147,3.783216,8.906774,-0.219296,-0.904465,0.026116
186892060.000,YZJ,handheld,free_gripped_slow_move,recording,1.046817,3.755647,8.955040,-0.210309,-0.890005,0.022311
186892070.000,YZJ,handheld,free_gripped_slow_move,recording,1.167659,3.775622,8.954226,-0.204566,-0.846651,0.020700
186892080.000,YZJ,handheld,free_gripped_slow_move,recording,1.280405,3.801959,8.931303,-0.202452,-0.807182,0.017975
186892090.000,YZJ,handheld,free_gripped_slow_move,recording,1.356248,3.796545,8.873405,-0.205092,-0.808109,0.013528
186892100.000,YZJ,handheld,free_gripped_slow_move,recording,1.413500,3.733162,8.747314,-0.227715,-0.854882,0.008701
186892110.000,YZJ,handheld,free_gripped_slow_move,recording,1.532334,3.673169,8.668879,-0.263098,-0.907029,-0.002297
186892120.000,YZJ,handheld,free_gripped_slow_move,recording,1.597843,3.591979,8.777455,-0.296608,-0.961045,-0.010935
186892130.000,YZJ,handheld,free_gripped_slow_move,recording,1.650179,3.520383,8.879962,-0.320841,-1.040822,-0.016638
186892140.000,YZJ,handheld,free_gripped_slow_move,recording,1.739504,3.475507,8.914986,-0.350134,-1.116594,-0.023686
186892150.000,YZJ,handheld,free_gripped_slow_move,recording,1.707067,3.434208,8.930992,-0.382309,-1.155581,-0.015984
186892160.000,YZJ,handheld,free_gripped_slow_move,recording,2.011629,3.500161,9.015455,-0.395701,-1.186848,-0.004922
186892170.000,YZJ,handheld,free_gripped_slow_move,recording,2.157611,3.489105,9.079157,-0.398928,-1.194126,-0.006199
186892180.000,YZJ,handheld,free_gripped_slow_move,recording,2.261924,3.430147,9.132682,-0.395100,-1.160800,0.001994
186892190.000,YZJ,handheld,free_gripped_slow_move,recording,2.344741,3.366109,9.223928,-0.378168,-1.104576,0.015876
186892200.000,YZJ,handheld,free_gripped_slow_move,recording,2.511184,3.317910,9.321566,-0.344643,-1.044641,0.026790
186892210.000,YZJ,handheld,free_gripped_slow_move,recording,2.634228,3.202965,9.424737,-0.295216,-0.980719,0.030610
186892220.000,YZJ,handheld,free_gripped_slow_move,recording,2.740871,3.125207,9.455249,-0.237752,-0.913140,0.027692
186892230.000,YZJ,handheld,free_gripped_slow_move,recording,2.822510,3.095224,9.368619,-0.183599,-0.854269,0.021430
186892240.000,YZJ,handheld,free_gripped_slow_move,recording,2.905493,3.042703,9.162163,-0.145637,-0.801866,0.011180
186892250.000,YZJ,handheld,free_gripped_slow_move,recording,2.984008,3.073980,9.017105,-0.126038,-0.760780,-0.003720
186892260.000,YZJ,handheld,free_gripped_slow_move,recording,3.053640,3.064851,8.895207,-0.114772,-0.722005,-0.018941
186892270.000,YZJ,handheld,free_gripped_slow_move,recording,3.079264,3.106439,8.858397,-0.105964,-0.693468,-0.031635
186892280.000,YZJ,handheld,free_gripped_slow_move,recording,3.164707,3.136337,8.802682,-0.096056,-0.671929,-0.043581
186892290.000,YZJ,handheld,free_gripped_slow_move,recording,3.167247,3.116289,8.724954,-0.091985,-0.642347,-0.049395
186892300.000,YZJ,handheld,free_gripped_slow_move,recording,3.215306,3.163783,8.646697,-0.092310,-0.609437,-0.047900
186892310.000,YZJ,handheld,free_gripped_slow_move,recording,3.248733,3.177853,8.596799,-0.096859,-0.573698,-0.046164
186892320.000,YZJ,handheld,free_gripped_slow_move,recording,3.189837,3.151298,8.583853,-0.101625,-0.539373,-0.032925
186892330.000,YZJ,handheld,free_gripped_slow_move,recording,3.203457,3.172188,8.602087,-0.100129,-0.502458,-0.017870
186892340.000,YZJ,handheld,free_gripped_slow_move,recording,3.282897,3.176532,8.584421,-0.098838,-0.468324,-0.003652
186892350.000,YZJ,handheld,free_gripped_slow_move,recording,3.373260,3.163512,8.568674,-0.098055,-0.424405,0.006999
186892360.000,YZJ,handheld,free_gripped_slow_move,recording,3.440791,3.176266,8.665894,-0.086640,-0.378197,0.012853
186892370.000,YZJ,handheld,free_gripped_slow_move,recording,3.468216,3.131410,8.688320,-0.069614,-0.338354,0.017479
186892380.000,YZJ,handheld,free_gripped_slow_move,recording,3.471102,3.121631,8.710521,-0.052455,-0.308949,0.021015
186892390.000,YZJ,handheld,free_gripped_slow_move,recording,3.526742,3.116142,8.645964,-0.038040,-0.289473,0.022001
186892400.000,YZJ,handheld,free_gripped_slow_move,recording,3.532843,3.062951,8.590696,-0.031405,-0.275849,0.018226
186892410.000,YZJ,handheld,free_gripped_slow_move,recording,3.593454,3.047058,8.498577,-0.032776,-0.275093,0.007774
186892420.000,YZJ,handheld,free_gripped_slow_move,recording,3.705830,3.052358,8.412512,-0.043582,-0.288696,-0.010878
186892430.000,YZJ,handheld,free_gripped_slow_move,recording,3.751417,3.080147,8.395663,-0.060396,-0.309050,-0.033133
186892440.000,YZJ,handheld,free_gripped_slow_move,recording,3.734616,3.099170,8.394952,-0.075571,-0.337346,-0.051805
186892450.000,YZJ,handheld,free_gripped_slow_move,recording,3.668298,3.118089,8.407781,-0.090262,-0.361406,-0.057823
186892460.000,YZJ,handheld,free_gripped_slow_move,recording,3.626426,3.133838,8.473123,-0.098107,-0.378647,-0.053977
186892470.000,YZJ,handheld,free_gripped_slow_move,recording,3.635220,3.140282,8.441837,-0.107178,-0.400731,-0.047421
186892480.000,YZJ,handheld,free_gripped_slow_move,recording,3.648524,3.158191,8.489311,-0.114713,-0.416304,-0.037727
186892490.000,YZJ,handheld,free_gripped_slow_move,recording,3.682515,3.124869,8.498191,-0.118252,-0.428247,-0.029048
186892500.000,YZJ,handheld,free_gripped_slow_move,recording,3.799585,3.079420,8.566740,-0.117005,-0.406534,-0.026225
186892510.000,YZJ,handheld,free_gripped_slow_move,recording,3.881786,3.048144,8.692039,-0.099694,-0.357864,-0.025633
186892520.000,YZJ,handheld,free_gripped_slow_move,recording,3.952334,2.996328,8.821553,-0.063768,-0.292136,-0.029939
186892530.000,YZJ,handheld,free_gripped_slow_move,recording,3.978606,2.933536,8.813192,-0.025393,-0.221927,-0.033801
186892540.000,YZJ,handheld,free_gripped_slow_move,recording,3.894852,2.937470,8.718728,0.002473,-0.159029,-0.028305
186892550.000,YZJ,handheld,free_gripped_slow_move,recording,3.841978,2.954313,8.609612,0.017305,-0.123525,-0.018892
186892560.000,YZJ,handheld,free_gripped_slow_move,recording,3.815889,3.004385,8.466217,0.017205,-0.116248,-0.008350
186892570.000,YZJ,handheld,free_gripped_slow_move,recording,3.818735,3.036582,8.368043,0.006740,-0.113748,-0.000634
186892580.000,YZJ,handheld,free_gripped_slow_move,recording,3.879797,3.024583,8.340369,-0.005892,-0.110280,0.006636
186892590.000,YZJ,handheld,free_gripped_slow_move,recording,3.910647,3.026071,8.317656,-0.018622,-0.112086,0.008096
186892600.000,YZJ,handheld,free_gripped_slow_move,recording,3.955959,3.043645,8.333745,-0.032113,-0.120546,0.006181
186892610.000,YZJ,handheld,free_gripped_slow_move,recording,3.962901,3.032744,8.324072,-0.046138,-0.130033,0.005828
186892620.000,YZJ,handheld,free_gripped_slow_move,recording,3.974938,3.020439,8.340331,-0.059018,-0.130405,0.007561
186892630.000,YZJ,handheld,free_gripped_slow_move,recording,3.938559,2.983368,8.429891,-0.064386,-0.131273,0.012206
186892640.000,YZJ,handheld,free_gripped_slow_move,recording,4.030903,2.975640,8.510888,-0.059132,-0.134903,0.009277
186892650.000,YZJ,handheld,free_gripped_slow_move,recording,4.122870,2.969849,8.637336,-0.043182,-0.120954,0.002132
186892660.000,YZJ,handheld,free_gripped_slow_move,recording,4.153144,2.949905,8.692209,-0.018200,-0.096380,-0.006280
186892670.000,YZJ,handheld,free_gripped_slow_move,recording,4.169125,2.933774,8.735768,0.013266,-0.069270,-0.017896
186892680.000,YZJ,handheld,free_gripped_slow_move,recording,4.147281,2.941798,8.732252,0.043855,-0.042746,-0.026017
186892690.000,YZJ,handheld,free_gripped_slow_move,recording,4.066101,2.972822,8.571047,0.058935,-0.027028,-0.024915
186892700.000,YZJ,handheld,free_gripped_slow_move,recording,4.017382,3.001168,8.350469,0.052103,-0.018615,-0.019860
186892710.000,YZJ,handheld,free_gripped_slow_move,recording,3.982013,3.042973,8.248378,0.032504,-0.013692,-0.012069
186892720.000,YZJ,handheld,free_gripped_slow_move,recording,3.953421,3.036515,8.236124,0.009506,-0.019935,-0.003657
186892730.000,YZJ,handheld,free_gripped_slow_move,recording,4.018563,3.051029,8.258228,-0.006679,-0.031066,-0.002445
186892740.000,YZJ,handheld,free_gripped_slow_move,recording,4.076181,3.055217,8.381047,-0.011010,-0.019846,-0.002989
186892750.000,YZJ,handheld,free_gripped_slow_move,recording,4.060652,3.007850,8.503911,0.000425,0.007959,-0.002494
186892760.000,YZJ,handheld,free_gripped_slow_move,recording,4.072860,2.989191,8.579866,0.021661,0.048865,-0.001030
186892770.000,YZJ,handheld,free_gripped_slow_move,recording,4.110107,2.997866,8.652978,0.052226,0.106073,-0.000821
186892780.000,YZJ,handheld,free_gripped_slow_move,recording,4.091723,3.031677,8.668994,0.085616,0.147089,-0.001919
186892790.000,YZJ,handheld,free_gripped_slow_move,recording,4.066442,3.012345,8.532198,0.104364,0.163592,-0.006817
186892800.000,YZJ,handheld,free_gripped_slow_move,recording,4.014691,3.036157,8.424234,0.104009,0.182785,-0.008519
186892810.000,YZJ,handheld,free_gripped_slow_move,recording,3.951733,3.064577,8.380003,0.096891,0.170822,-0.006884
186892820.000,YZJ,handheld,free_gripped_slow_move,recording,3.921090,3.075563,8.319400,0.086795,0.141217,-0.005633
186892830.000,YZJ,handheld,free_gripped_slow_move,recording,3.900468,3.093349,8.350179,0.078376,0.130715,-0.003078
186892840.000,YZJ,handheld,free_gripped_slow_move,recording,3.916461,3.107931,8.412902,0.077860,0.134274,-0.001152
186892850.000,YZJ,handheld,free_gripped_slow_move,recording,3.912766,3.107052,8.441062,0.084196,0.155611,0.001836
186892860.000,YZJ,handheld,free_gripped_slow_move,recording,3.887349,3.122106,8.546006,0.103741,0.211525,0.008176
186892870.000,YZJ,handheld,free_gripped_slow_move,recording,3.835805,3.127722,8.696213,0.142516,0.286386,0.022171
186892880.000,YZJ,handheld,free_gripped_slow_move,recording,3.776177,3.134750,8.763280,0.192674,0.375056,0.037900
186892890.000,YZJ,handheld,free_gripped_slow_move,recording,3.759741,3.160710,8.840379,0.252358,0.480959,0.054322
186892900.000,YZJ,handheld,free_gripped_slow_move,recording,3.696028,3.144981,8.823841,0.309603,0.585558,0.066301
186892910.000,YZJ,handheld,free_gripped_slow_move,recording,3.730994,3.141948,8.740558,0.355263,0.655049,0.067568
186892920.000,YZJ,handheld,free_gripped_slow_move,recording,3.851376,3.181397,8.571845,0.377481,0.678935,0.047540
186892930.000,YZJ,handheld,free_gripped_slow_move,recording,3.930280,3.211789,8.324100,0.365632,0.647789,0.008008
186892940.000,YZJ,handheld,free_gripped_slow_move,recording,3.904700,3.242167,8.075623,0.318995,0.563794,-0.035042
186892950.000,YZJ,handheld,free_gripped_slow_move,recording,3.762415,3.287625,7.872673,0.251052,0.450571,-0.070891
186892960.000,YZJ,handheld,free_gripped_slow_move,recording,3.623454,3.310354,7.739775,0.166770,0.320599,-0.096431
186892970.000,YZJ,handheld,free_gripped_slow_move,recording,3.451263,3.331920,7.686737,0.070665,0.182818,-0.102122
186892980.000,YZJ,handheld,free_gripped_slow_move,recording,3.344344,3.358228,7.781408,-0.020800,0.075003,-0.094028
186892990.000,YZJ,handheld,free_gripped_slow_move,recording,3.264272,3.399283,8.066936,-0.082803,0.020238,-0.069090
186893000.000,YZJ,handheld,free_gripped_slow_move,recording,3.259342,3.341890,8.360202,-0.114045,0.006492,-0.041453
186893010.000,YZJ,handheld,free_gripped_slow_move,recording,3.305749,3.329491,8.745975,-0.106495,0.021828,-0.017045
186893020.000,YZJ,handheld,free_gripped_slow_move,recording,3.370645,3.326499,8.964162,-0.072367,0.060417,-0.000594
186893030.000,YZJ,handheld,free_gripped_slow_move,recording,3.404683,3.290322,9.108945,-0.019998,0.121094,0.013218
186893040.000,YZJ,handheld,free_gripped_slow_move,recording,3.440264,3.262163,9.138821,0.030661,0.170624,0.019410
186893050.000,YZJ,handheld,free_gripped_slow_move,recording,3.444154,3.276210,9.094276,0.076940,0.206912,0.018119
186893060.000,YZJ,handheld,free_gripped_slow_move,recording,3.464184,3.259274,8.921690,0.105232,0.224584,0.007496
186893070.000,YZJ,handheld,free_gripped_slow_move,recording,3.459438,3.258161,8.769198,0.111844,0.232242,-0.003329
186893080.000,YZJ,handheld,free_gripped_slow_move,recording,3.399821,3.248828,8.653374,0.099114,0.228272,-0.008183
186893090.000,YZJ,handheld,free_gripped_slow_move,recording,3.361784,3.275891,8.604908,0.079062,0.203677,-0.013860
186893100.000,YZJ,handheld,free_gripped_slow_move,recording,3.321086,3.269928,8.588434,0.055496,0.165904,-0.021063
186893110.000,YZJ,handheld,free_gripped_slow_move,recording,3.228326,3.325335,8.621432,0.029865,0.128156,-0.021582
186893120.000,YZJ,handheld,free_gripped_slow_move,recording,3.175738,3.362493,8.795781,0.021026,0.109306,-0.015890
186893130.000,YZJ,handheld,free_gripped_slow_move,recording,3.138335,3.387048,8.969657,0.037011,0.100566,-0.009087
186893140.000,YZJ,handheld,free_gripped_slow_move,recording,3.141342,3.409521,9.038871,0.064467,0.105468,-0.001479
186893150.000,YZJ,handheld,free_gripped_slow_move,recording,3.127993,3.425118,9.035456,0.094718,0.133549,0.008612
186893160.000,YZJ,handheld,free_gripped_slow_move,recording,3.110143,3.408501,8.952039,0.122849,0.160119,0.015583
186893170.000,YZJ,handheld,free_gripped_slow_move,recording,3.178208,3.361097,8.767074,0.130891,0.162623,0.015055
186893180.000,YZJ,handheld,free_gripped_slow_move,recording,3.160883,3.357680,8.602528,0.117802,0.152755,0.010945
186893190.000,YZJ,handheld,free_gripped_slow_move,recording,3.141575,3.332427,8.503032,0.092094,0.120278,0.005777
186893200.000,YZJ,handheld,free_gripped_slow_move,recording,3.158173,3.361758,8.476671,0.067211,0.074656,-0.003618
186893210.000,YZJ,handheld,free_gripped_slow_move,recording,3.227069,3.372826,8.518568,0.047776,0.038797,-0.017387
186893220.000,YZJ,handheld,free_gripped_slow_move,recording,3.237175,3.439123,8.573457,0.039722,0.034724,-0.025725
186893230.000,YZJ,handheld,free_gripped_slow_move,recording,3.165737,3.494454,8.674007,0.045820,0.050612,-0.023424
186893240.000,YZJ,handheld,free_gripped_slow_move,recording,3.094255,3.507907,8.696385,0.060055,0.076156,-0.010710
186893250.000,YZJ,handheld,free_gripped_slow_move,recording,3.048049,3.531288,8.671258,0.074382,0.101001,0.005044
186893260.000,YZJ,handheld,free_gripped_slow_move,recording,3.099307,3.504602,8.599171,0.081411,0.124888,0.017522
186893270.000,YZJ,handheld,free_gripped_slow_move,recording,3.173985,3.522872,8.535169,0.080949,0.154200,0.022830
186893280.000,YZJ,handheld,free_gripped_slow_move,recording,3.234873,3.469755,8.557674,0.079764,0.186182,0.017739
186893290.000,YZJ,handheld,free_gripped_slow_move,recording,3.226014,3.409594,8.609804,0.087922,0.220671,0.012081
186893300.000,YZJ,handheld,free_gripped_slow_move,recording,3.211446,3.385913,8.643375,0.101124,0.252104,0.009902
186893310.000,YZJ,handheld,free_gripped_slow_move,recording,3.149811,3.389237,8.618366,0.108948,0.264374,0.010185
186893320.000,YZJ,handheld,free_gripped_slow_move,recording,3.096516,3.416632,8.475746,0.102616,0.234369,0.010176
186893330.000,YZJ,handheld,free_gripped_slow_move,recording,3.075618,3.482162,8.360101,0.076823,0.168569,0.002543
186893340.000,YZJ,handheld,free_gripped_slow_move,recording,3.082499,3.499618,8.209101,0.038024,0.099186,-0.006833
186893350.000,YZJ,handheld,free_gripped_slow_move,recording,3.062855,3.562641,8.204394,-0.002618,0.056905,-0.011828
186893360.000,YZJ,handheld,free_gripped_slow_move,recording,3.032079,3.585308,8.319624,-0.032209,0.044367,-0.011881
186893370.000,YZJ,handheld,free_gripped_slow_move,recording,3.007492,3.559039,8.497532,-0.043952,0.053920,-0.006360
186893380.000,YZJ,handheld,free_gripped_slow_move,recording,3.016513,3.525528,8.664723,-0.036887,0.095019,0.002431
186893390.000,YZJ,handheld,free_gripped_slow_move,recording,3.005872,3.520652,8.818329,-0.013499,0.154422,0.012301
186893400.000,YZJ,handheld,free_gripped_slow_move,recording,3.031627,3.524259,8.942623,0.021993,0.222847,0.017260
186893410.000,YZJ,handheld,free_gripped_slow_move,recording,3.047542,3.498688,8.997189,0.065849,0.303139,0.016348
186893420.000,YZJ,handheld,free_gripped_slow_move,recording,3.059921,3.505049,9.042157,0.113760,0.398679,0.009296
186893430.000,YZJ,handheld,free_gripped_slow_move,recording,3.044567,3.515192,9.041362,0.162200,0.491330,0.002441
186893440.000,YZJ,handheld,free_gripped_slow_move,recording,2.992496,3.483793,9.017727,0.204662,0.561473,-0.003219
186893450.000,YZJ,handheld,free_gripped_slow_move,recording,2.961414,3.485877,8.940003,0.233480,0.603919,-0.013776
186893460.000,YZJ,handheld,free_gripped_slow_move,recording,2.927907,3.513663,8.923483,0.258955,0.627084,-0.027027
186893470.000,YZJ,handheld,free_gripped_slow_move,recording,2.855679,3.521065,8.896192,0.274923,0.632583,-0.038946
186893480.000,YZJ,handheld,free_gripped_slow_move,recording,2.758529,3.543834,8.788260,0.279591,0.623864,-0.049174
186893490.000,YZJ,handheld,free_gripped_slow_move,recording,2.616436,3.636215,8.670647,0.270430,0.612758,-0.053354
186893500.000,YZJ,handheld,free_gripped_slow_move,recording,2.459077,3.672637,8.587763,0.249103,0.592899,-0.050219
186893510.000,YZJ,handheld,free_gripped_slow_move,recording,2.378033,3.711767,8.467253,0.212024,0.547982,-0.042695
186893520.000,YZJ,handheld,free_gripped_slow_move,recording,2.303221,3.803279,8.454449,0.169592,0.495107,-0.038623
186893530.000,YZJ,handheld,free_gripped_slow_move,recording,2.228450,3.821974,8.434989,0.132446,0.430767,-0.033005
186893540.000,YZJ,handheld,free_gripped_slow_move,recording,2.129015,3.787075,8.414168,0.090686,0.363849,-0.016432
186893550.000,YZJ,handheld,free_gripped_slow_move,recording,2.105634,3.782823,8.456803,0.049593,0.322072,0.001886
186893560.000,YZJ,handheld,free_gripped_slow_move,recording,2.169819,3.779594,8.579672,0.021205,0.305764,0.017944
186893570.000,YZJ,handheld,free_gripped_slow_move,recording,2.241462,3.760492,8.761983,0.012553,0.304196,0.025049
186893580.000,YZJ,handheld,free_gripped_slow_move,recording,2.264606,3.760626,8.957016,0.027057,0.307625,0.019774
186893590.000,YZJ,handheld,free_gripped_slow_move,recording,2.272383,3.741074,9.100107,0.058141,0.307799,0.007053
186893600.000,YZJ,handheld,free_gripped_slow_move,recording,2.228322,3.702215,9.127765,0.091496,0.308215,-0.006655
186893610.000,YZJ,handheld,free_gripped_slow_move,recording,2.186316,3.713772,9.122580,0.119124,0.302992,-0.019403
186893620.000,YZJ,handheld,free_gripped_slow_move,recording,2.115226,3.739404,9.119886,0.145766,0.289310,-0.029131
186893630.000,YZJ,handheld,free_gripped_slow_move,recording,2.056159,3.742990,9.029829,0.160900,0.273702,-0.034128
186893640.000,YZJ,handheld,free_gripped_slow_move,recording,2.019739,3.761628,8.901139,0.159241,0.257416,-0.031254
186893650.000,YZJ,handheld,free_gripped_slow_move,recording,1.985941,3.819901,8.857666,0.156634,0.260640,-0.023231
186893660.000,YZJ,handheld,free_gripped_slow_move,recording,1.918369,3.872862,8.815863,0.152243,0.279653,-0.008642
186893670.000,YZJ,handheld,free_gripped_slow_move,recording,1.893744,3.878299,8.691728,0.138567,0.289824,0.005024
186893680.000,YZJ,handheld,free_gripped_slow_move,recording,1.856760,3.920928,8.623840,0.120774,0.298418,0.019296
186893690.000,YZJ,handheld,free_gripped_slow_move,recording,1.824912,3.942015,8.557001,0.099301,0.295081,0.034072
186893700.000,YZJ,handheld,free_gripped_slow_move,recording,1.787335,3.922999,8.514116,0.073503,0.281543,0.045807
186893710.000,YZJ,handheld,free_gripped_slow_move,recording,1.815476,3.932789,8.493238,0.048803,0.267186,0.050015
186893720.000,YZJ,handheld,free_gripped_slow_move,recording,1.879663,3.928350,8.480669,0.019345,0.239222,0.043213
186893730.000,YZJ,handheld,free_gripped_slow_move,recording,1.920397,3.917006,8.517331,-0.012630,0.199745,0.030307
186893740.000,YZJ,handheld,free_gripped_slow_move,recording,1.888171,3.905697,8.657696,-0.035716,0.162098,0.023249
186893750.000,YZJ,handheld,free_gripped_slow_move,recording,1.830641,3.874535,8.817306,-0.036940,0.135182,0.024262
186893760.000,YZJ,handheld,free_gripped_slow_move,recording,1.853231,3.869111,8.964648,-0.020279,0.128568,0.024368
186893770.000,YZJ,handheld,free_gripped_slow_move,recording,1.893611,3.877076,9.021958,0.007293,0.156220,0.019900
186893780.000,YZJ,handheld,free_gripped_slow_move,recording,1.869742,3.889963,9.051086,0.041133,0.209408,0.017231
186893790.000,YZJ,handheld,free_gripped_slow_move,recording,1.875969,3.908398,9.020554,0.073977,0.279279,0.017027
186893800.000,YZJ,handheld,free_gripped_slow_move,recording,1.843025,3.907378,8.995229,0.105193,0.351449,0.016750
186893810.000,YZJ,handheld,free_gripped_slow_move,recording,1.801520,3.907970,8.957191,0.133438,0.417514,0.018405
186893820.000,YZJ,handheld,free_gripped_slow_move,recording,1.713213,3.915858,8.902510,0.156340,0.472918,0.024898
186893830.000,YZJ,handheld,free_gripped_slow_move,recording,1.658351,3.925101,8.820546,0.164459,0.495255,0.030817
186893840.000,YZJ,handheld,free_gripped_slow_move,recording,1.590054,3.948387,8.649794,0.155745,0.471006,0.034105
186893850.000,YZJ,handheld,free_gripped_slow_move,recording,1.525676,3.948403,8.439563,0.116223,0.413264,0.036204
186893860.000,YZJ,handheld,free_gripped_slow_move,recording,1.492486,3.973910,8.331458,0.051893,0.327103,0.038596
186893870.000,YZJ,handheld,free_gripped_slow_move,recording,1.474908,3.987013,8.343420,-0.010050,0.229085,0.036500
186893880.000,YZJ,handheld,free_gripped_slow_move,recording,1.486716,3.998370,8.528276,-0.054238,0.150405,0.030582
186893890.000,YZJ,handheld,free_gripped_slow_move,recording,1.467742,3.976881,8.750947,-0.074232,0.090157,0.027016
186893900.000,YZJ,handheld,free_gripped_slow_move,recording,1.507105,3.954731,8.912756,-0.076208,0.050705,0.021562
186893910.000,YZJ,handheld,free_gripped_slow_move,recording,1.490674,3.926388,9.010030,-0.067959,0.043508,0.018485
186893920.000,YZJ,handheld,free_gripped_slow_move,recording,1.494624,3.928060,9.073363,-0.053305,0.062170,0.019398
186893930.000,YZJ,handheld,free_gripped_slow_move,recording,1.505256,3.911360,9.124309,-0.030903,0.090414,0.019565
186893940.000,YZJ,handheld,free_gripped_slow_move,recording,1.517647,3.891006,9.164904,-0.003744,0.129198,0.017300
186893950.000,YZJ,handheld,free_gripped_slow_move,recording,1.505672,3.907484,9.197926,0.026581,0.189080,0.013812
186893960.000,YZJ,handheld,free_gripped_slow_move,recording,1.481882,3.894305,9.282391,0.066106,0.251050,0.010382
186893970.000,YZJ,handheld,free_gripped_slow_move,recording,1.484004,3.903736,9.264523,0.107197,0.301242,0.002861
186893980.000,YZJ,handheld,free_gripped_slow_move,recording,1.463060,3.901321,9.243738,0.144800,0.332864,-0.006792
186893990.000,YZJ,handheld,free_gripped_slow_move,recording,1.355817,3.913197,9.139258,0.168338,0.347189,-0.008937
186894000.000,YZJ,handheld,free_gripped_slow_move,recording,1.299398,3.946883,9.016219,0.175241,0.334987,-0.009691
186894010.000,YZJ,handheld,free_gripped_slow_move,recording,1.291013,3.973310,8.851065,0.163416,0.295721,-0.013067
186894020.000,YZJ,handheld,free_gripped_slow_move,recording,1.249029,3.978991,8.709171,0.136764,0.256729,-0.011628
186894030.000,YZJ,handheld,free_gripped_slow_move,recording,1.176950,4.022252,8.715504,0.108464,0.235224,-0.006084
186894040.000,YZJ,handheld,free_gripped_slow_move,recording,1.142429,4.036605,8.774411,0.090511,0.224119,0.002481
186894050.000,YZJ,handheld,free_gripped_slow_move,recording,1.123581,4.062934,8.871035,0.086497,0.225975,0.013059
186894060.000,YZJ,handheld,free_gripped_slow_move,recording,1.156594,4.058614,8.957096,0.096170,0.239301,0.019174
186894070.000,YZJ,handheld,free_gripped_slow_move,recording,1.221802,4.068557,8.990327,0.114062,0.252207,0.018726
186894080.000,YZJ,handheld,free_gripped_slow_move,recording,1.238034,4.065210,8.969147,0.131169,0.275936,0.012651
186894090.000,YZJ,handheld,free_gripped_slow_move,recording,1.232490,4.093516,8.960717,0.146927,0.306031,0.007279
186894100.000,YZJ,handheld,free_gripped_slow_move,recording,1.224873,4.071887,8.933648,0.161684,0.320407,-0.001562
186894110.000,YZJ,handheld,free_gripped_slow_move,recording,1.255008,4.033870,8.836300,0.169337,0.316422,-0.018763
186894120.000,YZJ,handheld,free_gripped_slow_move,recording,1.191261,4.074776,8.730389,0.162393,0.307418,-0.033440
186894130.000,YZJ,handheld,free_gripped_slow_move,recording,1.050113,4.131594,8.632246,0.144095,0.292270,-0.035480
186894140.000,YZJ,handheld,free_gripped_slow_move,recording,1.003296,4.137983,8.545463,0.118174,0.265643,-0.034340
186894150.000,YZJ,handheld,free_gripped_slow_move,recording,0.943710,4.180246,8.482613,0.081225,0.237717,-0.032971
186894160.000,YZJ,handheld,free_gripped_slow_move,recording,0.834145,4.231237,8.402655,0.038556,0.207190,-0.024862
186894170.000,YZJ,handheld,free_gripped_slow_move,recording,0.748328,4.224439,8.343064,-0.008084,0.171029,-0.008916
186894180.000,YZJ,handheld,free_gripped_slow_move,recording,0.741754,4.233160,8.390694,-0.052359,0.134266,0.004313
186894190.000,YZJ,handheld,free_gripped_slow_move,recording,0.762342,4.243587,8.487527,-0.084497,0.094302,0.012172
186894200.000,YZJ,handheld,free_gripped_slow_move,recording,0.801184,4.194955,8.654571,-0.102005,0.061846,0.015077
186894210.000,YZJ,handheld,free_gripped_slow_move,recording,0.833346,4.161559,8.814071,-0.101727,0.044759,0.014798
186894220.000,YZJ,handheld,free_gripped_slow_move,recording,0.856885,4.136976,8.981260,-0.080769,0.043142,0.009122
186894230.000,YZJ,handheld,free_gripped_slow_move,recording,0.885278,4.081606,9.040900,-0.054922,0.051808,0.002821
186894240.000,YZJ,handheld,free_gripped_slow_move,recording,0.853683,4.083574,9.081758,-0.031461,0.066143,-0.000536
186894250.000,YZJ,handheld,free_gripped_slow_move,recording,0.808962,4.094680,9.067263,-0.014313,0.074203,-0.001222
186894260.000,YZJ,handheld,free_gripped_slow_move,recording,0.824494,4.111026,9.018450,-0.004751,0.063887,-0.001030
186894270.000,YZJ,handheld,free_gripped_slow_move,recording,0.819733,4.150641,8.984346,-0.001942,0.051216,0.000279
186894280.000,YZJ,handheld,free_gripped_slow_move,recording,0.826382,4.153812,9.010731,-0.000509,0.049836,0.003849
186894290.000,YZJ,handheld,free_gripped_slow_move,recording,0.820721,4.155717,9.055706,0.008678,0.054527,0.007600
186894300.000,YZJ,handheld,free_gripped_slow_move,recording,0.838870,4.105495,9.020622,0.018241,0.055857,0.006356
186894310.000,YZJ,handheld,free_gripped_slow_move,recording,0.813670,4.073690,8.925737,0.019776,0.060615,0.005404
186894320.000,YZJ,handheld,free_gripped_slow_move,recording,0.756888,4.072858,8.944293,0.019173,0.080403,0.009382
186894330.000,YZJ,handheld,free_gripped_slow_move,recording,0.742163,4.065968,8.986193,0.022857,0.103035,0.016935
186894340.000,YZJ,handheld,free_gripped_slow_move,recording,0.710373,4.075769,9.032800,0.039448,0.127230,0.025934
186894350.000,YZJ,handheld,free_gripped_slow_move,recording,0.724256,4.104273,9.089032,0.066105,0.168667,0.037888
186894360.000,YZJ,handheld,free_gripped_slow_move,recording,0.712979,4.196906,9.131669,0.096157,0.224575,0.052265
186894370.000,YZJ,handheld,free_gripped_slow_move,recording,0.709615,4.233287,9.065496,0.125829,0.286251,0.068689
186894380.000,YZJ,handheld,free_gripped_slow_move,recording,0.698373,4.254448,9.014104,0.151616,0.350761,0.086110
186894390.000,YZJ,handheld,free_gripped_slow_move,recording,0.642426,4.249831,8.955652,0.172621,0.416910,0.104994
186894400.000,YZJ,handheld,free_gripped_slow_move,recording,0.613654,4.223719,8.902533,0.188810,0.470626,0.122403
186894410.000,YZJ,handheld,free_gripped_slow_move,recording,0.609078,4.213298,8.863922,0.198484,0.507399,0.130870
186894420.000,YZJ,handheld,free_gripped_slow_move,recording,0.598784,4.168681,8.791419,0.198281,0.517587,0.127262
186894430.000,YZJ,handheld,free_gripped_slow_move,recording,0.554154,4.154584,8.699100,0.187966,0.501865,0.120288
186894440.000,YZJ,handheld,free_gripped_slow_move,recording,0.427978,4.186386,8.672993,0.170243,0.477075,0.119293
186894450.000,YZJ,handheld,free_gripped_slow_move,recording,0.320656,4.232931,8.683300,0.156481,0.451770,0.127664
186894460.000,YZJ,handheld,free_gripped_slow_move,recording,0.264940,4.255234,8.730802,0.152279,0.437210,0.142997
186894470.000,YZJ,handheld,free_gripped_slow_move,recording,0.251736,4.306431,8.772760,0.156792,0.449612,0.158388
186894480.000,YZJ,handheld,free_gripped_slow_move,recording,0.256426,4.365384,8.784842,0.166958,0.485455,0.174621
186894490.000,YZJ,handheld,free_gripped_slow_move,recording,0.276383,4.367031,8.743240,0.174468,0.526327,0.188303
186894500.000,YZJ,handheld,free_gripped_slow_move,recording,0.272872,4.372101,8.681800,0.173560,0.566741,0.197237
186894510.000,YZJ,handheld,free_gripped_slow_move,recording,0.248654,4.396770,8.666069,0.166197,0.604722,0.204935
186894520.000,YZJ,handheld,free_gripped_slow_move,recording,0.198822,4.395981,8.684995,0.160934,0.639328,0.211108
186894530.000,YZJ,handheld,free_gripped_slow_move,recording,0.145918,4.421321,8.740517,0.159269,0.651949,0.217860
186894540.000,YZJ,handheld,free_gripped_slow_move,recording,0.084122,4.452341,8.784139,0.160047,0.643898,0.223058
186894550.000,YZJ,handheld,free_gripped_slow_move,recording,0.080245,4.484137,8.844624,0.162243,0.622985,0.225120
186894560.000,YZJ,handheld,free_gripped_slow_move,recording,0.048720,4.478803,8.870878,0.165791,0.588765,0.221581
186894570.000,YZJ,handheld,free_gripped_slow_move,recording,0.050680,4.461639,8.905773,0.174312,0.535452,0.215485
186894580.000,YZJ,handheld,free_gripped_slow_move,recording,0.057013,4.461300,8.810300,0.173871,0.479639,0.198173
186894590.000,YZJ,handheld,free_gripped_slow_move,recording,0.100223,4.452603,8.698262,0.162082,0.423836,0.173597
186894600.000,YZJ,handheld,free_gripped_slow_move,recording,0.068504,4.429488,8.603359,0.143565,0.360504,0.147891
186894610.000,YZJ,handheld,free_gripped_slow_move,recording,0.050461,4.419747,8.554265,0.114727,0.286404,0.122608
186894620.000,YZJ,handheld,free_gripped_slow_move,recording,0.023488,4.429736,8.544568,0.086251,0.211863,0.099754
186894630.000,YZJ,handheld,free_gripped_slow_move,recording,0.015304,4.438153,8.561519,0.060884,0.146009,0.081830
186894640.000,YZJ,handheld,free_gripped_slow_move,recording,-0.046123,4.457181,8.647353,0.046249,0.095851,0.068876
186894650.000,YZJ,handheld,free_gripped_slow_move,recording,-0.089580,4.458735,8.762112,0.047186,0.071614,0.064548
186894660.000,YZJ,handheld,free_gripped_slow_move,recording,-0.105026,4.494696,8.828463,0.060001,0.070729,0.064597
186894670.000,YZJ,handheld,free_gripped_slow_move,recording,-0.109659,4.539571,8.843491,0.074064,0.088369,0.065789
186894680.000,YZJ,handheld,free_gripped_slow_move,recording,-0.086275,4.520182,8.772494,0.085446,0.110234,0.066435
186894690.000,YZJ,handheld,free_gripped_slow_move,recording,-0.096466,4.559837,8.704604,0.087681,0.133684,0.064737
186894700.000,YZJ,handheld,free_gripped_slow_move,recording,-0.133086,4.569645,8.617858,0.075599,0.142861,0.064617
186894710.000,YZJ,handheld,free_gripped_slow_move,recording,-0.181337,4.568585,8.610395,0.059040,0.135844,0.064874
186894720.000,YZJ,handheld,free_gripped_slow_move,recording,-0.199643,4.559663,8.684952,0.047313,0.118688,0.063922
186894730.000,YZJ,handheld,free_gripped_slow_move,recording,-0.220879,4.556312,8.750247,0.047827,0.109974,0.061326
186894740.000,YZJ,handheld,free_gripped_slow_move,recording,-0.231074,4.529406,8.800938,0.057059,0.096444,0.057926
186894750.000,YZJ,handheld,free_gripped_slow_move,recording,-0.226656,4.493557,8.825309,0.073831,0.085270,0.052874
186894760.000,YZJ,handheld,free_gripped_slow_move,recording,-0.248110,4.484743,8.792559,0.085805,0.085981,0.049809
186894770.000,YZJ,handheld,free_gripped_slow_move,recording,-0.251627,4.485003,8.740180,0.092950,0.091990,0.048493
186894780.000,YZJ,handheld,free_gripped_slow_move,recording,-0.216088,4.522626,8.682084,0.093399,0.093835,0.045146
186894790.000,YZJ,handheld,free_gripped_slow_move,recording,-0.237237,4.588992,8.655013,0.093765,0.093428,0.041607
186894800.000,YZJ,handheld,free_gripped_slow_move,recording,-0.246712,4.602629,8.632093,0.089756,0.093273,0.040732
186894810.000,YZJ,handheld,free_gripped_slow_move,recording,-0.305435,4.640082,8.638416,0.086697,0.104535,0.044565
186894820.000,YZJ,handheld,free_gripped_slow_move,recording,-0.314765,4.634103,8.647627,0.088520,0.116879,0.050856
186894830.000,YZJ,handheld,free_gripped_slow_move,recording,-0.321114,4.658794,8.673652,0.094116,0.122753,0.056895
186894840.000,YZJ,handheld,free_gripped_slow_move,recording,-0.301769,4.644341,8.613041,0.093945,0.116744,0.057092
186894850.000,YZJ,handheld,free_gripped_slow_move,recording,-0.272530,4.666329,8.539333,0.081838,0.101271,0.052025
186894860.000,YZJ,handheld,free_gripped_slow_move,recording,-0.249399,4.673801,8.517133,0.063068,0.084774,0.044737
186894870.000,YZJ,handheld,free_gripped_slow_move,recording,-0.269438,4.674921,8.542045,0.048141,0.066156,0.038705
186894880.000,YZJ,handheld,free_gripped_slow_move,recording,-0.282815,4.677477,8.578179,0.040264,0.040574,0.034460
186894890.000,YZJ,handheld,free_gripped_slow_move,recording,-0.300253,4.690380,8.631632,0.038919,0.028091,0.030056
186894900.000,YZJ,handheld,free_gripped_slow_move,recording,-0.315753,4.702554,8.697596,0.043660,0.028532,0.030176
186894910.000,YZJ,handheld,free_gripped_slow_move,recording,-0.331674,4.701453,8.737064,0.056733,0.044750,0.033356
186894920.000,YZJ,handheld,free_gripped_slow_move,recording,-0.307168,4.706160,8.771260,0.078878,0.067776,0.036444
186894930.000,YZJ,handheld,free_gripped_slow_move,recording,-0.332735,4.686713,8.742827,0.098983,0.091744,0.039968
186894940.000,YZJ,handheld,free_gripped_slow_move,recording,-0.333875,4.696896,8.664755,0.109484,0.112627,0.042209
186894950.000,YZJ,handheld,free_gripped_slow_move,recording,-0.351357,4.729722,8.599541,0.111255,0.124573,0.043024
186894960.000,YZJ,handheld,free_gripped_slow_move,recording,-0.369786,4.741418,8.551644,0.105606,0.115062,0.043370
186894970.000,YZJ,handheld,free_gripped_slow_move,recording,-0.382666,4.716850,8.537298,0.097130,0.097210,0.044245
186894980.000,YZJ,handheld,free_gripped_slow_move,recording,-0.382277,4.728283,8.489898,0.085895,0.079556,0.045606
186894990.000,YZJ,handheld,free_gripped_slow_move,recording,-0.341366,4.734381,8.539594,0.078080,0.070533,0.044996
186895000.000,YZJ,handheld,free_gripped_slow_move,recording,-0.312544,4.751643,8.552997,0.074401,0.073261,0.039248
186895010.000,YZJ,handheld,free_gripped_slow_move,recording,-0.311499,4.740867,8.562550,0.078410,0.072993,0.032586
186895020.000,YZJ,handheld,free_gripped_slow_move,recording,-0.296630,4.743424,8.508138,0.078484,0.068163,0.024867
186895030.000,YZJ,handheld,free_gripped_slow_move,recording,-0.317702,4.763506,8.429179,0.068858,0.057458,0.016671
186895040.000,YZJ,handheld,free_gripped_slow_move,recording,-0.312816,4.773545,8.358854,0.049259,0.034567,0.008198
186895050.000,YZJ,handheld,free_gripped_slow_move,recording,-0.342075,4.802340,8.348426,0.024067,0.005104,0.000874
186895060.000,YZJ,handheld,free_gripped_slow_move,recording,-0.364134,4.819039,8.367112,0.002758,-0.018195,-0.001414
186895070.000,YZJ,handheld,free_gripped_slow_move,recording,-0.370649,4.824500,8.444864,-0.010579,-0.024932,-0.000940
186895080.000,YZJ,handheld,free_gripped_slow_move,recording,-0.409628,4.819537,8.508568,-0.016381,-0.023047,0.003403
186895090.000,YZJ,handheld,free_gripped_slow_move,recording,-0.384666,4.770176,8.568622,-0.010721,-0.017391,0.006357
186895100.000,YZJ,handheld,free_gripped_slow_move,recording,-0.375839,4.776548,8.611556,0.000357,-0.005928,0.008716
186895110.000,YZJ,handheld,free_gripped_slow_move,recording,-0.347587,4.755533,8.580286,0.008461,0.010771,0.008799
186895120.000,YZJ,handheld,free_gripped_slow_move,recording,-0.316706,4.774833,8.535863,0.010823,0.026790,0.007135
186895130.000,YZJ,handheld,free_gripped_slow_move,recording,-0.312436,4.807715,8.520890,0.007950,0.043069,0.003419
186895140.000,YZJ,handheld,free_gripped_slow_move,recording,-0.342905,4.793972,8.513298,0.006176,0.046826,0.002080
186895150.000,YZJ,handheld,free_gripped_slow_move,recording,-0.413445,4.761819,8.566782,0.009191,0.040422,0.002791
186895160.000,YZJ,handheld,free_gripped_slow_move,recording,-0.415852,4.779493,8.550812,0.013300,0.031858,0.003195
186895170.000,YZJ,handheld,free_gripped_slow_move,recording,-0.400393,4.767375,8.539090,0.011889,0.024570,0.003571
186895180.000,YZJ,handheld,free_gripped_slow_move,recording,-0.391893,4.767024,8.538040,0.009874,0.023330,0.003482
186895190.000,YZJ,handheld,free_gripped_slow_move,recording,-0.378985,4.774879,8.572259,0.008859,0.023486,0.001535
186895200.000,YZJ,handheld,free_gripped_slow_move,recording,-0.381383,4.782437,8.605931,0.011168,0.016423,-0.001371
186895210.000,YZJ,handheld,free_gripped_slow_move,recording,-0.371151,4.776375,8.609047,0.014488,0.004901,-0.004412
186895220.000,YZJ,handheld,free_gripped_slow_move,recording,-0.376024,4.783820,8.574670,0.015070,-0.003212,-0.007600
186895230.000,YZJ,handheld,free_gripped_slow_move,recording,-0.357595,4.794932,8.559799,0.011842,-0.011091,-0.009627
186895240.000,YZJ,handheld,free_gripped_slow_move,recording,-0.371614,4.804254,8.538576,0.006680,-0.019813,-0.013275
186895250.000,YZJ,handheld,free_gripped_slow_move,recording,-0.384180,4.801051,8.553913,0.005135,-0.026365,-0.014789
186895260.000,YZJ,handheld,free_gripped_slow_move,recording,-0.384566,4.804841,8.538273,0.005157,-0.029482,-0.016728
186895270.000,YZJ,handheld,free_gripped_slow_move,recording,-0.366881,4.777111,8.527486,0.004475,-0.028975,-0.022519
186895280.000,YZJ,handheld,free_gripped_slow_move,recording,-0.299292,4.772551,8.546510,0.004542,-0.017381,-0.031199
186895290.000,YZJ,handheld,free_gripped_slow_move,recording,-0.203580,4.790032,8.634995,0.010208,0.012236,-0.048210
186895300.000,YZJ,handheld,free_gripped_slow_move,recording,-0.212624,4.738429,8.684341,0.025424,0.023116,-0.062324
186895310.000,YZJ,handheld,free_gripped_slow_move,recording,-0.278857,4.712043,8.642596,0.041639,0.015095,-0.072281
186895320.000,YZJ,handheld,free_gripped_slow_move,recording,-0.335080,4.782373,8.579217,0.044233,0.003764,-0.077801
186895330.000,YZJ,handheld,free_gripped_slow_move,recording,-0.417844,4.780241,8.493640,0.036095,-0.010022,-0.081328
186895340.000,YZJ,handheld,free_gripped_slow_move,recording,-0.458714,4.744002,8.430761,0.024036,-0.039578,-0.091632
186895350.000,YZJ,handheld,free_gripped_slow_move,recording,-0.436044,4.750736,8.451759,0.015586,-0.087719,-0.109990
186895360.000,YZJ,handheld,free_gripped_slow_move,recording,-0.345299,4.771881,8.429823,0.005717,-0.130233,-0.124044
186895370.000,YZJ,handheld,free_gripped_slow_move,recording,-0.281178,4.823542,8.388038,-0.014191,-0.131522,-0.128313
186895380.000,YZJ,handheld,free_gripped_slow_move,recording,-0.115837,4.933216,8.435112,-0.030269,-0.091352,-0.141377
186895390.000,YZJ,handheld,free_gripped_slow_move,recording,-0.043931,4.853094,8.437694,-0.037121,-0.065339,-0.169583
186895400.000,YZJ,handheld,free_gripped_slow_move,recording,-0.214280,4.729692,8.324949,-0.057784,-0.074341,-0.182283
186895410.000,YZJ,handheld,free_gripped_slow_move,recording,-0.422529,4.692546,8.289712,-0.098930,-0.104716,-0.172670
186895420.000,YZJ,handheld,free_gripped_slow_move,recording,-0.567168,4.694019,8.303330,-0.141302,-0.168729,-0.151311
186895430.000,YZJ,handheld,free_gripped_slow_move,recording,-0.660163,4.692828,8.411028,-0.171208,-0.252013,-0.128927
186895440.000,YZJ,handheld,free_gripped_slow_move,recording,-0.677429,4.622448,8.574626,-0.183971,-0.315641,-0.109882
186895450.000,YZJ,handheld,free_gripped_slow_move,recording,-0.600629,4.651903,8.635074,-0.181111,-0.358694,-0.105675
186895460.000,YZJ,handheld,free_gripped_slow_move,recording,-0.582389,4.682625,8.680089,-0.168482,-0.352916,-0.092178
186895470.000,YZJ,handheld,free_gripped_slow_move,recording,-0.801336,4.666757,8.765737,-0.148879,-0.288318,-0.050702
186895480.000,YZJ,handheld,free_gripped_slow_move,recording,-0.602772,4.758433,9.058070,-0.101399,-0.159737,0.001007
186895490.000,YZJ,handheld,free_gripped_slow_move,recording,-0.566552,4.779951,9.270948,-0.035323,0.028930,0.064323
186895500.000,YZJ,handheld,free_gripped_slow_move,recording,-0.402304,4.806608,9.116724,0.026156,0.203793,0.109152
186895510.000,YZJ,handheld,free_gripped_slow_move,recording,-0.380559,4.791591,9.297011,0.103905,0.389222,0.140812
186895520.000,YZJ,handheld,free_gripped_slow_move,recording,-0.382403,4.660578,9.351824,0.194852,0.570488,0.163018
186895530.000,YZJ,handheld,free_gripped_slow_move,recording,-0.426186,4.605497,9.389339,0.298648,0.737332,0.181551
186895540.000,YZJ,handheld,free_gripped_slow_move,recording,-0.563975,4.659169,9.438825,0.405429,0.885305,0.205976
186895550.000,YZJ,handheld,free_gripped_slow_move,recording,-0.835034,4.712104,9.342374,0.494140,1.011185,0.250787
186895560.000,YZJ,handheld,free_gripped_slow_move,recording,-1.250135,4.808375,8.949204,0.547931,1.097378,0.324431
186895570.000,YZJ,handheld,free_gripped_slow_move,recording,-1.550312,4.967490,8.492726,0.553785,1.131899,0.418219
186895580.000,YZJ,handheld,free_gripped_slow_move,recording,-1.567519,5.041562,7.974616,0.503977,1.095553,0.503848
186895590.000,YZJ,handheld,free_gripped_slow_move,recording,-1.414746,5.120276,7.760198,0.429333,1.031629,0.564832
186895600.000,YZJ,handheld,free_gripped_slow_move,recording,-1.138492,5.164228,7.999914,0.378978,0.981990,0.589932
186895610.000,YZJ,handheld,free_gripped_slow_move,recording,-0.928046,5.167889,8.399219,0.375122,0.956965,0.584967
186895620.000,YZJ,handheld,free_gripped_slow_move,recording,-0.742109,5.172683,8.728386,0.414496,0.941492,0.555710
186895630.000,YZJ,handheld,free_gripped_slow_move,recording,-0.634667,5.184424,8.859148,0.470640,0.915996,0.512081
186895640.000,YZJ,handheld,free_gripped_slow_move,recording,-0.568693,5.223953,8.677914,0.512916,0.856205,0.458787
186895650.000,YZJ,handheld,free_gripped_slow_move,recording,-0.583401,5.236298,8.331538,0.516060,0.748627,0.402580
186895660.000,YZJ,handheld,free_gripped_slow_move,recording,-0.591343,5.249994,8.027240,0.488056,0.598179,0.343696
186895670.000,YZJ,handheld,free_gripped_slow_move,recording,-0.655269,5.291333,7.862487,0.448476,0.443947,0.289616
186895680.000,YZJ,handheld,free_gripped_slow_move,recording,-0.718709,5.302649,7.639908,0.395117,0.305253,0.243570
186895690.000,YZJ,handheld,free_gripped_slow_move,recording,-0.833517,5.338990,7.400663,0.320569,0.188852,0.211387
186895700.000,YZJ,handheld,free_gripped_slow_move,recording,-0.882945,5.428488,7.398572,0.253079,0.105831,0.191094
186895710.000,YZJ,handheld,free_gripped_slow_move,recording,-0.909964,5.487142,7.506706,0.208170,0.061187,0.171911
186895720.000,YZJ,handheld,free_gripped_slow_move,recording,-0.930050,5.463495,7.504973,0.172166,0.039422,0.151982
186895730.000,YZJ,handheld,free_gripped_slow_move,recording,-0.988073,5.478093,7.446204,0.131309,0.034580,0.140970
186895740.000,YZJ,handheld,free_gripped_slow_move,recording,-1.092002,5.517495,7.448324,0.088233,0.041179,0.140844
186895750.000,YZJ,handheld,free_gripped_slow_move,recording,-1.143657,5.481165,7.531025,0.059596,0.044756,0.140328
186895760.000,YZJ,handheld,free_gripped_slow_move,recording,-1.077535,5.407137,7.699352,0.047483,0.048383,0.133047
186895770.000,YZJ,handheld,free_gripped_slow_move,recording,-0.862518,5.351674,7.827357,0.040550,0.061901,0.110648
186895780.000,YZJ,handheld,free_gripped_slow_move,recording,-0.664632,5.311795,7.966548,0.037306,0.075787,0.070501
186895790.000,YZJ,handheld,free_gripped_slow_move,recording,-0.552803,5.324778,8.085512,0.043231,0.064661,0.017494
186895800.000,YZJ,handheld,free_gripped_slow_move,recording,-0.594487,5.308232,8.134269,0.049677,0.020875,-0.033027
186895810.000,YZJ,handheld,free_gripped_slow_move,recording,-0.686792,5.371110,8.065764,0.041769,-0.044261,-0.070387
186895820.000,YZJ,handheld,free_gripped_slow_move,recording,-0.600773,5.457263,7.922325,0.018905,-0.122166,-0.119047
186895830.000,YZJ,handheld,free_gripped_slow_move,recording,-0.676614,5.419872,7.888507,-0.008927,-0.206165,-0.164750
186895840.000,YZJ,handheld,free_gripped_slow_move,recording,-0.801000,5.425624,7.791968,-0.048536,-0.262156,-0.194910
186895850.000,YZJ,handheld,free_gripped_slow_move,recording,-1.024322,5.440648,7.712149,-0.098466,-0.287865,-0.202101
186895860.000,YZJ,handheld,free_gripped_slow_move,recording,-1.325736,5.479266,7.766036,-0.139543,-0.295745,-0.184721
186895870.000,YZJ,handheld,free_gripped_slow_move,recording,-1.463621,5.509898,7.888806,-0.164393,-0.297768,-0.149425
186895880.000,YZJ,handheld,free_gripped_slow_move,recording,-1.395690,5.513016,8.114730,-0.169655,-0.286555,-0.114727
186895890.000,YZJ,handheld,free_gripped_slow_move,recording,-1.181523,5.514149,8.447345,-0.138786,-0.242495,-0.087796
186895900.000,YZJ,handheld,free_gripped_slow_move,recording,-0.920318,5.421017,8.827561,-0.072464,-0.167238,-0.086499
186895910.000,YZJ,handheld,free_gripped_slow_move,recording,-0.845932,5.331779,9.022881,0.018751,-0.070592,-0.098471
186895920.000,YZJ,handheld,free_gripped_slow_move,recording,-0.903678,5.314272,8.867254,0.097802,0.022778,-0.106926
186895930.000,YZJ,handheld,free_gripped_slow_move,recording,-1.064883,5.346456,8.443994,0.135689,0.074320,-0.107673
186895940.000,YZJ,handheld,free_gripped_slow_move,recording,-1.248983,5.433229,8.036121,0.127148,0.089332,-0.093883
186895950.000,YZJ,handheld,free_gripped_slow_move,recording,-1.439540,5.527004,7.678482,0.085025,0.078549,-0.065701
186895960.000,YZJ,handheld,free_gripped_slow_move,recording,-1.540839,5.617095,7.534949,0.026241,0.050370,-0.029091
186895970.000,YZJ,handheld,free_gripped_slow_move,recording,-1.570934,5.662968,7.654486,-0.020123,0.021645,0.007257
186895980.000,YZJ,handheld,free_gripped_slow_move,recording,-1.521358,5.644610,7.962486,-0.031724,0.008733,0.035320
186895990.000,YZJ,handheld,free_gripped_slow_move,recording,-1.417827,5.633058,8.133537,-0.018635,0.003508,0.054652
186896000.000,YZJ,handheld,free_gripped_slow_move,recording,-1.330425,5.618139,8.108898,-0.004933,-0.000419,0.063082
186896010.000,YZJ,handheld,free_gripped_slow_move,recording,-1.276173,5.587180,7.905348,-0.012560,-0.026359,0.066997
186896020.000,YZJ,handheld,free_gripped_slow_move,recording,-1.266604,5.542494,7.713860,-0.048753,-0.071768,0.069551
186896030.000,YZJ,handheld,free_gripped_slow_move,recording,-1.277338,5.517317,7.775451,-0.086179,-0.113945,0.075541
186896040.000,YZJ,handheld,free_gripped_slow_move,recording,-1.316426,5.491936,7.930531,-0.104207,-0.147125,0.088155
186896050.000,YZJ,handheld,free_gripped_slow_move,recording,-1.271582,5.504289,8.052104,-0.105587,-0.145573,0.105240
186896060.000,YZJ,handheld,free_gripped_slow_move,recording,-1.209026,5.533300,8.165465,-0.095758,-0.103965,0.125910
186896070.000,YZJ,handheld,free_gripped_slow_move,recording,-1.083442,5.494179,8.219125,-0.071924,-0.046162,0.137836
186896080.000,YZJ,handheld,free_gripped_slow_move,recording,-0.887313,5.455793,8.314557,-0.033718,0.022972,0.130920
186896090.000,YZJ,handheld,free_gripped_slow_move,recording,-0.722166,5.392616,8.294414,0.005763,0.081000,0.108320
186896100.000,YZJ,handheld,free_gripped_slow_move,recording,-0.675131,5.381567,8.181141,0.035999,0.126335,0.078865
186896110.000,YZJ,handheld,free_gripped_slow_move,recording,-0.710685,5.300909,8.085021,0.052275,0.134380,0.039500
186896120.000,YZJ,handheld,free_gripped_slow_move,recording,-0.739609,5.274864,8.089012,0.062261,0.101321,0.006850
186896130.000,YZJ,handheld,free_gripped_slow_move,recording,-0.778391,5.255951,7.968037,0.050614,0.040951,-0.019988
186896140.000,YZJ,handheld,free_gripped_slow_move,recording,-0.810107,5.282956,7.817336,0.020983,-0.024914,-0.041297
186896150.000,YZJ,handheld,free_gripped_slow_move,recording,-0.787132,5.314323,7.819048,-0.017477,-0.066824,-0.058026
186896160.000,YZJ,handheld,free_gripped_slow_move,recording,-0.817527,5.310503,7.868903,-0.046154,-0.098277,-0.069355
186896170.000,YZJ,handheld,free_gripped_slow_move,recording,-0.831659,5.372992,7.995527,-0.058587,-0.118895,-0.071118
186896180.000,YZJ,handheld,free_gripped_slow_move,recording,-0.799391,5.414853,8.082647,-0.059563,-0.096599,-0.072656
186896190.000,YZJ,handheld,free_gripped_slow_move,recording,-0.795452,5.371533,8.195058,-0.049964,-0.064369,-0.081755
186896200.000,YZJ,handheld,free_gripped_slow_move,recording,-0.822453,5.379982,8.137592,-0.042713,-0.052640,-0.084385
186896210.000,YZJ,handheld,free_gripped_slow_move,recording,-0.862252,5.425387,8.142326,-0.045066,-0.035504,-0.081276
186896220.000,YZJ,handheld,free_gripped_slow_move,recording,-0.924015,5.413245,8.256427,-0.038018,-0.016947,-0.075363
186896230.000,YZJ,handheld,free_gripped_slow_move,recording,-1.000211,5.337673,8.441619,-0.008797,-0.000702,-0.063988
186896240.000,YZJ,handheld,free_gripped_slow_move,recording,-1.010776,5.335438,8.633786,0.036164,0.032368,-0.055748
186896250.000,YZJ,handheld,free_gripped_slow_move,recording,-1.012398,5.333122,8.665633,0.088100,0.070804,-0.052213
186896260.000,YZJ,handheld,free_gripped_slow_move,recording,-1.061277,5.346024,8.509427,0.126898,0.095674,-0.050199
186896270.000,YZJ,handheld,free_gripped_slow_move,recording,-1.036793,5.431275,8.328531,0.145444,0.116474,-0.049521
186896280.000,YZJ,handheld,free_gripped_slow_move,recording,-1.094263,5.462810,8.124145,0.142509,0.120429,-0.047144
186896290.000,YZJ,handheld,free_gripped_slow_move,recording,-1.107451,5.526712,7.935677,0.125803,0.096293,-0.043581
186896300.000,YZJ,handheld,free_gripped_slow_move,recording,-1.080051,5.547639,7.700027,0.089388,0.067624,-0.041478
186896310.000,YZJ,handheld,free_gripped_slow_move,recording,-1.114534,5.565771,7.693778,0.052691,0.058478,-0.038311
186896320.000,YZJ,handheld,free_gripped_slow_move,recording,-1.125009,5.551181,7.859570,0.040317,0.055495,-0.036484
186896330.000,YZJ,handheld,free_gripped_slow_move,recording,-1.161472,5.517966,8.026673,0.051083,0.071302,-0.035955
186896340.000,YZJ,handheld,free_gripped_slow_move,recording,-1.199723,5.488371,8.121063,0.071444,0.108180,-0.030080
186896350.000,YZJ,handheld,free_gripped_slow_move,recording,-1.198303,5.457526,8.135052,0.095012,0.142547,-0.030087
186896360.000,YZJ,handheld,free_gripped_slow_move,recording,-1.281523,5.475793,8.104463,0.114150,0.182591,-0.025613
186896370.000,YZJ,handheld,free_gripped_slow_move,recording,-1.385550,5.559517,7.948949,0.120494,0.207262,-0.009116
186896380.000,YZJ,handheld,free_gripped_slow_move,recording,-1.386071,5.595662,7.790414,0.105208,0.213673,0.007161
186896390.000,YZJ,handheld,free_gripped_slow_move,recording,-1.379684,5.647999,7.681760,0.076660,0.206154,0.024669
186896400.000,YZJ,handheld,free_gripped_slow_move,recording,-1.302355,5.675019,7.661693,0.048244,0.185339,0.037131
186896410.000,YZJ,handheld,free_gripped_slow_move,recording,-1.268252,5.646160,7.716736,0.024751,0.161074,0.044713
186896420.000,YZJ,handheld,free_gripped_slow_move,recording,-1.222943,5.593820,7.810802,0.011711,0.131388,0.043881
186896430.000,YZJ,handheld,free_gripped_slow_move,recording,-1.176697,5.523688,7.758676,-0.009108,0.095796,0.038044
186896440.000,YZJ,handheld,free_gripped_slow_move,recording,-1.189234,5.532570,7.639566,-0.046022,0.063227,0.029916
186896450.000,YZJ,handheld,free_gripped_slow_move,recording,-1.218130,5.503253,7.590055,-0.095617,0.007396,0.019687
186896460.000,YZJ,handheld,free_gripped_slow_move,recording,-1.256924,5.482049,7.576132,-0.147027,-0.090013,0.010604
186896470.000,YZJ,handheld,free_gripped_slow_move,recording,-1.272991,5.484301,7.547002,-0.208040,-0.215456,0.001058
186896480.000,YZJ,handheld,free_gripped_slow_move,recording,-1.236639,5.496915,7.608958,-0.269661,-0.338465,-0.001637
186896490.000,YZJ,handheld,free_gripped_slow_move,recording,-1.113003,5.525563,7.825894,-0.310931,-0.431247,-0.009437
186896500.000,YZJ,handheld,free_gripped_slow_move,recording,-0.963073,5.483889,8.057276,-0.325874,-0.492901,-0.025197
186896510.000,YZJ,handheld,free_gripped_slow_move,recording,-0.859139,5.424676,8.175070,-0.321901,-0.507488,-0.037722
186896520.000,YZJ,handheld,free_gripped_slow_move,recording,-0.891615,5.366112,8.262033,-0.311926,-0.481809,-0.042212
186896530.000,YZJ,handheld,free_gripped_slow_move,recording,-0.907911,5.323401,8.317161,-0.294656,-0.446654,-0.043793
186896540.000,YZJ,handheld,free_gripped_slow_move,recording,-0.987960,5.269556,8.283585,-0.279124,-0.423185,-0.039456
186896550.000,YZJ,handheld,free_gripped_slow_move,recording,-0.972806,5.228290,8.292362,-0.267564,-0.400164,-0.033197
186896560.000,YZJ,handheld,free_gripped_slow_move,recording,-0.925090,5.211954,8.365658,-0.252747,-0.378352,-0.032788
186896570.000,YZJ,handheld,free_gripped_slow_move,recording,-0.865081,5.172209,8.409143,-0.227247,-0.361945,-0.038155
186896580.000,YZJ,handheld,free_gripped_slow_move,recording,-0.837317,5.158339,8.472283,-0.192749,-0.336421,-0.044609
186896590.000,YZJ,handheld,free_gripped_slow_move,recording,-0.790809,5.141299,8.496903,-0.154736,-0.299150,-0.049378
186896600.000,YZJ,handheld,free_gripped_slow_move,recording,-0.748223,5.154626,8.536068,-0.115666,-0.250168,-0.050969
186896610.000,YZJ,handheld,free_gripped_slow_move,recording,-0.811923,5.147653,8.591627,-0.070710,-0.172325,-0.041445
186896620.000,YZJ,handheld,free_gripped_slow_move,recording,-0.855674,5.205307,8.536502,-0.030376,-0.087303,-0.025578
186896630.000,YZJ,handheld,free_gripped_slow_move,recording,-0.904502,5.225611,8.406128,-0.003509,-0.005944,-0.006148
186896640.000,YZJ,handheld,free_gripped_slow_move,recording,-0.927593,5.227316,8.326072,0.007302,0.055754,0.014596
186896650.000,YZJ,handheld,free_gripped_slow_move,recording,-0.947909,5.253399,8.184280,0.000016,0.076343,0.031367
186896660.000,YZJ,handheld,free_gripped_slow_move,recording,-0.917207,5.247734,7.999723,-0.029924,0.052737,0.041881
186896670.000,YZJ,handheld,free_gripped_slow_move,recording,-0.876047,5.284739,7.905755,-0.077309,0.002505,0.048195
186896680.000,YZJ,handheld,free_gripped_slow_move,recording,-0.787358,5.263144,7.906882,-0.128119,-0.071257,0.044401
186896690.000,YZJ,handheld,free_gripped_slow_move,recording,-0.761437,5.233018,7.952887,-0.172982,-0.147354,0.040217
186896700.000,YZJ,handheld,free_gripped_slow_move,recording,-0.768948,5.210812,8.048545,-0.206385,-0.210415,0.032259
186896710.000,YZJ,handheld,free_gripped_slow_move,recording,-0.788173,5.127678,8.116092,-0.232600,-0.278670,0.027805
186896720.000,YZJ,handheld,free_gripped_slow_move,recording,-0.787683,5.086641,8.163196,-0.251994,-0.333355,0.025425
186896730.000,YZJ,handheld,free_gripped_slow_move,recording,-0.770462,5.070556,8.204453,-0.265088,-0.372563,0.021884
186896740.000,YZJ,handheld,free_gripped_slow_move,recording,-0.765826,5.049161,8.202507,-0.274936,-0.398978,0.014946
186896750.000,YZJ,handheld,free_gripped_slow_move,recording,-0.811861,5.100276,8.199505,-0.286231,-0.412382,0.018216
186896760.000,YZJ,handheld,free_gripped_slow_move,recording,-0.778899,5.167593,8.211639,-0.293696,-0.405018,0.027722
186896770.000,YZJ,handheld,free_gripped_slow_move,recording,-0.670634,5.164377,8.289891,-0.291382,-0.381859,0.034667
186896780.000,YZJ,handheld,free_gripped_slow_move,recording,-0.595979,5.102331,8.428111,-0.275936,-0.340810,0.042940
186896790.000,YZJ,handheld,free_gripped_slow_move,recording,-0.592051,5.085197,8.542778,-0.250533,-0.292906,0.053199
186896800.000,YZJ,handheld,free_gripped_slow_move,recording,-0.505586,5.041648,8.549022,-0.222150,-0.252731,0.061557
186896810.000,YZJ,handheld,free_gripped_slow_move,recording,-0.400247,4.961077,8.476373,-0.202893,-0.221988,0.055841
186896820.000,YZJ,handheld,free_gripped_slow_move,recording,-0.335810,4.907301,8.469795,-0.195465,-0.219041,0.042376
186896830.000,YZJ,handheld,free_gripped_slow_move,recording,-0.325532,4.845499,8.377454,-0.200440,-0.255958,0.024929
186896840.000,YZJ,handheld,free_gripped_slow_move,recording,-0.325098,4.791278,8.340465,-0.214505,-0.310285,0.006551
186896850.000,YZJ,handheld,free_gripped_slow_move,recording,-0.337707,4.795267,8.350981,-0.233832,-0.345063,-0.005936
186896860.000,YZJ,handheld,free_gripped_slow_move,recording,-0.316048,4.824691,8.494223,-0.243342,-0.344093,-0.016498
186896870.000,YZJ,handheld,free_gripped_slow_move,recording,-0.271687,4.783104,8.712399,-0.231145,-0.322836,-0.024808
186896880.000,YZJ,handheld,free_gripped_slow_move,recording,-0.257791,4.728959,8.935341,-0.193155,-0.288885,-0.029395
186896890.000,YZJ,handheld,free_gripped_slow_move,recording,-0.224941,4.683576,9.100591,-0.130385,-0.235820,-0.031836
186896900.000,YZJ,handheld,free_gripped_slow_move,recording,-0.210446,4.672968,9.130352,-0.066659,-0.166741,-0.027520
186896910.000,YZJ,handheld,free_gripped_slow_move,recording,-0.233328,4.703887,9.051932,-0.015522,-0.087435,-0.010075
186896920.000,YZJ,handheld,free_gripped_slow_move,recording,-0.279150,4.727649,8.895067,0.016682,-0.013846,0.011002
186896930.000,YZJ,handheld,free_gripped_slow_move,recording,-0.304352,4.761146,8.712112,0.028406,0.034451,0.026756
186896940.000,YZJ,handheld,free_gripped_slow_move,recording,-0.229435,4.796262,8.669031,0.033910,0.066152,0.034063
186896950.000,YZJ,handheld,free_gripped_slow_move,recording,-0.190983,4.775807,8.624549,0.033400,0.082235,0.033485
186896960.000,YZJ,handheld,free_gripped_slow_move,recording,-0.191284,4.766449,8.540758,0.018387,0.074959,0.034895
186896970.000,YZJ,handheld,free_gripped_slow_move,recording,-0.188736,4.768029,8.522352,0.002396,0.069411,0.035952
186896980.000,YZJ,handheld,free_gripped_slow_move,recording,-0.133266,4.806787,8.594782,-0.006917,0.069721,0.033472
186896990.000,YZJ,handheld,free_gripped_slow_move,recording,-0.144413,4.743778,8.681791,-0.004691,0.074473,0.027459
186897000.000,YZJ,handheld,free_gripped_slow_move,recording,-0.157809,4.718954,8.755259,0.012020,0.077291,0.019404
186897010.000,YZJ,handheld,free_gripped_slow_move,recording,-0.163526,4.723352,8.770461,0.033121,0.088917,0.010035
186897020.000,YZJ,handheld,free_gripped_slow_move,recording,-0.181675,4.734571,8.735040,0.053318,0.112627,0.000193
186897030.000,YZJ,handheld,free_gripped_slow_move,recording,-0.265795,4.761733,8.728271,0.070909,0.139798,-0.001532
186897040.000,YZJ,handheld,free_gripped_slow_move,recording,-0.337547,4.785691,8.695016,0.085841,0.169839,0.000775
186897050.000,YZJ,handheld,free_gripped_slow_move,recording,-0.360266,4.797978,8.688537,0.096875,0.191494,0.003560
186897060.000,YZJ,handheld,free_gripped_slow_move,recording,-0.386202,4.836240,8.682021,0.107845,0.214014,0.009724
186897070.000,YZJ,handheld,free_gripped_slow_move,recording,-0.386532,4.880515,8.706322,0.123025,0.238962,0.015342
186897080.000,YZJ,handheld,free_gripped_slow_move,recording,-0.390439,4.874477,8.720715,0.142125,0.264523,0.020054
186897090.000,YZJ,handheld,free_gripped_slow_move,recording,-0.397604,4.864481,8.714027,0.163059,0.286216,0.024562
186897100.000,YZJ,handheld,free_gripped_slow_move,recording,-0.399589,4.847933,8.640451,0.184881,0.305042,0.028792
186897110.000,YZJ,handheld,free_gripped_slow_move,recording,-0.433743,4.849972,8.545308,0.196611,0.313628,0.032524
186897120.000,YZJ,handheld,free_gripped_slow_move,recording,-0.470131,4.858175,8.395707,0.194315,0.307380,0.034775
186897130.000,YZJ,handheld,free_gripped_slow_move,recording,-0.483789,4.904217,8.274418,0.179171,0.286007,0.033360
186897140.000,YZJ,handheld,free_gripped_slow_move,recording,-0.501941,4.903153,8.159515,0.152733,0.259328,0.031040
186897150.000,YZJ,handheld,free_gripped_slow_move,recording,-0.507952,4.969420,8.091440,0.114973,0.225853,0.026697
186897160.000,YZJ,handheld,free_gripped_slow_move,recording,-0.538555,4.991096,8.084017,0.073917,0.183830,0.021861
186897170.000,YZJ,handheld,free_gripped_slow_move,recording,-0.561755,5.002752,8.190343,0.044092,0.154416,0.020968
186897180.000,YZJ,handheld,free_gripped_slow_move,recording,-0.573122,4.984689,8.352385,0.032892,0.129893,0.019746
186897190.000,YZJ,handheld,free_gripped_slow_move,recording,-0.521923,4.945626,8.493570,0.039733,0.118014,0.016367
186897200.000,YZJ,handheld,free_gripped_slow_move,recording,-0.481474,4.923602,8.573727,0.057564,0.127709,0.008617
186897210.000,YZJ,handheld,free_gripped_slow_move,recording,-0.422633,4.893921,8.587975,0.081471,0.157963,-0.001588
186897220.000,YZJ,handheld,free_gripped_slow_move,recording,-0.412147,4.910319,8.625660,0.108393,0.209520,-0.014243
186897230.000,YZJ,handheld,free_gripped_slow_move,recording,-0.468932,4.920298,8.677532,0.140500,0.271033,-0.023994
186897240.000,YZJ,handheld,free_gripped_slow_move,recording,-0.548908,4.945868,8.686919,0.180465,0.331509,-0.028002
186897250.000,YZJ,handheld,free_gripped_slow_move,recording,-0.607002,4.972327,8.579617,0.211224,0.377596,-0.028990
186897260.000,YZJ,handheld,free_gripped_slow_move,recording,-0.630611,5.011609,8.456952,0.224984,0.414788,-0.028513
186897270.000,YZJ,handheld,free_gripped_slow_move,recording,-0.664725,5.055470,8.311853,0.228567,0.453454,-0.028324
186897280.000,YZJ,handheld,free_gripped_slow_move,recording,-0.723820,5.090832,8.207550,0.222187,0.517384,-0.020534
186897290.000,YZJ,handheld,free_gripped_slow_move,recording,-0.727725,5.164842,8.146527,0.211829,0.606230,-0.014488
186897300.000,YZJ,handheld,free_gripped_slow_move,recording,-0.738347,5.160516,8.157881,0.205189,0.667639,-0.024520
186897310.000,YZJ,handheld,free_gripped_slow_move,recording,-0.774626,5.160414,8.224841,0.212173,0.719120,-0.037290
186897320.000,YZJ,handheld,free_gripped_slow_move,recording,-0.929826,5.100860,8.299440,0.227269,0.764979,-0.039521
186897330.000,YZJ,handheld,free_gripped_slow_move,recording,-1.039972,5.088228,8.330712,0.240361,0.785775,-0.034339
186897340.000,YZJ,handheld,free_gripped_slow_move,recording,-1.106433,5.090219,8.361226,0.256523,0.779438,-0.035131
186897350.000,YZJ,handheld,free_gripped_slow_move,recording,-1.160566,5.122425,8.354538,0.271753,0.757493,-0.042152
186897360.000,YZJ,handheld,free_gripped_slow_move,recording,-1.204676,5.167626,8.301037,0.287269,0.748960,-0.049891
186897370.000,YZJ,handheld,free_gripped_slow_move,recording,-1.273398,5.228813,8.156157,0.290757,0.753663,-0.054608
186897380.000,YZJ,handheld,free_gripped_slow_move,recording,-1.328550,5.282245,8.006754,0.282650,0.771884,-0.059709
186897390.000,YZJ,handheld,free_gripped_slow_move,recording,-1.362928,5.310261,7.896962,0.268364,0.831260,-0.061888
186897400.000,YZJ,handheld,free_gripped_slow_move,recording,-1.414095,5.382718,7.865619,0.252580,0.908841,-0.060142
186897410.000,YZJ,handheld,free_gripped_slow_move,recording,-1.472939,5.380946,7.870042,0.240777,0.995145,-0.060480
186897420.000,YZJ,handheld,free_gripped_slow_move,recording,-1.498742,5.362198,7.935125,0.246539,1.088789,-0.064718
186897430.000,YZJ,handheld,free_gripped_slow_move,recording,-1.555181,5.360243,8.015493,0.272599,1.200759,-0.070761
186897440.000,YZJ,handheld,free_gripped_slow_move,recording,-1.593832,5.333175,8.046409,0.309726,1.342008,-0.081130
186897450.000,YZJ,handheld,free_gripped_slow_move,recording,-1.691611,5.354571,8.063332,0.356727,1.505060,-0.092700
186897460.000,YZJ,handheld,free_gripped_slow_move,recording,-1.821353,5.388326,8.102309,0.416922,1.672504,-0.104984
186897470.000,YZJ,handheld,free_gripped_slow_move,recording,-2.001033,5.398072,8.058838,0.476158,1.804365,-0.112929
186897480.000,YZJ,handheld,free_gripped_slow_move,recording,-2.198403,5.372138,7.955560,0.522020,1.880095,-0.116402
186897490.000,YZJ,handheld,free_gripped_slow_move,recording,-2.295563,5.409496,7.807242,0.559225,1.930180,-0.127968
186897500.000,YZJ,handheld,free_gripped_slow_move,recording,-2.309210,5.476798,7.664401,0.593489,1.964638,-0.151592
186897510.000,YZJ,handheld,free_gripped_slow_move,recording,-2.462816,5.482857,7.398726,0.613494,1.991641,-0.177764
186897520.000,YZJ,handheld,free_gripped_slow_move,recording,-2.580448,5.563091,7.212305,0.622858,2.050530,-0.194095
186897530.000,YZJ,handheld,free_gripped_slow_move,recording,-2.814607,5.624147,6.919884,0.610748,2.093976,-0.206247
186897540.000,YZJ,handheld,free_gripped_slow_move,recording,-2.915786,5.628814,6.656762,0.574060,2.096883,-0.223011
186897550.000,YZJ,handheld,free_gripped_slow_move,recording,-3.059974,5.619457,6.372433,0.519294,2.073999,-0.250654
186897560.000,YZJ,handheld,free_gripped_slow_move,recording,-3.247546,5.657580,6.138862,0.458838,2.031907,-0.278728
186897570.000,YZJ,handheld,free_gripped_slow_move,recording,-3.475412,5.702351,5.934902,0.396695,1.967090,-0.303712
186897580.000,YZJ,handheld,free_gripped_slow_move,recording,-3.667133,5.803143,5.873231,0.332807,1.880106,-0.324629
186897590.000,YZJ,handheld,free_gripped_slow_move,recording,-3.998166,5.874072,5.769403,0.267779,1.755280,-0.332395
186897600.000,YZJ,handheld,free_gripped_slow_move,recording,-4.253303,5.953717,5.642048,0.201093,1.602326,-0.334647
186897610.000,YZJ,handheld,free_gripped_slow_move,recording,-4.259593,5.972449,5.531664,0.127820,1.448177,-0.343505
186897620.000,YZJ,handheld,free_gripped_slow_move,recording,-4.304273,5.947873,5.403524,0.045832,1.313479,-0.358042
186897630.000,YZJ,handheld,free_gripped_slow_move,recording,-4.354470,5.878130,5.293540,-0.041995,1.173631,-0.377667
186897640.000,YZJ,handheld,free_gripped_slow_move,recording,-4.457262,5.866205,5.321838,-0.124215,1.034772,-0.393236
186897650.000,YZJ,handheld,free_gripped_slow_move,recording,-4.600877,5.829154,5.320622,-0.194578,0.899195,-0.408854
186897660.000,YZJ,handheld,free_gripped_slow_move,recording,-4.759451,5.819377,5.397551,-0.248095,0.807111,-0.415033
186897670.000,YZJ,handheld,free_gripped_slow_move,recording,-5.045474,5.756802,5.649166,-0.285836,0.806770,-0.393139
186897680.000,YZJ,handheld,free_gripped_slow_move,recording,-5.517797,5.756808,5.994844,-0.301709,0.863818,-0.335979
186897690.000,YZJ,handheld,free_gripped_slow_move,recording,-5.890739,5.729548,6.388210,-0.276611,0.903733,-0.260454
186897700.000,YZJ,handheld,free_gripped_slow_move,recording,-6.013404,5.742297,6.656498,-0.215390,0.913768,-0.187167
186897710.000,YZJ,handheld,free_gripped_slow_move,recording,-6.015067,5.714554,6.765971,-0.142963,0.913362,-0.124459
186897720.000,YZJ,handheld,free_gripped_slow_move,recording,-5.879185,5.746115,6.847983,-0.075960,0.929468,-0.079745
186897730.000,YZJ,handheld,free_gripped_slow_move,recording,-5.681921,5.730335,6.895879,-0.005431,0.988912,-0.058413
186897740.000,YZJ,handheld,free_gripped_slow_move,recording,-5.579036,5.576717,6.805055,0.068683,1.027011,-0.063693
186897750.000,YZJ,handheld,free_gripped_slow_move,recording,-5.534879,5.508906,6.703178,0.137231,1.045913,-0.083224
186897760.000,YZJ,handheld,free_gripped_slow_move,recording,-5.649629,5.458936,6.512347,0.187884,1.026241,-0.099786
186897770.000,YZJ,handheld,free_gripped_slow_move,recording,-5.829249,5.447623,6.167209,0.201221,0.968525,-0.107489
186897780.000,YZJ,handheld,free_gripped_slow_move,recording,-5.941146,5.472177,5.809095,0.169494,0.868632,-0.111394
186897790.000,YZJ,handheld,free_gripped_slow_move,recording,-6.023059,5.525094,5.569345,0.110324,0.732939,-0.113980
186897800.000,YZJ,handheld,free_gripped_slow_move,recording,-6.095328,5.568568,5.497557,0.036104,0.570234,-0.114237
186897810.000,YZJ,handheld,free_gripped_slow_move,recording,-6.139809,5.556128,5.598495,-0.027494,0.417838,-0.112187
186897820.000,YZJ,handheld,free_gripped_slow_move,recording,-6.278600,5.580125,5.865144,-0.057639,0.299121,-0.099748
186897830.000,YZJ,handheld,free_gripped_slow_move,recording,-6.352451,5.578605,6.069512,-0.054181,0.215285,-0.080585
186897840.000,YZJ,handheld,free_gripped_slow_move,recording,-6.293053,5.555339,6.196450,-0.030112,0.152336,-0.064373
186897850.000,YZJ,handheld,free_gripped_slow_move,recording,-6.304477,5.564514,6.226689,0.000610,0.089991,-0.052119
186897860.000,YZJ,handheld,free_gripped_slow_move,recording,-6.324278,5.589434,6.137591,0.024487,0.013512,-0.035241
186897870.000,YZJ,handheld,free_gripped_slow_move,recording,-6.180625,5.494759,6.080957,0.044101,-0.036280,-0.018326
186897880.000,YZJ,handheld,free_gripped_slow_move,recording,-6.023778,5.484669,5.987245,0.059325,-0.055835,-0.009970
186897890.000,YZJ,handheld,free_gripped_slow_move,recording,-5.907002,5.465226,5.899935,0.071452,-0.057967,-0.008059
186897900.000,YZJ,handheld,free_gripped_slow_move,recording,-5.857377,5.494873,5.809226,0.084715,-0.070028,-0.010682
186897910.000,YZJ,handheld,free_gripped_slow_move,recording,-5.797137,5.489791,5.760232,0.099165,-0.097919,-0.016551
186897920.000,YZJ,handheld,free_gripped_slow_move,recording,-5.798420,5.519298,5.697973,0.107350,-0.130255,-0.023929
186897930.000,YZJ,handheld,free_gripped_slow_move,recording,-5.789818,5.531275,5.567058,0.107799,-0.169502,-0.031811
186897940.000,YZJ,handheld,free_gripped_slow_move,recording,-5.683416,5.508188,5.516917,0.102983,-0.194201,-0.044496
186897950.000,YZJ,handheld,free_gripped_slow_move,recording,-5.698890,5.531359,5.488890,0.098125,-0.210474,-0.055545
186897960.000,YZJ,handheld,free_gripped_slow_move,recording,-5.741277,5.567283,5.416964,0.092557,-0.216561,-0.056523
186897970.000,YZJ,handheld,free_gripped_slow_move,recording,-5.793484,5.607150,5.354019,0.081338,-0.205778,-0.050064
186897980.000,YZJ,handheld,free_gripped_slow_move,recording,-5.816003,5.610658,5.267969,0.066791,-0.203355,-0.039689
186897990.000,YZJ,handheld,free_gripped_slow_move,recording,-5.775703,5.615988,5.257701,0.050921,-0.190716,-0.027911
186898000.000,YZJ,handheld,free_gripped_slow_move,recording,-5.729358,5.594221,5.317393,0.044508,-0.145914,-0.018535
186898010.000,YZJ,handheld,free_gripped_slow_move,recording,-5.693325,5.608667,5.356095,0.049276,-0.102339,-0.014867
186898020.000,YZJ,handheld,free_gripped_slow_move,recording,-5.676834,5.634498,5.373660,0.060728,-0.060608,-0.012197
186898030.000,YZJ,handheld,free_gripped_slow_move,recording,-5.728563,5.646460,5.369896,0.070930,-0.016448,-0.007379
186898040.000,YZJ,handheld,free_gripped_slow_move,recording,-5.744260,5.666583,5.297446,0.073627,0.014365,-0.001964
186898050.000,YZJ,handheld,free_gripped_slow_move,recording,-5.726788,5.666081,5.159600,0.061435,0.014888,-0.002863
186898060.000,YZJ,handheld,free_gripped_slow_move,recording,-5.761053,5.692770,5.041285,0.030252,-0.020933,-0.006395
186898070.000,YZJ,handheld,free_gripped_slow_move,recording,-5.750047,5.666459,4.955701,-0.015002,-0.082420,-0.014424
186898080.000,YZJ,handheld,free_gripped_slow_move,recording,-5.728376,5.636442,4.935104,-0.075728,-0.140740,-0.026134
186898090.000,YZJ,handheld,free_gripped_slow_move,recording,-5.710212,5.639592,5.067287,-0.126698,-0.180958,-0.041464
186898100.000,YZJ,handheld,free_gripped_slow_move,recording,-5.730924,5.651013,5.306451,-0.153802,-0.214220,-0.051151
186898110.000,YZJ,handheld,free_gripped_slow_move,recording,-5.859062,5.630116,5.520447,-0.158091,-0.218437,-0.043788
186898120.000,YZJ,handheld,free_gripped_slow_move,recording,-5.895184,5.625662,5.693724,-0.144720,-0.197796,-0.025376
186898130.000,YZJ,handheld,free_gripped_slow_move,recording,-5.905763,5.595820,5.776599,-0.124635,-0.169245,-0.007565
186898140.000,YZJ,handheld,free_gripped_slow_move,recording,-5.886142,5.582155,5.799946,-0.105500,-0.128901,0.007024
186898150.000,YZJ,handheld,free_gripped_slow_move,recording,-5.814305,5.529055,5.839053,-0.086946,-0.084203,0.018317
186898160.000,YZJ,handheld,free_gripped_slow_move,recording,-5.772112,5.532995,5.838203,-0.070830,-0.057947,0.023602
186898170.000,YZJ,handheld,free_gripped_slow_move,recording,-5.734090,5.541575,5.786313,-0.063296,-0.055227,0.025481
186898180.000,YZJ,handheld,free_gripped_slow_move,recording,-5.666141,5.524343,5.740730,-0.066119,-0.046594,0.022686
186898190.000,YZJ,handheld,free_gripped_slow_move,recording,-5.652087,5.524669,5.725192,-0.069089,-0.051882,0.017244
186898200.000,YZJ,handheld,free_gripped_slow_move,recording,-5.700539,5.546460,5.745166,-0.072594,-0.072533,0.015643
186898210.000,YZJ,handheld,free_gripped_slow_move,recording,-5.711532,5.509667,5.733184,-0.077374,-0.103705,0.019516
186898220.000,YZJ,handheld,free_gripped_slow_move,recording,-5.662246,5.523158,5.775540,-0.083937,-0.118322,0.022212
186898230.000,YZJ,handheld,free_gripped_slow_move,recording,-5.609620,5.500281,5.836035,-0.085605,-0.129155,0.020992
186898240.000,YZJ,handheld,free_gripped_slow_move,recording,-5.607384,5.483358,5.859033,-0.082488,-0.155378,0.015848
186898250.000,YZJ,handheld,free_gripped_slow_move,recording,-5.636139,5.499790,5.809733,-0.085908,-0.215699,0.014907
186898260.000,YZJ,handheld,free_gripped_slow_move,recording,-5.691050,5.523923,5.743143,-0.107839,-0.304724,0.015662
186898270.000,YZJ,handheld,free_gripped_slow_move,recording,-5.664868,5.546473,5.681428,-0.142220,-0.418325,0.016202
186898280.000,YZJ,handheld,free_gripped_slow_move,recording,-5.577835,5.524696,5.651537,-0.185763,-0.541480,0.011604
186898290.000,YZJ,handheld,free_gripped_slow_move,recording,-5.435216,5.440574,5.655880,-0.227058,-0.645228,0.000797
186898300.000,YZJ,handheld,free_gripped_slow_move,recording,-5.290680,5.408019,5.712593,-0.263028,-0.714082,-0.016755
186898310.000,YZJ,handheld,free_gripped_slow_move,recording,-5.208622,5.385513,5.777310,-0.290921,-0.749139,-0.035055
186898320.000,YZJ,handheld,free_gripped_slow_move,recording,-5.233166,5.377277,5.858323,-0.313111,-0.777723,-0.048532
186898330.000,YZJ,handheld,free_gripped_slow_move,recording,-5.278931,5.402122,5.937754,-0.333071,-0.805346,-0.050927
186898340.000,YZJ,handheld,free_gripped_slow_move,recording,-5.404400,5.351858,5.970670,-0.357580,-0.848419,-0.040049
186898350.000,YZJ,handheld,free_gripped_slow_move,recording,-5.407198,5.365278,6.041032,-0.387130,-0.922223,-0.018654
186898360.000,YZJ,handheld,free_gripped_slow_move,recording,-5.436657,5.403620,6.085409,-0.420676,-1.024899,0.005284
186898370.000,YZJ,handheld,free_gripped_slow_move,recording,-5.412786,5.412744,6.136121,-0.459329,-1.151010,0.030528
186898380.000,YZJ,handheld,free_gripped_slow_move,recording,-5.260720,5.339395,6.223670,-0.499023,-1.285196,0.043478
186898390.000,YZJ,handheld,free_gripped_slow_move,recording,-4.961840,5.232527,6.387928,-0.527500,-1.397973,0.032319
186898400.000,YZJ,handheld,free_gripped_slow_move,recording,-4.717956,5.137696,6.528564,-0.541306,-1.453206,0.004741
186898410.000,YZJ,handheld,free_gripped_slow_move,recording,-4.455294,5.036466,6.685630,-0.545838,-1.460425,-0.022832
186898420.000,YZJ,handheld,free_gripped_slow_move,recording,-4.328155,4.951565,6.821455,-0.537780,-1.413240,-0.046951
186898430.000,YZJ,handheld,free_gripped_slow_move,recording,-4.260889,4.929382,6.934546,-0.523600,-1.331628,-0.069007
186898440.000,YZJ,handheld,free_gripped_slow_move,recording,-4.228023,4.941182,7.025103,-0.506168,-1.237550,-0.086412
186898450.000,YZJ,handheld,free_gripped_slow_move,recording,-4.236179,4.961550,7.091333,-0.490834,-1.155007,-0.093525
186898460.000,YZJ,handheld,free_gripped_slow_move,recording,-4.308299,4.985313,7.112509,-0.479617,-1.079237,-0.086948
186898470.000,YZJ,handheld,free_gripped_slow_move,recording,-4.308824,4.989626,7.204078,-0.472308,-0.999518,-0.066199
186898480.000,YZJ,handheld,free_gripped_slow_move,recording,-4.307672,4.987246,7.306077,-0.460443,-0.936385,-0.041243
186898490.000,YZJ,handheld,free_gripped_slow_move,recording,-4.288265,5.000380,7.459491,-0.443196,-0.877219,-0.020240
186898500.000,YZJ,handheld,free_gripped_slow_move,recording,-4.229703,4.957277,7.658407,-0.409897,-0.807642,-0.002892
186898510.000,YZJ,handheld,free_gripped_slow_move,recording,-4.217436,4.875538,7.815983,-0.364154,-0.720219,0.014954
186898520.000,YZJ,handheld,free_gripped_slow_move,recording,-4.190905,4.783530,7.882490,-0.310179,-0.617955,0.037389
186898530.000,YZJ,handheld,free_gripped_slow_move,recording,-4.142636,4.729913,7.943730,-0.255374,-0.523563,0.058728
186898540.000,YZJ,handheld,free_gripped_slow_move,recording,-4.097896,4.710430,7.929169,-0.207617,-0.449361,0.076926
186898550.000,YZJ,handheld,free_gripped_slow_move,recording,-4.083428,4.680779,7.885320,-0.171898,-0.390929,0.092725
186898560.000,YZJ,handheld,free_gripped_slow_move,recording,-4.004136,4.675000,7.828674,-0.151023,-0.361968,0.103405
186898570.000,YZJ,handheld,free_gripped_slow_move,recording,-3.934154,4.723142,7.692113,-0.150498,-0.373340,0.106700
186898580.000,YZJ,handheld,free_gripped_slow_move,recording,-3.828212,4.678196,7.533726,-0.169605,-0.421512,0.099790
186898590.000,YZJ,handheld,free_gripped_slow_move,recording,-3.725599,4.669056,7.381133,-0.208738,-0.481849,0.083141
186898600.000,YZJ,handheld,free_gripped_slow_move,recording,-3.595092,4.655102,7.298486,-0.267080,-0.557654,0.064230
186898610.000,YZJ,handheld,free_gripped_slow_move,recording,-3.522413,4.667694,7.313293,-0.336075,-0.648542,0.041866
186898620.000,YZJ,handheld,free_gripped_slow_move,recording,-3.496154,4.616276,7.380518,-0.402359,-0.750382,0.022503
186898630.000,YZJ,handheld,free_gripped_slow_move,recording,-3.522007,4.562347,7.572238,-0.456933,-0.852928,0.008981
186898640.000,YZJ,handheld,free_gripped_slow_move,recording,-3.525976,4.537698,7.769750,-0.495018,-0.947727,0.000646
186898650.000,YZJ,handheld,free_gripped_slow_move,recording,-3.391918,4.495645,8.052875,-0.501828,-1.028316,-0.010257
186898660.000,YZJ,handheld,free_gripped_slow_move,recording,-3.275548,4.435994,8.298158,-0.484935,-1.059684,-0.023642
186898670.000,YZJ,handheld,free_gripped_slow_move,recording,-3.145548,4.381091,8.461233,-0.455118,-1.045374,-0.034073
186898680.000,YZJ,handheld,free_gripped_slow_move,recording,-3.042702,4.334344,8.577569,-0.414325,-1.003116,-0.043953
186898690.000,YZJ,handheld,free_gripped_slow_move,recording,-2.960597,4.271184,8.614227,-0.367799,-0.931414,-0.052343
186898700.000,YZJ,handheld,free_gripped_slow_move,recording,-2.929895,4.228327,8.616558,-0.323894,-0.852827,-0.057190
186898710.000,YZJ,handheld,free_gripped_slow_move,recording,-2.928957,4.209453,8.611163,-0.284914,-0.789602,-0.055791
186898720.000,YZJ,handheld,free_gripped_slow_move,recording,-2.905363,4.230498,8.595700,-0.248680,-0.741875,-0.050475
186898730.000,YZJ,handheld,free_gripped_slow_move,recording,-2.899595,4.286199,8.555663,-0.221809,-0.714682,-0.038431
186898740.000,YZJ,handheld,free_gripped_slow_move,recording,-2.825983,4.264650,8.431676,-0.212264,-0.718170,-0.024867
186898750.000,YZJ,handheld,free_gripped_slow_move,recording,-2.756228,4.296524,8.380029,-0.219221,-0.724714,-0.012901
186898760.000,YZJ,handheld,free_gripped_slow_move,recording,-2.672131,4.290401,8.344986,-0.235720,-0.733330,-0.005932
186898770.000,YZJ,handheld,free_gripped_slow_move,recording,-2.554516,4.249865,8.309141,-0.259239,-0.735566,-0.004904
186898780.000,YZJ,handheld,free_gripped_slow_move,recording,-2.516404,4.194100,8.433957,-0.271254,-0.718115,-0.005005
186898790.000,YZJ,handheld,free_gripped_slow_move,recording,-2.425444,4.118061,8.540274,-0.271075,-0.694037,-0.003976
186898800.000,YZJ,handheld,free_gripped_slow_move,recording,-2.374943,4.068498,8.622645,-0.260738,-0.666431,-0.003054
186898810.000,YZJ,handheld,free_gripped_slow_move,recording,-2.297753,4.018791,8.742936,-0.240433,-0.631830,-0.005480
186898820.000,YZJ,handheld,free_gripped_slow_move,recording,-2.238598,3.993118,8.848404,-0.208953,-0.595545,-0.010042
186898830.000,YZJ,handheld,free_gripped_slow_move,recording,-2.191241,3.991708,8.968672,-0.164698,-0.558268,-0.015365
186898840.000,YZJ,handheld,free_gripped_slow_move,recording,-2.131805,3.932680,9.033127,-0.118870,-0.520630,-0.016798
186898850.000,YZJ,handheld,free_gripped_slow_move,recording,-2.090782,3.933785,9.010450,-0.078023,-0.487701,-0.014464
186898860.000,YZJ,handheld,free_gripped_slow_move,recording,-2.024741,3.941459,8.876383,-0.049687,-0.473387,-0.014657
186898870.000,YZJ,handheld,free_gripped_slow_move,recording,-1.945857,3.981700,8.779238,-0.039360,-0.471234,-0.020297
186898880.000,YZJ,handheld,free_gripped_slow_move,recording,-1.871742,4.015277,8.656009,-0.046420,-0.479071,-0.031949
186898890.000,YZJ,handheld,free_gripped_slow_move,recording,-1.793195,4.037300,8.591444,-0.066308,-0.504125,-0.046981
186898900.000,YZJ,handheld,free_gripped_slow_move,recording,-1.760731,4.031457,8.542704,-0.090779,-0.539160,-0.062716
186898910.000,YZJ,handheld,free_gripped_slow_move,recording,-1.759182,4.020980,8.549234,-0.118491,-0.560176,-0.075268
186898920.000,YZJ,handheld,free_gripped_slow_move,recording,-1.786849,3.955647,8.540025,-0.149096,-0.573814,-0.075630
186898930.000,YZJ,handheld,free_gripped_slow_move,recording,-1.804419,3.945282,8.604343,-0.176813,-0.581170,-0.066307
186898940.000,YZJ,handheld,free_gripped_slow_move,recording,-1.806801,3.930808,8.718358,-0.194771,-0.599228,-0.052248
186898950.000,YZJ,handheld,free_gripped_slow_move,recording,-1.767053,3.878322,8.902070,-0.195223,-0.619264,-0.041730
186898960.000,YZJ,handheld,free_gripped_slow_move,recording,-1.621856,3.819221,9.114056,-0.173853,-0.631739,-0.043847
186898970.000,YZJ,handheld,free_gripped_slow_move,recording,-1.490368,3.774437,9.235329,-0.140318,-0.648234,-0.054101
186898980.000,YZJ,handheld,free_gripped_slow_move,recording,-1.404624,3.764333,9.274305,-0.103262,-0.654599,-0.066584
186898990.000,YZJ,handheld,free_gripped_slow_move,recording,-1.335848,3.763391,9.213444,-0.072707,-0.658619,-0.082779
186899000.000,YZJ,handheld,free_gripped_slow_move,recording,-1.276435,3.793751,9.150621,-0.050618,-0.646363,-0.097346