timestamp_ms,user_name,hold_state,scene_tag,phase,acc_x,acc_y,acc_z,gyro_x,gyro_y,gyro_z
1306197250.000,YZJ,handheld,手持静止（左手）,recording,0.555506,5.914980,7.774700,0.014981,0.054188,0.027387
1306197260.000,YZJ,handheld,手持静止（左手）,recording,0.576766,5.857625,7.663473,0.012078,0.062967,0.027704
1306197270.000,YZJ,handheld,手持静止（左手）,recording,0.579589,5.785710,7.601119,0.006632,0.038145,0.024679
1306197280.000,YZJ,handheld,手持静止（左手）,recording,0.591293,5.738544,7.587670,0.000341,0.010990,0.015078
1306197290.000,YZJ,handheld,手持静止（左手）,recording,0.610223,5.730114,7.583438,-0.003376,0.002893,0.006469
1306197300.000,YZJ,handheld,手持静止（左手）,recording,0.598554,5.704300,7.603201,-0.006600,0.013071,-0.001487
1306197310.000,YZJ,handheld,手持静止（左手）,recording,0.503254,5.758441,7.618735,-0.010869,0.048643,0.003039
1306197320.000,YZJ,handheld,手持静止（左手）,recording,0.432999,5.846756,7.684690,-0.017633,0.074846,0.011292
1306197330.000,YZJ,handheld,手持静止（左手）,recording,0.370976,5.875008,7.753921,-0.026187,0.077024,0.022030
1306197340.000,YZJ,handheld,手持静止（左手）,recording,0.389496,5.879955,7.845855,-0.035236,0.061422,0.031806
1306197350.000,YZJ,handheld,手持静止（左手）,recording,0.444708,5.894397,7.955655,-0.039539,0.042852,0.031997
1306197360.000,YZJ,handheld,手持静止（左手）,recording,0.539627,5.872878,8.008164,-0.041286,0.031126,0.022605
1306197370.000,YZJ,handheld,手持静止（左手）,recording,0.536195,5.826600,8.064411,-0.038984,0.014445,0.010721
1306197380.000,YZJ,handheld,手持静止（左手）,recording,0.504309,5.772495,8.089557,-0.028553,-0.007768,0.003296
1306197390.000,YZJ,handheld,手持静止（左手）,recording,0.488208,5.766370,8.073952,-0.016868,-0.019770,0.000448
1306197400.000,YZJ,handheld,手持静止（左手）,recording,0.473601,5.754141,8.078517,-0.003913,-0.016665,0.001062
1306197410.000,YZJ,handheld,手持静止（左手）,recording,0.454151,5.778414,8.088000,0.008840,-0.003427,0.005373
1306197420.000,YZJ,handheld,手持静止（左手）,recording,0.407260,5.804673,7.975935,0.015647,0.010366,0.015984
1306197430.000,YZJ,handheld,手持静止（左手）,recording,0.362244,5.814671,7.888579,0.006793,0.011919,0.026495
1306197440.000,YZJ,handheld,手持静止（左手）,recording,0.326672,5.799472,7.884393,-0.004755,-0.005378,0.038612
1306197450.000,YZJ,handheld,手持静止（左手）,recording,0.378712,5.775785,7.956171,-0.007085,-0.033137,0.046120
1306197460.000,YZJ,handheld,手持静止（左手）,recording,0.502317,5.755836,8.036553,0.005376,-0.044432,0.041390
1306197470.000,YZJ,handheld,手持静止（左手）,recording,0.575502,5.755623,8.026004,0.024538,-0.026270,0.027476
1306197480.000,YZJ,handheld,手持静止（左手）,recording,0.521035,5.779732,7.955144,0.042745,0.007878,0.015225
1306197490.000,YZJ,handheld,手持静止（左手）,recording,0.329114,5.831188,7.899634,0.047081,0.024646,0.023353
1306197500.000,YZJ,handheld,手持静止（左手）,recording,0.192041,5.875469,7.849794,0.040707,0.020351,0.044618
1306197510.000,YZJ,handheld,手持静止（左手）,recording,0.173090,5.902259,7.861994,0.027842,-0.000674,0.066657
1306197520.000,YZJ,handheld,手持静止（左手）,recording,0.210370,5.964738,7.934091,0.014925,-0.025846,0.082587
1306197530.000,YZJ,handheld,手持静止（左手）,recording,0.290324,5.980807,7.995972,0.002899,-0.059198,0.092086
1306197540.000,YZJ,handheld,手持静止（左手）,recording,0.349781,5.927971,7.993699,-0.005155,-0.088517,0.099574
1306197550.000,YZJ,handheld,手持静止（左手）,recording,0.399002,5.877299,7.966282,-0.007812,-0.093848,0.107600
1306197560.000,YZJ,handheld,手持静止（左手）,recording,0.448868,5.870270,7.968399,-0.004020,-0.070587,0.115593
1306197570.000,YZJ,handheld,手持静止（左手）,recording,0.448544,5.856012,7.955146,0.006417,-0.042361,0.123228
1306197580.000,YZJ,handheld,手持静止（左手）,recording,0.428160,5.853435,7.966233,0.018424,-0.021158,0.133746
1306197590.000,YZJ,handheld,手持静止（左手）,recording,0.431805,5.894326,8.043115,0.030826,-0.014302,0.145021
1306197600.000,YZJ,handheld,手持静止（左手）,recording,0.439403,5.960231,8.137721,0.042961,-0.020369,0.149939
1306197610.000,YZJ,handheld,手持静止（左手）,recording,0.421481,5.998274,8.154651,0.051323,-0.045696,0.149349
1306197620.000,YZJ,handheld,手持静止（左手）,recording,0.399958,6.026824,8.064865,0.049420,-0.077343,0.149910
1306197630.000,YZJ,handheld,手持静止（左手）,recording,0.398324,6.004978,7.975278,0.040167,-0.100217,0.154814
1306197640.000,YZJ,handheld,手持静止（左手）,recording,0.417508,6.001568,7.882612,0.027658,-0.104242,0.157571
1306197650.000,YZJ,handheld,手持静止（左手）,recording,0.481772,5.972082,7.809204,0.013045,-0.100416,0.157770
1306197660.000,YZJ,handheld,手持静止（左手）,recording,0.476809,5.893161,7.773994,0.001663,-0.100917,0.155691
1306197670.000,YZJ,handheld,手持静止（左手）,recording,0.522474,5.842437,7.823069,0.000542,-0.117263,0.140649
1306197680.000,YZJ,handheld,手持静止（左手）,recording,0.603920,5.830572,7.922189,0.018510,-0.134617,0.143019
1306197690.000,YZJ,handheld,手持静止（左手）,recording,0.541589,5.727338,7.801422,0.029321,-0.133513,0.162331
1306197700.000,YZJ,handheld,手持静止（左手）,recording,0.813494,5.752358,7.837164,0.050595,-0.117889,0.164225
1306197710.000,YZJ,handheld,手持静止（左手）,recording,0.941261,5.709808,7.634929,0.054039,-0.117209,0.159145
1306197720.000,YZJ,handheld,手持静止（左手）,recording,1.113971,5.619157,7.451978,0.041598,-0.113038,0.142289
1306197730.000,YZJ,handheld,手持静止（左手）,recording,1.228037,5.598739,7.348927,0.020978,-0.112759,0.112636
1306197740.000,YZJ,handheld,手持静止（左手）,recording,1.234101,5.611052,7.283773,-0.004876,-0.097973,0.092748
1306197750.000,YZJ,handheld,手持静止（左手）,recording,1.247631,5.589842,7.287886,-0.026313,-0.065852,0.080740
1306197760.000,YZJ,handheld,手持静止（左手）,recording,1.319902,5.555182,7.360451,-0.034299,-0.018534,0.066303
1306197770.000,YZJ,handheld,手持静止（左手）,recording,1.322666,5.537681,7.403817,-0.043340,0.028148,0.053986
1306197780.000,YZJ,handheld,手持静止（左手）,recording,1.250532,5.549813,7.462369,-0.052551,0.061330,0.037323
1306197790.000,YZJ,handheld,手持静止（左手）,recording,1.243577,5.532853,7.467426,-0.066584,0.062233,0.016208
1306197800.000,YZJ,handheld,手持静止（左手）,recording,1.240151,5.550346,7.491769,-0.088398,0.046261,-0.009195
1306197810.000,YZJ,handheld,手持静止（左手）,recording,1.264047,5.561886,7.549247,-0.111909,0.026922,-0.033550
1306197820.000,YZJ,handheld,手持静止（左手）,recording,1.331337,5.597570,7.642255,-0.129158,0.025020,-0.055702
1306197830.000,YZJ,handheld,手持静止（左手）,recording,1.351995,5.590295,7.814075,-0.133533,0.039212,-0.083182
1306197840.000,YZJ,handheld,手持静止（左手）,recording,1.295243,5.614722,7.927549,-0.128055,0.055792,-0.110931
1306197850.000,YZJ,handheld,手持静止（左手）,recording,1.216674,5.647380,8.020282,-0.115466,0.075675,-0.133703
1306197860.000,YZJ,handheld,手持静止（左手）,recording,1.032040,5.692141,8.111206,-0.096410,0.091988,-0.145392
1306197870.000,YZJ,handheld,手持静止（左手）,recording,0.834990,5.730069,8.172962,-0.076626,0.099700,-0.145655
1306197880.000,YZJ,handheld,手持静止（左手）,recording,0.685428,5.744423,8.199317,-0.057352,0.090585,-0.136639
1306197890.000,YZJ,handheld,手持静止（左手）,recording,0.601058,5.780619,8.186836,-0.041612,0.077231,-0.125555
1306197900.000,YZJ,handheld,手持静止（左手）,recording,0.606815,5.806696,8.183144,-0.026075,0.063530,-0.116293
1306197910.000,YZJ,handheld,手持静止（左手）,recording,0.584445,5.800836,8.160514,-0.010385,0.051863,-0.111314
1306197920.000,YZJ,handheld,手持静止（左手）,recording,0.567368,5.820910,8.131550,0.002168,0.042625,-0.104874
1306197930.000,YZJ,handheld,手持静止（左手）,recording,0.493168,5.810218,8.065154,0.009989,0.036458,-0.091156
1306197940.000,YZJ,handheld,手持静止（左手）,recording,0.443094,5.820876,8.026289,0.017320,0.028899,-0.077116
1306197950.000,YZJ,handheld,手持静止（左手）,recording,0.471507,5.852427,8.024291,0.025497,0.027501,-0.064868
1306197960.000,YZJ,handheld,手持静止（左手）,recording,0.429751,5.856569,8.002330,0.034501,0.034936,-0.048157
1306197970.000,YZJ,handheld,手持静止（左手）,recording,0.420676,5.837078,7.950114,0.042818,0.039621,-0.029577
1306197980.000,YZJ,handheld,手持静止（左手）,recording,0.439053,5.859165,7.893257,0.045537,0.045306,-0.013772
1306197990.000,YZJ,handheld,手持静止（左手）,recording,0.507850,5.867573,7.795310,0.041617,0.043394,-0.006756
1306198000.000,YZJ,handheld,手持静止（左手）,recording,0.583546,5.852183,7.717449,0.027326,0.037710,-0.007413
1306198010.000,YZJ,handheld,手持静止（左手）,recording,0.682608,5.827451,7.642230,0.004225,0.033489,-0.015381
1306198020.000,YZJ,handheld,手持静止（左手）,recording,0.682762,5.796779,7.618511,-0.019167,0.018879,-0.028613
1306198030.000,YZJ,handheld,手持静止（左手）,recording,0.650519,5.787221,7.643429,-0.040472,0.006550,-0.036736
1306198040.000,YZJ,handheld,手持静止（左手）,recording,0.559061,5.809215,7.734946,-0.054476,0.005870,-0.032092
1306198050.000,YZJ,handheld,手持静止（左手）,recording,0.492732,5.802196,7.849055,-0.057374,0.011611,-0.017028
1306198060.000,YZJ,handheld,手持静止（左手）,recording,0.507667,5.777780,7.955770,-0.049412,0.017726,-0.004560
1306198070.000,YZJ,handheld,手持静止（左手）,recording,0.596680,5.740245,8.034362,-0.037457,0.022654,0.000208
1306198080.000,YZJ,handheld,手持静止（左手）,recording,0.697132,5.718713,8.038748,-0.027342,0.024337,-0.002772
1306198090.000,YZJ,handheld,手持静止（左手）,recording,0.797627,5.671560,8.010450,-0.020110,0.024809,-0.015394
1306198100.000,YZJ,handheld,手持静止（左手）,recording,0.821955,5.653336,7.992672,-0.017903,0.022560,-0.032304
1306198110.000,YZJ,handheld,手持静止（左手）,recording,0.800348,5.658603,7.976749,-0.017407,0.016122,-0.048246
1306198120.000,YZJ,handheld,手持静止（左手）,recording,0.768369,5.671335,7.968523,-0.015193,0.010051,-0.059787
1306198130.000,YZJ,handheld,手持静止（左手）,recording,0.665098,5.702137,7.980843,-0.014776,0.015984,-0.060588
1306198140.000,YZJ,handheld,手持静止（左手）,recording,0.609001,5.734135,8.013081,-0.010116,0.023484,-0.055251
1306198150.000,YZJ,handheld,手持静止（左手）,recording,0.567837,5.760578,8.038414,-0.000974,0.033001,-0.047991
1306198160.000,YZJ,handheld,手持静止（左手）,recording,0.546468,5.740393,8.055153,0.010817,0.042026,-0.041677
1306198170.000,YZJ,handheld,手持静止（左手）,recording,0.563722,5.724588,8.056450,0.024238,0.044243,-0.036445
1306198180.000,YZJ,handheld,手持静止（左手）,recording,0.544677,5.710639,8.021605,0.037288,0.040844,-0.033704
1306198190.000,YZJ,handheld,手持静止（左手）,recording,0.558445,5.703006,7.972317,0.043417,0.038838,-0.033917
1306198200.000,YZJ,handheld,手持静止（左手）,recording,0.568847,5.727416,7.884089,0.039749,0.034905,-0.036636
1306198210.000,YZJ,handheld,手持静止（左手）,recording,0.592309,5.737078,7.826358,0.031272,0.028634,-0.042203
1306198220.000,YZJ,handheld,手持静止（左手）,recording,0.567106,5.773476,7.789239,0.018195,0.026763,-0.045476
1306198230.000,YZJ,handheld,手持静止（左手）,recording,0.551528,5.767948,7.786134,0.004631,0.028550,-0.046737
1306198240.000,YZJ,handheld,手持静止（左手）,recording,0.516894,5.778094,7.836348,-0.002854,0.028205,-0.046735
1306198250.000,YZJ,handheld,手持静止（左手）,recording,0.455452,5.808520,7.917680,-0.005608,0.022557,-0.045282
1306198260.000,YZJ,handheld,手持静止（左手）,recording,0.431546,5.799209,7.965805,-0.004870,0.007540,-0.041270
1306198270.000,YZJ,handheld,手持静止（左手）,recording,0.423573,5.804473,7.990847,-0.000636,0.001596,-0.035048
1306198280.000,YZJ,handheld,手持静止（左手）,recording,0.452942,5.795485,7.971267,0.003398,0.002813,-0.030024
1306198290.000,YZJ,handheld,手持静止（左手）,recording,0.471564,5.789736,7.958575,0.006377,0.010105,-0.024115
1306198300.000,YZJ,handheld,手持静止（左手）,recording,0.520674,5.774168,7.960734,0.009343,0.013846,-0.019084
1306198310.000,YZJ,handheld,手持静止（左手）,recording,0.533846,5.772044,7.971121,0.009796,0.013046,-0.022611
1306198320.000,YZJ,handheld,手持静止（左手）,recording,0.571919,5.787367,7.964696,0.008370,0.010763,-0.027116
1306198330.000,YZJ,handheld,手持静止（左手）,recording,0.493604,5.759041,7.914409,0.003518,0.010154,-0.024659
1306198340.000,YZJ,handheld,手持静止（左手）,recording,0.409964,5.763311,7.926334,-0.000817,0.010022,-0.014373
1306198350.000,YZJ,handheld,手持静止（左手）,recording,0.425210,5.755924,7.951958,0.003520,0.000310,-0.000367
1306198360.000,YZJ,handheld,手持静止（左手）,recording,0.505816,5.726802,8.009655,0.015973,-0.002198,0.002678
1306198370.000,YZJ,handheld,手持静止（左手）,recording,0.604706,5.762935,8.016070,0.033004,0.002136,-0.007713
1306198380.000,YZJ,handheld,手持静止（左手）,recording,0.616942,5.811905,7.966950,0.043275,0.004116,-0.022689
1306198390.000,YZJ,handheld,手持静止（左手）,recording,0.562931,5.822452,7.856923,0.043774,-0.000704,-0.028024
1306198400.000,YZJ,handheld,手持静止（左手）,recording,0.462410,5.819196,7.744264,0.033254,-0.007942,-0.018845
1306198410.000,YZJ,handheld,手持静止（左手）,recording,0.492902,5.805808,7.689355,0.014605,-0.006339,-0.005750
1306198420.000,YZJ,handheld,手持静止（左手）,recording,0.568893,5.761142,7.702272,-0.001448,0.002352,-0.003947
1306198430.000,YZJ,handheld,手持静止（左手）,recording,0.632263,5.749997,7.733376,-0.015048,0.014419,-0.011335
1306198440.000,YZJ,handheld,手持静止（左手）,recording,0.654967,5.704466,7.772073,-0.025329,0.023393,-0.020067
1306198450.000,YZJ,handheld,手持静止（左手）,recording,0.648479,5.723956,7.865725,-0.026656,0.020569,-0.028763
1306198460.000,YZJ,handheld,手持静止（左手）,recording,0.585638,5.708313,7.901708,-0.026333,0.012560,-0.032821
1306198470.000,YZJ,handheld,手持静止（左手）,recording,0.537701,5.746679,7.970242,-0.022696,-0.000330,-0.032469
1306198480.000,YZJ,handheld,手持静止（左手）,recording,0.538175,5.797381,7.984562,-0.015159,-0.008023,-0.031364
1306198490.000,YZJ,handheld,手持静止（左手）,recording,0.546968,5.795361,7.994325,-0.008947,0.003745,-0.029063
1306198500.000,YZJ,handheld,手持静止（左手）,recording,0.561638,5.805832,7.997327,-0.001779,0.020262,-0.031675
1306198510.000,YZJ,handheld,手持静止（左手）,recording,0.524619,5.781793,8.014654,0.006047,0.023684,-0.036771
1306198520.000,YZJ,handheld,手持静止（左手）,recording,0.462337,5.750029,7.979789,0.011465,0.013681,-0.039384
1306198530.000,YZJ,handheld,手持静止（左手）,recording,0.425144,5.739070,7.928092,0.011172,0.002477,-0.037815
1306198540.000,YZJ,handheld,手持静止（左手）,recording,0.429332,5.739939,7.916526,0.014606,-0.005295,-0.034091
1306198550.000,YZJ,handheld,手持静止（左手）,recording,0.436116,5.752807,7.904782,0.016910,-0.005821,-0.031070
1306198560.000,YZJ,handheld,手持静止（左手）,recording,0.447483,5.750428,7.870751,0.018126,-0.000265,-0.026238
1306198570.000,YZJ,handheld,手持静止（左手）,recording,0.469946,5.766867,7.860294,0.021042,0.000622,-0.022509
1306198580.000,YZJ,handheld,手持静止（左手）,recording,0.523406,5.802111,7.844517,0.016202,0.002159,-0.027889
1306198590.000,YZJ,handheld,手持静止（左手）,recording,0.513048,5.802995,7.823014,0.008135,0.001815,-0.029130
1306198600.000,YZJ,handheld,手持静止（左手）,recording,0.473086,5.813465,7.821527,0.000725,0.001148,-0.023775
1306198610.000,YZJ,handheld,手持静止（左手）,recording,0.459248,5.806329,7.826937,-0.005348,0.005158,-0.017410
1306198620.000,YZJ,handheld,手持静止（左手）,recording,0.438974,5.825411,7.881403,-0.007577,0.008212,-0.014824
1306198630.000,YZJ,handheld,手持静止（左手）,recording,0.406392,5.781074,7.915088,-0.007069,0.010345,-0.013619
1306198640.000,YZJ,handheld,手持静止（左手）,recording,0.428130,5.765927,7.948169,-0.006458,0.008535,-0.017867
1306198650.000,YZJ,handheld,手持静止（左手）,recording,0.444248,5.794895,7.968727,-0.006553,0.001532,-0.025622
1306198660.000,YZJ,handheld,手持静止（左手）,recording,0.429088,5.809918,7.973796,-0.006966,-0.003768,-0.032229
1306198670.000,YZJ,handheld,手持静止（左手）,recording,0.390738,5.800448,7.965101,-0.005444,-0.012605,-0.032595
1306198680.000,YZJ,handheld,手持静止（左手）,recording,0.386735,5.799189,7.933865,-0.003330,-0.015282,-0.026936
1306198690.000,YZJ,handheld,手持静止（左手）,recording,0.361750,5.785769,7.899816,-0.001514,-0.012083,-0.017312
1306198700.000,YZJ,handheld,手持静止（左手）,recording,0.366566,5.762973,7.844257,-0.001740,-0.003146,-0.004980
1306198710.000,YZJ,handheld,手持静止（左手）,recording,0.408547,5.762705,7.853421,0.001271,0.004555,0.004233
1306198720.000,YZJ,handheld,手持静止（左手）,recording,0.460479,5.755850,7.822609,0.000088,0.008931,0.005088
1306198730.000,YZJ,handheld,手持静止（左手）,recording,0.536281,5.780223,7.821958,-0.004903,0.005445,-0.003406
1306198740.000,YZJ,handheld,手持静止（左手）,recording,0.582896,5.818042,7.831523,-0.012250,-0.004604,-0.016079
1306198750.000,YZJ,handheld,手持静止（左手）,recording,0.525238,5.814135,7.839173,-0.021838,-0.009815,-0.028461
1306198760.000,YZJ,handheld,手持静止（左手）,recording,0.459038,5.846371,7.881995,-0.024535,-0.008749,-0.033786
1306198770.000,YZJ,handheld,手持静止（左手）,recording,0.364112,5.875020,7.892558,-0.026049,-0.001684,-0.028201
1306198780.000,YZJ,handheld,手持静止（左手）,recording,0.290958,5.888170,7.912856,-0.027841,0.005863,-0.014570
1306198790.000,YZJ,handheld,手持静止（左手）,recording,0.290673,5.881159,7.948386,-0.026807,0.004745,0.001052
1306198800.000,YZJ,handheld,手持静止（左手）,recording,0.321228,5.796974,7.963873,-0.020982,-0.001956,0.014732
1306198810.000,YZJ,handheld,手持静止（左手）,recording,0.393050,5.778925,8.008394,-0.014902,-0.000839,0.020698
1306198820.000,YZJ,handheld,手持静止（左手）,recording,0.473968,5.747195,8.035927,-0.005538,-0.001755,0.022103
1306198830.000,YZJ,handheld,手持静止（左手）,recording,0.508262,5.703263,8.000166,0.003254,-0.000719,0.017672
1306198840.000,YZJ,handheld,手持静止（左手）,recording,0.554552,5.697941,7.945329,0.006517,-0.001234,0.010611
1306198850.000,YZJ,handheld,手持静止（左手）,recording,0.560395,5.710763,7.918526,0.004821,-0.006037,0.001587
1306198860.000,YZJ,handheld,手持静止（左手）,recording,0.542468,5.703824,7.856828,0.000756,-0.014344,-0.004405
1306198870.000,YZJ,handheld,手持静止（左手）,recording,0.531376,5.701412,7.842702,-0.005435,-0.016908,-0.007831
1306198880.000,YZJ,handheld,手持静止（左手）,recording,0.516268,5.710393,7.834704,-0.010742,-0.013510,-0.009105
1306198890.000,YZJ,handheld,手持静止（左手）,recording,0.493792,5.752187,7.853962,-0.015944,-0.015469,-0.008108
1306198900.000,YZJ,handheld,手持静止（左手）,recording,0.499297,5.722944,7.886066,-0.018523,-0.010856,-0.004684
1306198910.000,YZJ,handheld,手持静止（左手）,recording,0.528259,5.751894,7.936345,-0.017084,-0.004932,-0.004252
1306198920.000,YZJ,handheld,手持静止（左手）,recording,0.543604,5.709588,7.990747,-0.008401,0.000369,-0.008338
1306198930.000,YZJ,handheld,手持静止（左手）,recording,0.529682,5.687191,8.012974,-0.001800,0.006653,-0.011577
1306198940.000,YZJ,handheld,手持静止（左手）,recording,0.502359,5.700981,8.016441,0.004288,0.010866,-0.013460
1306198950.000,YZJ,handheld,手持静止（左手）,recording,0.441203,5.735060,8.024539,0.012638,0.010255,-0.011783
1306198960.000,YZJ,handheld,手持静止（左手）,recording,0.386955,5.758972,8.000669,0.018841,0.006777,-0.005190
1306198970.000,YZJ,handheld,手持静止（左手）,recording,0.398751,5.781944,7.955188,0.022057,0.001736,-0.000294
1306198980.000,YZJ,handheld,手持静止（左手）,recording,0.460645,5.800319,7.942011,0.021394,0.001235,0.004318
1306198990.000,YZJ,handheld,手持静止（左手）,recording,0.494811,5.802813,7.936871,0.023691,0.005543,0.006014
1306199000.000,YZJ,handheld,手持静止（左手）,recording,0.517339,5.802653,7.950228,0.026096,0.012487,0.001388
1306199010.000,YZJ,handheld,手持静止（左手）,recording,0.537122,5.800271,7.896817,0.022528,0.011269,-0.009828
1306199020.000,YZJ,handheld,手持静止（左手）,recording,0.500418,5.771804,7.851687,0.016507,-0.003138,-0.018396
1306199030.000,YZJ,handheld,手持静止（左手）,recording,0.434476,5.759395,7.823010,0.010152,-0.018824,-0.019338
1306199040.000,YZJ,handheld,手持静止（左手）,recording,0.446997,5.767031,7.808520,0.004747,-0.020704,-0.017396
1306199050.000,YZJ,handheld,手持静止（左手）,recording,0.448932,5.814819,7.830210,-0.000004,-0.003827,-0.017031
1306199060.000,YZJ,handheld,手持静止（左手）,recording,0.443337,5.843525,7.803654,-0.004494,0.012221,-0.014703
1306199070.000,YZJ,handheld,手持静止（左手）,recording,0.312973,5.860074,7.818347,-0.006809,0.010205,-0.002908
1306199080.000,YZJ,handheld,手持静止（左手）,recording,0.280584,5.809108,7.839079,-0.009150,0.003472,0.014996
1306199090.000,YZJ,handheld,手持静止（左手）,recording,0.380739,5.804636,7.897831,-0.010013,-0.000583,0.026795
1306199100.000,YZJ,handheld,手持静止（左手）,recording,0.521740,5.783328,7.939353,-0.005968,-0.001112,0.019927
1306199110.000,YZJ,handheld,手持静止（左手）,recording,0.560895,5.763569,7.944220,-0.004839,0.003397,0.004912
1306199120.000,YZJ,handheld,手持静止（左手）,recording,0.556236,5.728642,7.969409,-0.002292,0.000423,-0.004371
1306199130.000,YZJ,handheld,手持静止（左手）,recording,0.512769,5.696938,7.997893,0.004161,-0.007055,-0.009138
1306199140.000,YZJ,handheld,手持静止（左手）,recording,0.506244,5.678782,8.013944,0.013408,-0.009430,-0.009534
1306199150.000,YZJ,handheld,手持静止（左手）,recording,0.532071,5.692279,8.022299,0.024952,-0.002819,-0.010933
1306199160.000,YZJ,handheld,手持静止（左手）,recording,0.526728,5.712099,8.009476,0.035588,0.005179,-0.011627
1306199170.000,YZJ,handheld,手持静止（左手）,recording,0.473905,5.699866,8.011226,0.051438,0.006884,-0.008718
1306199180.000,YZJ,handheld,手持静止（左手）,recording,0.443107,5.722210,7.967800,0.056344,0.018230,-0.004713
1306199190.000,YZJ,handheld,手持静止（左手）,recording,0.504038,5.762861,7.894571,0.057250,0.015248,-0.007717
1306199200.000,YZJ,handheld,手持静止（左手）,recording,0.496637,5.757315,7.834733,0.052921,0.007867,-0.012994
1306199210.000,YZJ,handheld,手持静止（左手）,recording,0.510456,5.778618,7.801158,0.046247,0.007647,-0.019375
1306199220.000,YZJ,handheld,手持静止（左手）,recording,0.514568,5.826560,7.792956,0.035512,0.008080,-0.027336
1306199230.000,YZJ,handheld,手持静止（左手）,recording,0.467381,5.827515,7.735139,0.018830,0.004104,-0.036865
1306199240.000,YZJ,handheld,手持静止（左手）,recording,0.413708,5.867841,7.776410,0.004574,-0.009945,-0.041265
1306199250.000,YZJ,handheld,手持静止（左手）,recording,0.351197,5.850537,7.802468,-0.005997,-0.019027,-0.037123
1306199260.000,YZJ,handheld,手持静止（左手）,recording,0.325805,5.880119,7.851939,-0.010847,-0.018309,-0.029335
1306199270.000,YZJ,handheld,手持静止（左手）,recording,0.369160,5.871308,7.881086,-0.011772,-0.008022,-0.022502
1306199280.000,YZJ,handheld,手持静止（左手）,recording,0.377731,5.875696,7.921634,-0.007958,-0.002152,-0.019817
1306199290.000,YZJ,handheld,手持静止（左手）,recording,0.355358,5.868527,7.897421,-0.007803,0.001054,-0.015266
1306199300.000,YZJ,handheld,手持静止（左手）,recording,0.276313,5.839409,7.882252,-0.010637,0.003510,-0.005932
1306199310.000,YZJ,handheld,手持静止（左手）,recording,0.214085,5.826664,7.895039,-0.010399,0.002223,0.009657
1306199320.000,YZJ,handheld,手持静止（左手）,recording,0.263524,5.801939,7.907591,-0.008204,-0.004303,0.026067
1306199330.000,YZJ,handheld,手持静止（左手）,recording,0.382797,5.779040,7.958028,-0.000076,-0.006032,0.027057
1306199340.000,YZJ,handheld,手持静止（左手）,recording,0.498813,5.806380,7.981325,0.009444,-0.004520,0.013032
1306199350.000,YZJ,handheld,手持静止（左手）,recording,0.512021,5.813924,7.936783,0.016158,-0.003231,-0.000101
1306199360.000,YZJ,handheld,手持静止（左手）,recording,0.433053,5.842770,7.839900,0.011192,-0.009404,0.001328
1306199370.000,YZJ,handheld,手持静止（左手）,recording,0.394942,5.816650,7.792058,0.003208,-0.017164,0.011747
1306199380.000,YZJ,handheld,手持静止（左手）,recording,0.405450,5.784161,7.782788,-0.005919,-0.013898,0.022113
1306199390.000,YZJ,handheld,手持静止（左手）,recording,0.499734,5.762363,7.802436,-0.011933,-0.001461,0.022880
1306199400.000,YZJ,handheld,手持静止（左手）,recording,0.543702,5.728149,7.829581,-0.017524,0.015304,0.018142
1306199410.000,YZJ,handheld,手持静止（左手）,recording,0.561838,5.712171,7.851273,-0.021183,0.022467,0.009983
1306199420.000,YZJ,handheld,手持静止（左手）,recording,0.575075,5.722455,7.906666,-0.025283,0.005846,-0.000490
1306199430.000,YZJ,handheld,手持静止（左手）,recording,0.509591,5.730678,7.975999,-0.022418,-0.016500,-0.006198
1306199440.000,YZJ,handheld,手持静止（左手）,recording,0.462842,5.729770,8.064851,-0.011060,-0.028832,-0.004609
1306199450.000,YZJ,handheld,手持静止（左手）,recording,0.503066,5.779624,8.083340,0.003135,-0.017626,-0.005552
1306199460.000,YZJ,handheld,手持静止（左手）,recording,0.537147,5.799369,8.047601,0.016448,0.004200,-0.010800
1306199470.000,YZJ,handheld,手持静止（左手）,recording,0.503265,5.786365,7.979090,0.022424,0.015193,-0.015034
1306199480.000,YZJ,handheld,手持静止（左手）,recording,0.474548,5.773515,7.916028,0.021570,0.007198,-0.018990
1306199490.000,YZJ,handheld,手持静止（左手）,recording,0.409713,5.772522,7.863861,0.018536,-0.005996,-0.019815
1306199500.000,YZJ,handheld,手持静止（左手）,recording,0.369863,5.777952,7.826497,0.016182,-0.009719,-0.016561
1306199510.000,YZJ,handheld,手持静止（左手）,recording,0.359142,5.790892,7.806394,0.015943,-0.005465,-0.010791
1306199520.000,YZJ,handheld,手持静止（左手）,recording,0.392173,5.814842,7.818846,0.017922,-0.002017,-0.005969
1306199530.000,YZJ,handheld,手持静止（左手）,recording,0.369225,5.827651,7.788110,0.016939,-0.001131,-0.001078
1306199540.000,YZJ,handheld,手持静止（左手）,recording,0.418522,5.814092,7.746624,0.009581,0.002918,0.004657
1306199550.000,YZJ,handheld,手持静止（左手）,recording,0.447758,5.838901,7.749259,-0.003550,0.009829,0.005416
1306199560.000,YZJ,handheld,手持静止（左手）,recording,0.478830,5.839457,7.816242,-0.010945,0.011078,0.000818
1306199570.000,YZJ,handheld,手持静止（左手）,recording,0.469170,5.813461,7.883273,-0.014527,0.003008,-0.005237
1306199580.000,YZJ,handheld,手持静止（左手）,recording,0.414661,5.798327,7.928136,-0.017626,-0.009531,-0.007387
1306199590.000,YZJ,handheld,手持静止（左手）,recording,0.378807,5.790586,7.979713,-0.018584,-0.017099,-0.004733
1306199600.000,YZJ,handheld,手持静止（左手）,recording,0.392493,5.802220,8.025170,-0.012918,-0.018955,-0.001203
1306199610.000,YZJ,handheld,手持静止（左手）,recording,0.406774,5.816236,8.016544,-0.003169,-0.014512,0.001194
1306199620.000,YZJ,handheld,手持静止（左手）,recording,0.467370,5.817291,8.002655,0.006927,-0.010501,0.004358
1306199630.000,YZJ,handheld,手持静止（左手）,recording,0.475727,5.783953,7.905456,0.014638,-0.004315,0.004758
1306199640.000,YZJ,handheld,手持静止（左手）,recording,0.525210,5.771971,7.836019,0.013739,0.004705,0.001257
1306199650.000,YZJ,handheld,手持静止（左手）,recording,0.553634,5.761426,7.773235,0.005913,0.008378,-0.008384
1306199660.000,YZJ,handheld,手持静止（左手）,recording,0.504792,5.748000,7.723235,-0.004804,0.004118,-0.017677
1306199670.000,YZJ,handheld,手持静止（左手）,recording,0.436613,5.724986,7.704684,-0.017257,-0.002349,-0.015352
1306199680.000,YZJ,handheld,手持静止（左手）,recording,0.395590,5.736789,7.766584,-0.026510,-0.005001,-0.010057
1306199690.000,YZJ,handheld,手持静止（左手）,recording,0.401144,5.778407,7.837971,-0.028706,-0.001102,-0.004423
1306199700.000,YZJ,handheld,手持静止（左手）,recording,0.404745,5.816356,7.915867,-0.025760,0.004844,-0.001519
1306199710.000,YZJ,handheld,手持静止（左手）,recording,0.423365,5.850017,7.963505,-0.019372,0.006359,-0.000957
1306199720.000,YZJ,handheld,手持静止（左手）,recording,0.451697,5.894273,8.015418,-0.013279,0.000632,-0.002890
1306199730.000,YZJ,handheld,手持静止（左手）,recording,0.469232,5.897197,8.018165,-0.007836,-0.006153,-0.004951
1306199740.000,YZJ,handheld,手持静止（左手）,recording,0.436969,5.841661,8.026490,-0.003962,-0.006843,-0.004355
1306199750.000,YZJ,handheld,手持静止（左手）,recording,0.464739,5.834715,8.038453,0.005577,-0.000420,-0.004132
1306199760.000,YZJ,handheld,手持静止（左手）,recording,0.413880,5.822749,8.024647,0.016312,0.003946,-0.002735
1306199770.000,YZJ,handheld,手持静止（左手）,recording,0.377891,5.778001,7.991515,0.023485,0.009938,0.000407
1306199780.000,YZJ,handheld,手持静止（左手）,recording,0.369644,5.752534,7.920277,0.024240,0.004791,0.001392
1306199790.000,YZJ,handheld,手持静止（左手）,recording,0.396237,5.764061,7.894073,0.024022,-0.002994,0.000083
1306199800.000,YZJ,handheld,手持静止（左手）,recording,0.416452,5.797506,7.835204,0.018789,-0.006163,-0.000912
1306199810.000,YZJ,handheld,手持静止（左手）,recording,0.439269,5.809014,7.786827,0.012761,-0.008942,-0.001665
1306199820.000,YZJ,handheld,手持静止（左手）,recording,0.456289,5.817412,7.742316,0.004994,-0.012058,-0.001050
1306199830.000,YZJ,handheld,手持静止（左手）,recording,0.481918,5.795615,7.750943,-0.001425,-0.012553,0.000931
1306199840.000,YZJ,handheld,手持静止（左手）,recording,0.498998,5.802209,7.749824,-0.006997,-0.005127,-0.000203
1306199850.000,YZJ,handheld,手持静止（左手）,recording,0.469603,5.798585,7.766818,-0.013115,0.006110,-0.002184
1306199860.000,YZJ,handheld,手持静止（左手）,recording,0.444998,5.803606,7.792292,-0.024284,0.009635,-0.002891
1306199870.000,YZJ,handheld,手持静止（左手）,recording,0.425544,5.800149,7.847434,-0.032755,0.004186,-0.005089
1306199880.000,YZJ,handheld,手持静止（左手）,recording,0.395910,5.774595,7.940722,-0.035491,-0.005190,-0.008380
1306199890.000,YZJ,handheld,手持静止（左手）,recording,0.399265,5.777270,8.005364,-0.029724,-0.013313,-0.008681
1306199900.000,YZJ,handheld,手持静止（左手）,recording,0.385500,5.767118,8.049826,-0.018927,-0.011618,-0.005832
1306199910.000,YZJ,handheld,手持静止（左手）,recording,0.395221,5.754459,8.062469,-0.006540,-0.009381,-0.001880
1306199920.000,YZJ,handheld,手持静止（左手）,recording,0.403571,5.748573,8.050773,0.007449,-0.008392,0.003786
1306199930.000,YZJ,handheld,手持静止（左手）,recording,0.431681,5.781408,8.002658,0.018567,-0.005797,0.008289
1306199940.000,YZJ,handheld,手持静止（左手）,recording,0.478758,5.798128,7.904750,0.018545,-0.000513,0.010105
1306199950.000,YZJ,handheld,手持静止（左手）,recording,0.511297,5.781908,7.851771,0.011664,0.004211,0.008598
1306199960.000,YZJ,handheld,手持静止（左手）,recording,0.544733,5.771895,7.858473,0.006533,0.005670,0.003927
1306199970.000,YZJ,handheld,手持静止（左手）,recording,0.549416,5.755823,7.891012,0.006147,-0.000054,-0.002750
1306199980.000,YZJ,handheld,手持静止（左手）,recording,0.532867,5.733004,7.931392,0.010700,-0.003692,-0.010484
1306199990.000,YZJ,handheld,手持静止（左手）,recording,0.511088,5.745082,7.962143,0.021519,-0.002317,-0.017233
1306200000.000,YZJ,handheld,手持静止（左手）,recording,0.477818,5.784504,7.925114,0.029126,0.004745,-0.022352
1306200010.000,YZJ,handheld,手持静止（左手）,recording,0.398655,5.820087,7.854552,0.028460,0.013334,-0.021290
1306200020.000,YZJ,handheld,手持静止（左手）,recording,0.318720,5.864380,7.783295,0.019570,0.014470,-0.012717
1306200030.000,YZJ,handheld,手持静止（左手）,recording,0.292750,5.871729,7.739678,0.004734,0.003875,-0.002034
1306200040.000,YZJ,handheld,手持静止（左手）,recording,0.312749,5.897627,7.777535,-0.010071,-0.002017,0.006904
1306200050.000,YZJ,handheld,手持静止（左手）,recording,0.393334,5.896358,7.879578,-0.015943,-0.007892,0.007137
1306200060.000,YZJ,handheld,手持静止（左手）,recording,0.427215,5.878350,7.948884,-0.010780,-0.009322,0.004768
1306200070.000,YZJ,handheld,手持静止（左手）,recording,0.450153,5.841582,7.961276,-0.004362,-0.003780,0.002515
1306200080.000,YZJ,handheld,手持静止（左手）,recording,0.459966,5.817096,7.938411,-0.000252,-0.002182,0.003504
1306200090.000,YZJ,handheld,手持静止（左手）,recording,0.477883,5.805421,7.905912,0.001513,0.000300,0.004626
1306200100.000,YZJ,handheld,手持静止（左手）,recording,0.505601,5.781300,7.889856,-0.000313,0.009203,0.002128
1306200110.000,YZJ,handheld,手持静止（左手）,recording,0.501945,5.801154,7.875770,-0.005135,0.010737,-0.002087
1306200120.000,YZJ,handheld,手持静止（左手）,recording,0.423272,5.787077,7.892118,-0.010958,0.002094,-0.001693
1306200130.000,YZJ,handheld,手持静止（左手）,recording,0.414731,5.746444,7.923318,-0.014479,-0.001796,-0.000639
1306200140.000,YZJ,handheld,手持静止（左手）,recording,0.464543,5.723893,8.023181,-0.005971,-0.007048,-0.004648
1306200150.000,YZJ,handheld,手持静止（左手）,recording,0.461332,5.720607,8.044273,0.006581,-0.004805,-0.010459
1306200160.000,YZJ,handheld,手持静止（左手）,recording,0.447260,5.716396,8.013216,0.019659,-0.002778,-0.012209
1306200170.000,YZJ,handheld,手持静止（左手）,recording,0.459684,5.730922,7.937844,0.026475,-0.003090,-0.012236
1306200180.000,YZJ,handheld,手持静止（左手）,recording,0.463102,5.778598,7.841238,0.024746,-0.002149,-0.013788
1306200190.000,YZJ,handheld,手持静止（左手）,recording,0.471535,5.808119,7.783490,0.017312,-0.003465,-0.017904
1306200200.000,YZJ,handheld,手持静止（左手）,recording,0.473385,5.846535,7.759306,0.006828,-0.005118,-0.018661
1306200210.000,YZJ,handheld,手持静止（左手）,recording,0.433480,5.877569,7.779734,-0.003344,-0.000797,-0.018955
1306200220.000,YZJ,handheld,手持静止（左手）,recording,0.420336,5.902462,7.819299,-0.011377,0.000727,-0.017175
1306200230.000,YZJ,handheld,手持静止（左手）,recording,0.369435,5.896299,7.857221,-0.013896,0.001064,-0.009866
1306200240.000,YZJ,handheld,手持静止（左手）,recording,0.339125,5.859250,7.887039,-0.016253,0.003814,-0.001410
1306200250.000,YZJ,handheld,手持静止（左手）,recording,0.373565,5.828970,7.926486,-0.013614,0.000534,0.005838
1306200260.000,YZJ,handheld,手持静止（左手）,recording,0.449032,5.810541,7.951826,-0.007297,-0.003849,0.003201
1306200270.000,YZJ,handheld,手持静止（左手）,recording,0.509677,5.809747,7.975807,-0.001379,-0.003629,-0.008612
1306200280.000,YZJ,handheld,手持静止（左手）,recording,0.517059,5.831151,7.963423,0.005198,0.000291,-0.023340
1306200290.000,YZJ,handheld,手持静止（左手）,recording,0.419987,5.815748,7.928571,0.007502,-0.000931,-0.025624
1306200300.000,YZJ,handheld,手持静止（左手）,recording,0.358402,5.828334,7.891031,0.006072,-0.011311,-0.020158
1306200310.000,YZJ,handheld,手持静止（左手）,recording,0.326536,5.842031,7.876421,0.003515,-0.019085,-0.011084
1306200320.000,YZJ,handheld,手持静止（左手）,recording,0.322183,5.784898,7.851282,-0.001264,-0.019780,-0.000697
1306200330.000,YZJ,handheld,手持静止（左手）,recording,0.356006,5.762573,7.813054,-0.007358,-0.013312,0.008345
1306200340.000,YZJ,handheld,手持静止（左手）,recording,0.433898,5.751188,7.844247,-0.013253,-0.001447,0.009271
1306200350.000,YZJ,handheld,手持静止（左手）,recording,0.471535,5.739870,7.902010,-0.014816,0.000160,0.005358
1306200360.000,YZJ,handheld,手持静止（左手）,recording,0.492041,5.700615,7.979762,-0.009426,-0.005195,0.000099
1306200370.000,YZJ,handheld,手持静止（左手）,recording,0.518095,5.729356,8.013940,-0.000563,-0.013040,-0.004948
1306200380.000,YZJ,handheld,手持静止（左手）,recording,0.501144,5.726278,8.005139,0.009451,-0.015591,-0.009013
1306200390.000,YZJ,handheld,手持静止（左手）,recording,0.510222,5.769348,7.972956,0.015135,-0.012103,-0.012767
1306200400.000,YZJ,handheld,手持静止（左手）,recording,0.511299,5.782361,7.939135,0.019704,-0.005673,-0.019895
1306200410.000,YZJ,handheld,手持静止（左手）,recording,0.493512,5.806769,7.917661,0.021244,0.000098,-0.026596
1306200420.000,YZJ,handheld,手持静止（左手）,recording,0.445826,5.823041,7.926768,0.022963,-0.000569,-0.029224
1306200430.000,YZJ,handheld,手持静止（左手）,recording,0.395399,5.815509,7.933910,0.025910,-0.006350,-0.026859
1306200440.000,YZJ,handheld,手持静止（左手）,recording,0.334840,5.829303,7.880480,0.026379,-0.009767,-0.022315
1306200450.000,YZJ,handheld,手持静止（左手）,recording,0.340636,5.832520,7.847218,0.025068,-0.010596,-0.016783
1306200460.000,YZJ,handheld,手持静止（左手）,recording,0.323576,5.835273,7.781027,0.018265,-0.010740,-0.011533
1306200470.000,YZJ,handheld,手持静止（左手）,recording,0.360266,5.821897,7.727100,0.010309,-0.009258,-0.004988
1306200480.000,YZJ,handheld,手持静止（左手）,recording,0.414679,5.824767,7.712595,0.001225,-0.009225,-0.002153
1306200490.000,YZJ,handheld,手持静止（左手）,recording,0.470025,5.799222,7.715921,-0.007373,-0.010091,-0.003575
1306200500.000,YZJ,handheld,手持静止（左手）,recording,0.535481,5.770071,7.731677,-0.015986,-0.007555,-0.012641
1306200510.000,YZJ,handheld,手持静止（左手）,recording,0.514171,5.777949,7.805539,-0.019483,-0.002420,-0.022167
1306200520.000,YZJ,handheld,手持静止（左手）,recording,0.477511,5.779210,7.840607,-0.020766,0.003753,-0.024373
1306200530.000,YZJ,handheld,手持静止（左手）,recording,0.406228,5.771496,7.898623,-0.021503,0.003647,-0.023178
1306200540.000,YZJ,handheld,手持静止（左手）,recording,0.407725,5.799112,7.975141,-0.017296,-0.002636,-0.024280
1306200550.000,YZJ,handheld,手持静止（左手）,recording,0.382051,5.809053,8.033393,-0.009401,-0.008427,-0.024028
1306200560.000,YZJ,handheld,手持静止（左手）,recording,0.342561,5.829075,8.010379,-0.002206,-0.013162,-0.018016
1306200570.000,YZJ,handheld,手持静止（左手）,recording,0.544825,5.832399,7.958340,0.002346,-0.016666,-0.019976
1306200580.000,YZJ,handheld,手持静止（左手）,recording,0.608627,5.685787,7.695149,-0.017475,-0.007522,-0.033674
1306200590.000,YZJ,handheld,手持静止（左手）,recording,0.503536,5.746630,7.778678,-0.037155,0.000312,-0.052961
1306200600.000,YZJ,handheld,手持静止（左手）,recording,0.418179,5.842827,7.936492,-0.035845,-0.011901,-0.053461
1306200610.000,YZJ,handheld,手持静止（左手）,recording,0.234527,5.727998,7.934384,-0.029479,-0.009240,-0.030402
1306200620.000,YZJ,handheld,手持静止（左手）,recording,0.295345,5.715651,8.021670,-0.011983,-0.006890,-0.014004
1306200630.000,YZJ,handheld,手持静止（左手）,recording,0.424247,5.796134,8.034957,0.006486,-0.002065,-0.014972
1306200640.000,YZJ,handheld,手持静止（左手）,recording,0.455972,5.820280,7.984001,0.016169,-0.003697,-0.021481
1306200650.000,YZJ,handheld,手持静止（左手）,recording,0.426125,5.815418,7.934838,0.021329,-0.006599,-0.023394
1306200660.000,YZJ,handheld,手持静止（左手）,recording,0.373949,5.856849,7.908516,0.023720,-0.002125,-0.022205
1306200670.000,YZJ,handheld,手持静止（左手）,recording,0.346600,5.886423,7.879258,0.022191,0.006969,-0.015285
1306200680.000,YZJ,handheld,手持静止（左手）,recording,0.324850,5.878677,7.874483,0.018762,0.014595,-0.008551
1306200690.000,YZJ,handheld,手持静止（左手）,recording,0.288413,5.869460,7.850913,0.010447,0.014886,-0.005494
1306200700.000,YZJ,handheld,手持静止（左手）,recording,0.272790,5.878682,7.837375,-0.001115,0.009784,-0.003700
1306200710.000,YZJ,handheld,手持静止（左手）,recording,0.282319,5.844854,7.873902,-0.005619,0.001631,-0.001827
1306200720.000,YZJ,handheld,手持静止（左手）,recording,0.253149,5.823022,7.953374,-0.002125,-0.007021,0.002004
1306200730.000,YZJ,handheld,手持静止（左手）,recording,0.283650,5.803220,7.990646,0.006181,-0.010985,0.009698
1306200740.000,YZJ,handheld,手持静止（左手）,recording,0.327068,5.789846,7.989501,0.020498,-0.011852,0.013473
1306200750.000,YZJ,handheld,手持静止（左手）,recording,0.379562,5.787106,7.955551,0.031840,-0.006253,0.014512
1306200760.000,YZJ,handheld,手持静止（左手）,recording,0.408570,5.804062,7.875695,0.037769,-0.000970,0.016772
1306200770.000,YZJ,handheld,手持静止（左手）,recording,0.420354,5.797516,7.790825,0.032551,0.002792,0.021502
1306200780.000,YZJ,handheld,手持静止（左手）,recording,0.459592,5.795665,7.733052,0.022856,0.005986,0.023510
1306200790.000,YZJ,handheld,手持静止（左手）,recording,0.498027,5.802008,7.735062,0.013186,0.007487,0.020473
1306200800.000,YZJ,handheld,手持静止（左手）,recording,0.488987,5.784581,7.760380,0.005340,0.006301,0.016554
1306200810.000,YZJ,handheld,手持静止（左手）,recording,0.493427,5.744074,7.801090,0.001492,0.007697,0.013561
1306200820.000,YZJ,handheld,手持静止（左手）,recording,0.488496,5.731744,7.829209,0.002103,0.010753,0.008209
1306200830.000,YZJ,handheld,手持静止（左手）,recording,0.490293,5.717966,7.838312,0.004286,0.015595,0.001970
1306200840.000,YZJ,handheld,手持静止（左手）,recording,0.462428,5.741479,7.841535,0.007578,0.014370,0.000270
1306200850.000,YZJ,handheld,手持静止（左手）,recording,0.438887,5.724325,7.816160,0.009522,0.011496,-0.000200
1306200860.000,YZJ,handheld,手持静止（左手）,recording,0.416694,5.743385,7.780399,0.005214,0.013506,0.000804
1306200870.000,YZJ,handheld,手持静止（左手）,recording,0.438497,5.789208,7.798977,-0.003026,0.012075,-0.000901
1306200880.000,YZJ,handheld,手持静止（左手）,recording,0.422345,5.797034,7.797474,-0.013472,0.009709,-0.002339
1306200890.000,YZJ,handheld,手持静止（左手）,recording,0.393612,5.790615,7.836209,-0.023295,0.007274,-0.001874
1306200900.000,YZJ,handheld,手持静止（左手）,recording,0.385309,5.789299,7.891851,-0.023751,0.001080,0.000992
1306200910.000,YZJ,handheld,手持静止（左手）,recording,0.373944,5.804969,7.958609,-0.020176,0.004226,0.005555
1306200920.000,YZJ,handheld,手持静止（左手）,recording,0.381236,5.814336,7.995148,-0.013104,0.007539,0.010318
1306200930.000,YZJ,handheld,手持静止（左手）,recording,0.396782,5.784550,7.984408,-0.004144,0.005344,0.011711
1306200940.000,YZJ,handheld,手持静止（左手）,recording,0.441662,5.781255,7.968135,0.000966,0.004658,0.010654
1306200950.000,YZJ,handheld,手持静止（左手）,recording,0.459751,5.784473,7.946761,0.003267,0.002747,0.006605
1306200960.000,YZJ,handheld,手持静止（左手）,recording,0.473132,5.770853,7.922572,0.004144,-0.003766,-0.000471
1306200970.000,YZJ,handheld,手持静止（左手）,recording,0.446325,5.757509,7.901229,0.003772,-0.009124,-0.004860
1306200980.000,YZJ,handheld,手持静止（左手）,recording,0.425159,5.753129,7.890415,0.003208,-0.006230,-0.004930
1306200990.000,YZJ,handheld,手持静止（左手）,recording,0.417204,5.766454,7.913813,0.007614,-0.000520,-0.003661
1306201000.000,YZJ,handheld,手持静止（左手）,recording,0.408301,5.763927,7.909250,0.012341,0.009824,-0.002461
1306201010.000,YZJ,handheld,手持静止（左手）,recording,0.411246,5.792562,7.899888,0.014338,0.015779,-0.003652
1306201020.000,YZJ,handheld,手持静止（左手）,recording,0.408210,5.812477,7.847119,0.012630,0.012728,-0.005641
1306201030.000,YZJ,handheld,手持静止（左手）,recording,0.391418,5.781905,7.852153,0.010070,0.008515,-0.005593
1306201040.000,YZJ,handheld,手持静止（左手）,recording,0.388956,5.812463,7.845350,0.010113,0.005420,-0.005921
1306201050.000,YZJ,handheld,手持静止（左手）,recording,0.387070,5.820720,7.839382,0.007932,0.006290,-0.003478
1306201060.000,YZJ,handheld,手持静止（左手）,recording,0.396806,5.838063,7.850204,0.007788,0.011673,-0.001728
1306201070.000,YZJ,handheld,手持静止（左手）,recording,0.407227,5.859145,7.866722,0.012661,0.014661,-0.003058
1306201080.000,YZJ,handheld,手持静止（左手）,recording,0.434796,5.859164,7.832305,0.012360,0.013100,-0.007481
1306201090.000,YZJ,handheld,手持静止（左手）,recording,0.378507,5.877286,7.775094,0.002320,0.006596,-0.008579
1306201100.000,YZJ,handheld,手持静止（左手）,recording,0.359895,5.870303,7.691370,-0.017332,-0.000983,-0.005268
1306201110.000,YZJ,handheld,手持静止（左手）,recording,0.364873,5.862511,7.722479,-0.035307,-0.006573,-0.003537
1306201120.000,YZJ,handheld,手持静止（左手）,recording,0.362546,5.844302,7.820787,-0.039538,-0.004305,-0.002452
1306201130.000,YZJ,handheld,手持静止（左手）,recording,0.369343,5.816483,7.942856,-0.032948,-0.003467,-0.002409
1306201140.000,YZJ,handheld,手持静止（左手）,recording,0.370299,5.804937,7.985085,-0.017675,-0.004206,-0.001531
1306201150.000,YZJ,handheld,手持静止（左手）,recording,0.388773,5.800325,7.985871,-0.005549,-0.000767,-0.001996
1306201160.000,YZJ,handheld,手持静止（左手）,recording,0.389626,5.815936,7.941562,-0.000727,0.005220,-0.000808
1306201170.000,YZJ,handheld,手持静止（左手）,recording,0.384852,5.813960,7.840088,-0.004470,0.005852,0.001884
1306201180.000,YZJ,handheld,手持静止（左手）,recording,0.370392,5.800694,7.779200,-0.016739,-0.001282,0.007434
1306201190.000,YZJ,handheld,手持静止（左手）,recording,0.407678,5.746124,7.779413,-0.030584,-0.001797,0.009533
1306201200.000,YZJ,handheld,手持静止（左手）,recording,0.454194,5.745155,7.833791,-0.038687,0.002694,0.008060
1306201210.000,YZJ,handheld,手持静止（左手）,recording,0.435131,5.756941,7.948291,-0.034511,0.008553,0.000755
1306201220.000,YZJ,handheld,手持静止（左手）,recording,0.443449,5.735910,8.014842,-0.024761,0.008604,-0.004148
1306201230.000,YZJ,handheld,手持静止（左手）,recording,0.423486,5.718875,8.027773,-0.010992,0.002457,-0.005160
1306201240.000,YZJ,handheld,手持静止（左手）,recording,0.392039,5.748077,8.015917,0.001334,-0.003495,-0.003438
1306201250.000,YZJ,handheld,手持静止（左手）,recording,0.418844,5.754322,7.976134,0.010073,-0.003309,-0.002434
1306201260.000,YZJ,handheld,手持静止（左手）,recording,0.425515,5.798199,7.934958,0.013762,0.003158,-0.004699
1306201270.000,YZJ,handheld,手持静止（左手）,recording,0.402012,5.831632,7.895002,0.012059,0.010185,-0.005817
1306201280.000,YZJ,handheld,手持静止（左手）,recording,0.354323,5.840958,7.891422,0.007191,0.014530,-0.005900
1306201290.000,YZJ,handheld,手持静止（左手）,recording,0.300755,5.834035,7.917639,0.004197,0.005674,-0.005058
1306201300.000,YZJ,handheld,手持静止（左手）,recording,0.278626,5.830537,7.948464,0.006920,-0.002035,-0.003102
1306201310.000,YZJ,handheld,手持静止（左手）,recording,0.270781,5.818194,7.941263,0.013807,-0.002849,0.001060
1306201320.000,YZJ,handheld,手持静止（左手）,recording,0.274210,5.793411,7.880894,0.018662,-0.001838,0.005752
1306201330.000,YZJ,handheld,手持静止（左手）,recording,0.339718,5.803296,7.823937,0.016215,0.000128,0.007826
1306201340.000,YZJ,handheld,手持静止（左手）,recording,0.371379,5.821400,7.784192,0.009975,0.000722,0.008236
1306201350.000,YZJ,handheld,手持静止（左手）,recording,0.419778,5.814280,7.764863,-0.001927,-0.002831,0.007468
1306201360.000,YZJ,handheld,手持静止（左手）,recording,0.453219,5.808975,7.791670,-0.010980,-0.010982,0.006733
1306201370.000,YZJ,handheld,手持静止（左手）,recording,0.451180,5.825787,7.824261,-0.017137,-0.007771,0.005896
1306201380.000,YZJ,handheld,手持静止（左手）,recording,0.459705,5.812645,7.853380,-0.022187,0.002106,0.006937
1306201390.000,YZJ,handheld,手持静止（左手）,recording,0.456751,5.788784,7.925710,-0.017939,0.008339,0.002464
1306201400.000,YZJ,handheld,手持静止（左手）,recording,0.463060,5.774062,7.938902,-0.013906,0.006734,-0.004158
1306201410.000,YZJ,handheld,手持静止（左手）,recording,0.446363,5.784560,7.924135,-0.012707,-0.002901,-0.010336
1306201420.000,YZJ,handheld,手持静止（左手）,recording,0.398464,5.796002,7.915021,-0.012623,-0.010276,-0.014925
1306201430.000,YZJ,handheld,手持静止（左手）,recording,0.356057,5.828151,7.927311,-0.013109,-0.006396,-0.012552
1306201440.000,YZJ,handheld,手持静止（左手）,recording,0.310287,5.833928,7.961614,-0.008759,0.003848,-0.005962
1306201450.000,YZJ,handheld,手持静止（左手）,recording,0.297533,5.819859,8.010333,0.000172,0.013732,0.000527
1306201460.000,YZJ,handheld,手持静止（左手）,recording,0.289628,5.797245,8.004693,0.009617,0.011183,0.006017
1306201470.000,YZJ,handheld,手持静止（左手）,recording,0.316103,5.776222,7.952045,0.014116,0.001421,0.010485
1306201480.000,YZJ,handheld,手持静止（左手）,recording,0.399416,5.770511,7.896580,0.013593,-0.005428,0.010331
1306201490.000,YZJ,handheld,手持静止（左手）,recording,0.483988,5.792858,7.843711,0.009438,-0.008304,0.002580
1306201500.000,YZJ,handheld,手持静止（左手）,recording,0.514007,5.808273,7.800825,0.002725,-0.006833,-0.008102
1306201510.000,YZJ,handheld,手持静止（左手）,recording,0.491610,5.836128,7.787235,-0.005265,-0.001292,-0.014750
1306201520.000,YZJ,handheld,手持静止（左手）,recording,0.458653,5.848139,7.821222,-0.012090,-0.001568,-0.020157
1306201530.000,YZJ,handheld,手持静止（左手）,recording,0.385994,5.854569,7.867124,-0.014254,-0.004648,-0.021175
1306201540.000,YZJ,handheld,手持静止（左手）,recording,0.324381,5.842711,7.894790,-0.014019,-0.005296,-0.015238
1306201550.000,YZJ,handheld,手持静止（左手）,recording,0.306345,5.829107,7.894621,-0.010657,0.001094,-0.006642
1306201560.000,YZJ,handheld,手持静止（左手）,recording,0.304173,5.810387,7.924145,-0.006457,0.006873,0.000806
1306201570.000,YZJ,handheld,手持静止（左手）,recording,0.312929,5.797888,7.906994,-0.005287,0.009892,0.005219
1306201580.000,YZJ,handheld,手持静止（左手）,recording,0.357445,5.768186,7.931242,-0.004312,0.004783,0.002833
1306201590.000,YZJ,handheld,手持静止（左手）,recording,0.421028,5.784400,7.934387,-0.004058,-0.000578,-0.002689
1306201600.000,YZJ,handheld,手持静止（左手）,recording,0.429472,5.778351,7.934434,-0.003800,-0.005134,-0.008722
1306201610.000,YZJ,handheld,手持静止（左手）,recording,0.383155,5.785858,7.946360,0.001875,-0.005709,-0.011326
1306201620.000,YZJ,handheld,手持静止（左手）,recording,0.364788,5.794959,7.939363,0.006000,-0.004731,-0.008039
1306201630.000,YZJ,handheld,手持静止（左手）,recording,0.347330,5.798429,7.892402,0.009438,0.000012,-0.005000
1306201640.000,YZJ,handheld,手持静止（左手）,recording,0.331650,5.788389,7.875037,0.007988,0.003564,-0.000911
1306201650.000,YZJ,handheld,手持静止（左手）,recording,0.330607,5.813697,7.874782,0.005461,0.002312,0.003551
1306201660.000,YZJ,handheld,手持静止（左手）,recording,0.361792,5.800596,7.893838,0.002927,0.001536,0.006712
1306201670.000,YZJ,handheld,手持静止（左手）,recording,0.377346,5.780262,7.896327,-0.000540,0.000879,0.004185
1306201680.000,YZJ,handheld,手持静止（左手）,recording,0.407319,5.776691,7.901588,-0.004391,-0.005072,-0.001397
1306201690.000,YZJ,handheld,手持静止（左手）,recording,0.377737,5.779539,7.915423,-0.003305,-0.009822,-0.004677
1306201700.000,YZJ,handheld,手持静止（左手）,recording,0.365787,5.766693,7.918582,0.000507,-0.004875,-0.001782
1306201710.000,YZJ,handheld,手持静止（左手）,recording,0.372337,5.792390,7.936447,0.005336,0.000434,0.002206
1306201720.000,YZJ,handheld,手持静止（左手）,recording,0.381955,5.790032,7.907695,0.008801,0.005008,0.004710
1306201730.000,YZJ,handheld,手持静止（左手）,recording,0.414910,5.790510,7.879525,0.007720,0.005452,0.002260
1306201740.000,YZJ,handheld,手持静止（左手）,recording,0.431087,5.787805,7.847446,0.001252,-0.002017,0.000083
1306201750.000,YZJ,handheld,手持静止（左手）,recording,0.439895,5.774498,7.826126,-0.008000,-0.005354,-0.004410
1306201760.000,YZJ,handheld,手持静止（左手）,recording,0.459849,5.782398,7.847634,-0.012638,-0.007702,-0.011131
1306201770.000,YZJ,handheld,手持静止（左手）,recording,0.433342,5.790359,7.865621,-0.015250,-0.004043,-0.012599
1306201780.000,YZJ,handheld,手持静止（左手）,recording,0.369474,5.774059,7.887844,-0.011658,0.005084,-0.011073
1306201790.000,YZJ,handheld,手持静止（左手）,recording,0.337548,5.781777,7.922118,-0.005441,0.009452,-0.007387
1306201800.000,YZJ,handheld,手持静止（左手）,recording,0.358214,5.777539,7.933571,0.001662,0.008459,-0.005558
1306201810.000,YZJ,handheld,手持静止（左手）,recording,0.340968,5.794502,7.917716,0.003122,0.006759,-0.003659
1306201820.000,YZJ,handheld,手持静止（左手）,recording,0.365188,5.797636,7.906361,0.003719,0.003023,-0.003008
1306201830.000,YZJ,handheld,手持静止（左手）,recording,0.364354,5.849125,7.885770,-0.000553,0.003163,-0.004263
1306201840.000,YZJ,handheld,手持静止（左手）,recording,0.344484,5.857650,7.868893,-0.006660,0.002594,-0.004722
1306201850.000,YZJ,handheld,手持静止（左手）,recording,0.314020,5.836889,7.885243,-0.009610,0.001891,-0.002444
1306201860.000,YZJ,handheld,手持静止（左手）,recording,0.314949,5.828136,7.914554,-0.008175,0.001202,0.001483
1306201870.000,YZJ,handheld,手持静止（左手）,recording,0.348679,5.822944,7.963537,-0.004144,0.002119,-0.001411
1306201880.000,YZJ,handheld,手持静止（左手）,recording,0.343328,5.811533,7.956197,-0.000861,0.000276,-0.001741
1306201890.000,YZJ,handheld,手持静止（左手）,recording,0.340270,5.796416,7.925218,0.002922,-0.002927,0.003488
1306201900.000,YZJ,handheld,手持静止（左手）,recording,0.347479,5.798798,7.929235,0.004119,-0.004761,0.008644
1306201910.000,YZJ,handheld,手持静止（左手）,recording,0.400987,5.796651,7.900104,0.003743,-0.004987,0.007825
1306201920.000,YZJ,handheld,手持静止（左手）,recording,0.452988,5.785689,7.909719,0.004537,-0.004469,0.002445
1306201930.000,YZJ,handheld,手持静止（左手）,recording,0.469164,5.779847,7.933990,0.004621,-0.000711,-0.005211
1306201940.000,YZJ,handheld,手持静止（左手）,recording,0.425880,5.789631,7.917953,0.003074,-0.002410,-0.010577
1306201950.000,YZJ,handheld,手持静止（左手）,recording,0.352425,5.773473,7.865486,-0.001572,-0.009272,-0.007027
1306201960.000,YZJ,handheld,手持静止（左手）,recording,0.340010,5.747528,7.865825,-0.007103,-0.011757,0.000020
1306201970.000,YZJ,handheld,手持静止（左手）,recording,0.431577,5.749396,7.926329,-0.004955,-0.007593,0.000225
1306201980.000,YZJ,handheld,手持静止（左手）,recording,0.527130,5.754936,7.984513,0.006737,0.003496,-0.011895
1306201990.000,YZJ,handheld,手持静止（左手）,recording,0.500244,5.764542,7.992130,0.018768,0.015636,-0.024615
1306202000.000,YZJ,handheld,手持静止（左手）,recording,0.342390,5.777196,7.928153,0.024086,0.013699,-0.028316
1306202010.000,YZJ,handheld,手持静止（左手）,recording,0.245102,5.810516,7.883283,0.020960,-0.000396,-0.022339
1306202020.000,YZJ,handheld,手持静止（左手）,recording,0.193343,5.833253,7.863756,0.014401,-0.011451,-0.009733
1306202030.000,YZJ,handheld,手持静止（左手）,recording,0.227330,5.836923,7.828638,0.007960,-0.016775,0.000945
1306202040.000,YZJ,handheld,手持静止（左手）,recording,0.256751,5.844033,7.816781,0.001570,-0.005135,0.009805
1306202050.000,YZJ,handheld,手持静止（左手）,recording,0.324886,5.807991,7.825686,-0.003697,0.008654,0.013712
1306202060.000,YZJ,handheld,手持静止（左手）,recording,0.348294,5.801421,7.869680,-0.004825,0.013264,0.015122
1306202070.000,YZJ,handheld,手持静止（左手）,recording,0.335684,5.792568,7.874935,-0.004844,0.010313,0.014209
1306202080.000,YZJ,handheld,手持静止（左手）,recording,0.336333,5.819006,7.879198,-0.006650,-0.003669,0.016406
1306202090.000,YZJ,handheld,手持静止（左手）,recording,0.344677,5.820660,7.869779,-0.009270,-0.018116,0.018793
1306202100.000,YZJ,handheld,手持静止（左手）,recording,0.370870,5.844256,7.847145,-0.014652,-0.016394,0.020022
1306202110.000,YZJ,handheld,手持静止（左手）,recording,0.398560,5.833826,7.866351,-0.016090,-0.006723,0.019868
1306202120.000,YZJ,handheld,手持静止（左手）,recording,0.399142,5.801584,7.906534,-0.016123,0.001206,0.015339
1306202130.000,YZJ,handheld,手持静止（左手）,recording,0.366235,5.756864,7.957185,-0.011371,0.000071,0.013698
1306202140.000,YZJ,handheld,手持静止（左手）,recording,0.338854,5.720732,7.961008,-0.006323,-0.007850,0.012824
1306202150.000,YZJ,handheld,手持静止（左手）,recording,0.377813,5.736573,7.961985,-0.000899,-0.013521,0.010650
1306202160.000,YZJ,handheld,手持静止（左手）,recording,0.407425,5.722017,7.929973,0.004073,-0.011601,0.007991
1306202170.000,YZJ,handheld,手持静止（左手）,recording,0.435294,5.733529,7.894820,0.005611,-0.002675,0.003912
1306202180.000,YZJ,handheld,手持静止（左手）,recording,0.456114,5.740784,7.901458,0.008958,-0.000978,-0.000623
1306202190.000,YZJ,handheld,手持静止（左手）,recording,0.452611,5.766036,7.866703,0.007219,-0.003445,0.000268
1306202200.000,YZJ,handheld,手持静止（左手）,recording,0.468605,5.761236,7.845541,0.002832,-0.007631,0.001043
1306202210.000,YZJ,handheld,手持静止（左手）,recording,0.489069,5.788641,7.847893,-0.003398,-0.002191,-0.001874
1306202220.000,YZJ,handheld,手持静止（左手）,recording,0.510939,5.812943,7.874215,-0.006630,0.002929,-0.009413
1306202230.000,YZJ,handheld,手持静止（左手）,recording,0.467811,5.784341,7.896271,-0.007540,0.005236,-0.013558
1306202240.000,YZJ,handheld,手持静止（左手）,recording,0.423323,5.777132,7.907146,-0.005972,0.003152,-0.013411
1306202250.000,YZJ,handheld,手持静止（左手）,recording,0.396068,5.779188,7.949096,-0.000987,0.005760,-0.013799
1306202260.000,YZJ,handheld,手持静止（左手）,recording,0.375018,5.817962,7.940785,0.003661,0.009855,-0.017662
1306202270.000,YZJ,handheld,手持静止（左手）,recording,0.344580,5.837898,7.937003,0.007574,0.004648,-0.017416
1306202280.000,YZJ,handheld,手持静止（左手）,recording,0.270970,5.828008,7.908501,0.008186,0.000791,-0.011572
1306202290.000,YZJ,handheld,手持静止（左手）,recording,0.285905,5.826712,7.875684,0.006081,0.000537,-0.005958
1306202300.000,YZJ,handheld,手持静止（左手）,recording,0.296599,5.848941,7.876931,0.002324,0.005993,-0.002663
1306202310.000,YZJ,handheld,手持静止（左手）,recording,0.281373,5.819607,7.841008,-0.003016,0.006059,0.000167
1306202320.000,YZJ,handheld,手持静止（左手）,recording,0.284323,5.783848,7.849080,-0.006558,-0.000713,0.006541
1306202330.000,YZJ,handheld,手持静止（左手）,recording,0.334473,5.752083,7.804393,-0.011761,-0.010247,0.009790
1306202340.000,YZJ,handheld,手持静止（左手）,recording,0.420167,5.770100,7.842239,-0.015855,-0.017309,0.006339
1306202350.000,YZJ,handheld,手持静止（左手）,recording,0.452354,5.779228,7.873142,-0.018015,-0.012452,0.000073
1306202360.000,YZJ,handheld,手持静止（左手）,recording,0.455068,5.794809,7.907063,-0.019070,-0.005326,-0.003194
1306202370.000,YZJ,handheld,手持静止（左手）,recording,0.418670,5.812640,7.963126,-0.014590,0.000948,-0.004100
1306202380.000,YZJ,handheld,手持静止（左手）,recording,0.407884,5.828396,8.022178,-0.006109,0.007680,-0.003926
1306202390.000,YZJ,handheld,手持静止（左手）,recording,0.350126,5.824239,8.045022,0.005175,0.008510,-0.002147
1306202400.000,YZJ,handheld,手持静止（左手）,recording,0.328941,5.818463,8.001748,0.014050,0.010710,0.001466
1306202410.000,YZJ,handheld,手持静止（左手）,recording,0.337924,5.804791,7.960499,0.016989,0.009325,0.004040
1306202420.000,YZJ,handheld,手持静止（左手）,recording,0.378535,5.781466,7.905335,0.017900,0.003688,0.002403
1306202430.000,YZJ,handheld,手持静止（左手）,recording,0.382939,5.772196,7.855803,0.013986,-0.000403,-0.003029
1306202440.000,YZJ,handheld,手持静止（左手）,recording,0.402214,5.773250,7.822470,0.004700,-0.003058,-0.005986
1306202450.000,YZJ,handheld,手持静止（左手）,recording,0.394946,5.776190,7.803525,-0.003218,-0.008665,-0.008100
1306202460.000,YZJ,handheld,手持静止（左手）,recording,0.387368,5.779393,7.822716,-0.007175,-0.010174,-0.010020
1306202470.000,YZJ,handheld,手持静止（左手）,recording,0.370567,5.797555,7.834695,-0.010373,-0.005555,-0.008930
1306202480.000,YZJ,handheld,手持静止（左手）,recording,0.325805,5.822516,7.862485,-0.007530,0.005230,-0.004821
1306202490.000,YZJ,handheld,手持静止（左手）,recording,0.281145,5.830049,7.889008,-0.006046,0.014795,0.004243
1306202500.000,YZJ,handheld,手持静止（左手）,recording,0.250025,5.831515,7.910523,-0.004107,0.011354,0.014013
1306202510.000,YZJ,handheld,手持静止（左手）,recording,0.268241,5.817706,7.931366,-0.003163,0.005217,0.019941
1306202520.000,YZJ,handheld,手持静止（左手）,recording,0.319278,5.818632,7.933748,-0.006596,-0.005695,0.023230
1306202530.000,YZJ,handheld,手持静止（左手）,recording,0.387640,5.782681,7.936726,-0.010519,-0.014868,0.020482
1306202540.000,YZJ,handheld,手持静止（左手）,recording,0.418328,5.763567,7.947704,-0.011865,-0.014234,0.015694
1306202550.000,YZJ,handheld,手持静止（左手）,recording,0.483860,5.718043,7.952760,-0.006966,-0.012138,0.010207
1306202560.000,YZJ,handheld,手持静止（左手）,recording,0.512819,5.697347,7.947570,-0.001754,-0.005088,0.002735
1306202570.000,YZJ,handheld,手持静止（左手）,recording,0.518512,5.681537,7.935360,0.005640,0.001943,-0.005001
1306202580.000,YZJ,handheld,手持静止（左手）,recording,0.506060,5.695701,7.876507,0.004653,0.003690,-0.014091
1306202590.000,YZJ,handheld,手持静止（左手）,recording,0.473136,5.744670,7.862254,0.001128,0.003721,-0.021384
1306202600.000,YZJ,handheld,手持静止（左手）,recording,0.450723,5.755339,7.856365,-0.004615,0.002744,-0.023342
1306202610.000,YZJ,handheld,手持静止（左手）,recording,0.407277,5.779102,7.862303,-0.008200,0.001749,-0.021059
1306202620.000,YZJ,handheld,手持静止（左手）,recording,0.398536,5.810240,7.887411,-0.010815,0.005005,-0.019815
1306202630.000,YZJ,handheld,手持静止（左手）,recording,0.336576,5.819449,7.950342,-0.007149,0.008055,-0.015205
1306202640.000,YZJ,handheld,手持静止（左手）,recording,0.293971,5.818967,8.008403,0.001793,0.007339,-0.007881
1306202650.000,YZJ,handheld,手持静止（左手）,recording,0.282025,5.794388,8.013727,0.011942,0.005277,-0.001934
1306202660.000,YZJ,handheld,手持静止（左手）,recording,0.271936,5.812692,8.006781,0.021628,0.003470,0.001883
1306202670.000,YZJ,handheld,手持静止（左手）,recording,0.320003,5.832401,7.976630,0.023588,0.000788,0.001312
1306202680.000,YZJ,handheld,手持静止（左手）,recording,0.311548,5.824779,7.913649,0.020603,-0.002754,-0.000061
1306202690.000,YZJ,handheld,手持静止（左手）,recording,0.339868,5.791140,7.850432,0.012582,-0.008194,-0.001238
1306202700.000,YZJ,handheld,手持静止（左手）,recording,0.384571,5.809407,7.838731,0.007395,-0.008126,-0.002269
1306202710.000,YZJ,handheld,手持静止（左手）,recording,0.385663,5.814974,7.828382,0.003698,-0.003307,-0.002402
1306202720.000,YZJ,handheld,手持静止（左手）,recording,0.321642,5.794378,7.835295,0.000874,0.000676,-0.000931
1306202730.000,YZJ,handheld,手持静止（左手）,recording,0.324502,5.791577,7.837485,-0.002966,0.001742,0.002596
1306202740.000,YZJ,handheld,手持静止（左手）,recording,0.361461,5.782001,7.880341,-0.004542,0.004064,0.003731
1306202750.000,YZJ,handheld,手持静止（左手）,recording,0.383186,5.764414,7.927182,-0.000144,0.000992,0.001663
1306202760.000,YZJ,handheld,手持静止（左手）,recording,0.406209,5.745554,7.927802,0.003098,-0.002260,0.000600
1306202770.000,YZJ,handheld,手持静止（左手）,recording,0.402184,5.761646,7.891581,0.002580,-0.004567,-0.000020
1306202780.000,YZJ,handheld,手持静止（左手）,recording,0.419571,5.771180,7.885856,0.001867,-0.000908,-0.001695
1306202790.000,YZJ,handheld,手持静止（左手）,recording,0.443636,5.783868,7.881850,-0.000144,0.001912,-0.009519
1306202800.000,YZJ,handheld,手持静止（左手）,recording,0.438958,5.811946,7.899265,-0.000918,-0.002079,-0.017534
1306202810.000,YZJ,handheld,手持静止（左手）,recording,0.358523,5.846343,7.849124,-0.006011,-0.005359,-0.017360
1306202820.000,YZJ,handheld,手持静止（左手）,recording,0.282295,5.830994,7.821024,-0.013619,-0.009907,-0.010077
1306202830.000,YZJ,handheld,手持静止（左手）,recording,0.249798,5.816225,7.867324,-0.019667,-0.010548,-0.001319
1306202840.000,YZJ,handheld,手持静止（左手）,recording,0.309080,5.815369,7.942231,-0.015950,-0.001983,0.004124
1306202850.000,YZJ,handheld,手持静止（左手）,recording,0.376514,5.801219,8.023034,-0.004128,0.004043,0.000352
1306202860.000,YZJ,handheld,手持静止（左手）,recording,0.376002,5.812039,8.050994,0.010577,0.005845,-0.006065
1306202870.000,YZJ,handheld,手持静止（左手）,recording,0.286247,5.843759,7.996293,0.021628,-0.002052,-0.005992
1306202880.000,YZJ,handheld,手持静止（左手）,recording,0.213482,5.859163,7.924369,0.020124,-0.015419,0.007813
1306202890.000,YZJ,handheld,手持静止（左手）,recording,0.197822,5.857962,7.841687,0.012906,-0.020151,0.026241
1306202900.000,YZJ,handheld,手持静止（左手）,recording,0.302688,5.819963,7.794390,0.002521,-0.014390,0.038213
1306202910.000,YZJ,handheld,手持静止（左手）,recording,0.447518,5.760511,7.778215,-0.007551,-0.001391,0.035183
1306202920.000,YZJ,handheld,手持静止（左手）,recording,0.529038,5.706236,7.792941,-0.016602,0.005251,0.022814
1306202930.000,YZJ,handheld,手持静止（左手）,recording,0.546424,5.650076,7.826792,-0.024524,0.000542,0.007172
1306202940.000,YZJ,handheld,手持静止（左手）,recording,0.538077,5.661115,7.889607,-0.025108,-0.013159,-0.006366
1306202950.000,YZJ,handheld,手持静止（左手）,recording,0.494088,5.704192,7.937096,-0.020558,-0.022320,-0.016763
1306202960.000,YZJ,handheld,手持静止（左手）,recording,0.434951,5.738550,7.962293,-0.014142,-0.020881,-0.016572
1306202970.000,YZJ,handheld,手持静止（左手）,recording,0.364584,5.781029,7.972689,-0.007029,-0.011100,-0.009209
1306202980.000,YZJ,handheld,手持静止（左手）,recording,0.368078,5.790768,7.994302,0.001562,0.001833,-0.002705
1306202990.000,YZJ,handheld,手持静止（左手）,recording,0.390681,5.804090,8.013015,0.010744,0.010416,-0.001115
1306203000.000,YZJ,handheld,手持静止（左手）,recording,0.374920,5.788426,8.011288,0.021894,0.012152,-0.000841
1306203010.000,YZJ,handheld,手持静止（左手）,recording,0.347664,5.775954,7.965126,0.029105,0.011785,-0.000462
1306203020.000,YZJ,handheld,手持静止（左手）,recording,0.346424,5.776232,7.916950,0.031824,0.010776,0.000478
1306203030.000,YZJ,handheld,手持静止（左手）,recording,0.357044,5.775838,7.853699,0.028838,0.005206,-0.001575
1306203040.000,YZJ,handheld,手持静止（左手）,recording,0.354508,5.767912,7.780973,0.019035,-0.000406,-0.002769
1306203050.000,YZJ,handheld,手持静止（左手）,recording,0.392238,5.807118,7.761036,0.004150,-0.006277,-0.004492
1306203060.000,YZJ,handheld,手持静止（左手）,recording,0.423728,5.812758,7.776845,-0.004511,-0.007834,-0.008199
1306203070.000,YZJ,handheld,手持静止（左手）,recording,0.429331,5.830481,7.796334,-0.010435,-0.003641,-0.008822
1306203080.000,YZJ,handheld,手持静止（左手）,recording,0.394997,5.821785,7.825141,-0.014232,0.001481,-0.006570
1306203090.000,YZJ,handheld,手持静止（左手）,recording,0.385301,5.815344,7.833533,-0.017155,0.004337,-0.005343
1306203100.000,YZJ,handheld,手持静止（左手）,recording,0.369377,5.797816,7.880902,-0.019830,0.006954,-0.003894
1306203110.000,YZJ,handheld,手持静止（左手）,recording,0.363727,5.774385,7.951030,-0.017050,0.012351,-0.005549
1306203120.000,YZJ,handheld,手持静止（左手）,recording,0.333242,5.758625,8.050380,-0.006795,0.010757,-0.008039
1306203130.000,YZJ,handheld,手持静止（左手）,recording,0.303052,5.777836,8.114925,0.009618,0.003748,-0.007304
1306203140.000,YZJ,handheld,手持静止（左手）,recording,0.284093,5.768377,8.058740,0.023986,0.000215,-0.001973
1306203150.000,YZJ,handheld,手持静止（左手）,recording,0.284346,5.795800,7.961103,0.027944,0.002139,0.003512
1306203160.000,YZJ,handheld,手持静止（左手）,recording,0.340989,5.820796,7.884660,0.023728,0.005138,0.004639
1306203170.000,YZJ,handheld,手持静止（左手）,recording,0.344204,5.811971,7.794702,0.009446,0.003638,0.004273
1306203180.000,YZJ,handheld,手持静止（左手）,recording,0.353775,5.804442,7.761601,-0.002422,-0.007281,0.005277
1306203190.000,YZJ,handheld,手持静止（左手）,recording,0.394174,5.780864,7.752151,-0.011592,-0.020054,0.005786
1306203200.000,YZJ,handheld,手持静止（左手）,recording,0.418174,5.767569,7.781485,-0.016405,-0.018674,0.003733
1306203210.000,YZJ,handheld,手持静止（左手）,recording,0.442244,5.797515,7.837128,-0.014124,-0.008123,0.000395
1306203220.000,YZJ,handheld,手持静止（左手）,recording,0.421715,5.800345,7.848559,-0.011613,0.005433,0.000035
1306203230.000,YZJ,handheld,手持静止（左手）,recording,0.386457,5.812195,7.868877,-0.011399,0.015484,0.000106
1306203240.000,YZJ,handheld,手持静止（左手）,recording,0.411621,5.831438,7.889610,-0.013810,0.011410,-0.001755
1306203250.000,YZJ,handheld,手持静止（左手）,recording,0.382506,5.828362,7.942981,-0.015652,0.003959,-0.004375
1306203260.000,YZJ,handheld,手持静止（左手）,recording,0.356879,5.805909,7.984940,-0.015579,-0.000472,-0.006739
1306203270.000,YZJ,handheld,手持静止（左手）,recording,0.333476,5.796649,8.024754,-0.010382,-0.004623,-0.007764
1306203280.000,YZJ,handheld,手持静止（左手）,recording,0.318277,5.782325,8.044180,-0.001207,-0.006402,-0.003899
1306203290.000,YZJ,handheld,手持静止（左手）,recording,0.300717,5.767997,8.023912,0.006255,-0.003323,0.000622
1306203300.000,YZJ,handheld,手持静止（左手）,recording,0.354412,5.754488,7.985903,0.014619,-0.004727,0.000480
1306203310.000,YZJ,handheld,手持静止（左手）,recording,0.421413,5.761253,7.922082,0.018499,-0.004680,-0.001910
1306203320.000,YZJ,handheld,手持静止（左手）,recording,0.415221,5.772037,7.841568,0.014969,0.000516,-0.004235
1306203330.000,YZJ,handheld,手持静止（左手）,recording,0.379141,5.805693,7.802314,0.009565,-0.000458,-0.003654
1306203340.000,YZJ,handheld,手持静止（左手）,recording,0.339513,5.808751,7.791484,-0.000477,-0.001316,0.000987
1306203350.000,YZJ,handheld,手持静止（左手）,recording,0.325796,5.805373,7.819623,-0.006672,-0.001293,0.006567
1306203360.000,YZJ,handheld,手持静止（左手）,recording,0.346751,5.794253,7.879783,-0.005923,0.000661,0.007204
1306203370.000,YZJ,handheld,手持静止（左手）,recording,0.374793,5.787747,7.917466,-0.002678,0.003596,0.006006
1306203380.000,YZJ,handheld,手持静止（左手）,recording,0.368436,5.781156,7.922675,-0.000237,0.001578,0.004262
1306203390.000,YZJ,handheld,手持静止（左手）,recording,0.380554,5.762010,7.909119,-0.000712,0.001078,0.000816
1306203400.000,YZJ,handheld,手持静止（左手）,recording,0.383407,5.784173,7.919425,-0.003291,-0.001058,-0.001965
1306203410.000,YZJ,handheld,手持静止（左手）,recording,0.352435,5.773408,7.913968,-0.006652,-0.004246,-0.002385
1306203420.000,YZJ,handheld,手持静止（左手）,recording,0.358440,5.768042,7.918530,-0.007464,-0.007322,-0.000668
1306203430.000,YZJ,handheld,手持静止（左手）,recording,0.388156,5.763521,7.944449,-0.006056,-0.007988,0.000000
1306203440.000,YZJ,handheld,手持静止（左手）,recording,0.418501,5.772044,7.931972,-0.001405,-0.005140,-0.002155
1306203450.000,YZJ,handheld,手持静止（左手）,recording,0.413641,5.777120,7.934132,0.002779,-0.002727,-0.002199
1306203460.000,YZJ,handheld,手持静止（左手）,recording,0.405146,5.768402,7.858070,0.001510,0.000324,-0.000478
1306203470.000,YZJ,handheld,手持静止（左手）,recording,0.414519,5.774613,7.858578,-0.000349,0.006191,0.001850
1306203480.000,YZJ,handheld,手持静止（左手）,recording,0.408006,5.767365,7.886207,-0.001656,0.009589,0.000021
1306203490.000,YZJ,handheld,手持静止（左手）,recording,0.375225,5.769929,7.909009,-0.002991,0.006734,-0.002477
1306203500.000,YZJ,handheld,手持静止（左手）,recording,0.365657,5.753713,7.937142,-0.003116,0.002599,-0.003894
1306203510.000,YZJ,handheld,手持静止（左手）,recording,0.376364,5.755161,7.953474,0.001157,0.000840,-0.006825
1306203520.000,YZJ,handheld,手持静止（左手）,recording,0.368158,5.778625,7.970028,0.006215,-0.000171,-0.008963
1306203530.000,YZJ,handheld,手持静止（左手）,recording,0.342521,5.791999,7.946078,0.011786,0.001750,-0.006726
1306203540.000,YZJ,handheld,手持静止（左手）,recording,0.338334,5.807782,7.920976,0.015239,0.005397,-0.003860
1306203550.000,YZJ,handheld,手持静止（左手）,recording,0.324509,5.813941,7.891080,0.016385,0.005186,-0.001093
1306203560.000,YZJ,handheld,手持静止（左手）,recording,0.306903,5.838224,7.861694,0.013712,0.004229,0.002802
1306203570.000,YZJ,handheld,手持静止（左手）,recording,0.328819,5.851582,7.867879,0.010141,0.002772,0.004716
1306203580.000,YZJ,handheld,手持静止（左手）,recording,0.325271,5.842702,7.862426,0.004561,-0.001429,0.006092
1306203590.000,YZJ,handheld,手持静止（左手）,recording,0.341057,5.808194,7.874552,-0.000422,-0.001503,0.007596
1306203600.000,YZJ,handheld,手持静止（左手）,recording,0.379234,5.795760,7.913399,-0.001517,-0.000406,0.006800
1306203610.000,YZJ,handheld,手持静止（左手）,recording,0.420095,5.769105,7.905688,-0.000161,-0.003101,0.003169
1306203620.000,YZJ,handheld,手持静止（左手）,recording,0.413999,5.734620,7.905620,0.000732,-0.005451,-0.001460
1306203630.000,YZJ,handheld,手持静止（左手）,recording,0.409400,5.753861,7.897525,0.000943,-0.001950,-0.002563
1306203640.000,YZJ,handheld,手持静止（左手）,recording,0.386966,5.763989,7.872942,0.001323,-0.000775,-0.002438
1306203650.000,YZJ,handheld,手持静止（左手）,recording,0.383415,5.776984,7.864239,0.000941,0.001028,-0.002008
1306203660.000,YZJ,handheld,手持静止（左手）,recording,0.380237,5.787242,7.879352,0.002471,0.003727,-0.002064
1306203670.000,YZJ,handheld,手持静止（左手）,recording,0.386194,5.803479,7.878734,0.003769,0.004159,-0.004171
1306203680.000,YZJ,handheld,手持静止（左手）,recording,0.399312,5.817175,7.895269,0.002576,0.003534,-0.007734
1306203690.000,YZJ,handheld,手持静止（左手）,recording,0.360065,5.815384,7.867383,-0.000540,0.002183,-0.008829
1306203700.000,YZJ,handheld,手持静止（左手）,recording,0.300048,5.799893,7.845303,-0.007795,0.000677,-0.003715
1306203710.000,YZJ,handheld,手持静止（左手）,recording,0.272180,5.773997,7.885282,-0.012385,-0.005546,0.006202
1306203720.000,YZJ,handheld,手持静止（左手）,recording,0.349017,5.773281,7.945051,-0.007575,-0.004376,0.007452
1306203730.000,YZJ,handheld,手持静止（左手）,recording,0.440764,5.770909,8.016556,0.002510,0.002493,-0.003412
1306203740.000,YZJ,handheld,手持静止（左手）,recording,0.431336,5.803920,7.980089,0.014661,0.004178,-0.014854
1306203750.000,YZJ,handheld,手持静止（左手）,recording,0.360004,5.849174,7.916048,0.016937,-0.001090,-0.017195
1306203760.000,YZJ,handheld,手持静止（左手）,recording,0.251932,5.842644,7.843147,0.008685,-0.010987,-0.006881
1306203770.000,YZJ,handheld,手持静止（左手）,recording,0.241407,5.829388,7.776861,-0.002248,-0.011246,0.006350
1306203780.000,YZJ,handheld,手持静止（左手）,recording,0.328724,5.805453,7.786008,-0.013328,-0.005848,0.015887
1306203790.000,YZJ,handheld,手持静止（左手）,recording,0.372956,5.756948,7.830776,-0.018919,0.002042,0.018751
1306203800.000,YZJ,handheld,手持静止（左手）,recording,0.426080,5.740661,7.889165,-0.018785,0.003310,0.015103
1306203810.000,YZJ,handheld,手持静止（左手）,recording,0.471671,5.711079,7.941801,-0.012966,0.000884,0.008073
1306203820.000,YZJ,handheld,手持静止（左手）,recording,0.468569,5.729538,7.960234,-0.008575,-0.003208,-0.001015
1306203830.000,YZJ,handheld,手持静止（左手）,recording,0.423468,5.772558,7.964587,-0.004734,-0.009875,-0.005197
1306203840.000,YZJ,handheld,手持静止（左手）,recording,0.411853,5.788066,7.956899,-0.003641,-0.010620,-0.005631
1306203850.000,YZJ,handheld,手持静止（左手）,recording,0.406367,5.781495,7.954497,0.003077,-0.000045,-0.003093
1306203860.000,YZJ,handheld,手持静止（左手）,recording,0.399424,5.778681,7.979430,0.008289,0.012382,-0.002932
1306203870.000,YZJ,handheld,手持静止（左手）,recording,0.379246,5.777986,7.983484,0.017387,0.015005,-0.004935
1306203880.000,YZJ,handheld,手持静止（左手）,recording,0.345127,5.757963,7.958179,0.022220,0.008132,-0.007518
1306203890.000,YZJ,handheld,手持静止（左手）,recording,0.312934,5.776985,7.905124,0.022050,0.001064,-0.009374
1306203900.000,YZJ,handheld,手持静止（左手）,recording,0.328724,5.784093,7.860558,0.019969,-0.005237,-0.010657
1306203910.000,YZJ,handheld,手持静止（左手）,recording,0.307507,5.786340,7.818195,0.014708,-0.005605,-0.009096
1306203920.000,YZJ,handheld,手持静止（左手）,recording,0.348953,5.785122,7.792323,0.008336,-0.002984,-0.005828
1306203930.000,YZJ,handheld,手持静止（左手）,recording,0.370440,5.832224,7.804008,0.002496,-0.001841,-0.004893
1306203940.000,YZJ,handheld,手持静止（左手）,recording,0.383353,5.822779,7.788939,-0.003827,-0.000803,-0.004108
1306203950.000,YZJ,handheld,手持静止（左手）,recording,0.397757,5.821051,7.794596,-0.011420,-0.001355,-0.003428
1306203960.000,YZJ,handheld,手持静止（左手）,recording,0.416593,5.805190,7.823243,-0.016828,-0.000406,-0.004760
1306203970.000,YZJ,handheld,手持静止（左手）,recording,0.369234,5.804117,7.871236,-0.020328,0.001553,-0.003297
1306203980.000,YZJ,handheld,手持静止（左手）,recording,0.313531,5.804398,7.935429,-0.018215,0.008652,-0.000649
1306203990.000,YZJ,handheld,手持静止（左手）,recording,0.305325,5.795083,7.973152,-0.012847,0.012425,0.002679
1306204000.000,YZJ,handheld,手持静止（左手）,recording,0.314041,5.798514,8.034891,-0.004737,0.005685,0.000105
1306204010.000,YZJ,handheld,手持静止（左手）,recording,0.333347,5.801500,8.029186,0.003730,-0.000085,-0.002069
1306204020.000,YZJ,handheld,手持静止（左手）,recording,0.320163,5.801756,8.002140,0.009909,-0.007204,-0.000841
1306204030.000,YZJ,handheld,手持静止（左手）,recording,0.324200,5.797975,7.926702,0.011050,-0.007232,0.002144
1306204040.000,YZJ,handheld,手持静止（左手）,recording,0.376591,5.796686,7.883688,0.008761,-0.000731,0.000835
1306204050.000,YZJ,handheld,手持静止（左手）,recording,0.389216,5.789623,7.842907,0.004502,0.000212,-0.001677
1306204060.000,YZJ,handheld,手持静止（左手）,recording,0.409574,5.755414,7.810027,-0.000108,-0.003114,-0.002386
1306204070.000,YZJ,handheld,手持静止（左手）,recording,0.393525,5.742520,7.799765,-0.005232,-0.009476,-0.002409
1306204080.000,YZJ,handheld,手持静止（左手）,recording,0.440490,5.738687,7.819516,-0.006913,-0.008267,-0.004123
1306204090.000,YZJ,handheld,手持静止（左手）,recording,0.453840,5.752048,7.840210,-0.007446,-0.001418,-0.009070
1306204100.000,YZJ,handheld,手持静止（左手）,recording,0.428555,5.800469,7.866771,-0.009973,0.006390,-0.015552
1306204110.000,YZJ,handheld,手持静止（左手）,recording,0.375240,5.847262,7.906750,-0.010713,0.005468,-0.017774
1306204120.000,YZJ,handheld,手持静止（左手）,recording,0.287876,5.834471,7.947627,-0.008371,0.002925,-0.014248
1306204130.000,YZJ,handheld,手持静止（左手）,recording,0.267992,5.856782,8.008899,-0.005988,0.001408,-0.010536
1306204140.000,YZJ,handheld,手持静止（左手）,recording,0.251681,5.859478,8.010045,0.001475,-0.001402,-0.004863
1306204150.000,YZJ,handheld,手持静止（左手）,recording,0.258362,5.834368,8.010442,0.008995,-0.003037,-0.001892
1306204160.000,YZJ,handheld,手持静止（左手）,recording,0.275126,5.810019,8.003144,0.016163,-0.000214,0.001713
1306204170.000,YZJ,handheld,手持静止（左手）,recording,0.283915,5.812686,7.956960,0.022252,-0.000366,0.005513
1306204180.000,YZJ,handheld,手持静止（左手）,recording,0.303178,5.790203,7.897370,0.025172,-0.001607,0.011030
1306204190.000,YZJ,handheld,手持静止（左手）,recording,0.334632,5.780453,7.841103,0.019930,-0.005174,0.012960
1306204200.000,YZJ,handheld,手持静止（左手）,recording,0.378534,5.780166,7.776902,0.009477,-0.008532,0.012545
1306204210.000,YZJ,handheld,手持静止（左手）,recording,0.411417,5.787186,7.793816,-0.000377,-0.013188,0.009405
1306204220.000,YZJ,handheld,手持静止（左手）,recording,0.443057,5.762139,7.788844,-0.006757,-0.011853,0.005740
1306204230.000,YZJ,handheld,手持静止（左手）,recording,0.450171,5.778663,7.815975,-0.009539,-0.003535,0.000670
1306204240.000,YZJ,handheld,手持静止（左手）,recording,0.431016,5.765807,7.873388,-0.009312,0.007066,-0.002756
1306204250.000,YZJ,handheld,手持静止（左手）,recording,0.357437,5.762287,7.904362,-0.005864,0.015072,-0.001838
1306204260.000,YZJ,handheld,手持静止（左手）,recording,0.331860,5.756713,7.939340,-0.002227,0.011794,-0.000142
1306204270.000,YZJ,handheld,手持静止（左手）,recording,0.322924,5.778498,7.911631,-0.002821,0.006473,0.000120
1306204280.000,YZJ,handheld,手持静止（左手）,recording,0.345653,5.807386,7.918281,-0.003043,-0.002361,-0.001342
1306204290.000,YZJ,handheld,手持静止（左手）,recording,0.356969,5.819760,7.898581,-0.005214,-0.011407,-0.001597
1306204300.000,YZJ,handheld,手持静止（左手）,recording,0.330449,5.814386,7.903439,-0.006030,-0.011627,0.000264
1306204310.000,YZJ,handheld,手持静止（左手）,recording,0.368469,5.818528,7.934192,-0.004760,-0.003794,0.002239
1306204320.000,YZJ,handheld,手持静止（左手）,recording,0.382032,5.801591,7.953483,-0.000979,0.000840,0.003184
1306204330.000,YZJ,handheld,手持静止（左手）,recording,0.420264,5.770786,7.938851,0.004547,0.001220,-0.000111
1306204340.000,YZJ,handheld,手持静止（左手）,recording,0.395845,5.761245,7.916931,0.007892,0.002012,-0.002002
1306204350.000,YZJ,handheld,手持静止（左手）,recording,0.382395,5.760694,7.883345,0.006229,0.000810,-0.000179
1306204360.000,YZJ,handheld,手持静止（左手）,recording,0.351987,5.771791,7.867846,0.003001,0.001813,0.002552
1306204370.000,YZJ,handheld,手持静止（左手）,recording,0.383491,5.784750,7.862508,-0.000852,0.001494,-0.000113
1306204380.000,YZJ,handheld,手持静止（左手）,recording,0.384078,5.796463,7.896052,-0.001820,0.000861,-0.004628
1306204390.000,YZJ,handheld,手持静止（左手）,recording,0.369517,5.788692,7.911928,-0.000532,0.000770,-0.006713
1306204400.000,YZJ,handheld,手持静止（左手）,recording,0.325171,5.779212,7.931577,0.005065,0.000525,-0.004057
1306204410.000,YZJ,handheld,手持静止（左手）,recording,0.307038,5.793218,7.935912,0.010136,0.000887,-0.000727
1306204420.000,YZJ,handheld,手持静止（左手）,recording,0.306154,5.815664,7.901331,0.013457,0.002204,0.003550
1306204430.000,YZJ,handheld,手持静止（左手）,recording,0.301622,5.834639,7.905433,0.012208,0.002783,0.006850
1306204440.000,YZJ,handheld,手持静止（左手）,recording,0.349907,5.832598,7.875750,0.008928,0.001421,0.007619
1306204450.000,YZJ,handheld,手持静止（左手）,recording,0.356514,5.838317,7.859757,0.003894,-0.001282,0.006330
1306204460.000,YZJ,handheld,手持静止（左手）,recording,0.386410,5.844227,7.825356,-0.004002,-0.003127,0.004814
1306204470.000,YZJ,handheld,手持静止（左手）,recording,0.395367,5.827674,7.835825,-0.007561,0.002030,0.003373
1306204480.000,YZJ,handheld,手持静止（左手）,recording,0.381411,5.826119,7.888239,-0.007560,0.002641,0.001647
1306204490.000,YZJ,handheld,手持静止（左手）,recording,0.346277,5.785748,7.895993,-0.007917,0.003145,0.002207
1306204500.000,YZJ,handheld,手持静止（左手）,recording,0.323277,5.763508,7.910474,-0.005773,-0.000991,0.005346
1306204510.000,YZJ,handheld,手持静止（左手）,recording,0.357262,5.760774,7.929990,-0.004895,-0.004735,0.006104
1306204520.000,YZJ,handheld,手持静止（左手）,recording,0.414918,5.746497,7.932740,-0.001347,-0.004965,0.003449
1306204530.000,YZJ,handheld,手持静止（左手）,recording,0.422758,5.768164,7.955537,0.002419,-0.001303,-0.001281
1306204540.000,YZJ,handheld,手持静止（左手）,recording,0.419557,5.753546,7.940908,0.008338,0.003865,-0.003750
1306204550.000,YZJ,handheld,手持静止（左手）,recording,0.378912,5.776767,7.926925,0.010411,0.004184,-0.004807
1306204560.000,YZJ,handheld,手持静止（左手）,recording,0.386646,5.763385,7.913797,0.013125,0.002653,-0.003993
1306204570.000,YZJ,handheld,手持静止（左手）,recording,0.393083,5.796772,7.919301,0.015003,0.000751,-0.006858
1306204580.000,YZJ,handheld,手持静止（左手）,recording,0.384555,5.829772,7.908299,0.014641,-0.000441,-0.012266
1306204590.000,YZJ,handheld,手持静止（左手）,recording,0.302980,5.840151,7.824590,0.006769,-0.000439,-0.009345
1306204600.000,YZJ,handheld,手持静止（左手）,recording,0.237678,5.822617,7.798096,-0.004719,-0.002658,0.002249
1306204610.000,YZJ,handheld,手持静止（左手）,recording,0.260550,5.785406,7.823138,-0.009764,-0.008822,0.012194
1306204620.000,YZJ,handheld,手持静止（左手）,recording,0.387332,5.746965,7.906072,-0.003797,-0.003017,0.012269
1306204630.000,YZJ,handheld,手持静止（左手）,recording,0.507887,5.746612,7.939350,0.005340,0.006083,-0.002520
1306204640.000,YZJ,handheld,手持静止（左手）,recording,0.521498,5.749953,7.915994,0.014269,0.008796,-0.021476
1306204650.000,YZJ,handheld,手持静止（左手）,recording,0.433771,5.761194,7.869705,0.011791,0.008029,-0.031254
1306204660.000,YZJ,handheld,手持静止（左手）,recording,0.341313,5.835779,7.843232,0.006462,-0.002198,-0.032936
1306204670.000,YZJ,handheld,手持静止（左手）,recording,0.281170,5.873681,7.832008,-0.002767,-0.011055,-0.023048
1306204680.000,YZJ,handheld,手持静止（左手）,recording,0.223133,5.845921,7.849863,-0.011758,-0.010895,-0.005488
1306204690.000,YZJ,handheld,手持静止（左手）,recording,0.266313,5.824424,7.886255,-0.014404,-0.001738,0.006899
1306204700.000,YZJ,handheld,手持静止（左手）,recording,0.352126,5.801445,7.978280,-0.012314,0.006552,0.008963
1306204710.000,YZJ,handheld,手持静止（左手）,recording,0.378029,5.762936,8.021003,-0.002352,0.003371,0.004695
1306204720.000,YZJ,handheld,手持静止（左手）,recording,0.391044,5.731683,8.029474,0.007163,-0.006655,-0.000779
1306204730.000,YZJ,handheld,手持静止（左手）,recording,0.362282,5.786418,7.994959,0.011975,-0.016636,-0.002784
1306204740.000,YZJ,handheld,手持静止（左手）,recording,0.350861,5.805850,7.948530,0.014572,-0.017159,-0.001167
1306204750.000,YZJ,handheld,手持静止（左手）,recording,0.342636,5.828912,7.907947,0.017467,-0.009917,0.002954
1306204760.000,YZJ,handheld,手持静止（左手）,recording,0.345305,5.835121,7.893303,0.021004,0.001638,0.007281
1306204770.000,YZJ,handheld,手持静止（左手）,recording,0.393626,5.809982,7.863075,0.021955,0.006184,0.004491
1306204780.000,YZJ,handheld,手持静止（左手）,recording,0.414839,5.790574,7.833383,0.020367,0.003496,-0.003326
1306204790.000,YZJ,handheld,手持静止（左手）,recording,0.420282,5.782037,7.771093,0.012982,-0.001535,-0.014725
1306204800.000,YZJ,handheld,手持静止（左手）,recording,0.391472,5.780933,7.748984,0.002480,-0.005355,-0.020481
1306204810.000,YZJ,handheld,手持静止（左手）,recording,0.345043,5.777708,7.742547,-0.005183,0.001805,-0.019874
1306204820.000,YZJ,handheld,手持静止（左手）,recording,0.325874,5.804110,7.763143,-0.007729,0.009683,-0.015520
1306204830.000,YZJ,handheld,手持静止（左手）,recording,0.309241,5.824430,7.802374,-0.011210,0.013872,-0.009651
1306204840.000,YZJ,handheld,手持静止（左手）,recording,0.303951,5.846952,7.826924,-0.019095,0.008834,-0.004884
1306204850.000,YZJ,handheld,手持静止（左手）,recording,0.317734,5.856975,7.846922,-0.026120,-0.000399,-0.000590
1306204860.000,YZJ,handheld,手持静止（左手）,recording,0.349623,5.848977,7.941027,-0.026708,-0.006948,0.001828
1306204870.000,YZJ,handheld,手持静止（左手）,recording,0.358631,5.826115,8.005608,-0.018902,-0.007463,0.003354
1306204880.000,YZJ,handheld,手持静止（左手）,recording,0.318297,5.798210,8.071846,-0.007391,0.001155,0.005815
1306204890.000,YZJ,handheld,手持静止（左手）,recording,0.311355,5.772151,8.112028,0.005393,0.009311,0.008409
1306204900.000,YZJ,handheld,手持静止（左手）,recording,0.305494,5.774996,8.110464,0.024382,0.009268,0.008692
1306204910.000,YZJ,handheld,手持静止（左手）,recording,0.326773,5.782219,8.059930,0.035286,0.001700,0.007587
1306204920.000,YZJ,handheld,手持静止（左手）,recording,0.331984,5.784095,7.976840,0.037946,-0.006676,0.006393
1306204930.000,YZJ,handheld,手持静止（左手）,recording,0.372534,5.788894,7.845216,0.032986,-0.014028,0.007432
1306204940.000,YZJ,handheld,手持静止（左手）,recording,0.390533,5.793934,7.785764,0.023149,-0.008411,0.005219
1306204950.000,YZJ,handheld,手持静止（左手）,recording,0.410784,5.799893,7.734300,0.015091,-0.001058,0.000394
1306204960.000,YZJ,handheld,手持静止（左手）,recording,0.402903,5.779474,7.698370,0.006463,0.000544,-0.002148
1306204970.000,YZJ,handheld,手持静止（左手）,recording,0.393710,5.759748,7.697304,-0.001254,0.000965,-0.003046
1306204980.000,YZJ,handheld,手持静止（左手）,recording,0.395404,5.762370,7.701146,-0.008147,0.000244,-0.004370
1306204990.000,YZJ,handheld,手持静止（左手）,recording,0.439412,5.795596,7.707718,-0.018223,0.001510,-0.009667
1306205000.000,YZJ,handheld,手持静止（左手）,recording,0.448660,5.815696,7.753005,-0.025948,0.006239,-0.018474
1306205010.000,YZJ,handheld,手持静止（左手）,recording,0.393156,5.836436,7.807824,-0.034503,0.004175,-0.024526
1306205020.000,YZJ,handheld,手持静止（左手）,recording,0.362572,5.832358,7.859635,-0.040909,0.003399,-0.025994
1306205030.000,YZJ,handheld,手持静止（左手）,recording,0.348332,5.843541,7.997904,-0.036791,0.004779,-0.029259
1306205040.000,YZJ,handheld,手持静止（左手）,recording,0.278712,5.868895,8.071462,-0.024120,0.006214,-0.029834
1306205050.000,YZJ,handheld,手持静止（左手）,recording,0.186270,5.850046,8.099635,-0.012709,0.005791,-0.019959
1306205060.000,YZJ,handheld,手持静止（左手）,recording,0.152142,5.853905,8.125442,0.001196,-0.000889,-0.004338
1306205070.000,YZJ,handheld,手持静止（左手）,recording,0.199635,5.863083,8.088979,0.013694,-0.003885,0.006061
1306205080.000,YZJ,handheld,手持静止（左手）,recording,0.282060,5.859814,8.044899,0.024455,-0.000309,0.010963
1306205090.000,YZJ,handheld,手持静止（左手）,recording,0.340876,5.832503,7.966670,0.031287,0.001011,0.009374
1306205100.000,YZJ,handheld,手持静止（左手）,recording,0.382240,5.791617,7.864987,0.028517,-0.000768,0.005688
1306205110.000,YZJ,handheld,手持静止（左手）,recording,0.385323,5.784962,7.804319,0.023740,-0.005299,0.000761
1306205120.000,YZJ,handheld,手持静止（左手）,recording,0.399761,5.778551,7.755660,0.015103,-0.006025,-0.002255
1306205130.000,YZJ,handheld,手持静止（左手）,recording,0.366080,5.770144,7.734152,0.005368,-0.001705,-0.003063
1306205140.000,YZJ,handheld,手持静止（左手）,recording,0.360373,5.786671,7.722184,-0.006134,0.000506,-0.002672
1306205150.000,YZJ,handheld,手持静止（左手）,recording,0.325574,5.786656,7.755305,-0.016999,0.001645,-0.001120
1306205160.000,YZJ,handheld,手持静止（左手）,recording,0.303216,5.789979,7.802005,-0.022626,0.000677,0.000492
1306205170.000,YZJ,handheld,手持静止（左手）,recording,0.326695,5.795520,7.888338,-0.021426,-0.000303,0.001653
1306205180.000,YZJ,handheld,手持静止（左手）,recording,0.336950,5.794453,7.916186,-0.017104,0.003414,-0.000053
1306205190.000,YZJ,handheld,手持静止（左手）,recording,0.346419,5.790243,7.944891,-0.012237,0.008798,0.000238
1306205200.000,YZJ,handheld,手持静止（左手）,recording,0.335598,5.774914,7.964967,-0.009234,0.009144,0.001762
1306205210.000,YZJ,handheld,手持静止（左手）,recording,0.329339,5.788140,7.959569,-0.005538,0.003917,0.001364
1306205220.000,YZJ,handheld,手持静止（左手）,recording,0.333126,5.801893,7.985036,-0.002968,-0.001553,0.001390
1306205230.000,YZJ,handheld,手持静止（左手）,recording,0.335258,5.794232,7.973061,-0.000930,-0.007450,0.003946
1306205240.000,YZJ,handheld,手持静止（左手）,recording,0.334135,5.783225,7.965289,0.005108,-0.009447,0.007831
1306205250.000,YZJ,handheld,手持静止（左手）,recording,0.379211,5.787297,7.958583,0.011662,-0.004532,0.009395
1306205260.000,YZJ,handheld,手持静止（左手）,recording,0.418612,5.780949,7.910582,0.016003,0.002866,0.006385
1306205270.000,YZJ,handheld,手持静止（左手）,recording,0.422605,5.769076,7.884704,0.019107,0.006713,0.002235
1306205280.000,YZJ,handheld,手持静止（左手）,recording,0.421747,5.768018,7.830349,0.016071,0.008744,-0.003948
1306205290.000,YZJ,handheld,手持静止（左手）,recording,0.401287,5.776220,7.809538,0.007723,0.004725,-0.010494
1306205300.000,YZJ,handheld,手持静止（左手）,recording,0.365429,5.785393,7.797427,-0.000180,-0.000895,-0.012754
1306205310.000,YZJ,handheld,手持静止（左手）,recording,0.331742,5.799069,7.812066,-0.007415,-0.001090,-0.013453
1306205320.000,YZJ,handheld,手持静止（左手）,recording,0.315344,5.808038,7.831116,-0.010228,0.000528,-0.012871
1306205330.000,YZJ,handheld,手持静止（左手）,recording,0.299348,5.814524,7.856242,-0.011278,0.004630,-0.011151
1306205340.000,YZJ,handheld,手持静止（左手）,recording,0.317685,5.816366,7.914660,-0.007886,0.003054,-0.010115
1306205350.000,YZJ,handheld,手持静止（左手）,recording,0.323776,5.831100,7.932688,-0.000768,0.002198,-0.010927
1306205360.000,YZJ,handheld,手持静止（左手）,recording,0.321960,5.841501,7.937328,0.001979,0.004512,-0.012121
1306205370.000,YZJ,handheld,手持静止（左手）,recording,0.292856,5.855023,7.898100,0.002918,0.005015,-0.009748
1306205380.000,YZJ,handheld,手持静止（左手）,recording,0.268007,5.872503,7.905653,0.000555,0.000547,-0.005949
1306205390.000,YZJ,handheld,手持静止（左手）,recording,0.260981,5.850707,7.899905,-0.002756,-0.002595,-0.002384
1306205400.000,YZJ,handheld,手持静止（左手）,recording,0.307727,5.842892,7.911599,-0.003784,-0.004157,-0.001300
1306205410.000,YZJ,handheld,手持静止（左手）,recording,0.309707,5.810573,7.907817,-0.002984,-0.005122,-0.002257
1306205420.000,YZJ,handheld,手持静止（左手）,recording,0.302576,5.793647,7.908973,-0.002546,-0.000282,-0.001989
1306205430.000,YZJ,handheld,手持静止（左手）,recording,0.280246,5.789515,7.913424,-0.000424,-0.002305,0.000540
1306205440.000,YZJ,handheld,手持静止（左手）,recording,0.266580,5.771554,7.897283,-0.000081,-0.002331,0.005037
1306205450.000,YZJ,handheld,手持静止（左手）,recording,0.294085,5.791398,7.899714,0.002328,-0.002469,0.008968
1306205460.000,YZJ,handheld,手持静止（左手）,recording,0.329362,5.797228,7.879691,0.003420,-0.001923,0.009865
1306205470.000,YZJ,handheld,手持静止（左手）,recording,0.360676,5.806205,7.877622,0.003910,0.000828,0.009384
1306205480.000,YZJ,handheld,手持静止（左手）,recording,0.409701,5.811527,7.868810,0.003134,0.004025,0.002506
1306205490.000,YZJ,handheld,手持静止（左手）,recording,0.407840,5.816914,7.866632,0.001291,0.005928,-0.003276
1306205500.000,YZJ,handheld,手持静止（左手）,recording,0.321241,5.823671,7.851478,-0.007486,0.002779,-0.003717
1306205510.000,YZJ,handheld,手持静止（左手）,recording,0.272047,5.785616,7.864861,-0.015936,-0.004662,0.000749
1306205520.000,YZJ,handheld,手持静止（左手）,recording,0.281166,5.768890,7.899119,-0.017257,-0.012983,0.009445
1306205530.000,YZJ,handheld,手持静止（左手）,recording,0.361583,5.727504,7.988665,-0.008611,-0.006034,0.010230
1306205540.000,YZJ,handheld,手持静止（左手）,recording,0.442163,5.759519,8.051987,0.008955,0.001897,0.000393
1306205550.000,YZJ,handheld,手持静止（左手）,recording,0.410519,5.757667,8.022416,0.025626,0.006802,-0.009205
1306205560.000,YZJ,handheld,手持静止（左手）,recording,0.306659,5.807080,7.912160,0.028051,0.003099,-0.009835
1306205570.000,YZJ,handheld,手持静止（左手）,recording,0.234355,5.845407,7.853237,0.021286,-0.006410,-0.003112
1306205580.000,YZJ,handheld,手持静止（左手）,recording,0.235582,5.837988,7.783618,0.011284,-0.011453,0.007403
1306205590.000,YZJ,handheld,手持静止（左手）,recording,0.284367,5.817996,7.811737,0.002045,-0.007181,0.014896
1306205600.000,YZJ,handheld,手持静止（左手）,recording,0.349659,5.782815,7.816778,-0.004082,0.001258,0.015943
1306205610.000,YZJ,handheld,手持静止（左手）,recording,0.387831,5.750323,7.849837,-0.007847,0.009283,0.013745
1306205620.000,YZJ,handheld,手持静止（左手）,recording,0.427428,5.749631,7.896092,-0.006122,0.007386,0.006474
1306205630.000,YZJ,handheld,手持静止（左手）,recording,0.423444,5.776025,7.950263,-0.004577,0.002396,-0.000916
1306205640.000,YZJ,handheld,手持静止（左手）,recording,0.390991,5.793726,7.931364,0.002836,-0.006381,-0.002348
1306205650.000,YZJ,handheld,手持静止（左手）,recording,0.360109,5.796044,7.880252,0.005760,-0.005745,-0.000798
1306205660.000,YZJ,handheld,手持静止（左手）,recording,0.383188,5.799945,7.836627,0.004567,0.000625,-0.000465
1306205670.000,YZJ,handheld,手持静止（左手）,recording,0.403100,5.815777,7.831721,0.001369,0.012271,-0.003827
1306205680.000,YZJ,handheld,手持静止（左手）,recording,0.391207,5.817326,7.830885,-0.001796,0.016726,-0.011236
1306205690.000,YZJ,handheld,手持静止（左手）,recording,0.301330,5.804784,7.834075,-0.005609,0.009886,-0.014750
1306205700.000,YZJ,handheld,手持静止（左手）,recording,0.249519,5.805737,7.843457,-0.008324,0.001528,-0.013038
1306205710.000,YZJ,handheld,手持静止（左手）,recording,0.236186,5.818984,7.891180,-0.008355,-0.001057,-0.006997
1306205720.000,YZJ,handheld,手持静止（左手）,recording,0.265923,5.816779,7.922081,-0.004409,-0.001823,-0.001979
1306205730.000,YZJ,handheld,手持静止（左手）,recording,0.305193,5.806879,7.921366,0.002994,-0.000064,0.000080
1306205740.000,YZJ,handheld,手持静止（左手）,recording,0.342442,5.808723,7.919321,0.008567,0.001956,0.001845
1306205750.000,YZJ,handheld,手持静止（左手）,recording,0.388722,5.831913,7.891581,0.010497,0.003904,0.001513
1306205760.000,YZJ,handheld,手持静止（左手）,recording,0.393155,5.818032,7.870973,0.007064,0.005289,-0.000968
1306205770.000,YZJ,handheld,手持静止（左手）,recording,0.359682,5.834767,7.854675,-0.001267,0.006318,-0.001340
1306205780.000,YZJ,handheld,手持静止（左手）,recording,0.311353,5.826169,7.875106,-0.007423,0.004429,0.000376
1306205790.000,YZJ,handheld,手持静止（左手）,recording,0.303175,5.801515,7.906641,-0.013156,0.001076,0.001427
1306205800.000,YZJ,handheld,手持静止（左手）,recording,0.314100,5.789901,7.942430,-0.011121,-0.000231,-0.002324
1306205810.000,YZJ,handheld,手持静止（左手）,recording,0.283395,5.803155,7.999118,-0.004472,-0.001897,-0.002788
1306205820.000,YZJ,handheld,手持静止（左手）,recording,0.237899,5.817426,7.984357,0.005179,-0.006315,0.000691
1306205830.000,YZJ,handheld,手持静止（左手）,recording,0.239001,5.808860,7.930860,0.011841,-0.007272,0.008752
1306205840.000,YZJ,handheld,手持静止（左手）,recording,0.287120,5.832095,7.880204,0.014461,0.000435,0.010356
1306205850.000,YZJ,handheld,手持静止（左手）,recording,0.354286,5.837860,7.807566,0.009796,0.007308,0.007580
1306205860.000,YZJ,handheld,手持静止（左手）,recording,0.344871,5.795516,7.748635,-0.002071,0.008009,0.004336
1306205870.000,YZJ,handheld,手持静止（左手）,recording,0.347468,5.766647,7.699015,-0.015087,0.000698,0.004903
1306205880.000,YZJ,handheld,手持静止（左手）,recording,0.341900,5.766022,7.708754,-0.026568,-0.002275,0.005344
1306205890.000,YZJ,handheld,手持静止（左手）,recording,0.362478,5.767641,7.775898,-0.033105,-0.003011,0.003094
1306205900.000,YZJ,handheld,手持静止（左手）,recording,0.385017,5.778665,7.876897,-0.033544,-0.002931,-0.000603
1306205910.000,YZJ,handheld,手持静止（左手）,recording,0.389477,5.804560,7.975182,-0.028111,-0.000258,-0.003273
1306205920.000,YZJ,handheld,手持静止（左手）,recording,0.377256,5.812240,8.051247,-0.015602,-0.001031,-0.006349
1306205930.000,YZJ,handheld,手持静止（左手）,recording,0.349231,5.811261,8.116393,-0.000773,-0.001769,-0.008641
1306205940.000,YZJ,handheld,手持静止（左手）,recording,0.308641,5.806880,8.104000,0.012565,-0.000021,-0.006536
1306205950.000,YZJ,handheld,手持静止（左手）,recording,0.286660,5.801402,8.046058,0.025266,0.000551,-0.002934
1306205960.000,YZJ,handheld,手持静止（左手）,recording,0.310540,5.793949,7.989571,0.031590,0.003921,-0.001420
1306205970.000,YZJ,handheld,手持静止（左手）,recording,0.301466,5.797203,7.915941,0.032577,0.005961,-0.000682
1306205980.000,YZJ,handheld,手持静止（左手）,recording,0.311887,5.811807,7.857664,0.029037,0.002886,-0.001141
1306205990.000,YZJ,handheld,手持静止（左手）,recording,0.326780,5.836120,7.806199,0.022146,-0.001522,-0.002261
1306206000.000,YZJ,handheld,手持静止（左手）,recording,0.309911,5.828839,7.779663,0.016183,-0.002150,-0.001736
1306206010.000,YZJ,handheld,手持静止（左手）,recording,0.329985,5.835116,7.769835,0.010577,0.000365,-0.001271
1306206020.000,YZJ,handheld,手持静止（左手）,recording,0.336424,5.845179,7.763816,0.003646,0.002115,-0.000257
1306206030.000,YZJ,handheld,手持静止（左手）,recording,0.314907,5.835220,7.737490,-0.005436,0.007868,0.001326
1306206040.000,YZJ,handheld,手持静止（左手）,recording,0.318521,5.820416,7.756380,-0.015528,0.007123,0.001763
1306206050.000,YZJ,handheld,手持静止（左手）,recording,0.314395,5.808628,7.794083,-0.023365,0.003494,0.002295
1306206060.000,YZJ,handheld,手持静止（左手）,recording,0.291850,5.795814,7.846797,-0.030657,0.001088,0.001931
1306206070.000,YZJ,handheld,手持静止（左手）,recording,0.302899,5.807883,7.921898,-0.032346,-0.002820,0.001366
1306206080.000,YZJ,handheld,手持静止（左手）,recording,0.265910,5.779238,7.981280,-0.027577,-0.005009,0.003434
1306206090.000,YZJ,handheld,手持静止（左手）,recording,0.273773,5.788011,8.005650,-0.019800,-0.003050,0.008666
1306206100.000,YZJ,handheld,手持静止（左手）,recording,0.336242,5.765924,8.023806,-0.011533,-0.003702,0.009517
1306206110.000,YZJ,handheld,手持静止（左手）,recording,0.370045,5.764496,8.014416,-0.005113,-0.003648,0.006054
1306206120.000,YZJ,handheld,手持静止（左手）,recording,0.409407,5.746854,7.986022,0.001054,-0.004275,0.001036
1306206130.000,YZJ,handheld,手持静止（左手）,recording,0.428265,5.736592,7.958327,0.007349,-0.001742,-0.002013
1306206140.000,YZJ,handheld,手持静止（左手）,recording,0.403131,5.727645,7.928631,0.010514,0.002663,-0.002861
1306206150.000,YZJ,handheld,手持静止（左手）,recording,0.375380,5.738601,7.915233,0.013710,0.006894,-0.005127
1306206160.000,YZJ,handheld,手持静止（左手）,recording,0.371109,5.765212,7.918728,0.018891,0.007151,-0.006077
1306206170.000,YZJ,handheld,手持静止（左手）,recording,0.327120,5.778614,7.894773,0.019423,0.006555,-0.003540
1306206180.000,YZJ,handheld,手持静止（左手）,recording,0.315148,5.797295,7.885202,0.014518,0.007240,-0.002450
1306206190.000,YZJ,handheld,手持静止（左手）,recording,0.292305,5.834482,7.883197,0.010004,0.001019,-0.004136
1306206200.000,YZJ,handheld,手持静止（左手）,recording,0.274683,5.850201,7.909180,0.007864,-0.005509,-0.003529
1306206210.000,YZJ,handheld,手持静止（左手）,recording,0.269741,5.831860,7.915346,0.008835,-0.009735,-0.002681
1306206220.000,YZJ,handheld,手持静止（左手）,recording,0.257627,5.837879,7.895222,0.010767,-0.008348,-0.001399
1306206230.000,YZJ,handheld,手持静止（左手）,recording,0.284365,5.826427,7.885012,0.011834,-0.004795,0.000922
1306206240.000,YZJ,handheld,手持静止（左手）,recording,0.319049,5.822098,7.850899,0.011228,-0.000639,0.001126
1306206250.000,YZJ,handheld,手持静止（左手）,recording,0.321748,5.823343,7.817565,0.006955,0.000334,0.001063
1306206260.000,YZJ,handheld,手持静止（左手）,recording,0.349055,5.844194,7.837171,0.001541,0.000319,-0.001869
1306206270.000,YZJ,handheld,手持静止（左手）,recording,0.322227,5.839913,7.836922,-0.002167,0.000865,-0.002388
1306206280.000,YZJ,handheld,手持静止（左手）,recording,0.322510,5.858368,7.862936,-0.005776,0.002919,-0.002409
1306206290.000,YZJ,handheld,手持静止（左手）,recording,0.280352,5.849804,7.882508,-0.008470,0.003936,-0.001222
1306206300.000,YZJ,handheld,手持静止（左手）,recording,0.262677,5.851218,7.896834,-0.007739,0.000403,0.004352
1306206310.000,YZJ,handheld,手持静止（左手）,recording,0.275835,5.829599,7.951280,-0.004889,-0.005921,0.008011
1306206320.000,YZJ,handheld,手持静止（左手）,recording,0.304057,5.829298,7.958680,-0.000318,-0.008795,0.008528
1306206330.000,YZJ,handheld,手持静止（左手）,recording,0.342566,5.815431,7.957430,0.001907,-0.008933,0.005449
1306206340.000,YZJ,handheld,手持静止（左手）,recording,0.364387,5.803789,7.936460,0.004344,-0.005298,0.000864
1306206350.000,YZJ,handheld,手持静止（左手）,recording,0.363846,5.802585,7.929427,0.007855,-0.003593,-0.002364
1306206360.000,YZJ,handheld,手持静止（左手）,recording,0.356398,5.803246,7.911655,0.011779,-0.002498,-0.002649
1306206370.000,YZJ,handheld,手持静止（左手）,recording,0.385189,5.804190,7.876921,0.014098,0.000223,-0.003447
1306206380.000,YZJ,handheld,手持静止（左手）,recording,0.388545,5.824775,7.870991,0.014905,0.003806,-0.007688
1306206390.000,YZJ,handheld,手持静止（左手）,recording,0.353936,5.859992,7.855686,0.010359,0.005913,-0.010736
1306206400.000,YZJ,handheld,手持静止（左手）,recording,0.280352,5.863633,7.827602,0.001798,0.002361,-0.007045
1306206410.000,YZJ,handheld,手持静止（左手）,recording,0.252856,5.832342,7.830865,-0.006662,-0.005336,-0.001120
1306206420.000,YZJ,handheld,手持静止（左手）,recording,0.277416,5.808415,7.888583,-0.009370,-0.005785,0.002453
1306206430.000,YZJ,handheld,手持静止（左手）,recording,0.376373,5.803168,8.003230,-0.002021,0.001169,-0.001468
1306206440.000,YZJ,handheld,手持静止（左手）,recording,0.426665,5.800250,8.057120,0.015219,0.005873,-0.015705
1306206450.000,YZJ,handheld,手持静止（左手）,recording,0.365503,5.817340,8.022994,0.026916,0.008956,-0.025011
1306206460.000,YZJ,handheld,手持静止（左手）,recording,0.236569,5.839275,7.933944,0.029714,0.002017,-0.024292
1306206470.000,YZJ,handheld,手持静止（左手）,recording,0.136926,5.900222,7.874534,0.023133,-0.007823,-0.010068
1306206480.000,YZJ,handheld,手持静止（左手）,recording,0.084162,5.928955,7.802078,0.011472,-0.015626,0.008470
1306206490.000,YZJ,handheld,手持静止（左手）,recording,0.130107,5.913813,7.784329,-0.001331,-0.016535,0.027446
1306206500.000,YZJ,handheld,手持静止（左手）,recording,0.225773,5.858392,7.801149,-0.008646,-0.012488,0.036924
1306206510.000,YZJ,handheld,手持静止（左手）,recording,0.344545,5.814689,7.829400,-0.013026,-0.005248,0.034828
1306206520.000,YZJ,handheld,手持静止（左手）,recording,0.422376,5.781450,7.866619,-0.015199,-0.003027,0.024996
1306206530.000,YZJ,handheld,手持静止（左手）,recording,0.460347,5.744246,7.919095,-0.011497,-0.008196,0.013717
1306206540.000,YZJ,handheld,手持静止（左手）,recording,0.439903,5.723221,7.911634,-0.006953,-0.016200,0.005285
1306206550.000,YZJ,handheld,手持静止（左手）,recording,0.425242,5.721529,7.921158,-0.001702,-0.014919,0.000728
1306206560.000,YZJ,handheld,手持静止（左手）,recording,0.404842,5.743470,7.927983,0.005241,-0.003865,-0.001465
1306206570.000,YZJ,handheld,手持静止（左手）,recording,0.375811,5.771984,7.918044,0.009713,0.006360,-0.002371
1306206580.000,YZJ,handheld,手持静止（左手）,recording,0.359595,5.794950,7.926264,0.012150,0.012423,-0.002150
1306206590.000,YZJ,handheld,手持静止（左手）,recording,0.311811,5.806774,7.913826,0.015451,0.005973,-0.001225
1306206600.000,YZJ,handheld,手持静止（左手）,recording,0.303649,5.806074,7.907687,0.016106,-0.000674,-0.000212
1306206610.000,YZJ,handheld,手持静止（左手）,recording,0.295210,5.818457,7.887592,0.018790,-0.004851,0.002132
1306206620.000,YZJ,handheld,手持静止（左手）,recording,0.338068,5.816305,7.909055,0.024652,-0.000288,0.002032
1306206630.000,YZJ,handheld,手持静止（左手）,recording,0.376070,5.802382,7.893680,0.028690,0.003608,0.001463
1306206640.000,YZJ,handheld,手持静止（左手）,recording,0.392264,5.787181,7.832456,0.029217,0.003993,-0.001735
1306206650.000,YZJ,handheld,手持静止（左手）,recording,0.426017,5.797849,7.784477,0.021462,0.002021,-0.006092
1306206660.000,YZJ,handheld,手持静止（左手）,recording,0.426340,5.823128,7.739027,0.008514,-0.002809,-0.011856
1306206670.000,YZJ,handheld,手持静止（左手）,recording,0.381593,5.835860,7.745617,-0.007969,-0.005010,-0.016479
1306206680.000,YZJ,handheld,手持静止（左手）,recording,0.326440,5.871632,7.811715,-0.018306,-0.003604,-0.014159
1306206690.000,YZJ,handheld,手持静止（左手）,recording,0.277589,5.856618,7.908934,-0.016310,-0.003607,-0.008152
1306206700.000,YZJ,handheld,手持静止（左手）,recording,0.241007,5.862175,8.002529,-0.005638,0.000003,-0.002978
1306206710.000,YZJ,handheld,手持静止（左手）,recording,0.245987,5.904292,8.040190,0.009739,0.005891,0.002077
1306206720.000,YZJ,handheld,手持静止（左手）,recording,0.220947,5.875682,8.032228,0.023237,0.006108,0.011041
1306206730.000,YZJ,handheld,手持静止（左手）,recording,0.216349,5.840831,7.978124,0.030013,0.004094,0.018835
1306206740.000,YZJ,handheld,手持静止（左手）,recording,0.289004,5.822293,7.944804,0.034556,0.003257,0.021826
1306206750.000,YZJ,handheld,手持静止（左手）,recording,0.386603,5.799297,7.899038,0.034021,0.003891,0.013873
1306206760.000,YZJ,handheld,手持静止（左手）,recording,0.420855,5.793184,7.860183,0.029412,-0.000193,0.001717
1306206770.000,YZJ,handheld,手持静止（左手）,recording,0.395386,5.785138,7.802718,0.021467,-0.007625,-0.003592
1306206780.000,YZJ,handheld,手持静止（左手）,recording,0.373182,5.811597,7.762600,0.012881,-0.016708,-0.004142
1306206790.000,YZJ,handheld,手持静止（左手）,recording,0.371262,5.845251,7.763181,0.007269,-0.015406,-0.002569
1306206800.000,YZJ,handheld,手持静止（左手）,recording,0.401942,5.865332,7.756396,0.007368,-0.005244,-0.001734
1306206810.000,YZJ,handheld,手持静止（左手）,recording,0.423358,5.873199,7.766773,0.004388,0.005175,-0.000512
1306206820.000,YZJ,handheld,手持静止（左手）,recording,0.422563,5.885533,7.768139,0.000526,0.015859,-0.002491
1306206830.000,YZJ,handheld,手持静止（左手）,recording,0.435901,5.860377,7.771393,-0.005587,0.016680,-0.007755
1306206840.000,YZJ,handheld,手持静止（左手）,recording,0.382963,5.820420,7.813312,-0.011072,0.015095,-0.013375
1306206850.000,YZJ,handheld,手持静止（左手）,recording,0.344384,5.828775,7.873650,-0.013484,0.009409,-0.017933
1306206860.000,YZJ,handheld,手持静止（左手）,recording,0.279044,5.807160,7.960779,-0.010623,0.001458,-0.018636
1306206870.000,YZJ,handheld,手持静止（左手）,recording,0.255745,5.821796,8.010396,-0.003020,-0.000043,-0.016722
1306206880.000,YZJ,handheld,手持静止（左手）,recording,0.236003,5.837027,8.027754,0.012071,0.001085,-0.012314
1306206890.000,YZJ,handheld,手持静止（左手）,recording,0.248146,5.849272,8.005576,0.023658,0.001277,-0.008469
1306206900.000,YZJ,handheld,手持静止（左手）,recording,0.255420,5.862736,7.919675,0.028226,0.001613,-0.002478
1306206910.000,YZJ,handheld,手持静止（左手）,recording,0.290777,5.856788,7.872796,0.028187,0.003665,0.002589
1306206920.000,YZJ,handheld,手持静止（左手）,recording,0.331792,5.850997,7.823480,0.025016,0.002720,0.005582
1306206930.000,YZJ,handheld,手持静止（左手）,recording,0.379106,5.815093,7.801601,0.020589,0.002727,0.001998
1306206940.000,YZJ,handheld,手持静止（左手）,recording,0.396158,5.814144,7.791210,0.016946,0.001487,-0.002963
1306206950.000,YZJ,handheld,手持静止（左手）,recording,0.407634,5.806958,7.816034,0.011884,0.001333,-0.008921
1306206960.000,YZJ,handheld,手持静止（左手）,recording,0.350159,5.816261,7.840662,0.008937,0.001951,-0.014944
1306206970.000,YZJ,handheld,手持静止（左手）,recording,0.283465,5.845532,7.849432,0.008874,-0.001985,-0.013057
1306206980.000,YZJ,handheld,手持静止（左手）,recording,0.236182,5.853577,7.862918,0.011972,-0.003046,-0.005842
1306206990.000,YZJ,handheld,手持静止（左手）,recording,0.265694,5.856870,7.899192,0.015323,-0.001945,-0.000242
1306207000.000,YZJ,handheld,手持静止（左手）,recording,0.311463,5.860307,7.851898,0.017916,-0.002316,-0.001276
1306207010.000,YZJ,handheld,手持静止（左手）,recording,0.332902,5.867148,7.820134,0.013014,0.004677,-0.005135
1306207020.000,YZJ,handheld,手持静止（左手）,recording,0.303823,5.891563,7.796697,0.005683,0.006682,-0.005923
1306207030.000,YZJ,handheld,手持静止（左手）,recording,0.262263,5.870556,7.833116,0.003186,0.002435,-0.002791
1306207040.000,YZJ,handheld,手持静止（左手）,recording,0.257564,5.861781,7.857192,0.002635,-0.002788,0.002129
1306207050.000,YZJ,handheld,手持静止（左手）,recording,0.270675,5.861809,7.923473,0.007985,-0.003796,0.004502
1306207060.000,YZJ,handheld,手持静止（左手）,recording,0.277562,5.891997,7.911136,0.016038,-0.004917,0.010665
1306207070.000,YZJ,handheld,手持静止（左手）,recording,0.253001,5.859720,7.887607,0.019791,-0.001690,0.018054
1306207080.000,YZJ,handheld,手持静止（左手）,recording,0.309896,5.859447,7.852623,0.023015,0.000513,0.021779
1306207090.000,YZJ,handheld,手持静止（左手）,recording,0.360347,5.876407,7.825704,0.020721,0.001813,0.018550
1306207100.000,YZJ,handheld,手持静止（左手）,recording,0.381391,5.859924,7.788584,0.013935,0.002983,0.014256
1306207110.000,YZJ,handheld,手持静止（左手）,recording,0.376260,5.846196,7.781592,0.006618,0.001130,0.008543
1306207120.000,YZJ,handheld,手持静止（左手）,recording,0.358735,5.855220,7.812916,0.001922,-0.001925,0.006697
1306207130.000,YZJ,handheld,手持静止（左手）,recording,0.335162,5.845005,7.834964,0.000675,-0.002536,0.006436
1306207140.000,YZJ,handheld,手持静止（左手）,recording,0.318371,5.830592,7.858680,0.003675,-0.002273,0.008076
1306207150.000,YZJ,handheld,手持静止（左手）,recording,0.334904,5.823739,7.890612,0.010472,-0.004131,0.007017
1306207160.000,YZJ,handheld,手持静止（左手）,recording,0.358550,5.824870,7.853425,0.013954,-0.005991,0.006761
1306207170.000,YZJ,handheld,手持静止（左手）,recording,0.354202,5.847078,7.799068,0.012608,-0.004916,0.005495
1306207180.000,YZJ,handheld,手持静止（左手）,recording,0.354362,5.836121,7.769958,0.006517,-0.002062,0.004768
1306207190.000,YZJ,handheld,手持静止（左手）,recording,0.352704,5.841184,7.779714,0.002454,0.000211,0.006286
1306207200.000,YZJ,handheld,手持静止（左手）,recording,0.351014,5.834136,7.821897,0.002639,0.001813,0.005319
1306207210.000,YZJ,handheld,手持静止（左手）,recording,0.373856,5.816653,7.894371,0.007636,-0.000448,0.003551
1306207220.000,YZJ,handheld,手持静止（左手）,recording,0.385492,5.834043,7.940886,0.016974,-0.004488,-0.001748
1306207230.000,YZJ,handheld,手持静止（左手）,recording,0.392357,5.848762,7.906455,0.022253,-0.004894,-0.007134
1306207240.000,YZJ,handheld,手持静止（左手）,recording,0.370675,5.854690,7.831750,0.023065,-0.000496,-0.005921
1306207250.000,YZJ,handheld,手持静止（左手）,recording,0.300439,5.845217,7.788492,0.017377,0.000554,-0.000471
1306207260.000,YZJ,handheld,手持静止（左手）,recording,0.278982,5.843006,7.768407,0.011444,0.002543,0.006039
1306207270.000,YZJ,handheld,手持静止（左手）,recording,0.298125,5.838694,7.792636,0.008459,0.002743,0.008132
1306207280.000,YZJ,handheld,手持静止（左手）,recording,0.362777,5.834435,7.783462,0.010586,-0.002811,0.007112
1306207290.000,YZJ,handheld,手持静止（左手）,recording,0.403354,5.837980,7.782894,0.012655,-0.005929,0.002820
1306207300.000,YZJ,handheld,手持静止（左手）,recording,0.428662,5.825078,7.726325,0.011461,-0.004301,-0.003230
1306207310.000,YZJ,handheld,手持静止（左手）,recording,0.399173,5.869114,7.677016,0.005983,0.000864,-0.008949
1306207320.000,YZJ,handheld,手持静止（左手）,recording,0.324214,5.872158,7.640333,-0.006691,0.004259,-0.004878
1306207330.000,YZJ,handheld,手持静止（左手）,recording,0.277633,5.843513,7.663717,-0.019734,0.003649,0.003460
1306207340.000,YZJ,handheld,手持静止（左手）,recording,0.301581,5.830787,7.725964,-0.028962,0.002546,0.009198
1306207350.000,YZJ,handheld,手持静止（左手）,recording,0.382390,5.811169,7.824949,-0.032334,0.003884,0.002878
1306207360.000,YZJ,handheld,手持静止（左手）,recording,0.420046,5.841291,7.901886,-0.029360,0.002227,-0.006782
1306207370.000,YZJ,handheld,手持静止（左手）,recording,0.379023,5.840243,7.946398,-0.024410,0.000018,-0.013247
1306207380.000,YZJ,handheld,手持静止（左手）,recording,0.292206,5.853432,7.981511,-0.016586,-0.007727,-0.013071
1306207390.000,YZJ,handheld,手持静止（左手）,recording,0.233921,5.901621,7.967163,-0.008033,-0.010071,-0.004162
1306207400.000,YZJ,handheld,手持静止（左手）,recording,0.209979,5.902436,7.997272,0.001153,-0.006640,0.009300
1306207410.000,YZJ,handheld,手持静止（左手）,recording,0.245475,5.916841,7.986828,0.011912,0.001384,0.017598
1306207420.000,YZJ,handheld,手持静止（左手）,recording,0.304319,5.922646,7.960587,0.021211,0.008498,0.020098
1306207430.000,YZJ,handheld,手持静止（左手）,recording,0.326200,5.887898,7.875929,0.023116,0.009104,0.018266
1306207440.000,YZJ,handheld,手持静止（左手）,recording,0.354459,5.883166,7.811757,0.019255,0.001040,0.012210
1306207450.000,YZJ,handheld,手持静止（左手）,recording,0.357935,5.845556,7.757167,0.012949,-0.010018,0.009549
1306207460.000,YZJ,handheld,手持静止（左手）,recording,0.380426,5.846573,7.740592,0.008359,-0.007894,0.007720
1306207470.000,YZJ,handheld,手持静止（左手）,recording,0.431476,5.841953,7.714404,0.004538,-0.000740,0.004506
1306207480.000,YZJ,handheld,手持静止（左手）,recording,0.435222,5.818854,7.702791,0.000752,0.005424,0.000269
1306207490.000,YZJ,handheld,手持静止（左手）,recording,0.445792,5.813573,7.699144,-0.005476,0.007330,-0.002473
1306207500.000,YZJ,handheld,手持静止（左手）,recording,0.429376,5.821076,7.723463,-0.013245,0.004566,-0.006514
1306207510.000,YZJ,handheld,手持静止（左手）,recording,0.429192,5.843458,7.759927,-0.019709,0.005011,-0.010322
1306207520.000,YZJ,handheld,手持静止（左手）,recording,0.365764,5.851675,7.827908,-0.022678,0.006486,-0.013604
1306207530.000,YZJ,handheld,手持静止（左手）,recording,0.321753,5.864122,7.916823,-0.018525,0.007005,-0.013740
1306207540.000,YZJ,handheld,手持静止（左手）,recording,0.288823,5.875698,8.025811,-0.006279,0.009682,-0.012477
1306207550.000,YZJ,handheld,手持静止（左手）,recording,0.244001,5.885190,8.035948,0.009150,0.007799,-0.010026
1306207560.000,YZJ,handheld,手持静止（左手）,recording,0.220880,5.885350,7.992483,0.019807,0.000920,-0.004979
1306207570.000,YZJ,handheld,手持静止（左手）,recording,0.219695,5.875763,7.898629,0.022118,-0.005186,0.000484
1306207580.000,YZJ,handheld,手持静止（左手）,recording,0.283420,5.904602,7.823816,0.018857,-0.002253,0.004826
1306207590.000,YZJ,handheld,手持静止（左手）,recording,0.338804,5.879176,7.761460,0.010514,0.000695,0.003260
1306207600.000,YZJ,handheld,手持静止（左手）,recording,0.341964,5.882060,7.729180,0.002113,0.000627,0.000281
1306207610.000,YZJ,handheld,手持静止（左手）,recording,0.339740,5.902946,7.730442,-0.005694,-0.005089,-0.000226
1306207620.000,YZJ,handheld,手持静止（左手）,recording,0.341108,5.880700,7.696041,-0.014867,-0.007863,-0.000752
1306207630.000,YZJ,handheld,手持静止（左手）,recording,0.337630,5.866387,7.723601,-0.021518,-0.007016,-0.000576
1306207640.000,YZJ,handheld,手持静止（左手）,recording,0.371811,5.865519,7.759076,-0.023459,0.002773,-0.001426
1306207650.000,YZJ,handheld,手持静止（左手）,recording,0.372118,5.850803,7.826739,-0.021568,0.010981,-0.004489
1306207660.000,YZJ,handheld,手持静止（左手）,recording,0.368883,5.859765,7.836623,-0.019298,0.013576,-0.007858
1306207670.000,YZJ,handheld,手持静止（左手）,recording,0.315384,5.868262,7.857847,-0.018394,0.006539,-0.009971
1306207680.000,YZJ,handheld,手持静止（左手）,recording,0.282524,5.886552,7.873791,-0.020044,0.001049,-0.008983
1306207690.000,YZJ,handheld,手持静止（左手）,recording,0.284715,5.911119,7.894729,-0.018194,-0.003656,-0.005987
1306207700.000,YZJ,handheld,手持静止（左手）,recording,0.273151,5.882156,7.907972,-0.015300,-0.002551,-0.002168
1306207710.000,YZJ,handheld,手持静止（左手）,recording,0.283408,5.864455,7.928255,-0.007785,-0.002175,0.000986
1306207720.000,YZJ,handheld,手持静止（左手）,recording,0.304118,5.845688,7.930848,-0.001009,0.001570,0.002264
1306207730.000,YZJ,handheld,手持静止（左手）,recording,0.315635,5.853753,7.898026,0.004258,-0.000450,0.001434
1306207740.000,YZJ,handheld,手持静止（左手）,recording,0.336126,5.838701,7.878832,0.006595,-0.003083,0.000978
1306207750.000,YZJ,handheld,手持静止（左手）,recording,0.339109,5.850670,7.832342,0.005235,-0.004502,-0.000576
1306207760.000,YZJ,handheld,手持静止（左手）,recording,0.352704,5.860175,7.824890,0.003033,-0.004954,0.000427
1306207770.000,YZJ,handheld,手持静止（左手）,recording,0.342434,5.863433,7.808160,0.000827,-0.000395,0.000782
1306207780.000,YZJ,handheld,手持静止（左手）,recording,0.360957,5.847244,7.818851,-0.000758,0.002487,-0.001004
1306207790.000,YZJ,handheld,手持静止（左手）,recording,0.361418,5.846892,7.839705,-0.000661,0.002812,-0.004933
1306207800.000,YZJ,handheld,手持静止（左手）,recording,0.314995,5.839205,7.831084,-0.003815,0.004678,-0.006054
1306207810.000,YZJ,handheld,手持静止（左手）,recording,0.262202,5.837535,7.810620,-0.007788,0.001597,-0.003946
1306207820.000,YZJ,handheld,手持静止（左手）,recording,0.259744,5.858950,7.817533,-0.010649,-0.003574,-0.001232
1306207830.000,YZJ,handheld,手持静止（左手）,recording,0.233476,5.877968,7.843031,-0.014072,-0.008984,0.003250
1306207840.000,YZJ,handheld,手持静止（左手）,recording,0.250322,5.884934,7.848678,-0.015771,-0.016356,0.008178
1306207850.000,YZJ,handheld,手持静止（左手）,recording,0.292802,5.866294,7.863698,-0.013506,-0.016028,0.012996
1306207860.000,YZJ,handheld,手持静止（左手）,recording,0.354895,5.864926,7.865640,-0.011099,-0.007601,0.012221
1306207870.000,YZJ,handheld,手持静止（左手）,recording,0.402403,5.838581,7.879189,-0.007169,0.002396,0.005300
1306207880.000,YZJ,handheld,手持静止（左手）,recording,0.391957,5.817634,7.869529,-0.005694,0.006813,0.000523
1306207890.000,YZJ,handheld,手持静止（左手）,recording,0.379631,5.808926,7.824528,-0.004010,0.001992,-0.001682
1306207900.000,YZJ,handheld,手持静止（左手）,recording,0.387628,5.814550,7.830781,-0.005328,0.000251,-0.002293
1306207910.000,YZJ,handheld,手持静止（左手）,recording,0.403553,5.819836,7.823872,-0.008267,-0.000763,-0.005684
1306207920.000,YZJ,handheld,手持静止（左手）,recording,0.366729,5.851976,7.829880,-0.008766,0.000459,-0.008762
1306207930.000,YZJ,handheld,手持静止（左手）,recording,0.329617,5.868400,7.865917,-0.009587,-0.000532,-0.007506
1306207940.000,YZJ,handheld,手持静止（左手）,recording,0.316438,5.873121,7.860835,-0.009074,0.000153,-0.006781
1306207950.000,YZJ,handheld,手持静止（左手）,recording,0.288744,5.880822,7.891703,-0.007376,0.004238,-0.007065
1306207960.000,YZJ,handheld,手持静止（左手）,recording,0.290357,5.869254,7.889613,-0.006919,0.007480,-0.006535
1306207970.000,YZJ,handheld,手持静止（左手）,recording,0.276202,5.873006,7.886855,-0.006135,0.004966,-0.005312
1306207980.000,YZJ,handheld,手持静止（左手）,recording,0.255694,5.879019,7.885328,-0.006172,-0.000057,-0.003194
1306207990.000,YZJ,handheld,手持静止（左手）,recording,0.252926,5.868711,7.906627,-0.005009,-0.006391,-0.002161
1306208000.000,YZJ,handheld,手持静止（左手）,recording,0.239817,5.878327,7.896599,-0.002508,-0.005365,0.002554
1306208010.000,YZJ,handheld,手持静止（左手）,recording,0.245449,5.894543,7.902074,0.000833,-0.005307,0.010344
1306208020.000,YZJ,handheld,手持静止（左手）,recording,0.271786,5.891883,7.872785,0.003870,-0.002826,0.014944
1306208030.000,YZJ,handheld,手持静止（左手）,recording,0.316751,5.878246,7.855621,0.004999,-0.000382,0.014698
1306208040.000,YZJ,handheld,手持静止（左手）,recording,0.369709,5.880149,7.830983,0.001656,0.001108,0.010420
1306208050.000,YZJ,handheld,手持静止（左手）,recording,0.388620,5.887439,7.853698,-0.001896,0.003054,0.002038
1306208060.000,YZJ,handheld,手持静止（左手）,recording,0.323779,5.882560,7.844840,-0.007222,0.000878,-0.000024
1306208070.000,YZJ,handheld,手持静止（左手）,recording,0.261206,5.853850,7.881012,-0.009168,-0.005750,0.005841
1306208080.000,YZJ,handheld,手持静止（左手）,recording,0.252665,5.817227,7.920908,-0.007718,-0.007269,0.015368
1306208090.000,YZJ,handheld,手持静止（左手）,recording,0.359287,5.809666,7.981929,0.000520,0.000352,0.014022
1306208100.000,YZJ,handheld,手持静止（左手）,recording,0.447856,5.809335,7.971318,0.012239,0.004677,0.001517
1306208110.000,YZJ,handheld,手持静止（左手）,recording,0.438723,5.815104,7.926049,0.018303,0.003799,-0.012403
1306208120.000,YZJ,handheld,手持静止（左手）,recording,0.362827,5.832325,7.821866,0.014804,-0.005222,-0.017586
1306208130.000,YZJ,handheld,手持静止（左手）,recording,0.300658,5.876588,7.765396,0.005998,-0.014918,-0.014430
1306208140.000,YZJ,handheld,手持静止（左手）,recording,0.275275,5.876141,7.742597,-0.001292,-0.017692,-0.005374
1306208150.000,YZJ,handheld,手持静止（左手）,recording,0.256978,5.851695,7.771510,-0.005563,-0.008693,0.005070
1306208160.000,YZJ,handheld,手持静止（左手）,recording,0.309071,5.831745,7.787429,-0.007179,0.003187,0.010961
1306208170.000,YZJ,handheld,手持静止（左手）,recording,0.374841,5.799136,7.833609,-0.008427,0.012835,0.010243
1306208180.000,YZJ,handheld,手持静止（左手）,recording,0.407062,5.796428,7.850898,-0.009213,0.013522,0.001549
1306208190.000,YZJ,handheld,手持静止（左手）,recording,0.404646,5.797340,7.857935,-0.010854,0.002464,-0.007764
1306208200.000,YZJ,handheld,手持静止（左手）,recording,0.356794,5.835206,7.853127,-0.015726,-0.009895,-0.013504
1306208210.000,YZJ,handheld,手持静止（左手）,recording,0.320139,5.852203,7.860990,-0.016882,-0.016707,-0.013133
1306208220.000,YZJ,handheld,手持静止（左手）,recording,0.267359,5.861242,7.858411,-0.017645,-0.015106,-0.006971
1306208230.000,YZJ,handheld,手持静止（左手）,recording,0.244618,5.863323,7.863329,-0.017984,-0.003894,0.001390
1306208240.000,YZJ,handheld,手持静止（左手）,recording,0.283930,5.869715,7.932626,-0.009349,0.002117,0.004885
1306208250.000,YZJ,handheld,手持静止（左手）,recording,0.303486,5.839053,7.960768,-0.000707,0.005070,0.004979
1306208260.000,YZJ,handheld,手持静止（左手）,recording,0.309993,5.819735,7.920075,0.009810,0.005221,0.002584
1306208270.000,YZJ,handheld,手持静止（左手）,recording,0.336773,5.809246,7.871691,0.013027,0.003711,-0.001276
1306208280.000,YZJ,handheld,手持静止（左手）,recording,0.334247,5.817122,7.804681,0.008832,0.005141,-0.004041
1306208290.000,YZJ,handheld,手持静止（左手）,recording,0.359265,5.828933,7.780604,0.001980,0.003331,-0.009987
1306208300.000,YZJ,handheld,手持静止（左手）,recording,0.333435,5.843988,7.756958,-0.006105,-0.004290,-0.012352
1306208310.000,YZJ,handheld,手持静止（左手）,recording,0.304228,5.883161,7.776464,-0.015569,-0.011181,-0.010484
1306208320.000,YZJ,handheld,手持静止（左手）,recording,0.291103,5.884171,7.783269,-0.021653,-0.009973,-0.002883
1306208330.000,YZJ,handheld,手持静止（左手）,recording,0.294665,5.893229,7.823396,-0.021767,-0.003078,0.005212
1306208340.000,YZJ,handheld,手持静止（左手）,recording,0.319537,5.876041,7.892857,-0.018461,0.006560,0.008636
1306208350.000,YZJ,handheld,手持静止（左手）,recording,0.337728,5.850340,7.934407,-0.011496,0.011935,0.009162
1306208360.000,YZJ,handheld,手持静止（左手）,recording,0.332389,5.810318,7.956686,-0.004888,0.012349,0.006266
1306208370.000,YZJ,handheld,手持静止（左手）,recording,0.340491,5.824817,7.975819,0.000670,0.005544,-0.001076
1306208380.000,YZJ,handheld,手持静止（左手）,recording,0.305085,5.838840,7.971414,0.003918,-0.002625,-0.004522
1306208390.000,YZJ,handheld,手持静止（左手）,recording,0.235103,5.855758,7.923551,0.004687,-0.009617,-0.000414
1306208400.000,YZJ,handheld,手持静止（左手）,recording,0.224481,5.864852,7.910398,0.005171,-0.007994,0.006477
1306208410.000,YZJ,handheld,手持静止（左手）,recording,0.255065,5.843390,7.900733,0.009069,-0.001256,0.012340
1306208420.000,YZJ,handheld,手持静止（左手）,recording,0.275898,5.862339,7.855750,0.007065,0.002313,0.011688
1306208430.000,YZJ,handheld,手持静止（左手）,recording,0.310271,5.852020,7.791916,0.000658,-0.003271,0.010601
1306208440.000,YZJ,handheld,手持静止（左手）,recording,0.306733,5.819205,7.729954,-0.010171,-0.015444,0.010496
1306208450.000,YZJ,handheld,手持静止（左手）,recording,0.333160,5.822529,7.710633,-0.020992,-0.020222,0.012477
1306208460.000,YZJ,handheld,手持静止（左手）,recording,0.386887,5.832977,7.757137,-0.026318,-0.014255,0.012146
1306208470.000,YZJ,handheld,手持静止（左手）,recording,0.427537,5.834999,7.835674,-0.024422,-0.001226,0.008655
1306208480.000,YZJ,handheld,手持静止（左手）,recording,0.425252,5.837249,7.899913,-0.016011,0.006658,0.002272
1306208490.000,YZJ,handheld,手持静止（左手）,recording,0.395538,5.832494,7.928008,-0.008656,0.008870,-0.002904
1306208500.000,YZJ,handheld,手持静止（左手）,recording,0.337176,5.847107,7.895122,-0.005940,0.006570,-0.005034
1306208510.000,YZJ,handheld,手持静止（左手）,recording,0.308118,5.862191,7.893671,-0.007964,0.001562,-0.005323
1306208520.000,YZJ,handheld,手持静止（左手）,recording,0.257052,5.889032,7.893371,-0.014154,-0.001713,-0.002690
1306208530.000,YZJ,handheld,手持静止（左手）,recording,0.238882,5.895976,7.921901,-0.014730,-0.007417,0.000752
1306208540.000,YZJ,handheld,手持静止（左手）,recording,0.258645,5.882082,7.947940,-0.014296,-0.006794,0.005898
1306208550.000,YZJ,handheld,手持静止（左手）,recording,0.305381,5.847012,7.939893,-0.007448,-0.004001,0.007736
1306208560.000,YZJ,handheld,手持静止（左手）,recording,0.351587,5.829146,7.939880,-0.002059,-0.002041,0.008958
1306208570.000,YZJ,handheld,手持静止（左手）,recording,0.382876,5.800503,7.893009,0.003535,0.002516,0.005480
1306208580.000,YZJ,handheld,手持静止（左手）,recording,0.410288,5.754736,7.846425,0.007741,0.004847,-0.000166
1306208590.000,YZJ,handheld,手持静止（左手）,recording,0.410116,5.746690,7.819609,0.002176,0.005243,-0.003666
1306208600.000,YZJ,handheld,手持静止（左手）,recording,0.365506,5.755845,7.824372,-0.002954,-0.000146,-0.006647
1306208610.000,YZJ,handheld,手持静止（左手）,recording,0.341378,5.790839,7.871293,-0.005607,-0.005386,-0.006999
1306208620.000,YZJ,handheld,手持静止（左手）,recording,0.306193,5.803696,7.886322,-0.006107,-0.003502,-0.005742
1306208630.000,YZJ,handheld,手持静止（左手）,recording,0.311410,5.844023,7.920908,-0.005368,0.002998,-0.005184
1306208640.000,YZJ,handheld,手持静止（左手）,recording,0.311941,5.837247,7.943556,-0.000998,0.004796,-0.004223
1306208650.000,YZJ,handheld,手持静止（左手）,recording,0.302575,5.817729,7.945474,0.005427,0.003001,-0.002484
1306208660.000,YZJ,handheld,手持静止（左手）,recording,0.288549,5.833849,7.938958,0.010184,-0.000299,-0.002409
1306208670.000,YZJ,handheld,手持静止（左手）,recording,0.314963,5.817891,7.926978,0.011425,-0.003425,-0.002280
1306208680.000,YZJ,handheld,手持静止（左手）,recording,0.318581,5.815790,7.882140,0.011443,-0.004981,-0.000649
1306208690.000,YZJ,handheld,手持静止（左手）,recording,0.327071,5.823388,7.866047,0.008296,-0.005739,0.000279
1306208700.000,YZJ,handheld,手持静止（左手）,recording,0.330288,5.822826,7.867467,0.008963,-0.001775,0.002278
1306208710.000,YZJ,handheld,手持静止（左手）,recording,0.346869,5.840355,7.822216,0.007037,0.002908,0.002848
1306208720.000,YZJ,handheld,手持静止（左手）,recording,0.339075,5.835720,7.799635,-0.000707,0.006479,0.002479
1306208730.000,YZJ,handheld,手持静止（左手）,recording,0.332278,5.843601,7.792064,-0.005869,0.006218,0.001236
1306208740.000,YZJ,handheld,手持静止（左手）,recording,0.329912,5.830006,7.802730,-0.012961,0.002498,0.000440
1306208750.000,YZJ,handheld,手持静止（左手）,recording,0.308582,5.820911,7.869951,-0.014212,0.000737,-0.000686
1306208760.000,YZJ,handheld,手持静止（左手）,recording,0.300442,5.824456,7.902959,-0.009194,-0.001981,0.000984
1306208770.000,YZJ,handheld,手持静止（左手）,recording,0.290975,5.808635,7.932586,-0.005564,-0.000001,0.004112
1306208780.000,YZJ,handheld,手持静止（左手）,recording,0.305143,5.815616,7.950944,0.002552,0.000130,0.006719
1306208790.000,YZJ,handheld,手持静止（左手）,recording,0.353025,5.823942,7.934122,0.009011,0.001153,0.004716
1306208800.000,YZJ,handheld,手持静止（左手）,recording,0.346171,5.813475,7.884676,0.007460,0.001131,0.002387
1306208810.000,YZJ,handheld,手持静止（左手）,recording,0.359945,5.823509,7.861848,0.001700,0.000887,-0.000857
1306208820.000,YZJ,handheld,手持静止（左手）,recording,0.352063,5.820615,7.829747,-0.005801,-0.000490,-0.002335
1306208830.000,YZJ,handheld,手持静止（左手）,recording,0.327015,5.829606,7.840679,-0.010831,-0.003866,-0.003931
1306208840.000,YZJ,handheld,手持静止（左手）,recording,0.330879,5.823291,7.878324,-0.012879,-0.001869,-0.002538
1306208850.000,YZJ,handheld,手持静止（左手）,recording,0.308008,5.832789,7.932119,-0.006869,-0.000922,0.000615
1306208860.000,YZJ,handheld,手持静止（左手）,recording,0.321031,5.806819,7.946392,0.004258,0.000191,0.002607
1306208870.000,YZJ,handheld,手持静止（左手）,recording,0.363342,5.797763,7.952718,0.014259,0.002889,-0.000681
1306208880.000,YZJ,handheld,手持静止（左手）,recording,0.366481,5.851898,7.922115,0.018582,0.003073,-0.006515
1306208890.000,YZJ,handheld,手持静止（左手）,recording,0.327262,5.861773,7.852608,0.013478,-0.000181,-0.009593
1306208900.000,YZJ,handheld,手持静止（左手）,recording,0.269384,5.861504,7.808148,0.000207,-0.008290,-0.002778
1306208910.000,YZJ,handheld,手持静止（左手）,recording,0.235175,5.832113,7.811604,-0.007769,-0.016447,0.007234
1306208920.000,YZJ,handheld,手持静止（左手）,recording,0.314041,5.809677,7.875873,-0.008429,-0.009733,0.012426
1306208930.000,YZJ,handheld,手持静止（左手）,recording,0.425401,5.788753,7.946653,0.001464,0.001894,0.006876
1306208940.000,YZJ,handheld,手持静止（左手）,recording,0.426245,5.791131,7.950997,0.014430,0.012362,-0.005296
1306208950.000,YZJ,handheld,手持静止（左手）,recording,0.370943,5.797120,7.885059,0.018752,0.010851,-0.014763
1306208960.000,YZJ,handheld,手持静止（左手）,recording,0.304187,5.858598,7.798261,0.012480,-0.000393,-0.016823
1306208970.000,YZJ,handheld,手持静止（左手）,recording,0.247909,5.897566,7.762175,0.000916,-0.010304,-0.009910
1306208980.000,YZJ,handheld,手持静止（左手）,recording,0.241671,5.914379,7.768726,-0.008903,-0.012480,0.000723
1306208990.000,YZJ,handheld,手持静止（左手）,recording,0.272705,5.860390,7.760022,-0.016409,-0.002374,0.011454
1306209000.000,YZJ,handheld,手持静止（左手）,recording,0.326131,5.811604,7.820717,-0.019486,0.012390,0.014815
1306209010.000,YZJ,handheld,手持静止（左手）,recording,0.369520,5.772152,7.895433,-0.018465,0.013920,0.011784
1306209020.000,YZJ,handheld,手持静止（左手）,recording,0.381763,5.757831,7.925438,-0.017552,0.003832,0.004726
1306209030.000,YZJ,handheld,手持静止（左手）,recording,0.364591,5.759784,7.948333,-0.013082,-0.010152,-0.001137
1306209040.000,YZJ,handheld,手持静止（左手）,recording,0.329721,5.787974,7.968307,-0.008194,-0.017740,-0.001623
1306209050.000,YZJ,handheld,手持静止（左手）,recording,0.306213,5.808203,7.970778,-0.002792,-0.016005,0.001638
1306209060.000,YZJ,handheld,手持静止（左手）,recording,0.323576,5.831237,7.978999,0.007424,-0.007136,0.004493
1306209070.000,YZJ,handheld,手持静止（左手）,recording,0.355403,5.823652,7.971871,0.015075,0.005199,0.004262
1306209080.000,YZJ,handheld,手持静止（左手）,recording,0.378257,5.831307,7.932125,0.019315,0.010435,-0.000530
1306209090.000,YZJ,handheld,手持静止（左手）,recording,0.365356,5.810995,7.904207,0.021533,0.004734,-0.006580
1306209100.000,YZJ,handheld,手持静止（左手）,recording,0.320565,5.817815,7.842544,0.019005,-0.001443,-0.009197
1306209110.000,YZJ,handheld,手持静止（左手）,recording,0.285443,5.799338,7.796221,0.014551,-0.004107,-0.007350
1306209120.000,YZJ,handheld,手持静止（左手）,recording,0.288614,5.798388,7.774255,0.012212,0.001146,-0.003023
1306209130.000,YZJ,handheld,手持静止（左手）,recording,0.311094,5.808362,7.782533,0.009338,0.003734,-0.002427
1306209140.000,YZJ,handheld,手持静止（左手）,recording,0.348652,5.824297,7.765693,0.002101,0.002393,-0.003609
1306209150.000,YZJ,handheld,手持静止（左手）,recording,0.346760,5.857540,7.792024,-0.003539,0.000112,-0.003236
1306209160.000,YZJ,handheld,手持静止（左手）,recording,0.371599,5.858945,7.822310,-0.006978,-0.001509,-0.003826
1306209170.000,YZJ,handheld,手持静止（左手）,recording,0.351774,5.865611,7.883438,-0.009637,0.000772,-0.005157
1306209180.000,YZJ,handheld,手持静止（左手）,recording,0.293617,5.860788,7.908236,-0.009334,0.000755,-0.002393
1306209190.000,YZJ,handheld,手持静止（左手）,recording,0.243988,5.846657,7.934999,-0.006082,0.000126,0.003804
1306209200.000,YZJ,handheld,手持静止（左手）,recording,0.276827,5.818208,7.966679,-0.001502,0.000702,0.006863
1306209210.000,YZJ,handheld,手持静止（左手）,recording,0.314045,5.826444,7.999000,0.007483,0.000163,0.004277
1306209220.000,YZJ,handheld,手持静止（左手）,recording,0.328820,5.849582,7.952383,0.012550,-0.003322,-0.000216
1306209230.000,YZJ,handheld,手持静止（左手）,recording,0.319124,5.844692,7.875228,0.010145,-0.008875,-0.001061
1306209240.000,YZJ,handheld,手持静止（左手）,recording,0.315825,5.837259,7.807886,0.005419,-0.006343,0.000646
1306209250.000,YZJ,handheld,手持静止（左手）,recording,0.333324,5.844031,7.802938,0.000369,0.003037,0.000574
1306209260.000,YZJ,handheld,手持静止（左手）,recording,0.337411,5.822789,7.794236,-0.003189,0.004383,0.000232
1306209270.000,YZJ,handheld,手持静止（左手）,recording,0.327715,5.785138,7.814492,-0.003908,0.000844,0.002084
1306209280.000,YZJ,handheld,手持静止（左手）,recording,0.349983,5.776993,7.824674,-0.003710,-0.002461,0.001813
1306209290.000,YZJ,handheld,手持静止（左手）,recording,0.385124,5.788136,7.833998,-0.002524,-0.004130,-0.002177
1306209300.000,YZJ,handheld,手持静止（左手）,recording,0.405187,5.813457,7.817987,-0.005471,-0.000519,-0.007839
1306209310.000,YZJ,handheld,手持静止（左手）,recording,0.398640,5.867322,7.823194,-0.007846,0.000971,-0.011502
1306209320.000,YZJ,handheld,手持静止（左手）,recording,0.352971,5.876215,7.876871,-0.012191,0.000823,-0.013011
1306209330.000,YZJ,handheld,手持静止（左手）,recording,0.320877,5.894813,7.925918,-0.013121,-0.000161,-0.014987
1306209340.000,YZJ,handheld,手持静止（左手）,recording,0.277293,5.896635,7.957032,-0.009724,-0.001276,-0.012215
1306209350.000,YZJ,handheld,手持静止（左手）,recording,0.230124,5.873150,7.986633,-0.003036,-0.002790,-0.006442
1306209360.000,YZJ,handheld,手持静止（左手）,recording,0.196908,5.854956,7.977606,0.002931,-0.000193,0.001901
1306209370.000,YZJ,handheld,手持静止（左手）,recording,0.234816,5.833083,7.964989,0.010258,0.000954,0.010196
1306209380.000,YZJ,handheld,手持静止（左手）,recording,0.296223,5.809107,7.928762,0.016279,0.001686,0.011874
1306209390.000,YZJ,handheld,手持静止（左手）,recording,0.346606,5.792232,7.854707,0.015262,0.001561,0.008975
1306209400.000,YZJ,handheld,手持静止（左手）,recording,0.379967,5.779782,7.828562,0.012876,0.000468,0.003145
1306209410.000,YZJ,handheld,手持静止（左手）,recording,0.388478,5.789815,7.813221,0.010374,-0.004969,-0.001750
1306209420.000,YZJ,handheld,手持静止（左手）,recording,0.359647,5.780502,7.803169,0.007029,-0.010136,-0.004223
1306209430.000,YZJ,handheld,手持静止（左手）,recording,0.320645,5.822846,7.790683,0.001762,-0.006886,-0.002438
1306209440.000,YZJ,handheld,手持静止（左手）,recording,0.287843,5.826398,7.817252,-0.001446,-0.000617,0.000901
1306209450.000,YZJ,handheld,手持静止（左手）,recording,0.284395,5.836297,7.843126,-0.002757,0.003512,0.004460
1306209460.000,YZJ,handheld,手持静止（左手）,recording,0.303454,5.845260,7.867979,-0.004739,0.006648,0.004596
1306209470.000,YZJ,handheld,手持静止（左手）,recording,0.321504,5.841735,7.864067,-0.004792,0.002667,0.001825
1306209480.000,YZJ,handheld,手持静止（左手）,recording,0.316991,5.823103,7.860359,-0.007147,-0.002370,0.001911
1306209490.000,YZJ,handheld,手持静止（左手）,recording,0.333882,5.820999,7.858137,-0.008759,-0.001240,0.001310
1306209500.000,YZJ,handheld,手持静止（左手）,recording,0.349719,5.823186,7.903806,-0.008371,-0.001957,-0.000186
1306209510.000,YZJ,handheld,手持静止（左手）,recording,0.314392,5.808263,7.918598,-0.006927,-0.002214,-0.000000
1306209520.000,YZJ,handheld,手持静止（左手）,recording,0.340303,5.812489,7.932562,-0.004572,-0.002037,0.001186
1306209530.000,YZJ,handheld,手持静止（左手）,recording,0.353817,5.809425,7.959818,0.003167,-0.001452,0.001593
1306209540.000,YZJ,handheld,手持静止（左手）,recording,0.367412,5.822262,7.950437,0.012596,0.000568,0.000150
1306209550.000,YZJ,handheld,手持静止（左手）,recording,0.386088,5.822973,7.916834,0.016323,0.002948,-0.003393
1306209560.000,YZJ,handheld,手持静止（左手）,recording,0.376463,5.826125,7.859579,0.015923,0.003514,-0.007440
1306209570.000,YZJ,handheld,手持静止（左手）,recording,0.327701,5.821687,7.835077,0.012183,0.002345,-0.007677
1306209580.000,YZJ,handheld,手持静止（左手）,recording,0.289551,5.828766,7.817509,0.007740,-0.001039,-0.006462
1306209590.000,YZJ,handheld,手持静止（左手）,recording,0.275229,5.849072,7.824203,0.000992,-0.003366,-0.002779
1306209600.000,YZJ,handheld,手持静止（左手）,recording,0.264927,5.864970,7.824935,-0.001500,-0.004764,-0.000335
1306209610.000,YZJ,handheld,手持静止（左手）,recording,0.275124,5.859691,7.851875,-0.002945,-0.002937,0.001057
1306209620.000,YZJ,handheld,手持静止（左手）,recording,0.272111,5.864701,7.843567,-0.003310,-0.000376,0.004077
1306209630.000,YZJ,handheld,手持静止（左手）,recording,0.290083,5.855010,7.818325,-0.003991,0.002979,0.007413
1306209640.000,YZJ,handheld,手持静止（左手）,recording,0.320281,5.834536,7.836722,-0.005359,0.005656,0.006777
1306209650.000,YZJ,handheld,手持静止（左手）,recording,0.353760,5.826984,7.857249,-0.003027,0.002808,0.003776
1306209660.000,YZJ,handheld,手持静止（左手）,recording,0.319986,5.817861,7.867930,-0.004014,0.004953,0.002808
1306209670.000,YZJ,handheld,手持静止（左手）,recording,0.298912,5.835657,7.885890,-0.006212,0.004192,0.004065
1306209680.000,YZJ,handheld,手持静止（左手）,recording,0.334964,5.823339,7.890720,-0.004418,-0.001475,0.004645
1306209690.000,YZJ,handheld,手持静止（左手）,recording,0.342612,5.830245,7.909216,-0.005162,-0.006544,0.004764
1306209700.000,YZJ,handheld,手持静止（左手）,recording,0.350932,5.822990,7.905269,-0.003892,-0.004276,0.006369
1306209710.000,YZJ,handheld,手持静止（左手）,recording,0.375205,5.808185,7.921592,-0.000895,-0.001192,0.004699
1306209720.000,YZJ,handheld,手持静止（左手）,recording,0.402910,5.793560,7.931616,0.003920,0.003437,0.000580
1306209730.000,YZJ,handheld,手持静止（左手）,recording,0.378078,5.777514,7.915601,0.009753,0.002375,-0.003035
1306209740.000,YZJ,handheld,手持静止（左手）,recording,0.358266,5.783608,7.894674,0.010839,0.001903,-0.004885
1306209750.000,YZJ,handheld,手持静止（左手）,recording,0.373716,5.801889,7.872917,0.011571,0.000124,-0.009160
1306209760.000,YZJ,handheld,手持静止（左手）,recording,0.373086,5.839311,7.884551,0.013735,-0.001344,-0.016700
1306209770.000,YZJ,handheld,手持静止（左手）,recording,0.307134,5.879378,7.856422,0.009461,-0.001885,-0.016809
1306209780.000,YZJ,handheld,手持静止（左手）,recording,0.198645,5.867552,7.811966,-0.000104,-0.003316,-0.004155
1306209790.000,YZJ,handheld,手持静止（左手）,recording,0.189841,5.824279,7.801755,-0.006213,-0.004590,0.008517
1306209800.000,YZJ,handheld,手持静止（左手）,recording,0.315587,5.832170,7.867813,-0.005514,-0.001902,0.012356
1306209810.000,YZJ,handheld,手持静止（左手）,recording,0.411140,5.820689,7.920265,0.003649,0.005185,0.000853
1306209820.000,YZJ,handheld,手持静止（左手）,recording,0.412058,5.826132,7.939626,0.013406,0.011623,-0.013843
1306209830.000,YZJ,handheld,手持静止（左手）,recording,0.324053,5.870065,7.863939,0.013683,0.004638,-0.017975
1306209840.000,YZJ,handheld,手持静止（左手）,recording,0.232254,5.875727,7.817723,0.009089,-0.006901,-0.009209
1306209850.000,YZJ,handheld,手持静止（左手）,recording,0.197973,5.879613,7.782869,0.000341,-0.014415,0.002697
1306209860.000,YZJ,handheld,手持静止（左手）,recording,0.241385,5.879484,7.749678,-0.008611,-0.005731,0.014613
1306209870.000,YZJ,handheld,手持静止（左手）,recording,0.316209,5.834138,7.774870,-0.018402,0.005433,0.017486
1306209880.000,YZJ,handheld,手持静止（左手）,recording,0.368604,5.797771,7.823429,-0.024089,0.011152,0.012242
1306209890.000,YZJ,handheld,手持静止（左手）,recording,0.400758,5.765679,7.896932,-0.024290,0.004261,0.002815
1306209900.000,YZJ,handheld,手持静止（左手）,recording,0.356404,5.772793,7.945180,-0.019294,-0.006678,-0.003945
1306209910.000,YZJ,handheld,手持静止（左手）,recording,0.289627,5.791905,7.959882,-0.012815,-0.014269,-0.002068
1306209920.000,YZJ,handheld,手持静止（左手）,recording,0.269052,5.830906,7.990028,-0.002606,-0.018180,0.005230
1306209930.000,YZJ,handheld,手持静止（左手）,recording,0.287891,5.825478,7.976020,0.007243,-0.011618,0.012748
1306209940.000,YZJ,handheld,手持静止（左手）,recording,0.354441,5.860119,7.974536,0.016611,0.001800,0.014730
1306209950.000,YZJ,handheld,手持静止（左手）,recording,0.381750,5.853670,7.921965,0.021816,0.012414,0.010797
1306209960.000,YZJ,handheld,手持静止（左手）,recording,0.393593,5.821737,7.876610,0.021515,0.009071,0.003926
1306209970.000,YZJ,handheld,手持静止（左手）,recording,0.358236,5.796682,7.842635,0.017950,-0.000406,-0.004184
1306209980.000,YZJ,handheld,手持静止（左手）,recording,0.342057,5.781576,7.789068,0.013986,-0.004519,-0.007771
1306209990.000,YZJ,handheld,手持静止（左手）,recording,0.309729,5.791652,7.762456,0.009227,-0.004456,-0.008375
1306210000.000,YZJ,handheld,手持静止（左手）,recording,0.303701,5.804004,7.766716,0.004749,-0.002488,-0.006594
1306210010.000,YZJ,handheld,手持静止（左手）,recording,0.334208,5.836872,7.722689,-0.001866,-0.001669,-0.004765
1306210020.000,YZJ,handheld,手持静止（左手）,recording,0.347534,5.849154,7.743317,-0.009344,0.000021,-0.004532
1306210030.000,YZJ,handheld,手持静止（左手）,recording,0.370837,5.868105,7.746797,-0.018703,0.003317,-0.004341
1306210040.000,YZJ,handheld,手持静止（左手）,recording,0.334385,5.854070,7.798806,-0.025754,0.010297,-0.002547
1306210050.000,YZJ,handheld,手持静止（左手）,recording,0.320992,5.850662,7.890136,-0.026417,0.011282,-0.002287
1306210060.000,YZJ,handheld,手持静止（左手）,recording,0.281715,5.832038,7.990485,-0.021585,0.006177,-0.001291
1306210070.000,YZJ,handheld,手持静止（左手）,recording,0.270072,5.803190,8.043367,-0.011658,-0.000066,0.000997
1306210080.000,YZJ,handheld,手持静止（左手）,recording,0.269454,5.802327,8.083329,0.001314,-0.006170,-0.000603
1306210090.000,YZJ,handheld,手持静止（左手）,recording,0.299098,5.835361,8.083818,0.013815,-0.010390,-0.001872
1306210100.000,YZJ,handheld,手持静止（左手）,recording,0.289953,5.845363,8.022742,0.024542,-0.009672,-0.000059
1306210110.000,YZJ,handheld,手持静止（左手）,recording,0.282851,5.829367,7.945286,0.030781,-0.003691,0.004079
1306210120.000,YZJ,handheld,手持静止（左手）,recording,0.317909,5.845213,7.838182,0.028892,0.004142,0.005924
1306210130.000,YZJ,handheld,手持静止（左手）,recording,0.358390,5.823420,7.777683,0.023861,0.009745,0.004323
1306210140.000,YZJ,handheld,手持静止（左手）,recording,0.350728,5.780053,7.731235,0.014000,0.004126,0.003170
1306210150.000,YZJ,handheld,手持静止（左手）,recording,0.364218,5.774592,7.698288,0.005649,-0.004329,0.000657
1306210160.000,YZJ,handheld,手持静止（左手）,recording,0.387898,5.792897,7.695462,-0.003308,-0.009468,-0.002899
1306210170.000,YZJ,handheld,手持静止（左手）,recording,0.420786,5.832463,7.707223,-0.016326,-0.003662,-0.009609
1306210180.000,YZJ,handheld,手持静止（左手）,recording,0.420507,5.873375,7.764189,-0.021973,0.002487,-0.018479
1306210190.000,YZJ,handheld,手持静止（左手）,recording,0.345315,5.892052,7.839279,-0.025688,0.004807,-0.022036
1306210200.000,YZJ,handheld,手持静止（左手）,recording,0.246430,5.907967,7.927658,-0.023542,0.001405,-0.017629
1306210210.000,YZJ,handheld,手持静止（左手）,recording,0.182489,5.914787,7.974749,-0.017280,0.000852,-0.008441
1306210220.000,YZJ,handheld,手持静止（左手）,recording,0.164533,5.916072,8.029285,-0.005186,0.001226,0.001023
1306210230.000,YZJ,handheld,手持静止（左手）,recording,0.191756,5.905503,8.040285,0.006187,0.003503,0.009372
1306210240.000,YZJ,handheld,手持静止（左手）,recording,0.229386,5.876914,7.998111,0.015125,0.001946,0.014693
1306210250.000,YZJ,handheld,手持静止（左手）,recording,0.262481,5.843718,7.951071,0.019243,-0.000825,0.016897
1306210260.000,YZJ,handheld,手持静止（左手）,recording,0.308491,5.823054,7.867903,0.017143,-0.003414,0.017509
1306210270.000,YZJ,handheld,手持静止（左手）,recording,0.372212,5.794988,7.841305,0.015328,-0.008181,0.014673
1306210280.000,YZJ,handheld,手持静止（左手）,recording,0.417084,5.778939,7.817920,0.011542,-0.009360,0.006249
1306210290.000,YZJ,handheld,手持静止（左手）,recording,0.397496,5.796015,7.783054,0.008092,-0.009627,-0.000549
1306210300.000,YZJ,handheld,手持静止（左手）,recording,0.371735,5.795299,7.760279,0.001846,-0.006771,-0.002030
1306210310.000,YZJ,handheld,手持静止（左手）,recording,0.350028,5.805760,7.756979,-0.003833,-0.000181,-0.002081
1306210320.000,YZJ,handheld,手持静止（左手）,recording,0.375990,5.827072,7.792754,-0.008480,0.002874,-0.004482
1306210330.000,YZJ,handheld,手持静止（左手）,recording,0.347313,5.833406,7.824631,-0.011259,0.007229,-0.007080
1306210340.000,YZJ,handheld,手持静止（左手）,recording,0.309325,5.842698,7.832022,-0.014994,0.009041,-0.004816
1306210350.000,YZJ,handheld,手持静止（左手）,recording,0.261602,5.832591,7.880511,-0.015302,0.002261,-0.001495
1306210360.000,YZJ,handheld,手持静止（左手）,recording,0.256730,5.828918,7.934145,-0.013683,-0.000742,0.001275
1306210370.000,YZJ,handheld,手持静止（左手）,recording,0.298832,5.842357,7.956891,-0.008183,-0.004318,0.001985
1306210380.000,YZJ,handheld,手持静止（左手）,recording,0.333596,5.823786,7.961615,-0.002348,-0.003052,0.000447
1306210390.000,YZJ,handheld,手持静止（左手）,recording,0.336792,5.819257,7.951495,0.003775,-0.002615,-0.000613
1306210400.000,YZJ,handheld,手持静止（左手）,recording,0.353699,5.800293,7.926461,0.006758,-0.000110,-0.002203
1306210410.000,YZJ,handheld,手持静止（左手）,recording,0.333666,5.808421,7.889256,0.009936,-0.000085,-0.002381
1306210420.000,YZJ,handheld,手持静止（左手）,recording,0.345272,5.811196,7.867886,0.010093,-0.000106,-0.000562
1306210430.000,YZJ,handheld,手持静止（左手）,recording,0.318098,5.816028,7.876466,0.010299,0.002334,0.002770
1306210440.000,YZJ,handheld,手持静止（左手）,recording,0.334653,5.828241,7.864403,0.008106,0.001159,0.000076
1306210450.000,YZJ,handheld,手持静止（左手）,recording,0.342974,5.818930,7.857742,0.006451,-0.000221,-0.001540
1306210460.000,YZJ,handheld,手持静止（左手）,recording,0.323604,5.830707,7.832542,0.004014,-0.002295,-0.002237
1306210470.000,YZJ,handheld,手持静止（左手）,recording,0.341790,5.832994,7.820089,0.000217,-0.000913,-0.002848
1306210480.000,YZJ,handheld,手持静止（左手）,recording,0.322620,5.838740,7.832896,-0.001543,0.000114,-0.004447
1306210490.000,YZJ,handheld,手持静止（左手）,recording,0.314415,5.850871,7.838789,-0.003723,0.001273,-0.004452
1306210500.000,YZJ,handheld,手持静止（左手）,recording,0.308042,5.855565,7.890532,-0.001598,0.000787,-0.002522
1306210510.000,YZJ,handheld,手持静止（左手）,recording,0.301721,5.835642,7.895502,0.000912,0.003165,-0.000688
1306210520.000,YZJ,handheld,手持静止（左手）,recording,0.312828,5.845502,7.899597,0.002404,0.006473,0.000988
1306210530.000,YZJ,handheld,手持静止（左手）,recording,0.334306,5.838595,7.888467,0.005573,0.006409,0.000188
1306210540.000,YZJ,handheld,手持静止（左手）,recording,0.306771,5.821279,7.894827,0.006268,0.003054,-0.000602
1306210550.000,YZJ,handheld,手持静止（左手）,recording,0.274340,5.829397,7.862370,0.003261,-0.000670,0.002691
1306210560.000,YZJ,handheld,手持静止（左手）,recording,0.290931,5.838883,7.888347,0.001547,-0.002593,0.003200
1306210570.000,YZJ,handheld,手持静止（左手）,recording,0.331370,5.835848,7.892874,0.003714,-0.003856,-0.000179
1306210580.000,YZJ,handheld,手持静止（左手）,recording,0.325194,5.840422,7.903807,0.007755,-0.004421,-0.001575
1306210590.000,YZJ,handheld,手持静止（左手）,recording,0.309484,5.849626,7.887950,0.010113,-0.003062,-0.000785
1306210600.000,YZJ,handheld,手持静止（左手）,recording,0.299165,5.840823,7.841581,0.010077,-0.000072,0.002175
1306210610.000,YZJ,handheld,手持静止（左手）,recording,0.317186,5.862836,7.807658,0.004317,0.000696,0.001530
1306210620.000,YZJ,handheld,手持静止（左手）,recording,0.303282,5.851911,7.800542,-0.002230,-0.002177,0.001574
1306210630.000,YZJ,handheld,手持静止（左手）,recording,0.291213,5.831972,7.812497,-0.008150,-0.008216,0.002558
1306210640.000,YZJ,handheld,手持静止（左手）,recording,0.330193,5.831470,7.827572,-0.009574,-0.009583,0.004662
1306210650.000,YZJ,handheld,手持静止（左手）,recording,0.343028,5.822484,7.877934,-0.004858,-0.002673,0.003486
1306210660.000,YZJ,handheld,手持静止（左手）,recording,0.366372,5.826135,7.902887,-0.000085,0.005370,-0.002045
1306210670.000,YZJ,handheld,手持静止（左手）,recording,0.376308,5.857577,7.899575,0.004387,0.008231,-0.006633
1306210680.000,YZJ,handheld,手持静止（左手）,recording,0.303992,5.851443,7.829956,-0.001540,0.004119,-0.005011
1306210690.000,YZJ,handheld,手持静止（左手）,recording,0.244542,5.839962,7.797739,-0.009706,-0.001992,0.002638
1306210700.000,YZJ,handheld,手持静止（左手）,recording,0.264464,5.822049,7.853572,-0.016159,-0.006041,0.008617
1306210710.000,YZJ,handheld,手持静止（左手）,recording,0.336355,5.804857,7.922045,-0.009305,-0.002947,0.007527
1306210720.000,YZJ,handheld,手持静止（左手）,recording,0.403056,5.805839,8.012068,0.003772,0.006695,-0.002025
1306210730.000,YZJ,handheld,手持静止（左手）,recording,0.377520,5.817878,7.987631,0.018121,0.008983,-0.012533
1306210740.000,YZJ,handheld,手持静止（左手）,recording,0.280015,5.840927,7.907958,0.022525,-0.000469,-0.014645
1306210750.000,YZJ,handheld,手持静止（左手）,recording,0.244535,5.890126,7.821028,0.015371,-0.012110,-0.006470
1306210760.000,YZJ,handheld,手持静止（左手）,recording,0.259203,5.873977,7.759682,0.003561,-0.017123,-0.000125
1306210770.000,YZJ,handheld,手持静止（左手）,recording,0.281700,5.850954,7.753474,-0.007030,-0.008033,0.007599
1306210780.000,YZJ,handheld,手持静止（左手）,recording,0.305822,5.838354,7.760304,-0.014753,0.004323,0.011368
1306210790.000,YZJ,handheld,手持静止（左手）,recording,0.348012,5.770435,7.826015,-0.019811,0.007738,0.011184
1306210800.000,YZJ,handheld,手持静止（左手）,recording,0.366965,5.766841,7.885714,-0.016538,0.004413,0.005296
1306210810.000,YZJ,handheld,手持静止（左手）,recording,0.362783,5.783821,7.964243,-0.009665,-0.004446,-0.001085
1306210820.000,YZJ,handheld,手持静止（左手）,recording,0.342368,5.810727,7.943711,-0.004896,-0.012116,-0.001712
1306210830.000,YZJ,handheld,手持静止（左手）,recording,0.314877,5.828966,7.918192,-0.000519,-0.012437,0.003955
1306210840.000,YZJ,handheld,手持静止（左手）,recording,0.349352,5.830465,7.915604,0.003861,-0.002830,0.005769
1306210850.000,YZJ,handheld,手持静止（左手）,recording,0.388549,5.862722,7.916439,0.006898,0.009290,0.002069
1306210860.000,YZJ,handheld,手持静止（左手）,recording,0.367203,5.840726,7.909451,0.008069,0.014692,-0.002597
1306210870.000,YZJ,handheld,手持静止（左手）,recording,0.339710,5.819344,7.898925,0.011717,0.004981,-0.006620
1306210880.000,YZJ,handheld,手持静止（左手）,recording,0.272833,5.821646,7.874882,0.013717,-0.003870,-0.009687
1306210890.000,YZJ,handheld,手持静止（左手）,recording,0.257855,5.809674,7.839202,0.012052,-0.006057,-0.007240
1306210900.000,YZJ,handheld,手持静止（左手）,recording,0.263851,5.821809,7.813012,0.012277,-0.004748,-0.003270
1306210910.000,YZJ,handheld,手持静止（左手）,recording,0.264608,5.835683,7.798745,0.012291,-0.002128,0.001143
1306210920.000,YZJ,handheld,手持静止（左手）,recording,0.329450,5.838087,7.762741,0.008112,0.000340,0.003906
1306210930.000,YZJ,handheld,手持静止（左手）,recording,0.358896,5.859246,7.747628,-0.000771,0.001670,0.003560
1306210940.000,YZJ,handheld,手持静止（左手）,recording,0.364223,5.864716,7.742554,-0.012108,0.004324,0.001442
1306210950.000,YZJ,handheld,手持静止（左手）,recording,0.366257,5.868151,7.787536,-0.019980,0.006214,-0.001225
1306210960.000,YZJ,handheld,手持静止（左手）,recording,0.365559,5.847883,7.861239,-0.025310,0.005116,-0.002613
1306210970.000,YZJ,handheld,手持静止（左手）,recording,0.326171,5.810984,7.925644,-0.023626,0.001813,-0.005449
1306210980.000,YZJ,handheld,手持静止（左手）,recording,0.316729,5.786620,8.008702,-0.015527,0.000117,-0.007690
1306210990.000,YZJ,handheld,手持静止（左手）,recording,0.304241,5.797979,8.045711,-0.001377,-0.001501,-0.010313
1306211000.000,YZJ,handheld,手持静止（左手）,recording,0.242535,5.837590,8.051352,0.012306,-0.002609,-0.008244
1306211010.000,YZJ,handheld,手持静止（左手）,recording,0.219297,5.849106,8.005984,0.023150,-0.000911,0.001117
1306211020.000,YZJ,handheld,手持静止（左手）,recording,0.254338,5.853374,7.963138,0.029810,0.001300,0.008888
1306211030.000,YZJ,handheld,手持静止（左手）,recording,0.289521,5.868387,7.866704,0.029193,0.009022,0.010507
1306211040.000,YZJ,handheld,手持静止（左手）,recording,0.304812,5.831767,7.791618,0.020781,0.006469,0.008819
1306211050.000,YZJ,handheld,手持静止（左手）,recording,0.332966,5.820057,7.733634,0.007736,-0.005442,0.006464
1306211060.000,YZJ,handheld,手持静止（左手）,recording,0.370149,5.796638,7.728645,-0.001697,-0.016447,0.002621
1306211070.000,YZJ,handheld,手持静止（左手）,recording,0.405851,5.812203,7.735223,-0.006158,-0.014740,-0.001133
1306211080.000,YZJ,handheld,手持静止（左手）,recording,0.405270,5.822502,7.743269,-0.010415,-0.005048,-0.004397
1306211090.000,YZJ,handheld,手持静止（左手）,recording,0.387892,5.861810,7.789545,-0.013110,0.003515,-0.007153
1306211100.000,YZJ,handheld,手持静止（左手）,recording,0.351360,5.872526,7.810529,-0.016818,0.007044,-0.009474
1306211110.000,YZJ,handheld,手持静止（左手）,recording,0.316447,5.895096,7.850244,-0.019111,0.003934,-0.010994
1306211120.000,YZJ,handheld,手持静止（左手）,recording,0.262468,5.880320,7.880077,-0.021870,0.001368,-0.010170
1306211130.000,YZJ,handheld,手持静止（左手）,recording,0.218234,5.893237,7.941843,-0.020070,0.000723,-0.005474
1306211140.000,YZJ,handheld,手持静止（左手）,recording,0.182627,5.871175,8.005564,-0.012723,-0.000442,0.001195
1306211150.000,YZJ,handheld,手持静止（左手）,recording,0.196151,5.866338,8.041227,-0.000180,-0.002539,0.008146
1306211160.000,YZJ,handheld,手持静止（左手）,recording,0.239094,5.841783,8.038991,0.013390,-0.005004,0.012678
1306211170.000,YZJ,handheld,手持静止（左手）,recording,0.315328,5.833380,7.986723,0.024576,-0.004707,0.015828
1306211180.000,YZJ,handheld,手持静止（左手）,recording,0.399504,5.834333,7.901992,0.030083,-0.001293,0.010461
1306211190.000,YZJ,handheld,手持静止（左手）,recording,0.409282,5.841899,7.822102,0.026080,0.000180,0.004284
1306211200.000,YZJ,handheld,手持静止（左手）,recording,0.371524,5.836586,7.737107,0.014476,-0.000791,0.000554
1306211210.000,YZJ,handheld,手持静止（左手）,recording,0.373225,5.829265,7.722908,0.003187,-0.003725,0.001082
1306211220.000,YZJ,handheld,手持静止（左手）,recording,0.346301,5.829900,7.741216,-0.006140,-0.002127,-0.001015
1306211230.000,YZJ,handheld,手持静止（左手）,recording,0.339822,5.836378,7.774656,-0.015875,-0.002783,-0.003772
1306211240.000,YZJ,handheld,手持静止（左手）,recording,0.299272,5.848089,7.830129,-0.019343,-0.001876,-0.003967
1306211250.000,YZJ,handheld,手持静止（左手）,recording,0.258408,5.846629,7.887864,-0.016502,-0.001330,-0.002125
1306211260.000,YZJ,handheld,手持静止（左手）,recording,0.278171,5.843141,7.936101,-0.009164,-0.000719,0.000637
1306211270.000,YZJ,handheld,手持静止（左手）,recording,0.270131,5.829420,7.947975,-0.002234,0.000979,0.002251
1306211280.000,YZJ,handheld,手持静止（左手）,recording,0.298576,5.838868,7.949499,0.002101,0.002118,0.004386
1306211290.000,YZJ,handheld,手持静止（左手）,recording,0.300112,5.846915,7.916225,0.004093,0.000336,0.004864
1306211300.000,YZJ,handheld,手持静止（左手）,recording,0.338287,5.828452,7.907033,0.005517,-0.001949,0.004519
1306211310.000,YZJ,handheld,手持静止（左手）,recording,0.352601,5.832100,7.881486,0.005675,-0.001514,0.002921
1306211320.000,YZJ,handheld,手持静止（左手）,recording,0.356072,5.825254,7.869318,0.004729,-0.003499,0.001749
1306211330.000,YZJ,handheld,手持静止（左手）,recording,0.360887,5.834016,7.842309,0.003129,-0.000543,0.000837
1306211340.000,YZJ,handheld,手持静止（左手）,recording,0.346565,5.820957,7.849801,-0.000083,0.001546,-0.001739
1306211350.000,YZJ,handheld,手持静止（左手）,recording,0.350219,5.818432,7.833081,-0.002679,0.001533,-0.002802
1306211360.000,YZJ,handheld,手持静止（左手）,recording,0.343750,5.808025,7.854468,-0.005904,0.004084,-0.002568
1306211370.000,YZJ,handheld,手持静止（左手）,recording,0.344310,5.813802,7.869677,-0.005685,0.004605,-0.004376
1306211380.000,YZJ,handheld,手持静止（左手）,recording,0.320514,5.828180,7.922173,-0.002450,0.002784,-0.007005
1306211390.000,YZJ,handheld,手持静止（左手）,recording,0.314109,5.815398,7.954045,0.005575,-0.000286,-0.007655
1306211400.000,YZJ,handheld,手持静止（左手）,recording,0.282949,5.838415,7.954492,0.013436,-0.001197,-0.006514
1306211410.000,YZJ,handheld,手持静止（左手）,recording,0.255008,5.844846,7.930188,0.018935,-0.000287,-0.004337
1306211420.000,YZJ,handheld,手持静止（左手）,recording,0.239365,5.870600,7.902285,0.020587,-0.002393,0.000186
1306211430.000,YZJ,handheld,手持静止（左手）,recording,0.238543,5.868196,7.852683,0.017439,-0.002399,0.007113
1306211440.000,YZJ,handheld,手持静止（左手）,recording,0.287421,5.875730,7.855763,0.012362,-0.001827,0.009791
1306211450.000,YZJ,handheld,手持静止（左手）,recording,0.359835,5.879260,7.874057,0.011140,-0.000333,0.006444
1306211460.000,YZJ,handheld,手持静止（左手）,recording,0.396924,5.856011,7.870681,0.010541,-0.001238,0.001895
1306211470.000,YZJ,handheld,手持静止（左手）,recording,0.398604,5.825450,7.829650,0.009746,-0.001632,-0.001671
1306211480.000,YZJ,handheld,手持静止（左手）,recording,0.396797,5.811289,7.815029,0.010219,0.001594,-0.007330
1306211490.000,YZJ,handheld,手持静止（左手）,recording,0.374407,5.824838,7.807976,0.006780,0.005827,-0.011200
1306211500.000,YZJ,handheld,手持静止（左手）,recording,0.334148,5.818525,7.782276,0.002719,0.008535,-0.010943
1306211510.000,YZJ,handheld,手持静止（左手）,recording,0.296524,5.831064,7.800571,-0.001407,0.005166,-0.010470
1306211520.000,YZJ,handheld,手持静止（左手）,recording,0.253808,5.850604,7.842907,-0.003710,0.001219,-0.009233
1306211530.000,YZJ,handheld,手持静止（左手）,recording,0.270548,5.857998,7.869179,-0.005484,-0.001853,-0.008384
1306211540.000,YZJ,handheld,手持静止（左手）,recording,0.256935,5.878779,7.900202,-0.002348,-0.002393,-0.007083
1306211550.000,YZJ,handheld,手持静止（左手）,recording,0.270424,5.880193,7.927138,0.000960,-0.001898,-0.005138
1306211560.000,YZJ,handheld,手持静止（左手）,recording,0.278944,5.885370,7.927573,0.006230,0.001686,-0.002924
1306211570.000,YZJ,handheld,手持静止（左手）,recording,0.323987,5.881700,7.911101,0.010526,0.003273,-0.002424
1306211580.000,YZJ,handheld,手持静止（左手）,recording,0.330740,5.883556,7.874791,0.012083,0.001873,-0.002379
1306211590.000,YZJ,handheld,手持静止（左手）,recording,0.330653,5.876052,7.856250,0.012395,0.001288,-0.002684
1306211600.000,YZJ,handheld,手持静止（左手）,recording,0.342747,5.861468,7.852768,0.013010,0.000213,-0.006777
1306211610.000,YZJ,handheld,手持静止（左手）,recording,0.327402,5.880099,7.848192,0.009679,0.000593,-0.008028
1306211620.000,YZJ,handheld,手持静止（左手）,recording,0.250720,5.863779,7.841818,0.004758,0.000611,-0.003387
1306211630.000,YZJ,handheld,手持静止（左手）,recording,0.249406,5.852640,7.852770,0.001135,0.000779,0.000427
1306211640.000,YZJ,handheld,手持静止（左手）,recording,0.312823,5.860246,7.939432,0.004838,-0.000298,-0.000730
1306211650.000,YZJ,handheld,手持静止（左手）,recording,0.350836,5.835591,7.953226,0.013487,0.000329,-0.007761
1306211660.000,YZJ,handheld,手持静止（左手）,recording,0.308305,5.855769,7.959323,0.024692,0.000563,-0.013929
1306211670.000,YZJ,handheld,手持静止（左手）,recording,0.237965,5.870652,7.877764,0.027274,-0.005456,-0.010425
1306211680.000,YZJ,handheld,手持静止（左手）,recording,0.195121,5.890024,7.787193,0.022578,-0.012906,-0.001084
1306211690.000,YZJ,handheld,手持静止（左手）,recording,0.218156,5.916086,7.710773,0.011185,-0.012468,0.009349
1306211700.000,YZJ,handheld,手持静止（左手）,recording,0.242108,5.890397,7.677412,-0.001409,-0.008955,0.021357
1306211710.000,YZJ,handheld,手持静止（左手）,recording,0.301692,5.863586,7.684818,-0.013271,-0.000270,0.027344
1306211720.000,YZJ,handheld,手持静止（左手）,recording,0.419660,5.825461,7.742767,-0.022321,0.009072,0.021076
1306211730.000,YZJ,handheld,手持静止（左手）,recording,0.440100,5.792692,7.841122,-0.024898,0.011514,0.004401
1306211740.000,YZJ,handheld,手持静止（左手）,recording,0.409974,5.808195,7.889355,-0.023858,-0.001102,-0.005709
1306211750.000,YZJ,handheld,手持静止（左手）,recording,0.313254,5.794783,7.914706,-0.022241,-0.015054,-0.005283
1306211760.000,YZJ,handheld,手持静止（左手）,recording,0.238599,5.803573,7.993121,-0.009910,-0.019978,0.001056
1306211770.000,YZJ,handheld,手持静止（左手）,recording,0.253764,5.827183,8.012726,0.003215,-0.007050,0.008553
1306211780.000,YZJ,handheld,手持静止（左手）,recording,0.273164,5.862780,8.012490,0.017202,0.004787,0.012451
1306211790.000,YZJ,handheld,手持静止（左手）,recording,0.264419,5.848533,7.955093,0.024037,0.006983,0.016744
1306211800.000,YZJ,handheld,手持静止（左手）,recording,0.291127,5.872303,7.892186,0.023226,0.002887,0.015882
1306211810.000,YZJ,handheld,手持静止（左手）,recording,0.325300,5.846534,7.862346,0.019825,-0.004094,0.013256
1306211820.000,YZJ,handheld,手持静止（左手）,recording,0.365635,5.829569,7.830843,0.018124,-0.006487,0.009376
1306211830.000,YZJ,handheld,手持静止（左手）,recording,0.396245,5.807820,7.810815,0.017315,-0.003365,0.001995
1306211840.000,YZJ,handheld,手持静止（左手）,recording,0.400570,5.818969,7.792114,0.016273,0.001918,-0.002973
1306211850.000,YZJ,handheld,手持静止（左手）,recording,0.371904,5.833398,7.755866,0.013630,0.003186,-0.003315
1306211860.000,YZJ,handheld,手持静止（左手）,recording,0.354064,5.860566,7.757054,0.008759,0.000263,-0.002770
1306211870.000,YZJ,handheld,手持静止（左手）,recording,0.367567,5.849968,7.780198,0.005114,0.000000,-0.002194
1306211880.000,YZJ,handheld,手持静止（左手）,recording,0.366687,5.879345,7.820930,0.002293,0.003158,-0.002391
1306211890.000,YZJ,handheld,手持静止（左手）,recording,0.353184,5.883858,7.843637,0.003001,0.009417,-0.002409
1306211900.000,YZJ,handheld,手持静止（左手）,recording,0.335187,5.875315,7.894027,0.003960,0.013410,-0.001979
1306211910.000,YZJ,handheld,手持静止（左手）,recording,0.307279,5.863717,7.930868,0.006829,0.011743,-0.002776
1306211920.000,YZJ,handheld,手持静止（左手）,recording,0.295948,5.883087,8.001678,0.016287,0.004959,-0.005896
1306211930.000,YZJ,handheld,手持静止（左手）,recording,0.255490,5.885100,7.965705,0.022389,0.000210,-0.004100
1306211940.000,YZJ,handheld,手持静止（左手）,recording,0.213934,5.897577,7.908658,0.023278,-0.006114,0.000495
1306211950.000,YZJ,handheld,手持静止（左手）,recording,0.226286,5.888244,7.851673,0.021854,-0.006756,0.008667
1306211960.000,YZJ,handheld,手持静止（左手）,recording,0.248425,5.873920,7.813524,0.018537,-0.000801,0.013886
1306211970.000,YZJ,handheld,手持静止（左手）,recording,0.329787,5.880760,7.791605,0.019285,0.001532,0.013286
1306211980.000,YZJ,handheld,手持静止（左手）,recording,0.359734,5.847327,7.775829,0.018678,0.000835,0.009253
1306211990.000,YZJ,handheld,手持静止（左手）,recording,0.385860,5.835408,7.737408,0.012558,-0.002871,0.004069
1306212000.000,YZJ,handheld,手持静止（左手）,recording,0.379088,5.844518,7.696764,0.005500,-0.009068,-0.000350
1306212010.000,YZJ,handheld,手持静止（左手）,recording,0.384815,5.852609,7.694522,-0.003432,-0.010891,-0.002297
1306212020.000,YZJ,handheld,手持静止（左手）,recording,0.417459,5.857132,7.715361,-0.010647,-0.003192,-0.005122
1306212030.000,YZJ,handheld,手持静止（左手）,recording,0.421886,5.891848,7.758424,-0.015640,0.006954,-0.010166
1306212040.000,YZJ,handheld,手持静止（左手）,recording,0.384062,5.890208,7.829929,-0.015821,0.011836,-0.015032
1306212050.000,YZJ,handheld,手持静止（左手）,recording,0.316994,5.894946,7.887281,-0.015600,0.010042,-0.016446
1306212060.000,YZJ,handheld,手持静止（左手）,recording,0.256577,5.884167,7.934420,-0.010325,0.003280,-0.014441
1306212070.000,YZJ,handheld,手持静止（左手）,recording,0.242399,5.870422,7.965709,-0.002882,0.001624,-0.010122
1306212080.000,YZJ,handheld,手持静止（左手）,recording,0.258406,5.878627,7.966389,0.008703,0.001973,-0.006438
1306212090.000,YZJ,handheld,手持静止（左手）,recording,0.227078,5.871878,7.956748,0.020605,0.003326,-0.002189
1306212100.000,YZJ,handheld,手持静止（左手）,recording,0.237667,5.882983,7.909649,0.027178,0.005088,0.002946
1306212110.000,YZJ,handheld,手持静止（左手）,recording,0.240784,5.883464,7.851882,0.027492,0.002196,0.005337
1306212120.000,YZJ,handheld,手持静止（左手）,recording,0.259014,5.875232,7.803713,0.022186,-0.003513,0.007338
1306212130.000,YZJ,handheld,手持静止（左手）,recording,0.297353,5.865467,7.754910,0.016041,-0.007443,0.009770
1306212140.000,YZJ,handheld,手持静止（左手）,recording,0.296707,5.888953,7.753456,0.010448,-0.007998,0.010948
1306212150.000,YZJ,handheld,手持静止（左手）,recording,0.356713,5.837121,7.745050,0.006079,-0.006348,0.007985
1306212160.000,YZJ,handheld,手持静止（左手）,recording,0.365404,5.845644,7.728846,0.001349,-0.003267,0.005650
1306212170.000,YZJ,handheld,手持静止（左手）,recording,0.369972,5.841373,7.719532,-0.004882,-0.000578,0.002741
1306212180.000,YZJ,handheld,手持静止（左手）,recording,0.347426,5.845366,7.743207,-0.010698,0.000633,-0.000117
1306212190.000,YZJ,handheld,手持静止（左手）,recording,0.322354,5.828441,7.777643,-0.015667,0.001898,0.000757
1306212200.000,YZJ,handheld,手持静止（左手）,recording,0.306725,5.845306,7.836695,-0.014905,0.000676,0.003968
1306212210.000,YZJ,handheld,手持静止（左手）,recording,0.302585,5.856289,7.863737,-0.010938,0.000691,0.005605
1306212220.000,YZJ,handheld,手持静止（左手）,recording,0.303017,5.859312,7.890139,-0.007069,0.001677,0.006071
1306212230.000,YZJ,handheld,手持静止（左手）,recording,0.306118,5.865948,7.883302,-0.005244,0.001717,0.008179
1306212240.000,YZJ,handheld,手持静止（左手）,recording,0.336879,5.846300,7.875528,-0.005033,0.000643,0.007773
1306212250.000,YZJ,handheld,手持静止（左手）,recording,0.346283,5.846361,7.869823,-0.002995,-0.000944,0.005441
1306212260.000,YZJ,handheld,手持静止（左手）,recording,0.374705,5.820767,7.901347,-0.000675,-0.001173,0.000822
1306212270.000,YZJ,handheld,手持静止（左手）,recording,0.365470,5.833534,7.881144,0.003260,-0.002175,-0.001245
1306212280.000,YZJ,handheld,手持静止（左手）,recording,0.326829,5.825383,7.898517,0.009435,-0.000260,-0.000452
1306212290.000,YZJ,handheld,手持静止（左手）,recording,0.307847,5.844312,7.881529,0.014509,-0.000017,-0.000721
1306212300.000,YZJ,handheld,手持静止（左手）,recording,0.323351,5.863132,7.840860,0.014309,-0.000667,-0.000933
1306212310.000,YZJ,handheld,手持静止（左手）,recording,0.300231,5.895387,7.804035,0.009363,-0.002748,0.000410
1306212320.000,YZJ,handheld,手持静止（左手）,recording,0.295601,5.888681,7.760325,0.004693,-0.006079,0.004255
1306212330.000,YZJ,handheld,手持静止（左手）,recording,0.297498,5.891130,7.775834,-0.000521,-0.000535,0.006033
1306212340.000,YZJ,handheld,手持静止（左手）,recording,0.300587,5.879133,7.823942,0.000550,0.002722,0.008310
1306212350.000,YZJ,handheld,手持静止（左手）,recording,0.316658,5.881253,7.822947,0.003321,0.005147,0.009883
1306212360.000,YZJ,handheld,手持静止（左手）,recording,0.329387,5.858726,7.829603,0.002364,0.008949,0.009405
1306212370.000,YZJ,handheld,手持静止（左手）,recording,0.331209,5.889920,7.816410,0.001673,0.003937,0.005248
1306212380.000,YZJ,handheld,手持静止（左手）,recording,0.334934,5.896307,7.824490,-0.002796,0.000800,0.000334
1306212390.000,YZJ,handheld,手持静止（左手）,recording,0.331793,5.889781,7.817070,-0.004398,-0.005130,-0.002072
1306212400.000,YZJ,handheld,手持静止（左手）,recording,0.292530,5.877361,7.843626,-0.006080,-0.006404,0.000419
1306212410.000,YZJ,handheld,手持静止（左手）,recording,0.252724,5.863001,7.859286,-0.005574,-0.003091,0.006891
1306212420.000,YZJ,handheld,手持静止（左手）,recording,0.262635,5.855270,7.859232,-0.002229,-0.000304,0.013988