timestamp_ms,user_name,hold_state,scene_tag,hand_mode,phase,orientation_label,orientation_index,acc_x,acc_y,acc_z,gyro_x,gyro_y,gyro_z
447638460.000,ZR,handheld,水平,right,recording,充电口朝内,1,-0.006597,0.459832,10.168674,0.049656,-0.042155,-0.029486
447638470.000,ZR,handheld,水平,right,recording,充电口朝内,1,-0.124608,0.414575,9.925920,0.046604,-0.020991,-0.024953
447638480.000,ZR,handheld,水平,right,recording,充电口朝内,1,-0.212182,0.400412,9.645900,0.017251,0.002345,-0.010717
447638490.000,ZR,handheld,水平,right,recording,充电口朝内,1,-0.217452,0.394120,9.518883,-0.020832,0.027851,-0.001017
447638500.000,ZR,handheld,水平,right,recording,充电口朝内,1,-0.142814,0.434916,9.579714,-0.039983,0.040500,0.000783
447638510.000,ZR,handheld,水平,right,recording,充电口朝内,1,-0.152658,0.441513,9.741579,-0.044266,0.042242,-0.000800
447638520.000,ZR,handheld,水平,right,recording,充电口朝内,1,-0.153268,0.454784,9.878993,-0.034238,0.031904,-0.003245
447638530.000,ZR,handheld,水平,right,recording,充电口朝内,1,-0.166505,0.435530,9.965637,-0.009854,0.006095,-0.010625
447638540.000,ZR,handheld,水平,right,recording,充电口朝内,1,-0.179221,0.416133,9.949906,0.010712,-0.016949,-0.016358
447638550.000,ZR,handheld,水平,right,recording,充电口朝内,1,-0.189038,0.427973,9.849262,0.022442,-0.031657,-0.022154
447638560.000,ZR,handheld,水平,right,recording,充电口朝内,1,-0.262684,0.379946,9.782514,0.020274,-0.021595,-0.018024
447638570.000,ZR,handheld,水平,right,recording,充电口朝内,1,-0.336243,0.356842,9.646550,-0.002055,-0.002988,-0.005574
447638580.000,ZR,handheld,水平,right,recording,充电口朝内,1,-0.348155,0.345377,9.675346,-0.022230,0.014206,0.007247
447638590.000,ZR,handheld,水平,right,recording,充电口朝内,1,-0.288700,0.365446,9.779710,-0.027631,0.026853,0.015937
447638600.000,ZR,handheld,水平,right,recording,充电口朝内,1,-0.237961,0.353509,9.880116,-0.021490,0.031527,0.020480
447638610.000,ZR,handheld,水平,right,recording,充电口朝内,1,-0.164889,0.390381,9.891389,-0.011922,0.020463,0.014997
447638620.000,ZR,handheld,水平,right,recording,充电口朝内,1,-0.161574,0.396584,9.811207,-0.007125,0.003798,0.008467
447638630.000,ZR,handheld,水平,right,recording,充电口朝内,1,-0.151646,0.405111,9.874724,-0.000460,0.001690,0.003292
447638640.000,ZR,handheld,水平,right,recording,充电口朝内,1,-0.166006,0.406557,9.819407,0.002258,0.000203,-0.000106
447638650.000,ZR,handheld,水平,right,recording,充电口朝内,1,-0.228326,0.404499,9.809981,0.003097,0.003000,0.000340
447638660.000,ZR,handheld,水平,right,recording,充电口朝内,1,-0.281469,0.402367,9.800650,0.000913,0.006664,0.007728
447638670.000,ZR,handheld,水平,right,recording,充电口朝内,1,-0.281216,0.366883,9.766691,-0.005515,0.011594,0.015042
447638680.000,ZR,handheld,水平,right,recording,充电口朝内,1,-0.259170,0.396557,9.750108,-0.012102,0.017126,0.019990
447638690.000,ZR,handheld,水平,right,recording,充电口朝内,1,-0.204951,0.375294,9.770120,-0.018565,0.025027,0.023590
447638700.000,ZR,handheld,水平,right,recording,充电口朝内,1,-0.167063,0.398674,9.782297,-0.023794,0.022974,0.024710
447638710.000,ZR,handheld,水平,right,recording,充电口朝内,1,-0.133663,0.383876,9.833110,-0.017559,0.014379,0.022369
447638720.000,ZR,handheld,水平,right,recording,充电口朝内,1,-0.123561,0.393352,9.884983,-0.007749,0.008090,0.018769
447638730.000,ZR,handheld,水平,right,recording,充电口朝内,1,-0.134878,0.425571,9.895787,-0.000285,0.007170,0.015692
447638740.000,ZR,handheld,水平,right,recording,充电口朝内,1,-0.177183,0.398995,9.898806,0.005495,0.019280,0.018441
447638750.000,ZR,handheld,水平,right,recording,充电口朝内,1,-0.174555,0.418464,9.808811,0.005495,0.018627,0.018757
447638760.000,ZR,handheld,水平,right,recording,充电口朝内,1,-0.160248,0.412528,9.712601,-0.000677,0.011767,0.017605
447638770.000,ZR,handheld,水平,right,recording,充电口朝内,1,-0.113369,0.412859,9.622988,-0.011357,0.002538,0.014251
447638780.000,ZR,handheld,水平,right,recording,充电口朝内,1,-0.126828,0.441453,9.646811,-0.027395,-0.001141,0.010077
447638790.000,ZR,handheld,水平,right,recording,充电口朝内,1,-0.145083,0.421703,9.822937,-0.029458,0.008472,0.008911
447638800.000,ZR,handheld,水平,right,recording,充电口朝内,1,-0.171037,0.406308,9.916359,-0.021459,0.011632,0.008992
447638810.000,ZR,handheld,水平,right,recording,充电口朝内,1,-0.169807,0.399131,9.911080,-0.009898,0.003899,0.008927
447638820.000,ZR,handheld,水平,right,recording,充电口朝内,1,-0.087198,0.423759,9.837325,-0.003233,-0.012843,0.002560
447638830.000,ZR,handheld,水平,right,recording,充电口朝内,1,-0.074995,0.410023,9.814733,-0.001945,-0.020934,-0.003000
447638840.000,ZR,handheld,水平,right,recording,充电口朝内,1,-0.137175,0.386434,9.897974,0.003383,-0.014603,-0.003562
447638850.000,ZR,handheld,水平,right,recording,充电口朝内,1,-0.177472,0.351860,9.889694,0.006636,-0.003728,-0.000039
447638860.000,ZR,handheld,水平,right,recording,充电口朝内,1,-0.227621,0.356456,9.872713,0.007325,0.006288,0.004951
447638870.000,ZR,handheld,水平,right,recording,充电口朝内,1,-0.236097,0.351431,9.817478,0.007134,0.009059,0.010573
447638880.000,ZR,handheld,水平,right,recording,充电口朝内,1,-0.200522,0.349752,9.726330,0.002434,0.002804,0.012456
447638890.000,ZR,handheld,水平,right,recording,充电口朝内,1,-0.129369,0.366508,9.705762,-0.005296,0.001188,0.006800
447638900.000,ZR,handheld,水平,right,recording,充电口朝内,1,-0.105904,0.379871,9.727684,-0.014622,0.005798,0.001934
447638910.000,ZR,handheld,水平,right,recording,充电口朝内,1,-0.166773,0.351491,9.833448,-0.012536,0.010742,0.002933
447638920.000,ZR,handheld,水平,right,recording,充电口朝内,1,-0.215380,0.364995,9.933596,-0.000307,0.011295,0.007012
447638930.000,ZR,handheld,水平,right,recording,充电口朝内,1,-0.201210,0.365961,9.891966,0.013191,0.005842,0.010385
447638940.000,ZR,handheld,水平,right,recording,充电口朝内,1,-0.128108,0.399743,9.812018,0.020827,-0.003835,0.004980
447638950.000,ZR,handheld,水平,right,recording,充电口朝内,1,-0.052135,0.435231,9.721587,0.017821,-0.006034,-0.003974
447638960.000,ZR,handheld,水平,right,recording,充电口朝内,1,-0.106304,0.433487,9.610183,0.005156,-0.005839,-0.012184
447638970.000,ZR,handheld,水平,right,recording,充电口朝内,1,-0.173543,0.396706,9.582877,-0.009716,-0.002905,-0.012930
447638980.000,ZR,handheld,水平,right,recording,充电口朝内,1,-0.257157,0.364514,9.652751,-0.023885,-0.002874,-0.009757
447638990.000,ZR,handheld,水平,right,recording,充电口朝内,1,-0.292848,0.395857,9.713144,-0.028587,-0.007046,-0.003946
447639000.000,ZR,handheld,水平,right,recording,充电口朝内,1,-0.296658,0.334130,9.867139,-0.019918,-0.007780,0.002846
447639010.000,ZR,handheld,水平,right,recording,充电口朝内,1,-0.289130,0.369920,9.933434,-0.006845,-0.015260,0.007657
447639020.000,ZR,handheld,水平,right,recording,充电口朝内,1,-0.232417,0.351036,9.960736,0.012670,-0.024898,0.010456
447639030.000,ZR,handheld,水平,right,recording,充电口朝内,1,-0.189186,0.374760,9.847392,0.020957,-0.028297,0.008503
447639040.000,ZR,handheld,水平,right,recording,充电口朝内,1,-0.086066,0.396109,9.633287,0.006779,-0.034862,0.002180
447639050.000,ZR,handheld,水平,right,recording,充电口朝内,1,-0.076139,0.399718,9.609733,-0.010619,-0.030739,-0.003995
447639060.000,ZR,handheld,水平,right,recording,充电口朝内,1,-0.098177,0.413146,9.693630,-0.028135,-0.014024,-0.006227
447639070.000,ZR,handheld,水平,right,recording,充电口朝内,1,-0.157174,0.368829,9.839002,-0.032594,-0.000661,-0.005377
447639080.000,ZR,handheld,水平,right,recording,充电口朝内,1,-0.212472,0.359100,9.932411,-0.028127,0.003991,-0.001704
447639090.000,ZR,handheld,水平,right,recording,充电口朝内,1,-0.236571,0.342368,9.969871,-0.015282,0.000590,0.004232
447639100.000,ZR,handheld,水平,right,recording,充电口朝内,1,-0.224665,0.360330,9.932300,-0.004391,-0.002745,0.006457
447639110.000,ZR,handheld,水平,right,recording,充电口朝内,1,-0.201767,0.342809,9.885193,-0.002904,-0.003453,0.008511
447639120.000,ZR,handheld,水平,right,recording,充电口朝内,1,-0.153763,0.366223,9.899673,0.000393,-0.004645,0.004266
447639130.000,ZR,handheld,水平,right,recording,充电口朝内,1,-0.172428,0.341212,9.892330,0.004594,-0.005658,0.002609
447639140.000,ZR,handheld,水平,right,recording,充电口朝内,1,-0.167480,0.339291,9.866812,0.005015,-0.008169,0.000691
447639150.000,ZR,handheld,水平,right,recording,充电口朝内,1,-0.194798,0.345378,9.881590,0.008717,-0.010457,0.001661
447639160.000,ZR,handheld,水平,right,recording,充电口朝内,1,-0.234806,0.318712,9.899961,0.012144,-0.002216,0.005017
447639170.000,ZR,handheld,水平,right,recording,充电口朝内,1,-0.285389,0.355316,9.836360,0.010257,-0.000620,0.011784
447639180.000,ZR,handheld,水平,right,recording,充电口朝内,1,-0.214330,0.353549,9.798371,0.005836,0.003221,0.015903
447639190.000,ZR,handheld,水平,right,recording,充电口朝内,1,-0.191726,0.373372,9.808977,0.002334,0.003934,0.016623
447639200.000,ZR,handheld,水平,right,recording,充电口朝内,1,-0.186016,0.392794,9.854850,0.004932,0.005090,0.015150
447639210.000,ZR,handheld,水平,right,recording,充电口朝内,1,-0.179148,0.392443,9.855285,0.010043,-0.003159,0.012255
447639220.000,ZR,handheld,水平,right,recording,充电口朝内,1,-0.172281,0.392908,9.895626,0.020786,-0.012613,0.009520
447639230.000,ZR,handheld,水平,right,recording,充电口朝内,1,-0.161656,0.389976,9.813976,0.026503,-0.020319,0.005564
447639240.000,ZR,handheld,水平,right,recording,充电口朝内,1,-0.172722,0.367829,9.726315,0.021079,-0.021424,0.005249
447639250.000,ZR,handheld,水平,right,recording,充电口朝内,1,-0.208755,0.358960,9.720594,0.013167,-0.014629,0.008937
447639260.000,ZR,handheld,水平,right,recording,充电口朝内,1,-0.190735,0.351343,9.739475,0.005384,-0.004484,0.011729
447639270.000,ZR,handheld,水平,right,recording,充电口朝内,1,-0.221445,0.370548,9.778737,-0.002083,0.008050,0.014418
447639280.000,ZR,handheld,水平,right,recording,充电口朝内,1,-0.231873,0.371331,9.832316,-0.002240,0.007920,0.015953
447639290.000,ZR,handheld,水平,right,recording,充电口朝内,1,-0.206034,0.346718,9.845923,0.006066,-0.001295,0.017092
447639300.000,ZR,handheld,水平,right,recording,充电口朝内,1,-0.209956,0.363470,9.844310,0.011500,-0.011823,0.020012
447639310.000,ZR,handheld,水平,right,recording,充电口朝内,1,-0.198808,0.356157,9.893004,0.017785,-0.013809,0.020787
447639320.000,ZR,handheld,水平,right,recording,充电口朝内,1,-0.179756,0.361015,9.864413,0.019724,-0.008246,0.022021
447639330.000,ZR,handheld,水平,right,recording,充电口朝内,1,-0.204776,0.375723,9.847804,0.019736,0.002593,0.027460
447639340.000,ZR,handheld,水平,right,recording,充电口朝内,1,-0.189959,0.357553,9.810047,0.016851,0.011191,0.030891
447639350.000,ZR,handheld,水平,right,recording,充电口朝内,1,-0.181889,0.389619,9.761228,0.010036,0.011237,0.033822
447639360.000,ZR,handheld,水平,right,recording,充电口朝内,1,-0.159902,0.405257,9.822831,0.009130,0.013719,0.034766
447639370.000,ZR,handheld,水平,right,recording,充电口朝内,1,-0.098038,0.390090,9.848147,0.009637,0.015275,0.030126
447639380.000,ZR,handheld,水平,right,recording,充电口朝内,1,-0.067782,0.451799,9.822138,0.012188,0.003465,0.021334
447639390.000,ZR,handheld,水平,right,recording,充电口朝内,1,-0.077967,0.417552,9.865643,0.020587,0.001050,0.014489
447639400.000,ZR,handheld,水平,right,recording,充电口朝内,1,-0.117131,0.446327,9.799227,0.021502,-0.002045,0.008439
447639410.000,ZR,handheld,水平,right,recording,充电口朝内,1,-0.172750,0.421787,9.800203,0.023502,-0.006298,0.010279
447639420.000,ZR,handheld,水平,right,recording,充电口朝内,1,-0.149779,0.417902,9.796981,0.022866,0.000145,0.010473
447639430.000,ZR,handheld,水平,right,recording,充电口朝内,1,-0.168871,0.443943,9.680756,0.014259,0.002159,0.011404
447639440.000,ZR,handheld,水平,right,recording,充电口朝内,1,-0.146667,0.427132,9.749845,0.008798,0.004804,0.011501
447639450.000,ZR,handheld,水平,right,recording,充电口朝内,1,-0.142726,0.398910,9.728462,0.002237,0.005454,0.009643
447639460.000,ZR,handheld,水平,right,recording,充电口朝内,1,-0.098336,0.440240,9.779516,0.000714,-0.000582,0.004483
447639470.000,ZR,handheld,水平,right,recording,充电口朝内,1,-0.094727,0.411767,9.899081,0.013006,-0.003230,-0.000252
447639480.000,ZR,handheld,水平,right,recording,充电口朝内,1,-0.136826,0.418924,9.857566,0.022050,-0.005577,-0.002297
447639490.000,ZR,handheld,水平,right,recording,充电口朝内,1,-0.159379,0.400818,9.783948,0.021732,-0.003020,-0.003831
447639500.000,ZR,handheld,水平,right,recording,充电口朝内,1,-0.184552,0.385516,9.647411,0.007297,0.003886,-0.000555
447639510.000,ZR,handheld,水平,right,recording,充电口朝内,1,-0.212892,0.387453,9.696685,-0.002354,0.013208,0.005089
447639520.000,ZR,handheld,水平,right,recording,充电口朝内,1,-0.223262,0.410316,9.708542,-0.006770,0.010763,0.010831
447639530.000,ZR,handheld,水平,right,recording,充电口朝内,1,-0.173252,0.411331,9.718139,-0.007874,0.002190,0.011596
447639540.000,ZR,handheld,水平,right,recording,充电口朝内,1,-0.092128,0.422992,9.760920,-0.006272,-0.007461,0.006022
447639550.000,ZR,handheld,水平,right,recording,充电口朝内,1,-0.082793,0.414520,9.787085,-0.005751,-0.010793,-0.000668
447639560.000,ZR,handheld,水平,right,recording,充电口朝内,1,-0.117463,0.404668,9.880957,-0.000349,-0.007553,-0.003141
447639570.000,ZR,handheld,水平,right,recording,充电口朝内,1,-0.189028,0.407923,9.894687,0.009399,-0.008683,-0.002066
447639580.000,ZR,handheld,水平,right,recording,充电口朝内,1,-0.174126,0.373912,9.851366,0.016632,-0.013782,0.000034
447639590.000,ZR,handheld,水平,right,recording,充电口朝内,1,-0.202552,0.413285,9.815720,0.019257,-0.018523,0.001746
447639600.000,ZR,handheld,水平,right,recording,充电口朝内,1,-0.163773,0.413214,9.770855,0.018304,-0.016652,0.002164
447639610.000,ZR,handheld,水平,right,recording,充电口朝内,1,-0.194429,0.392573,9.669690,0.005753,-0.009558,0.006190
447639620.000,ZR,handheld,水平,right,recording,充电口朝内,1,-0.164229,0.407761,9.650367,-0.009241,-0.003355,0.010035
447639630.000,ZR,handheld,水平,right,recording,充电口朝内,1,-0.150963,0.432017,9.754481,-0.017344,0.003324,0.009158
447639640.000,ZR,handheld,水平,right,recording,充电口朝内,1,-0.174834,0.398845,9.829261,-0.016252,0.013639,0.012205
447639650.000,ZR,handheld,水平,right,recording,充电口朝内,1,-0.116993,0.462440,9.861756,-0.007062,0.007294,0.008260
447639660.000,ZR,handheld,水平,right,recording,充电口朝内,1,-0.146396,0.450899,9.897661,0.004861,-0.000316,0.005019
447639670.000,ZR,handheld,水平,right,recording,充电口朝内,1,-0.132090,0.438049,9.844967,0.014529,-0.004296,0.001020
447639680.000,ZR,handheld,水平,right,recording,充电口朝内,1,-0.159557,0.456263,9.710395,0.010689,-0.015079,-0.001117
447639690.000,ZR,handheld,水平,right,recording,充电口朝内,1,-0.162405,0.413993,9.678814,0.001234,-0.014574,-0.001019
447639700.000,ZR,handheld,水平,right,recording,充电口朝内,1,-0.164038,0.445113,9.703334,-0.006835,-0.011156,-0.001204
447639710.000,ZR,handheld,水平,right,recording,充电口朝内,1,-0.187100,0.421265,9.774225,-0.009892,-0.006482,0.000248
447639720.000,ZR,handheld,水平,right,recording,充电口朝内,1,-0.168475,0.430488,9.847563,-0.004231,-0.012943,0.001175
447639730.000,ZR,handheld,水平,right,recording,充电口朝内,1,-0.176249,0.428065,9.924541,0.006749,-0.016026,0.000449
447639740.000,ZR,handheld,水平,right,recording,充电口朝内,1,-0.176184,0.432966,9.936638,0.016987,-0.016954,0.001048
447639750.000,ZR,handheld,水平,right,recording,充电口朝内,1,-0.170253,0.433056,9.832755,0.018335,-0.013685,0.002776
447639760.000,ZR,handheld,水平,right,recording,充电口朝内,1,-0.168229,0.420702,9.731771,0.005186,-0.007970,0.004505
447639770.000,ZR,handheld,水平,right,recording,充电口朝内,1,-0.134693,0.418447,9.734881,-0.004972,-0.002673,0.003954
447639780.000,ZR,handheld,水平,right,recording,充电口朝内,1,-0.100647,0.435798,9.787651,-0.011738,0.002767,0.000723
447639790.000,ZR,handheld,水平,right,recording,充电口朝内,1,-0.145866,0.407102,9.831612,-0.014690,0.010064,0.000826
447639800.000,ZR,handheld,水平,right,recording,充电口朝内,1,-0.189309,0.413219,9.899071,-0.009386,0.012080,0.003910
447639810.000,ZR,handheld,水平,right,recording,充电口朝内,1,-0.169827,0.410362,9.970636,0.004698,0.006842,0.007824
447639820.000,ZR,handheld,水平,right,recording,充电口朝内,1,-0.166012,0.415457,9.971843,0.022024,0.002692,0.008883
447639830.000,ZR,handheld,水平,right,recording,充电口朝内,1,-0.106725,0.445544,9.915254,0.034875,-0.002216,0.005915
447639840.000,ZR,handheld,水平,right,recording,充电口朝内,1,-0.089040,0.438203,9.835206,0.042148,-0.006117,0.000360
447639850.000,ZR,handheld,水平,right,recording,充电口朝内,1,-0.117244,0.456731,9.662323,0.033760,-0.010010,-0.002657
447639860.000,ZR,handheld,水平,right,recording,充电口朝内,1,-0.137977,0.424628,9.594573,0.014467,-0.003109,-0.001424
447639870.000,ZR,handheld,水平,right,recording,充电口朝内,1,-0.162326,0.435574,9.644465,-0.001909,0.006086,0.000081
447639880.000,ZR,handheld,水平,right,recording,充电口朝内,1,-0.151501,0.410302,9.710954,-0.007722,0.011410,0.003566
447639890.000,ZR,handheld,水平,right,recording,充电口朝内,1,-0.159705,0.431116,9.824904,-0.002086,0.010079,0.004818
447639900.000,ZR,handheld,水平,right,recording,充电口朝内,1,-0.130313,0.462228,9.900573,0.014961,0.005578,0.000317
447639910.000,ZR,handheld,水平,right,recording,充电口朝内,1,-0.131720,0.468504,9.792945,0.020955,0.001187,-0.005234
447639920.000,ZR,handheld,水平,right,recording,充电口朝内,1,-0.141897,0.494498,9.680200,0.019741,-0.003274,-0.010230
447639930.000,ZR,handheld,水平,right,recording,充电口朝内,1,-0.151382,0.462569,9.568254,0.005715,-0.003867,-0.012645
447639940.000,ZR,handheld,水平,right,recording,充电口朝内,1,-0.118957,0.476394,9.542732,-0.012808,-0.004966,-0.018000
447639950.000,ZR,handheld,水平,right,recording,充电口朝内,1,-0.204984,0.442904,9.621047,-0.025327,-0.000841,-0.016956
447639960.000,ZR,handheld,水平,right,recording,充电口朝内,1,-0.259451,0.413273,9.735669,-0.028258,-0.000535,-0.010696
447639970.000,ZR,handheld,水平,right,recording,充电口朝内,1,-0.224161,0.410081,9.841650,-0.022675,-0.000011,-0.005137
447639980.000,ZR,handheld,水平,right,recording,充电口朝内,1,-0.238324,0.424866,9.865069,-0.011166,-0.007376,-0.001109
447639990.000,ZR,handheld,水平,right,recording,充电口朝内,1,-0.175427,0.408163,9.899199,0.002298,-0.015366,-0.001147
447640000.000,ZR,handheld,水平,right,recording,充电口朝内,1,-0.156876,0.410524,9.834734,0.008209,-0.018891,-0.001021
447640010.000,ZR,handheld,水平,right,recording,充电口朝内,1,-0.142483,0.427402,9.803132,0.007180,-0.010435,-0.001099
447640020.000,ZR,handheld,水平,right,recording,充电口朝内,1,-0.176165,0.429689,9.740642,-0.001176,0.001177,-0.000516
447640030.000,ZR,handheld,水平,right,recording,充电口朝内,1,-0.167616,0.416482,9.708177,-0.013946,0.008087,0.001193
447640040.000,ZR,handheld,水平,right,recording,充电口朝内,1,-0.132178,0.400161,9.793338,-0.017448,0.010112,-0.000177
447640050.000,ZR,handheld,水平,right,recording,充电口朝内,1,-0.152635,0.395550,9.833796,-0.014680,0.006265,-0.001176
447640060.000,ZR,handheld,水平,right,recording,充电口朝内,1,-0.212527,0.396071,9.881657,-0.007970,-0.003887,0.000146
447640070.000,ZR,handheld,水平,right,recording,充电口朝内,1,-0.215622,0.379024,9.896738,-0.005518,-0.000267,0.001891
447640080.000,ZR,handheld,水平,right,recording,充电口朝内,1,-0.231026,0.381614,9.838595,-0.007975,0.007993,0.006675
447640090.000,ZR,handheld,水平,right,recording,充电口朝内,1,-0.200087,0.399372,9.836209,-0.008199,0.006536,0.011170
447640100.000,ZR,handheld,水平,right,recording,充电口朝内,1,-0.182195,0.370582,9.855867,-0.005206,0.004016,0.014589
447640110.000,ZR,handheld,水平,right,recording,充电口朝内,1,-0.152852,0.441594,9.884013,0.001990,0.000042,0.012950
447640120.000,ZR,handheld,水平,right,recording,充电口朝内,1,-0.125144,0.463695,9.869362,0.007481,0.000255,0.009627
447640130.000,ZR,handheld,水平,right,recording,充电口朝内,1,-0.128691,0.466968,9.844666,0.013079,0.004552,0.006995
447640140.000,ZR,handheld,水平,right,recording,充电口朝内,1,-0.147664,0.491127,9.757429,0.010571,0.005522,0.006755
447640150.000,ZR,handheld,水平,right,recording,充电口朝内,1,-0.139340,0.472333,9.674667,0.001972,0.003733,0.006337
447640160.000,ZR,handheld,水平,right,recording,充电口朝内,1,-0.122186,0.461935,9.711151,-0.005589,0.010102,0.005623
447640170.000,ZR,handheld,水平,right,recording,充电口朝内,1,-0.155492,0.464575,9.733358,-0.013421,0.007972,0.002804
447640180.000,ZR,handheld,水平,right,recording,充电口朝内,1,-0.102415,0.477764,9.768234,-0.013227,0.004687,-0.002300
447640190.000,ZR,handheld,水平,right,recording,充电口朝内,1,-0.138902,0.446935,9.823525,-0.008494,0.001209,-0.004276
447640200.000,ZR,handheld,水平,right,recording,充电口朝内,1,-0.143678,0.459117,9.825858,-0.001596,-0.006000,-0.006691
447640210.000,ZR,handheld,水平,right,recording,充电口朝内,1,-0.172327,0.408879,9.843919,0.003425,-0.000072,-0.004628
447640220.000,ZR,handheld,水平,right,recording,充电口朝内,1,-0.183154,0.383626,9.798163,-0.001500,0.009053,-0.002054
447640230.000,ZR,handheld,水平,right,recording,充电口朝内,1,-0.193983,0.396598,9.728389,-0.010561,0.018412,-0.000108
447640240.000,ZR,handheld,水平,right,recording,充电口朝内,1,-0.184262,0.360833,9.746268,-0.017546,0.025599,0.001620
447640250.000,ZR,handheld,水平,right,recording,充电口朝内,1,-0.147251,0.387374,9.763812,-0.020689,0.019156,-0.000617
447640260.000,ZR,handheld,水平,right,recording,充电口朝内,1,-0.155915,0.379494,9.818410,-0.015651,0.007687,-0.003416
447640270.000,ZR,handheld,水平,right,recording,充电口朝内,1,-0.166786,0.387259,9.873870,-0.006211,-0.009042,-0.004688
447640280.000,ZR,handheld,水平,right,recording,充电口朝内,1,-0.171100,0.402275,9.915942,0.008082,-0.017818,-0.008065
447640290.000,ZR,handheld,水平,right,recording,充电口朝内,1,-0.165648,0.433218,9.850365,0.015418,-0.017424,-0.009785
447640300.000,ZR,handheld,水平,right,recording,充电口朝内,1,-0.183517,0.429063,9.738769,0.005933,-0.007212,-0.008442
447640310.000,ZR,handheld,水平,right,recording,充电口朝内,1,-0.213364,0.425209,9.722898,-0.004025,0.004760,-0.003671
447640320.000,ZR,handheld,水平,right,recording,充电口朝内,1,-0.204055,0.426082,9.776307,-0.006330,0.012712,-0.001353
447640330.000,ZR,handheld,水平,right,recording,充电口朝内,1,-0.173874,0.440894,9.719102,-0.011732,0.014914,-0.001577
447640340.000,ZR,handheld,水平,right,recording,充电口朝内,1,-0.123781,0.437040,9.728254,-0.015963,0.018499,-0.005521
447640350.000,ZR,handheld,水平,right,recording,充电口朝内,1,-0.139748,0.445146,9.713934,-0.019242,0.017172,-0.008596
447640360.000,ZR,handheld,水平,right,recording,充电口朝内,1,-0.185919,0.435378,9.739313,-0.018474,0.011455,-0.011061
447640370.000,ZR,handheld,水平,right,recording,充电口朝内,1,-0.222036,0.435967,9.776228,-0.013346,0.000241,-0.010068
447640380.000,ZR,handheld,水平,right,recording,充电口朝内,1,-0.232154,0.401589,9.834219,-0.005570,-0.003786,-0.008750
447640390.000,ZR,handheld,水平,right,recording,充电口朝内,1,-0.199865,0.414625,9.820422,-0.000104,-0.003380,-0.009289
447640400.000,ZR,handheld,水平,right,recording,充电口朝内,1,-0.214564,0.388647,9.767040,-0.003564,-0.002087,-0.008478
447640410.000,ZR,handheld,水平,right,recording,充电口朝内,1,-0.226192,0.361504,9.741812,-0.009899,0.001603,-0.008706
447640420.000,ZR,handheld,水平,right,recording,充电口朝内,1,-0.292377,0.332129,9.711469,-0.020839,0.006039,-0.002786
447640430.000,ZR,handheld,水平,right,recording,充电口朝内,1,-0.253541,0.323232,9.814979,-0.025157,0.015541,0.003155
447640440.000,ZR,handheld,水平,right,recording,充电口朝内,1,-0.240862,0.337955,9.823300,-0.028100,0.022244,0.007460
447640450.000,ZR,handheld,水平,right,recording,充电口朝内,1,-0.254329,0.354437,9.895582,-0.022914,0.023891,0.011849
447640460.000,ZR,handheld,水平,right,recording,充电口朝内,1,-0.219378,0.372034,9.931574,-0.008959,0.016487,0.013309
447640470.000,ZR,handheld,水平,right,recording,充电口朝内,1,-0.140828,0.386347,9.821289,-0.004887,0.001052,0.009049
447640480.000,ZR,handheld,水平,right,recording,充电口朝内,1,-0.097882,0.401563,9.836949,-0.005124,0.000283,0.001514
447640490.000,ZR,handheld,水平,right,recording,充电口朝内,1,-0.161741,0.385121,9.864186,-0.004672,0.003741,-0.001109
447640500.000,ZR,handheld,水平,right,recording,充电口朝内,1,-0.201762,0.378533,9.864733,-0.003835,0.009164,0.001036
447640510.000,ZR,handheld,水平,right,recording,充电口朝内,1,-0.204811,0.382122,9.845295,-0.004370,0.010499,0.005171
447640520.000,ZR,handheld,水平,right,recording,充电口朝内,1,-0.179024,0.378128,9.830711,-0.001775,0.012559,0.006636
447640530.000,ZR,handheld,水平,right,recording,充电口朝内,1,-0.189278,0.399427,9.843696,-0.000322,0.013948,0.007839
447640540.000,ZR,handheld,水平,right,recording,充电口朝内,1,-0.179560,0.404270,9.816466,-0.000412,0.011755,0.007058
447640550.000,ZR,handheld,水平,right,recording,充电口朝内,1,-0.159993,0.415613,9.792301,0.000284,0.009133,0.007883
447640560.000,ZR,handheld,水平,right,recording,充电口朝内,1,-0.165338,0.415655,9.777848,-0.001430,0.006425,0.005338
447640570.000,ZR,handheld,水平,right,recording,充电口朝内,1,-0.149350,0.445034,9.751354,-0.002916,0.001276,0.001863
447640580.000,ZR,handheld,水平,right,recording,充电口朝内,1,-0.135814,0.429620,9.810027,-0.001005,0.000046,-0.001694
447640590.000,ZR,handheld,水平,right,recording,充电口朝内,1,-0.175503,0.457531,9.797452,-0.002035,0.001311,-0.002162
447640600.000,ZR,handheld,水平,right,recording,充电口朝内,1,-0.184494,0.419429,9.809762,-0.002314,0.003096,-0.002541
447640610.000,ZR,handheld,水平,right,recording,充电口朝内,1,-0.190234,0.410882,9.793060,-0.005470,0.001694,-0.004146
447640620.000,ZR,handheld,水平,right,recording,充电口朝内,1,-0.169289,0.397547,9.817222,-0.003688,0.000608,-0.004617
447640630.000,ZR,handheld,水平,right,recording,充电口朝内,1,-0.195523,0.398375,9.856317,0.001983,-0.000351,-0.003476
447640640.000,ZR,handheld,水平,right,recording,充电口朝内,1,-0.251003,0.383635,9.876869,0.007068,-0.000365,-0.001390
447640650.000,ZR,handheld,水平,right,recording,充电口朝内,1,-0.239509,0.390810,9.839171,0.010501,-0.003196,-0.000747
447640660.000,ZR,handheld,水平,right,recording,充电口朝内,1,-0.241392,0.366333,9.782074,0.008162,-0.000996,-0.000298
447640670.000,ZR,handheld,水平,right,recording,充电口朝内,1,-0.220921,0.369862,9.759927,0.002411,0.000734,-0.000522
447640680.000,ZR,handheld,水平,right,recording,充电口朝内,1,-0.224999,0.357430,9.745946,-0.006306,0.001368,-0.000168
447640690.000,ZR,handheld,水平,right,recording,充电口朝内,1,-0.216990,0.346822,9.778436,-0.011242,0.004415,0.000263
447640700.000,ZR,handheld,水平,right,recording,充电口朝内,1,-0.229277,0.342927,9.859237,-0.011546,0.010735,0.000481
447640710.000,ZR,handheld,水平,right,recording,充电口朝内,1,-0.294330,0.355372,9.916479,-0.004649,0.014745,0.005915
447640720.000,ZR,handheld,水平,right,recording,充电口朝内,1,-0.299389,0.336581,9.950071,0.008349,0.012436,0.011235
447640730.000,ZR,handheld,水平,right,recording,充电口朝内,1,-0.236695,0.355619,9.883470,0.017670,0.002320,0.013220
447640740.000,ZR,handheld,水平,right,recording,充电口朝内,1,-0.173855,0.388323,9.868541,0.024575,-0.004427,0.008956
447640750.000,ZR,handheld,水平,right,recording,充电口朝内,1,-0.149445,0.387861,9.775464,0.022797,-0.002615,0.004416
447640760.000,ZR,handheld,水平,right,recording,充电口朝内,1,-0.171878,0.379279,9.762725,0.018099,0.006470,0.004852
447640770.000,ZR,handheld,水平,right,recording,充电口朝内,1,-0.200682,0.391523,9.762619,0.012254,0.011064,0.004947
447640780.000,ZR,handheld,水平,right,recording,充电口朝内,1,-0.195232,0.382107,9.729373,0.007797,0.012650,0.004652
447640790.000,ZR,handheld,水平,right,recording,充电口朝内,1,-0.214606,0.379569,9.744447,0.003544,0.011910,0.004981
447640800.000,ZR,handheld,水平,right,recording,充电口朝内,1,-0.206356,0.398335,9.719222,-0.000255,0.012067,0.003372
447640810.000,ZR,handheld,水平,right,recording,充电口朝内,1,-0.194748,0.409080,9.732693,-0.004629,0.007375,0.001564
447640820.000,ZR,handheld,水平,right,recording,充电口朝内,1,-0.234176,0.395678,9.790865,-0.002450,0.003920,0.002517
447640830.000,ZR,handheld,水平,right,recording,充电口朝内,1,-0.240104,0.403488,9.836108,0.007284,0.002406,0.005875
447640840.000,ZR,handheld,水平,right,recording,充电口朝内,1,-0.243675,0.423272,9.855988,0.015840,0.004532,0.007980
447640850.000,ZR,handheld,水平,right,recording,充电口朝内,1,-0.203853,0.433119,9.765605,0.016878,0.007729,0.006814
447640860.000,ZR,handheld,水平,right,recording,充电口朝内,1,-0.172385,0.431431,9.661719,0.010086,0.006592,0.003373
447640870.000,ZR,handheld,水平,right,recording,充电口朝内,1,-0.166948,0.445259,9.623828,0.000395,0.002983,-0.000713
447640880.000,ZR,handheld,水平,right,recording,充电口朝内,1,-0.205446,0.442239,9.663887,-0.006623,0.002760,-0.001749
447640890.000,ZR,handheld,水平,right,recording,充电口朝内,1,-0.214778,0.415681,9.698974,-0.011891,0.003667,-0.001250
447640900.000,ZR,handheld,水平,right,recording,充电口朝内,1,-0.223550,0.428659,9.700368,-0.017520,-0.000380,-0.001222
447640910.000,ZR,handheld,水平,right,recording,充电口朝内,1,-0.213447,0.407294,9.749611,-0.014929,-0.009366,-0.000851
447640920.000,ZR,handheld,水平,right,recording,充电口朝内,1,-0.214830,0.393431,9.789062,-0.011524,-0.012644,-0.000044
447640930.000,ZR,handheld,水平,right,recording,充电口朝内,1,-0.212088,0.404397,9.833601,-0.007276,-0.012607,0.001722
447640940.000,ZR,handheld,水平,right,recording,充电口朝内,1,-0.202358,0.416745,9.841209,-0.002315,-0.018318,0.003203
447640950.000,ZR,handheld,水平,right,recording,充电口朝内,1,-0.156784,0.419535,9.802488,-0.002277,-0.024131,0.000518
447640960.000,ZR,handheld,水平,right,recording,充电口朝内,1,-0.103582,0.425399,9.773454,-0.006916,-0.020081,-0.003140
447640970.000,ZR,handheld,水平,right,recording,充电口朝内,1,-0.128925,0.414209,9.801344,-0.010471,-0.009361,-0.005165
447640980.000,ZR,handheld,水平,right,recording,充电口朝内,1,-0.160691,0.374037,9.826076,-0.014987,-0.000961,-0.005525
447640990.000,ZR,handheld,水平,right,recording,充电口朝内,1,-0.225495,0.337346,9.827894,-0.019815,-0.001111,-0.001905
447641000.000,ZR,handheld,水平,right,recording,充电口朝内,1,-0.213906,0.324201,9.948090,-0.012638,0.004953,-0.001139
447641010.000,ZR,handheld,水平,right,recording,充电口朝内,1,-0.215276,0.344908,9.942388,-0.005013,0.004847,-0.001028
447641020.000,ZR,handheld,水平,right,recording,充电口朝内,1,-0.220220,0.341252,9.885441,0.000494,0.000487,-0.000505
447641030.000,ZR,handheld,水平,right,recording,充电口朝内,1,-0.184241,0.357480,9.826916,0.002677,-0.003255,0.001538
447641040.000,ZR,handheld,水平,right,recording,充电口朝内,1,-0.186717,0.386496,9.841467,0.002471,-0.003705,0.002882
447641050.000,ZR,handheld,水平,right,recording,充电口朝内,1,-0.226629,0.388162,9.813191,0.001987,-0.003580,0.002754
447641060.000,ZR,handheld,水平,right,recording,充电口朝内,1,-0.213302,0.419868,9.780668,-0.001021,-0.006671,0.003349
447641070.000,ZR,handheld,水平,right,recording,充电口朝内,1,-0.205380,0.424197,9.836129,-0.000176,-0.006132,0.002665
447641080.000,ZR,handheld,水平,right,recording,充电口朝内,1,-0.195460,0.445342,9.879054,0.003829,-0.000905,0.000830
447641090.000,ZR,handheld,水平,right,recording,充电口朝内,1,-0.228176,0.427451,9.904237,0.010202,0.005360,0.000772
447641100.000,ZR,handheld,水平,right,recording,充电口朝内,1,-0.250596,0.405612,9.878221,0.015722,0.004938,0.004908
447641110.000,ZR,handheld,水平,right,recording,充电口朝内,1,-0.198605,0.419042,9.804035,0.018782,-0.003801,0.004360
447641120.000,ZR,handheld,水平,right,recording,充电口朝内,1,-0.141912,0.412284,9.714236,0.012592,-0.007147,0.000511
447641130.000,ZR,handheld,水平,right,recording,充电口朝内,1,-0.134609,0.443893,9.676562,-0.000023,-0.005095,-0.004234
447641140.000,ZR,handheld,水平,right,recording,充电口朝内,1,-0.183255,0.416042,9.681696,-0.011786,0.005530,-0.005163
447641150.000,ZR,handheld,水平,right,recording,充电口朝内,1,-0.192466,0.403535,9.661211,-0.023752,0.010588,-0.005342
447641160.000,ZR,handheld,水平,right,recording,充电口朝内,1,-0.232853,0.402933,9.782789,-0.022942,0.008129,-0.003579
447641170.000,ZR,handheld,水平,right,recording,充电口朝内,1,-0.229862,0.401274,9.874357,-0.010056,-0.001687,-0.002937
447641180.000,ZR,handheld,水平,right,recording,充电口朝内,1,-0.179014,0.372445,9.909178,0.002071,-0.004497,-0.009223
447641190.000,ZR,handheld,水平,right,recording,充电口朝内,1,-0.216058,0.372035,9.854558,0.008707,-0.008049,-0.012786
447641200.000,ZR,handheld,水平,right,recording,充电口朝内,1,-0.259047,0.335486,9.838431,0.012135,-0.008244,-0.008237
447641210.000,ZR,handheld,水平,right,recording,充电口朝内,1,-0.317084,0.340043,9.786044,0.010339,-0.007988,-0.000220
447641220.000,ZR,handheld,水平,right,recording,充电口朝内,1,-0.285136,0.351858,9.743165,0.000017,0.001250,0.006045
447641230.000,ZR,handheld,水平,right,recording,充电口朝内,1,-0.220947,0.364097,9.707309,-0.012602,0.015900,0.010063
447641240.000,ZR,handheld,水平,right,recording,充电口朝内,1,-0.189924,0.393392,9.726130,-0.022354,0.021622,0.010913
447641250.000,ZR,handheld,水平,right,recording,充电口朝内,1,-0.158363,0.400297,9.808710,-0.020863,0.020352,0.008310
447641260.000,ZR,handheld,水平,right,recording,充电口朝内,1,-0.129285,0.426609,9.883785,-0.011028,0.008756,0.000315
447641270.000,ZR,handheld,水平,right,recording,充电口朝内,1,-0.157959,0.427231,9.946147,0.007391,0.001034,-0.004629
447641280.000,ZR,handheld,水平,right,recording,充电口朝内,1,-0.185996,0.406238,9.926910,0.019907,-0.000390,-0.005497
447641290.000,ZR,handheld,水平,right,recording,充电口朝内,1,-0.241639,0.434991,9.852859,0.024300,0.002583,-0.004771
447641300.000,ZR,handheld,水平,right,recording,充电口朝内,1,-0.257263,0.426593,9.767215,0.017832,0.011116,-0.001043
447641310.000,ZR,handheld,水平,right,recording,充电口朝内,1,-0.206840,0.417400,9.632337,0.004133,0.017478,-0.000518
447641320.000,ZR,handheld,水平,right,recording,充电口朝内,1,-0.205158,0.429825,9.562414,-0.012612,0.014007,-0.001449
447641330.000,ZR,handheld,水平,right,recording,充电口朝内,1,-0.186053,0.423480,9.647999,-0.022990,0.014673,-0.004940
447641340.000,ZR,handheld,水平,right,recording,充电口朝内,1,-0.191519,0.430116,9.697331,-0.028556,0.005857,-0.009154
447641350.000,ZR,handheld,水平,right,recording,充电口朝内,1,-0.225230,0.410668,9.819425,-0.023606,-0.003108,-0.011726
447641360.000,ZR,handheld,水平,right,recording,充电口朝内,1,-0.284077,0.378377,9.912693,-0.008435,-0.011250,-0.008917
447641370.000,ZR,handheld,水平,right,recording,充电口朝内,1,-0.278379,0.377401,9.896688,0.001533,-0.011598,-0.004113
447641380.000,ZR,handheld,水平,right,recording,充电口朝内,1,-0.284264,0.359127,9.862845,0.008853,-0.004750,0.000137
447641390.000,ZR,handheld,水平,right,recording,充电口朝内,1,-0.196480,0.348691,9.804084,0.009289,0.000176,-0.000393
447641400.000,ZR,handheld,水平,right,recording,充电口朝内,1,-0.158497,0.374155,9.709116,-0.000901,0.001624,-0.003705
447641410.000,ZR,handheld,水平,right,recording,充电口朝内,1,-0.203680,0.385902,9.704842,-0.010124,0.002336,-0.006556
447641420.000,ZR,handheld,水平,right,recording,充电口朝内,1,-0.251844,0.382339,9.764814,-0.015951,0.009750,-0.002970
447641430.000,ZR,handheld,水平,right,recording,充电口朝内,1,-0.318552,0.398044,9.810965,-0.015441,0.008706,0.001390
447641440.000,ZR,handheld,水平,right,recording,充电口朝内,1,-0.295272,0.386424,9.860503,-0.008155,0.010504,0.008202
447641450.000,ZR,handheld,水平,right,recording,充电口朝内,1,-0.259550,0.372148,9.808411,-0.004457,0.005653,0.009255
447641460.000,ZR,handheld,水平,right,recording,充电口朝内,1,-0.217201,0.406714,9.733594,-0.005037,-0.004538,0.008112
447641470.000,ZR,handheld,水平,right,recording,充电口朝内,1,-0.201902,0.407882,9.699508,-0.010784,-0.002292,0.006088
447641480.000,ZR,handheld,水平,right,recording,充电口朝内,1,-0.279261,0.410867,9.603906,-0.029546,0.007187,0.009600
447641490.000,ZR,handheld,水平,right,recording,充电口朝内,1,-0.221579,0.381342,9.675705,-0.039602,0.010603,0.012019
447641500.000,ZR,handheld,水平,right,recording,充电口朝内,1,-0.166295,0.405584,9.842620,-0.033131,0.007376,0.009464
447641510.000,ZR,handheld,水平,right,recording,充电口朝内,1,-0.087315,0.401135,9.905849,-0.019657,0.002269,0.000084
447641520.000,ZR,handheld,水平,right,recording,充电口朝内,1,-0.120608,0.403780,9.875723,-0.008114,-0.010176,-0.009936
447641530.000,ZR,handheld,水平,right,recording,充电口朝内,1,-0.202422,0.393418,9.897468,0.001189,-0.021859,-0.013476
447641540.000,ZR,handheld,水平,right,recording,充电口朝内,1,-0.274884,0.370288,9.885677,0.008077,-0.014925,-0.007547
447641550.000,ZR,handheld,水平,right,recording,充电口朝内,1,-0.314296,0.363471,9.816620,0.004929,-0.001922,-0.001432
447641560.000,ZR,handheld,水平,right,recording,充电口朝内,1,-0.285730,0.365792,9.789473,-0.002135,0.008926,0.003181
447641570.000,ZR,handheld,水平,right,recording,充电口朝内,1,-0.220999,0.376357,9.714690,-0.010211,0.012363,0.002119
447641580.000,ZR,handheld,水平,right,recording,充电口朝内,1,-0.210653,0.364640,9.673281,-0.021168,0.004286,-0.001217
447641590.000,ZR,handheld,水平,right,recording,充电口朝内,1,-0.246031,0.342926,9.775085,-0.025309,0.001705,-0.002562
447641600.000,ZR,handheld,水平,right,recording,充电口朝内,1,-0.308046,0.309309,9.815217,-0.026389,0.000272,0.000562
447641610.000,ZR,handheld,水平,right,recording,充电口朝内,1,-0.315278,0.327018,9.883017,-0.018979,-0.002415,0.005477
447641620.000,ZR,handheld,水平,right,recording,充电口朝内,1,-0.297820,0.331943,9.878858,-0.010134,-0.005426,0.008789
447641630.000,ZR,handheld,水平,right,recording,充电口朝内,1,-0.291438,0.355387,9.861808,-0.007157,-0.002423,0.011138
447641640.000,ZR,handheld,水平,right,recording,充电口朝内,1,-0.243977,0.348641,9.847896,-0.006003,-0.000007,0.011227
447641650.000,ZR,handheld,水平,right,recording,充电口朝内,1,-0.221628,0.357565,9.814260,-0.005008,-0.003714,0.011131
447641660.000,ZR,handheld,水平,right,recording,充电口朝内,1,-0.193945,0.354745,9.830444,-0.001426,-0.007884,0.009013
447641670.000,ZR,handheld,水平,right,recording,充电口朝内,1,-0.191993,0.347035,9.852182,0.001367,-0.005973,0.007062
447641680.000,ZR,handheld,水平,right,recording,充电口朝内,1,-0.217007,0.371028,9.821756,0.000436,-0.000544,0.006485
447641690.000,ZR,handheld,水平,right,recording,充电口朝内,1,-0.245093,0.382014,9.821512,0.000017,0.002318,0.008683
447641700.000,ZR,handheld,水平,right,recording,充电口朝内,1,-0.228867,0.373904,9.834822,0.002602,0.004628,0.012962
447641710.000,ZR,handheld,水平,right,recording,充电口朝内,1,-0.201526,0.386431,9.838641,0.004435,0.006942,0.011026
447641720.000,ZR,handheld,水平,right,recording,充电口朝内,1,-0.144471,0.382146,9.794616,0.004815,0.005362,0.004983
447641730.000,ZR,handheld,水平,right,recording,充电口朝内,1,-0.154654,0.363433,9.773453,0.004422,-0.000536,0.000954
447641740.000,ZR,handheld,水平,right,recording,充电口朝内,1,-0.195940,0.370862,9.761196,-0.000131,-0.005737,-0.000457
447641750.000,ZR,handheld,水平,right,recording,充电口朝内,1,-0.203770,0.336088,9.760373,-0.004832,-0.007370,-0.001195
447641760.000,ZR,handheld,水平,right,recording,充电口朝内,1,-0.202694,0.349994,9.778005,-0.007436,-0.000641,-0.001303
447641770.000,ZR,handheld,水平,right,recording,充电口朝内,1,-0.231487,0.344008,9.821473,-0.008275,0.011658,0.001302
447641780.000,ZR,handheld,水平,right,recording,充电口朝内,1,-0.212664,0.371079,9.867299,-0.001852,0.015147,0.003199
447641790.000,ZR,handheld,水平,right,recording,充电口朝内,1,-0.207928,0.407493,9.868602,0.012137,0.008319,0.001690
447641800.000,ZR,handheld,水平,right,recording,充电口朝内,1,-0.187224,0.397188,9.834539,0.023942,0.000016,-0.003873
447641810.000,ZR,handheld,水平,right,recording,充电口朝内,1,-0.169803,0.385153,9.698781,0.020721,-0.007791,-0.012705
447641820.000,ZR,handheld,水平,right,recording,充电口朝内,1,-0.220988,0.362703,9.609304,0.009232,-0.012910,-0.015982
447641830.000,ZR,handheld,水平,right,recording,充电口朝内,1,-0.299764,0.332978,9.603742,-0.004775,-0.010522,-0.014479
447641840.000,ZR,handheld,水平,right,recording,充电口朝内,1,-0.341044,0.324506,9.630942,-0.019060,-0.012551,-0.007569
447641850.000,ZR,handheld,水平,right,recording,充电口朝内,1,-0.351154,0.316275,9.733767,-0.022871,-0.011796,-0.000939
447641860.000,ZR,handheld,水平,right,recording,充电口朝内,1,-0.319285,0.322731,9.810640,-0.019119,-0.012705,0.004825
447641870.000,ZR,handheld,水平,right,recording,充电口朝内,1,-0.283492,0.320655,9.865573,-0.011137,-0.015803,0.009805
447641880.000,ZR,handheld,水平,right,recording,充电口朝内,1,-0.255363,0.332111,9.875491,-0.004578,-0.022845,0.012219
447641890.000,ZR,handheld,水平,right,recording,充电口朝内,1,-0.173291,0.335205,9.873761,0.000713,-0.023113,0.011746
447641900.000,ZR,handheld,水平,right,recording,充电口朝内,1,-0.149426,0.337401,9.868642,0.001813,-0.020852,0.008845
447641910.000,ZR,handheld,水平,right,recording,充电口朝内,1,-0.126679,0.336685,9.837659,-0.000342,-0.010068,0.005451
447641920.000,ZR,handheld,水平,right,recording,充电口朝内,1,-0.174508,0.332190,9.802372,-0.005611,-0.002364,0.003785
447641930.000,ZR,handheld,水平,right,recording,充电口朝内,1,-0.206293,0.349812,9.823628,-0.008252,0.000240,0.004792
447641940.000,ZR,handheld,水平,right,recording,充电口朝内,1,-0.210813,0.344261,9.827992,-0.011711,0.002655,0.006554
447641950.000,ZR,handheld,水平,right,recording,充电口朝内,1,-0.194866,0.357837,9.837592,-0.007136,0.001883,0.006034
447641960.000,ZR,handheld,水平,right,recording,充电口朝内,1,-0.164203,0.354554,9.812727,-0.005101,-0.001376,0.003608
447641970.000,ZR,handheld,水平,right,recording,充电口朝内,1,-0.188209,0.354396,9.825375,-0.001807,-0.010596,0.001013
447641980.000,ZR,handheld,水平,right,recording,充电口朝内,1,-0.219323,0.359114,9.839218,0.005666,-0.020309,-0.000308
447641990.000,ZR,handheld,水平,right,recording,充电口朝内,1,-0.219998,0.337638,9.865126,0.011638,-0.019472,0.003009
447642000.000,ZR,handheld,水平,right,recording,充电口朝内,1,-0.215981,0.346719,9.851552,0.013475,-0.012199,0.004522
447642010.000,ZR,handheld,水平,right,recording,充电口朝内,1,-0.197899,0.365344,9.839149,0.012935,-0.000573,0.003648
447642020.000,ZR,handheld,水平,right,recording,充电口朝内,1,-0.215141,0.356967,9.746191,0.006253,0.004919,0.004536
447642030.000,ZR,handheld,水平,right,recording,充电口朝内,1,-0.237750,0.365598,9.723278,0.000809,0.002197,0.006141
447642040.000,ZR,handheld,水平,right,recording,充电口朝内,1,-0.229495,0.357741,9.719086,-0.004711,-0.005315,0.007683
447642050.000,ZR,handheld,水平,right,recording,充电口朝内,1,-0.190184,0.344151,9.770354,-0.006055,-0.008953,0.006815
447642060.000,ZR,handheld,水平,right,recording,充电口朝内,1,-0.206272,0.350792,9.819539,-0.004238,-0.013729,0.004440
447642070.000,ZR,handheld,水平,right,recording,充电口朝内,1,-0.215570,0.331229,9.885283,0.004428,-0.019011,0.003108
447642080.000,ZR,handheld,水平,right,recording,充电口朝内,1,-0.205491,0.333698,9.859775,0.012553,-0.027905,0.003594
447642090.000,ZR,handheld,水平,right,recording,充电口朝内,1,-0.190532,0.368850,9.830224,0.016429,-0.030260,0.003855
447642100.000,ZR,handheld,水平,right,recording,充电口朝内,1,-0.169982,0.350328,9.773931,0.010838,-0.016896,0.002586
447642110.000,ZR,handheld,水平,right,recording,充电口朝内,1,-0.196243,0.367392,9.719886,-0.000855,0.000070,0.003361
447642120.000,ZR,handheld,水平,right,recording,充电口朝内,1,-0.206458,0.336392,9.756708,-0.009153,0.010761,0.006045
447642130.000,ZR,handheld,水平,right,recording,充电口朝内,1,-0.228811,0.337520,9.796715,-0.009941,0.013366,0.008240
447642140.000,ZR,handheld,水平,right,recording,充电口朝内,1,-0.239897,0.330691,9.816093,-0.005981,0.004363,0.009614
447642150.000,ZR,handheld,水平,right,recording,充电口朝内,1,-0.260918,0.344648,9.862217,0.002041,-0.003270,0.011365
447642160.000,ZR,handheld,水平,right,recording,充电口朝内,1,-0.254574,0.349209,9.846490,0.008054,-0.010120,0.013403
447642170.000,ZR,handheld,水平,right,recording,充电口朝内,1,-0.225541,0.342855,9.790324,0.007758,-0.010491,0.014449
447642180.000,ZR,handheld,水平,right,recording,充电口朝内,1,-0.209834,0.361809,9.735116,0.001967,-0.008624,0.014608
447642190.000,ZR,handheld,水平,right,recording,充电口朝内,1,-0.175521,0.371792,9.721990,-0.005090,-0.003568,0.013643
447642200.000,ZR,handheld,水平,right,recording,充电口朝内,1,-0.128977,0.352109,9.693730,-0.014846,-0.005285,0.009677
447642210.000,ZR,handheld,水平,right,recording,充电口朝内,1,-0.157514,0.364288,9.756613,-0.023408,-0.003240,0.007401
447642220.000,ZR,handheld,水平,right,recording,充电口朝内,1,-0.182987,0.363550,9.922454,-0.016013,0.003074,0.005808
447642230.000,ZR,handheld,水平,right,recording,充电口朝内,1,-0.220925,0.370736,10.003722,0.000440,0.007559,0.007986
447642240.000,ZR,handheld,水平,right,recording,充电口朝内,1,-0.238276,0.357779,9.988419,0.020893,-0.000704,0.011466
447642250.000,ZR,handheld,水平,right,recording,充电口朝内,1,-0.198657,0.351044,9.924219,0.034424,-0.009236,0.011659
447642260.000,ZR,handheld,水平,right,recording,充电口朝内,1,-0.187577,0.368110,9.765429,0.029808,-0.010337,0.010517
447642270.000,ZR,handheld,水平,right,recording,充电口朝内,1,-0.162302,0.362067,9.611106,0.006731,-0.002667,0.008249
447642280.000,ZR,handheld,水平,right,recording,充电口朝内,1,-0.180086,0.356983,9.619264,-0.014625,0.005903,0.009174
447642290.000,ZR,handheld,水平,right,recording,充电口朝内,1,-0.154000,0.348746,9.715276,-0.026463,0.014001,0.009400
447642300.000,ZR,handheld,水平,right,recording,充电口朝内,1,-0.158839,0.360028,9.871510,-0.023319,0.014994,0.007017
447642310.000,ZR,handheld,水平,right,recording,充电口朝内,1,-0.152754,0.355605,10.050416,-0.002408,0.009870,0.004891
447642320.000,ZR,handheld,水平,right,recording,充电口朝内,1,-0.161709,0.344958,10.053702,0.027754,-0.010940,0.002858
447642330.000,ZR,handheld,水平,right,recording,充电口朝内,1,-0.161420,0.351559,9.920215,0.044763,-0.028096,-0.000684
447642340.000,ZR,handheld,水平,right,recording,充电口朝内,1,-0.154588,0.357605,9.767191,0.041292,-0.031724,-0.002088
447642350.000,ZR,handheld,水平,right,recording,充电口朝内,1,-0.165639,0.352137,9.637654,0.024361,-0.022288,-0.001113
447642360.000,ZR,handheld,水平,right,recording,充电口朝内,1,-0.175908,0.350981,9.628382,0.003205,-0.002064,0.002626
447642370.000,ZR,handheld,水平,right,recording,充电口朝内,1,-0.175740,0.366747,9.641878,-0.016014,0.010368,0.005959
447642380.000,ZR,handheld,水平,right,recording,充电口朝内,1,-0.183054,0.360147,9.744233,-0.021976,0.013532,0.008379
447642390.000,ZR,handheld,水平,right,recording,充电口朝内,1,-0.135130,0.379126,9.886047,-0.012194,0.008988,0.005279
447642400.000,ZR,handheld,水平,right,recording,充电口朝内,1,-0.101112,0.400877,9.927444,0.004209,-0.002777,0.000057
447642410.000,ZR,handheld,水平,right,recording,充电口朝内,1,-0.143078,0.397339,9.940456,0.024294,-0.015725,-0.003147
447642420.000,ZR,handheld,水平,right,recording,充电口朝内,1,-0.131764,0.387697,9.843505,0.032385,-0.024739,-0.005692
447642430.000,ZR,handheld,水平,right,recording,充电口朝内,1,-0.126776,0.393816,9.720175,0.026927,-0.023443,-0.009059
447642440.000,ZR,handheld,水平,right,recording,充电口朝内,1,-0.146954,0.378841,9.689625,0.016011,-0.010744,-0.010016
447642450.000,ZR,handheld,水平,right,recording,充电口朝内,1,-0.181596,0.360546,9.683391,0.003186,-0.000913,-0.009663
447642460.000,ZR,handheld,水平,right,recording,充电口朝内,1,-0.203456,0.352613,9.716802,-0.004980,-0.000368,-0.005972
447642470.000,ZR,handheld,水平,right,recording,充电口朝内,1,-0.251192,0.357152,9.808744,-0.002710,-0.002034,-0.003487
447642480.000,ZR,handheld,水平,right,recording,充电口朝内,1,-0.251796,0.368957,9.829933,0.003196,-0.008240,-0.001453
447642490.000,ZR,handheld,水平,right,recording,充电口朝内,1,-0.252327,0.372891,9.880631,0.011713,-0.014516,-0.000915
447642500.000,ZR,handheld,水平,right,recording,充电口朝内,1,-0.212803,0.398644,9.789163,0.015024,-0.017963,-0.001546
447642510.000,ZR,handheld,水平,right,recording,充电口朝内,1,-0.214673,0.362089,9.757499,0.011937,-0.011300,-0.000212
447642520.000,ZR,handheld,水平,right,recording,充电口朝内,1,-0.199691,0.364837,9.702496,0.001132,-0.006651,0.000723
447642530.000,ZR,handheld,水平,right,recording,充电口朝内,1,-0.194893,0.350866,9.694983,-0.013139,-0.003331,0.000061
447642540.000,ZR,handheld,水平,right,recording,充电口朝内,1,-0.218903,0.367401,9.794364,-0.021469,0.003973,0.000567
447642550.000,ZR,handheld,水平,right,recording,充电口朝内,1,-0.263229,0.364585,9.898975,-0.011651,0.002797,0.004823
447642560.000,ZR,handheld,水平,right,recording,充电口朝内,1,-0.277824,0.386182,9.919348,0.000186,-0.003781,0.008830
447642570.000,ZR,handheld,水平,right,recording,充电口朝内,1,-0.197891,0.389786,9.881611,0.009919,-0.010846,0.008492
447642580.000,ZR,handheld,水平,right,recording,充电口朝内,1,-0.157540,0.407136,9.812166,0.010717,-0.017295,0.003597
447642590.000,ZR,handheld,水平,right,recording,充电口朝内,1,-0.157533,0.413778,9.749465,0.004565,-0.017463,0.000210
447642600.000,ZR,handheld,水平,right,recording,充电口朝内,1,-0.181278,0.357259,9.763124,-0.002539,-0.008413,0.001710
447642610.000,ZR,handheld,水平,right,recording,充电口朝内,1,-0.230480,0.380464,9.800343,-0.006571,-0.000995,0.006135
447642620.000,ZR,handheld,水平,right,recording,充电口朝内,1,-0.185142,0.378449,9.886728,-0.003796,0.005142,0.008090
447642630.000,ZR,handheld,水平,right,recording,充电口朝内,1,-0.209764,0.370022,9.866103,0.000149,0.006056,0.011267
447642640.000,ZR,handheld,水平,right,recording,充电口朝内,1,-0.197742,0.374564,9.846615,0.004835,0.006159,0.012802
447642650.000,ZR,handheld,水平,right,recording,充电口朝内,1,-0.157795,0.377002,9.814917,0.003705,0.006819,0.012033
447642660.000,ZR,handheld,水平,right,recording,充电口朝内,1,-0.148132,0.396128,9.738736,-0.005110,0.011738,0.011081
447642670.000,ZR,handheld,水平,right,recording,充电口朝内,1,-0.160267,0.398546,9.769423,-0.010229,0.013168,0.009328
447642680.000,ZR,handheld,水平,right,recording,充电口朝内,1,-0.172367,0.408604,9.815880,-0.006923,0.006666,0.008516
447642690.000,ZR,handheld,水平,right,recording,充电口朝内,1,-0.160132,0.413581,9.886158,0.004348,-0.001264,0.007215
447642700.000,ZR,handheld,水平,right,recording,充电口朝内,1,-0.155109,0.388861,9.882982,0.014419,-0.002791,0.005617
447642710.000,ZR,handheld,水平,right,recording,充电口朝内,1,-0.154561,0.385828,9.859607,0.020528,-0.000828,0.004991
447642720.000,ZR,handheld,水平,right,recording,充电口朝内,1,-0.140415,0.383110,9.771666,0.020984,-0.001276,0.002815
447642730.000,ZR,handheld,水平,right,recording,充电口朝内,1,-0.107797,0.404560,9.655135,0.009083,0.000723,-0.000938
447642740.000,ZR,handheld,水平,right,recording,充电口朝内,1,-0.130008,0.416980,9.604552,-0.008182,0.008639,-0.002814
447642750.000,ZR,handheld,水平,right,recording,充电口朝内,1,-0.153177,0.423185,9.652910,-0.017693,0.017000,-0.005197
447642760.000,ZR,handheld,水平,right,recording,充电口朝内,1,-0.205625,0.425025,9.688946,-0.020100,0.008847,-0.006940
447642770.000,ZR,handheld,水平,right,recording,充电口朝内,1,-0.231288,0.379079,9.785644,-0.007988,-0.008089,-0.006303
447642780.000,ZR,handheld,水平,right,recording,充电口朝内,1,-0.239488,0.389165,9.769016,0.003832,-0.031179,-0.007092
447642790.000,ZR,handheld,水平,right,recording,充电口朝内,1,-0.246207,0.354665,9.760638,0.009380,-0.037640,-0.006694
447642800.000,ZR,handheld,水平,right,recording,充电口朝内,1,-0.265008,0.381614,9.685038,0.001057,-0.030959,-0.002643
447642810.000,ZR,handheld,水平,right,recording,充电口朝内,1,-0.257547,0.339532,9.700036,-0.007635,-0.014668,0.004026
447642820.000,ZR,handheld,水平,right,recording,充电口朝内,1,-0.278744,0.335372,9.696756,-0.019125,-0.011538,0.012253
447642830.000,ZR,handheld,水平,right,recording,充电口朝内,1,-0.211441,0.340766,9.771371,-0.022424,-0.014778,0.015011
447642840.000,ZR,handheld,水平,right,recording,充电口朝内,1,-0.120899,0.353359,9.855741,-0.019229,-0.015000,0.012472
447642850.000,ZR,handheld,水平,right,recording,充电口朝内,1,-0.145306,0.380384,9.893248,-0.015920,-0.012610,0.009033
447642860.000,ZR,handheld,水平,right,recording,充电口朝内,1,-0.161324,0.364678,9.867169,-0.013471,-0.013364,0.011378
447642870.000,ZR,handheld,水平,right,recording,充电口朝内,1,-0.167581,0.343786,9.875510,-0.010840,-0.011399,0.012885
447642880.000,ZR,handheld,水平,right,recording,充电口朝内,1,-0.143226,0.367177,9.858656,-0.009774,-0.007378,0.013704
447642890.000,ZR,handheld,水平,right,recording,充电口朝内,1,-0.134561,0.363840,9.868078,-0.007376,0.001299,0.011386
447642900.000,ZR,handheld,水平,right,recording,充电口朝内,1,-0.100146,0.366746,9.807542,-0.009057,-0.003374,0.006605
447642910.000,ZR,handheld,水平,right,recording,充电口朝内,1,-0.107750,0.362512,9.839032,-0.007474,-0.006778,0.001310
447642920.000,ZR,handheld,水平,right,recording,充电口朝内,1,-0.166029,0.350276,9.840774,-0.004095,-0.008014,-0.000826
447642930.000,ZR,handheld,水平,right,recording,充电口朝内,1,-0.207456,0.330447,9.777579,-0.006348,-0.016798,0.000642
447642940.000,ZR,handheld,水平,right,recording,充电口朝内,1,-0.219029,0.353176,9.834193,-0.006117,-0.013673,0.005606
447642950.000,ZR,handheld,水平,right,recording,充电口朝内,1,-0.225271,0.351475,9.825787,-0.007869,-0.005208,0.009643
447642960.000,ZR,handheld,水平,right,recording,充电口朝内,1,-0.191872,0.374073,9.818507,-0.009395,-0.001892,0.011280
447642970.000,ZR,handheld,水平,right,recording,充电口朝内,1,-0.138652,0.379684,9.838926,-0.009851,-0.000148,0.008553
447642980.000,ZR,handheld,水平,right,recording,充电口朝内,1,-0.167526,0.370435,9.833919,-0.009964,0.002297,0.006677
447642990.000,ZR,handheld,水平,right,recording,充电口朝内,1,-0.179253,0.351840,9.881618,-0.004182,-0.000172,0.006238
447643000.000,ZR,handheld,水平,right,recording,充电口朝内,1,-0.208591,0.320752,9.857667,0.000008,-0.004268,0.010849
447643010.000,ZR,handheld,水平,right,recording,充电口朝内,1,-0.199670,0.331053,9.857670,0.004664,-0.011960,0.013645
447643020.000,ZR,handheld,水平,right,recording,充电口朝内,1,-0.136255,0.363366,9.840634,0.006375,-0.016751,0.012690
447643030.000,ZR,handheld,水平,right,recording,充电口朝内,1,-0.084453,0.386274,9.823807,0.007131,-0.010880,0.007061
447643040.000,ZR,handheld,水平,right,recording,充电口朝内,1,-0.063505,0.402219,9.747896,0.002198,-0.003051,-0.001277
447643050.000,ZR,handheld,水平,right,recording,充电口朝内,1,-0.151141,0.350361,9.719278,-0.005525,-0.001292,-0.002269
447643060.000,ZR,handheld,水平,right,recording,充电口朝内,1,-0.198629,0.338215,9.773370,-0.005281,-0.006190,-0.001247
447643070.000,ZR,handheld,水平,right,recording,充电口朝内,1,-0.210775,0.350816,9.801484,-0.002845,-0.014304,0.000036
447643080.000,ZR,handheld,水平,right,recording,充电口朝内,1,-0.163282,0.330561,9.831759,0.000666,-0.010285,0.000435
447643090.000,ZR,handheld,水平,right,recording,充电口朝内,1,-0.137691,0.343352,9.780124,-0.002078,-0.006544,-0.002351
447643100.000,ZR,handheld,水平,right,recording,充电口朝内,1,-0.180876,0.321708,9.769994,-0.007826,0.002554,-0.001682
447643110.000,ZR,handheld,水平,right,recording,充电口朝内,1,-0.223777,0.291358,9.811948,-0.009905,0.012502,0.003658
447643120.000,ZR,handheld,水平,right,recording,充电口朝内,1,-0.263748,0.310817,9.786322,-0.011378,0.007176,0.012434
447643130.000,ZR,handheld,水平,right,recording,充电口朝内,1,-0.226268,0.299207,9.838118,-0.005374,-0.003293,0.017467
447643140.000,ZR,handheld,水平,right,recording,充电口朝内,1,-0.148861,0.341545,9.858690,0.002416,-0.012846,0.015981
447643150.000,ZR,handheld,水平,right,recording,充电口朝内,1,-0.092876,0.342518,9.820745,0.005403,-0.016827,0.010171
447643160.000,ZR,handheld,水平,right,recording,充电口朝内,1,-0.073541,0.394217,9.802900,0.008145,-0.013136,0.001625
447643170.000,ZR,handheld,水平,right,recording,充电口朝内,1,-0.124596,0.385872,9.759404,0.005772,-0.011435,-0.001068
447643180.000,ZR,handheld,水平,right,recording,充电口朝内,1,-0.177370,0.361180,9.734419,-0.000567,-0.013008,-0.000871
447643190.000,ZR,handheld,水平,right,recording,充电口朝内,1,-0.172333,0.373768,9.741777,-0.005784,-0.009918,0.000743
447643200.000,ZR,handheld,水平,right,recording,充电口朝内,1,-0.178338,0.358842,9.826631,-0.004049,-0.000410,0.002525
447643210.000,ZR,handheld,水平,right,recording,充电口朝内,1,-0.176255,0.354119,9.837469,0.000121,0.000366,0.003985
447643220.000,ZR,handheld,水平,right,recording,充电口朝内,1,-0.137350,0.359110,9.838462,0.003683,-0.000363,0.001848
447643230.000,ZR,handheld,水平,right,recording,充电口朝内,1,-0.138478,0.369450,9.790723,0.004000,-0.001784,0.000327
447643240.000,ZR,handheld,水平,right,recording,充电口朝内,1,-0.155414,0.355814,9.793200,0.005227,-0.000153,-0.000440
447643250.000,ZR,handheld,水平,right,recording,充电口朝内,1,-0.176418,0.329548,9.788610,0.004787,-0.000625,0.000813
447643260.000,ZR,handheld,水平,right,recording,充电口朝内,1,-0.159330,0.316133,9.752663,0.000522,-0.000153,0.001037
447643270.000,ZR,handheld,水平,right,recording,充电口朝内,1,-0.142663,0.321779,9.727754,-0.007261,-0.000085,-0.000737
447643280.000,ZR,handheld,水平,right,recording,充电口朝内,1,-0.156480,0.332249,9.770259,-0.013165,0.002073,-0.001037
447643290.000,ZR,handheld,水平,right,recording,充电口朝内,1,-0.153897,0.304943,9.828878,-0.012949,0.004218,0.000161
447643300.000,ZR,handheld,水平,right,recording,充电口朝内,1,-0.151571,0.338914,9.835887,-0.006267,-0.001089,0.000269
447643310.000,ZR,handheld,水平,right,recording,充电口朝内,1,-0.133713,0.356413,9.871464,0.004166,-0.002598,0.000106
447643320.000,ZR,handheld,水平,right,recording,充电口朝内,1,-0.105336,0.333932,9.766102,0.003703,-0.003342,-0.001171
447643330.000,ZR,handheld,水平,right,recording,充电口朝内,1,-0.117801,0.362139,9.695429,-0.004528,-0.007153,-0.003935
447643340.000,ZR,handheld,水平,right,recording,充电口朝内,1,-0.158608,0.340593,9.718538,-0.010451,-0.004065,-0.001876
447643350.000,ZR,handheld,水平,right,recording,充电口朝内,1,-0.163555,0.318216,9.744596,-0.012658,-0.002825,0.000754
447643360.000,ZR,handheld,水平,right,recording,充电口朝内,1,-0.159917,0.369278,9.807826,-0.012150,-0.004971,0.001985
447643370.000,ZR,handheld,水平,right,recording,充电口朝内,1,-0.112523,0.356599,9.863831,-0.005752,-0.004055,0.001764
447643380.000,ZR,handheld,水平,right,recording,充电口朝内,1,-0.112060,0.353234,9.870871,0.001272,-0.002027,-0.000475
447643390.000,ZR,handheld,水平,right,recording,充电口朝内,1,-0.109038,0.365219,9.844520,0.005319,-0.001705,-0.003113
447643400.000,ZR,handheld,水平,right,recording,充电口朝内,1,-0.144246,0.338539,9.773844,0.001804,-0.000238,-0.002087
447643410.000,ZR,handheld,水平,right,recording,充电口朝内,1,-0.159965,0.368479,9.732746,-0.006715,0.001358,-0.002247
447643420.000,ZR,handheld,水平,right,recording,充电口朝内,1,-0.157872,0.384101,9.728625,-0.015113,0.005442,-0.000381
447643430.000,ZR,handheld,水平,right,recording,充电口朝内,1,-0.169626,0.363032,9.804855,-0.016279,0.011540,0.001058
447643440.000,ZR,handheld,水平,right,recording,充电口朝内,1,-0.170251,0.377416,9.818271,-0.015088,0.004922,0.000121
447643450.000,ZR,handheld,水平,right,recording,充电口朝内,1,-0.181031,0.343478,9.832395,-0.009288,0.000033,0.001257
447643460.000,ZR,handheld,水平,right,recording,充电口朝内,1,-0.154706,0.328094,9.812453,-0.008271,-0.002789,0.001222
447643470.000,ZR,handheld,水平,right,recording,充电口朝内,1,-0.137267,0.330405,9.877349,-0.005004,-0.003673,-0.000951
447643480.000,ZR,handheld,水平,right,recording,充电口朝内,1,-0.132113,0.306421,9.912951,0.004197,-0.005032,-0.003214
447643490.000,ZR,handheld,水平,right,recording,充电口朝内,1,-0.205909,0.336766,9.944479,0.014116,-0.005036,-0.001424
447643500.000,ZR,handheld,水平,right,recording,充电口朝内,1,-0.233169,0.306986,9.837634,0.014436,-0.002917,0.001483
447643510.000,ZR,handheld,水平,right,recording,充电口朝内,1,-0.188204,0.313258,9.790724,0.009841,-0.000498,0.005754
447643520.000,ZR,handheld,水平,right,recording,充电口朝内,1,-0.148075,0.333171,9.755812,0.002515,0.002185,0.004875
447643530.000,ZR,handheld,水平,right,recording,充电口朝内,1,-0.160183,0.325409,9.728101,-0.005831,0.001640,0.004377
447643540.000,ZR,handheld,水平,right,recording,充电口朝内,1,-0.185143,0.309399,9.780373,-0.008110,0.002985,0.007084
447643550.000,ZR,handheld,水平,right,recording,充电口朝内,1,-0.221627,0.320392,9.838599,-0.007144,0.004592,0.012689
447643560.000,ZR,handheld,水平,right,recording,充电口朝内,1,-0.173584,0.339501,9.856156,-0.002143,0.006053,0.015204
447643570.000,ZR,handheld,水平,right,recording,充电口朝内,1,-0.140505,0.359906,9.838430,0.006501,0.005548,0.013502
447643580.000,ZR,handheld,水平,right,recording,充电口朝内,1,-0.103564,0.371227,9.793991,0.012837,-0.004908,0.009912
447643590.000,ZR,handheld,水平,right,recording,充电口朝内,1,-0.089315,0.381223,9.736742,0.012186,-0.016389,0.005698
447643600.000,ZR,handheld,水平,right,recording,充电口朝内,1,-0.040621,0.364377,9.720425,0.004723,-0.010097,-0.000194
447643610.000,ZR,handheld,水平,right,recording,充电口朝内,1,-0.064967,0.359240,9.747114,-0.005238,0.000342,-0.004623
447643620.000,ZR,handheld,水平,right,recording,充电口朝内,1,-0.143350,0.319578,9.756964,-0.009221,0.006144,-0.001737
447643630.000,ZR,handheld,水平,right,recording,充电口朝内,1,-0.168865,0.325084,9.870653,-0.003993,0.014588,0.003039
447643640.000,ZR,handheld,水平,right,recording,充电口朝内,1,-0.154161,0.349322,9.816455,-0.000600,0.018485,0.005865
447643650.000,ZR,handheld,水平,right,recording,充电口朝内,1,-0.078664,0.396349,9.735675,-0.000201,0.014814,0.001757
447643660.000,ZR,handheld,水平,right,recording,充电口朝内,1,-0.036272,0.389638,9.700466,0.000045,-0.000216,-0.006922
447643670.000,ZR,handheld,水平,right,recording,充电口朝内,1,-0.056331,0.393554,9.689374,-0.001043,-0.018059,-0.018721
447643680.000,ZR,handheld,水平,right,recording,充电口朝内,1,-0.105463,0.389497,9.680720,-0.004867,-0.027462,-0.025093
447643690.000,ZR,handheld,水平,right,recording,充电口朝内,1,-0.187721,0.351424,9.699351,-0.011852,-0.022355,-0.023810
447643700.000,ZR,handheld,水平,right,recording,充电口朝内,1,-0.239119,0.311161,9.732278,-0.018006,-0.012842,-0.015075
447643710.000,ZR,handheld,水平,right,recording,充电口朝内,1,-0.254029,0.315520,9.771538,-0.020898,-0.010742,-0.006304
447643720.000,ZR,handheld,水平,right,recording,充电口朝内,1,-0.229943,0.298796,9.860937,-0.014084,-0.011145,0.000474
447643730.000,ZR,handheld,水平,right,recording,充电口朝内,1,-0.141460,0.325304,9.859542,-0.007825,-0.011747,0.001012
447643740.000,ZR,handheld,水平,right,recording,充电口朝内,1,-0.076016,0.330201,9.790123,-0.009138,-0.015840,-0.002134
447643750.000,ZR,handheld,水平,right,recording,充电口朝内,1,-0.105494,0.317776,9.830499,-0.008527,-0.015431,-0.004820
447643760.000,ZR,handheld,水平,right,recording,充电口朝内,1,-0.104750,0.331728,9.794647,-0.010704,-0.015849,-0.008661
447643770.000,ZR,handheld,水平,right,recording,充电口朝内,1,-0.151312,0.317566,9.788571,-0.016536,-0.015505,-0.007539
447643780.000,ZR,handheld,水平,right,recording,充电口朝内,1,-0.135721,0.294117,9.842953,-0.017112,-0.010976,-0.007288
447643790.000,ZR,handheld,水平,right,recording,充电口朝内,1,-0.130920,0.311524,9.845476,-0.018251,-0.008124,-0.008452
447643800.000,ZR,handheld,水平,right,recording,充电口朝内,1,-0.171591,0.282335,9.896463,-0.016215,-0.003176,-0.005962
447643810.000,ZR,handheld,水平,right,recording,充电口朝内,1,-0.178507,0.284050,9.957266,-0.009452,0.001466,-0.003518
447643820.000,ZR,handheld,水平,right,recording,充电口朝内,1,-0.188980,0.287124,9.915548,-0.004278,0.003640,0.000779
447643830.000,ZR,handheld,水平,right,recording,充电口朝内,1,-0.154952,0.303647,9.915005,-0.000473,0.004787,0.001603
447643840.000,ZR,handheld,水平,right,recording,充电口朝内,1,-0.120487,0.319801,9.893466,0.005517,0.003279,-0.001448
447643850.000,ZR,handheld,水平,right,recording,充电口朝内,1,-0.142730,0.317268,9.842860,0.006457,0.000100,-0.001229
447643860.000,ZR,handheld,水平,right,recording,充电口朝内,1,-0.146033,0.329768,9.866448,0.007622,0.001733,-0.001222
447643870.000,ZR,handheld,水平,right,recording,充电口朝内,1,-0.169000,0.361248,9.830305,0.005572,0.004434,-0.000050
447643880.000,ZR,handheld,水平,right,recording,充电口朝内,1,-0.185932,0.332757,9.809847,0.004057,0.005291,0.001072
447643890.000,ZR,handheld,水平,right,recording,充电口朝内,1,-0.187498,0.349233,9.783460,0.001893,0.002451,0.002650
447643900.000,ZR,handheld,水平,right,recording,充电口朝内,1,-0.188195,0.353605,9.792317,-0.003237,0.005017,0.004974
447643910.000,ZR,handheld,水平,right,recording,充电口朝内,1,-0.182980,0.351297,9.814681,-0.005301,0.011035,0.007962
447643920.000,ZR,handheld,水平,right,recording,充电口朝内,1,-0.159909,0.330906,9.801429,-0.006951,0.014781,0.009575
447643930.000,ZR,handheld,水平,right,recording,充电口朝内,1,-0.180467,0.341718,9.827885,-0.006631,0.013292,0.009927
447643940.000,ZR,handheld,水平,right,recording,充电口朝内,1,-0.153462,0.309233,9.893189,-0.001091,0.008843,0.010406
447643950.000,ZR,handheld,水平,right,recording,充电口朝内,1,-0.129335,0.326871,9.918360,0.010420,0.006315,0.007753
447643960.000,ZR,handheld,水平,right,recording,充电口朝内,1,-0.111613,0.333498,9.844786,0.013830,0.000248,0.003210
447643970.000,ZR,handheld,水平,right,recording,充电口朝内,1,-0.131453,0.335280,9.816211,0.017307,-0.001943,-0.000558
447643980.000,ZR,handheld,水平,right,recording,充电口朝内,1,-0.128060,0.338637,9.737812,0.012087,-0.006614,-0.002324
447643990.000,ZR,handheld,水平,right,recording,充电口朝内,1,-0.115779,0.331075,9.705613,0.005357,-0.009129,-0.004646
447644000.000,ZR,handheld,水平,right,recording,充电口朝内,1,-0.189930,0.306864,9.771838,-0.001852,0.000539,-0.003504
447644010.000,ZR,handheld,水平,right,recording,充电口朝内,1,-0.235782,0.309749,9.792878,-0.001593,0.004569,0.003992
447644020.000,ZR,handheld,水平,right,recording,充电口朝内,1,-0.227762,0.288767,9.878962,0.006838,0.008680,0.011287
447644030.000,ZR,handheld,水平,right,recording,充电口朝内,1,-0.180024,0.334105,9.826791,0.011552,0.005197,0.014395
447644040.000,ZR,handheld,水平,right,recording,充电口朝内,1,-0.135558,0.322548,9.804029,0.013885,0.002672,0.012771
447644050.000,ZR,handheld,水平,right,recording,充电口朝内,1,-0.098764,0.336790,9.740300,0.008344,0.004990,0.007250
447644060.000,ZR,handheld,水平,right,recording,充电口朝内,1,-0.079033,0.347594,9.724819,-0.001267,0.011411,0.003112
447644070.000,ZR,handheld,水平,right,recording,充电口朝内,1,-0.154675,0.335872,9.769134,-0.006190,0.013441,0.003895
447644080.000,ZR,handheld,水平,right,recording,充电口朝内,1,-0.181091,0.343239,9.791549,-0.005621,0.009973,0.006206
447644090.000,ZR,handheld,水平,right,recording,充电口朝内,1,-0.187293,0.348123,9.803283,-0.005282,0.010335,0.008683
447644100.000,ZR,handheld,水平,right,recording,充电口朝内,1,-0.143943,0.350403,9.810974,-0.005745,0.013958,0.008535
447644110.000,ZR,handheld,水平,right,recording,充电口朝内,1,-0.161684,0.352982,9.830592,-0.004555,0.014957,0.006719
447644120.000,ZR,handheld,水平,right,recording,充电口朝内,1,-0.155332,0.355159,9.835129,-0.001352,0.012835,0.003764
447644130.000,ZR,handheld,水平,right,recording,充电口朝内,1,-0.120799,0.350044,9.816258,-0.000064,0.006990,0.000016
447644140.000,ZR,handheld,水平,right,recording,充电口朝内,1,-0.113049,0.331799,9.787614,-0.000373,-0.000645,-0.005012
447644150.000,ZR,handheld,水平,right,recording,充电口朝内,1,-0.136276,0.322287,9.820266,-0.001420,-0.001424,-0.006553
447644160.000,ZR,handheld,水平,right,recording,充电口朝内,1,-0.219341,0.300492,9.865738,-0.001831,0.004798,-0.002390
447644170.000,ZR,handheld,水平,right,recording,充电口朝内,1,-0.249081,0.300699,9.867804,0.000205,0.010412,0.004510
447644180.000,ZR,handheld,水平,right,recording,充电口朝内,1,-0.226959,0.310768,9.844759,0.000884,0.011605,0.008967
447644190.000,ZR,handheld,水平,right,recording,充电口朝内,1,-0.152060,0.337561,9.854832,0.003817,0.008047,0.008994
447644200.000,ZR,handheld,水平,right,recording,充电口朝内,1,-0.111061,0.340821,9.874270,0.008899,0.006655,0.003072
447644210.000,ZR,handheld,水平,right,recording,充电口朝内,1,-0.119590,0.335259,9.844108,0.008579,0.010165,-0.000916
447644220.000,ZR,handheld,水平,right,recording,充电口朝内,1,-0.193405,0.331357,9.843854,0.010363,0.009353,-0.000155
447644230.000,ZR,handheld,水平,right,recording,充电口朝内,1,-0.251969,0.307977,9.830864,0.011295,0.010735,0.006436
447644240.000,ZR,handheld,水平,right,recording,充电口朝内,1,-0.219986,0.309850,9.803633,0.010730,0.013345,0.011831
447644250.000,ZR,handheld,水平,right,recording,充电口朝内,1,-0.139276,0.330522,9.768681,0.008935,0.010395,0.008942
447644260.000,ZR,handheld,水平,right,recording,充电口朝内,1,-0.106888,0.345507,9.740780,0.006667,0.004413,0.003781
447644270.000,ZR,handheld,水平,right,recording,充电口朝内,1,-0.106068,0.358984,9.779193,0.007067,-0.003263,-0.000818
447644280.000,ZR,handheld,水平,right,recording,充电口朝内,1,-0.128798,0.360795,9.744348,0.007137,-0.007945,-0.001987
447644290.000,ZR,handheld,水平,right,recording,充电口朝内,1,-0.163549,0.356403,9.803605,0.005514,-0.001840,-0.001636
447644300.000,ZR,handheld,水平,right,recording,充电口朝内,1,-0.208807,0.360657,9.803101,0.001117,0.005607,0.001596
447644310.000,ZR,handheld,水平,right,recording,充电口朝内,1,-0.219386,0.357476,9.795454,-0.000074,0.010976,0.006515
447644320.000,ZR,handheld,水平,right,recording,充电口朝内,1,-0.189299,0.380098,9.782537,-0.002461,0.012750,0.007330
447644330.000,ZR,handheld,水平,right,recording,充电口朝内,1,-0.125437,0.374727,9.770837,-0.001460,0.006760,0.004365
447644340.000,ZR,handheld,水平,right,recording,充电口朝内,1,-0.084680,0.370582,9.781604,0.000489,0.002000,-0.002857
447644350.000,ZR,handheld,水平,right,recording,充电口朝内,1,-0.128783,0.366448,9.798688,0.005791,-0.005924,-0.007881
447644360.000,ZR,handheld,水平,right,recording,充电口朝内,1,-0.173278,0.357296,9.777868,0.006849,-0.006353,-0.009377
447644370.000,ZR,handheld,水平,right,recording,充电口朝内,1,-0.226636,0.329529,9.714293,0.000555,-0.002853,-0.005950
447644380.000,ZR,handheld,水平,right,recording,充电口朝内,1,-0.221326,0.358386,9.665722,-0.011834,-0.001533,-0.003115
447644390.000,ZR,handheld,水平,right,recording,充电口朝内,1,-0.226017,0.313384,9.698244,-0.020081,0.004234,-0.000224
447644400.000,ZR,handheld,水平,right,recording,充电口朝内,1,-0.221622,0.352339,9.760412,-0.023195,0.002570,0.002053
447644410.000,ZR,handheld,水平,right,recording,充电口朝内,1,-0.199642,0.333861,9.811835,-0.018674,-0.007649,0.002052
447644420.000,ZR,handheld,水平,right,recording,充电口朝内,1,-0.158858,0.313813,9.960719,-0.003320,-0.017908,-0.000796
447644430.000,ZR,handheld,水平,right,recording,充电口朝内,1,-0.169392,0.318246,9.944042,0.011784,-0.025630,-0.002856
447644440.000,ZR,handheld,水平,right,recording,充电口朝内,1,-0.197466,0.300195,9.859098,0.017192,-0.027700,-0.002509
447644450.000,ZR,handheld,水平,right,recording,充电口朝内,1,-0.223681,0.312333,9.784293,0.009276,-0.014522,0.000144
447644460.000,ZR,handheld,水平,right,recording,充电口朝内,1,-0.210743,0.302386,9.692627,-0.008871,0.004398,0.006483
447644470.000,ZR,handheld,水平,right,recording,充电口朝内,1,-0.206938,0.319019,9.756286,-0.021049,0.015956,0.010882
447644480.000,ZR,handheld,水平,right,recording,充电口朝内,1,-0.188373,0.336240,9.804419,-0.021575,0.014901,0.013495
447644490.000,ZR,handheld,水平,right,recording,充电口朝内,1,-0.135090,0.346378,9.904976,-0.011861,0.006047,0.010057
447644500.000,ZR,handheld,水平,right,recording,充电口朝内,1,-0.100879,0.370156,9.946563,0.004531,-0.000980,0.000980
447644510.000,ZR,handheld,水平,right,recording,充电口朝内,1,-0.133376,0.367977,9.880728,0.015901,-0.010529,-0.003511
447644520.000,ZR,handheld,水平,right,recording,充电口朝内,1,-0.146970,0.342029,9.771750,0.015454,-0.011589,-0.005963
447644530.000,ZR,handheld,水平,right,recording,充电口朝内,1,-0.204680,0.344999,9.683910,0.002318,-0.003786,-0.003759
447644540.000,ZR,handheld,水平,right,recording,充电口朝内,1,-0.232379,0.323418,9.684544,-0.011314,0.005101,-0.000785
447644550.000,ZR,handheld,水平,right,recording,充电口朝内,1,-0.254850,0.325546,9.747403,-0.016337,0.014112,0.007504
447644560.000,ZR,handheld,水平,right,recording,充电口朝内,1,-0.239843,0.344322,9.853692,-0.011581,0.022828,0.013231
447644570.000,ZR,handheld,水平,right,recording,充电口朝内,1,-0.189076,0.368242,9.826780,-0.005271,0.020459,0.011567
447644580.000,ZR,handheld,水平,right,recording,充电口朝内,1,-0.106317,0.378766,9.770525,-0.000388,0.010588,0.001226
447644590.000,ZR,handheld,水平,right,recording,充电口朝内,1,-0.141399,0.374045,9.719742,0.003774,-0.003632,-0.005858
447644600.000,ZR,handheld,水平,right,recording,充电口朝内,1,-0.152500,0.344835,9.707153,0.004211,-0.013959,-0.012163
447644610.000,ZR,handheld,水平,right,recording,充电口朝内,1,-0.256006,0.312880,9.696713,-0.001323,-0.011403,-0.008614
447644620.000,ZR,handheld,水平,right,recording,充电口朝内,1,-0.349380,0.291952,9.704208,-0.011666,-0.002039,0.000745
447644630.000,ZR,handheld,水平,right,recording,充电口朝内,1,-0.376856,0.287627,9.679191,-0.023541,0.002783,0.012024
447644640.000,ZR,handheld,水平,right,recording,充电口朝内,1,-0.336863,0.261813,9.722539,-0.030780,0.000828,0.022780
447644650.000,ZR,handheld,水平,right,recording,充电口朝内,1,-0.258038,0.295393,9.779940,-0.028479,-0.008489,0.027737
447644660.000,ZR,handheld,水平,right,recording,充电口朝内,1,-0.177621,0.309410,9.839205,-0.023053,-0.018178,0.028343
447644670.000,ZR,handheld,水平,right,recording,充电口朝内,1,-0.124790,0.325021,9.903758,-0.014066,-0.019741,0.025430
447644680.000,ZR,handheld,水平,right,recording,充电口朝内,1,-0.068089,0.337150,9.865442,-0.009809,-0.015772,0.018462
447644690.000,ZR,handheld,水平,right,recording,充电口朝内,1,-0.099105,0.348944,9.849891,-0.013083,-0.011324,0.014050
447644700.000,ZR,handheld,水平,right,recording,充电口朝内,1,-0.141365,0.314548,9.904089,-0.010764,0.000176,0.015631
447644710.000,ZR,handheld,水平,right,recording,充电口朝内,1,-0.163425,0.307584,9.887743,-0.006571,-0.000960,0.018323
447644720.000,ZR,handheld,水平,right,recording,充电口朝内,1,-0.124533,0.322261,9.902392,-0.002152,-0.006002,0.016686
447644730.000,ZR,handheld,水平,right,recording,充电口朝内,1,-0.093843,0.306688,9.893386,0.003810,-0.007525,0.013690
447644740.000,ZR,handheld,水平,right,recording,充电口朝内,1,-0.098324,0.312136,9.801671,0.001650,-0.005685,0.010464
447644750.000,ZR,handheld,水平,right,recording,充电口朝内,1,-0.158425,0.298272,9.758394,-0.007003,0.003394,0.011775
447644760.000,ZR,handheld,水平,right,recording,充电口朝内,1,-0.173193,0.276529,9.727161,-0.016169,0.015812,0.016473
447644770.000,ZR,handheld,水平,right,recording,充电口朝内,1,-0.171382,0.316349,9.734778,-0.024882,0.020623,0.020288
447644780.000,ZR,handheld,水平,right,recording,充电口朝内,1,-0.137677,0.327462,9.825635,-0.023759,0.017601,0.018801
447644790.000,ZR,handheld,水平,right,recording,充电口朝内,1,-0.108049,0.336909,9.913050,-0.009146,0.009338,0.013584
447644800.000,ZR,handheld,水平,right,recording,充电口朝内,1,-0.107986,0.346273,9.918549,0.005883,0.002032,0.006331
447644810.000,ZR,handheld,水平,right,recording,充电口朝内,1,-0.168052,0.304765,9.808427,0.008938,-0.006575,0.004446
447644820.000,ZR,handheld,水平,right,recording,充电口朝内,1,-0.195282,0.280238,9.748826,0.001580,-0.012239,0.006801
447644830.000,ZR,handheld,水平,right,recording,充电口朝内,1,-0.202266,0.278001,9.762302,-0.005034,-0.002341,0.011084
447644840.000,ZR,handheld,水平,right,recording,充电口朝内,1,-0.216129,0.301598,9.767121,-0.015336,0.005066,0.017289
447644850.000,ZR,handheld,水平,right,recording,充电口朝内,1,-0.149880,0.316752,9.842338,-0.012172,0.006033,0.016805
447644860.000,ZR,handheld,水平,right,recording,充电口朝内,1,-0.084181,0.345998,9.840543,-0.005661,0.001235,0.010566
447644870.000,ZR,handheld,水平,right,recording,充电口朝内,1,-0.083420,0.342840,9.836227,-0.001333,-0.006277,0.004477
447644880.000,ZR,handheld,水平,right,recording,充电口朝内,1,-0.106868,0.341718,9.837117,0.005534,-0.006361,-0.000838
447644890.000,ZR,handheld,水平,right,recording,充电口朝内,1,-0.159787,0.306166,9.812729,0.006115,-0.002773,-0.002857
447644900.000,ZR,handheld,水平,right,recording,充电口朝内,1,-0.198825,0.296344,9.735806,0.004593,-0.005050,-0.000047
447644910.000,ZR,handheld,水平,right,recording,充电口朝内,1,-0.216222,0.295017,9.732193,-0.000744,-0.008427,0.002719
447644920.000,ZR,handheld,水平,right,recording,充电口朝内,1,-0.190347,0.296622,9.755782,-0.006477,-0.004639,0.004936
447644930.000,ZR,handheld,水平,right,recording,充电口朝内,1,-0.159551,0.289608,9.776181,-0.011197,0.009765,0.004802
447644940.000,ZR,handheld,水平,right,recording,充电口朝内,1,-0.156038,0.316140,9.768763,-0.016419,0.012452,0.003313
447644950.000,ZR,handheld,水平,right,recording,充电口朝内,1,-0.198915,0.280972,9.804740,-0.016398,0.007567,0.005450
447644960.000,ZR,handheld,水平,right,recording,充电口朝内,1,-0.178617,0.269067,9.833697,-0.012184,-0.000158,0.006378
447644970.000,ZR,handheld,水平,right,recording,充电口朝内,1,-0.163034,0.295811,9.910801,-0.003503,-0.002385,0.006931
447644980.000,ZR,handheld,水平,right,recording,充电口朝内,1,-0.169036,0.304256,9.945779,0.011008,-0.006569,0.006839
447644990.000,ZR,handheld,水平,right,recording,充电口朝内,1,-0.163070,0.332752,9.850457,0.016759,-0.012146,0.007289
447645000.000,ZR,handheld,水平,right,recording,充电口朝内,1,-0.142208,0.330443,9.750014,0.011908,-0.009506,0.006159
447645010.000,ZR,handheld,水平,right,recording,充电口朝内,1,-0.116692,0.331918,9.664953,-0.003094,-0.003614,0.003633
447645020.000,ZR,handheld,水平,right,recording,充电口朝内,1,-0.108833,0.332389,9.698485,-0.016129,0.003516,-0.000097
447645030.000,ZR,handheld,水平,right,recording,充电口朝内,1,-0.126702,0.321973,9.747577,-0.022860,0.009492,-0.002235
447645040.000,ZR,handheld,水平,right,recording,充电口朝内,1,-0.179888,0.287574,9.872305,-0.020695,0.007061,-0.002237
447645050.000,ZR,handheld,水平,right,recording,充电口朝内,1,-0.201512,0.288446,9.940559,-0.009670,0.005411,-0.001252
447645060.000,ZR,handheld,水平,right,recording,充电口朝内,1,-0.210523,0.280494,9.924887,-0.000119,0.001582,-0.001222
447645070.000,ZR,handheld,水平,right,recording,充电口朝内,1,-0.206805,0.274667,9.911396,0.010146,-0.000521,-0.000619
447645080.000,ZR,handheld,水平,right,recording,充电口朝内,1,-0.222086,0.246350,9.854985,0.017180,-0.003527,0.002044
447645090.000,ZR,handheld,水平,right,recording,充电口朝内,1,-0.217764,0.261940,9.742357,0.013893,-0.004964,0.004204
447645100.000,ZR,handheld,水平,right,recording,充电口朝内,1,-0.173246,0.276600,9.671207,-0.000922,-0.002960,0.004449
447645110.000,ZR,handheld,水平,right,recording,充电口朝内,1,-0.156138,0.287891,9.656030,-0.017814,0.004298,0.004116
447645120.000,ZR,handheld,水平,right,recording,充电口朝内,1,-0.158817,0.293006,9.728476,-0.029416,0.018800,0.003197
447645130.000,ZR,handheld,水平,right,recording,充电口朝内,1,-0.203271,0.304384,9.765293,-0.033859,0.018539,0.004157
447645140.000,ZR,handheld,水平,right,recording,充电口朝内,1,-0.180978,0.267377,9.912666,-0.020719,0.006771,0.005955
447645150.000,ZR,handheld,水平,right,recording,充电口朝内,1,-0.160701,0.293154,9.963391,0.002265,-0.009049,0.005741
447645160.000,ZR,handheld,水平,right,recording,充电口朝内,1,-0.117557,0.310565,9.922618,0.017510,-0.018702,0.001972
447645170.000,ZR,handheld,水平,right,recording,充电口朝内,1,-0.100984,0.301532,9.794004,0.022369,-0.026684,-0.002184
447645180.000,ZR,handheld,水平,right,recording,充电口朝内,1,-0.116526,0.318674,9.673725,0.012870,-0.025746,-0.004388
447645190.000,ZR,handheld,水平,right,recording,充电口朝内,1,-0.153284,0.285675,9.631442,-0.004996,-0.009537,-0.001885
447645200.000,ZR,handheld,水平,right,recording,充电口朝内,1,-0.155092,0.291477,9.623852,-0.028004,0.005554,-0.001228
447645210.000,ZR,handheld,水平,right,recording,充电口朝内,1,-0.201019,0.293837,9.750278,-0.037726,0.011354,0.003112
447645220.000,ZR,handheld,水平,right,recording,充电口朝内,1,-0.173597,0.289220,9.885621,-0.030067,0.010094,0.004490
447645230.000,ZR,handheld,水平,right,recording,充电口朝内,1,-0.175806,0.314207,9.931942,-0.016890,-0.004856,0.002943
447645240.000,ZR,handheld,水平,right,recording,充电口朝内,1,-0.149251,0.300281,10.018622,0.002171,-0.011948,0.000038
447645250.000,ZR,handheld,水平,right,recording,充电口朝内,1,-0.144584,0.319030,9.944566,0.014395,-0.018358,-0.001950
447645260.000,ZR,handheld,水平,right,recording,充电口朝内,1,-0.109816,0.312790,9.867203,0.018147,-0.018977,-0.005150
447645270.000,ZR,handheld,水平,right,recording,充电口朝内,1,-0.145173,0.325320,9.807115,0.013293,-0.011690,-0.005471
447645280.000,ZR,handheld,水平,right,recording,充电口朝内,1,-0.176398,0.285412,9.787692,0.004754,-0.003704,-0.003520
447645290.000,ZR,handheld,水平,right,recording,充电口朝内,1,-0.217118,0.268354,9.795368,-0.002935,0.000000,-0.001835
447645300.000,ZR,handheld,水平,right,recording,充电口朝内,1,-0.232209,0.275447,9.814068,-0.008843,-0.000387,0.001460
447645310.000,ZR,handheld,水平,right,recording,充电口朝内,1,-0.227946,0.292383,9.884893,-0.006479,0.001307,0.002516
447645320.000,ZR,handheld,水平,right,recording,充电口朝内,1,-0.209816,0.273824,9.896732,0.000013,0.000677,0.002632
447645330.000,ZR,handheld,水平,right,recording,充电口朝内,1,-0.220208,0.285501,9.949054,0.011538,0.001968,0.001503
447645340.000,ZR,handheld,水平,right,recording,充电口朝内,1,-0.216176,0.267368,9.863820,0.017439,0.004534,0.002396
447645350.000,ZR,handheld,水平,right,recording,充电口朝内,1,-0.262045,0.268759,9.794389,0.015449,0.005334,0.003629
447645360.000,ZR,handheld,水平,right,recording,充电口朝内,1,-0.292935,0.258083,9.733889,0.009575,0.004846,0.008963
447645370.000,ZR,handheld,水平,right,recording,充电口朝内,1,-0.247698,0.234877,9.710223,0.000423,0.004452,0.015395
447645380.000,ZR,handheld,水平,right,recording,充电口朝内,1,-0.240896,0.263366,9.741282,-0.003249,0.000811,0.017116
447645390.000,ZR,handheld,水平,right,recording,充电口朝内,1,-0.220341,0.277092,9.794397,-0.005716,0.001593,0.019772
447645400.000,ZR,handheld,水平,right,recording,充电口朝内,1,-0.194989,0.271425,9.853957,-0.004434,0.007702,0.021786
447645410.000,ZR,handheld,水平,right,recording,充电口朝内,1,-0.181594,0.280375,9.870572,0.003099,0.009451,0.023860
447645420.000,ZR,handheld,水平,right,recording,充电口朝内,1,-0.161476,0.288353,9.846941,0.010172,0.004401,0.023416
447645430.000,ZR,handheld,水平,right,recording,充电口朝内,1,-0.080291,0.302605,9.786135,0.014933,-0.005024,0.017910
447645440.000,ZR,handheld,水平,right,recording,充电口朝内,1,-0.083322,0.321158,9.749052,0.015647,-0.010289,0.008750
447645450.000,ZR,handheld,水平,right,recording,充电口朝内,1,-0.092714,0.341638,9.704200,0.009491,-0.013876,0.001157
447645460.000,ZR,handheld,水平,right,recording,充电口朝内,1,-0.144726,0.316758,9.684132,0.000055,-0.008176,0.001849
447645470.000,ZR,handheld,水平,right,recording,充电口朝内,1,-0.170093,0.295513,9.715232,-0.009383,0.002725,0.004386
447645480.000,ZR,handheld,水平,right,recording,充电口朝内,1,-0.171668,0.311032,9.744923,-0.017063,0.008014,0.006635
447645490.000,ZR,handheld,水平,right,recording,充电口朝内,1,-0.152697,0.303066,9.852190,-0.012135,0.014030,0.008915
447645500.000,ZR,handheld,水平,right,recording,充电口朝内,1,-0.152160,0.312096,9.859892,-0.005722,0.020872,0.008856
447645510.000,ZR,handheld,水平,right,recording,充电口朝内,1,-0.136214,0.343628,9.820706,0.000990,0.018675,0.004058
447645520.000,ZR,handheld,水平,right,recording,充电口朝内,1,-0.111641,0.336428,9.752118,0.003237,0.011414,-0.001861
447645530.000,ZR,handheld,水平,right,recording,充电口朝内,1,-0.138035,0.327437,9.651435,-0.003150,-0.003802,-0.007159
447645540.000,ZR,handheld,水平,right,recording,充电口朝内,1,-0.186051,0.299677,9.711375,-0.005951,-0.012868,-0.011122
447645550.000,ZR,handheld,水平,right,recording,充电口朝内,1,-0.229434,0.290986,9.744711,-0.007360,-0.019938,-0.009730
447645560.000,ZR,handheld,水平,right,recording,充电口朝内,1,-0.289698,0.283224,9.844771,-0.004553,-0.022051,-0.002889
447645570.000,ZR,handheld,水平,right,recording,充电口朝内,1,-0.254328,0.270174,9.876225,0.000558,-0.019083,0.001481
447645580.000,ZR,handheld,水平,right,recording,充电口朝内,1,-0.238369,0.280622,9.823336,-0.001889,-0.015738,0.006369
447645590.000,ZR,handheld,水平,right,recording,充电口朝内,1,-0.219759,0.287752,9.810871,-0.005782,-0.016301,0.010203
447645600.000,ZR,handheld,水平,right,recording,充电口朝内,1,-0.188224,0.271724,9.818313,-0.008692,-0.015260,0.013840
447645610.000,ZR,handheld,水平,right,recording,充电口朝内,1,-0.159716,0.269047,9.916232,-0.006475,-0.014260,0.015161
447645620.000,ZR,handheld,水平,right,recording,充电口朝内,1,-0.139240,0.287705,9.977342,0.002294,-0.014707,0.013718
447645630.000,ZR,handheld,水平,right,recording,充电口朝内,1,-0.133010,0.282447,9.981069,0.014674,-0.011646,0.011635
447645640.000,ZR,handheld,水平,right,recording,充电口朝内,1,-0.115985,0.284646,9.935535,0.019280,-0.007608,0.008440
447645650.000,ZR,handheld,水平,right,recording,充电口朝内,1,-0.136087,0.294579,9.871384,0.019093,-0.001189,0.006650
447645660.000,ZR,handheld,水平,right,recording,充电口朝内,1,-0.165175,0.283794,9.828365,0.015751,0.002987,0.007343
447645670.000,ZR,handheld,水平,right,recording,充电口朝内,1,-0.157253,0.279006,9.795831,0.010065,0.006723,0.008220
447645680.000,ZR,handheld,水平,right,recording,充电口朝内,1,-0.150107,0.296826,9.768869,0.004986,0.006957,0.007893
447645690.000,ZR,handheld,水平,right,recording,充电口朝内,1,-0.134669,0.309015,9.784831,0.001958,0.009020,0.004711
447645700.000,ZR,handheld,水平,right,recording,充电口朝内,1,-0.193745,0.311435,9.807691,0.001302,0.011111,0.004151
447645710.000,ZR,handheld,水平,right,recording,充电口朝内,1,-0.240636,0.298874,9.859771,0.008378,0.006848,0.007683
447645720.000,ZR,handheld,水平,right,recording,充电口朝内,1,-0.255560,0.284527,9.883919,0.017301,-0.000396,0.013899
447645730.000,ZR,handheld,水平,right,recording,充电口朝内,1,-0.220759,0.292798,9.846342,0.023604,-0.006978,0.015796
447645740.000,ZR,handheld,水平,right,recording,充电口朝内,1,-0.152786,0.329200,9.807103,0.026531,-0.007121,0.015349
447645750.000,ZR,handheld,水平,right,recording,充电口朝内,1,-0.077073,0.304646,9.742596,0.022742,-0.005428,0.010678
447645760.000,ZR,handheld,水平,right,recording,充电口朝内,1,-0.072833,0.320816,9.692262,0.013747,-0.004700,0.003617
447645770.000,ZR,handheld,水平,right,recording,充电口朝内,1,-0.105334,0.314593,9.738835,0.008457,-0.003618,0.002382
447645780.000,ZR,handheld,水平,right,recording,充电口朝内,1,-0.105347,0.302317,9.745568,0.004459,0.000471,0.001090
447645790.000,ZR,handheld,水平,right,recording,充电口朝内,1,-0.120206,0.321000,9.768086,-0.000386,0.008629,0.000029
447645800.000,ZR,handheld,水平,right,recording,充电口朝内,1,-0.143181,0.308705,9.751182,-0.001654,0.012240,-0.000225
447645810.000,ZR,handheld,水平,right,recording,充电口朝内,1,-0.163568,0.314676,9.753188,-0.002327,0.009786,-0.000604
447645820.000,ZR,handheld,水平,right,recording,充电口朝内,1,-0.152391,0.302665,9.754245,0.001209,0.002502,-0.001400
447645830.000,ZR,handheld,水平,right,recording,充电口朝内,1,-0.148487,0.305501,9.800221,0.006517,-0.001970,-0.003100
447645840.000,ZR,handheld,水平,right,recording,充电口朝内,1,-0.179757,0.293157,9.813172,0.015150,-0.008512,-0.003602
447645850.000,ZR,handheld,水平,right,recording,充电口朝内,1,-0.207502,0.280502,9.730932,0.017248,-0.013117,-0.003042
447645860.000,ZR,handheld,水平,right,recording,充电口朝内,1,-0.218350,0.277659,9.661918,0.008947,-0.011962,0.000110
447645870.000,ZR,handheld,水平,right,recording,充电口朝内,1,-0.242026,0.289567,9.624180,-0.004775,-0.006681,0.006076
447645880.000,ZR,handheld,水平,right,recording,充电口朝内,1,-0.206048,0.265095,9.665858,-0.015299,0.003219,0.010201
447645890.000,ZR,handheld,水平,right,recording,充电口朝内,1,-0.184638,0.293431,9.727447,-0.018413,0.004266,0.012149
447645900.000,ZR,handheld,水平,right,recording,充电口朝内,1,-0.175122,0.274709,9.800819,-0.012280,-0.004214,0.014996
447645910.000,ZR,handheld,水平,right,recording,充电口朝内,1,-0.176877,0.322768,9.867951,-0.003047,-0.014402,0.013835
447645920.000,ZR,handheld,水平,right,recording,充电口朝内,1,-0.134055,0.365264,9.790865,0.001022,-0.016566,0.009440
447645930.000,ZR,handheld,水平,right,recording,充电口朝内,1,-0.092071,0.355696,9.747917,-0.006545,-0.005286,0.002772
447645940.000,ZR,handheld,水平,right,recording,充电口朝内,1,-0.101577,0.358993,9.692517,-0.018117,0.002704,-0.001046
447645950.000,ZR,handheld,水平,right,recording,充电口朝内,1,-0.147733,0.332883,9.764570,-0.023557,0.004084,-0.001041
447645960.000,ZR,handheld,水平,right,recording,充电口朝内,1,-0.172736,0.333951,9.849162,-0.017238,-0.002375,-0.000433
447645970.000,ZR,handheld,水平,right,recording,充电口朝内,1,-0.123295,0.313553,9.868317,-0.011924,-0.000344,-0.001072
447645980.000,ZR,handheld,水平,right,recording,充电口朝内,1,-0.159669,0.322941,9.867110,-0.010886,0.002105,-0.004027
447645990.000,ZR,handheld,水平,right,recording,充电口朝内,1,-0.182680,0.305592,9.859958,-0.010496,0.005410,-0.004847
447646000.000,ZR,handheld,水平,right,recording,充电口朝内,1,-0.204125,0.275854,9.888800,-0.008360,0.002725,-0.002313
447646010.000,ZR,handheld,水平,right,recording,充电口朝内,1,-0.211899,0.262319,9.883575,-0.002422,-0.002350,-0.001181
447646020.000,ZR,handheld,水平,right,recording,充电口朝内,1,-0.182793,0.270835,9.880010,-0.001426,-0.009253,-0.001136
447646030.000,ZR,handheld,水平,right,recording,充电口朝内,1,-0.167520,0.259069,9.884445,-0.000211,-0.006703,-0.001204
447646040.000,ZR,handheld,水平,right,recording,充电口朝内,1,-0.219018,0.280496,9.921957,0.002169,-0.000773,-0.000128
447646050.000,ZR,handheld,水平,right,recording,充电口朝内,1,-0.236742,0.268611,9.895368,0.000360,0.009845,0.005290
447646060.000,ZR,handheld,水平,right,recording,充电口朝内,1,-0.233750,0.252934,9.799826,-0.005748,0.015637,0.011748
447646070.000,ZR,handheld,水平,right,recording,充电口朝内,1,-0.185689,0.295616,9.813848,-0.008958,0.012360,0.015500
447646080.000,ZR,handheld,水平,right,recording,充电口朝内,1,-0.139821,0.296111,9.854308,-0.007581,0.014529,0.014186
447646090.000,ZR,handheld,水平,right,recording,充电口朝内,1,-0.116979,0.315979,9.886866,-0.003098,0.012713,0.010863
447646100.000,ZR,handheld,水平,right,recording,充电口朝内,1,-0.150579,0.305836,9.926752,0.009401,0.006288,0.009304
447646110.000,ZR,handheld,水平,right,recording,充电口朝内,1,-0.167683,0.309349,9.882969,0.018872,-0.004582,0.007404
447646120.000,ZR,handheld,水平,right,recording,充电口朝内,1,-0.177521,0.313125,9.867012,0.024460,-0.009274,0.010141
447646130.000,ZR,handheld,水平,right,recording,充电口朝内,1,-0.149819,0.306600,9.847435,0.027197,-0.005902,0.012630
447646140.000,ZR,handheld,水平,right,recording,充电口朝内,1,-0.087008,0.345636,9.777403,0.022100,-0.002776,0.010523
447646150.000,ZR,handheld,水平,right,recording,充电口朝内,1,-0.060798,0.348188,9.734516,0.015658,0.002476,0.006945
447646160.000,ZR,handheld,水平,right,recording,充电口朝内,1,-0.080438,0.349506,9.752548,0.010542,0.007949,0.003254
447646170.000,ZR,handheld,水平,right,recording,充电口朝内,1,-0.073651,0.375990,9.754716,0.004660,0.008168,-0.001071
447646180.000,ZR,handheld,水平,right,recording,充电口朝内,1,-0.097291,0.366924,9.750802,0.002329,0.007327,-0.004256
447646190.000,ZR,handheld,水平,right,recording,充电口朝内,1,-0.117366,0.354183,9.729808,-0.001026,0.004722,-0.006583
447646200.000,ZR,handheld,水平,right,recording,充电口朝内,1,-0.142307,0.352138,9.753598,-0.001067,0.000241,-0.007356
447646210.000,ZR,handheld,水平,right,recording,充电口朝内,1,-0.165149,0.332593,9.788214,0.000452,-0.000068,-0.008716
447646220.000,ZR,handheld,水平,right,recording,充电口朝内,1,-0.198627,0.332874,9.815347,0.004013,0.000208,-0.007711
447646230.000,ZR,handheld,水平,right,recording,充电口朝内,1,-0.201861,0.296843,9.791375,0.004932,-0.000778,-0.007173
447646240.000,ZR,handheld,水平,right,recording,充电口朝内,1,-0.196534,0.291493,9.742151,0.000009,-0.002829,-0.005819
447646250.000,ZR,handheld,水平,right,recording,充电口朝内,1,-0.210381,0.294868,9.733823,-0.005226,-0.002150,-0.004734
447646260.000,ZR,handheld,水平,right,recording,充电口朝内,1,-0.201129,0.295380,9.745096,-0.009653,0.003544,-0.005583
447646270.000,ZR,handheld,水平,right,recording,充电口朝内,1,-0.218561,0.282827,9.787405,-0.010752,0.002851,-0.003258
447646280.000,ZR,handheld,水平,right,recording,充电口朝内,1,-0.235537,0.280331,9.836973,-0.002880,-0.003392,-0.000713
447646290.000,ZR,handheld,水平,right,recording,充电口朝内,1,-0.212823,0.279572,9.891184,0.008801,-0.012070,-0.001086
447646300.000,ZR,handheld,水平,right,recording,充电口朝内,1,-0.185907,0.295741,9.863181,0.015577,-0.008970,-0.001414
447646310.000,ZR,handheld,水平,right,recording,充电口朝内,1,-0.200395,0.286604,9.787516,0.013166,-0.004299,-0.004571
447646320.000,ZR,handheld,水平,right,recording,充电口朝内,1,-0.246713,0.272504,9.721454,0.005139,-0.005831,-0.001646
447646330.000,ZR,handheld,水平,right,recording,充电口朝内,1,-0.264973,0.256979,9.722793,-0.005439,0.000617,0.002849
447646340.000,ZR,handheld,水平,right,recording,充电口朝内,1,-0.270261,0.266212,9.735580,-0.019254,0.004989,0.009465
447646350.000,ZR,handheld,水平,right,recording,充电口朝内,1,-0.201835,0.259321,9.812800,-0.022828,0.013858,0.011839
447646360.000,ZR,handheld,水平,right,recording,充电口朝内,1,-0.163977,0.289247,9.884251,-0.018662,0.016216,0.010921
447646370.000,ZR,handheld,水平,right,recording,充电口朝内,1,-0.132373,0.301529,9.910789,-0.006664,0.010387,0.006479
447646380.000,ZR,handheld,水平,right,recording,充电口朝内,1,-0.138309,0.297237,9.951464,0.011261,0.001015,0.002047
447646390.000,ZR,handheld,水平,right,recording,充电口朝内,1,-0.161364,0.307041,9.857790,0.020138,-0.011512,0.001823
447646400.000,ZR,handheld,水平,right,recording,充电口朝内,1,-0.150160,0.301869,9.825389,0.021512,-0.008155,0.002116
447646410.000,ZR,handheld,水平,right,recording,充电口朝内,1,-0.170815,0.317188,9.770132,0.015012,0.001558,0.005551
447646420.000,ZR,handheld,水平,right,recording,充电口朝内,1,-0.165088,0.339721,9.752868,0.003464,0.011332,0.006706
447646430.000,ZR,handheld,水平,right,recording,充电口朝内,1,-0.143980,0.358987,9.758959,-0.004806,0.021943,0.007025
447646440.000,ZR,handheld,水平,right,recording,充电口朝内,1,-0.097590,0.365082,9.802490,-0.003409,0.023773,0.002226
447646450.000,ZR,handheld,水平,right,recording,充电口朝内,1,-0.088070,0.375016,9.759317,-0.002461,0.012115,-0.007324
447646460.000,ZR,handheld,水平,right,recording,充电口朝内,1,-0.110302,0.370775,9.718340,-0.000025,-0.003635,-0.014735
447646470.000,ZR,handheld,水平,right,recording,充电口朝内,1,-0.177132,0.346025,9.758703,0.002533,-0.014030,-0.019149
447646480.000,ZR,handheld,水平,right,recording,充电口朝内,1,-0.267711,0.301589,9.762949,0.002359,-0.015647,-0.014943
447646490.000,ZR,handheld,水平,right,recording,充电口朝内,1,-0.281262,0.277613,9.784809,-0.000738,-0.012817,-0.009787
447646500.000,ZR,handheld,水平,right,recording,充电口朝内,1,-0.281605,0.289920,9.783951,-0.004337,-0.011746,-0.003223
447646510.000,ZR,handheld,水平,right,recording,充电口朝内,1,-0.232010,0.251647,9.771386,-0.008120,-0.009134,0.001484
447646520.000,ZR,handheld,水平,right,recording,充电口朝内,1,-0.199786,0.273616,9.775094,-0.014711,-0.007912,0.004080
447646530.000,ZR,handheld,水平,right,recording,充电口朝内,1,-0.173699,0.282372,9.855355,-0.015080,-0.005799,0.005627
447646540.000,ZR,handheld,水平,right,recording,充电口朝内,1,-0.184607,0.297366,9.905237,-0.008281,-0.008211,0.007606
447646550.000,ZR,handheld,水平,right,recording,充电口朝内,1,-0.156923,0.296477,9.904369,-0.002593,-0.012723,0.007345
447646560.000,ZR,handheld,水平,right,recording,充电口朝内,1,-0.114717,0.323283,9.881155,0.002722,-0.012786,0.003020
447646570.000,ZR,handheld,水平,right,recording,充电口朝内,1,-0.114304,0.293125,9.906270,0.009027,-0.003852,0.000469
447646580.000,ZR,handheld,水平,right,recording,充电口朝内,1,-0.143141,0.282706,9.861499,0.011067,0.000887,0.001145
447646590.000,ZR,handheld,水平,right,recording,充电口朝内,1,-0.166344,0.283698,9.815541,0.006573,0.002399,0.001944
447646600.000,ZR,handheld,水平,right,recording,充电口朝内,1,-0.162512,0.280653,9.813523,-0.000335,0.003625,0.001685
447646610.000,ZR,handheld,水平,right,recording,充电口朝内,1,-0.191186,0.298722,9.825736,-0.001534,0.005029,0.002074
447646620.000,ZR,handheld,水平,right,recording,充电口朝内,1,-0.203904,0.301359,9.841695,0.000938,0.000357,0.003420
447646630.000,ZR,handheld,水平,right,recording,充电口朝内,1,-0.194812,0.307454,9.864825,0.006240,0.001545,0.005864
447646640.000,ZR,handheld,水平,right,recording,充电口朝内,1,-0.181284,0.325361,9.858013,0.011074,0.004209,0.006091
447646650.000,ZR,handheld,水平,right,recording,充电口朝内,1,-0.201225,0.326841,9.831876,0.015519,0.005144,0.007090
447646660.000,ZR,handheld,水平,right,recording,充电口朝内,1,-0.197799,0.344047,9.770105,0.016016,0.002139,0.006183
447646670.000,ZR,handheld,水平,right,recording,充电口朝内,1,-0.203616,0.346701,9.677539,0.011299,-0.002494,0.004847
447646680.000,ZR,handheld,水平,right,recording,充电口朝内,1,-0.169978,0.331728,9.695639,0.005527,-0.005642,0.004841
447646690.000,ZR,handheld,水平,right,recording,充电口朝内,1,-0.173084,0.346679,9.706617,0.001586,-0.008584,0.003519
447646700.000,ZR,handheld,水平,right,recording,充电口朝内,1,-0.186074,0.327337,9.734312,-0.001804,-0.010897,0.003158
447646710.000,ZR,handheld,水平,right,recording,充电口朝内,1,-0.200584,0.325235,9.789819,-0.003992,-0.004583,0.005470
447646720.000,ZR,handheld,水平,right,recording,充电口朝内,1,-0.187816,0.317092,9.804060,-0.005741,0.003092,0.006331
447646730.000,ZR,handheld,水平,right,recording,充电口朝内,1,-0.169658,0.304721,9.784746,-0.008563,0.003692,0.004503
447646740.000,ZR,handheld,水平,right,recording,充电口朝内,1,-0.141841,0.278075,9.811962,-0.006813,-0.000667,0.003348
447646750.000,ZR,handheld,水平,right,recording,充电口朝内,1,-0.134858,0.288755,9.837013,-0.004936,-0.001594,0.000744
447646760.000,ZR,handheld,水平,right,recording,充电口朝内,1,-0.150916,0.284841,9.846595,-0.000957,-0.000983,-0.001111
447646770.000,ZR,handheld,水平,right,recording,充电口朝内,1,-0.182519,0.270145,9.862372,0.004626,-0.001616,-0.000987
447646780.000,ZR,handheld,水平,right,recording,充电口朝内,1,-0.199743,0.275070,9.824748,0.007286,-0.001430,0.000461
447646790.000,ZR,handheld,水平,right,recording,充电口朝内,1,-0.233165,0.279304,9.806825,0.001730,0.000416,0.004769
447646800.000,ZR,handheld,水平,right,recording,充电口朝内,1,-0.226552,0.299181,9.783745,-0.002058,0.000965,0.006716
447646810.000,ZR,handheld,水平,right,recording,充电口朝内,1,-0.198683,0.299644,9.826075,-0.000219,-0.002080,0.010101
447646820.000,ZR,handheld,水平,right,recording,充电口朝内,1,-0.168729,0.316267,9.816828,0.001612,-0.005083,0.008751
447646830.000,ZR,handheld,水平,right,recording,充电口朝内,1,-0.189664,0.327929,9.814995,0.002620,-0.004699,0.008468
447646840.000,ZR,handheld,水平,right,recording,充电口朝内,1,-0.158918,0.325589,9.810606,0.001994,-0.002924,0.007617
447646850.000,ZR,handheld,水平,right,recording,充电口朝内,1,-0.157384,0.348170,9.797441,-0.001727,-0.002011,0.007046
447646860.000,ZR,handheld,水平,right,recording,充电口朝内,1,-0.156215,0.353636,9.848051,-0.001317,-0.000503,0.005870
447646870.000,ZR,handheld,水平,right,recording,充电口朝内,1,-0.156452,0.360947,9.880245,0.003951,0.000461,0.005981
447646880.000,ZR,handheld,水平,right,recording,充电口朝内,1,-0.176652,0.359132,9.902244,0.011997,-0.000201,0.004805
447646890.000,ZR,handheld,水平,right,recording,充电口朝内,1,-0.165019,0.355684,9.840608,0.018762,-0.005037,0.004629
447646900.000,ZR,handheld,水平,right,recording,充电口朝内,1,-0.132537,0.353771,9.818368,0.021386,-0.002814,0.002993
447646910.000,ZR,handheld,水平,right,recording,充电口朝内,1,-0.148693,0.350452,9.728869,0.018284,-0.002856,0.000568
447646920.000,ZR,handheld,水平,right,recording,充电口朝内,1,-0.154990,0.339232,9.689885,0.008137,-0.006107,-0.001116
447646930.000,ZR,handheld,水平,right,recording,充电口朝内,1,-0.167661,0.317646,9.695333,-0.000004,-0.006746,-0.001837
447646940.000,ZR,handheld,水平,right,recording,充电口朝内,1,-0.161138,0.310601,9.740329,-0.006746,-0.008034,-0.003489
447646950.000,ZR,handheld,水平,right,recording,充电口朝内,1,-0.197008,0.292877,9.836389,-0.009443,-0.001682,-0.002245
447646960.000,ZR,handheld,水平,right,recording,充电口朝内,1,-0.193858,0.273045,9.901204,-0.002067,0.001401,-0.000615
447646970.000,ZR,handheld,水平,right,recording,充电口朝内,1,-0.191798,0.284463,9.908032,0.007972,-0.005440,0.001183
447646980.000,ZR,handheld,水平,right,recording,充电口朝内,1,-0.155867,0.264559,9.877591,0.015470,-0.007401,0.001159
447646990.000,ZR,handheld,水平,right,recording,充电口朝内,1,-0.170248,0.256403,9.813333,0.016016,-0.007374,0.002180
447647000.000,ZR,handheld,水平,right,recording,充电口朝内,1,-0.202245,0.273104,9.757613,0.011828,-0.005260,0.003211
447647010.000,ZR,handheld,水平,right,recording,充电口朝内,1,-0.224815,0.284342,9.775460,0.007922,0.000951,0.008304
447647020.000,ZR,handheld,水平,right,recording,充电口朝内,1,-0.232262,0.285760,9.769616,0.004407,0.007407,0.014886
447647030.000,ZR,handheld,水平,right,recording,充电口朝内,1,-0.205081,0.332383,9.741596,0.001591,0.006653,0.017785
447647040.000,ZR,handheld,水平,right,recording,充电口朝内,1,-0.139094,0.343275,9.735262,0.001811,-0.002478,0.017832
447647050.000,ZR,handheld,水平,right,recording,充电口朝内,1,-0.097347,0.349934,9.745814,0.002667,-0.011618,0.013082
447647060.000,ZR,handheld,水平,right,recording,充电口朝内,1,-0.053242,0.375489,9.739973,-0.000775,-0.012123,0.006338
447647070.000,ZR,handheld,水平,right,recording,充电口朝内,1,-0.096190,0.369906,9.787219,-0.002229,-0.005397,0.003007
447647080.000,ZR,handheld,水平,right,recording,充电口朝内,1,-0.160096,0.324619,9.803239,-0.000851,-0.001052,0.003272
447647090.000,ZR,handheld,水平,right,recording,充电口朝内,1,-0.183931,0.345397,9.768345,0.002954,-0.009794,0.007814
447647100.000,ZR,handheld,水平,right,recording,充电口朝内,1,-0.128657,0.337137,9.779735,0.005781,-0.013683,0.009006
447647110.000,ZR,handheld,水平,right,recording,充电口朝内,1,-0.047004,0.374911,9.729572,0.001082,-0.013247,0.001745
447647120.000,ZR,handheld,水平,right,recording,充电口朝内,1,-0.034179,0.371971,9.719247,-0.004639,-0.013221,-0.006642
447647130.000,ZR,handheld,水平,right,recording,充电口朝内,1,-0.137268,0.376218,9.772942,-0.006899,-0.008045,-0.008530
447647140.000,ZR,handheld,水平,right,recording,充电口朝内,1,-0.211756,0.333402,9.755465,-0.009408,-0.010906,-0.003086
447647150.000,ZR,handheld,水平,right,recording,充电口朝内,1,-0.214529,0.352828,9.776347,-0.010930,-0.010112,0.000570
447647160.000,ZR,handheld,水平,right,recording,充电口朝内,1,-0.192274,0.358086,9.788887,-0.012130,-0.008327,0.003780
447647170.000,ZR,handheld,水平,right,recording,充电口朝内,1,-0.135236,0.368931,9.787528,-0.010907,-0.006485,0.001674
447647180.000,ZR,handheld,水平,right,recording,充电口朝内,1,-0.134662,0.352180,9.810573,-0.008466,-0.012421,-0.000682
447647190.000,ZR,handheld,水平,right,recording,充电口朝内,1,-0.159590,0.326854,9.854061,-0.003182,-0.021031,-0.001200
447647200.000,ZR,handheld,水平,right,recording,充电口朝内,1,-0.202870,0.326762,9.853010,0.001793,-0.027211,-0.001204
447647210.000,ZR,handheld,水平,right,recording,充电口朝内,1,-0.183228,0.321768,9.815908,-0.000972,-0.024507,-0.001204
447647220.000,ZR,handheld,水平,right,recording,充电口朝内,1,-0.161954,0.322116,9.819882,-0.005527,-0.016880,0.000185
447647230.000,ZR,handheld,水平,right,recording,充电口朝内,1,-0.168531,0.304574,9.837304,-0.007425,-0.007572,0.001939
447647240.000,ZR,handheld,水平,right,recording,充电口朝内,1,-0.181471,0.284543,9.874946,-0.006253,-0.005632,0.005527
447647250.000,ZR,handheld,水平,right,recording,充电口朝内,1,-0.176517,0.276509,9.930418,-0.000076,-0.012510,0.006958
447647260.000,ZR,handheld,水平,right,recording,充电口朝内,1,-0.122699,0.294599,9.901746,0.006489,-0.016450,0.005368
447647270.000,ZR,handheld,水平,right,recording,充电口朝内,1,-0.127709,0.298228,9.906127,0.011208,-0.013240,0.004250
447647280.000,ZR,handheld,水平,right,recording,充电口朝内,1,-0.138660,0.311806,9.866307,0.011533,-0.007819,0.003964
447647290.000,ZR,handheld,水平,right,recording,充电口朝内,1,-0.162755,0.317580,9.847439,0.011443,-0.000948,0.006884
447647300.000,ZR,handheld,水平,right,recording,充电口朝内,1,-0.145975,0.320355,9.857676,0.013378,0.003250,0.008674
447647310.000,ZR,handheld,水平,right,recording,充电口朝内,1,-0.153125,0.340893,9.821210,0.016403,0.000345,0.007300
447647320.000,ZR,handheld,水平,right,recording,充电口朝内,1,-0.130145,0.331089,9.795598,0.018175,-0.008953,0.006578
447647330.000,ZR,handheld,水平,right,recording,充电口朝内,1,-0.112428,0.347859,9.770283,0.016636,-0.011618,0.002995
447647340.000,ZR,handheld,水平,right,recording,充电口朝内,1,-0.128664,0.353176,9.740925,0.008673,-0.002370,0.000226
447647350.000,ZR,handheld,水平,right,recording,充电口朝内,1,-0.175360,0.330763,9.769310,0.002487,0.006709,0.004125
447647360.000,ZR,handheld,水平,right,recording,充电口朝内,1,-0.170307,0.327936,9.790766,0.001718,0.009336,0.006828
447647370.000,ZR,handheld,水平,right,recording,充电口朝内,1,-0.129615,0.346810,9.798142,0.005902,0.006374,0.006687
447647380.000,ZR,handheld,水平,right,recording,充电口朝内,1,-0.107924,0.361749,9.798196,0.011677,0.001733,0.001867
447647390.000,ZR,handheld,水平,right,recording,充电口朝内,1,-0.090705,0.372939,9.735269,0.013580,-0.006587,-0.002622
447647400.000,ZR,handheld,水平,right,recording,充电口朝内,1,-0.128385,0.365446,9.689874,0.010852,-0.014505,-0.007441
447647410.000,ZR,handheld,水平,right,recording,充电口朝内,1,-0.154680,0.340149,9.643398,0.002361,-0.018127,-0.008737
447647420.000,ZR,handheld,水平,right,recording,充电口朝内,1,-0.199618,0.319363,9.664707,-0.006375,-0.018090,-0.006539
447647430.000,ZR,handheld,水平,right,recording,充电口朝内,1,-0.239289,0.297987,9.798472,-0.006539,-0.013835,-0.001157
447647440.000,ZR,handheld,水平,right,recording,充电口朝内,1,-0.248268,0.299457,9.811564,-0.004263,-0.020813,0.005494
447647450.000,ZR,handheld,水平,right,recording,充电口朝内,1,-0.183307,0.293242,9.810014,-0.002685,-0.025619,0.007545
447647460.000,ZR,handheld,水平,right,recording,充电口朝内,1,-0.123483,0.326525,9.774453,-0.004918,-0.027673,0.006684
447647470.000,ZR,handheld,水平,right,recording,充电口朝内,1,-0.108465,0.327589,9.810114,-0.007637,-0.022221,0.006423
447647480.000,ZR,handheld,水平,right,recording,充电口朝内,1,-0.125978,0.319116,9.808251,-0.011378,-0.017887,0.008802
447647490.000,ZR,handheld,水平,right,recording,充电口朝内,1,-0.135371,0.319712,9.884724,-0.009041,-0.016375,0.012868
447647500.000,ZR,handheld,水平,right,recording,充电口朝内,1,-0.127061,0.306430,9.985414,-0.001317,-0.011199,0.014329
447647510.000,ZR,handheld,水平,right,recording,充电口朝内,1,-0.081524,0.337330,9.986911,0.009556,-0.010273,0.010359
447647520.000,ZR,handheld,水平,right,recording,充电口朝内,1,-0.050065,0.321767,9.973872,0.021243,-0.007652,0.004668
447647530.000,ZR,handheld,水平,right,recording,充电口朝内,1,-0.091851,0.316656,9.851356,0.021873,-0.011101,0.002469
447647540.000,ZR,handheld,水平,right,recording,充电口朝内,1,-0.100213,0.308273,9.797787,0.017249,-0.009575,0.002737
447647550.000,ZR,handheld,水平,right,recording,充电口朝内,1,-0.147777,0.307448,9.751127,0.005507,-0.002499,0.005790
447647560.000,ZR,handheld,水平,right,recording,充电口朝内,1,-0.172208,0.301972,9.769320,-0.003650,0.006970,0.011531
447647570.000,ZR,handheld,水平,right,recording,充电口朝内,1,-0.178964,0.311496,9.811473,-0.005925,0.006805,0.016765
447647580.000,ZR,handheld,水平,right,recording,充电口朝内,1,-0.124357,0.331171,9.871297,0.000686,0.001466,0.016588
447647590.000,ZR,handheld,水平,right,recording,充电口朝内,1,-0.067655,0.341518,9.922092,0.014549,-0.003857,0.010594
447647600.000,ZR,handheld,水平,right,recording,充电口朝内,1,-0.076243,0.368401,9.899019,0.024050,-0.009719,0.004524
447647610.000,ZR,handheld,水平,right,recording,充电口朝内,1,-0.108174,0.342945,9.803157,0.025199,-0.018049,0.003080
447647620.000,ZR,handheld,水平,right,recording,充电口朝内,1,-0.122454,0.342623,9.763991,0.022001,-0.017576,0.004444
447647630.000,ZR,handheld,水平,right,recording,充电口朝内,1,-0.135910,0.355933,9.748202,0.014564,-0.010266,0.006195
447647640.000,ZR,handheld,水平,right,recording,充电口朝内,1,-0.119178,0.350589,9.759804,0.007617,-0.000770,0.008170
447647650.000,ZR,handheld,水平,right,recording,充电口朝内,1,-0.101548,0.332338,9.794112,0.003713,0.007746,0.011227
447647660.000,ZR,handheld,水平,right,recording,充电口朝内,1,-0.082600,0.356019,9.811959,0.004877,0.008791,0.009630
447647670.000,ZR,handheld,水平,right,recording,充电口朝内,1,-0.072561,0.345030,9.846117,0.012717,-0.000857,0.005817
447647680.000,ZR,handheld,水平,right,recording,充电口朝内,1,-0.068878,0.356189,9.858479,0.022409,-0.012322,0.001879
447647690.000,ZR,handheld,水平,right,recording,充电口朝内,1,-0.067835,0.351777,9.846501,0.029763,-0.015614,-0.001224
447647700.000,ZR,handheld,水平,right,recording,充电口朝内,1,-0.066076,0.353997,9.752681,0.028738,-0.008724,-0.004698
447647710.000,ZR,handheld,水平,right,recording,充电口朝内,1,-0.110575,0.344686,9.665917,0.015972,0.001052,-0.005880
447647720.000,ZR,handheld,水平,right,recording,充电口朝内,1,-0.180506,0.316887,9.617024,0.000061,0.004550,-0.001901
447647730.000,ZR,handheld,水平,right,recording,充电口朝内,1,-0.207086,0.320605,9.626715,-0.013275,0.005227,0.000949
447647740.000,ZR,handheld,水平,right,recording,充电口朝内,1,-0.196938,0.317840,9.685352,-0.016225,-0.000830,0.006928
447647750.000,ZR,handheld,水平,right,recording,充电口朝内,1,-0.160325,0.357021,9.821424,-0.009036,-0.007165,0.007899
447647760.000,ZR,handheld,水平,right,recording,充电口朝内,1,-0.147407,0.348723,9.839274,0.001234,-0.010198,0.008446
447647770.000,ZR,handheld,水平,right,recording,充电口朝内,1,-0.109026,0.355590,9.857171,0.008723,-0.012579,0.007962
447647780.000,ZR,handheld,水平,right,recording,充电口朝内,1,-0.115883,0.369787,9.798920,0.011815,-0.012582,0.005331
447647790.000,ZR,handheld,水平,right,recording,充电口朝内,1,-0.116806,0.346611,9.766005,0.008173,-0.007727,0.005586
447647800.000,ZR,handheld,水平,right,recording,充电口朝内,1,-0.106685,0.348211,9.770638,0.000838,0.004035,0.006152
447647810.000,ZR,handheld,水平,right,recording,充电口朝内,1,-0.115803,0.341362,9.705973,-0.009525,0.007293,0.008281
447647820.000,ZR,handheld,水平,right,recording,充电口朝内,1,-0.063878,0.343486,9.783221,-0.014372,0.006529,0.007200
447647830.000,ZR,handheld,水平,right,recording,充电口朝内,1,-0.056946,0.382145,9.817136,-0.011853,0.001494,0.001853
447647840.000,ZR,handheld,水平,right,recording,充电口朝内,1,-0.054542,0.383408,9.875985,-0.003914,-0.000052,-0.001985
447647850.000,ZR,handheld,水平,right,recording,充电口朝内,1,-0.069861,0.382492,9.878852,0.003996,-0.003496,-0.006849
447647860.000,ZR,handheld,水平,right,recording,充电口朝内,1,-0.153376,0.377771,9.866554,0.012308,-0.002233,-0.009381
447647870.000,ZR,handheld,水平,right,recording,充电口朝内,1,-0.174953,0.344163,9.790574,0.009561,-0.006895,-0.004552
447647880.000,ZR,handheld,水平,right,recording,充电口朝内,1,-0.205767,0.314800,9.776288,0.003739,-0.007239,0.000723
447647890.000,ZR,handheld,水平,right,recording,充电口朝内,1,-0.167928,0.332648,9.773859,-0.003297,-0.001775,0.006183
447647900.000,ZR,handheld,水平,right,recording,充电口朝内,1,-0.119050,0.314414,9.834936,-0.005965,0.007869,0.008455
447647910.000,ZR,handheld,水平,right,recording,充电口朝内,1,-0.105448,0.338663,9.915423,-0.003989,0.012815,0.009479
447647920.000,ZR,handheld,水平,right,recording,充电口朝内,1,-0.066540,0.357465,9.912932,0.002483,0.012423,0.006988
447647930.000,ZR,handheld,水平,right,recording,充电口朝内,1,-0.071248,0.348358,9.884127,0.008884,0.008077,0.003179
447647940.000,ZR,handheld,水平,right,recording,充电口朝内,1,-0.073688,0.371979,9.873998,0.013339,0.002774,0.001390
447647950.000,ZR,handheld,水平,right,recording,充电口朝内,1,-0.068370,0.354905,9.841843,0.017556,0.003254,-0.000081
447647960.000,ZR,handheld,水平,right,recording,充电口朝内,1,-0.027838,0.361197,9.796397,0.015197,0.005729,-0.001336
447647970.000,ZR,handheld,水平,right,recording,充电口朝内,1,-0.063256,0.376469,9.773553,0.016054,0.002615,-0.004408
447647980.000,ZR,handheld,水平,right,recording,充电口朝内,1,-0.082749,0.366943,9.780771,0.016616,0.000034,-0.005941
447647990.000,ZR,handheld,水平,right,recording,充电口朝内,1,-0.121125,0.395448,9.757919,0.015624,-0.001647,-0.005812
447648000.000,ZR,handheld,水平,right,recording,充电口朝内,1,-0.114473,0.391933,9.766742,0.015024,0.001047,-0.004932
447648010.000,ZR,handheld,水平,right,recording,充电口朝内,1,-0.113580,0.397273,9.718927,0.013753,0.003086,-0.004147
447648020.000,ZR,handheld,水平,right,recording,充电口朝内,1,-0.119633,0.389313,9.698209,0.010800,0.001448,-0.004824
447648030.000,ZR,handheld,水平,right,recording,充电口朝内,1,-0.127626,0.399132,9.703885,0.007047,-0.004219,-0.004597
447648040.000,ZR,handheld,水平,right,recording,充电口朝内,1,-0.098991,0.368533,9.701950,0.004193,-0.004988,-0.005530
447648050.000,ZR,handheld,水平,right,recording,充电口朝内,1,-0.109941,0.382032,9.680451,-0.006137,-0.001059,-0.007924
447648060.000,ZR,handheld,水平,right,recording,充电口朝内,1,-0.155351,0.359836,9.732389,-0.010531,0.005163,-0.006092
447648070.000,ZR,handheld,水平,right,recording,充电口朝内,1,-0.171773,0.369023,9.798681,-0.007715,0.005075,-0.003597
447648080.000,ZR,handheld,水平,right,recording,充电口朝内,1,-0.167013,0.363672,9.826251,0.001365,0.001046,-0.001406
447648090.000,ZR,handheld,水平,right,recording,充电口朝内,1,-0.148374,0.349364,9.777970,0.007694,-0.000439,-0.001079
447648100.000,ZR,handheld,水平,right,recording,充电口朝内,1,-0.113696,0.362150,9.637979,-0.002781,-0.003509,-0.001946
447648110.000,ZR,handheld,水平,right,recording,充电口朝内,1,-0.138013,0.363988,9.616508,-0.017407,-0.000430,-0.001555
447648120.000,ZR,handheld,水平,right,recording,充电口朝内,1,-0.147240,0.354983,9.691308,-0.026734,0.008934,-0.001225
447648130.000,ZR,handheld,水平,right,recording,充电口朝内,1,-0.180399,0.370725,9.742259,-0.030103,0.002204,0.001340
447648140.000,ZR,handheld,水平,right,recording,充电口朝内,1,-0.173611,0.342110,9.879162,-0.020046,-0.003617,0.001885
447648150.000,ZR,handheld,水平,right,recording,充电口朝内,1,-0.192940,0.344222,9.899980,-0.010404,-0.011930,0.003006
447648160.000,ZR,handheld,水平,right,recording,充电口朝内,1,-0.179979,0.343434,9.870666,-0.004473,-0.011811,0.004252
447648170.000,ZR,handheld,水平,right,recording,充电口朝内,1,-0.197298,0.344171,9.813540,-0.005144,-0.010810,0.008533
447648180.000,ZR,handheld,水平,right,recording,充电口朝内,1,-0.169490,0.311368,9.827679,-0.006316,-0.001208,0.013679
447648190.000,ZR,handheld,水平,right,recording,充电口朝内,1,-0.133326,0.344640,9.796559,-0.012153,0.008956,0.017241
447648200.000,ZR,handheld,水平,right,recording,充电口朝内,1,-0.105603,0.350568,9.783251,-0.015954,0.018911,0.015263
447648210.000,ZR,handheld,水平,right,recording,充电口朝内,1,-0.095270,0.374076,9.783690,-0.018696,0.017477,0.010570
447648220.000,ZR,handheld,水平,right,recording,充电口朝内,1,-0.103872,0.363930,9.756589,-0.020187,0.002695,0.008232
447648230.000,ZR,handheld,水平,right,recording,充电口朝内,1,-0.080460,0.374133,9.868259,-0.014991,-0.003101,0.006510
447648240.000,ZR,handheld,水平,right,recording,充电口朝内,1,-0.079858,0.387102,9.870100,-0.009085,-0.002205,0.001274
447648250.000,ZR,handheld,水平,right,recording,充电口朝内,1,-0.122707,0.375716,9.915025,-0.003072,0.001898,0.002554
447648260.000,ZR,handheld,水平,right,recording,充电口朝内,1,-0.131147,0.341584,9.909401,0.003551,0.006999,0.004355
447648270.000,ZR,handheld,水平,right,recording,充电口朝内,1,-0.093156,0.358831,9.838893,0.004814,0.012432,0.004341
447648280.000,ZR,handheld,水平,right,recording,充电口朝内,1,-0.107120,0.350444,9.794856,0.002733,0.014788,0.003444
447648290.000,ZR,handheld,水平,right,recording,充电口朝内,1,-0.119987,0.360596,9.726850,-0.000567,0.010828,0.001647
447648300.000,ZR,handheld,水平,right,recording,充电口朝内,1,-0.108632,0.378020,9.683658,-0.006729,0.005973,-0.000546
447648310.000,ZR,handheld,水平,right,recording,充电口朝内,1,-0.118501,0.358010,9.683699,-0.013181,0.000149,-0.000915
447648320.000,ZR,handheld,水平,right,recording,充电口朝内,1,-0.154686,0.359513,9.723058,-0.017751,-0.002562,-0.000124
447648330.000,ZR,handheld,水平,right,recording,充电口朝内,1,-0.170453,0.335975,9.765218,-0.021825,-0.001671,0.002666
447648340.000,ZR,handheld,水平,right,recording,充电口朝内,1,-0.148618,0.333341,9.819174,-0.019663,-0.004781,0.004341
447648350.000,ZR,handheld,水平,right,recording,充电口朝内,1,-0.129344,0.325261,9.887445,-0.010526,-0.010240,0.004378
447648360.000,ZR,handheld,水平,right,recording,充电口朝内,1,-0.130085,0.323526,9.926537,0.002282,-0.020040,0.007086
447648370.000,ZR,handheld,水平,right,recording,充电口朝内,1,-0.117349,0.349543,9.919287,0.016138,-0.030010,0.008391
447648380.000,ZR,handheld,水平,right,recording,充电口朝内,1,-0.072595,0.350607,9.853507,0.018576,-0.024898,0.007622
447648390.000,ZR,handheld,水平,right,recording,充电口朝内,1,-0.045124,0.353878,9.735653,0.007288,-0.012977,0.005507
447648400.000,ZR,handheld,水平,right,recording,充电口朝内,1,-0.058546,0.321507,9.704157,-0.008438,0.002823,0.002893
447648410.000,ZR,handheld,水平,right,recording,充电口朝内,1,-0.107663,0.310187,9.707459,-0.023077,0.010165,0.003178
447648420.000,ZR,handheld,水平,right,recording,充电口朝内,1,-0.098826,0.308871,9.785015,-0.028288,0.006239,0.003645
447648430.000,ZR,handheld,水平,right,recording,充电口朝内,1,-0.108740,0.298202,9.904161,-0.020396,-0.000403,0.002813
447648440.000,ZR,handheld,水平,right,recording,充电口朝内,1,-0.113146,0.296560,9.984622,-0.004695,-0.008508,0.000245
447648450.000,ZR,handheld,水平,right,recording,充电口朝内,1,-0.117680,0.272671,10.004032,0.010442,-0.007884,-0.000634
447648460.000,ZR,handheld,水平,right,recording,充电口朝内,1,-0.140619,0.288118,9.958058,0.019080,-0.007294,-0.000447
447648470.000,ZR,handheld,水平,right,recording,充电口朝内,1,-0.141527,0.276634,9.861130,0.020260,-0.003543,0.001589
447648480.000,ZR,handheld,水平,right,recording,充电口朝内,1,-0.131542,0.292893,9.773350,0.014093,-0.001145,0.006070
447648490.000,ZR,handheld,水平,right,recording,充电口朝内,1,-0.103620,0.326507,9.749040,0.002752,0.008350,0.006661
447648500.000,ZR,handheld,水平,right,recording,充电口朝内,1,-0.137426,0.347110,9.779706,-0.005194,0.016414,0.007614
447648510.000,ZR,handheld,水平,right,recording,充电口朝内,1,-0.162628,0.345341,9.845739,-0.001669,0.012073,0.007167
447648520.000,ZR,handheld,水平,right,recording,充电口朝内,1,-0.173541,0.347191,9.848349,0.006990,-0.002330,0.006416
447648530.000,ZR,handheld,水平,right,recording,充电口朝内,1,-0.156742,0.351512,9.874762,0.015700,-0.011774,0.006152
447648540.000,ZR,handheld,水平,right,recording,充电口朝内,1,-0.126424,0.357918,9.797796,0.015638,-0.006982,0.005151
447648550.000,ZR,handheld,水平,right,recording,充电口朝内,1,-0.098734,0.362000,9.713414,0.003657,0.001155,0.003913
447648560.000,ZR,handheld,水平,right,recording,充电口朝内,1,-0.115646,0.359012,9.704815,-0.006850,0.011433,0.005528
447648570.000,ZR,handheld,水平,right,rotate_hint,充电口朝内,1,-0.115759,0.335428,9.781896,-0.012850,0.015084,0.007410
447648580.000,ZR,handheld,水平,right,rotate_hint,充电口朝内,1,-0.084290,0.335369,9.864990,-0.005957,0.008520,0.004865
447648590.000,ZR,handheld,水平,right,rotate_hint,充电口朝内,1,-0.070789,0.357108,9.947642,0.007656,0.000950,-0.000723
447648600.000,ZR,handheld,水平,right,rotate_hint,充电口朝内,1,-0.067056,0.364846,9.919601,0.021621,-0.006111,-0.005588
447648610.000,ZR,handheld,水平,right,rotate_hint,充电口朝内,1,-0.099189,0.341622,9.801756,0.023722,-0.012762,-0.008130
447648620.000,ZR,handheld,水平,right,rotate_hint,充电口朝内,1,-0.109751,0.331530,9.761959,0.020175,-0.011532,-0.007560
447648630.000,ZR,handheld,水平,right,rotate_hint,充电口朝内,1,-0.148224,0.307882,9.705727,0.007006,0.007919,-0.004085
447648640.000,ZR,handheld,水平,right,rotate_hint,充电口朝内,1,-0.168601,0.306122,9.670565,-0.009844,0.020347,0.001976
447648650.000,ZR,handheld,水平,right,rotate_hint,充电口朝内,1,-0.188498,0.302583,9.774496,-0.015716,0.028355,0.011406
447648660.000,ZR,handheld,水平,right,rotate_hint,充电口朝内,1,-0.196060,0.324798,9.903707,-0.006755,0.025541,0.018004
447648670.000,ZR,handheld,水平,right,rotate_hint,充电口朝内,1,-0.154819,0.341025,9.922231,0.012017,0.011686,0.024221
447648680.000,ZR,handheld,水平,right,rotate_hint,充电口朝内,1,-0.118018,0.347747,9.899588,0.026665,0.004185,0.021913
447648690.000,ZR,handheld,水平,right,rotate_hint,充电口朝内,1,-0.068539,0.420760,9.769144,0.027955,-0.001201,0.012445
447648700.000,ZR,handheld,水平,right,rotate_hint,充电口朝内,1,-0.100202,0.371868,9.721074,0.018900,0.011674,0.009583
447648710.000,ZR,handheld,水平,right,rotate_hint,充电口朝内,1,-0.150657,0.391147,9.631430,0.001178,0.021065,0.007067
447648720.000,ZR,handheld,水平,right,rotate_hint,充电口朝内,1,-0.181004,0.381600,9.640104,-0.014265,0.023234,0.010275
447648730.000,ZR,handheld,水平,right,rotate_hint,充电口朝内,1,-0.137450,0.375683,9.758198,-0.016813,0.027348,0.008117
447648740.000,ZR,handheld,水平,right,rotate_hint,充电口朝内,1,-0.152686,0.392886,9.761881,-0.019851,0.017107,0.005343
447648750.000,ZR,handheld,水平,right,rotate_hint,充电口朝内,1,-0.104314,0.374934,9.826347,-0.014261,0.006749,0.001387
447648760.000,ZR,handheld,水平,right,rotate_hint,充电口朝内,1,-0.108367,0.385804,9.866464,-0.003879,-0.001658,-0.002403
447648770.000,ZR,handheld,水平,right,rotate_hint,充电口朝内,1,-0.095720,0.371002,9.865525,0.004084,-0.002605,-0.006477
447648780.000,ZR,handheld,水平,right,rotate_hint,充电口朝内,1,-0.091714,0.356187,9.825871,0.006081,0.000240,-0.010044
447648790.000,ZR,handheld,水平,right,rotate_hint,充电口朝内,1,-0.150111,0.334325,9.784829,0.000850,0.004938,-0.008383
447648800.000,ZR,handheld,水平,right,rotate_hint,充电口朝内,1,-0.101748,0.352844,9.816702,0.005335,-0.010543,-0.008223
447648810.000,ZR,handheld,水平,right,rotate_hint,充电口朝内,1,0.050420,0.476193,9.946756,0.030623,-0.047457,-0.023247
447648820.000,ZR,handheld,水平,right,rotate_hint,充电口朝内,1,0.172121,0.521811,9.916758,0.050560,-0.071450,-0.040054
447648830.000,ZR,handheld,水平,right,rotate_hint,充电口朝内,1,0.187848,0.612404,9.817355,0.058095,-0.070563,-0.055137
447648840.000,ZR,handheld,水平,right,rotate_hint,充电口朝内,1,0.227848,0.609136,9.598441,0.042634,-0.062681,-0.066806
447648850.000,ZR,handheld,水平,right,rotate_hint,充电口朝内,1,0.238082,0.606872,9.502981,0.016255,-0.051733,-0.079615
447648860.000,ZR,handheld,水平,right,rotate_hint,充电口朝内,1,0.242793,0.581530,9.508613,-0.004842,-0.063035,-0.094747
447648870.000,ZR,handheld,水平,right,rotate_hint,充电口朝内,1,0.265362,0.560216,9.718674,-0.006570,-0.081224,-0.115232
447648880.000,ZR,handheld,水平,right,rotate_hint,充电口朝内,1,0.175209,0.498700,9.859379,0.005133,-0.097191,-0.130187
447648890.000,ZR,handheld,水平,right,rotate_hint,充电口朝内,1,0.116834,0.432068,9.890999,0.016739,-0.097467,-0.142775
447648900.000,ZR,handheld,水平,right,rotate_hint,充电口朝内,1,0.022767,0.366140,9.807713,0.014119,-0.096252,-0.151992
447648910.000,ZR,handheld,水平,right,rotate_hint,充电口朝内,1,0.002134,0.334509,9.725946,0.009430,-0.122707,-0.161039
447648920.000,ZR,handheld,水平,right,rotate_hint,充电口朝内,1,0.007861,0.324510,9.839299,0.018199,-0.161034,-0.175544
447648930.000,ZR,handheld,水平,right,rotate_hint,充电口朝内,1,-0.031112,0.315037,9.861874,0.029430,-0.191270,-0.187795
447648940.000,ZR,handheld,水平,right,rotate_hint,充电口朝内,1,-0.073971,0.343896,9.889986,0.039743,-0.236773,-0.193476
447648950.000,ZR,handheld,水平,right,rotate_hint,充电口朝内,1,0.044059,0.371934,9.918159,0.050269,-0.259709,-0.206311
447648960.000,ZR,handheld,水平,right,rotate_hint,充电口朝内,1,0.169634,0.431264,9.798480,0.042256,-0.280712,-0.233897
447648970.000,ZR,handheld,水平,right,rotate_hint,充电口朝内,1,0.166726,0.407718,9.901319,0.041465,-0.287487,-0.247105
447648980.000,ZR,handheld,水平,right,rotate_hint,充电口朝内,1,0.144780,0.366140,10.144719,0.064817,-0.276945,-0.253361
447648990.000,ZR,handheld,水平,right,rotate_hint,充电口朝内,1,0.016901,0.388266,10.221981,0.102992,-0.316610,-0.261088
447649000.000,ZR,handheld,水平,right,rotate_hint,充电口朝内,1,0.045875,0.354948,10.317179,0.158968,-0.392382,-0.271437
447649010.000,ZR,handheld,水平,right,rotate_hint,充电口朝内,1,0.056257,0.326475,10.282244,0.236438,-0.538368,-0.288568
447649020.000,ZR,handheld,水平,right,rotate_hint,充电口朝内,1,0.115722,0.367792,10.315472,0.314525,-0.676676,-0.308300
447649030.000,ZR,handheld,水平,right,rotate_hint,充电口朝内,1,0.138715,0.076146,10.024371,0.299824,-0.588960,-0.308164
447649040.000,ZR,handheld,水平,right,rotate_hint,充电口朝内,1,-0.353237,0.009494,9.464652,0.130987,-0.228863,-0.236816
447649050.000,ZR,handheld,水平,right,rotate_hint,充电口朝内,1,-0.634578,-0.065439,9.083613,-0.123447,0.280283,-0.132969
447649060.000,ZR,handheld,水平,right,rotate_hint,充电口朝内,1,-0.351261,0.359383,9.565101,-0.244022,0.555770,-0.091924
447649070.000,ZR,handheld,水平,right,rotate_hint,充电口朝内,1,-0.194789,0.313613,10.070155,-0.194687,0.525584,-0.118442
447649080.000,ZR,handheld,水平,right,rotate_hint,充电口朝内,1,-0.394481,0.163168,10.109336,-0.021644,0.196333,-0.107095
447649090.000,ZR,handheld,水平,right,rotate_hint,充电口朝内,1,0.132708,0.274993,10.118254,0.159042,-0.171605,-0.120036
447649100.000,ZR,handheld,水平,right,rotate_hint,充电口朝内,1,-0.125264,0.262384,9.977211,0.274453,-0.376639,-0.138753
447649110.000,ZR,handheld,水平,right,rotate_hint,充电口朝内,1,-0.083764,0.279786,9.505550,0.280287,-0.486771,-0.140089
447649120.000,ZR,handheld,水平,right,rotate_hint,充电口朝内,1,0.274278,0.387548,9.667356,0.272565,-0.497389,-0.156580
447649130.000,ZR,handheld,水平,right,rotate_hint,充电口朝内,1,0.460506,0.592519,9.789322,0.269043,-0.448082,-0.174876
447649140.000,ZR,handheld,水平,right,rotate_hint,充电口朝内,1,0.428627,0.524279,9.572564,0.245412,-0.390468,-0.185033
447649150.000,ZR,handheld,水平,right,rotate_hint,充电口朝内,1,0.223339,0.673934,9.464186,0.208538,-0.355109,-0.173455
447649160.000,ZR,handheld,水平,right,rotate_hint,充电口朝内,1,0.405314,0.621186,9.484850,0.173088,-0.317453,-0.156981
447649170.000,ZR,handheld,水平,right,rotate_hint,充电口朝内,1,0.470096,0.742235,9.558310,0.147145,-0.269306,-0.141054
447649180.000,ZR,handheld,水平,right,rotate_hint,充电口朝内,1,0.697077,0.731625,9.573643,0.132049,-0.239245,-0.138766
447649190.000,ZR,handheld,水平,right,rotate_hint,充电口朝内,1,0.805353,0.810312,9.686840,0.127611,-0.216841,-0.145978
447649200.000,ZR,handheld,水平,right,rotate_hint,充电口朝内,1,0.853046,0.868113,9.751673,0.130547,-0.200877,-0.157014
447649210.000,ZR,handheld,水平,right,rotate_hint,充电口朝内,1,0.990757,0.880256,9.581069,0.081505,-0.126998,-0.166178
447649220.000,ZR,handheld,水平,right,rotate_hint,充电口朝内,1,1.160699,0.972980,9.409952,-0.003633,-0.001830,-0.186659
447649230.000,ZR,handheld,水平,right,rotate_hint,充电口朝内,1,1.283765,1.060530,9.522627,-0.058129,0.066678,-0.227711
447649240.000,ZR,handheld,水平,right,rotate_hint,充电口朝内,1,1.238293,1.071373,9.696507,-0.078130,0.045127,-0.267715
447649250.000,ZR,handheld,水平,right,rotate_hint,充电口朝内,1,1.238582,1.025412,9.975154,-0.059437,0.031827,-0.309462
447649260.000,ZR,handheld,水平,right,rotate_hint,充电口朝内,1,1.361099,1.151673,10.086041,-0.027287,0.040854,-0.363571
447649270.000,ZR,handheld,水平,right,rotate_hint,充电口朝内,1,1.519563,1.177094,10.119436,-0.009191,0.102848,-0.417993
447649280.000,ZR,handheld,水平,right,rotate_hint,充电口朝内,1,1.290318,1.004830,9.847107,-0.042223,0.183145,-0.467453
447649290.000,ZR,handheld,水平,right,rotate_hint,充电口朝内,1,0.664467,0.632044,9.866631,-0.074828,0.197800,-0.484170
447649300.000,ZR,handheld,水平,right,rotate_hint,充电口朝内,1,0.058797,0.321554,9.955955,-0.087551,0.157748,-0.445838
447649310.000,ZR,handheld,水平,right,rotate_hint,充电口朝内,1,0.234215,0.289440,10.019671,-0.082081,0.121855,-0.424143
447649320.000,ZR,handheld,水平,right,rotate_hint,充电口朝内,1,0.720383,0.496137,10.013090,-0.077707,0.104414,-0.470813
447649330.000,ZR,handheld,水平,right,rotate_hint,充电口朝内,1,1.195491,0.799769,9.946074,-0.107970,0.140494,-0.566214
447649340.000,ZR,handheld,水平,right,rotate_hint,充电口朝内,1,1.315768,0.620831,9.957349,-0.150571,0.204104,-0.653816
447649350.000,ZR,handheld,水平,right,rotate_hint,充电口朝内,1,0.801542,0.435056,10.143837,-0.142212,0.169216,-0.696841
447649360.000,ZR,handheld,水平,right,rotate_hint,充电口朝内,1,0.433247,0.283979,10.110075,-0.117435,0.064891,-0.731286
447649370.000,ZR,handheld,水平,right,rotate_hint,充电口朝内,1,0.305636,0.361505,10.182422,-0.064711,-0.137117,-0.778909
447649380.000,ZR,handheld,水平,right,rotate_hint,充电口朝内,1,0.682554,0.734435,10.415314,-0.009185,-0.196348,-0.858199
447649390.000,ZR,handheld,水平,right,rotate_hint,充电口朝内,1,0.706569,0.958002,10.200030,0.017730,-0.227960,-0.925364
447649400.000,ZR,handheld,水平,right,rotate_hint,充电口朝内,1,0.304828,1.081677,10.775754,0.100964,-0.071273,-0.945061
447649410.000,ZR,handheld,水平,right,rotate_hint,充电口朝内,1,0.866325,0.025894,10.795549,0.248739,0.103275,-0.945815
447649420.000,ZR,handheld,水平,right,rotate_hint,充电口朝内,1,1.240893,-0.218824,10.548704,0.350342,0.149889,-1.046081
447649430.000,ZR,handheld,水平,right,rotate_hint,充电口朝内,1,1.285757,0.862487,9.865859,0.367067,0.169295,-1.165361
447649440.000,ZR,handheld,水平,right,rotate_hint,充电口朝内,1,1.163630,0.877637,9.537079,0.323360,0.137491,-1.303965
447649450.000,ZR,handheld,水平,right,rotate_hint,充电口朝内,1,2.367489,0.128153,8.734261,0.200976,0.072125,-1.540583
447649460.000,ZR,handheld,水平,right,rotate_hint,充电口朝内,1,3.977791,-0.581060,8.299472,0.056607,0.068051,-1.890053
447649470.000,ZR,handheld,水平,right,rotate_hint,充电口朝内,1,2.364774,0.340786,8.535051,-0.079552,0.021983,-2.121229
447649480.000,ZR,handheld,水平,right,rotate_hint,充电口朝内,1,1.429117,-0.263145,8.713133,-0.190130,-0.014704,-2.223127
447649490.000,ZR,handheld,水平,right,rotate_hint,充电口朝内,1,0.988578,0.068616,8.608290,-0.314767,-0.062803,-2.304310
447649500.000,ZR,handheld,水平,right,rotate_hint,充电口朝内,1,1.090363,0.224576,8.348087,-0.486794,-0.156604,-2.401441
447649510.000,ZR,handheld,水平,right,rotate_hint,充电口朝内,1,0.930315,0.117444,8.100414,-0.693733,-0.289992,-2.469974
447649520.000,ZR,handheld,水平,right,rotate_hint,充电口朝内,1,0.605536,-0.250067,8.091930,-0.866777,-0.417467,-2.474513
447649530.000,ZR,handheld,水平,right,rotate_hint,充电口朝内,1,0.493905,-0.741071,8.210770,-0.996852,-0.444419,-2.451925
447649540.000,ZR,handheld,水平,right,rotate_hint,充电口朝内,1,0.847855,-0.508328,8.325715,-1.116596,-0.347055,-2.477907
447649550.000,ZR,handheld,水平,right,rotate_hint,充电口朝内,1,1.082741,-0.309025,8.454032,-1.236803,-0.167442,-2.557886
447649560.000,ZR,handheld,水平,right,rotate_hint,充电口朝内,1,0.814832,-0.813482,8.542646,-1.335456,-0.064047,-2.624114
447649570.000,ZR,handheld,水平,right,rotate_hint,充电口朝内,1,0.498056,-1.313687,9.070987,-1.373723,0.008504,-2.671112
447649580.000,ZR,handheld,水平,right,rotate_hint,充电口朝内,1,0.373635,-1.139500,9.835124,-1.344996,0.110080,-2.694013
447649590.000,ZR,handheld,水平,right,rotate_hint,充电口朝内,1,0.047872,-1.083579,10.337311,-1.271872,0.182874,-2.663076
447649600.000,ZR,handheld,水平,right,rotate_hint,充电口朝内,1,-0.002704,-0.918909,10.410304,-1.188065,0.184069,-2.623297
447649610.000,ZR,handheld,水平,right,rotate_hint,充电口朝内,1,-0.165123,-1.180861,10.424983,-1.096617,0.094270,-2.592811
447649620.000,ZR,handheld,水平,right,rotate_hint,充电口朝内,1,-0.214290,-1.332168,10.456955,-1.019560,0.013551,-2.573648
447649630.000,ZR,handheld,水平,right,rotate_hint,充电口朝内,1,-0.699353,-0.990067,10.469991,-0.945048,-0.017043,-2.510408
447649640.000,ZR,handheld,水平,right,rotate_hint,充电口朝内,1,-2.149623,-1.045472,10.620582,-0.837802,0.084315,-2.311907
447649650.000,ZR,handheld,水平,right,rotate_hint,充电口朝内,1,-2.245051,-1.168349,10.933519,-0.696219,0.345329,-2.069301
447649660.000,ZR,handheld,水平,right,rotate_hint,充电口朝内,1,-1.078407,-1.053167,10.997927,-0.560838,0.561851,-1.938565
447649670.000,ZR,handheld,水平,right,rotate_hint,充电口朝内,1,-0.206959,-1.178561,11.270148,-0.422981,0.585668,-1.912445
447649680.000,ZR,handheld,水平,right,rotate_hint,充电口朝内,1,-0.149636,-1.131664,11.920002,-0.229835,0.493110,-1.909069
447649690.000,ZR,handheld,水平,right,rotate_hint,充电口朝内,1,-0.390468,-0.961885,12.406014,0.030555,0.474953,-1.891969
447649700.000,ZR,handheld,水平,right,rotate_hint,充电口朝内,1,-0.769898,-0.862412,12.419552,0.301868,0.556602,-1.835955
447649710.000,ZR,handheld,水平,right,rotate_hint,充电口朝内,1,-0.982923,-0.685274,11.894719,0.527709,0.668599,-1.748356
447649720.000,ZR,handheld,水平,right,rotate_hint,充电口朝内,1,-1.074308,-0.711229,10.742069,0.623076,0.601447,-1.687131
447649730.000,ZR,handheld,水平,right,rotate_hint,充电口朝内,1,-1.261320,-1.165454,9.601658,0.587306,0.347990,-1.649326
447649740.000,ZR,handheld,水平,right,rotate_hint,充电口朝内,1,-1.400296,-1.355527,9.138707,0.500069,0.126178,-1.594031
447649750.000,ZR,handheld,水平,right,rotate_hint,充电口朝内,1,-1.253103,-0.956841,9.195286,0.389533,0.067351,-1.511542
447649760.000,ZR,handheld,水平,right,rotate_hint,充电口朝内,1,-0.926357,-0.591473,9.442832,0.309004,0.131738,-1.417736
447649770.000,ZR,handheld,水平,right,rotate_hint,充电口朝内,1,-0.656155,-0.602851,10.046631,0.297889,0.305858,-1.330250
447649780.000,ZR,handheld,水平,right,rotate_hint,充电口朝内,1,-0.175746,-0.459194,9.378657,0.260993,0.441802,-1.318084
447649790.000,ZR,handheld,水平,right,rotate_hint,充电口朝内,1,0.029236,-0.501030,9.653966,0.226239,0.411012,-1.362807
447649800.000,ZR,handheld,水平,right,rotate_hint,充电口朝内,1,0.214900,-0.483634,9.622396,0.180125,0.161373,-1.430228
447649810.000,ZR,handheld,水平,right,rotate_hint,充电口朝内,1,-0.228753,-0.873551,9.282171,0.124386,-0.114264,-1.462123
447649820.000,ZR,handheld,水平,right,rotate_hint,充电口朝内,1,0.424942,-0.367098,9.210746,0.084143,-0.301522,-1.550403
447649830.000,ZR,handheld,水平,right,rotate_hint,充电口朝内,1,0.249301,-0.458086,9.150977,0.038555,-0.287338,-1.620961
447649840.000,ZR,handheld,水平,right,rotate_hint,充电口朝内,1,-0.182279,-0.367170,9.135153,-0.021581,-0.161355,-1.631282
447649850.000,ZR,handheld,水平,right,rotate_hint,充电口朝内,1,-0.658886,-0.369209,8.887669,-0.086586,-0.038186,-1.595221
447649860.000,ZR,handheld,水平,right,rotate_hint,充电口朝内,1,-0.512475,0.136061,8.581175,-0.151922,0.001894,-1.597392
447649870.000,ZR,handheld,水平,right,rotate_hint,充电口朝内,1,-0.883286,-0.085688,8.381224,-0.235595,0.080243,-1.540855
447649880.000,ZR,handheld,水平,right,rotate_hint,充电口朝内,1,-0.898067,0.024162,8.157445,-0.339217,0.118103,-1.462636
447649890.000,ZR,handheld,水平,right,rotate_hint,充电口朝内,1,-0.681922,-0.035941,8.712904,-0.398564,0.060193,-1.380404
447649900.000,ZR,handheld,水平,right,rotate_hint,充电口朝内,1,-0.585444,-0.065653,9.348238,-0.398078,0.038554,-1.290951
447649910.000,ZR,handheld,水平,right,rotate_hint,充电口朝内,1,-0.570351,-0.239373,10.391474,-0.298946,0.078047,-1.212938
447649920.000,ZR,handheld,水平,right,rotate_hint,充电口朝内,1,-0.448411,-0.535103,10.984696,-0.160778,0.187810,-1.178417
447649930.000,ZR,handheld,水平,right,rotate_hint,充电口朝内,1,-0.283567,-0.586062,11.219632,-0.027025,0.290943,-1.172547
447649940.000,ZR,handheld,水平,right,rotate_hint,充电口朝内,1,-0.155244,-0.608721,10.959958,0.088504,0.265045,-1.198704
447649950.000,ZR,handheld,水平,right,rotate_hint,充电口朝内,1,-0.024557,-0.640308,10.234807,0.147424,0.120616,-1.257268
447649960.000,ZR,handheld,水平,right,rotate_hint,充电口朝内,1,0.327294,-0.389782,9.599129,0.136621,-0.086145,-1.392543
447649970.000,ZR,handheld,水平,right,rotate_hint,充电口朝内,1,0.025372,-0.587214,9.018719,0.062093,-0.268366,-1.463138
447649980.000,ZR,handheld,水平,right,rotate_hint,充电口朝内,1,0.055712,-0.427226,8.588924,-0.065961,-0.351808,-1.521847
447649990.000,ZR,handheld,水平,right,rotate_hint,充电口朝内,1,0.287196,-0.362943,8.452029,-0.199988,-0.333247,-1.598810
447650000.000,ZR,handheld,水平,right,rotate_hint,充电口朝内,1,0.721121,-0.273907,8.718737,-0.290485,-0.221300,-1.681778
447650010.000,ZR,handheld,水平,right,rotate_hint,充电口朝内,1,1.209531,-0.546247,9.197830,-0.307252,-0.064710,-1.796557
447650020.000,ZR,handheld,水平,right,rotate_hint,充电口朝内,1,1.514517,-1.294626,10.003576,-0.214964,0.053785,-1.892976
447650030.000,ZR,handheld,水平,right,rotate_hint,充电口朝内,1,1.513393,-1.473798,10.000255,-0.097321,0.063690,-1.951552
447650040.000,ZR,handheld,水平,right,rotate_hint,充电口朝内,1,0.251262,-1.202291,10.161071,-0.032909,-0.194010,-1.944136
447650050.000,ZR,handheld,水平,right,rotate_hint,充电口朝内,1,-1.146732,-0.805124,10.496934,-0.002974,-0.509382,-1.852601
447650060.000,ZR,handheld,水平,right,rotate_hint,充电口朝内,1,-2.301970,-0.901233,10.862425,0.046421,-0.610565,-1.680627
447650070.000,ZR,handheld,水平,right,rotate_hint,充电口朝内,1,-2.455632,-1.001947,10.230434,0.049850,-0.486852,-1.476176
447650080.000,ZR,handheld,水平,right,rotate_hint,充电口朝内,1,-1.481003,-0.523778,8.939303,-0.037173,-0.353775,-1.347694
447650090.000,ZR,handheld,水平,right,rotate_hint,充电口朝内,1,-0.579563,-0.242759,8.214919,-0.202627,-0.318043,-1.315631
447650100.000,ZR,handheld,水平,right,rotate_hint,充电口朝内,1,-0.119173,-0.157504,8.618557,-0.346417,-0.345396,-1.316567
447650110.000,ZR,handheld,水平,right,rotate_hint,充电口朝内,1,-0.619115,-0.554694,9.390921,-0.410148,-0.384391,-1.217669
447650120.000,ZR,handheld,水平,right,rotate_hint,充电口朝内,1,-0.932083,-0.854729,10.037963,-0.369087,-0.357914,-1.027018
447650130.000,ZR,handheld,水平,right,rotate_hint,充电口朝内,1,-0.713916,-0.917307,10.358730,-0.261794,-0.225279,-0.807108
447650140.000,ZR,handheld,水平,right,rotate_hint,充电口朝内,1,-0.093039,-0.490600,10.038347,-0.190430,-0.055535,-0.650510
447650150.000,ZR,handheld,水平,right,rotate_hint,充电口朝内,1,0.417509,-0.185463,9.987734,-0.145460,0.040983,-0.549703
447650160.000,ZR,handheld,水平,right,rotate_hint,充电口朝内,1,0.510735,-0.355977,10.085852,-0.098664,0.082905,-0.478555
447650170.000,ZR,handheld,水平,right,rotate_hint,充电口朝内,1,0.717558,-0.620688,10.247589,-0.058869,0.111292,-0.440246
447650180.000,ZR,handheld,水平,right,rotate_hint,充电口朝内,1,0.572285,-0.781934,10.210691,-0.047186,0.125231,-0.419615
447650190.000,ZR,handheld,水平,right,rotate_hint,充电口朝内,1,0.519690,-1.015205,10.651249,-0.033303,0.155550,-0.410852
447650200.000,ZR,handheld,水平,right,rotate_hint,充电口朝内,1,1.077695,-0.831326,10.628049,-0.007793,0.161003,-0.420306
447650210.000,ZR,handheld,水平,right,rotate_hint,充电口朝内,1,0.610360,-0.579617,10.571915,0.024326,0.172456,-0.403927
447650220.000,ZR,handheld,水平,right,rotate_hint,充电口朝内,1,0.248345,-0.355016,10.245910,0.068637,0.177141,-0.343537
447650230.000,ZR,handheld,水平,right,rotate_hint,充电口朝内,1,0.353519,-0.349817,10.191533,0.129166,0.155913,-0.282997
447650240.000,ZR,handheld,水平,right,rotate_hint,充电口朝内,1,0.561605,-0.497477,9.931975,0.187221,0.174864,-0.228551
447650250.000,ZR,handheld,水平,right,rotate_hint,充电口朝内,1,0.509329,-0.707037,9.908552,0.239475,0.188178,-0.174973
447650260.000,ZR,handheld,水平,right,rotate_hint,充电口朝内,1,0.468784,-0.901471,9.955392,0.263078,0.212964,-0.137454
447650270.000,ZR,handheld,水平,right,rotate_hint,充电口朝内,1,0.404047,-1.035777,9.759318,0.249190,0.246542,-0.121353
447650280.000,ZR,handheld,水平,right,rotate_hint,充电口朝内,1,0.200928,-1.130766,9.781642,0.237115,0.256125,-0.114607
447650290.000,ZR,handheld,水平,right,rotate_hint,充电口朝内,1,0.323192,-1.039886,9.501386,0.230572,0.270232,-0.131212
447650300.000,ZR,handheld,水平,right,rotate_hint,充电口朝内,1,0.462112,-0.830891,9.807339,0.289285,0.228879,-0.186681
447650310.000,ZR,handheld,水平,right,rotate_hint,充电口朝内,1,0.188699,-0.676033,9.765476,0.358797,0.204636,-0.215169
447650320.000,ZR,handheld,水平,right,rotate_hint,充电口朝内,1,0.155910,-0.547230,9.531358,0.389597,0.202891,-0.214387
447650330.000,ZR,handheld,水平,right,rotate_hint,充电口朝内,1,0.140979,-0.375349,9.805105,0.410321,0.200573,-0.204400
447650340.000,ZR,handheld,水平,right,rotate_hint,充电口朝内,1,0.062493,-0.174124,9.879500,0.396537,0.202280,-0.197278
447650350.000,ZR,handheld,水平,right,rotate_hint,充电口朝内,1,0.134718,-0.036963,9.708046,0.330720,0.228933,-0.203437
447650360.000,ZR,handheld,水平,right,rotate_hint,充电口朝内,1,0.169456,-0.009196,9.722710,0.248335,0.263127,-0.219225
447650370.000,ZR,handheld,水平,right,rotate_hint,充电口朝内,1,0.133300,-0.133587,9.770528,0.165244,0.312216,-0.231953
447650380.000,ZR,handheld,水平,right,rotate_hint,充电口朝内,1,0.138780,-0.264849,9.908299,0.118253,0.321756,-0.240028
447650390.000,ZR,handheld,水平,right,rotate_hint,充电口朝内,1,0.217792,-0.257365,10.121606,0.119315,0.285895,-0.240113
447650400.000,ZR,handheld,水平,right,rotate_hint,充电口朝内,1,0.209954,-0.142613,10.009925,0.123966,0.268751,-0.230158
447650410.000,ZR,handheld,水平,right,rotate_hint,充电口朝内,1,0.218776,-0.078494,10.021673,0.131368,0.245763,-0.216681
447650420.000,ZR,handheld,水平,right,rotate_hint,充电口朝内,1,0.144958,-0.102030,10.052197,0.123394,0.216460,-0.202314
447650430.000,ZR,handheld,水平,right,rotate_hint,充电口朝内,1,0.134450,-0.201732,9.853750,0.090886,0.218703,-0.202712
447650440.000,ZR,handheld,水平,right,rotate_hint,充电口朝内,1,0.144999,-0.361282,10.114000,0.074288,0.239912,-0.211652
447650450.000,ZR,handheld,水平,right,rotate_hint,充电口朝内,1,0.144566,-0.400775,10.021963,0.070770,0.256378,-0.221484
447650460.000,ZR,handheld,水平,right,rotate_hint,充电口朝内,1,0.092046,-0.417548,9.815061,0.074821,0.219920,-0.217654
447650470.000,ZR,handheld,水平,right,rotate_hint,充电口朝内,1,0.039811,-0.417830,9.732944,0.084837,0.169602,-0.192294
447650480.000,ZR,handheld,水平,right,rotate_hint,充电口朝内,1,-0.018528,-0.395040,9.848165,0.118235,0.118506,-0.152437
447650490.000,ZR,handheld,水平,right,rotate_hint,充电口朝内,1,-0.048702,-0.393028,9.789817,0.143778,0.089702,-0.105392
447650500.000,ZR,handheld,水平,right,rotate_hint,充电口朝内,1,-0.074872,-0.269927,9.746836,0.149680,0.075871,-0.061684
447650510.000,ZR,handheld,水平,right,rotate_hint,充电口朝内,1,-0.090958,-0.236170,9.680056,0.127508,0.071347,-0.036386
447650520.000,ZR,handheld,水平,right,rotate_hint,充电口朝内,1,-0.093674,-0.237232,9.534543,0.072482,0.071446,-0.028119
447650530.000,ZR,handheld,水平,right,rotate_hint,充电口朝内,1,-0.130752,-0.309477,9.574985,0.023645,0.040776,-0.035478
447650540.000,ZR,handheld,水平,right,rotate_hint,充电口朝内,1,-0.094564,-0.376218,9.557471,-0.015722,-0.000385,-0.053086
447650550.000,ZR,handheld,水平,right,rotate_hint,充电口朝内,1,-0.067901,-0.357425,9.628034,-0.041369,-0.028147,-0.070223
447650560.000,ZR,handheld,水平,right,rotate_hint,充电口朝内,1,-0.120041,-0.333898,9.729696,-0.046037,-0.030543,-0.068873
447650570.000,ZR,handheld,水平,right,rotate_hint,充电口朝内,1,-0.112422,-0.317998,9.758103,-0.041656,-0.022821,-0.056464
447650580.000,ZR,handheld,水平,right,rotate_hint,充电口朝内,1,-0.048122,-0.338937,9.831390,-0.023670,-0.029964,-0.045654
447650590.000,ZR,handheld,水平,right,rotate_hint,充电口朝内,1,-0.014452,-0.353269,9.834411,-0.008243,-0.026320,-0.036274
447650600.000,ZR,handheld,水平,right,rotate_hint,充电口朝内,1,-0.002977,-0.365966,9.856572,0.007617,-0.014028,-0.030223
447650610.000,ZR,handheld,水平,right,rotate_hint,充电口朝内,1,0.043816,-0.392086,9.901477,0.029425,-0.021862,-0.027968
447650620.000,ZR,handheld,水平,right,rotate_hint,充电口朝内,1,0.042088,-0.391599,9.844425,0.042430,-0.028321,-0.024559
447650630.000,ZR,handheld,水平,right,rotate_hint,充电口朝内,1,0.015554,-0.379324,9.901878,0.056826,-0.027728,-0.016920
447650640.000,ZR,handheld,水平,right,rotate_hint,充电口朝内,1,-0.012840,-0.362834,9.925138,0.067579,-0.022788,-0.007352
447650650.000,ZR,handheld,水平,right,rotate_hint,充电口朝内,1,-0.000859,-0.327229,9.871961,0.063887,-0.003719,0.000958
447650660.000,ZR,handheld,水平,right,rotate_hint,充电口朝内,1,0.015267,-0.297543,9.773192,0.048224,-0.003487,0.001821
447650670.000,ZR,handheld,水平,right,rotate_hint,充电口朝内,1,0.041759,-0.307993,9.746487,0.026494,-0.042107,-0.002029
447650680.000,ZR,handheld,水平,right,rotate_hint,充电口朝内,1,-0.003439,-0.361672,9.768027,-0.000896,-0.065350,-0.006934
447650690.000,ZR,handheld,水平,right,rotate_hint,充电口朝内,1,0.009976,-0.305027,9.862866,-0.032157,-0.051568,-0.010331
447650700.000,ZR,handheld,水平,right,rotate_hint,充电口朝内,1,-0.005959,-0.228069,9.838529,-0.065173,-0.059297,-0.009036
447650710.000,ZR,handheld,水平,right,rotate_hint,充电口朝内,1,0.028301,-0.144022,9.784605,-0.093820,-0.078525,-0.012459
447650720.000,ZR,handheld,水平,right,rotate_hint,充电口朝内,1,0.025281,-0.145159,9.910959,-0.106680,-0.094898,-0.020800
447650730.000,ZR,handheld,水平,right,rotate_hint,充电口朝内,1,0.022663,-0.199009,9.958178,-0.102192,-0.090441,-0.030731
447650740.000,ZR,handheld,水平,right,rotate_hint,充电口朝内,1,0.067657,-0.171238,10.012223,-0.086657,-0.058726,-0.042593
447650750.000,ZR,handheld,水平,right,rotate_hint,充电口朝内,1,0.079564,-0.143412,10.100005,-0.067034,-0.028782,-0.050418
447650760.000,ZR,handheld,水平,right,rotate_hint,充电口朝内,1,0.054598,-0.180756,10.003590,-0.057339,0.006827,-0.049563
447650770.000,ZR,handheld,水平,right,rotate_hint,充电口朝内,1,0.050610,-0.184701,9.912806,-0.058361,0.046609,-0.041767
447650780.000,ZR,handheld,水平,right,rotate_hint,充电口朝内,1,0.014109,-0.173654,9.764544,-0.065027,0.041470,-0.026867
447650790.000,ZR,handheld,水平,right,rotate_hint,充电口朝内,1,-0.015956,-0.222224,9.725832,-0.067578,-0.002728,-0.009342
447650800.000,ZR,handheld,水平,right,rotate_hint,充电口朝内,1,-0.039722,-0.310328,9.826615,-0.062853,-0.013090,0.002767
447650810.000,ZR,handheld,水平,right,rotate_hint,充电口朝内,1,-0.066306,-0.406757,9.857399,-0.053551,0.002545,0.009413
447650820.000,ZR,handheld,水平,right,rotate_hint,充电口朝内,1,-0.035805,-0.415582,9.807503,-0.043130,0.007033,0.010785
447650830.000,ZR,handheld,水平,right,rotate_hint,充电口朝内,1,-0.024306,-0.335197,9.668447,-0.037528,-0.018464,0.001887
447650840.000,ZR,handheld,水平,right,rotate_hint,充电口朝内,1,0.055951,-0.285536,9.601339,-0.034557,-0.051703,-0.021032
447650850.000,ZR,handheld,水平,right,rotate_hint,充电口朝内,1,0.020480,-0.263496,9.797174,-0.021843,-0.054796,-0.050394
447650860.000,ZR,handheld,水平,right,rotate_hint,充电口朝内,1,-0.022814,-0.303870,9.885179,-0.009115,-0.011148,-0.077411
447650870.000,ZR,handheld,水平,right,rotate_hint,充电口朝内,1,-0.039585,-0.381923,9.889924,0.002382,0.020065,-0.095093
447650880.000,ZR,handheld,水平,right,rotate_hint,充电口朝内,1,-0.022949,-0.362329,9.852061,0.008262,0.028638,-0.097835
447650890.000,ZR,handheld,水平,right,rotate_hint,充电口朝内,1,0.030181,-0.343913,9.743173,0.008286,0.020280,-0.088820
447650900.000,ZR,handheld,水平,right,rotate_hint,充电口朝内,1,0.009376,-0.354524,9.719001,0.004783,0.005005,-0.070949
447650910.000,ZR,handheld,水平,right,rotate_hint,充电口朝内,1,0.055388,-0.345173,9.788237,0.005638,0.014886,-0.050876
447650920.000,ZR,handheld,水平,right,rotate_hint,充电口朝内,1,0.025574,-0.344665,9.812405,0.010051,0.029218,-0.027882
447650930.000,ZR,handheld,水平,right,rotate_hint,充电口朝内,1,0.032706,-0.374511,9.829786,0.015458,0.040302,-0.009133
447650940.000,ZR,handheld,水平,right,rotate_hint,充电口朝内,1,0.061637,-0.409433,9.805410,0.022016,0.045638,0.007146
447650950.000,ZR,handheld,水平,right,rotate_hint,充电口朝内,1,0.054927,-0.393226,9.743837,0.025223,0.034316,0.020233
447650960.000,ZR,handheld,水平,right,rotate_hint,充电口朝内,1,0.017186,-0.414474,9.744725,0.029637,0.017182,0.030429
447650970.000,ZR,handheld,水平,right,rotate_hint,充电口朝内,1,0.004615,-0.366704,9.854800,0.040146,0.005251,0.031268
447650980.000,ZR,handheld,水平,right,rotate_hint,充电口朝内,1,0.010979,-0.286135,9.804207,0.042673,0.015837,0.019563
447650990.000,ZR,handheld,水平,right,rotate_hint,充电口朝内,1,-0.030770,-0.271636,9.783326,0.041613,0.012117,0.001755
447651000.000,ZR,handheld,水平,right,rotate_hint,充电口朝内,1,-0.074077,-0.277701,9.725856,0.035113,0.010848,-0.019823
447651010.000,ZR,handheld,水平,right,rotate_hint,充电口朝内,1,-0.082242,-0.314243,9.792544,0.035159,0.019742,-0.034510
447651020.000,ZR,handheld,水平,right,rotate_hint,充电口朝内,1,-0.149443,-0.332884,9.839988,0.044086,0.029390,-0.032272
447651030.000,ZR,handheld,水平,right,rotate_hint,充电口朝内,1,-0.145578,-0.350724,9.803235,0.051994,0.040871,-0.017739
447651040.000,ZR,handheld,水平,right,rotate_hint,充电口朝内,1,-0.129306,-0.353314,9.771609,0.055499,0.041450,-0.000614
447651050.000,ZR,handheld,水平,right,rotate_hint,充电口朝内,1,-0.103850,-0.371978,9.731061,0.050002,0.038054,0.017821
447651060.000,ZR,handheld,水平,right,rotate_hint,充电口朝内,1,-0.093609,-0.343129,9.755961,0.042167,0.025117,0.028784
447651070.000,ZR,handheld,水平,right,rotate_hint,充电口朝内,1,-0.082954,-0.351978,9.812737,0.030290,0.019297,0.026589
447651080.000,ZR,handheld,水平,right,rotate_hint,充电口朝内,1,-0.071654,-0.380030,9.794013,0.017821,0.031174,0.013831
447651090.000,ZR,handheld,水平,right,rotate_hint,充电口朝内,1,-0.115985,-0.368131,9.823510,0.010796,0.026679,-0.003474
447651100.000,ZR,handheld,水平,right,rotate_hint,充电口朝内,1,-0.138707,-0.345678,9.772779,0.008228,0.020333,-0.017936
447651110.000,ZR,handheld,水平,right,rotate_hint,充电口朝内,1,-0.167912,-0.308683,9.766802,0.008266,0.010812,-0.017513
447651120.000,ZR,handheld,水平,right,rotate_hint,充电口朝内,1,-0.176715,-0.342586,9.780444,0.011561,0.014736,-0.009641
447651130.000,ZR,handheld,水平,right,rotate_hint,充电口朝内,1,-0.121353,-0.368267,9.880516,0.020613,0.020273,0.001608
447651140.000,ZR,handheld,水平,right,rotate_hint,充电口朝内,1,-0.086413,-0.282336,9.799828,0.021792,0.030656,0.013412
447651150.000,ZR,handheld,水平,right,rotate_hint,充电口朝内,1,-0.027031,-0.273550,9.818690,0.018159,0.025558,0.015793
447651160.000,ZR,handheld,水平,right,rotate_hint,充电口朝内,1,-0.038249,-0.290774,9.816613,0.010375,0.023095,0.013507
447651170.000,ZR,handheld,水平,right,rotate_hint,充电口朝内,1,-0.070163,-0.294923,9.821371,0.000414,0.032765,0.006151
447651180.000,ZR,handheld,水平,right,rotate_hint,充电口朝内,1,-0.102910,-0.290652,9.761110,-0.012180,0.028999,-0.000976
447651190.000,ZR,handheld,水平,right,rotate_hint,充电口朝内,1,-0.125345,-0.309983,9.733699,-0.020020,0.022276,-0.000932
447651200.000,ZR,handheld,水平,right,rotate_hint,充电口朝内,1,-0.152647,-0.283457,9.755397,-0.016770,0.022228,0.007657
447651210.000,ZR,handheld,水平,right,rotate_hint,充电口朝内,1,-0.150028,-0.275291,9.736813,-0.007401,0.015008,0.018037
447651220.000,ZR,handheld,水平,right,rotate_hint,充电口朝内,1,-0.142116,-0.271780,9.761249,0.007125,0.001687,0.028548
447651230.000,ZR,handheld,水平,right,rotate_hint,充电口朝内,1,-0.113545,-0.283622,9.807182,0.022553,-0.005409,0.031060
447651240.000,ZR,handheld,水平,right,rotate_hint,充电口朝内,1,-0.089303,-0.230583,9.856795,0.027228,0.000184,0.026831
447651250.000,ZR,handheld,水平,right,rotate_hint,充电口朝内,1,-0.103573,-0.169175,9.887263,0.028598,0.012824,0.019850
447651260.000,ZR,handheld,水平,right,rotate_hint,充电口朝内,1,-0.111034,-0.173677,9.851369,0.022138,0.020189,0.009802
447651270.000,ZR,handheld,水平,right,rotate_hint,充电口朝内,1,-0.085182,-0.101709,9.858373,0.015063,0.027978,-0.005983
447651280.000,ZR,handheld,水平,right,rotate_hint,充电口朝内,1,-0.131778,-0.048167,9.808452,0.004432,0.042154,-0.016913
447651290.000,ZR,handheld,水平,right,rotate_hint,充电口朝内,1,-0.143706,-0.082050,9.855760,0.002284,0.039293,-0.023484
447651300.000,ZR,handheld,水平,right,rotate_hint,充电口朝内,1,-0.144957,-0.119953,9.856536,0.002517,0.036237,-0.026736
447651310.000,ZR,handheld,水平,right,rotate_hint,充电口朝内,1,-0.144692,-0.147791,9.781544,-0.001620,0.035716,-0.022825
447651320.000,ZR,handheld,水平,right,rotate_hint,充电口朝内,1,-0.131745,-0.168968,9.803626,-0.000284,0.025146,-0.012831
447651330.000,ZR,handheld,水平,right,rotate_hint,充电口朝内,1,-0.151941,-0.143846,9.778936,0.005639,0.007190,-0.000231
447651340.000,ZR,handheld,水平,right,rotate_hint,充电口朝内,1,-0.121411,-0.146947,9.775195,0.009748,0.000850,0.008951
447651350.000,ZR,handheld,水平,right,rotate_hint,充电口朝内,1,-0.125871,-0.128398,9.803464,0.012714,0.008820,0.010030
447651360.000,ZR,handheld,水平,right,rotate_hint,充电口朝内,1,-0.100427,-0.134012,9.802485,0.017566,0.013624,-0.000889
447651370.000,ZR,handheld,水平,right,rotate_hint,充电口朝内,1,-0.065397,-0.091683,9.749861,0.020320,0.014078,-0.020585
447651380.000,ZR,handheld,水平,right,rotate_hint,充电口朝内,1,-0.115052,-0.099564,9.766576,0.026221,0.014255,-0.041364
447651390.000,ZR,handheld,水平,right,rotate_hint,充电口朝内,1,-0.120577,-0.148334,9.813832,0.035978,0.019904,-0.058308
447651400.000,ZR,handheld,水平,right,rotate_hint,充电口朝内,1,-0.133625,-0.197664,9.762963,0.042807,0.014381,-0.069014
447651410.000,ZR,handheld,水平,right,rotate_hint,充电口朝内,1,-0.091594,-0.161018,9.743192,0.044254,0.004900,-0.075476
447651420.000,ZR,handheld,水平,right,rotate_hint,充电口朝内,1,-0.079086,-0.150324,9.716872,0.037087,0.006525,-0.070832
447651430.000,ZR,handheld,水平,right,rotate_hint,充电口朝内,1,-0.105822,-0.163415,9.775641,0.033286,0.011325,-0.052382
447651440.000,ZR,handheld,水平,right,rotate_hint,充电口朝内,1,-0.093430,-0.207124,9.831953,0.034867,0.011789,-0.030875
447651450.000,ZR,handheld,水平,right,rotate_hint,充电口朝内,1,-0.111236,-0.209302,9.860377,0.033585,0.017899,-0.013077
447651460.000,ZR,handheld,水平,right,rotate_hint,充电口朝内,1,-0.116376,-0.205325,9.775020,0.022068,0.015993,-0.003639
447651470.000,ZR,handheld,水平,right,rotate_hint,充电口朝内,1,-0.120022,-0.225353,9.728150,0.006882,0.005081,-0.003309
447651480.000,ZR,handheld,水平,right,rotate_hint,充电口朝内,1,-0.114618,-0.260238,9.723024,-0.008795,-0.011912,-0.011506
447651490.000,ZR,handheld,水平,right,rotate_hint,充电口朝内,1,-0.147404,-0.244824,9.770340,-0.023457,-0.027337,-0.021892
447651500.000,ZR,handheld,水平,right,rotate_hint,充电口朝内,1,-0.115052,-0.263451,9.765054,-0.032071,-0.027569,-0.031179
447651510.000,ZR,handheld,水平,right,rotate_hint,充电口朝内,1,-0.092966,-0.236009,9.851765,-0.034419,-0.022395,-0.035936
447651520.000,ZR,handheld,水平,right,rotate_hint,充电口朝内,1,-0.096594,-0.188749,9.867193,-0.031490,-0.014672,-0.033478
447651530.000,ZR,handheld,水平,right,rotate_hint,充电口朝内,1,-0.071016,-0.165357,9.836999,-0.026518,-0.006462,-0.030563
447651540.000,ZR,handheld,水平,right,rotate_hint,充电口朝内,1,-0.099902,-0.213015,9.909725,-0.017308,0.007607,-0.028257
447651550.000,ZR,handheld,水平,right,rotate_hint,充电口朝内,1,-0.079803,-0.208921,9.945990,-0.004424,0.038674,-0.026602
447651560.000,ZR,handheld,水平,right,rotate_hint,充电口朝内,1,-0.134660,-0.199678,9.869992,0.001569,0.054852,-0.025219
447651570.000,ZR,handheld,水平,right,rotate_hint,充电口朝内,1,-0.134852,-0.217399,9.755931,-0.002232,0.040307,-0.026389
447651580.000,ZR,handheld,水平,right,rotate_hint,充电口朝内,1,-0.170442,-0.220671,9.701113,-0.014011,0.014911,-0.026861
447651590.000,ZR,handheld,水平,right,rotate_hint,充电口朝内,1,-0.211161,-0.263052,9.720337,-0.028203,0.005027,-0.022341
447651600.000,ZR,handheld,水平,right,recording,充电口朝左,2,-0.199017,-0.290923,9.714088,-0.042794,0.000227,-0.015220
447651610.000,ZR,handheld,水平,right,recording,充电口朝左,2,-0.212127,-0.300578,9.716800,-0.053198,0.002199,-0.008307
447651620.000,ZR,handheld,水平,right,recording,充电口朝左,2,-0.203532,-0.313767,9.734696,-0.056392,-0.003212,-0.000365
447651630.000,ZR,handheld,水平,right,recording,充电口朝左,2,-0.184388,-0.318282,9.757410,-0.053893,-0.007715,0.006458
447651640.000,ZR,handheld,水平,right,recording,充电口朝左,2,-0.133916,-0.260355,9.823784,-0.042089,-0.004168,0.006927
447651650.000,ZR,handheld,水平,right,recording,充电口朝左,2,-0.133921,-0.280062,9.867929,-0.024913,0.004527,0.000274
447651660.000,ZR,handheld,水平,right,recording,充电口朝左,2,-0.134119,-0.280468,9.890828,-0.006361,0.016135,-0.012105
447651670.000,ZR,handheld,水平,right,recording,充电口朝左,2,-0.125818,-0.270138,9.887298,0.006219,0.025847,-0.029507
447651680.000,ZR,handheld,水平,right,recording,充电口朝左,2,-0.153720,-0.295666,9.835603,0.013300,0.021133,-0.043431
447651690.000,ZR,handheld,水平,right,recording,充电口朝左,2,-0.144646,-0.282086,9.796504,0.011882,0.017582,-0.050303
447651700.000,ZR,handheld,水平,right,recording,充电口朝左,2,-0.142396,-0.257387,9.787439,0.005158,0.002674,-0.047831
447651710.000,ZR,handheld,水平,right,recording,充电口朝左,2,-0.141680,-0.221458,9.736502,-0.004177,-0.007383,-0.040991
447651720.000,ZR,handheld,水平,right,recording,充电口朝左,2,-0.134784,-0.232655,9.793091,-0.012768,-0.001489,-0.032999
447651730.000,ZR,handheld,水平,right,recording,充电口朝左,2,-0.116181,-0.233208,9.800284,-0.021636,0.007056,-0.030137
447651740.000,ZR,handheld,水平,right,recording,充电口朝左,2,-0.121155,-0.221489,9.798675,-0.030978,0.009859,-0.028443
447651750.000,ZR,handheld,水平,right,recording,充电口朝左,2,-0.136865,-0.273550,9.762083,-0.036247,-0.013466,-0.028964
447651760.000,ZR,handheld,水平,right,recording,充电口朝左,2,-0.057000,-0.235236,9.901323,-0.032763,-0.001234,-0.032669
447651770.000,ZR,handheld,水平,right,recording,充电口朝左,2,-0.144578,-0.262942,9.866395,-0.026366,-0.003755,-0.029704
447651780.000,ZR,handheld,水平,right,recording,充电口朝左,2,-0.091949,-0.220087,9.815088,-0.021143,-0.006332,-0.026603
447651790.000,ZR,handheld,水平,right,recording,充电口朝左,2,-0.152567,-0.272531,9.882385,-0.012524,-0.012020,-0.019495
447651800.000,ZR,handheld,水平,right,recording,充电口朝左,2,-0.135692,-0.276919,9.805352,-0.008966,-0.003431,-0.010969
447651810.000,ZR,handheld,水平,right,recording,充电口朝左,2,-0.147393,-0.295429,9.869431,-0.004221,0.010905,-0.005536
447651820.000,ZR,handheld,水平,right,recording,充电口朝左,2,-0.157477,-0.301829,9.800778,-0.003374,0.023640,-0.002114
447651830.000,ZR,handheld,水平,right,recording,充电口朝左,2,-0.150281,-0.316551,9.782877,-0.003432,0.018751,-0.003523
447651840.000,ZR,handheld,水平,right,recording,充电口朝左,2,-0.192557,-0.309398,9.798518,0.000202,0.004104,-0.003353
447651850.000,ZR,handheld,水平,right,recording,充电口朝左,2,-0.168812,-0.289350,9.789446,-0.000199,-0.017033,-0.005550
447651860.000,ZR,handheld,水平,right,recording,充电口朝左,2,-0.201868,-0.280460,9.786873,-0.000109,-0.014935,-0.006178
447651870.000,ZR,handheld,水平,right,recording,充电口朝左,2,-0.194186,-0.310885,9.935192,0.007335,0.000997,-0.006455
447651880.000,ZR,handheld,水平,right,recording,充电口朝左,2,-0.174373,-0.313705,9.913298,0.015094,0.017084,-0.006372
447651890.000,ZR,handheld,水平,right,recording,充电口朝左,2,-0.176323,-0.307605,9.842584,0.017217,0.019130,-0.002681
447651900.000,ZR,handheld,水平,right,recording,充电口朝左,2,-0.167143,-0.308001,9.863270,0.017856,0.014067,0.000747
447651910.000,ZR,handheld,水平,right,recording,充电口朝左,2,-0.196698,-0.329229,9.824059,0.012301,0.013439,0.006809
447651920.000,ZR,handheld,水平,right,recording,充电口朝左,2,-0.183679,-0.316738,9.836023,0.007199,0.015334,0.013316
447651930.000,ZR,handheld,水平,right,recording,充电口朝左,2,-0.178238,-0.320017,9.855355,0.008748,0.020418,0.019374
447651940.000,ZR,handheld,水平,right,recording,充电口朝左,2,-0.194681,-0.310878,9.824712,0.010120,0.018458,0.025482
447651950.000,ZR,handheld,水平,right,recording,充电口朝左,2,-0.191176,-0.327572,9.827415,0.013986,0.017485,0.029039
447651960.000,ZR,handheld,水平,right,recording,充电口朝左,2,-0.181278,-0.296043,9.827368,0.018579,0.012101,0.029863
447651970.000,ZR,handheld,水平,right,recording,充电口朝左,2,-0.179305,-0.275993,9.768389,0.010400,0.008904,0.022161
447651980.000,ZR,handheld,水平,right,recording,充电口朝左,2,-0.136084,-0.269675,9.820993,0.001357,0.010541,0.005459
447651990.000,ZR,handheld,水平,right,recording,充电口朝左,2,-0.166623,-0.300804,9.808768,-0.005942,0.015397,-0.008247
447652000.000,ZR,handheld,水平,right,recording,充电口朝左,2,-0.133861,-0.233035,9.871117,-0.005884,0.011812,-0.016541
447652010.000,ZR,handheld,水平,right,recording,充电口朝左,2,-0.143841,-0.209211,9.854277,-0.006391,0.025616,-0.019558
447652020.000,ZR,handheld,水平,right,recording,充电口朝左,2,-0.147575,-0.194245,9.845309,-0.007782,0.037735,-0.014882
447652030.000,ZR,handheld,水平,right,recording,充电口朝左,2,-0.194753,-0.246016,9.797959,-0.013357,0.036427,-0.007416
447652040.000,ZR,handheld,水平,right,recording,充电口朝左,2,-0.201151,-0.257838,9.787450,-0.018675,0.030335,-0.000215
447652050.000,ZR,handheld,水平,right,recording,充电口朝左,2,-0.178092,-0.252124,9.769138,-0.024173,0.024358,0.007591
447652060.000,ZR,handheld,水平,right,recording,充电口朝左,2,-0.186289,-0.243321,9.729863,-0.026125,0.011506,0.012587
447652070.000,ZR,handheld,水平,right,recording,充电口朝左,2,-0.163444,-0.230765,9.723893,-0.028530,-0.000015,0.011842
447652080.000,ZR,handheld,水平,right,recording,充电口朝左,2,-0.219229,-0.218411,9.763808,-0.024265,-0.002858,0.008332
447652090.000,ZR,handheld,水平,right,recording,充电口朝左,2,-0.168039,-0.310188,9.851373,-0.018285,0.009743,-0.002888
447652100.000,ZR,handheld,水平,right,recording,充电口朝左,2,-0.244331,-0.265325,9.801550,-0.013689,0.025336,-0.008687
447652110.000,ZR,handheld,水平,right,recording,充电口朝左,2,-0.131671,-0.266493,9.800649,-0.013534,0.030801,-0.018266
447652120.000,ZR,handheld,水平,right,recording,充电口朝左,2,-0.272292,-0.287407,9.723930,-0.017207,0.027042,-0.016984
447652130.000,ZR,handheld,水平,right,recording,充电口朝左,2,-0.202271,-0.288919,9.692516,-0.020219,0.012328,-0.017474
447652140.000,ZR,handheld,水平,right,recording,充电口朝左,2,-0.248471,-0.292086,9.773435,-0.016466,0.002470,-0.014084
447652150.000,ZR,handheld,水平,right,recording,充电口朝左,2,-0.223331,-0.245661,9.796936,-0.009024,0.014853,-0.014128
447652160.000,ZR,handheld,水平,right,recording,充电口朝左,2,-0.252493,-0.232544,9.748311,-0.006676,0.013049,-0.016391
447652170.000,ZR,handheld,水平,right,recording,充电口朝左,2,-0.248708,-0.261845,9.782887,-0.006088,0.014490,-0.021582
447652180.000,ZR,handheld,水平,right,recording,充电口朝左,2,-0.243667,-0.264364,9.780664,-0.002124,0.017751,-0.027283
447652190.000,ZR,handheld,水平,right,recording,充电口朝左,2,-0.256521,-0.234525,9.790367,0.000115,0.020934,-0.025826
447652200.000,ZR,handheld,水平,right,recording,充电口朝左,2,-0.266160,-0.249578,9.797907,0.005701,0.022936,-0.020308
447652210.000,ZR,handheld,水平,right,recording,充电口朝左,2,-0.223820,-0.239216,9.808392,0.013444,0.015926,-0.012194
447652220.000,ZR,handheld,水平,right,recording,充电口朝左,2,-0.205044,-0.257191,9.815715,0.019115,0.001325,-0.007982
447652230.000,ZR,handheld,水平,right,recording,充电口朝左,2,-0.209020,-0.262811,9.820954,0.016239,0.000763,-0.007660
447652240.000,ZR,handheld,水平,right,recording,充电口朝左,2,-0.205997,-0.261295,9.828767,0.007820,0.014377,-0.011683
447652250.000,ZR,handheld,水平,right,recording,充电口朝左,2,-0.214273,-0.246283,9.793018,-0.002632,0.012764,-0.019880
447652260.000,ZR,handheld,水平,right,recording,充电口朝左,2,-0.242733,-0.256347,9.772603,-0.012939,0.001600,-0.025359
447652270.000,ZR,handheld,水平,right,recording,充电口朝左,2,-0.258568,-0.287952,9.809781,-0.016836,-0.001291,-0.025377
447652280.000,ZR,handheld,水平,right,recording,充电口朝左,2,-0.232934,-0.253482,9.883718,-0.012327,0.007899,-0.020970
447652290.000,ZR,handheld,水平,right,recording,充电口朝左,2,-0.207760,-0.256390,9.875327,-0.008312,0.022767,-0.013405
447652300.000,ZR,handheld,水平,right,recording,充电口朝左,2,-0.222279,-0.232347,9.844514,-0.007456,0.016605,-0.008004
447652310.000,ZR,handheld,水平,right,recording,充电口朝左,2,-0.218543,-0.300617,9.809239,-0.009980,-0.001811,-0.005195
447652320.000,ZR,handheld,水平,right,recording,充电口朝左,2,-0.232991,-0.300877,9.827755,-0.014433,-0.002901,-0.004899
447652330.000,ZR,handheld,水平,right,recording,充电口朝左,2,-0.249476,-0.295339,9.883484,-0.015865,0.011867,-0.006028
447652340.000,ZR,handheld,水平,right,recording,充电口朝左,2,-0.265840,-0.311127,9.825667,-0.017788,0.017305,-0.005373
447652350.000,ZR,handheld,水平,right,recording,充电口朝左,2,-0.265011,-0.313678,9.827021,-0.015457,0.009107,-0.006157
447652360.000,ZR,handheld,水平,right,recording,充电口朝左,2,-0.277231,-0.303547,9.807018,-0.010667,-0.002413,-0.001854
447652370.000,ZR,handheld,水平,right,recording,充电口朝左,2,-0.225265,-0.247583,9.830689,-0.003520,0.001461,-0.001238
447652380.000,ZR,handheld,水平,right,recording,充电口朝左,2,-0.227539,-0.234877,9.898560,0.007732,0.009830,-0.001102
447652390.000,ZR,handheld,水平,right,recording,充电口朝左,2,-0.225220,-0.264725,9.890965,0.015952,0.017336,-0.002649
447652400.000,ZR,handheld,水平,right,recording,充电口朝左,2,-0.207984,-0.249890,9.846400,0.014940,0.025747,-0.008768
447652410.000,ZR,handheld,水平,right,recording,充电口朝左,2,-0.219972,-0.247356,9.815271,0.005803,0.023404,-0.017137
447652420.000,ZR,handheld,水平,right,recording,充电口朝左,2,-0.231900,-0.245442,9.766794,-0.007845,0.018371,-0.021168
447652430.000,ZR,handheld,水平,right,recording,充电口朝左,2,-0.271856,-0.240718,9.742062,-0.019906,0.005638,-0.020353
447652440.000,ZR,handheld,水平,right,recording,充电口朝左,2,-0.259237,-0.255765,9.730936,-0.028349,-0.000498,-0.018738
447652450.000,ZR,handheld,水平,right,recording,充电口朝左,2,-0.252342,-0.278520,9.822270,-0.025884,-0.007433,-0.017075
447652460.000,ZR,handheld,水平,right,recording,充电口朝左,2,-0.234127,-0.288768,9.815843,-0.020277,-0.001883,-0.014052
447652470.000,ZR,handheld,水平,right,recording,充电口朝左,2,-0.217875,-0.236880,9.827760,-0.010895,0.007685,-0.013760
447652480.000,ZR,handheld,水平,right,recording,充电口朝左,2,-0.255566,-0.264630,9.816494,-0.003349,0.009678,-0.014095
447652490.000,ZR,handheld,水平,right,recording,充电口朝左,2,-0.251285,-0.289980,9.822367,0.002093,0.021816,-0.015763
447652500.000,ZR,handheld,水平,right,recording,充电口朝左,2,-0.280513,-0.304016,9.790477,0.004041,0.028021,-0.014867
447652510.000,ZR,handheld,水平,right,recording,充电口朝左,2,-0.275816,-0.242720,9.718894,0.001086,0.020605,-0.012728
447652520.000,ZR,handheld,水平,right,recording,充电口朝左,2,-0.273308,-0.242503,9.724412,-0.000525,0.013786,-0.011451
447652530.000,ZR,handheld,水平,right,recording,充电口朝左,2,-0.271371,-0.259584,9.759287,0.000747,0.005640,-0.017233
447652540.000,ZR,handheld,水平,right,recording,充电口朝左,2,-0.287668,-0.254735,9.740793,-0.000116,0.000388,-0.024868
447652550.000,ZR,handheld,水平,right,recording,充电口朝左,2,-0.270368,-0.269305,9.805931,0.002815,0.007426,-0.033288
447652560.000,ZR,handheld,水平,right,recording,充电口朝左,2,-0.274155,-0.273345,9.825608,0.007180,0.007930,-0.040058
447652570.000,ZR,handheld,水平,right,recording,充电口朝左,2,-0.285936,-0.299149,9.763136,0.002006,0.001968,-0.044084
447652580.000,ZR,handheld,水平,right,recording,充电口朝左,2,-0.294961,-0.314496,9.791153,-0.003491,0.004494,-0.042661
447652590.000,ZR,handheld,水平,right,recording,充电口朝左,2,-0.267637,-0.327759,9.775108,-0.008753,0.005228,-0.037231
447652600.000,ZR,handheld,水平,right,recording,充电口朝左,2,-0.238904,-0.342969,9.777813,-0.013895,0.000987,-0.027746
447652610.000,ZR,handheld,水平,right,recording,充电口朝左,2,-0.265940,-0.323715,9.791627,-0.017781,-0.007194,-0.015901
447652620.000,ZR,handheld,水平,right,recording,充电口朝左,2,-0.224178,-0.305595,9.749244,-0.027047,-0.010588,-0.010368
447652630.000,ZR,handheld,水平,right,recording,充电口朝左,2,-0.263687,-0.297398,9.807638,-0.029898,-0.009977,-0.009656
447652640.000,ZR,handheld,水平,right,recording,充电口朝左,2,-0.249171,-0.324341,9.832004,-0.028778,-0.005599,-0.015697
447652650.000,ZR,handheld,水平,right,recording,充电口朝左,2,-0.239713,-0.353845,9.850710,-0.022242,-0.004511,-0.025320
447652660.000,ZR,handheld,水平,right,recording,充电口朝左,2,-0.229491,-0.356909,9.886794,-0.009157,0.003177,-0.034125
447652670.000,ZR,handheld,水平,right,recording,充电口朝左,2,-0.235479,-0.367849,9.905377,0.007254,0.013242,-0.036650
447652680.000,ZR,handheld,水平,right,recording,充电口朝左,2,-0.219230,-0.361109,9.871750,0.023335,0.022162,-0.032048
447652690.000,ZR,handheld,水平,right,recording,充电口朝左,2,-0.260724,-0.372721,9.793146,0.026284,0.016435,-0.022510
447652700.000,ZR,handheld,水平,right,recording,充电口朝左,2,-0.240533,-0.349453,9.797555,0.021288,0.008854,-0.011055
447652710.000,ZR,handheld,水平,right,recording,充电口朝左,2,-0.257159,-0.333059,9.767676,0.007549,0.011986,-0.001282
447652720.000,ZR,handheld,水平,right,recording,充电口朝左,2,-0.258033,-0.308391,9.773728,-0.010044,0.016202,0.006572
447652730.000,ZR,handheld,水平,right,recording,充电口朝左,2,-0.255277,-0.273599,9.783024,-0.022641,0.010067,0.009264
447652740.000,ZR,handheld,水平,right,recording,充电口朝左,2,-0.264367,-0.263542,9.817870,-0.023541,0.003499,0.009144
447652750.000,ZR,handheld,水平,right,recording,充电口朝左,2,-0.274591,-0.301605,9.863420,-0.017038,0.011471,0.005559
447652760.000,ZR,handheld,水平,right,recording,充电口朝左,2,-0.262148,-0.290175,9.864119,-0.007253,0.016300,0.000843
447652770.000,ZR,handheld,水平,right,recording,充电口朝左,2,-0.257766,-0.290452,9.833136,-0.004959,0.010786,-0.002690
447652780.000,ZR,handheld,水平,right,recording,充电口朝左,2,-0.269905,-0.290763,9.784649,-0.008064,0.009506,-0.007287
447652790.000,ZR,handheld,水平,right,recording,充电口朝左,2,-0.270455,-0.310733,9.821747,-0.010812,0.011365,-0.012316
447652800.000,ZR,handheld,水平,right,recording,充电口朝左,2,-0.300344,-0.301308,9.789164,-0.014437,0.006755,-0.014627
447652810.000,ZR,handheld,水平,right,recording,充电口朝左,2,-0.312268,-0.307670,9.760753,-0.015677,0.007846,-0.014624
447652820.000,ZR,handheld,水平,right,recording,充电口朝左,2,-0.325452,-0.289395,9.755672,-0.014813,0.009837,-0.012503
447652830.000,ZR,handheld,水平,right,recording,充电口朝左,2,-0.322471,-0.280634,9.728617,-0.013982,0.001941,-0.013587
447652840.000,ZR,handheld,水平,right,recording,充电口朝左,2,-0.279636,-0.300635,9.755523,-0.012189,0.001662,-0.019860
447652850.000,ZR,handheld,水平,right,recording,充电口朝左,2,-0.287445,-0.340971,9.841387,-0.007298,0.009352,-0.026737
447652860.000,ZR,handheld,水平,right,recording,充电口朝左,2,-0.264893,-0.358106,9.837338,-0.005211,0.011332,-0.028387
447652870.000,ZR,handheld,水平,right,recording,充电口朝左,2,-0.261920,-0.367987,9.780058,-0.007371,0.008132,-0.024466
447652880.000,ZR,handheld,水平,right,recording,充电口朝左,2,-0.246024,-0.370974,9.795326,-0.011860,0.001037,-0.016859
447652890.000,ZR,handheld,水平,right,recording,充电口朝左,2,-0.238308,-0.342417,9.786287,-0.016796,-0.000539,-0.007963
447652900.000,ZR,handheld,水平,right,recording,充电口朝左,2,-0.265623,-0.342386,9.786090,-0.020437,0.000990,0.000523
447652910.000,ZR,handheld,水平,right,recording,充电口朝左,2,-0.249806,-0.330469,9.771805,-0.019681,-0.000714,0.004349
447652920.000,ZR,handheld,水平,right,recording,充电口朝左,2,-0.260803,-0.368148,9.774779,-0.010224,-0.009884,0.002764
447652930.000,ZR,handheld,水平,right,recording,充电口朝左,2,-0.256923,-0.358378,9.803183,-0.002210,-0.003585,-0.000296
447652940.000,ZR,handheld,水平,right,recording,充电口朝左,2,-0.276858,-0.370585,9.835300,0.006965,0.006455,0.000566
447652950.000,ZR,handheld,水平,right,recording,充电口朝左,2,-0.267593,-0.391323,9.810817,0.014324,0.011505,0.005161
447652960.000,ZR,handheld,水平,right,recording,充电口朝左,2,-0.266213,-0.382210,9.787371,0.017894,0.012592,0.011988
447652970.000,ZR,handheld,水平,right,recording,充电口朝左,2,-0.244745,-0.381503,9.755640,0.018360,0.003753,0.017671
447652980.000,ZR,handheld,水平,right,recording,充电口朝左,2,-0.263294,-0.353532,9.759532,0.015970,0.000741,0.022379
447652990.000,ZR,handheld,水平,right,recording,充电口朝左,2,-0.231612,-0.329524,9.783233,0.014100,0.006922,0.023173
447653000.000,ZR,handheld,水平,right,recording,充电口朝左,2,-0.279584,-0.321161,9.798839,0.013667,0.009016,0.018413
447653010.000,ZR,handheld,水平,right,recording,充电口朝左,2,-0.257046,-0.260206,9.793782,0.009847,0.004491,0.012494
447653020.000,ZR,handheld,水平,right,recording,充电口朝左,2,-0.304556,-0.263403,9.778188,0.005813,0.002040,0.006548
447653030.000,ZR,handheld,水平,right,recording,充电口朝左,2,-0.338438,-0.302065,9.828636,0.004202,0.000828,0.001694
447653040.000,ZR,handheld,水平,right,recording,充电口朝左,2,-0.338112,-0.284508,9.776059,0.000059,-0.000891,-0.001326
447653050.000,ZR,handheld,水平,right,recording,充电口朝左,2,-0.333462,-0.291487,9.716373,-0.008363,-0.007963,-0.007551
447653060.000,ZR,handheld,水平,right,recording,充电口朝左,2,-0.315308,-0.325835,9.735696,-0.017085,-0.005476,-0.013836
447653070.000,ZR,handheld,水平,right,recording,充电口朝左,2,-0.302676,-0.349819,9.772973,-0.017423,-0.005198,-0.017557
447653080.000,ZR,handheld,水平,right,recording,充电口朝左,2,-0.289557,-0.372420,9.778288,-0.009259,-0.005480,-0.013933
447653090.000,ZR,handheld,水平,right,recording,充电口朝左,2,-0.250649,-0.349841,9.808606,0.002296,-0.002569,-0.011205
447653100.000,ZR,handheld,水平,right,recording,充电口朝左,2,-0.249655,-0.341928,9.847019,0.018725,-0.001857,-0.007699
447653110.000,ZR,handheld,水平,right,recording,充电口朝左,2,-0.295599,-0.341139,9.860623,0.036125,0.004492,-0.002544
447653120.000,ZR,handheld,水平,right,recording,充电口朝左,2,-0.290711,-0.279148,9.843659,0.041455,0.011773,-0.000292
447653130.000,ZR,handheld,水平,right,recording,充电口朝左,2,-0.316901,-0.292962,9.787254,0.038809,0.001314,-0.000410
447653140.000,ZR,handheld,水平,right,recording,充电口朝左,2,-0.300601,-0.260459,9.776631,0.028111,-0.007317,-0.002303
447653150.000,ZR,handheld,水平,right,recording,充电口朝左,2,-0.294466,-0.291372,9.787328,0.014922,-0.010744,-0.007601
447653160.000,ZR,handheld,水平,right,recording,充电口朝左,2,-0.285989,-0.279351,9.829002,-0.000544,-0.007757,-0.014136
447653170.000,ZR,handheld,水平,right,recording,充电口朝左,2,-0.257580,-0.308101,9.848562,-0.011152,-0.010495,-0.019104
447653180.000,ZR,handheld,水平,right,recording,充电口朝左,2,-0.255509,-0.315695,9.827304,-0.022524,-0.010330,-0.017897
447653190.000,ZR,handheld,水平,right,recording,充电口朝左,2,-0.250222,-0.314563,9.879833,-0.024128,-0.006923,-0.012326
447653200.000,ZR,handheld,水平,right,recording,充电口朝左,2,-0.273584,-0.324050,9.890166,-0.014718,-0.007617,-0.002327
447653210.000,ZR,handheld,水平,right,recording,充电口朝左,2,-0.255885,-0.304165,9.896111,-0.004550,0.005123,0.007657
447653220.000,ZR,handheld,水平,right,recording,充电口朝左,2,-0.287459,-0.314843,9.860130,0.007605,0.012915,0.017665
447653230.000,ZR,handheld,水平,right,recording,充电口朝左,2,-0.307430,-0.315022,9.796031,0.015252,0.012375,0.021103
447653240.000,ZR,handheld,水平,right,recording,充电口朝左,2,-0.306408,-0.305531,9.775386,0.019403,0.001522,0.017057
447653250.000,ZR,handheld,水平,right,recording,充电口朝左,2,-0.329085,-0.317220,9.762199,0.017759,-0.003781,0.005118
447653260.000,ZR,handheld,水平,right,recording,充电口朝左,2,-0.319297,-0.288348,9.792991,0.013478,-0.003475,-0.012515
447653270.000,ZR,handheld,水平,right,recording,充电口朝左,2,-0.296402,-0.301557,9.815802,0.011295,-0.002555,-0.024978
447653280.000,ZR,handheld,水平,right,recording,充电口朝左,2,-0.292167,-0.279557,9.884325,0.011755,0.005949,-0.027972
447653290.000,ZR,handheld,水平,right,recording,充电口朝左,2,-0.293026,-0.234885,9.827816,0.011694,0.013815,-0.021551
447653300.000,ZR,handheld,水平,right,recording,充电口朝左,2,-0.291125,-0.269102,9.831532,0.011755,0.008955,-0.013814
447653310.000,ZR,handheld,水平,right,recording,充电口朝左,2,-0.301869,-0.271311,9.828435,0.008346,0.007502,-0.010817
447653320.000,ZR,handheld,水平,right,recording,充电口朝左,2,-0.297126,-0.303151,9.811501,0.003895,0.009081,-0.010472
447653330.000,ZR,handheld,水平,right,recording,充电口朝左,2,-0.302072,-0.318193,9.790311,-0.000658,0.004911,-0.009025
447653340.000,ZR,handheld,水平,right,recording,充电口朝左,2,-0.293910,-0.318466,9.787612,-0.007250,0.009075,-0.008294
447653350.000,ZR,handheld,水平,right,recording,充电口朝左,2,-0.310096,-0.370859,9.762384,-0.012262,-0.001429,-0.003582
447653360.000,ZR,handheld,水平,right,recording,充电口朝左,2,-0.261657,-0.366559,9.771987,-0.015272,-0.005062,-0.000176
447653370.000,ZR,handheld,水平,right,recording,充电口朝左,2,-0.241201,-0.324244,9.760292,-0.018501,-0.008350,0.004410
447653380.000,ZR,handheld,水平,right,recording,充电口朝左,2,-0.250088,-0.353440,9.758209,-0.018508,-0.011035,0.009307
447653390.000,ZR,handheld,水平,right,recording,充电口朝左,2,-0.233110,-0.327253,9.794104,-0.011282,-0.002805,0.010931
447653400.000,ZR,handheld,水平,right,recording,充电口朝左,2,-0.276869,-0.334526,9.802428,-0.000243,-0.001951,0.010528
447653410.000,ZR,handheld,水平,right,recording,充电口朝左,2,-0.274463,-0.331576,9.789992,0.013115,0.004949,0.011118
447653420.000,ZR,handheld,水平,right,recording,充电口朝左,2,-0.277720,-0.298148,9.823534,0.022696,0.019213,0.008630
447653430.000,ZR,handheld,水平,right,recording,充电口朝左,2,-0.251441,-0.278897,9.769510,0.027148,0.016155,0.001035
447653440.000,ZR,handheld,水平,right,recording,充电口朝左,2,-0.245427,-0.289228,9.763295,0.027718,0.008444,-0.005488
447653450.000,ZR,handheld,水平,right,recording,充电口朝左,2,-0.261408,-0.277240,9.828091,0.026797,0.000640,-0.009654
447653460.000,ZR,handheld,水平,right,recording,充电口朝左,2,-0.281859,-0.278152,9.799720,0.022101,-0.000848,-0.011703
447653470.000,ZR,handheld,水平,right,recording,充电口朝左,2,-0.287070,-0.256754,9.814789,0.014108,0.000091,-0.010850
447653480.000,ZR,handheld,水平,right,recording,充电口朝左,2,-0.300333,-0.244265,9.817515,0.005754,-0.004453,-0.004250
447653490.000,ZR,handheld,水平,right,recording,充电口朝左,2,-0.302841,-0.245038,9.788006,-0.004169,0.005737,-0.000582
447653500.000,ZR,handheld,水平,right,recording,充电口朝左,2,-0.324347,-0.283097,9.784026,-0.010626,0.005608,0.002243
447653510.000,ZR,handheld,水平,right,recording,充电口朝左,2,-0.313437,-0.274586,9.776394,-0.013653,-0.003291,0.000056
447653520.000,ZR,handheld,水平,right,recording,充电口朝左,2,-0.305001,-0.274339,9.788525,-0.014792,-0.013268,-0.007670
447653530.000,ZR,handheld,水平,right,recording,充电口朝左,2,-0.305051,-0.292430,9.813879,-0.014298,-0.015327,-0.015233
447653540.000,ZR,handheld,水平,right,recording,充电口朝左,2,-0.309711,-0.305843,9.871730,-0.012629,-0.002121,-0.018507
447653550.000,ZR,handheld,水平,right,recording,充电口朝左,2,-0.303874,-0.310248,9.817247,-0.012118,0.000945,-0.014500
447653560.000,ZR,handheld,水平,right,recording,充电口朝左,2,-0.310293,-0.278233,9.769553,-0.011838,-0.006421,-0.005451
447653570.000,ZR,handheld,水平,right,recording,充电口朝左,2,-0.308486,-0.301723,9.775322,-0.010120,-0.008669,0.003184
447653580.000,ZR,handheld,水平,right,recording,充电口朝左,2,-0.307766,-0.334674,9.805824,-0.005812,-0.006373,0.011887
447653590.000,ZR,handheld,水平,right,recording,充电口朝左,2,-0.279692,-0.303243,9.801634,0.000263,-0.009608,0.012497
447653600.000,ZR,handheld,水平,right,recording,充电口朝左,2,-0.293477,-0.287582,9.795768,0.002742,-0.015370,0.007676
447653610.000,ZR,handheld,水平,right,recording,充电口朝左,2,-0.274874,-0.283779,9.843211,0.008306,-0.012248,0.001088
447653620.000,ZR,handheld,水平,right,recording,充电口朝左,2,-0.305649,-0.266114,9.900125,0.012565,0.005619,-0.006062
447653630.000,ZR,handheld,水平,right,recording,充电口朝左,2,-0.311813,-0.270568,9.853002,0.013951,0.013919,-0.011044
447653640.000,ZR,handheld,水平,right,recording,充电口朝左,2,-0.341839,-0.298410,9.824232,0.014825,0.015731,-0.010513
447653650.000,ZR,handheld,水平,right,recording,充电口朝左,2,-0.346060,-0.280202,9.809867,0.015619,0.009224,-0.005906
447653660.000,ZR,handheld,水平,right,recording,充电口朝左,2,-0.352348,-0.284698,9.760966,0.013237,0.004239,-0.000790
447653670.000,ZR,handheld,水平,right,recording,充电口朝左,2,-0.354032,-0.306350,9.767321,0.010683,0.003345,0.005634
447653680.000,ZR,handheld,水平,right,recording,充电口朝左,2,-0.299928,-0.291888,9.783749,0.010795,-0.001473,0.008093
447653690.000,ZR,handheld,水平,right,recording,充电口朝左,2,-0.285654,-0.251604,9.780755,0.012154,-0.003090,0.007160
447653700.000,ZR,handheld,水平,right,recording,充电口朝左,2,-0.281804,-0.250109,9.837808,0.015407,-0.000520,0.001923
447653710.000,ZR,handheld,水平,right,recording,充电口朝左,2,-0.280805,-0.304927,9.861950,0.021378,0.017493,-0.005159
447653720.000,ZR,handheld,水平,right,recording,充电口朝左,2,-0.293514,-0.326528,9.888019,0.032508,0.031112,-0.012422
447653730.000,ZR,handheld,水平,right,recording,充电口朝左,2,-0.291933,-0.294623,9.859125,0.041018,0.030410,-0.017704
447653740.000,ZR,handheld,水平,right,recording,充电口朝左,2,-0.309518,-0.300951,9.798854,0.042793,0.022959,-0.017605
447653750.000,ZR,handheld,水平,right,recording,充电口朝左,2,-0.345688,-0.314584,9.828298,0.042960,0.026280,-0.010131
447653760.000,ZR,handheld,水平,right,recording,充电口朝左,2,-0.337512,-0.301133,9.807526,0.039363,0.024144,0.000879
447653770.000,ZR,handheld,水平,right,recording,充电口朝左,2,-0.339515,-0.259168,9.766106,0.030218,0.018077,0.012151
447653780.000,ZR,handheld,水平,right,recording,充电口朝左,2,-0.331237,-0.262378,9.761331,0.016104,0.004629,0.014411
447653790.000,ZR,handheld,水平,right,recording,充电口朝左,2,-0.323498,-0.265522,9.819337,0.003158,-0.002906,0.010256
447653800.000,ZR,handheld,水平,right,recording,充电口朝左,2,-0.317598,-0.289359,9.867770,-0.007320,0.002462,0.001038
447653810.000,ZR,handheld,水平,right,recording,充电口朝左,2,-0.313985,-0.284444,9.853906,-0.016917,0.006340,-0.007147
447653820.000,ZR,handheld,水平,right,recording,充电口朝左,2,-0.286271,-0.257290,9.850316,-0.020609,0.004280,-0.010552
447653830.000,ZR,handheld,水平,right,recording,充电口朝左,2,-0.317324,-0.246682,9.852784,-0.018777,0.010273,-0.010512
447653840.000,ZR,handheld,水平,right,recording,充电口朝左,2,-0.332121,-0.312393,9.893784,-0.009358,0.016672,-0.005082
447653850.000,ZR,handheld,水平,right,recording,充电口朝左,2,-0.331719,-0.314178,9.884291,0.002028,0.015847,-0.001848
447653860.000,ZR,handheld,水平,right,recording,充电口朝左,2,-0.303330,-0.321941,9.816959,0.008537,0.019740,-0.001254
447653870.000,ZR,handheld,水平,right,recording,充电口朝左,2,-0.324694,-0.302251,9.797437,0.011835,0.020013,0.002398
447653880.000,ZR,handheld,水平,right,recording,充电口朝左,2,-0.278098,-0.268226,9.780428,0.009543,0.022966,0.007402
447653890.000,ZR,handheld,水平,right,recording,充电口朝左,2,-0.304688,-0.242808,9.719605,-0.000304,0.014777,0.014811
447653900.000,ZR,handheld,水平,right,recording,充电口朝左,2,-0.312586,-0.292256,9.722890,-0.010466,0.013743,0.020088
447653910.000,ZR,handheld,水平,right,recording,充电口朝左,2,-0.327514,-0.325570,9.863029,-0.009478,0.014313,0.020759
447653920.000,ZR,handheld,水平,right,recording,充电口朝左,2,-0.280383,-0.279172,9.807036,-0.012922,0.021340,0.017124
447653930.000,ZR,handheld,水平,right,recording,充电口朝左,2,-0.341690,-0.258021,9.735719,-0.017786,0.016703,0.014884
447653940.000,ZR,handheld,水平,right,recording,充电口朝左,2,-0.332486,-0.261762,9.750704,-0.016791,0.016430,0.012828
447653950.000,ZR,handheld,水平,right,recording,充电口朝左,2,-0.374352,-0.272900,9.718106,-0.010883,0.016383,0.013578
447653960.000,ZR,handheld,水平,right,recording,充电口朝左,2,-0.375088,-0.282492,9.686898,-0.004866,0.014575,0.018077
447653970.000,ZR,handheld,水平,right,recording,充电口朝左,2,-0.378309,-0.264297,9.648063,0.004810,0.008405,0.022304
447653980.000,ZR,handheld,水平,right,recording,充电口朝左,2,-0.382356,-0.287079,9.657274,0.016676,0.001952,0.021765
447653990.000,ZR,handheld,水平,right,recording,充电口朝左,2,-0.348424,-0.318452,9.701235,0.030689,-0.004329,0.017353
447654000.000,ZR,handheld,水平,right,recording,充电口朝左,2,-0.339856,-0.296683,9.739487,0.046419,-0.005240,0.008917
447654010.000,ZR,handheld,水平,right,recording,充电口朝左,2,-0.307749,-0.252996,9.740123,0.052400,0.001359,-0.002259
447654020.000,ZR,handheld,水平,right,recording,充电口朝左,2,-0.304788,-0.259160,9.780017,0.053195,0.000391,-0.015080
447654030.000,ZR,handheld,水平,right,recording,充电口朝左,2,-0.311321,-0.240692,9.827140,0.052885,0.000398,-0.023789
447654040.000,ZR,handheld,水平,right,recording,充电口朝左,2,-0.324817,-0.251890,9.872203,0.048439,0.009504,-0.025161
447654050.000,ZR,handheld,水平,right,recording,充电口朝左,2,-0.337167,-0.246778,9.841077,0.039893,0.017773,-0.018936
447654060.000,ZR,handheld,水平,right,recording,充电口朝左,2,-0.311984,-0.194697,9.821979,0.027268,0.015295,-0.011955
447654070.000,ZR,handheld,水平,right,recording,充电口朝左,2,-0.350789,-0.199596,9.816324,0.014365,0.010497,-0.001759
447654080.000,ZR,handheld,水平,right,recording,充电口朝左,2,-0.337577,-0.207036,9.825052,0.000959,0.008020,0.006731
447654090.000,ZR,handheld,水平,right,recording,充电口朝左,2,-0.333694,-0.197943,9.816006,-0.009397,0.000859,0.011769
447654100.000,ZR,handheld,水平,right,recording,充电口朝左,2,-0.312543,-0.199361,9.832881,-0.019717,-0.010236,0.008741
447654110.000,ZR,handheld,水平,right,recording,充电口朝左,2,-0.316179,-0.194568,9.846134,-0.026347,-0.013356,0.000918
447654120.000,ZR,handheld,水平,right,recording,充电口朝左,2,-0.350203,-0.231294,9.938962,-0.024243,-0.004607,-0.006073
447654130.000,ZR,handheld,水平,right,recording,充电口朝左,2,-0.334231,-0.226357,9.916439,-0.018945,0.012608,-0.013873
447654140.000,ZR,handheld,水平,right,recording,充电口朝左,2,-0.356760,-0.244830,9.882933,-0.008276,0.011915,-0.016207
447654150.000,ZR,handheld,水平,right,recording,充电口朝左,2,-0.356350,-0.266537,9.867224,0.003077,0.006595,-0.011542
447654160.000,ZR,handheld,水平,right,recording,充电口朝左,2,-0.346625,-0.256429,9.882240,0.018128,0.014383,-0.004951
447654170.000,ZR,handheld,水平,right,recording,充电口朝左,2,-0.360027,-0.230764,9.856540,0.024527,0.020284,0.001667
447654180.000,ZR,handheld,水平,right,recording,充电口朝左,2,-0.374382,-0.256638,9.807120,0.024502,0.016613,0.004692
447654190.000,ZR,handheld,水平,right,recording,充电口朝左,2,-0.394669,-0.253322,9.794025,0.016878,0.014672,0.002406
447654200.000,ZR,handheld,水平,right,recording,充电口朝左,2,-0.389292,-0.225549,9.760092,0.001666,0.007979,-0.001237
447654210.000,ZR,handheld,水平,right,recording,充电口朝左,2,-0.389882,-0.195371,9.778941,-0.008303,0.005086,-0.004671
447654220.000,ZR,handheld,水平,right,recording,充电口朝左,2,-0.389361,-0.224224,9.826841,-0.011000,0.004801,-0.003803
447654230.000,ZR,handheld,水平,right,recording,充电口朝左,2,-0.384181,-0.248146,9.834242,-0.009164,0.009141,0.000173
447654240.000,ZR,handheld,水平,right,recording,充电口朝左,2,-0.373474,-0.275444,9.811257,-0.004711,0.013246,0.004869
447654250.000,ZR,handheld,水平,right,recording,充电口朝左,2,-0.361012,-0.230045,9.798496,0.001482,0.019962,0.007865
447654260.000,ZR,handheld,水平,right,recording,充电口朝左,2,-0.340459,-0.246723,9.777430,0.007085,0.017420,0.003779
447654270.000,ZR,handheld,水平,right,recording,充电口朝左,2,-0.353696,-0.253450,9.805398,0.013794,0.014792,-0.005861
447654280.000,ZR,handheld,水平,right,recording,充电口朝左,2,-0.351029,-0.273964,9.841871,0.019301,0.027824,-0.016490
447654290.000,ZR,handheld,水平,right,recording,充电口朝左,2,-0.336440,-0.254981,9.791244,0.021519,0.027162,-0.020129
447654300.000,ZR,handheld,水平,right,recording,充电口朝左,2,-0.364973,-0.244097,9.773408,0.019538,0.012286,-0.016748
447654310.000,ZR,handheld,水平,right,recording,充电口朝左,2,-0.333396,-0.225464,9.768352,0.015617,0.005332,-0.007954
447654320.000,ZR,handheld,水平,right,recording,充电口朝左,2,-0.339836,-0.240075,9.771152,0.006163,0.005865,-0.000988
447654330.000,ZR,handheld,水平,right,recording,充电口朝左,2,-0.359823,-0.231828,9.758452,-0.001473,0.006936,0.004179
447654340.000,ZR,handheld,水平,right,recording,充电口朝左,2,-0.356301,-0.215518,9.773091,-0.005736,0.006089,0.004951
447654350.000,ZR,handheld,水平,right,recording,充电口朝左,2,-0.382813,-0.218310,9.746651,-0.008058,0.000869,0.003256
447654360.000,ZR,handheld,水平,right,recording,充电口朝左,2,-0.375110,-0.231164,9.772483,-0.007417,0.006882,-0.001280
447654370.000,ZR,handheld,水平,right,recording,充电口朝左,2,-0.375729,-0.247187,9.814458,0.000167,0.009307,-0.004881
447654380.000,ZR,handheld,水平,right,recording,充电口朝左,2,-0.379651,-0.213469,9.766160,0.003193,0.008721,-0.007009
447654390.000,ZR,handheld,水平,right,recording,充电口朝左,2,-0.378809,-0.209226,9.753979,0.003697,0.011092,-0.004940
447654400.000,ZR,handheld,水平,right,recording,充电口朝左,2,-0.401136,-0.234525,9.761874,0.002182,0.005766,-0.001640
447654410.000,ZR,handheld,水平,right,recording,充电口朝左,2,-0.383751,-0.242544,9.761883,0.000021,-0.003322,0.001489
447654420.000,ZR,handheld,水平,right,recording,充电口朝左,2,-0.394958,-0.249120,9.770284,-0.004548,-0.006223,0.004226
447654430.000,ZR,handheld,水平,right,recording,充电口朝左,2,-0.348584,-0.229725,9.809052,-0.004066,-0.006399,0.003058
447654440.000,ZR,handheld,水平,right,recording,充电口朝左,2,-0.362534,-0.228313,9.796815,-0.003938,-0.000305,-0.002045
447654450.000,ZR,handheld,水平,right,recording,充电口朝左,2,-0.372844,-0.252503,9.844842,-0.004837,0.010543,-0.009464
447654460.000,ZR,handheld,水平,right,recording,充电口朝左,2,-0.368889,-0.234983,9.786939,-0.006156,0.015306,-0.014834
447654470.000,ZR,handheld,水平,right,recording,充电口朝左,2,-0.380218,-0.218673,9.762763,-0.006608,0.007127,-0.015785
447654480.000,ZR,handheld,水平,right,recording,充电口朝左,2,-0.378068,-0.230393,9.788995,-0.004388,-0.003279,-0.010755
447654490.000,ZR,handheld,水平,right,recording,充电口朝左,2,-0.374911,-0.237065,9.802479,-0.000165,0.000802,-0.005643
447654500.000,ZR,handheld,水平,right,recording,充电口朝左,2,-0.359387,-0.249339,9.846742,0.009305,0.003775,0.000820
447654510.000,ZR,handheld,水平,right,recording,充电口朝左,2,-0.353261,-0.235243,9.789339,0.012424,0.007023,0.005818
447654520.000,ZR,handheld,水平,right,recording,充电口朝左,2,-0.368170,-0.212588,9.732153,0.007940,0.002521,0.005688
447654530.000,ZR,handheld,水平,right,recording,充电口朝左,2,-0.372430,-0.257736,9.733723,0.000356,-0.002059,0.001575
447654540.000,ZR,handheld,水平,right,recording,充电口朝左,2,-0.391333,-0.243057,9.754946,-0.004952,-0.007704,-0.001415
447654550.000,ZR,handheld,水平,right,recording,充电口朝左,2,-0.388587,-0.247994,9.713933,-0.011336,-0.017205,-0.005738
447654560.000,ZR,handheld,水平,right,recording,充电口朝左,2,-0.355195,-0.231599,9.725632,-0.015994,-0.021623,-0.007055
447654570.000,ZR,handheld,水平,right,recording,充电口朝左,2,-0.336311,-0.203154,9.783908,-0.015126,-0.019494,-0.004609
447654580.000,ZR,handheld,水平,right,recording,充电口朝左,2,-0.357203,-0.213843,9.790033,-0.012181,-0.013654,0.000630
447654590.000,ZR,handheld,水平,right,recording,充电口朝左,2,-0.347686,-0.205275,9.812971,-0.007032,-0.005103,0.003956
447654600.000,ZR,handheld,水平,right,recording,充电口朝左,2,-0.377218,-0.251815,9.825219,-0.002746,-0.001519,0.004477
447654610.000,ZR,handheld,水平,right,recording,充电口朝左,2,-0.356806,-0.213625,9.771395,-0.002441,0.002586,-0.000739
447654620.000,ZR,handheld,水平,right,recording,充电口朝左,2,-0.401606,-0.215876,9.789487,-0.001129,-0.002255,-0.002732
447654630.000,ZR,handheld,水平,right,recording,充电口朝左,2,-0.412036,-0.231394,9.779362,-0.000274,-0.009934,-0.005388
447654640.000,ZR,handheld,水平,right,recording,充电口朝左,2,-0.392754,-0.232824,9.777060,-0.001919,-0.021361,-0.009679
447654650.000,ZR,handheld,水平,right,recording,充电口朝左,2,-0.422964,-0.242511,9.760307,-0.005921,-0.024913,-0.011858
447654660.000,ZR,handheld,水平,right,recording,充电口朝左,2,-0.415111,-0.242815,9.810147,-0.005631,-0.015578,-0.011123
447654670.000,ZR,handheld,水平,right,recording,充电口朝左,2,-0.415797,-0.234091,9.837889,-0.000571,-0.011634,-0.010048
447654680.000,ZR,handheld,水平,right,recording,充电口朝左,2,-0.382239,-0.244129,9.816318,0.001387,-0.007681,-0.013063
447654690.000,ZR,handheld,水平,right,recording,充电口朝左,2,-0.357388,-0.240040,9.824751,0.005299,-0.001870,-0.016857
447654700.000,ZR,handheld,水平,right,recording,充电口朝左,2,-0.368912,-0.272660,9.859431,0.009715,-0.001678,-0.014816
447654710.000,ZR,handheld,水平,right,recording,充电口朝左,2,-0.340055,-0.262430,9.843250,0.010819,0.003081,-0.011381
447654720.000,ZR,handheld,水平,right,recording,充电口朝左,2,-0.360798,-0.277597,9.862229,0.011430,0.000738,-0.005435
447654730.000,ZR,handheld,水平,right,recording,充电口朝左,2,-0.341690,-0.248168,9.878138,0.009482,0.001291,-0.001342
447654740.000,ZR,handheld,水平,right,recording,充电口朝左,2,-0.354904,-0.261141,9.867102,0.004211,0.006679,0.002636
447654750.000,ZR,handheld,水平,right,recording,充电口朝左,2,-0.350610,-0.246082,9.869543,0.000681,0.008425,0.005703
447654760.000,ZR,handheld,水平,right,recording,充电口朝左,2,-0.363371,-0.239821,9.815950,-0.004591,0.000632,0.007524
447654770.000,ZR,handheld,水平,right,recording,充电口朝左,2,-0.383593,-0.237978,9.786594,-0.012998,-0.005717,0.008081
447654780.000,ZR,handheld,水平,right,recording,充电口朝左,2,-0.385985,-0.237211,9.837078,-0.017116,-0.003039,0.002958
447654790.000,ZR,handheld,水平,right,recording,充电口朝左,2,-0.346480,-0.203669,9.819313,-0.020173,-0.001020,-0.003870
447654800.000,ZR,handheld,水平,right,recording,充电口朝左,2,-0.347037,-0.213290,9.844486,-0.019255,-0.005371,-0.011923
447654810.000,ZR,handheld,水平,right,recording,充电口朝左,2,-0.358786,-0.208454,9.877026,-0.017295,0.000644,-0.016313
447654820.000,ZR,handheld,水平,right,recording,充电口朝左,2,-0.364929,-0.232060,9.848855,-0.016790,0.016839,-0.016296
447654830.000,ZR,handheld,水平,right,recording,充电口朝左,2,-0.369797,-0.198125,9.783817,-0.018072,0.014932,-0.013170
447654840.000,ZR,handheld,水平,right,recording,充电口朝左,2,-0.389190,-0.226649,9.714503,-0.021268,0.009117,-0.004766
447654850.000,ZR,handheld,水平,right,recording,充电口朝左,2,-0.407020,-0.256996,9.738674,-0.016223,0.006256,0.001580
447654860.000,ZR,handheld,水平,right,recording,充电口朝左,2,-0.433126,-0.299977,9.730539,-0.009769,-0.000065,0.004784
447654870.000,ZR,handheld,水平,right,recording,充电口朝左,2,-0.387704,-0.281462,9.700963,-0.006631,-0.012458,0.000039
447654880.000,ZR,handheld,水平,right,recording,充电口朝左,2,-0.370206,-0.286542,9.731504,-0.006069,-0.016035,-0.005939
447654890.000,ZR,handheld,水平,right,recording,充电口朝左,2,-0.363120,-0.284646,9.787349,-0.001911,-0.011108,-0.011605
447654900.000,ZR,handheld,水平,right,recording,充电口朝左,2,-0.339238,-0.268543,9.771355,0.001678,-0.002725,-0.014793
447654910.000,ZR,handheld,水平,right,recording,充电口朝左,2,-0.359757,-0.269952,9.793731,0.007906,0.001150,-0.014295
447654920.000,ZR,handheld,水平,right,recording,充电口朝左,2,-0.359190,-0.291753,9.791383,0.013992,0.003299,-0.011909
447654930.000,ZR,handheld,水平,right,recording,充电口朝左,2,-0.386400,-0.306232,9.812400,0.021570,0.001374,-0.006512
447654940.000,ZR,handheld,水平,right,recording,充电口朝左,2,-0.374678,-0.302306,9.791384,0.020760,-0.000087,-0.002437
447654950.000,ZR,handheld,水平,right,recording,充电口朝左,2,-0.363501,-0.248306,9.815698,0.018222,-0.001158,0.001857
447654960.000,ZR,handheld,水平,right,recording,充电口朝左,2,-0.366599,-0.235890,9.791300,0.007207,-0.000943,0.004162
447654970.000,ZR,handheld,水平,right,recording,充电口朝左,2,-0.326489,-0.237168,9.790311,-0.007305,-0.009764,-0.000407
447654980.000,ZR,handheld,水平,right,recording,充电口朝左,2,-0.341137,-0.232545,9.770963,-0.021281,-0.016574,-0.010072
447654990.000,ZR,handheld,水平,right,recording,充电口朝左,2,-0.344387,-0.249391,9.808636,-0.031697,-0.014897,-0.019623
447655000.000,ZR,handheld,水平,right,recording,充电口朝左,2,-0.354477,-0.270648,9.861450,-0.030555,-0.012259,-0.023052
447655010.000,ZR,handheld,水平,right,recording,充电口朝左,2,-0.351378,-0.278069,9.849591,-0.020493,-0.014261,-0.016477
447655020.000,ZR,handheld,水平,right,recording,充电口朝左,2,-0.328888,-0.285030,9.873292,-0.007864,-0.003585,-0.004578
447655030.000,ZR,handheld,水平,right,recording,充电口朝左,2,-0.339075,-0.266467,9.917415,0.009034,-0.002625,0.006693
447655040.000,ZR,handheld,水平,right,recording,充电口朝左,2,-0.311918,-0.263686,9.881658,0.015532,0.009926,0.015786
447655050.000,ZR,handheld,水平,right,recording,充电口朝左,2,-0.335793,-0.260063,9.842377,0.015193,0.018741,0.017339
447655060.000,ZR,handheld,水平,right,recording,充电口朝左,2,-0.352779,-0.273125,9.808380,0.007648,0.017416,0.012766
447655070.000,ZR,handheld,水平,right,recording,充电口朝左,2,-0.383209,-0.269342,9.721451,-0.003747,-0.000091,0.006858
447655080.000,ZR,handheld,水平,right,recording,充电口朝左,2,-0.388761,-0.251973,9.753265,-0.013554,-0.014950,-0.000286
447655090.000,ZR,handheld,水平,right,recording,充电口朝左,2,-0.400887,-0.249999,9.799552,-0.022175,-0.005661,-0.005908
447655100.000,ZR,handheld,水平,right,recording,充电口朝左,2,-0.386430,-0.261864,9.830437,-0.021942,-0.004245,-0.007924
447655110.000,ZR,handheld,水平,right,recording,充电口朝左,2,-0.393401,-0.240059,9.805607,-0.018361,-0.002571,-0.004260
447655120.000,ZR,handheld,水平,right,recording,充电口朝左,2,-0.346069,-0.214877,9.824221,-0.008601,-0.000500,-0.000936
447655130.000,ZR,handheld,水平,right,recording,充电口朝左,2,-0.368386,-0.219273,9.819040,-0.001143,0.002392,0.001571
447655140.000,ZR,handheld,水平,right,recording,充电口朝左,2,-0.370977,-0.245002,9.814624,0.004572,0.011591,0.000998
447655150.000,ZR,handheld,水平,right,recording,充电口朝左,2,-0.377089,-0.315397,9.821183,0.009904,0.016755,-0.004743
447655160.000,ZR,handheld,水平,right,recording,充电口朝左,2,-0.373151,-0.306342,9.801583,0.010843,0.006692,-0.011894
447655170.000,ZR,handheld,水平,right,recording,充电口朝左,2,-0.372136,-0.297783,9.749720,0.005497,0.000069,-0.015101
447655180.000,ZR,handheld,水平,right,recording,充电口朝左,2,-0.373922,-0.316599,9.765090,-0.000846,-0.007150,-0.013137
447655190.000,ZR,handheld,水平,right,recording,充电口朝左,2,-0.372811,-0.336645,9.817180,-0.004496,0.005524,-0.007210
447655200.000,ZR,handheld,水平,right,recording,充电口朝左,2,-0.354457,-0.330227,9.846207,-0.000344,0.005982,0.001902
447655210.000,ZR,handheld,水平,right,recording,充电口朝左,2,-0.375793,-0.296602,9.820809,0.004580,0.001620,0.012277
447655220.000,ZR,handheld,水平,right,recording,充电口朝左,2,-0.381253,-0.267490,9.839338,0.010926,0.008668,0.019461
447655230.000,ZR,handheld,水平,right,recording,充电口朝左,2,-0.390015,-0.280321,9.828929,0.012580,0.013279,0.021820
447655240.000,ZR,handheld,水平,right,recording,充电口朝左,2,-0.371040,-0.251941,9.805556,0.009648,0.013010,0.017033
447655250.000,ZR,handheld,水平,right,recording,充电口朝左,2,-0.406639,-0.271801,9.820501,0.008931,0.005408,0.007907
447655260.000,ZR,handheld,水平,right,recording,充电口朝左,2,-0.381803,-0.258705,9.823983,0.004391,0.004662,-0.000647
447655270.000,ZR,handheld,水平,right,recording,充电口朝左,2,-0.378718,-0.220798,9.797948,-0.002042,0.003986,-0.008014
447655280.000,ZR,handheld,水平,right,recording,充电口朝左,2,-0.389686,-0.218795,9.765351,-0.009797,0.000162,-0.009300
447655290.000,ZR,handheld,水平,right,recording,充电口朝左,2,-0.391688,-0.219685,9.767373,-0.017006,-0.000251,-0.007442
447655300.000,ZR,handheld,水平,right,recording,充电口朝左,2,-0.395714,-0.224548,9.792638,-0.015555,-0.002195,-0.001373
447655310.000,ZR,handheld,水平,right,recording,充电口朝左,2,-0.409888,-0.236196,9.787002,-0.010153,-0.001113,0.007512
447655320.000,ZR,handheld,水平,right,recording,充电口朝左,2,-0.378475,-0.239444,9.794552,-0.004856,0.003489,0.010366
447655330.000,ZR,handheld,水平,right,recording,充电口朝左,2,-0.413586,-0.252005,9.775696,-0.001665,0.011087,0.010168
447655340.000,ZR,handheld,水平,right,recording,充电口朝左,2,-0.367832,-0.249253,9.805487,0.005919,0.012984,0.006970
447655350.000,ZR,handheld,水平,right,recording,充电口朝左,2,-0.386823,-0.248983,9.828259,0.013735,0.016039,-0.000375
447655360.000,ZR,handheld,水平,right,recording,充电口朝左,2,-0.370318,-0.253302,9.822704,0.016445,0.010322,-0.006513
447655370.000,ZR,handheld,水平,right,recording,充电口朝左,2,-0.357389,-0.252931,9.800965,0.012780,0.010664,-0.010901
447655380.000,ZR,handheld,水平,right,recording,充电口朝左,2,-0.357395,-0.236803,9.790472,0.005401,0.011666,-0.010257
447655390.000,ZR,handheld,水平,right,recording,充电口朝左,2,-0.374956,-0.224640,9.739550,-0.001520,0.002315,-0.002190
447655400.000,ZR,handheld,水平,right,recording,充电口朝左,2,-0.370649,-0.240338,9.758921,-0.004637,-0.005926,0.005935
447655410.000,ZR,handheld,水平,right,recording,充电口朝左,2,-0.360071,-0.224998,9.769044,-0.007251,-0.016119,0.008708
447655420.000,ZR,handheld,水平,right,recording,充电口朝左,2,-0.364735,-0.241120,9.781508,-0.008022,-0.015173,0.005916
447655430.000,ZR,handheld,水平,right,recording,充电口朝左,2,-0.383852,-0.226968,9.831225,-0.009912,-0.002842,-0.000363
447655440.000,ZR,handheld,水平,right,recording,充电口朝左,2,-0.405894,-0.233465,9.797851,-0.007437,0.001184,-0.006253
447655450.000,ZR,handheld,水平,right,recording,充电口朝左,2,-0.384451,-0.219091,9.796759,-0.005986,-0.004072,-0.011423
447655460.000,ZR,handheld,水平,right,recording,充电口朝左,2,-0.398810,-0.187020,9.763580,-0.007722,-0.000809,-0.014649
447655470.000,ZR,handheld,水平,right,recording,充电口朝左,2,-0.406483,-0.211090,9.771619,-0.006464,0.002551,-0.015503
447655480.000,ZR,handheld,水平,right,recording,充电口朝左,2,-0.414499,-0.251950,9.800266,-0.001731,0.005406,-0.014756
447655490.000,ZR,handheld,水平,right,recording,充电口朝左,2,-0.402461,-0.278495,9.771806,0.003246,0.003265,-0.015379
447655500.000,ZR,handheld,水平,right,recording,充电口朝左,2,-0.407383,-0.274210,9.733153,0.007986,-0.003503,-0.014200
447655510.000,ZR,handheld,水平,right,recording,充电口朝左,2,-0.411170,-0.282856,9.714179,0.008472,-0.009871,-0.010641
447655520.000,ZR,handheld,水平,right,recording,充电口朝左,2,-0.405322,-0.292676,9.790921,0.012173,-0.012584,-0.003214
447655530.000,ZR,handheld,水平,right,recording,充电口朝左,2,-0.389442,-0.275990,9.794949,0.012562,-0.005605,0.001507
447655540.000,ZR,handheld,水平,right,recording,充电口朝左,2,-0.380741,-0.289626,9.778158,0.012169,-0.009550,0.003299
447655550.000,ZR,handheld,水平,right,recording,充电口朝左,2,-0.364388,-0.277065,9.813728,0.012482,-0.013527,-0.000665
447655560.000,ZR,handheld,水平,right,recording,充电口朝左,2,-0.373914,-0.267084,9.814136,0.009758,-0.012657,-0.006749
447655570.000,ZR,handheld,水平,right,recording,充电口朝左,2,-0.366890,-0.244449,9.838747,0.005129,-0.003386,-0.012700
447655580.000,ZR,handheld,水平,right,recording,充电口朝左,2,-0.395783,-0.259628,9.844916,-0.000977,-0.006274,-0.016138
447655590.000,ZR,handheld,水平,right,recording,充电口朝左,2,-0.372189,-0.273700,9.814643,-0.008097,-0.015665,-0.016449
447655600.000,ZR,handheld,水平,right,recording,充电口朝左,2,-0.357205,-0.255635,9.861893,-0.014234,-0.009664,-0.012672
447655610.000,ZR,handheld,水平,right,recording,充电口朝左,2,-0.371273,-0.255607,9.873672,-0.012820,-0.006140,-0.004974
447655620.000,ZR,handheld,水平,right,recording,充电口朝左,2,-0.357641,-0.281597,9.866924,-0.011422,-0.002865,-0.000624
447655630.000,ZR,handheld,水平,right,recording,充电口朝左,2,-0.355800,-0.297029,9.878713,-0.004702,0.001522,0.000000
447655640.000,ZR,handheld,水平,right,recording,充电口朝左,2,-0.355586,-0.286464,9.877521,0.001532,0.009743,0.002563
447655650.000,ZR,handheld,水平,right,recording,充电口朝左,2,-0.360085,-0.252552,9.845726,0.004586,0.019407,0.005640
447655660.000,ZR,handheld,水平,right,recording,充电口朝左,2,-0.365299,-0.252234,9.819698,0.003686,0.025421,0.006480
447655670.000,ZR,handheld,水平,right,recording,充电口朝左,2,-0.390984,-0.240315,9.780991,-0.002216,0.009568,0.005816
447655680.000,ZR,handheld,水平,right,recording,充电口朝左,2,-0.407712,-0.264737,9.754093,-0.008627,-0.002356,0.003761
447655690.000,ZR,handheld,水平,right,recording,充电口朝左,2,-0.398850,-0.234714,9.771213,-0.018188,-0.003975,-0.000568
447655700.000,ZR,handheld,水平,right,recording,充电口朝左,2,-0.402584,-0.234931,9.788750,-0.019392,-0.003798,-0.001922
447655710.000,ZR,handheld,水平,right,recording,充电口朝左,2,-0.389067,-0.221105,9.825608,-0.015268,0.000251,-0.002153
447655720.000,ZR,handheld,水平,right,recording,充电口朝左,2,-0.373364,-0.181606,9.798988,-0.009998,0.010854,-0.001531
447655730.000,ZR,handheld,水平,right,recording,充电口朝左,2,-0.422888,-0.237518,9.784381,-0.006992,0.004866,0.000345
447655740.000,ZR,handheld,水平,right,recording,充电口朝左,2,-0.419142,-0.283478,9.743372,-0.008165,0.000276,0.002038
447655750.000,ZR,handheld,水平,right,recording,充电口朝左,2,-0.430392,-0.294986,9.735259,-0.012834,-0.006574,0.001716
447655760.000,ZR,handheld,水平,right,recording,充电口朝左,2,-0.391907,-0.291985,9.719178,-0.016544,-0.008428,0.000216
447655770.000,ZR,handheld,水平,right,recording,充电口朝左,2,-0.357369,-0.275501,9.733240,-0.016709,-0.001060,-0.001630
447655780.000,ZR,handheld,水平,right,recording,充电口朝左,2,-0.364971,-0.317946,9.750189,-0.010053,0.000216,-0.005605
447655790.000,ZR,handheld,水平,right,recording,充电口朝左,2,-0.353048,-0.351268,9.734912,-0.002294,-0.001401,-0.011800
447655800.000,ZR,handheld,水平,right,recording,充电口朝左,2,-0.362424,-0.328227,9.721990,0.006194,-0.001075,-0.014088
447655810.000,ZR,handheld,水平,right,recording,充电口朝左,2,-0.377384,-0.315598,9.782378,0.017000,-0.002405,-0.011566
447655820.000,ZR,handheld,水平,right,recording,充电口朝左,2,-0.385583,-0.296746,9.787393,0.024674,-0.005588,-0.004875
447655830.000,ZR,handheld,水平,right,recording,充电口朝左,2,-0.387895,-0.280339,9.753473,0.024527,-0.006433,0.001728
447655840.000,ZR,handheld,水平,right,recording,充电口朝左,2,-0.387916,-0.265088,9.782329,0.021572,-0.012365,0.007083
447655850.000,ZR,handheld,水平,right,recording,充电口朝左,2,-0.377683,-0.245065,9.795922,0.015209,-0.012912,0.007209
447655860.000,ZR,handheld,水平,right,recording,充电口朝左,2,-0.366954,-0.238756,9.807058,0.007556,-0.009032,0.000836
447655870.000,ZR,handheld,水平,right,recording,充电口朝左,2,-0.353651,-0.237080,9.874494,0.006447,-0.002980,-0.007012
447655880.000,ZR,handheld,水平,right,recording,充电口朝左,2,-0.372084,-0.244905,9.855895,0.004474,-0.004034,-0.015672
447655890.000,ZR,handheld,水平,right,recording,充电口朝左,2,-0.331777,-0.262652,9.837943,-0.000141,0.000317,-0.021499
447655900.000,ZR,handheld,水平,right,recording,充电口朝左,2,-0.365136,-0.264209,9.852965,-0.002325,-0.001649,-0.017682
447655910.000,ZR,handheld,水平,right,recording,充电口朝左,2,-0.359403,-0.279375,9.849390,-0.000374,-0.003815,-0.007366
447655920.000,ZR,handheld,水平,right,recording,充电口朝左,2,-0.377009,-0.278054,9.827047,-0.003988,-0.003075,0.002198
447655930.000,ZR,handheld,水平,right,recording,充电口朝左,2,-0.384861,-0.269793,9.779272,-0.007879,-0.008629,0.009262
447655940.000,ZR,handheld,水平,right,recording,充电口朝左,2,-0.392533,-0.250601,9.773242,-0.012275,-0.012893,0.011381
447655950.000,ZR,handheld,水平,right,recording,充电口朝左,2,-0.398901,-0.261678,9.801232,-0.015101,-0.012739,0.008637
447655960.000,ZR,handheld,水平,right,recording,充电口朝左,2,-0.396695,-0.272255,9.830013,-0.012547,-0.010052,0.002032
447655970.000,ZR,handheld,水平,right,recording,充电口朝左,2,-0.403242,-0.286390,9.841151,-0.003900,-0.004055,-0.003933
447655980.000,ZR,handheld,水平,right,recording,充电口朝左,2,-0.392945,-0.297712,9.844002,0.008696,0.001405,-0.009655
447655990.000,ZR,handheld,水平,right,recording,充电口朝左,2,-0.378031,-0.272795,9.864948,0.023451,0.010389,-0.010967
447656000.000,ZR,handheld,水平,right,recording,充电口朝左,2,-0.366372,-0.254201,9.882683,0.037102,0.016590,-0.007932
447656010.000,ZR,handheld,水平,right,recording,充电口朝左,2,-0.377033,-0.224291,9.845007,0.041569,0.018889,-0.003474
447656020.000,ZR,handheld,水平,right,recording,充电口朝左,2,-0.384574,-0.235791,9.798921,0.036047,0.018376,-0.000893
447656030.000,ZR,handheld,水平,right,recording,充电口朝左,2,-0.385700,-0.236808,9.774861,0.019714,0.015178,0.000190
447656040.000,ZR,handheld,水平,right,recording,充电口朝左,2,-0.388127,-0.237309,9.735161,-0.000941,0.009337,-0.000653
447656050.000,ZR,handheld,水平,right,recording,充电口朝左,2,-0.400919,-0.265745,9.753602,-0.020246,0.000660,-0.000519
447656060.000,ZR,handheld,水平,right,recording,充电口朝左,2,-0.399868,-0.290049,9.733405,-0.033756,-0.006609,-0.001143
447656070.000,ZR,handheld,水平,right,recording,充电口朝左,2,-0.374479,-0.282919,9.760691,-0.037965,-0.015444,-0.001637
447656080.000,ZR,handheld,水平,right,recording,充电口朝左,2,-0.368588,-0.325294,9.823159,-0.027689,-0.011458,0.001522
447656090.000,ZR,handheld,水平,right,recording,充电口朝左,2,-0.349000,-0.322206,9.891545,-0.006721,-0.000843,0.004380
447656100.000,ZR,handheld,水平,right,recording,充电口朝左,2,-0.336806,-0.298075,9.870069,0.015387,0.003337,0.006139
447656110.000,ZR,handheld,水平,right,recording,充电口朝左,2,-0.336275,-0.269719,9.820489,0.030286,0.011113,0.004778
447656120.000,ZR,handheld,水平,right,recording,充电口朝左,2,-0.359092,-0.262148,9.805812,0.036377,0.013134,0.002216
447656130.000,ZR,handheld,水平,right,recording,充电口朝左,2,-0.379508,-0.279363,9.746028,0.034089,0.012496,0.001021
447656140.000,ZR,handheld,水平,right,recording,充电口朝左,2,-0.405351,-0.267960,9.741573,0.025726,0.008216,0.001310
447656150.000,ZR,handheld,水平,right,recording,充电口朝左,2,-0.405483,-0.208413,9.716170,0.012878,0.003880,0.005522
447656160.000,ZR,handheld,水平,right,recording,充电口朝左,2,-0.398827,-0.216737,9.724747,0.001351,-0.003923,0.008308
447656170.000,ZR,handheld,水平,right,recording,充电口朝左,2,-0.386952,-0.179379,9.770314,-0.006501,-0.009317,0.006935
447656180.000,ZR,handheld,水平,right,recording,充电口朝左,2,-0.396912,-0.194754,9.774026,-0.011512,-0.009497,0.000723
447656190.000,ZR,handheld,水平,right,recording,充电口朝左,2,-0.383439,-0.218636,9.809165,-0.014416,-0.008478,-0.006627
447656200.000,ZR,handheld,水平,right,recording,充电口朝左,2,-0.392949,-0.236803,9.848521,-0.013544,-0.002155,-0.012092
447656210.000,ZR,handheld,水平,right,recording,充电口朝左,2,-0.370086,-0.258821,9.869887,-0.009133,0.004473,-0.013282
447656220.000,ZR,handheld,水平,right,recording,充电口朝左,2,-0.374087,-0.264813,9.862505,-0.003402,0.003446,-0.009922
447656230.000,ZR,handheld,水平,right,recording,充电口朝左,2,-0.382061,-0.280694,9.819545,0.002198,-0.001741,-0.001143
447656240.000,ZR,handheld,水平,right,recording,充电口朝左,2,-0.360161,-0.284686,9.862266,0.003605,0.002937,0.007149
447656250.000,ZR,handheld,水平,right,recording,充电口朝左,2,-0.351240,-0.250755,9.832238,0.002945,0.010569,0.011454
447656260.000,ZR,handheld,水平,right,recording,充电口朝左,2,-0.353208,-0.247840,9.803136,-0.000323,0.010350,0.008409
447656270.000,ZR,handheld,水平,right,recording,充电口朝左,2,-0.372481,-0.256696,9.808198,-0.004614,0.006224,0.001581
447656280.000,ZR,handheld,水平,right,recording,充电口朝左,2,-0.391639,-0.240513,9.778124,-0.008476,-0.000122,-0.001147
447656290.000,ZR,handheld,水平,right,recording,充电口朝左,2,-0.406116,-0.238469,9.771702,-0.013229,-0.002858,-0.002609
447656300.000,ZR,handheld,水平,right,recording,充电口朝左,2,-0.395805,-0.226520,9.763023,-0.014647,-0.008953,0.001228
447656310.000,ZR,handheld,水平,right,recording,充电口朝左,2,-0.391523,-0.241982,9.804117,-0.009804,-0.009290,0.008299
447656320.000,ZR,handheld,水平,right,recording,充电口朝左,2,-0.362442,-0.238031,9.884231,0.000223,-0.001379,0.014621
447656330.000,ZR,handheld,水平,right,recording,充电口朝左,2,-0.362555,-0.246928,9.857286,0.007807,0.006476,0.016086
447656340.000,ZR,handheld,水平,right,recording,充电口朝左,2,-0.355061,-0.217394,9.822349,0.011087,0.013175,0.012226
447656350.000,ZR,handheld,水平,right,recording,充电口朝左,2,-0.389140,-0.267044,9.828930,0.011225,0.011228,0.005410
447656360.000,ZR,handheld,水平,right,recording,充电口朝左,2,-0.417426,-0.229358,9.800348,0.007479,0.006702,-0.000672
447656370.000,ZR,handheld,水平,right,recording,充电口朝左,2,-0.424769,-0.200986,9.764210,-0.001915,0.008137,-0.002177
447656380.000,ZR,handheld,水平,right,recording,充电口朝左,2,-0.427715,-0.200573,9.741908,-0.010505,0.000380,-0.003042
447656390.000,ZR,handheld,水平,right,recording,充电口朝左,2,-0.426298,-0.224199,9.751387,-0.016161,0.000588,-0.004168
447656400.000,ZR,handheld,水平,right,recording,充电口朝左,2,-0.435194,-0.251485,9.765201,-0.017866,-0.001724,-0.002450
447656410.000,ZR,handheld,水平,right,recording,充电口朝左,2,-0.419683,-0.258026,9.756330,-0.012761,-0.005874,-0.001252
447656420.000,ZR,handheld,水平,right,recording,充电口朝左,2,-0.395790,-0.260449,9.805962,-0.005932,0.002049,-0.002923
447656430.000,ZR,handheld,水平,right,recording,充电口朝左,2,-0.362845,-0.266521,9.798029,0.007355,0.003379,-0.005886
447656440.000,ZR,handheld,水平,right,recording,充电口朝左,2,-0.382619,-0.300943,9.866177,0.018541,0.005513,-0.008904
447656450.000,ZR,handheld,水平,right,recording,充电口朝左,2,-0.367799,-0.338107,9.827555,0.021663,0.009558,-0.009975
447656460.000,ZR,handheld,水平,right,recording,充电口朝左,2,-0.347414,-0.315975,9.819642,0.016499,0.008045,-0.009596
447656470.000,ZR,handheld,水平,right,recording,充电口朝左,2,-0.367651,-0.280364,9.766875,0.001690,0.005565,-0.003920
447656480.000,ZR,handheld,水平,right,recording,充电口朝左,2,-0.401315,-0.294754,9.764233,-0.011881,-0.001920,0.004273
447656490.000,ZR,handheld,水平,right,recording,充电口朝左,2,-0.377650,-0.297680,9.802187,-0.026355,-0.001473,0.011084
447656500.000,ZR,handheld,水平,right,recording,充电口朝左,2,-0.397170,-0.298886,9.768314,-0.033396,-0.003234,0.016873
447656510.000,ZR,handheld,水平,right,recording,充电口朝左,2,-0.357882,-0.273156,9.827821,-0.029213,-0.014210,0.019719
447656520.000,ZR,handheld,水平,right,recording,充电口朝左,2,-0.381474,-0.282122,9.910728,-0.012012,-0.007062,0.019511
447656530.000,ZR,handheld,水平,right,recording,充电口朝左,2,-0.372539,-0.290184,9.918846,0.007574,0.009299,0.014623
447656540.000,ZR,handheld,水平,right,recording,充电口朝左,2,-0.373931,-0.289034,9.910716,0.023958,0.020534,0.010648
447656550.000,ZR,handheld,水平,right,recording,充电口朝左,2,-0.389959,-0.259018,9.839938,0.029662,0.030728,0.004586
447656560.000,ZR,handheld,水平,right,recording,充电口朝左,2,-0.396418,-0.236080,9.791715,0.026757,0.033129,0.002276
447656570.000,ZR,handheld,水平,right,recording,充电口朝左,2,-0.419468,-0.209143,9.780009,0.017641,0.028778,0.002405
447656580.000,ZR,handheld,水平,right,recording,充电口朝左,2,-0.409994,-0.204321,9.706159,0.004419,0.012006,0.005120
447656590.000,ZR,handheld,水平,right,recording,充电口朝左,2,-0.429511,-0.209838,9.705521,-0.009140,-0.006087,0.008074
447656600.000,ZR,handheld,水平,right,recording,充电口朝左,2,-0.397855,-0.200880,9.807353,-0.016612,-0.011573,0.008226
447656610.000,ZR,handheld,水平,right,recording,充电口朝左,2,-0.399408,-0.204153,9.796123,-0.022844,-0.002472,0.006493
447656620.000,ZR,handheld,水平,right,recording,充电口朝左,2,-0.381569,-0.200878,9.824722,-0.024049,0.007130,0.002461
447656630.000,ZR,handheld,水平,right,recording,充电口朝左,2,-0.404003,-0.222500,9.828839,-0.019932,0.011619,-0.000208
447656640.000,ZR,handheld,水平,right,recording,充电口朝左,2,-0.382656,-0.220644,9.768454,-0.014875,0.009499,-0.001282
447656650.000,ZR,handheld,水平,right,recording,充电口朝左,2,-0.427350,-0.231564,9.756859,-0.007987,0.012408,0.000297
447656660.000,ZR,handheld,水平,right,recording,充电口朝左,2,-0.431990,-0.265084,9.731630,-0.001441,0.010707,0.002353
447656670.000,ZR,handheld,水平,right,recording,充电口朝左,2,-0.440307,-0.286087,9.695371,0.003914,0.005290,0.001104
447656680.000,ZR,handheld,水平,right,recording,充电口朝左,2,-0.430143,-0.308040,9.674912,0.006748,0.002085,-0.003125
447656690.000,ZR,handheld,水平,right,recording,充电口朝左,2,-0.423195,-0.304524,9.705145,0.010797,-0.000676,-0.007886
447656700.000,ZR,handheld,水平,right,recording,充电口朝左,2,-0.429798,-0.309495,9.714818,0.016994,-0.003745,-0.012977
447656710.000,ZR,handheld,水平,right,recording,充电口朝左,2,-0.408120,-0.290023,9.738866,0.019082,-0.006061,-0.014876
447656720.000,ZR,handheld,水平,right,recording,充电口朝左,2,-0.385942,-0.296789,9.765756,0.023843,-0.009086,-0.015554
447656730.000,ZR,handheld,水平,right,recording,充电口朝左,2,-0.379235,-0.257777,9.827308,0.030737,-0.003585,-0.012258
447656740.000,ZR,handheld,水平,right,recording,充电口朝左,2,-0.388929,-0.248723,9.849346,0.035731,0.001798,-0.004711
447656750.000,ZR,handheld,水平,right,recording,充电口朝左,2,-0.414150,-0.248202,9.847057,0.035799,0.001065,0.002040
447656760.000,ZR,handheld,水平,right,recording,充电口朝左,2,-0.402841,-0.242775,9.809933,0.030529,-0.000965,0.004485
447656770.000,ZR,handheld,水平,right,recording,充电口朝左,2,-0.404405,-0.235504,9.765008,0.016116,-0.003658,0.002093
447656780.000,ZR,handheld,水平,right,recording,充电口朝左,2,-0.436242,-0.231150,9.759785,-0.003567,-0.016459,-0.002251
447656790.000,ZR,handheld,水平,right,recording,充电口朝左,2,-0.421135,-0.246823,9.811725,-0.014674,-0.019560,-0.006890
447656800.000,ZR,handheld,水平,right,recording,充电口朝左,2,-0.378132,-0.260073,9.853012,-0.020984,-0.014267,-0.010538
447656810.000,ZR,handheld,水平,right,recording,充电口朝左,2,-0.385143,-0.250749,9.862737,-0.021277,-0.008679,-0.006580
447656820.000,ZR,handheld,水平,right,recording,充电口朝左,2,-0.341561,-0.282282,9.902785,-0.015524,-0.002018,-0.000232
447656830.000,ZR,handheld,水平,right,recording,充电口朝左,2,-0.368933,-0.260980,9.909996,-0.003129,0.005856,0.010680
447656840.000,ZR,handheld,水平,right,recording,充电口朝左,2,-0.374989,-0.250696,9.880550,0.008640,0.008627,0.020100
447656850.000,ZR,handheld,水平,right,recording,充电口朝左,2,-0.386477,-0.271764,9.852972,0.016484,0.005367,0.025264
447656860.000,ZR,handheld,水平,right,recording,充电口朝左,2,-0.435510,-0.273104,9.818615,0.020144,0.006032,0.023234
447656870.000,ZR,handheld,水平,right,recording,充电口朝左,2,-0.456961,-0.260240,9.814534,0.018165,0.009771,0.014119
447656880.000,ZR,handheld,水平,right,recording,充电口朝左,2,-0.471583,-0.247113,9.770073,0.011260,0.008376,0.001983
447656890.000,ZR,handheld,水平,right,recording,充电口朝左,2,-0.465254,-0.251708,9.772094,0.005840,0.005749,-0.008063
447656900.000,ZR,handheld,水平,right,recording,充电口朝左,2,-0.436829,-0.237910,9.791151,0.003707,0.006167,-0.012649
447656910.000,ZR,handheld,水平,right,recording,充电口朝左,2,-0.459323,-0.212590,9.823970,0.008590,0.001581,-0.005948
447656920.000,ZR,handheld,水平,right,recording,充电口朝左,2,-0.418943,-0.194850,9.827576,0.015356,0.001009,0.004865
447656930.000,ZR,handheld,水平,right,recording,充电口朝左,2,-0.433426,-0.198848,9.830495,0.018249,0.005702,0.011663
447656940.000,ZR,handheld,水平,right,recording,充电口朝左,2,-0.425016,-0.214645,9.793302,0.015782,0.011289,0.012142
447656950.000,ZR,handheld,水平,right,recording,充电口朝左,2,-0.447994,-0.249848,9.771643,0.008969,0.009876,0.004667
447656960.000,ZR,handheld,水平,right,recording,充电口朝左,2,-0.432443,-0.263598,9.777585,0.001865,0.006407,-0.003886
447656970.000,ZR,handheld,水平,right,recording,充电口朝左,2,-0.413772,-0.257706,9.745136,-0.005556,0.003412,-0.008120
447656980.000,ZR,handheld,水平,right,recording,充电口朝左,2,-0.408561,-0.261370,9.761772,-0.004618,-0.001234,-0.004900
447656990.000,ZR,handheld,水平,right,recording,充电口朝左,2,-0.397198,-0.278274,9.813589,0.000907,-0.000297,-0.002966
447657000.000,ZR,handheld,水平,right,recording,充电口朝左,2,-0.406496,-0.313718,9.813103,0.005990,-0.001637,-0.001429
447657010.000,ZR,handheld,水平,right,recording,充电口朝左,2,-0.377505,-0.355915,9.838887,0.013368,-0.000094,-0.000065
447657020.000,ZR,handheld,水平,right,recording,充电口朝左,2,-0.357471,-0.293523,9.819126,0.016660,0.004206,0.005410
447657030.000,ZR,handheld,水平,right,recording,充电口朝左,2,-0.387425,-0.255060,9.792972,0.015538,0.005872,0.014771
447657040.000,ZR,handheld,水平,right,recording,充电口朝左,2,-0.390061,-0.255390,9.838670,0.015746,0.007241,0.021293
447657050.000,ZR,handheld,水平,right,recording,充电口朝左,2,-0.412112,-0.267675,9.832617,0.014701,0.009163,0.026123
447657060.000,ZR,handheld,水平,right,recording,充电口朝左,2,-0.415386,-0.245898,9.845999,0.012030,0.011114,0.028504
447657070.000,ZR,handheld,水平,right,recording,充电口朝左,2,-0.429106,-0.222818,9.794227,0.002950,0.008681,0.028556
447657080.000,ZR,handheld,水平,right,recording,充电口朝左,2,-0.415525,-0.225919,9.766967,-0.006783,0.006757,0.026069
447657090.000,ZR,handheld,水平,right,recording,充电口朝左,2,-0.423162,-0.220991,9.769005,-0.013630,0.010250,0.022118
447657100.000,ZR,handheld,水平,right,recording,充电口朝左,2,-0.445556,-0.201848,9.755872,-0.015882,0.005791,0.017064
447657110.000,ZR,handheld,水平,right,recording,充电口朝左,2,-0.430097,-0.229276,9.762258,-0.012549,-0.000266,0.013959
447657120.000,ZR,handheld,水平,right,recording,充电口朝左,2,-0.464439,-0.244490,9.795346,-0.005562,0.002162,0.010392
447657130.000,ZR,handheld,水平,right,recording,充电口朝左,2,-0.430179,-0.218314,9.767915,-0.000232,-0.000303,0.005219
447657140.000,ZR,handheld,水平,right,recording,充电口朝左,2,-0.431375,-0.194543,9.781245,0.005237,-0.004821,0.000709
447657150.000,ZR,handheld,水平,right,recording,充电口朝左,2,-0.391111,-0.211619,9.837581,0.011163,-0.001547,-0.003480
447657160.000,ZR,handheld,水平,right,recording,充电口朝左,2,-0.395719,-0.201664,9.837154,0.015794,0.010311,-0.002485
447657170.000,ZR,handheld,水平,right,recording,充电口朝左,2,-0.397840,-0.188057,9.810271,0.014383,0.010733,-0.001139
447657180.000,ZR,handheld,水平,right,recording,充电口朝左,2,-0.422108,-0.217135,9.762059,0.011671,0.008026,0.004602
447657190.000,ZR,handheld,水平,right,recording,充电口朝左,2,-0.405851,-0.220111,9.756504,0.005816,0.001509,0.009644
447657200.000,ZR,handheld,水平,right,recording,充电口朝左,2,-0.420380,-0.234291,9.751691,-0.001171,-0.000274,0.016572
447657210.000,ZR,handheld,水平,right,recording,充电口朝左,2,-0.431978,-0.237269,9.741027,-0.005889,-0.004200,0.022909
447657220.000,ZR,handheld,水平,right,recording,充电口朝左,2,-0.412029,-0.220054,9.759078,-0.006533,-0.007908,0.025433
447657230.000,ZR,handheld,水平,right,recording,充电口朝左,2,-0.416065,-0.212813,9.772104,-0.001157,-0.009503,0.021207
447657240.000,ZR,handheld,水平,right,recording,充电口朝左,2,-0.397964,-0.224550,9.820826,0.006820,0.000285,0.015231
447657250.000,ZR,handheld,水平,right,recording,充电口朝左,2,-0.397716,-0.210293,9.848117,0.019775,0.004018,0.008152
447657260.000,ZR,handheld,水平,right,recording,充电口朝左,2,-0.382599,-0.189148,9.814255,0.027857,0.007654,0.000836
447657270.000,ZR,handheld,水平,right,recording,充电口朝左,2,-0.424385,-0.179849,9.794199,0.030766,0.000030,0.000223
447657280.000,ZR,handheld,水平,right,recording,充电口朝左,2,-0.445914,-0.193026,9.810028,0.029776,0.009510,0.002589
447657290.000,ZR,handheld,水平,right,recording,充电口朝左,2,-0.453839,-0.191467,9.814906,0.026133,0.012994,0.007212
447657300.000,ZR,handheld,水平,right,recording,充电口朝左,2,-0.465604,-0.173003,9.785534,0.021346,0.003413,0.010978
447657310.000,ZR,handheld,水平,right,recording,充电口朝左,2,-0.450746,-0.177126,9.772515,0.010925,0.001046,0.011184
447657320.000,ZR,handheld,水平,right,recording,充电口朝左,2,-0.474251,-0.234005,9.785070,0.003048,-0.004717,0.008422
447657330.000,ZR,handheld,水平,right,recording,充电口朝左,2,-0.455003,-0.227439,9.798036,-0.003432,-0.001902,0.001714
447657340.000,ZR,handheld,水平,right,recording,充电口朝左,2,-0.439552,-0.218897,9.830180,-0.003882,-0.004906,-0.003678
447657350.000,ZR,handheld,水平,right,recording,充电口朝左,2,-0.443686,-0.224237,9.818828,-0.004364,-0.006975,-0.005515
447657360.000,ZR,handheld,水平,right,recording,充电口朝左,2,-0.443357,-0.248350,9.838466,-0.002454,-0.002485,-0.003246
447657370.000,ZR,handheld,水平,right,recording,充电口朝左,2,-0.428112,-0.253527,9.845026,0.002325,-0.001503,-0.000285
447657380.000,ZR,handheld,水平,right,recording,充电口朝左,2,-0.411019,-0.240915,9.846494,0.008804,0.000334,0.003775
447657390.000,ZR,handheld,水平,right,recording,充电口朝左,2,-0.430450,-0.228673,9.867006,0.015634,0.005073,0.008044
447657400.000,ZR,handheld,水平,right,recording,充电口朝左,2,-0.424215,-0.212409,9.900172,0.020941,0.015840,0.009698
447657410.000,ZR,handheld,水平,right,recording,充电口朝左,2,-0.428373,-0.256893,9.854876,0.020481,0.022729,0.006891
447657420.000,ZR,handheld,水平,right,recording,充电口朝左,2,-0.436185,-0.249971,9.803389,0.017673,0.022624,0.003021
447657430.000,ZR,handheld,水平,right,recording,充电口朝左,2,-0.448393,-0.239677,9.755933,0.009723,0.010417,0.001578
447657440.000,ZR,handheld,水平,right,recording,充电口朝左,2,-0.431601,-0.237538,9.764897,0.007087,0.002304,0.004857
447657450.000,ZR,handheld,水平,right,recording,充电口朝左,2,-0.406901,-0.204846,9.810315,0.005925,-0.001540,0.010968
447657460.000,ZR,handheld,水平,right,recording,充电口朝左,2,-0.424904,-0.145564,9.802773,0.002473,0.003115,0.018031
447657470.000,ZR,handheld,水平,right,recording,充电口朝左,2,-0.409571,-0.164996,9.745904,-0.005265,0.008072,0.019626
447657480.000,ZR,handheld,水平,right,recording,充电口朝左,2,-0.440076,-0.202364,9.785645,-0.008863,0.003568,0.016519
447657490.000,ZR,handheld,水平,right,recording,充电口朝左,2,-0.447334,-0.213622,9.782552,-0.010056,0.004526,0.010687
447657500.000,ZR,handheld,水平,right,recording,充电口朝左,2,-0.471847,-0.202376,9.814409,-0.004582,0.009462,0.005858
447657510.000,ZR,handheld,水平,right,recording,充电口朝左,2,-0.442565,-0.190222,9.783278,0.004451,0.014805,0.000971
447657520.000,ZR,handheld,水平,right,recording,充电口朝左,2,-0.439409,-0.191832,9.785770,0.014973,0.022998,-0.002239
447657530.000,ZR,handheld,水平,right,recording,充电口朝左,2,-0.436204,-0.224118,9.754741,0.023506,0.019154,-0.002085
447657540.000,ZR,handheld,水平,right,recording,充电口朝左,2,-0.449677,-0.231584,9.712343,0.028810,0.007776,0.002066
447657550.000,ZR,handheld,水平,right,recording,充电口朝左,2,-0.468016,-0.198866,9.652676,0.022145,0.002286,0.008670
447657560.000,ZR,handheld,水平,right,recording,充电口朝左,2,-0.460050,-0.203066,9.613778,0.008258,-0.006685,0.014100
447657570.000,ZR,handheld,水平,right,recording,充电口朝左,2,-0.457387,-0.220337,9.630057,-0.003407,-0.017325,0.013883
447657580.000,ZR,handheld,水平,right,recording,充电口朝左,2,-0.439457,-0.228323,9.741720,-0.005566,-0.024611,0.009771
447657590.000,ZR,handheld,水平,right,recording,充电口朝左,2,-0.430659,-0.224635,9.728226,-0.006028,-0.014663,0.005592
447657600.000,ZR,handheld,水平,right,recording,充电口朝左,2,-0.417180,-0.202432,9.804942,0.002460,-0.010617,0.001891
447657610.000,ZR,handheld,水平,right,recording,充电口朝左,2,-0.401742,-0.194680,9.818969,0.013119,-0.008383,-0.000524
447657620.000,ZR,handheld,水平,right,recording,充电口朝左,2,-0.433400,-0.167805,9.831566,0.022545,0.000280,0.000094
447657630.000,ZR,handheld,水平,right,recording,充电口朝左,2,-0.447595,-0.185332,9.824345,0.028635,0.004048,0.003190
447657640.000,ZR,handheld,水平,right,recording,充电口朝左,2,-0.473405,-0.168827,9.776295,0.029815,-0.005423,0.008590
447657650.000,ZR,handheld,水平,right,recording,充电口朝左,2,-0.460845,-0.162100,9.807504,0.030210,-0.013543,0.014196
447657660.000,ZR,handheld,水平,right,recording,充电口朝左,2,-0.459806,-0.153508,9.803050,0.025626,-0.007074,0.015027
447657670.000,ZR,handheld,水平,right,recording,充电口朝左,2,-0.451664,-0.129008,9.825127,0.022109,-0.003172,0.009953
447657680.000,ZR,handheld,水平,right,recording,充电口朝左,2,-0.418854,-0.130675,9.836653,0.016596,-0.007576,-0.000220
447657690.000,ZR,handheld,水平,right,recording,充电口朝左,2,-0.439727,-0.136159,9.833745,0.009850,-0.009453,-0.012631
447657700.000,ZR,handheld,水平,right,recording,充电口朝左,2,-0.417609,-0.143369,9.906325,0.004296,-0.006216,-0.022739
447657710.000,ZR,handheld,水平,right,recording,充电口朝左,2,-0.418211,-0.142228,9.887567,-0.001874,-0.000348,-0.027226
447657720.000,ZR,handheld,水平,right,recording,充电口朝左,2,-0.432716,-0.171504,9.870743,-0.006194,0.002135,-0.021408
447657730.000,ZR,handheld,水平,right,recording,充电口朝左,2,-0.428408,-0.161697,9.833462,-0.009324,0.000512,-0.005757
447657740.000,ZR,handheld,水平,right,recording,充电口朝左,2,-0.432624,-0.173189,9.784581,-0.013699,-0.011139,0.013063
447657750.000,ZR,handheld,水平,right,recording,充电口朝左,2,-0.424055,-0.170938,9.787379,-0.016771,-0.016986,0.030545
447657760.000,ZR,handheld,水平,right,recording,充电口朝左,2,-0.461156,-0.209840,9.821384,-0.017086,-0.016443,0.039790
447657770.000,ZR,handheld,水平,right,recording,充电口朝左,2,-0.459741,-0.193706,9.848034,-0.016219,-0.007457,0.039175
447657780.000,ZR,handheld,水平,right,recording,充电口朝左,2,-0.425940,-0.193607,9.787248,-0.014454,-0.005700,0.029286
447657790.000,ZR,handheld,水平,right,recording,充电口朝左,2,-0.441562,-0.142835,9.866853,-0.007354,-0.003938,0.016352
447657800.000,ZR,handheld,水平,right,recording,充电口朝左,2,-0.465916,-0.132863,9.853168,0.002156,0.008716,0.005411
447657810.000,ZR,handheld,水平,right,recording,充电口朝左,2,-0.453549,-0.175039,9.899577,0.014296,0.013815,-0.003159
447657820.000,ZR,handheld,水平,right,recording,充电口朝左,2,-0.507474,-0.121853,9.799664,0.017495,0.010887,-0.007898
447657830.000,ZR,handheld,水平,right,recording,充电口朝左,2,-0.452655,-0.113953,9.788952,0.016755,0.009356,-0.009476
447657840.000,ZR,handheld,水平,right,recording,充电口朝左,2,-0.478370,-0.148549,9.773799,0.012692,0.009434,-0.006681
447657850.000,ZR,handheld,水平,right,recording,充电口朝左,2,-0.451893,-0.152199,9.770673,0.007978,0.005228,-0.001885
447657860.000,ZR,handheld,水平,right,recording,充电口朝左,2,-0.426862,-0.164988,9.763493,0.000833,0.001851,-0.000307
447657870.000,ZR,handheld,水平,right,recording,充电口朝左,2,-0.444451,-0.178508,9.728611,-0.008362,-0.000718,0.002997
447657880.000,ZR,handheld,水平,right,recording,充电口朝左,2,-0.413382,-0.207658,9.732404,-0.016832,-0.005731,0.001332
447657890.000,ZR,handheld,水平,right,recording,充电口朝左,2,-0.426150,-0.227482,9.752153,-0.017029,-0.021426,-0.000391
447657900.000,ZR,handheld,水平,right,recording,充电口朝左,2,-0.407565,-0.202700,9.754419,-0.012574,-0.019916,-0.001193
447657910.000,ZR,handheld,水平,right,recording,充电口朝左,2,-0.400349,-0.195472,9.827705,0.000198,-0.005829,-0.001204
447657920.000,ZR,handheld,水平,right,recording,充电口朝左,2,-0.395388,-0.161499,9.859288,0.016642,0.007056,-0.001782
447657930.000,ZR,handheld,水平,right,recording,充电口朝左,2,-0.394084,-0.185645,9.845909,0.029303,0.012523,-0.003949
447657940.000,ZR,handheld,水平,right,recording,充电口朝左,2,-0.439795,-0.203040,9.826124,0.038970,0.019973,-0.007417
447657950.000,ZR,handheld,水平,right,recording,充电口朝左,2,-0.431618,-0.197900,9.798183,0.041485,0.026875,-0.005921
447657960.000,ZR,handheld,水平,right,recording,充电口朝左,2,-0.450171,-0.182503,9.729258,0.035180,0.021696,-0.000023
447657970.000,ZR,handheld,水平,right,recording,充电口朝左,2,-0.478644,-0.176640,9.686856,0.019891,0.004234,0.009190
447657980.000,ZR,handheld,水平,right,recording,充电口朝左,2,-0.466609,-0.188912,9.686872,0.000365,-0.005914,0.013142
447657990.000,ZR,handheld,水平,right,recording,充电口朝左,2,-0.438477,-0.190639,9.688968,-0.016861,-0.022514,0.010557
447658000.000,ZR,handheld,水平,right,recording,充电口朝左,2,-0.492357,-0.177940,9.711825,-0.032959,-0.020523,0.010405
447658010.000,ZR,handheld,水平,right,recording,充电口朝左,2,-0.371356,-0.198058,9.791514,-0.037054,-0.020884,0.001212
447658020.000,ZR,handheld,水平,right,recording,充电口朝左,2,-0.462969,-0.196904,9.782545,-0.034754,-0.025744,-0.004584
447658030.000,ZR,handheld,水平,right,recording,充电口朝左,2,-0.365611,-0.210632,9.848864,-0.023266,-0.013400,-0.008131
447658040.000,ZR,handheld,水平,right,recording,充电口朝左,2,-0.412452,-0.216347,9.906164,-0.005931,-0.002231,-0.005690
447658050.000,ZR,handheld,水平,right,recording,充电口朝左,2,-0.401992,-0.239707,9.816798,0.008874,0.003112,-0.002194
447658060.000,ZR,handheld,水平,right,recording,充电口朝左,2,-0.398859,-0.211696,9.794892,0.020507,0.000088,0.004472
447658070.000,ZR,handheld,水平,right,recording,充电口朝左,2,-0.426841,-0.206006,9.771267,0.023240,-0.005517,0.011964
447658080.000,ZR,handheld,水平,right,recording,充电口朝左,2,-0.429265,-0.200428,9.743838,0.017521,-0.003110,0.016772
447658090.000,ZR,handheld,水平,right,recording,充电口朝左,2,-0.440282,-0.179107,9.742022,0.008177,-0.003405,0.016608
447658100.000,ZR,handheld,水平,right,recording,充电口朝左,2,-0.436828,-0.170152,9.727283,-0.003574,-0.002758,0.014137
447658110.000,ZR,handheld,水平,right,recording,充电口朝左,2,-0.426933,-0.145713,9.739104,-0.013974,-0.007998,0.009320
447658120.000,ZR,handheld,水平,right,recording,充电口朝左,2,-0.426910,-0.160607,9.743933,-0.020823,-0.014218,0.005169
447658130.000,ZR,handheld,水平,right,recording,充电口朝左,2,-0.411536,-0.136880,9.763694,-0.022727,-0.018563,0.003333
447658140.000,ZR,handheld,水平,right,recording,充电口朝左,2,-0.412439,-0.151110,9.772387,-0.020954,-0.021941,0.003648
447658150.000,ZR,handheld,水平,right,recording,充电口朝左,2,-0.390797,-0.139064,9.844006,-0.015753,-0.014588,0.005617
447658160.000,ZR,handheld,水平,right,recording,充电口朝左,2,-0.421826,-0.159087,9.794400,-0.010997,-0.012689,0.007399
447658170.000,ZR,handheld,水平,right,recording,充电口朝左,2,-0.425269,-0.186703,9.827267,-0.005350,-0.013086,0.006754
447658180.000,ZR,handheld,水平,right,recording,充电口朝左,2,-0.441229,-0.155207,9.824716,0.001889,-0.014803,0.003659
447658190.000,ZR,handheld,水平,right,recording,充电口朝左,2,-0.455283,-0.152767,9.809323,0.005492,-0.015059,-0.000491
447658200.000,ZR,handheld,水平,right,recording,充电口朝左,2,-0.450667,-0.154576,9.827946,0.007656,-0.008904,-0.004838
447658210.000,ZR,handheld,水平,right,recording,充电口朝左,2,-0.453412,-0.181413,9.819853,0.006011,-0.007105,-0.009083
447658220.000,ZR,handheld,水平,right,recording,充电口朝左,2,-0.444269,-0.181296,9.815123,0.003914,-0.017657,-0.009166
447658230.000,ZR,handheld,水平,right,recording,充电口朝左,2,-0.425826,-0.184873,9.848793,0.001185,-0.021595,-0.005792
447658240.000,ZR,handheld,水平,right,recording,充电口朝左,2,-0.404360,-0.140904,9.882044,-0.000144,-0.011973,-0.002247
447658250.000,ZR,handheld,水平,right,recording,充电口朝左,2,-0.405520,-0.125490,9.874165,-0.003608,-0.007116,0.000869
447658260.000,ZR,handheld,水平,right,recording,充电口朝左,2,-0.383330,-0.141702,9.885473,-0.004035,-0.002618,0.000856
447658270.000,ZR,handheld,水平,right,recording,充电口朝左,2,-0.388664,-0.158491,9.892122,-0.005067,0.003376,-0.001143
447658280.000,ZR,handheld,水平,right,recording,充电口朝左,2,-0.421598,-0.163277,9.849449,-0.007205,0.005023,-0.003974
447658290.000,ZR,handheld,水平,right,recording,充电口朝左,2,-0.405411,-0.163277,9.878926,-0.008901,0.001932,-0.007462
447658300.000,ZR,handheld,水平,right,recording,充电口朝左,2,-0.431560,-0.195781,9.822929,-0.014378,0.002358,-0.008268
447658310.000,ZR,handheld,水平,right,recording,充电口朝左,2,-0.417550,-0.214767,9.803995,-0.019868,0.000764,-0.004907
447658320.000,ZR,handheld,水平,right,recording,充电口朝左,2,-0.433975,-0.209080,9.814785,-0.019786,0.003171,-0.000256
447658330.000,ZR,handheld,水平,right,recording,充电口朝左,2,-0.415710,-0.212949,9.823042,-0.011003,-0.004427,0.007234
447658340.000,ZR,handheld,水平,right,recording,充电口朝左,2,-0.397598,-0.213789,9.866702,-0.002766,0.004866,0.011743
447658350.000,ZR,handheld,水平,right,recording,充电口朝左,2,-0.377179,-0.192924,9.860119,0.009236,0.020760,0.013393
447658360.000,ZR,handheld,水平,right,recording,充电口朝左,2,-0.401906,-0.164328,9.832664,0.019046,0.019648,0.012403
447658370.000,ZR,handheld,水平,right,recording,充电口朝左,2,-0.404802,-0.132829,9.730307,0.017331,0.014695,0.006040
447658380.000,ZR,handheld,水平,right,recording,充电口朝左,2,-0.435116,-0.140512,9.733025,0.014592,0.011592,-0.003099
447658390.000,ZR,handheld,水平,right,recording,充电口朝左,2,-0.438436,-0.168000,9.710444,0.009932,0.008604,-0.013600
447658400.000,ZR,handheld,水平,right,recording,充电口朝左,2,-0.455471,-0.207835,9.704024,0.003340,0.003184,-0.020074
447658410.000,ZR,handheld,水平,right,recording,充电口朝左,2,-0.453954,-0.205926,9.703014,-0.003747,-0.002370,-0.015709
447658420.000,ZR,handheld,水平,right,recording,充电口朝左,2,-0.415675,-0.195973,9.697921,-0.008880,-0.006619,-0.006860
447658430.000,ZR,handheld,水平,right,recording,充电口朝左,2,-0.421002,-0.211488,9.722109,-0.011560,-0.014389,0.002186
447658440.000,ZR,handheld,水平,right,recording,充电口朝左,2,-0.383623,-0.199880,9.756807,-0.009713,-0.011946,0.011181
447658450.000,ZR,handheld,水平,right,recording,充电口朝左,2,-0.386593,-0.190101,9.812182,0.000252,-0.005596,0.013892
447658460.000,ZR,handheld,水平,right,recording,充电口朝左,2,-0.387095,-0.159764,9.791707,0.007743,0.000035,0.008535
447658470.000,ZR,handheld,水平,right,recording,充电口朝左,2,-0.406028,-0.152783,9.785290,0.015809,-0.004107,-0.000566
447658480.000,ZR,handheld,水平,right,recording,充电口朝左,2,-0.416511,-0.180635,9.770337,0.019050,-0.006373,-0.009776
447658490.000,ZR,handheld,水平,right,recording,充电口朝左,2,-0.405150,-0.168134,9.793189,0.020572,-0.001091,-0.020734
447658500.000,ZR,handheld,水平,right,recording,充电口朝左,2,-0.426268,-0.178322,9.819628,0.022629,-0.002784,-0.029380
447658510.000,ZR,handheld,水平,right,recording,充电口朝左,2,-0.396091,-0.190230,9.807002,0.019048,-0.005386,-0.030780
447658520.000,ZR,handheld,水平,right,recording,充电口朝左,2,-0.396928,-0.187711,9.815154,0.014357,-0.008450,-0.023500
447658530.000,ZR,handheld,水平,right,recording,充电口朝左,2,-0.386380,-0.169951,9.847345,0.005475,-0.004433,-0.011957
447658540.000,ZR,handheld,水平,right,recording,充电口朝左,2,-0.392956,-0.193754,9.831376,-0.000054,-0.000243,-0.001603
447658550.000,ZR,handheld,水平,right,recording,充电口朝左,2,-0.392436,-0.192746,9.848665,-0.004139,-0.002702,0.006197
447658560.000,ZR,handheld,水平,right,recording,充电口朝左,2,-0.401958,-0.204568,9.833894,-0.006882,-0.008088,0.008054
447658570.000,ZR,handheld,水平,right,recording,充电口朝左,2,-0.409607,-0.205382,9.845691,-0.008554,-0.004488,0.007922
447658580.000,ZR,handheld,水平,right,recording,充电口朝左,2,-0.417755,-0.203056,9.842317,-0.007547,-0.002005,0.004277
447658590.000,ZR,handheld,水平,right,recording,充电口朝左,2,-0.444423,-0.191910,9.818302,-0.008251,-0.010024,-0.000167
447658600.000,ZR,handheld,水平,right,recording,充电口朝左,2,-0.441521,-0.183235,9.842426,-0.005500,-0.002336,-0.001529
447658610.000,ZR,handheld,水平,right,recording,充电口朝左,2,-0.422387,-0.165923,9.869317,-0.002924,0.007629,-0.004749
447658620.000,ZR,handheld,水平,right,recording,充电口朝左,2,-0.447528,-0.168437,9.819364,-0.002929,0.011140,-0.005273
447658630.000,ZR,handheld,水平,right,recording,充电口朝左,2,-0.450417,-0.184300,9.822214,-0.002282,0.003870,-0.005385
447658640.000,ZR,handheld,水平,right,recording,充电口朝左,2,-0.453095,-0.197211,9.809176,-0.000011,-0.001302,-0.001857
447658650.000,ZR,handheld,水平,right,recording,充电口朝左,2,-0.444154,-0.188568,9.826754,-0.000084,-0.000407,-0.001116
447658660.000,ZR,handheld,水平,right,recording,充电口朝左,2,-0.452771,-0.156581,9.837751,-0.000340,0.004277,0.001538
447658670.000,ZR,handheld,水平,right,recording,充电口朝左,2,-0.441164,-0.182228,9.814944,0.000149,0.004921,0.000967
447658680.000,ZR,handheld,水平,right,recording,充电口朝左,2,-0.413114,-0.217920,9.794308,0.001138,0.005032,-0.005561
447658690.000,ZR,handheld,水平,right,recording,充电口朝左,2,-0.417098,-0.222507,9.806116,-0.000737,0.008136,-0.013308
447658700.000,ZR,handheld,水平,right,recording,充电口朝左,2,-0.426749,-0.196198,9.768709,-0.004778,0.008605,-0.017044
447658710.000,ZR,handheld,水平,right,recording,充电口朝左,2,-0.416352,-0.195821,9.773843,-0.006231,0.005837,-0.016354
447658720.000,ZR,handheld,水平,right,recording,充电口朝左,2,-0.420199,-0.205038,9.769628,-0.005750,-0.002095,-0.007443
447658730.000,ZR,handheld,水平,right,recording,充电口朝左,2,-0.410039,-0.185969,9.794640,-0.001720,-0.001076,0.000380
447658740.000,ZR,handheld,水平,right,recording,充电口朝左,2,-0.398251,-0.198287,9.801627,0.004427,0.003049,0.008188
447658750.000,ZR,handheld,水平,right,recording,充电口朝左,2,-0.422324,-0.203518,9.825170,0.010290,0.004510,0.013854
447658760.000,ZR,handheld,水平,right,recording,充电口朝左,2,-0.419570,-0.197604,9.834618,0.015408,0.005179,0.014946
447658770.000,ZR,handheld,水平,right,recording,充电口朝左,2,-0.422188,-0.233723,9.812362,0.020827,0.008026,0.013925
447658780.000,ZR,handheld,水平,right,recording,充电口朝左,2,-0.443572,-0.190029,9.809330,0.021827,0.012217,0.012295
447658790.000,ZR,handheld,水平,right,recording,充电口朝左,2,-0.463108,-0.204440,9.754291,0.017402,0.007405,0.009960
447658800.000,ZR,handheld,水平,right,recording,充电口朝左,2,-0.405883,-0.154374,9.736416,0.009649,0.006866,0.003114
447658810.000,ZR,handheld,水平,right,recording,充电口朝左,2,-0.451573,-0.128486,9.730183,0.000185,0.001578,-0.000517
447658820.000,ZR,handheld,水平,right,recording,充电口朝左,2,-0.411781,-0.130975,9.768157,-0.007604,-0.003519,-0.004308
447658830.000,ZR,handheld,水平,right,recording,充电口朝左,2,-0.439993,-0.173172,9.788989,-0.016108,-0.003894,-0.006144
447658840.000,ZR,handheld,水平,right,recording,充电口朝左,2,-0.436969,-0.193845,9.777681,-0.022194,-0.000923,-0.005828
447658850.000,ZR,handheld,水平,right,recording,充电口朝左,2,-0.415255,-0.186280,9.805946,-0.017228,-0.006829,-0.000532
447658860.000,ZR,handheld,水平,right,recording,充电口朝左,2,-0.417661,-0.214356,9.814857,-0.008172,-0.002355,0.004228
447658870.000,ZR,handheld,水平,right,recording,充电口朝左,2,-0.407722,-0.193435,9.860677,0.005652,0.005808,0.006122
447658880.000,ZR,handheld,水平,right,recording,充电口朝左,2,-0.412443,-0.234650,9.821850,0.016886,0.006501,0.007609
447658890.000,ZR,handheld,水平,right,recording,充电口朝左,2,-0.411550,-0.220303,9.758345,0.023175,0.003075,0.006304
447658900.000,ZR,handheld,水平,right,recording,充电口朝左,2,-0.416761,-0.186534,9.747370,0.019446,0.001443,0.003834
447658910.000,ZR,handheld,水平,right,recording,充电口朝左,2,-0.434028,-0.183286,9.726513,0.012145,-0.002323,0.003823
447658920.000,ZR,handheld,水平,right,recording,充电口朝左,2,-0.432043,-0.166947,9.736119,0.003029,-0.007755,0.004657
447658930.000,ZR,handheld,水平,right,recording,充电口朝左,2,-0.434320,-0.172892,9.725020,-0.006441,-0.013179,0.004749
447658940.000,ZR,handheld,水平,right,recording,充电口朝左,2,-0.415889,-0.145920,9.774788,-0.010635,-0.011829,0.006581
447658950.000,ZR,handheld,水平,right,recording,充电口朝左,2,-0.418401,-0.157405,9.805472,-0.009256,-0.010774,0.010376
447658960.000,ZR,handheld,水平,right,recording,充电口朝左,2,-0.431476,-0.160585,9.780793,-0.006748,-0.005589,0.015458
447658970.000,ZR,handheld,水平,right,recording,充电口朝左,2,-0.409420,-0.128576,9.806483,-0.002582,-0.008413,0.016476
447658980.000,ZR,handheld,水平,right,recording,充电口朝左,2,-0.419957,-0.139190,9.782756,0.000555,-0.006466,0.014428
447658990.000,ZR,handheld,水平,right,recording,充电口朝左,2,-0.455337,-0.142765,9.786737,0.003360,-0.003304,0.009974
447659000.000,ZR,handheld,水平,right,recording,充电口朝左,2,-0.453349,-0.148980,9.741545,0.000388,-0.008135,0.005097
447659010.000,ZR,handheld,水平,right,recording,充电口朝左,2,-0.476477,-0.157480,9.685834,-0.005271,-0.023670,0.002859
447659020.000,ZR,handheld,水平,right,recording,充电口朝左,2,-0.490633,-0.167148,9.692260,-0.009701,-0.028888,0.001877
447659030.000,ZR,handheld,水平,right,recording,充电口朝左,2,-0.457612,-0.158459,9.760327,-0.006268,-0.026002,0.002483
447659040.000,ZR,handheld,水平,right,recording,充电口朝左,2,-0.409699,-0.143519,9.798415,0.003571,-0.027136,0.002121
447659050.000,ZR,handheld,水平,right,recording,充电口朝左,2,-0.429318,-0.156172,9.838804,0.013249,-0.013688,0.000426
447659060.000,ZR,handheld,水平,right,recording,充电口朝左,2,-0.402911,-0.175465,9.826878,0.021806,-0.004194,-0.004283
447659070.000,ZR,handheld,水平,right,recording,充电口朝左,2,-0.423274,-0.166245,9.830795,0.027760,-0.004970,-0.005387
447659080.000,ZR,handheld,水平,right,recording,充电口朝左,2,-0.402547,-0.156985,9.828220,0.028987,-0.002486,-0.003062
447659090.000,ZR,handheld,水平,right,recording,充电口朝左,2,-0.413790,-0.133078,9.793824,0.022420,-0.000888,0.001202
447659100.000,ZR,handheld,水平,right,recording,充电口朝左,2,-0.404905,-0.144072,9.789803,0.014744,-0.005903,0.005164
447659110.000,ZR,handheld,水平,right,recording,充电口朝左,2,-0.401659,-0.137233,9.818240,0.006802,-0.012120,0.005954
447659120.000,ZR,handheld,水平,right,recording,充电口朝左,2,-0.383530,-0.154172,9.819719,-0.002735,-0.013991,0.001361
447659130.000,ZR,handheld,水平,right,recording,充电口朝左,2,-0.382903,-0.158525,9.837792,-0.007578,-0.015126,-0.002802
447659140.000,ZR,handheld,水平,right,recording,充电口朝左,2,-0.402383,-0.120049,9.846542,-0.011506,-0.013253,-0.004659
447659150.000,ZR,handheld,水平,right,recording,充电口朝左,2,-0.400569,-0.154246,9.857357,-0.013311,-0.009383,-0.003389
447659160.000,ZR,handheld,水平,right,recording,充电口朝左,2,-0.408369,-0.165225,9.855440,-0.011769,-0.011424,-0.001373
447659170.000,ZR,handheld,水平,right,recording,充电口朝左,2,-0.397998,-0.179195,9.858127,-0.007881,-0.007878,0.000332
447659180.000,ZR,handheld,水平,right,recording,充电口朝左,2,-0.399337,-0.149477,9.868741,-0.005801,0.000768,0.002181
447659190.000,ZR,handheld,水平,right,recording,充电口朝左,2,-0.407212,-0.154422,9.783922,-0.007748,0.003830,0.002288
447659200.000,ZR,handheld,水平,right,recording,充电口朝左,2,-0.407112,-0.152095,9.818484,-0.007496,0.004887,0.001677
447659210.000,ZR,handheld,水平,right,recording,充电口朝左,2,-0.443419,-0.165232,9.768332,-0.008214,0.003178,-0.001011
447659220.000,ZR,handheld,水平,right,recording,充电口朝左,2,-0.443167,-0.173113,9.727327,-0.012418,0.000600,-0.002915
447659230.000,ZR,handheld,水平,right,recording,充电口朝左,2,-0.460707,-0.198307,9.709601,-0.014768,-0.011839,-0.005732
447659240.000,ZR,handheld,水平,right,recording,充电口朝左,2,-0.436166,-0.218676,9.730948,-0.013842,-0.018689,-0.008645
447659250.000,ZR,handheld,水平,right,recording,充电口朝左,2,-0.407206,-0.201230,9.793069,-0.008013,-0.012207,-0.010246
447659260.000,ZR,handheld,水平,right,recording,充电口朝左,2,-0.380123,-0.191268,9.772784,-0.000712,-0.011616,-0.012937
447659270.000,ZR,handheld,水平,right,recording,充电口朝左,2,-0.353668,-0.198342,9.783625,0.008133,-0.006180,-0.012822
447659280.000,ZR,handheld,水平,right,recording,充电口朝左,2,-0.370350,-0.210419,9.792495,0.017133,-0.005689,-0.011010
447659290.000,ZR,handheld,水平,right,recording,充电口朝左,2,-0.369246,-0.221621,9.777564,0.022430,-0.006273,-0.007973
447659300.000,ZR,handheld,水平,right,recording,充电口朝左,2,-0.386008,-0.203769,9.772585,0.020481,-0.003503,-0.003542
447659310.000,ZR,handheld,水平,right,recording,充电口朝左,2,-0.388426,-0.172238,9.767846,0.015697,-0.008082,0.000381
447659320.000,ZR,handheld,水平,right,recording,充电口朝左,2,-0.396213,-0.171088,9.777451,0.007555,-0.011297,0.002663
447659330.000,ZR,handheld,水平,right,recording,充电口朝左,2,-0.386079,-0.145688,9.766338,-0.001173,-0.008196,0.003291
447659340.000,ZR,handheld,水平,right,recording,充电口朝左,2,-0.386039,-0.146234,9.776520,-0.008188,-0.016746,0.004905
447659350.000,ZR,handheld,水平,right,recording,充电口朝左,2,-0.375540,-0.153117,9.778376,-0.008225,-0.023248,0.006101
447659360.000,ZR,handheld,水平,right,recording,充电口朝左,2,-0.372439,-0.167966,9.796161,-0.010759,-0.029550,0.005926
447659370.000,ZR,handheld,水平,right,recording,充电口朝左,2,-0.366157,-0.180227,9.797424,-0.008470,-0.025884,0.003948
447659380.000,ZR,handheld,水平,right,recording,充电口朝左,2,-0.364015,-0.188014,9.829771,-0.005580,-0.023661,0.002498
447659390.000,ZR,handheld,水平,right,recording,充电口朝左,2,-0.365686,-0.181780,9.809015,-0.000938,-0.019619,0.000337
447659400.000,ZR,handheld,水平,right,recording,充电口朝左,2,-0.366651,-0.175995,9.813323,0.005492,-0.018117,-0.001150
447659410.000,ZR,handheld,水平,right,recording,充电口朝左,2,-0.356234,-0.186683,9.855641,0.015916,-0.019801,-0.001204
447659420.000,ZR,handheld,水平,right,recording,充电口朝左,2,-0.346465,-0.163404,9.867925,0.024756,-0.009071,-0.001579
447659430.000,ZR,handheld,水平,right,recording,充电口朝左,2,-0.361932,-0.140610,9.868713,0.028264,0.008352,-0.000747
447659440.000,ZR,handheld,水平,right,recording,充电口朝左,2,-0.373917,-0.127386,9.822450,0.025641,0.005013,0.000804
447659450.000,ZR,handheld,水平,right,recording,充电口朝左,2,-0.382618,-0.166614,9.758968,0.016308,-0.005059,0.000788
447659460.000,ZR,handheld,水平,right,recording,充电口朝左,2,-0.393860,-0.156943,9.764972,0.002175,-0.011623,-0.000105
447659470.000,ZR,handheld,水平,right,recording,充电口朝左,2,-0.385878,-0.174381,9.790286,-0.009303,-0.021398,-0.002692
447659480.000,ZR,handheld,水平,right,recording,充电口朝左,2,-0.396755,-0.185584,9.817861,-0.015504,-0.021389,-0.002723
447659490.000,ZR,handheld,水平,right,recording,充电口朝左,2,-0.396698,-0.162408,9.866514,-0.015001,-0.010601,0.000685
447659500.000,ZR,handheld,水平,right,recording,充电口朝左,2,-0.380836,-0.157007,9.861691,-0.009705,-0.009445,0.007327
447659510.000,ZR,handheld,水平,right,recording,充电口朝左,2,-0.375874,-0.117788,9.857071,-0.002133,-0.011767,0.010445
447659520.000,ZR,handheld,水平,right,recording,充电口朝左,2,-0.352184,-0.147744,9.829915,0.005323,-0.015305,0.005143
447659530.000,ZR,handheld,水平,right,recording,充电口朝左,2,-0.368953,-0.128152,9.877186,0.010031,-0.006403,-0.004336
447659540.000,ZR,handheld,水平,right,recording,充电口朝左,2,-0.370303,-0.146618,9.848662,0.011360,0.001124,-0.014509
447659550.000,ZR,handheld,水平,right,recording,充电口朝左,2,-0.404806,-0.165781,9.830320,0.008485,0.005008,-0.019642
447659560.000,ZR,handheld,水平,right,recording,充电口朝左,2,-0.381838,-0.186442,9.809004,0.006947,0.005265,-0.019038
447659570.000,ZR,handheld,水平,right,recording,充电口朝左,2,-0.396694,-0.213663,9.808798,0.003472,-0.007533,-0.012807
447659580.000,ZR,handheld,水平,right,recording,充电口朝左,2,-0.366531,-0.225168,9.800370,-0.002918,-0.010656,-0.006103
447659590.000,ZR,handheld,水平,right,recording,充电口朝左,2,-0.359290,-0.214777,9.800232,-0.007242,-0.009493,0.002096
447659600.000,ZR,handheld,水平,right,recording,充电口朝左,2,-0.358761,-0.239849,9.796912,-0.010466,-0.007711,0.011580
447659610.000,ZR,handheld,水平,right,recording,充电口朝左,2,-0.339827,-0.227562,9.809882,-0.010778,-0.011478,0.018179
447659620.000,ZR,handheld,水平,right,recording,充电口朝左,2,-0.332038,-0.214228,9.793533,-0.007555,-0.014451,0.023690
447659630.000,ZR,handheld,水平,right,recording,充电口朝左,2,-0.343048,-0.191685,9.817125,-0.003207,-0.011176,0.026546
447659640.000,ZR,handheld,水平,right,recording,充电口朝左,2,-0.360295,-0.197644,9.789064,-0.001558,-0.009946,0.026782
447659650.000,ZR,handheld,水平,right,recording,充电口朝左,2,-0.347204,-0.179263,9.768223,0.001589,-0.004225,0.022726
447659660.000,ZR,handheld,水平,right,recording,充电口朝左,2,-0.359369,-0.178963,9.805103,0.004165,-0.002895,0.016334
447659670.000,ZR,handheld,水平,right,recording,充电口朝左,2,-0.369024,-0.188841,9.774778,0.008289,0.000025,0.009749
447659680.000,ZR,handheld,水平,right,recording,充电口朝左,2,-0.366175,-0.179335,9.800527,0.011375,0.000569,0.002642
447659690.000,ZR,handheld,水平,right,recording,充电口朝左,2,-0.358493,-0.159647,9.738218,0.012351,-0.004883,-0.001193
447659700.000,ZR,handheld,水平,right,recording,充电口朝左,2,-0.361876,-0.182057,9.793499,0.013466,-0.008925,-0.002381
447659710.000,ZR,handheld,水平,right,recording,充电口朝左,2,-0.365828,-0.165120,9.798017,0.013263,-0.007612,-0.000668
447659720.000,ZR,handheld,水平,right,recording,充电口朝左,2,-0.360255,-0.163746,9.770272,0.010185,-0.008303,0.004344
447659730.000,ZR,handheld,水平,right,recording,充电口朝左,2,-0.358606,-0.157090,9.803029,0.002089,-0.012461,0.008153
447659740.000,ZR,handheld,水平,right,recording,充电口朝左,2,-0.356955,-0.175851,9.793703,-0.005818,-0.008726,0.012404
447659750.000,ZR,handheld,水平,right,recording,充电口朝左,2,-0.336402,-0.171650,9.844228,-0.008210,-0.005947,0.013806
447659760.000,ZR,handheld,水平,right,recording,充电口朝左,2,-0.335256,-0.154599,9.812194,-0.010923,-0.009773,0.012596
447659770.000,ZR,handheld,水平,right,recording,充电口朝左,2,-0.334363,-0.137664,9.813421,-0.014050,-0.014373,0.008795
447659780.000,ZR,handheld,水平,right,recording,充电口朝左,2,-0.340878,-0.149702,9.853126,-0.010799,-0.011465,0.004762
447659790.000,ZR,handheld,水平,right,recording,充电口朝左,2,-0.339252,-0.150103,9.848166,-0.005426,0.001590,0.001042
447659800.000,ZR,handheld,水平,right,recording,充电口朝左,2,-0.357471,-0.167174,9.856715,0.001851,0.007124,0.002022
447659810.000,ZR,handheld,水平,right,recording,充电口朝左,2,-0.335320,-0.128901,9.829795,0.010656,0.001111,0.004385
447659820.000,ZR,handheld,水平,right,recording,充电口朝左,2,-0.359112,-0.133128,9.832316,0.016163,-0.002019,0.007304
447659830.000,ZR,handheld,水平,right,recording,充电口朝左,2,-0.358685,-0.116847,9.851982,0.020384,0.004602,0.007231
447659840.000,ZR,handheld,水平,right,recording,充电口朝左,2,-0.383288,-0.133731,9.825622,0.018286,0.006965,0.004258
447659850.000,ZR,handheld,水平,right,recording,充电口朝左,2,-0.380469,-0.112004,9.773073,0.008297,0.007947,0.001070
447659860.000,ZR,handheld,水平,right,recording,充电口朝左,2,-0.380234,-0.098492,9.777809,0.002186,-0.002057,0.002708
447659870.000,ZR,handheld,水平,right,recording,充电口朝左,2,-0.399526,-0.097793,9.754998,-0.005646,-0.012168,0.005787
447659880.000,ZR,handheld,水平,right,recording,充电口朝左,2,-0.383830,-0.094896,9.784938,-0.008076,-0.014776,0.006404
447659890.000,ZR,handheld,水平,right,recording,充电口朝左,2,-0.393025,-0.124512,9.850564,-0.005469,-0.006772,0.003693
447659900.000,ZR,handheld,水平,right,recording,充电口朝左,2,-0.346151,-0.131963,9.856561,-0.001007,0.007225,-0.003838
447659910.000,ZR,handheld,水平,right,recording,充电口朝左,2,-0.359053,-0.139719,9.821523,0.007998,0.010942,-0.009958
447659920.000,ZR,handheld,水平,right,recording,充电口朝左,2,-0.330735,-0.116939,9.843402,0.016240,0.013639,-0.011985
447659930.000,ZR,handheld,水平,right,recording,充电口朝左,2,-0.377387,-0.154983,9.780894,0.019360,0.011121,-0.008808
447659940.000,ZR,handheld,水平,right,recording,充电口朝左,2,-0.359810,-0.170692,9.785567,0.016249,0.010465,-0.004252
447659950.000,ZR,handheld,水平,right,recording,充电口朝左,2,-0.365645,-0.181786,9.745690,0.009238,-0.000373,-0.001245
447659960.000,ZR,handheld,水平,right,recording,充电口朝左,2,-0.346531,-0.176400,9.732748,-0.002466,-0.015078,-0.000044
447659970.000,ZR,handheld,水平,right,recording,充电口朝左,2,-0.331109,-0.161916,9.817042,-0.006170,-0.010192,-0.000776
447659980.000,ZR,handheld,水平,right,recording,充电口朝左,2,-0.343173,-0.144714,9.831001,-0.011935,-0.004745,-0.001195
447659990.000,ZR,handheld,水平,right,recording,充电口朝左,2,-0.323832,-0.160175,9.785496,-0.017033,-0.005703,-0.001204
447660000.000,ZR,handheld,水平,right,recording,充电口朝左,2,-0.320772,-0.142782,9.792820,-0.016182,-0.009368,-0.001124
447660010.000,ZR,handheld,水平,right,recording,充电口朝左,2,-0.336391,-0.178782,9.790564,-0.012096,-0.012052,-0.000217
447660020.000,ZR,handheld,水平,right,recording,充电口朝左,2,-0.359442,-0.172389,9.838801,-0.003190,-0.003998,0.003456
447660030.000,ZR,handheld,水平,right,recording,充电口朝左,2,-0.366117,-0.136412,9.803465,0.004909,0.004588,0.005851
447660040.000,ZR,handheld,水平,right,recording,充电口朝左,2,-0.358736,-0.148710,9.754288,0.010547,-0.000593,0.005404
447660050.000,ZR,handheld,水平,right,recording,充电口朝左,2,-0.371473,-0.184051,9.762051,0.014054,-0.004763,0.003440
447660060.000,ZR,handheld,水平,right,recording,充电口朝左,2,-0.359542,-0.159644,9.811843,0.015705,-0.000356,0.001006
447660070.000,ZR,handheld,水平,right,recording,充电口朝左,2,-0.373009,-0.148819,9.770917,0.009774,0.000271,-0.001421
447660080.000,ZR,handheld,水平,right,recording,充电口朝左,2,-0.354593,-0.133534,9.757178,-0.000647,0.001058,-0.003405
447660090.000,ZR,handheld,水平,right,recording,充电口朝左,2,-0.351741,-0.124386,9.813228,-0.003420,0.000167,-0.004389
447660100.000,ZR,handheld,水平,right,recording,充电口朝左,2,-0.380001,-0.119804,9.802759,-0.006329,0.000407,-0.002410
447660110.000,ZR,handheld,水平,right,recording,充电口朝左,2,-0.388447,-0.105271,9.785696,-0.008626,-0.000995,-0.001382
447660120.000,ZR,handheld,水平,right,recording,充电口朝左,2,-0.394071,-0.134428,9.749714,-0.015493,-0.007492,-0.001733
447660130.000,ZR,handheld,水平,right,recording,充电口朝左,2,-0.382734,-0.142950,9.714898,-0.022473,-0.012019,-0.005532
447660140.000,ZR,handheld,水平,right,recording,充电口朝左,2,-0.396207,-0.178301,9.734132,-0.025664,-0.016678,-0.010221
447660150.000,ZR,handheld,水平,right,recording,充电口朝左,2,-0.381872,-0.175277,9.742010,-0.025055,-0.016501,-0.014649
447660160.000,ZR,handheld,水平,right,recording,充电口朝左,2,-0.345452,-0.220604,9.756357,-0.018897,-0.020511,-0.019502
447660170.000,ZR,handheld,水平,right,recording,充电口朝左,2,-0.357157,-0.234282,9.794689,-0.008547,-0.015816,-0.019867
447660180.000,ZR,handheld,水平,right,recording,充电口朝左,2,-0.326341,-0.238722,9.822193,0.005343,-0.002393,-0.016097
447660190.000,ZR,handheld,水平,right,recording,充电口朝左,2,-0.342845,-0.210247,9.830059,0.021607,0.002161,-0.006527
447660200.000,ZR,handheld,水平,right,recording,充电口朝左,2,-0.333189,-0.200736,9.828787,0.031609,-0.002278,0.002285
447660210.000,ZR,handheld,水平,right,recording,充电口朝左,2,-0.362509,-0.170111,9.810456,0.034651,-0.006427,0.008978
447660220.000,ZR,handheld,水平,right,recording,充电口朝左,2,-0.342156,-0.138426,9.799197,0.027222,-0.007260,0.009730
447660230.000,ZR,handheld,水平,right,recording,充电口朝左,2,-0.374300,-0.145603,9.791038,0.014063,-0.010907,0.006833
447660240.000,ZR,handheld,水平,right,recording,充电口朝左,2,-0.344437,-0.135238,9.787877,-0.001362,-0.008704,-0.001039
447660250.000,ZR,handheld,水平,right,recording,充电口朝左,2,-0.349218,-0.133512,9.825235,-0.014232,-0.011058,-0.007432
447660260.000,ZR,handheld,水平,right,recording,充电口朝左,2,-0.326580,-0.142877,9.844196,-0.019752,-0.012489,-0.011190
447660270.000,ZR,handheld,水平,right,recording,充电口朝左,2,-0.342744,-0.133851,9.898988,-0.018145,-0.004349,-0.007884
447660280.000,ZR,handheld,水平,right,recording,充电口朝左,2,-0.329143,-0.136977,9.876133,-0.009584,0.001522,-0.002793
447660290.000,ZR,handheld,水平,right,recording,充电口朝左,2,-0.349997,-0.162122,9.860933,-0.001523,-0.003877,0.001843
447660300.000,ZR,handheld,水平,right,recording,充电口朝左,2,-0.355419,-0.151943,9.802879,-0.000338,-0.002409,0.002761
447660310.000,ZR,handheld,水平,right,recording,充电口朝左,2,-0.376219,-0.162629,9.824426,-0.001696,0.002918,0.001698
447660320.000,ZR,handheld,水平,right,recording,充电口朝左,2,-0.376031,-0.198671,9.808615,-0.003406,0.000798,0.001114
447660330.000,ZR,handheld,水平,right,recording,充电口朝左,2,-0.356751,-0.154783,9.780345,-0.006035,-0.009970,0.002029
447660340.000,ZR,handheld,水平,right,recording,充电口朝左,2,-0.357281,-0.149445,9.793496,-0.010482,-0.009507,0.002602
447660350.000,ZR,handheld,水平,right,recording,充电口朝左,2,-0.373342,-0.179319,9.811985,-0.010105,-0.007795,0.002299
447660360.000,ZR,handheld,水平,right,recording,充电口朝左,2,-0.364268,-0.183192,9.832525,-0.006014,-0.006491,-0.000711
447660370.000,ZR,handheld,水平,right,recording,充电口朝左,2,-0.335263,-0.173267,9.824979,-0.000050,-0.003966,-0.002869
447660380.000,ZR,handheld,水平,right,recording,充电口朝左,2,-0.336117,-0.175800,9.858423,0.006932,0.001145,-0.004391
447660390.000,ZR,handheld,水平,right,recording,充电口朝左,2,-0.332937,-0.186905,9.864026,0.013860,0.007009,-0.003780
447660400.000,ZR,handheld,水平,right,recording,充电口朝左,2,-0.332981,-0.195052,9.826477,0.018493,0.005538,-0.002475
447660410.000,ZR,handheld,水平,right,recording,充电口朝左,2,-0.311765,-0.186662,9.820328,0.016419,0.005656,-0.000228
447660420.000,ZR,handheld,水平,right,recording,充电口朝左,2,-0.329070,-0.178905,9.822973,0.012054,0.008689,0.004633
447660430.000,ZR,handheld,水平,right,recording,充电口朝左,2,-0.339044,-0.180764,9.776875,0.003844,0.010489,0.008979
447660440.000,ZR,handheld,水平,right,recording,充电口朝左,2,-0.343295,-0.188290,9.748235,-0.002136,-0.000105,0.010249
447660450.000,ZR,handheld,水平,right,recording,充电口朝左,2,-0.351176,-0.210543,9.796174,-0.005284,-0.006455,0.007653
447660460.000,ZR,handheld,水平,right,recording,充电口朝左,2,-0.344834,-0.207800,9.813551,-0.005603,-0.007027,0.001561
447660470.000,ZR,handheld,水平,right,recording,充电口朝左,2,-0.342483,-0.189748,9.827436,-0.004764,-0.003414,-0.000976
447660480.000,ZR,handheld,水平,right,recording,充电口朝左,2,-0.319020,-0.158600,9.820741,0.000652,-0.001853,-0.001204
447660490.000,ZR,handheld,水平,right,recording,充电口朝左,2,-0.325356,-0.150375,9.848652,0.005659,-0.000830,0.001120
447660500.000,ZR,handheld,水平,right,recording,充电口朝左,2,-0.343133,-0.154887,9.836264,0.008107,0.005138,0.005171
447660510.000,ZR,handheld,水平,right,recording,充电口朝左,2,-0.333199,-0.130905,9.843623,0.007551,0.011396,0.007740
447660520.000,ZR,handheld,水平,right,recording,充电口朝左,2,-0.348553,-0.116412,9.789313,0.004529,0.005048,0.006496
447660530.000,ZR,handheld,水平,right,recording,充电口朝左,2,-0.366422,-0.134505,9.805590,-0.002622,0.006715,0.004043
447660540.000,ZR,handheld,水平,right,recording,充电口朝左,2,-0.366010,-0.145361,9.797661,-0.008532,0.004378,0.002244
447660550.000,ZR,handheld,水平,right,recording,充电口朝左,2,-0.343608,-0.137995,9.761435,-0.014124,-0.002321,0.001225
447660560.000,ZR,handheld,水平,right,recording,充电口朝左,2,-0.322149,-0.137376,9.762228,-0.018241,-0.004779,-0.001264
447660570.000,ZR,handheld,水平,right,recording,充电口朝左,2,-0.337124,-0.154896,9.800857,-0.017104,-0.005020,-0.002295
447660580.000,ZR,handheld,水平,right,recording,充电口朝左,2,-0.326057,-0.191806,9.777613,-0.011818,0.000244,-0.004424
447660590.000,ZR,handheld,水平,right,recording,充电口朝左,2,-0.323725,-0.190151,9.823704,-0.001643,-0.000043,-0.003378
447660600.000,ZR,handheld,水平,right,recording,充电口朝左,2,-0.315716,-0.169131,9.819151,0.007138,-0.000410,-0.001056
447660610.000,ZR,handheld,水平,right,recording,充电口朝左,2,-0.327317,-0.190367,9.786348,0.012331,0.002671,0.003587
447660620.000,ZR,handheld,水平,right,recording,充电口朝左,2,-0.323655,-0.164889,9.830884,0.018370,0.008500,0.008439
447660630.000,ZR,handheld,水平,right,recording,充电口朝左,2,-0.322151,-0.161794,9.793379,0.022943,0.005454,0.011476
447660640.000,ZR,handheld,水平,right,recording,充电口朝左,2,-0.314246,-0.123244,9.779976,0.021003,0.000810,0.009711
447660650.000,ZR,handheld,水平,right,recording,充电口朝左,2,-0.335716,-0.143728,9.772100,0.017060,-0.005585,0.005119
447660660.000,ZR,handheld,水平,right,recording,充电口朝左,2,-0.330842,-0.137537,9.839337,0.016125,0.000939,-0.000394
447660670.000,ZR,handheld,水平,right,recording,充电口朝左,2,-0.323302,-0.107675,9.827218,0.010703,0.007673,-0.003003
447660680.000,ZR,handheld,水平,right,recording,充电口朝左,2,-0.322703,-0.108536,9.779983,0.004160,0.003520,-0.006827
447660690.000,ZR,handheld,水平,right,recording,充电口朝左,2,-0.324441,-0.152558,9.811669,0.002476,-0.000160,-0.008063
447660700.000,ZR,handheld,水平,right,recording,充电口朝左,2,-0.339641,-0.143891,9.798406,0.000052,-0.004844,-0.005035
447660710.000,ZR,handheld,水平,right,recording,充电口朝左,2,-0.343198,-0.113800,9.764875,-0.003691,-0.001235,-0.000780
447660720.000,ZR,handheld,水平,right,recording,充电口朝左,2,-0.334243,-0.123575,9.810611,-0.000754,-0.000561,0.004101
447660730.000,ZR,handheld,水平,right,recording,充电口朝左,2,-0.344465,-0.166271,9.788096,0.001801,-0.002611,0.007006
447660740.000,ZR,handheld,水平,right,recording,充电口朝左,2,-0.337087,-0.169167,9.798781,0.003283,-0.004490,0.007096
447660750.000,ZR,handheld,水平,right,recording,充电口朝左,2,-0.356797,-0.164300,9.782515,0.005324,-0.006114,0.007464
447660760.000,ZR,handheld,水平,right,recording,充电口朝左,2,-0.365297,-0.168788,9.804842,0.010273,-0.003219,0.007516
447660770.000,ZR,handheld,水平,right,recording,充电口朝左,2,-0.374083,-0.174335,9.826962,0.014635,-0.000362,0.009366
447660780.000,ZR,handheld,水平,right,recording,充电口朝左,2,-0.365823,-0.151617,9.799858,0.019556,0.008338,0.010284
447660790.000,ZR,handheld,水平,right,recording,充电口朝左,2,-0.375620,-0.124295,9.799846,0.023528,0.008484,0.011134
447660800.000,ZR,handheld,水平,right,recording,充电口朝左,2,-0.385621,-0.096736,9.767614,0.023299,0.001109,0.005429
447660810.000,ZR,handheld,水平,right,recording,充电口朝左,2,-0.383665,-0.114455,9.794123,0.020782,-0.001248,-0.002981
447660820.000,ZR,handheld,水平,right,recording,充电口朝左,2,-0.400529,-0.110714,9.824029,0.017364,-0.000346,-0.014689
447660830.000,ZR,handheld,水平,right,recording,充电口朝左,2,-0.367431,-0.120115,9.819366,0.012684,-0.000399,-0.023916
447660840.000,ZR,handheld,水平,right,recording,充电口朝左,2,-0.375680,-0.118068,9.817058,0.006991,0.003217,-0.025104
447660850.000,ZR,handheld,水平,right,recording,充电口朝左,2,-0.350061,-0.149486,9.807004,0.004437,0.001981,-0.016691
447660860.000,ZR,handheld,水平,right,recording,充电口朝左,2,-0.335444,-0.195746,9.819465,0.005048,-0.000303,-0.005248
447660870.000,ZR,handheld,水平,right,recording,充电口朝左,2,-0.344856,-0.200725,9.807983,0.004198,0.001236,0.007182
447660880.000,ZR,handheld,水平,right,recording,充电口朝左,2,-0.327877,-0.219846,9.794579,0.004605,-0.000948,0.016844
447660890.000,ZR,handheld,水平,right,recording,充电口朝左,2,-0.310558,-0.196080,9.772654,0.000928,-0.000130,0.020907
447660900.000,ZR,handheld,水平,right,recording,充电口朝左,2,-0.323947,-0.209050,9.804021,0.001044,-0.004036,0.020875
447660910.000,ZR,handheld,水平,right,recording,充电口朝左,2,-0.334058,-0.176154,9.850041,0.002676,-0.007418,0.016989
447660920.000,ZR,handheld,水平,right,recording,充电口朝左,2,-0.313932,-0.169122,9.838741,0.003077,-0.001277,0.010775
447660930.000,ZR,handheld,水平,right,recording,充电口朝左,2,-0.328731,-0.153828,9.875007,0.006199,0.005603,0.008071
447660940.000,ZR,handheld,水平,right,recording,充电口朝左,2,-0.343984,-0.133792,9.852617,0.013126,0.003412,0.011380
447660950.000,ZR,handheld,水平,right,recording,充电口朝左,2,-0.359216,-0.107758,9.842390,0.017136,0.000643,0.017961
447660960.000,ZR,handheld,水平,right,recording,充电口朝左,2,-0.357256,-0.083689,9.847179,0.019754,0.007766,0.025224
447660970.000,ZR,handheld,水平,right,recording,充电口朝左,2,-0.386008,-0.065903,9.786946,0.016555,0.006567,0.028512
447660980.000,ZR,handheld,水平,right,recording,充电口朝左,2,-0.388635,-0.071938,9.731366,0.008115,-0.000507,0.025391
447660990.000,ZR,handheld,水平,right,recording,充电口朝左,2,-0.387858,-0.065116,9.770334,0.001506,0.001651,0.016408
447661000.000,ZR,handheld,水平,right,recording,充电口朝左,2,-0.389011,-0.044517,9.757800,-0.006264,0.004009,0.005403
447661010.000,ZR,handheld,水平,right,recording,充电口朝左,2,-0.364809,-0.048087,9.749495,-0.012347,0.000989,-0.005929
447661020.000,ZR,handheld,水平,right,recording,充电口朝左,2,-0.373815,-0.060390,9.793803,-0.012475,-0.001093,-0.014412
447661030.000,ZR,handheld,水平,right,recording,充电口朝左,2,-0.369899,-0.090845,9.753561,-0.013344,0.001914,-0.014712
447661040.000,ZR,handheld,水平,right,recording,充电口朝左,2,-0.351104,-0.065532,9.738295,-0.012732,0.002317,-0.007814
447661050.000,ZR,handheld,水平,right,recording,充电口朝左,2,-0.368086,-0.096862,9.715125,-0.007594,-0.008157,0.003265
447661060.000,ZR,handheld,水平,right,recording,充电口朝左,2,-0.368794,-0.139619,9.746498,-0.003525,-0.002752,0.008888
447661070.000,ZR,handheld,水平,right,recording,充电口朝左,2,-0.363935,-0.186348,9.732398,0.001939,-0.008402,0.004458
447661080.000,ZR,handheld,水平,right,recording,充电口朝左,2,-0.325730,-0.178221,9.751316,0.007621,-0.008958,-0.004208
447661090.000,ZR,handheld,水平,right,recording,充电口朝左,2,-0.342650,-0.167957,9.766192,0.011308,-0.003590,-0.014127
447661100.000,ZR,handheld,水平,right,recording,充电口朝左,2,-0.327226,-0.176211,9.776128,0.014642,-0.002784,-0.020341
447661110.000,ZR,handheld,水平,right,recording,充电口朝左,2,-0.338546,-0.173541,9.807336,0.022050,-0.008578,-0.016168
447661120.000,ZR,handheld,水平,right,recording,充电口朝左,2,-0.322514,-0.176972,9.808987,0.026070,-0.006705,-0.008059
447661130.000,ZR,handheld,水平,right,recording,充电口朝左,2,-0.345888,-0.162250,9.830804,0.029464,-0.008817,0.003534
447661140.000,ZR,handheld,水平,right,recording,充电口朝左,2,-0.321793,-0.133001,9.840093,0.029261,-0.006444,0.015023
447661150.000,ZR,handheld,水平,right,recording,充电口朝左,2,-0.319429,-0.076885,9.842021,0.024766,-0.002873,0.019811
447661160.000,ZR,handheld,水平,right,recording,充电口朝左,2,-0.350007,-0.061170,9.829267,0.016275,-0.001555,0.017244
447661170.000,ZR,handheld,水平,right,recording,充电口朝左,2,-0.351358,-0.078699,9.816407,0.004679,-0.002930,0.006628
447661180.000,ZR,handheld,水平,right,recording,充电口朝左,2,-0.353528,-0.081590,9.805536,-0.003673,-0.005344,-0.004856
447661190.000,ZR,handheld,水平,right,recording,充电口朝左,2,-0.344931,-0.085576,9.848730,-0.005886,-0.009924,-0.012764
447661200.000,ZR,handheld,水平,right,recording,充电口朝左,2,-0.354772,-0.095906,9.830256,-0.004433,-0.008024,-0.011833
447661210.000,ZR,handheld,水平,right,recording,充电口朝左,2,-0.332209,-0.087752,9.843593,-0.001841,-0.008304,-0.005970
447661220.000,ZR,handheld,水平,right,recording,充电口朝左,2,-0.320231,-0.121090,9.815076,-0.000174,-0.005355,-0.000698
447661230.000,ZR,handheld,水平,right,recording,充电口朝左,2,-0.335100,-0.135877,9.867831,0.003287,-0.000127,0.002449
447661240.000,ZR,handheld,水平,right,recording,充电口朝左,2,-0.322833,-0.162455,9.871394,0.008205,0.003893,0.001032
447661250.000,ZR,handheld,水平,right,recording,充电口朝左,2,-0.355776,-0.157363,9.840756,0.008117,0.003759,0.000131
447661260.000,ZR,handheld,水平,right,recording,充电口朝左,2,-0.344504,-0.131977,9.803136,0.004502,0.008972,-0.001153
447661270.000,ZR,handheld,水平,right,recording,充电口朝左,2,-0.371421,-0.144134,9.805701,0.000695,0.005112,-0.001204
447661280.000,ZR,handheld,水平,right,recording,充电口朝左,2,-0.354932,-0.129126,9.772893,-0.003935,-0.000389,0.001196
447661290.000,ZR,handheld,水平,right,recording,充电口朝左,2,-0.357262,-0.131205,9.814695,-0.005252,0.002220,0.002795
447661300.000,ZR,handheld,水平,right,recording,充电口朝左,2,-0.357303,-0.145350,9.811741,-0.003037,0.000544,0.005173
447661310.000,ZR,handheld,水平,right,recording,充电口朝左,2,-0.355009,-0.133110,9.854086,0.000291,0.002682,0.007109
447661320.000,ZR,handheld,水平,right,recording,充电口朝左,2,-0.330941,-0.115774,9.822849,0.002096,0.012544,0.006771
447661330.000,ZR,handheld,水平,right,recording,充电口朝左,2,-0.352337,-0.167763,9.817693,0.002749,0.008970,0.005168
447661340.000,ZR,handheld,水平,right,recording,充电口朝左,2,-0.336519,-0.161508,9.774905,0.001189,0.007999,0.003334
447661350.000,ZR,handheld,水平,right,recording,充电口朝左,2,-0.339012,-0.135191,9.756074,-0.001077,0.004176,0.000832
447661360.000,ZR,handheld,水平,right,recording,充电口朝左,2,-0.325512,-0.122178,9.760944,-0.006769,0.000000,-0.001637
447661370.000,ZR,handheld,水平,right,recording,充电口朝左,2,-0.343507,-0.181802,9.792351,-0.008943,-0.000925,-0.002664
447661380.000,ZR,handheld,水平,right,recording,充电口朝左,2,-0.306418,-0.165438,9.818898,-0.007959,-0.004216,-0.000602
447661390.000,ZR,handheld,水平,right,recording,充电口朝左,2,-0.294036,-0.146215,9.805595,-0.007593,-0.004181,0.007205
447661400.000,ZR,handheld,水平,right,recording,充电口朝左,2,-0.281877,-0.129818,9.837913,-0.005226,-0.000449,0.017165
447661410.000,ZR,handheld,水平,right,recording,充电口朝左,2,-0.305064,-0.126314,9.844029,0.001224,0.001104,0.025844
447661420.000,ZR,handheld,水平,right,recording,充电口朝左,2,-0.328468,-0.119967,9.829934,0.005575,0.001950,0.030476
447661430.000,ZR,handheld,水平,right,recording,充电口朝左,2,-0.333530,-0.087166,9.808154,0.005004,0.001798,0.026067
447661440.000,ZR,handheld,水平,right,recording,充电口朝左,2,-0.341966,-0.070180,9.804118,0.003716,0.002024,0.017073
447661450.000,ZR,handheld,水平,right,recording,充电口朝左,2,-0.361499,-0.086479,9.872231,0.005584,0.004800,0.007630
447661460.000,ZR,handheld,水平,right,recording,充电口朝左,2,-0.359384,-0.044484,9.870212,0.006628,0.009813,0.003851
447661470.000,ZR,handheld,水平,right,recording,充电口朝左,2,-0.379804,-0.015875,9.839906,0.008723,0.016978,0.004872
447661480.000,ZR,handheld,水平,right,recording,充电口朝左,2,-0.381852,-0.023808,9.843942,0.010826,0.018607,0.006756
447661490.000,ZR,handheld,水平,right,recording,充电口朝左,2,-0.385952,-0.014574,9.789673,0.010128,0.013136,0.007136
447661500.000,ZR,handheld,水平,right,recording,充电口朝左,2,-0.389753,-0.042346,9.824229,0.009188,0.005877,0.005396
447661510.000,ZR,handheld,水平,right,recording,充电口朝左,2,-0.390595,-0.040288,9.755406,-0.004156,0.007222,-0.002250
447661520.000,ZR,handheld,水平,right,recording,充电口朝左,2,-0.374991,-0.065401,9.811722,-0.012863,0.002214,-0.008714
447661530.000,ZR,handheld,水平,right,recording,充电口朝左,2,-0.387789,-0.073070,9.792261,-0.016657,0.003141,-0.011613
447661540.000,ZR,handheld,水平,right,recording,充电口朝左,2,-0.360318,-0.069089,9.818899,-0.016174,0.007275,-0.012571
447661550.000,ZR,handheld,水平,right,recording,充电口朝左,2,-0.381821,-0.098710,9.815049,-0.008460,0.011134,-0.009870
447661560.000,ZR,handheld,水平,right,recording,充电口朝左,2,-0.353953,-0.118689,9.813119,0.002536,0.009436,-0.007005
447661570.000,ZR,handheld,水平,right,recording,充电口朝左,2,-0.369349,-0.139130,9.825151,0.012488,0.009795,-0.006959
447661580.000,ZR,handheld,水平,right,recording,充电口朝左,2,-0.346308,-0.132120,9.798605,0.016262,0.014302,-0.009951
447661590.000,ZR,handheld,水平,right,recording,充电口朝左,2,-0.335962,-0.119631,9.777107,0.015051,0.011204,-0.014233
447661600.000,ZR,handheld,水平,right,recording,充电口朝左,2,-0.338162,-0.152314,9.741141,0.010265,0.007021,-0.016193
447661610.000,ZR,handheld,水平,right,recording,充电口朝左,2,-0.369363,-0.171419,9.805315,0.008226,0.004846,-0.011990
447661620.000,ZR,handheld,水平,right,recording,充电口朝左,2,-0.341765,-0.152661,9.772691,0.006240,0.008980,-0.005601
447661630.000,ZR,handheld,水平,right,recording,充电口朝左,2,-0.360682,-0.152598,9.760824,0.004955,0.001614,0.005316
447661640.000,ZR,handheld,水平,right,recording,充电口朝左,2,-0.365714,-0.134720,9.765394,0.003112,-0.000769,0.016105
447661650.000,ZR,handheld,水平,right,recording,充电口朝左,2,-0.370185,-0.158267,9.748529,0.002275,-0.000503,0.022613
447661660.000,ZR,handheld,水平,right,recording,充电口朝左,2,-0.380880,-0.165337,9.791963,0.006020,-0.001064,0.023324
447661670.000,ZR,handheld,水平,right,recording,充电口朝左,2,-0.350991,-0.150118,9.813387,0.012471,0.002348,0.017703
447661680.000,ZR,handheld,水平,right,recording,充电口朝左,2,-0.358075,-0.139473,9.819784,0.022301,0.007786,0.010304
447661690.000,ZR,handheld,水平,right,recording,充电口朝左,2,-0.354155,-0.113587,9.843832,0.032720,0.013319,0.005701
447661700.000,ZR,handheld,水平,right,rotate_hint,充电口朝左,2,-0.368952,-0.098004,9.824258,0.041302,0.009450,0.005034
447661710.000,ZR,handheld,水平,right,rotate_hint,充电口朝左,2,-0.404474,-0.062233,9.780944,0.043821,0.008007,0.008793
447661720.000,ZR,handheld,水平,right,rotate_hint,充电口朝左,2,-0.393630,-0.058377,9.784539,0.042334,0.002931,0.014936
447661730.000,ZR,handheld,水平,right,rotate_hint,充电口朝左,2,-0.423081,-0.055920,9.797519,0.037925,-0.005163,0.017782
447661740.000,ZR,handheld,水平,right,rotate_hint,充电口朝左,2,-0.396183,-0.046295,9.805636,0.030493,-0.002945,0.019756
447661750.000,ZR,handheld,水平,right,rotate_hint,充电口朝左,2,-0.420526,-0.030300,9.845055,0.026752,0.003004,0.015765
447661760.000,ZR,handheld,水平,right,rotate_hint,充电口朝左,2,-0.396249,-0.057663,9.862048,0.020466,0.012118,0.007638
447661770.000,ZR,handheld,水平,right,rotate_hint,充电口朝左,2,-0.396005,-0.081283,9.827936,0.015748,0.014803,-0.001015
447661780.000,ZR,handheld,水平,right,rotate_hint,充电口朝左,2,-0.388281,-0.090752,9.835644,0.012784,0.010951,-0.009265
447661790.000,ZR,handheld,水平,right,rotate_hint,充电口朝左,2,-0.391186,-0.085793,9.830850,0.010224,0.005540,-0.014018
447661800.000,ZR,handheld,水平,right,rotate_hint,充电口朝左,2,-0.395587,-0.110524,9.865605,0.005177,0.012028,-0.016769
447661810.000,ZR,handheld,水平,right,rotate_hint,充电口朝左,2,-0.387091,-0.104975,9.879189,0.001350,0.016493,-0.016376
447661820.000,ZR,handheld,水平,right,rotate_hint,充电口朝左,2,-0.369560,-0.142565,9.826540,-0.007915,0.019641,-0.014407
447661830.000,ZR,handheld,水平,right,rotate_hint,充电口朝左,2,-0.370627,-0.158084,9.800225,-0.019385,0.012779,-0.010640
447661840.000,ZR,handheld,水平,right,rotate_hint,充电口朝左,2,-0.340088,-0.159726,9.777031,-0.030363,0.008105,-0.004768
447661850.000,ZR,handheld,水平,right,rotate_hint,充电口朝左,2,-0.367100,-0.161345,9.799352,-0.037338,0.009656,-0.000141
447661860.000,ZR,handheld,水平,right,rotate_hint,充电口朝左,2,-0.320665,-0.140274,9.823313,-0.033509,0.012463,0.001479
447661870.000,ZR,handheld,水平,right,rotate_hint,充电口朝左,2,-0.327473,-0.135914,9.867715,-0.022395,0.015248,0.000121
447661880.000,ZR,handheld,水平,right,rotate_hint,充电口朝左,2,-0.307252,-0.111087,9.862405,-0.010721,0.022790,-0.003992
447661890.000,ZR,handheld,水平,right,rotate_hint,充电口朝左,2,-0.305180,-0.107178,9.835905,-0.003381,0.023948,-0.012048
447661900.000,ZR,handheld,水平,right,rotate_hint,充电口朝左,2,-0.327555,-0.147164,9.849801,0.000127,0.021445,-0.017419
447661910.000,ZR,handheld,水平,right,rotate_hint,充电口朝左,2,-0.296462,-0.127570,9.827482,-0.001901,0.019295,-0.017799
447661920.000,ZR,handheld,水平,right,rotate_hint,充电口朝左,2,-0.313203,-0.114304,9.821071,-0.009506,0.013269,-0.013288
447661930.000,ZR,handheld,水平,right,rotate_hint,充电口朝左,2,-0.302739,-0.098126,9.813164,-0.022494,0.008008,-0.008519
447661940.000,ZR,handheld,水平,right,rotate_hint,充电口朝左,2,-0.316759,-0.116094,9.821520,-0.035781,0.012035,-0.000008
447661950.000,ZR,handheld,水平,right,rotate_hint,充电口朝左,2,-0.343145,-0.098757,9.855741,-0.044674,0.011518,0.010054
447661960.000,ZR,handheld,水平,right,rotate_hint,充电口朝左,2,-0.350728,-0.073559,9.798549,-0.053731,0.014121,0.016316
447661970.000,ZR,handheld,水平,right,rotate_hint,充电口朝左,2,-0.384205,-0.128572,9.807638,-0.055284,0.013033,0.018844
447661980.000,ZR,handheld,水平,right,rotate_hint,充电口朝左,2,-0.361971,-0.141526,9.851274,-0.050252,0.004775,0.010116
447661990.000,ZR,handheld,水平,right,rotate_hint,充电口朝左,2,-0.336279,-0.141960,9.858492,-0.040423,0.005276,-0.004793
447662000.000,ZR,handheld,水平,right,rotate_hint,充电口朝左,2,-0.304928,-0.131141,9.887524,-0.032309,0.016888,-0.023094
447662010.000,ZR,handheld,水平,right,rotate_hint,充电口朝左,2,-0.293403,-0.145514,9.865035,-0.024216,0.033240,-0.035807
447662020.000,ZR,handheld,水平,right,rotate_hint,充电口朝左,2,-0.304531,-0.112195,9.860231,-0.017460,0.041447,-0.042155
447662030.000,ZR,handheld,水平,right,rotate_hint,充电口朝左,2,-0.345948,-0.208877,9.885054,-0.011592,0.039218,-0.039429
447662040.000,ZR,handheld,水平,right,rotate_hint,充电口朝左,2,-0.371108,-0.250870,9.836701,-0.009437,0.038546,-0.029990
447662050.000,ZR,handheld,水平,right,rotate_hint,充电口朝左,2,-0.316456,-0.258741,9.897326,-0.007454,0.025577,-0.023859
447662060.000,ZR,handheld,水平,right,rotate_hint,充电口朝左,2,-0.346602,-0.265539,9.886204,-0.012048,0.023822,-0.020117
447662070.000,ZR,handheld,水平,right,rotate_hint,充电口朝左,2,-0.293050,-0.289459,9.925005,-0.023768,0.026589,-0.023284
447662080.000,ZR,handheld,水平,right,rotate_hint,充电口朝左,2,-0.301724,-0.274800,9.910620,-0.042236,0.021388,-0.032108
447662090.000,ZR,handheld,水平,right,rotate_hint,充电口朝左,2,-0.284347,-0.294306,9.860241,-0.064723,0.030516,-0.039681
447662100.000,ZR,handheld,水平,right,rotate_hint,充电口朝左,2,-0.321688,-0.294102,9.918452,-0.074921,0.032871,-0.042669
447662110.000,ZR,handheld,水平,right,rotate_hint,充电口朝左,2,-0.290728,-0.270210,9.904837,-0.076489,0.023492,-0.042034
447662120.000,ZR,handheld,水平,right,rotate_hint,充电口朝左,2,-0.284156,-0.220174,9.907797,-0.072633,0.029291,-0.044791
447662130.000,ZR,handheld,水平,right,rotate_hint,充电口朝左,2,-0.347452,-0.250224,9.917761,-0.068497,0.036845,-0.045996
447662140.000,ZR,handheld,水平,right,rotate_hint,充电口朝左,2,-0.331838,-0.265660,9.844212,-0.069449,0.041783,-0.052199
447662150.000,ZR,handheld,水平,right,rotate_hint,充电口朝左,2,-0.329682,-0.227763,9.788826,-0.071201,0.021211,-0.062949
447662160.000,ZR,handheld,水平,right,rotate_hint,充电口朝左,2,-0.339693,-0.229274,9.807130,-0.071693,0.010349,-0.079149
447662170.000,ZR,handheld,水平,right,rotate_hint,充电口朝左,2,-0.404786,-0.190316,9.736604,-0.081278,0.024414,-0.092834
447662180.000,ZR,handheld,水平,right,rotate_hint,充电口朝左,2,-0.401613,-0.298224,9.682891,-0.082541,-0.006241,-0.117415
447662190.000,ZR,handheld,水平,right,rotate_hint,充电口朝左,2,-0.357672,-0.200280,9.661930,-0.081854,-0.011542,-0.142497
447662200.000,ZR,handheld,水平,right,rotate_hint,充电口朝左,2,-0.365598,-0.337012,9.616626,-0.071818,-0.063091,-0.159799
447662210.000,ZR,handheld,水平,right,rotate_hint,充电口朝左,2,-0.373206,-0.298153,9.834471,-0.040956,-0.065513,-0.165143
447662220.000,ZR,handheld,水平,right,rotate_hint,充电口朝左,2,-0.225303,-0.265134,9.677529,-0.024017,-0.078015,-0.167675
447662230.000,ZR,handheld,水平,right,rotate_hint,充电口朝左,2,-0.228674,-0.181312,9.609052,-0.019297,-0.087262,-0.172865
447662240.000,ZR,handheld,水平,right,rotate_hint,充电口朝左,2,-0.196811,-0.322019,9.689881,-0.013099,-0.090964,-0.188202
447662250.000,ZR,handheld,水平,right,rotate_hint,充电口朝左,2,-0.168698,-0.467820,9.603759,-0.012383,-0.109709,-0.213354
447662260.000,ZR,handheld,水平,right,rotate_hint,充电口朝左,2,-0.099614,-0.565805,9.706176,-0.004673,-0.105329,-0.244024
447662270.000,ZR,handheld,水平,right,rotate_hint,充电口朝左,2,-0.096140,-0.578529,9.669065,0.000116,-0.137978,-0.266228
447662280.000,ZR,handheld,水平,right,rotate_hint,充电口朝左,2,-0.128005,-0.685501,9.585281,0.000483,-0.174190,-0.275865
447662290.000,ZR,handheld,水平,right,rotate_hint,充电口朝左,2,-0.210382,-0.620257,9.740502,0.009906,-0.176515,-0.268532
447662300.000,ZR,handheld,水平,right,rotate_hint,充电口朝左,2,-0.162586,-0.450355,9.749791,0.030027,-0.212597,-0.263705
447662310.000,ZR,handheld,水平,right,rotate_hint,充电口朝左,2,-0.145745,-0.380367,9.784187,0.048655,-0.215267,-0.279559
447662320.000,ZR,handheld,水平,right,rotate_hint,充电口朝左,2,-0.062221,-0.345858,9.958842,0.076457,-0.228366,-0.317573
447662330.000,ZR,handheld,水平,right,rotate_hint,充电口朝左,2,-0.094027,-0.263288,9.819334,0.090189,-0.227396,-0.368812
447662340.000,ZR,handheld,水平,right,rotate_hint,充电口朝左,2,-0.013372,-0.310542,9.876631,0.101701,-0.230353,-0.447570
447662350.000,ZR,handheld,水平,right,rotate_hint,充电口朝左,2,-0.052942,-0.103798,9.517435,0.038709,-0.293060,-0.644854
447662360.000,ZR,handheld,水平,right,rotate_hint,充电口朝左,2,-0.533897,0.718241,9.283604,-0.102846,-0.366828,-1.038173
447662370.000,ZR,handheld,水平,right,rotate_hint,充电口朝左,2,-1.054445,1.185534,9.633031,-0.180883,-0.371082,-1.504603
447662380.000,ZR,handheld,水平,right,rotate_hint,充电口朝左,2,-0.583735,0.881766,9.955204,-0.148736,-0.400278,-1.848545
447662390.000,ZR,handheld,水平,right,rotate_hint,充电口朝左,2,1.785038,-0.542494,10.175609,-0.073865,-0.448167,-2.177622
447662400.000,ZR,handheld,水平,right,rotate_hint,充电口朝左,2,-0.104948,-1.131347,10.068664,-0.049376,-0.469889,-2.193175
447662410.000,ZR,handheld,水平,right,rotate_hint,充电口朝左,2,-0.371254,-0.891131,10.457152,-0.012595,-0.437329,-2.010298
447662420.000,ZR,handheld,水平,right,rotate_hint,充电口朝左,2,-0.079668,-0.426116,10.313566,0.043599,-0.367491,-1.807449
447662430.000,ZR,handheld,水平,right,rotate_hint,充电口朝左,2,0.572941,-0.337939,9.794151,-0.068538,0.005577,-1.659691
447662440.000,ZR,handheld,水平,right,rotate_hint,充电口朝左,2,1.498727,-0.121166,9.601594,-0.182548,0.223953,-1.668977
447662450.000,ZR,handheld,水平,right,rotate_hint,充电口朝左,2,1.008402,-0.488462,10.365887,-0.189717,0.392192,-1.714665
447662460.000,ZR,handheld,水平,right,rotate_hint,充电口朝左,2,0.702236,-0.746654,10.302546,-0.112712,0.358288,-1.736830
447662470.000,ZR,handheld,水平,right,rotate_hint,充电口朝左,2,0.848863,-0.815125,10.073601,0.047832,0.120070,-1.779588
447662480.000,ZR,handheld,水平,right,rotate_hint,充电口朝左,2,1.204751,-0.790182,9.646384,0.117248,0.086428,-1.846410
447662490.000,ZR,handheld,水平,right,rotate_hint,充电口朝左,2,1.250487,-0.686642,9.544094,0.104661,0.095953,-1.940180
447662500.000,ZR,handheld,水平,right,rotate_hint,充电口朝左,2,1.087007,-0.360130,9.779820,0.087039,-0.004222,-2.057205
447662510.000,ZR,handheld,水平,right,rotate_hint,充电口朝左,2,0.771856,-0.084989,9.833904,0.048175,-0.044966,-2.172988
447662520.000,ZR,handheld,水平,right,rotate_hint,充电口朝左,2,0.758678,-0.105921,9.807161,-0.016437,0.029389,-2.275099
447662530.000,ZR,handheld,水平,right,rotate_hint,充电口朝左,2,0.959151,-0.110870,9.826708,-0.077871,0.160893,-2.360600
447662540.000,ZR,handheld,水平,right,rotate_hint,充电口朝左,2,1.488477,0.059641,10.032042,-0.112460,0.278938,-2.439660
447662550.000,ZR,handheld,水平,right,rotate_hint,充电口朝左,2,1.722692,0.184205,10.329248,-0.098376,0.398447,-2.520967
447662560.000,ZR,handheld,水平,right,rotate_hint,充电口朝左,2,1.363132,0.153669,10.596884,-0.035007,0.591326,-2.593084
447662570.000,ZR,handheld,水平,right,rotate_hint,充电口朝左,2,0.542339,-0.054360,10.211247,0.006849,0.819712,-2.595725
447662580.000,ZR,handheld,水平,right,rotate_hint,充电口朝左,2,-0.199481,-0.383089,9.482270,0.020395,0.928105,-2.560989
447662590.000,ZR,handheld,水平,right,rotate_hint,充电口朝左,2,-0.326846,-0.587393,9.164955,0.009899,0.848190,-2.552348
447662600.000,ZR,handheld,水平,right,rotate_hint,充电口朝左,2,-0.472683,-0.463198,9.201896,-0.014429,0.671356,-2.584093
447662610.000,ZR,handheld,水平,right,rotate_hint,充电口朝左,2,-0.248528,-0.058227,9.300857,-0.042331,0.496342,-2.666262
447662620.000,ZR,handheld,水平,right,rotate_hint,充电口朝左,2,-0.253020,0.359895,9.019749,-0.081345,0.338171,-2.765995
447662630.000,ZR,handheld,水平,right,rotate_hint,充电口朝左,2,-0.253088,0.018086,9.107599,-0.100950,0.177274,-2.872203
447662640.000,ZR,handheld,水平,right,rotate_hint,充电口朝左,2,-0.873334,-0.573160,9.420645,-0.082893,0.007084,-2.926151
447662650.000,ZR,handheld,水平,right,rotate_hint,充电口朝左,2,-0.959101,-1.654055,10.080281,-0.001968,-0.141145,-2.917132
447662660.000,ZR,handheld,水平,right,rotate_hint,充电口朝左,2,-1.408763,-2.701912,10.529259,0.116007,-0.268062,-2.812175
447662670.000,ZR,handheld,水平,right,rotate_hint,充电口朝左,2,-1.863889,-2.754862,10.221812,0.228759,-0.360001,-2.655920
447662680.000,ZR,handheld,水平,right,rotate_hint,充电口朝左,2,-2.122536,-1.843571,9.982746,0.321649,-0.420598,-2.480084
447662690.000,ZR,handheld,水平,right,rotate_hint,充电口朝左,2,-1.585867,-1.205659,9.991451,0.371572,-0.431155,-2.337248
447662700.000,ZR,handheld,水平,right,rotate_hint,充电口朝左,2,-0.801542,-0.849763,10.105896,0.388132,-0.408478,-2.273588
447662710.000,ZR,handheld,水平,right,rotate_hint,充电口朝左,2,-0.088053,-0.403952,10.026512,0.378986,-0.412514,-2.284361
447662720.000,ZR,handheld,水平,right,rotate_hint,充电口朝左,2,0.167258,-0.035699,10.075760,0.366655,-0.383879,-2.317628
447662730.000,ZR,handheld,水平,right,rotate_hint,充电口朝左,2,-0.070721,0.130243,10.154951,0.353180,-0.306427,-2.335106
447662740.000,ZR,handheld,水平,right,rotate_hint,充电口朝左,2,-0.291622,0.244556,9.602382,0.310898,-0.224689,-2.341611
447662750.000,ZR,handheld,水平,right,rotate_hint,充电口朝左,2,-0.238969,0.303576,9.195728,0.253778,-0.227761,-2.352786
447662760.000,ZR,handheld,水平,right,rotate_hint,充电口朝左,2,0.153357,0.318025,9.449898,0.217299,-0.267142,-2.383870
447662770.000,ZR,handheld,水平,right,rotate_hint,充电口朝左,2,0.552889,0.326659,9.483368,0.203871,-0.264059,-2.440708
447662780.000,ZR,handheld,水平,right,rotate_hint,充电口朝左,2,0.752022,0.304182,9.572466,0.181337,-0.236961,-2.505492
447662790.000,ZR,handheld,水平,right,rotate_hint,充电口朝左,2,0.405890,0.050410,9.601557,0.144679,-0.131985,-2.513646
447662800.000,ZR,handheld,水平,right,rotate_hint,充电口朝左,2,0.178510,-0.051531,9.820280,0.115445,0.038181,-2.500681
447662810.000,ZR,handheld,水平,right,rotate_hint,充电口朝左,2,-0.134979,-0.238544,9.937339,0.088156,0.171206,-2.445459
447662820.000,ZR,handheld,水平,right,rotate_hint,充电口朝左,2,-0.723108,-0.702396,10.067015,0.055244,0.300809,-2.318201
447662830.000,ZR,handheld,水平,right,rotate_hint,充电口朝左,2,-0.866503,-0.915315,10.420331,0.059137,0.468099,-2.182156
447662840.000,ZR,handheld,水平,right,rotate_hint,充电口朝左,2,-0.713166,-0.744390,10.628471,0.106346,0.502648,-2.078711
447662850.000,ZR,handheld,水平,right,rotate_hint,充电口朝左,2,-0.722888,-0.649617,10.383802,0.157994,0.430630,-2.006528
447662860.000,ZR,handheld,水平,right,rotate_hint,充电口朝左,2,-0.563295,-0.481906,9.879351,0.191190,0.317534,-1.968029
447662870.000,ZR,handheld,水平,right,rotate_hint,充电口朝左,2,-0.371689,-0.382419,9.421215,0.198291,0.189785,-1.954494
447662880.000,ZR,handheld,水平,right,rotate_hint,充电口朝左,2,-0.078030,-0.261393,9.358627,0.191755,0.087934,-1.959342
447662890.000,ZR,handheld,水平,right,rotate_hint,充电口朝左,2,-0.002930,-0.247471,9.262304,0.164959,0.044999,-1.965591
447662900.000,ZR,handheld,水平,right,rotate_hint,充电口朝左,2,-0.167351,-0.161583,9.096108,0.119857,0.028137,-1.956777
447662910.000,ZR,handheld,水平,right,rotate_hint,充电口朝左,2,-0.192460,-0.003466,9.113204,0.080791,0.010484,-1.927329
447662920.000,ZR,handheld,水平,right,rotate_hint,充电口朝左,2,-0.295094,-0.106838,8.769602,0.031464,-0.011551,-1.875915
447662930.000,ZR,handheld,水平,right,rotate_hint,充电口朝左,2,-0.515559,-0.392270,8.500345,-0.028669,-0.083824,-1.801018
447662940.000,ZR,handheld,水平,right,rotate_hint,充电口朝左,2,-0.812272,-0.694925,8.655312,-0.084702,-0.143540,-1.693691
447662950.000,ZR,handheld,水平,right,rotate_hint,充电口朝左,2,-0.991767,-0.855139,9.217334,-0.108704,-0.180186,-1.562600
447662960.000,ZR,handheld,水平,right,rotate_hint,充电口朝左,2,-1.073459,-0.893224,9.717041,-0.118906,-0.170884,-1.436058
447662970.000,ZR,handheld,水平,right,rotate_hint,充电口朝左,2,-0.843181,-0.812131,10.192837,-0.106808,-0.112359,-1.332456
447662980.000,ZR,handheld,水平,right,rotate_hint,充电口朝左,2,-0.208188,-0.616843,10.597576,-0.067996,-0.012302,-1.260358
447662990.000,ZR,handheld,水平,right,rotate_hint,充电口朝左,2,0.142238,-0.325018,10.659910,-0.006152,0.077702,-1.222900
447663000.000,ZR,handheld,水平,right,rotate_hint,充电口朝左,2,-0.001272,-0.164001,10.395392,0.067458,0.056167,-1.195998
447663010.000,ZR,handheld,水平,right,rotate_hint,充电口朝左,2,-0.274038,-0.277571,10.077895,0.139560,-0.039818,-1.154966
447663020.000,ZR,handheld,水平,right,rotate_hint,充电口朝左,2,-0.617445,-0.351804,10.063370,0.211105,-0.143378,-1.082857
447663030.000,ZR,handheld,水平,right,rotate_hint,充电口朝左,2,-0.792812,-0.481296,10.228289,0.269567,-0.189954,-0.945453
447663040.000,ZR,handheld,水平,right,rotate_hint,充电口朝左,2,-0.773411,-0.663880,10.296005,0.301265,-0.134257,-0.774164
447663050.000,ZR,handheld,水平,right,rotate_hint,充电口朝左,2,-0.631106,-0.609638,9.858448,0.268919,-0.080403,-0.639170
447663060.000,ZR,handheld,水平,right,rotate_hint,充电口朝左,2,-0.854079,-0.450819,9.130994,0.173956,-0.020310,-0.520093
447663070.000,ZR,handheld,水平,right,rotate_hint,充电口朝左,2,-0.843127,-0.115493,9.038323,0.081484,0.002631,-0.414946
447663080.000,ZR,handheld,水平,right,rotate_hint,充电口朝左,2,-0.560258,0.136872,9.213814,0.023852,-0.002953,-0.337574
447663090.000,ZR,handheld,水平,right,rotate_hint,充电口朝左,2,-0.285106,0.128507,9.371368,-0.002230,-0.024929,-0.282742
447663100.000,ZR,handheld,水平,right,rotate_hint,充电口朝左,2,0.025475,-0.071733,9.852562,0.011595,-0.064632,-0.252728
447663110.000,ZR,handheld,水平,right,rotate_hint,充电口朝左,2,0.194373,-0.257902,10.451533,0.075300,-0.093480,-0.235423
447663120.000,ZR,handheld,水平,right,rotate_hint,充电口朝左,2,0.222494,-0.230657,10.947038,0.173541,-0.130834,-0.221301
447663130.000,ZR,handheld,水平,right,rotate_hint,充电口朝左,2,-0.036219,-0.083384,10.877109,0.274684,-0.151963,-0.190151
447663140.000,ZR,handheld,水平,right,rotate_hint,充电口朝左,2,-0.063727,0.028118,10.504580,0.351226,-0.139439,-0.148068
447663150.000,ZR,handheld,水平,right,rotate_hint,充电口朝左,2,-0.050689,0.018599,10.151843,0.391268,-0.108924,-0.111174
447663160.000,ZR,handheld,水平,right,rotate_hint,充电口朝左,2,-0.347325,0.109363,9.651125,0.393094,-0.083709,-0.065679
447663170.000,ZR,handheld,水平,right,rotate_hint,充电口朝左,2,-0.105352,0.279033,9.225128,0.357695,-0.044252,-0.027740
447663180.000,ZR,handheld,水平,right,rotate_hint,充电口朝左,2,-0.300331,0.394493,9.268283,0.306091,0.014298,0.025316
447663190.000,ZR,handheld,水平,right,rotate_hint,充电口朝左,2,-0.747742,0.430954,9.338688,0.250182,0.090613,0.107460
447663200.000,ZR,handheld,水平,right,rotate_hint,充电口朝左,2,-0.791991,0.325720,9.211658,0.180311,0.159223,0.184407
447663210.000,ZR,handheld,水平,right,rotate_hint,充电口朝左,2,-0.444845,0.115702,9.248606,0.112382,0.188832,0.237326
447663220.000,ZR,handheld,水平,right,rotate_hint,充电口朝左,2,0.298022,0.141875,9.483582,0.084661,0.157980,0.229045
447663230.000,ZR,handheld,水平,right,rotate_hint,充电口朝左,2,0.700454,0.205968,10.186217,0.120514,0.045813,0.177751
447663240.000,ZR,handheld,水平,right,rotate_hint,充电口朝左,2,0.277022,0.434776,10.422842,0.187236,-0.107171,0.157970
447663250.000,ZR,handheld,水平,right,rotate_hint,充电口朝左,2,0.148995,0.643649,10.296126,0.265820,-0.235050,0.165643
447663260.000,ZR,handheld,水平,right,rotate_hint,充电口朝左,2,0.239416,0.743698,9.701481,0.293642,-0.273168,0.162919
447663270.000,ZR,handheld,水平,right,rotate_hint,充电口朝左,2,0.679233,0.633765,9.294510,0.256197,-0.222337,0.130490
447663280.000,ZR,handheld,水平,right,rotate_hint,充电口朝左,2,0.648048,0.568960,9.589842,0.213166,-0.128299,0.085530
447663290.000,ZR,handheld,水平,right,rotate_hint,充电口朝左,2,0.721593,0.189273,9.584411,0.147538,-0.049921,-0.018882
447663300.000,ZR,handheld,水平,right,rotate_hint,充电口朝左,2,0.292686,0.265613,9.443319,0.036926,0.040065,-0.143226
447663310.000,ZR,handheld,水平,right,rotate_hint,充电口朝左,2,-0.282237,0.348785,9.265333,-0.130147,0.153970,-0.212098
447663320.000,ZR,handheld,水平,right,rotate_hint,充电口朝左,2,-0.359884,0.393611,9.239885,-0.297571,0.215035,-0.260468
447663330.000,ZR,handheld,水平,right,rotate_hint,充电口朝左,2,-0.184674,0.290811,9.489332,-0.419313,0.186657,-0.303326
447663340.000,ZR,handheld,水平,right,rotate_hint,充电口朝左,2,-0.335257,0.361594,9.901378,-0.482092,0.096855,-0.312404
447663350.000,ZR,handheld,水平,right,rotate_hint,充电口朝左,2,-0.576035,0.324677,10.153111,-0.467505,-0.005901,-0.278722
447663360.000,ZR,handheld,水平,right,rotate_hint,充电口朝左,2,-0.572316,0.394612,10.413484,-0.374562,-0.121930,-0.236010
447663370.000,ZR,handheld,水平,right,rotate_hint,充电口朝左,2,-0.463049,0.355169,10.426949,-0.257938,-0.230372,-0.207829
447663380.000,ZR,handheld,水平,right,rotate_hint,充电口朝左,2,-0.372761,0.362394,10.304248,-0.155495,-0.308543,-0.194841
447663390.000,ZR,handheld,水平,right,rotate_hint,充电口朝左,2,-0.237065,0.367670,10.076362,-0.109060,-0.349919,-0.181446
447663400.000,ZR,handheld,水平,right,rotate_hint,充电口朝左,2,-0.054333,0.315790,9.650788,-0.136786,-0.340112,-0.166353
447663410.000,ZR,handheld,水平,right,rotate_hint,充电口朝左,2,0.191992,0.298962,9.503325,-0.191919,-0.277770,-0.161396
447663420.000,ZR,handheld,水平,right,rotate_hint,充电口朝左,2,0.220820,0.288676,9.536406,-0.234554,-0.196521,-0.155114
447663430.000,ZR,handheld,水平,right,rotate_hint,充电口朝左,2,0.153329,0.240133,9.598928,-0.239716,-0.136918,-0.155353
447663440.000,ZR,handheld,水平,right,rotate_hint,充电口朝左,2,0.148606,0.236484,9.818329,-0.197899,-0.125967,-0.182988
447663450.000,ZR,handheld,水平,right,rotate_hint,充电口朝左,2,0.271278,0.165262,9.845752,-0.138847,-0.168417,-0.235243
447663460.000,ZR,handheld,水平,right,rotate_hint,充电口朝左,2,0.271979,0.090296,9.738461,-0.101166,-0.223737,-0.271414
447663470.000,ZR,handheld,水平,right,rotate_hint,充电口朝左,2,0.142399,0.179343,9.560845,-0.101274,-0.243708,-0.264723
447663480.000,ZR,handheld,水平,right,rotate_hint,充电口朝左,2,0.265168,0.210774,9.424173,-0.131056,-0.203741,-0.229873
447663490.000,ZR,handheld,水平,right,rotate_hint,充电口朝左,2,0.265835,0.218186,9.406743,-0.158896,-0.133123,-0.181803
447663500.000,ZR,handheld,水平,right,rotate_hint,充电口朝左,2,0.285866,0.208562,9.501650,-0.158927,-0.100399,-0.136444
447663510.000,ZR,handheld,水平,right,rotate_hint,充电口朝左,2,0.239109,0.191248,9.678795,-0.123861,-0.083857,-0.100040
447663520.000,ZR,handheld,水平,right,rotate_hint,充电口朝左,2,0.339095,0.186662,9.713191,-0.073296,-0.060498,-0.092983
447663530.000,ZR,handheld,水平,right,rotate_hint,充电口朝左,2,0.395162,0.176695,9.734265,-0.014825,-0.030559,-0.111041
447663540.000,ZR,handheld,水平,right,rotate_hint,充电口朝左,2,0.377781,0.140821,9.803935,0.040403,-0.028640,-0.137320
447663550.000,ZR,handheld,水平,right,rotate_hint,充电口朝左,2,0.409093,0.111331,9.783251,0.078604,-0.066820,-0.162816
447663560.000,ZR,handheld,水平,right,rotate_hint,充电口朝左,2,0.325630,0.116119,9.784873,0.085725,-0.105369,-0.164488
447663570.000,ZR,handheld,水平,right,rotate_hint,充电口朝左,2,0.306628,0.191023,9.682067,0.065238,-0.122103,-0.133409
447663580.000,ZR,handheld,水平,right,rotate_hint,充电口朝左,2,0.354636,0.207995,9.691771,0.037920,-0.112490,-0.096381
447663590.000,ZR,handheld,水平,right,rotate_hint,充电口朝左,2,0.356027,0.238388,9.780365,0.037772,-0.098566,-0.071020
447663600.000,ZR,handheld,水平,right,rotate_hint,充电口朝左,2,0.456538,0.234025,9.849819,0.060922,-0.099094,-0.064443
447663610.000,ZR,handheld,水平,right,rotate_hint,充电口朝左,2,0.445124,0.202837,9.863214,0.092212,-0.089751,-0.069039
447663620.000,ZR,handheld,水平,right,rotate_hint,充电口朝左,2,0.481061,0.203453,9.768054,0.110085,-0.071627,-0.077494
447663630.000,ZR,handheld,水平,right,rotate_hint,充电口朝左,2,0.593734,0.195029,9.758705,0.117176,-0.052245,-0.090726
447663640.000,ZR,handheld,水平,right,rotate_hint,充电口朝左,2,0.620132,0.163690,9.789122,0.113100,-0.046969,-0.102121
447663650.000,ZR,handheld,水平,right,rotate_hint,充电口朝左,2,0.576951,0.248352,9.819851,0.100222,-0.048182,-0.099672
447663660.000,ZR,handheld,水平,right,rotate_hint,充电口朝左,2,0.565071,0.295609,9.908591,0.083738,-0.036786,-0.088225
447663670.000,ZR,handheld,水平,right,rotate_hint,充电口朝左,2,0.502546,0.355725,9.912010,0.067073,-0.037408,-0.071076
447663680.000,ZR,handheld,水平,right,rotate_hint,充电口朝左,2,0.527575,0.361656,9.970989,0.065063,-0.039519,-0.059252
447663690.000,ZR,handheld,水平,right,rotate_hint,充电口朝左,2,0.507571,0.363919,9.921008,0.067937,-0.033595,-0.050823
447663700.000,ZR,handheld,水平,right,rotate_hint,充电口朝左,2,0.525986,0.319803,9.857251,0.070993,-0.024088,-0.043471
447663710.000,ZR,handheld,水平,right,rotate_hint,充电口朝左,2,0.613486,0.263406,9.931120,0.081394,-0.018886,-0.037611
447663720.000,ZR,handheld,水平,right,rotate_hint,充电口朝左,2,0.656722,0.278366,9.909762,0.088503,-0.030722,-0.032967
447663730.000,ZR,handheld,水平,right,rotate_hint,充电口朝左,2,0.650794,0.272545,9.957207,0.089675,-0.047066,-0.024162
447663740.000,ZR,handheld,水平,right,rotate_hint,充电口朝左,2,0.662325,0.324273,9.935770,0.079309,-0.054114,-0.014576
447663750.000,ZR,handheld,水平,right,rotate_hint,充电口朝左,2,0.721202,0.358729,9.898155,0.059057,-0.034266,-0.012248
447663760.000,ZR,handheld,水平,right,rotate_hint,充电口朝左,2,0.669970,0.418162,9.889810,0.038747,-0.006789,-0.011976
447663770.000,ZR,handheld,水平,right,rotate_hint,充电口朝左,2,0.582636,0.439986,9.918705,0.030913,0.015541,-0.008170
447663780.000,ZR,handheld,水平,right,rotate_hint,充电口朝左,2,0.474115,0.441702,10.013989,0.041440,0.012867,-0.004002
447663790.000,ZR,handheld,水平,right,rotate_hint,充电口朝左,2,0.410702,0.444034,10.009531,0.060285,-0.025489,0.003429
447663800.000,ZR,handheld,水平,right,rotate_hint,充电口朝左,2,0.395088,0.444921,9.961895,0.065072,-0.042310,0.016275
447663810.000,ZR,handheld,水平,right,rotate_hint,充电口朝左,2,0.412206,0.453069,9.819297,0.041466,-0.035634,0.029398
447663820.000,ZR,handheld,水平,right,rotate_hint,充电口朝左,2,0.482980,0.459386,9.751535,0.005916,-0.024589,0.037129
447663830.000,ZR,handheld,水平,right,rotate_hint,充电口朝左,2,0.527055,0.425544,9.823607,-0.029593,-0.017035,0.040939
447663840.000,ZR,handheld,水平,right,rotate_hint,充电口朝左,2,0.475672,0.415983,9.774059,-0.057288,-0.013791,0.050776
447663850.000,ZR,handheld,水平,right,rotate_hint,充电口朝左,2,0.480854,0.408405,9.804302,-0.064457,-0.003025,0.060753
447663860.000,ZR,handheld,水平,right,rotate_hint,充电口朝左,2,0.469031,0.386956,9.839523,-0.047975,0.013132,0.064895
447663870.000,ZR,handheld,水平,right,rotate_hint,充电口朝左,2,0.372923,0.343083,9.867382,-0.013646,0.012976,0.055402
447663880.000,ZR,handheld,水平,right,rotate_hint,充电口朝左,2,0.359232,0.279838,9.838691,0.022567,-0.004568,0.034878
447663890.000,ZR,handheld,水平,right,rotate_hint,充电口朝左,2,0.384179,0.247377,9.721244,0.040966,-0.010923,0.009139
447663900.000,ZR,handheld,水平,right,rotate_hint,充电口朝左,2,0.394119,0.231763,9.676920,0.031995,0.005496,-0.006739
447663910.000,ZR,handheld,水平,right,rotate_hint,充电口朝左,2,0.402238,0.213424,9.564794,-0.001494,0.023052,-0.014993
447663920.000,ZR,handheld,水平,right,rotate_hint,充电口朝左,2,0.431117,0.205666,9.612249,-0.033738,0.049881,-0.017625
447663930.000,ZR,handheld,水平,right,rotate_hint,充电口朝左,2,0.474837,0.223894,9.646966,-0.059498,0.081782,-0.023074
447663940.000,ZR,handheld,水平,right,rotate_hint,充电口朝左,2,0.438313,0.214766,9.720105,-0.068560,0.106109,-0.026227
447663950.000,ZR,handheld,水平,right,rotate_hint,充电口朝左,2,0.362339,0.266068,9.817073,-0.062395,0.115812,-0.026361
447663960.000,ZR,handheld,水平,right,rotate_hint,充电口朝左,2,0.357050,0.259678,9.844456,-0.048016,0.114928,-0.031444
447663970.000,ZR,handheld,水平,right,rotate_hint,充电口朝左,2,0.271471,0.269901,9.863692,-0.021881,0.094073,-0.033331
447663980.000,ZR,handheld,水平,right,rotate_hint,充电口朝左,2,0.218598,0.282586,9.913575,0.006425,0.073131,-0.031113
447663990.000,ZR,handheld,水平,right,rotate_hint,充电口朝左,2,0.235045,0.240230,9.808018,0.023205,0.057609,-0.027449
447664000.000,ZR,handheld,水平,right,rotate_hint,充电口朝左,2,0.238486,0.227980,9.789512,0.027561,0.048362,-0.017182
447664010.000,ZR,handheld,水平,right,rotate_hint,充电口朝左,2,0.288557,0.191368,9.704893,0.017813,0.039841,-0.008333
447664020.000,ZR,handheld,水平,right,rotate_hint,充电口朝左,2,0.290227,0.238525,9.747497,0.008425,0.030485,-0.006792
447664030.000,ZR,handheld,水平,right,rotate_hint,充电口朝左,2,0.337459,0.226640,9.740843,0.001338,0.033256,-0.011239
447664040.000,ZR,handheld,水平,right,rotate_hint,充电口朝左,2,0.367931,0.258006,9.711791,-0.007734,0.048909,-0.021833
447664050.000,ZR,handheld,水平,right,rotate_hint,充电口朝左,2,0.391337,0.294463,9.724192,-0.008667,0.075906,-0.038619
447664060.000,ZR,handheld,水平,right,rotate_hint,充电口朝左,2,0.357629,0.298482,9.833996,-0.004984,0.102064,-0.053692
447664070.000,ZR,handheld,水平,right,rotate_hint,充电口朝左,2,0.325876,0.292057,9.826458,-0.003237,0.097784,-0.057987
447664080.000,ZR,handheld,水平,right,rotate_hint,充电口朝左,2,0.303490,0.290440,9.859262,-0.005933,0.082420,-0.055451
447664090.000,ZR,handheld,水平,right,rotate_hint,充电口朝左,2,0.293895,0.248038,9.777437,-0.023172,0.076991,-0.046811
447664100.000,ZR,handheld,水平,right,rotate_hint,充电口朝左,2,0.320255,0.219265,9.713935,-0.044255,0.078487,-0.035747
447664110.000,ZR,handheld,水平,right,rotate_hint,充电口朝左,2,0.342491,0.185442,9.824810,-0.043125,0.071168,-0.024663
447664120.000,ZR,handheld,水平,right,rotate_hint,充电口朝左,2,0.269550,0.206645,9.901574,-0.022386,0.051871,-0.012776
447664130.000,ZR,handheld,水平,right,rotate_hint,充电口朝左,2,0.348546,0.209847,9.894934,0.003528,0.038961,-0.009525
447664140.000,ZR,handheld,水平,right,rotate_hint,充电口朝左,2,0.371717,0.225668,9.888209,0.024220,0.046913,-0.011995
447664150.000,ZR,handheld,水平,right,rotate_hint,充电口朝左,2,0.327437,0.227603,9.801120,0.020404,0.053532,-0.013327
447664160.000,ZR,handheld,水平,right,rotate_hint,充电口朝左,2,0.378063,0.199819,9.763074,-0.000528,0.046254,-0.017475
447664170.000,ZR,handheld,水平,right,rotate_hint,充电口朝左,2,0.383104,0.218230,9.780827,-0.016597,0.033479,-0.019778
447664180.000,ZR,handheld,水平,right,rotate_hint,充电口朝左,2,0.264052,0.254867,9.837274,-0.018522,0.040058,-0.011655
447664190.000,ZR,handheld,水平,right,rotate_hint,充电口朝左,2,0.301411,0.272219,9.862254,-0.007946,0.046560,-0.009484
447664200.000,ZR,handheld,水平,right,rotate_hint,充电口朝左,2,0.293285,0.277658,9.905480,0.005961,0.049045,-0.011315
447664210.000,ZR,handheld,水平,right,rotate_hint,充电口朝左,2,0.241471,0.284633,9.848382,0.013582,0.032142,-0.006945
447664220.000,ZR,handheld,水平,right,rotate_hint,充电口朝左,2,0.282890,0.318279,9.881342,0.019253,0.017990,-0.001011
447664230.000,ZR,handheld,水平,right,rotate_hint,充电口朝左,2,0.231811,0.310537,9.847872,0.017395,0.013698,0.009098
447664240.000,ZR,handheld,水平,right,rotate_hint,充电口朝左,2,0.238355,0.340005,9.806414,0.013104,0.011570,0.020108
447664250.000,ZR,handheld,水平,right,rotate_hint,充电口朝左,2,0.254583,0.336928,9.867468,0.008942,0.024512,0.024892
447664260.000,ZR,handheld,水平,right,rotate_hint,充电口朝左,2,0.256213,0.343092,9.794397,-0.002310,0.038328,0.020773
447664270.000,ZR,handheld,水平,right,rotate_hint,充电口朝左,2,0.269750,0.327480,9.820405,-0.013063,0.047075,0.011609
447664280.000,ZR,handheld,水平,right,rotate_hint,充电口朝左,2,0.240697,0.341784,9.828437,-0.022166,0.041784,0.006392
447664290.000,ZR,handheld,水平,right,rotate_hint,充电口朝左,2,0.197837,0.326988,9.862824,-0.024887,0.030249,0.009446
447664300.000,ZR,handheld,水平,right,rotate_hint,充电口朝左,2,0.178576,0.314289,9.868465,-0.022169,0.021744,0.014583
447664310.000,ZR,handheld,水平,right,rotate_hint,充电口朝左,2,0.174758,0.287328,9.866068,-0.017188,0.016651,0.019090
447664320.000,ZR,handheld,水平,right,rotate_hint,充电口朝左,2,0.191813,0.304530,9.847005,-0.012571,0.017410,0.020119
447664330.000,ZR,handheld,水平,right,rotate_hint,充电口朝左,2,0.193456,0.288673,9.837550,-0.011929,0.013786,0.017114
447664340.000,ZR,handheld,水平,right,rotate_hint,充电口朝左,2,0.184646,0.268199,9.796062,-0.014523,0.006584,0.012814
447664350.000,ZR,handheld,水平,right,rotate_hint,充电口朝左,2,0.215508,0.279101,9.796267,-0.017615,-0.002097,0.013248
447664360.000,ZR,handheld,水平,right,rotate_hint,充电口朝左,2,0.170359,0.264232,9.811405,-0.015562,-0.007485,0.018528
447664370.000,ZR,handheld,水平,right,rotate_hint,充电口朝左,2,0.211340,0.260657,9.795820,-0.010049,-0.014691,0.024500
447664380.000,ZR,handheld,水平,right,rotate_hint,充电口朝左,2,0.229265,0.234388,9.814798,-0.001430,-0.014744,0.024687
447664390.000,ZR,handheld,水平,right,rotate_hint,充电口朝左,2,0.233036,0.260575,9.777548,0.007317,-0.017313,0.020998
447664400.000,ZR,handheld,水平,right,rotate_hint,充电口朝左,2,0.315679,0.228643,9.777859,0.012285,-0.003258,0.009642
447664410.000,ZR,handheld,水平,right,rotate_hint,充电口朝左,2,0.321773,0.233096,9.710773,0.002495,0.010587,-0.000090
447664420.000,ZR,handheld,水平,right,rotate_hint,充电口朝左,2,0.335375,0.201914,9.692043,-0.008067,0.012968,-0.002947
447664430.000,ZR,handheld,水平,right,rotate_hint,充电口朝左,2,0.299770,0.200257,9.768987,-0.014549,0.009724,0.001038
447664440.000,ZR,handheld,水平,right,rotate_hint,充电口朝左,2,0.238990,0.202124,9.783005,-0.014206,-0.001979,0.015337
447664450.000,ZR,handheld,水平,right,rotate_hint,充电口朝左,2,0.220856,0.221437,9.815215,-0.005056,-0.012530,0.026944
447664460.000,ZR,handheld,水平,right,rotate_hint,充电口朝左,2,0.215867,0.203956,9.811165,0.010955,-0.018261,0.032610
447664470.000,ZR,handheld,水平,right,rotate_hint,充电口朝左,2,0.201561,0.212638,9.842860,0.029615,-0.019917,0.028708
447664480.000,ZR,handheld,水平,right,rotate_hint,充电口朝左,2,0.197639,0.220281,9.834623,0.043351,-0.021159,0.019014
447664490.000,ZR,handheld,水平,right,rotate_hint,充电口朝左,2,0.161761,0.238956,9.827010,0.044287,-0.017638,0.010615
447664500.000,ZR,handheld,水平,right,rotate_hint,充电口朝左,2,0.128150,0.241219,9.770909,0.030042,-0.010934,0.007039
447664510.000,ZR,handheld,水平,right,rotate_hint,充电口朝左,2,0.144613,0.243439,9.834842,0.013574,-0.002012,0.002209
447664520.000,ZR,handheld,水平,right,rotate_hint,充电口朝左,2,0.163143,0.252846,9.868127,0.004477,0.009679,-0.002954
447664530.000,ZR,handheld,水平,right,rotate_hint,充电口朝左,2,0.133028,0.260059,9.887347,-0.004996,0.021308,-0.011306
447664540.000,ZR,handheld,水平,right,rotate_hint,充电口朝左,2,0.098765,0.306662,9.873637,-0.015056,0.028532,-0.017799
447664550.000,ZR,handheld,水平,right,rotate_hint,充电口朝左,2,0.088477,0.290878,9.873537,-0.029945,0.034668,-0.019811
447664560.000,ZR,handheld,水平,right,rotate_hint,充电口朝左,2,0.072551,0.287560,9.879987,-0.046349,0.033719,-0.017859
447664570.000,ZR,handheld,水平,right,rotate_hint,充电口朝左,2,0.112691,0.261369,9.895839,-0.052254,0.020044,-0.018564
447664580.000,ZR,handheld,水平,right,rotate_hint,充电口朝左,2,0.099013,0.261421,9.923833,-0.045447,0.005743,-0.014096
447664590.000,ZR,handheld,水平,right,rotate_hint,充电口朝左,2,0.108040,0.239529,9.876942,-0.030056,-0.014971,-0.011500
447664600.000,ZR,handheld,水平,right,rotate_hint,充电口朝左,2,0.164262,0.236003,9.919903,-0.006840,-0.018134,-0.014384
447664610.000,ZR,handheld,水平,right,rotate_hint,充电口朝左,2,0.194150,0.232348,9.855586,0.007318,-0.017087,-0.017729
447664620.000,ZR,handheld,水平,right,rotate_hint,充电口朝左,2,0.226806,0.228782,9.756619,0.004609,-0.012198,-0.022345
447664630.000,ZR,handheld,水平,right,rotate_hint,充电口朝左,2,0.243934,0.247071,9.768607,-0.006617,-0.005363,-0.024855
447664640.000,ZR,handheld,水平,right,rotate_hint,充电口朝左,2,0.237906,0.275807,9.755475,-0.020272,-0.000456,-0.022145
447664650.000,ZR,handheld,水平,right,rotate_hint,充电口朝左,2,0.250386,0.264574,9.771399,-0.032865,0.006301,-0.018534
447664660.000,ZR,handheld,水平,right,rotate_hint,充电口朝左,2,0.276327,0.229065,9.766169,-0.038789,0.004202,-0.015158
447664670.000,ZR,handheld,水平,right,rotate_hint,充电口朝左,2,0.287765,0.234739,9.806840,-0.033812,0.001130,-0.011581
447664680.000,ZR,handheld,水平,right,rotate_hint,充电口朝左,2,0.292032,0.212136,9.800427,-0.023946,0.006735,-0.009210
447664690.000,ZR,handheld,水平,right,rotate_hint,充电口朝左,2,0.319864,0.228681,9.828541,-0.013544,0.004476,-0.009550
447664700.000,ZR,handheld,水平,right,rotate_hint,充电口朝左,2,0.344700,0.214632,9.850416,-0.004550,-0.001024,-0.013938
447664710.000,ZR,handheld,水平,right,rotate_hint,充电口朝左,2,0.294846,0.214407,9.782872,-0.005462,-0.009699,-0.012734
447664720.000,ZR,handheld,水平,right,rotate_hint,充电口朝左,2,0.342121,0.229852,9.711861,-0.016620,-0.003483,-0.006737
447664730.000,ZR,handheld,水平,right,recording,充电口朝外,3,0.325116,0.240101,9.743981,-0.019702,-0.001104,-0.002393
447664740.000,ZR,handheld,水平,right,recording,充电口朝外,3,0.285848,0.253150,9.816549,-0.011916,-0.006098,0.003476
447664750.000,ZR,handheld,水平,right,recording,充电口朝外,3,0.251055,0.259569,9.821975,-0.000640,-0.012840,0.014003
447664760.000,ZR,handheld,水平,right,recording,充电口朝外,3,0.238213,0.253421,9.835388,0.006148,-0.013568,0.025049
447664770.000,ZR,handheld,水平,right,recording,充电口朝外,3,0.244214,0.232809,9.782452,0.003555,-0.006224,0.031672
447664780.000,ZR,handheld,水平,right,recording,充电口朝外,3,0.312907,0.209156,9.788356,-0.002258,-0.000903,0.027852
447664790.000,ZR,handheld,水平,right,recording,充电口朝外,3,0.329379,0.163996,9.758243,-0.010869,-0.004131,0.021742
447664800.000,ZR,handheld,水平,right,recording,充电口朝外,3,0.302389,0.210692,9.784864,-0.016019,-0.004744,0.017852
447664810.000,ZR,handheld,水平,right,recording,充电口朝外,3,0.282579,0.237637,9.850347,-0.011047,0.000714,0.016005
447664820.000,ZR,handheld,水平,right,recording,充电口朝外,3,0.248452,0.238867,9.822383,-0.008421,0.000062,0.018908
447664830.000,ZR,handheld,水平,right,recording,充电口朝外,3,0.239801,0.233029,9.819680,-0.010468,0.005751,0.021540
447664840.000,ZR,handheld,水平,right,recording,充电口朝外,3,0.270807,0.211969,9.851435,-0.006442,0.012941,0.020647
447664850.000,ZR,handheld,水平,right,recording,充电口朝外,3,0.254191,0.225900,9.875058,-0.004786,0.008694,0.014057
447664860.000,ZR,handheld,水平,right,recording,充电口朝外,3,0.239097,0.210045,9.860412,-0.003207,-0.000023,0.009752
447664870.000,ZR,handheld,水平,right,recording,充电口朝外,3,0.208084,0.199985,9.830589,-0.005976,-0.002706,0.011609
447664880.000,ZR,handheld,水平,right,recording,充电口朝外,3,0.202607,0.218266,9.810216,-0.010007,-0.002234,0.015812
447664890.000,ZR,handheld,水平,right,recording,充电口朝外,3,0.210349,0.209402,9.802099,-0.013944,-0.001984,0.018195
447664900.000,ZR,handheld,水平,right,recording,充电口朝外,3,0.244853,0.236826,9.826938,-0.011459,-0.010946,0.016499
447664910.000,ZR,handheld,水平,right,recording,充电口朝外,3,0.219446,0.250670,9.853949,-0.003972,-0.014815,0.017893
447664920.000,ZR,handheld,水平,right,recording,充电口朝外,3,0.208796,0.254462,9.827052,-0.002552,-0.014291,0.024483
447664930.000,ZR,handheld,水平,right,recording,充电口朝外,3,0.289505,0.257433,9.791969,-0.003797,-0.006792,0.025503
447664940.000,ZR,handheld,水平,right,recording,充电口朝外,3,0.216253,0.243676,9.842376,-0.004909,-0.002624,0.026311
447664950.000,ZR,handheld,水平,right,recording,充电口朝外,3,0.207708,0.217543,9.792561,-0.010610,-0.012698,0.027406
447664960.000,ZR,handheld,水平,right,recording,充电口朝外,3,0.183869,0.223743,9.779720,-0.018943,-0.020318,0.029128
447664970.000,ZR,handheld,水平,right,recording,充电口朝外,3,0.209667,0.238508,9.813911,-0.020510,-0.021533,0.031304
447664980.000,ZR,handheld,水平,right,recording,充电口朝外,3,0.176015,0.206707,9.822489,-0.015248,-0.019683,0.032034
447664990.000,ZR,handheld,水平,right,recording,充电口朝外,3,0.205128,0.174058,9.795353,-0.010861,-0.012012,0.030652
447665000.000,ZR,handheld,水平,right,recording,充电口朝外,3,0.233357,0.162182,9.752848,-0.010172,0.000628,0.024884
447665010.000,ZR,handheld,水平,right,recording,充电口朝外,3,0.275618,0.143105,9.738743,-0.011475,0.013347,0.011184
447665020.000,ZR,handheld,水平,right,recording,充电口朝外,3,0.214948,0.143700,9.749825,-0.008883,0.015769,0.001564
447665030.000,ZR,handheld,水平,right,recording,充电口朝外,3,0.192003,0.138586,9.795687,-0.005756,0.006892,-0.001397
447665040.000,ZR,handheld,水平,right,recording,充电口朝外,3,0.138716,0.129484,9.805611,-0.000912,0.000053,0.001913
447665050.000,ZR,handheld,水平,right,recording,充电口朝外,3,0.149608,0.148724,9.802035,0.002105,-0.010861,0.009172
447665060.000,ZR,handheld,水平,right,recording,充电口朝外,3,0.184271,0.136833,9.807075,0.006250,-0.018947,0.013799
447665070.000,ZR,handheld,水平,right,recording,充电口朝外,3,0.189829,0.142764,9.796444,0.008057,-0.025993,0.013894
447665080.000,ZR,handheld,水平,right,recording,充电口朝外,3,0.219844,0.149243,9.779391,0.009906,-0.028307,0.008829
447665090.000,ZR,handheld,水平,right,recording,充电口朝外,3,0.258438,0.164695,9.757898,0.007279,-0.021466,0.005354
447665100.000,ZR,handheld,水平,right,recording,充电口朝外,3,0.240501,0.190984,9.725589,-0.001623,-0.006782,0.007073
447665110.000,ZR,handheld,水平,right,recording,充电口朝外,3,0.283462,0.192512,9.743183,-0.006576,0.006462,0.003098
447665120.000,ZR,handheld,水平,right,recording,充电口朝外,3,0.273274,0.193495,9.771914,-0.005728,0.019422,-0.001759
447665130.000,ZR,handheld,水平,right,recording,充电口朝外,3,0.220934,0.196932,9.816695,0.000595,0.018808,-0.004603
447665140.000,ZR,handheld,水平,right,recording,充电口朝外,3,0.208778,0.208536,9.830977,0.008446,0.001093,-0.001975
447665150.000,ZR,handheld,水平,right,recording,充电口朝外,3,0.224839,0.202058,9.895067,0.018626,-0.009690,0.004085
447665160.000,ZR,handheld,水平,right,recording,充电口朝外,3,0.164358,0.255380,9.799962,0.017992,-0.014408,0.017616
447665170.000,ZR,handheld,水平,right,recording,充电口朝外,3,0.245218,0.221196,9.836534,0.012601,-0.001465,0.022078
447665180.000,ZR,handheld,水平,right,recording,充电口朝外,3,0.219793,0.211662,9.816318,0.008086,0.002235,0.018940
447665190.000,ZR,handheld,水平,right,recording,充电口朝外,3,0.245027,0.211241,9.813722,-0.001193,-0.004991,0.011422
447665200.000,ZR,handheld,水平,right,recording,充电口朝外,3,0.195377,0.150672,9.790930,-0.009806,-0.006018,0.008683
447665210.000,ZR,handheld,水平,right,recording,充电口朝外,3,0.188423,0.164554,9.797759,-0.012301,-0.001500,0.009467
447665220.000,ZR,handheld,水平,right,recording,充电口朝外,3,0.187165,0.143411,9.856720,-0.002737,-0.004191,0.009435
447665230.000,ZR,handheld,水平,right,recording,充电口朝外,3,0.149476,0.148843,9.877076,0.014194,-0.018921,0.009662
447665240.000,ZR,handheld,水平,right,recording,充电口朝外,3,0.216289,0.134357,9.828021,0.026570,-0.028969,0.004174
447665250.000,ZR,handheld,水平,right,recording,充电口朝外,3,0.207334,0.164232,9.839567,0.030518,-0.021811,-0.000324
447665260.000,ZR,handheld,水平,right,recording,充电口朝外,3,0.247220,0.164658,9.772713,0.015712,-0.015221,-0.003760
447665270.000,ZR,handheld,水平,right,recording,充电口朝外,3,0.277127,0.194767,9.739875,-0.008053,-0.011208,-0.007170
447665280.000,ZR,handheld,水平,right,recording,充电口朝外,3,0.274109,0.197886,9.735996,-0.029058,-0.001572,-0.007590
447665290.000,ZR,handheld,水平,right,recording,充电口朝外,3,0.256495,0.215623,9.788906,-0.032358,0.005485,-0.010355
447665300.000,ZR,handheld,水平,right,recording,充电口朝外,3,0.234968,0.202509,9.901979,-0.016847,0.002237,-0.013207
447665310.000,ZR,handheld,水平,right,recording,充电口朝外,3,0.266560,0.191540,9.875098,-0.000148,-0.014400,-0.013960
447665320.000,ZR,handheld,水平,right,recording,充电口朝外,3,0.190109,0.236918,9.946301,0.018941,-0.029530,-0.005211
447665330.000,ZR,handheld,水平,right,recording,充电口朝外,3,0.259088,0.243079,9.905985,0.033190,-0.040553,0.002215
447665340.000,ZR,handheld,水平,right,recording,充电口朝外,3,0.281410,0.250841,9.845575,0.029064,-0.037792,0.009874
447665350.000,ZR,handheld,水平,right,recording,充电口朝外,3,0.269506,0.249236,9.785987,0.013314,-0.023872,0.016644
447665360.000,ZR,handheld,水平,right,recording,充电口朝外,3,0.280539,0.260277,9.786768,-0.004616,-0.013162,0.017536
447665370.000,ZR,handheld,水平,right,recording,充电口朝外,3,0.257573,0.228645,9.780626,-0.019537,-0.011596,0.013999
447665380.000,ZR,handheld,水平,right,recording,充电口朝外,3,0.269282,0.212868,9.782026,-0.030656,-0.013130,0.008584
447665390.000,ZR,handheld,水平,right,recording,充电口朝外,3,0.226681,0.193286,9.820198,-0.030013,-0.011099,0.003904
447665400.000,ZR,handheld,水平,right,recording,充电口朝外,3,0.278811,0.166137,9.786499,-0.024272,-0.006666,-0.002695
447665410.000,ZR,handheld,水平,right,recording,充电口朝外,3,0.247270,0.136195,9.797071,-0.018224,-0.003657,-0.008744
447665420.000,ZR,handheld,水平,right,recording,充电口朝外,3,0.270090,0.145575,9.799828,-0.013027,-0.002694,-0.013202
447665430.000,ZR,handheld,水平,right,recording,充电口朝外,3,0.253439,0.140826,9.780564,-0.013904,0.002465,-0.012695
447665440.000,ZR,handheld,水平,right,recording,充电口朝外,3,0.251756,0.132699,9.744995,-0.017027,-0.005309,-0.006792
447665450.000,ZR,handheld,水平,right,recording,充电口朝外,3,0.189689,0.161451,9.809026,-0.011170,-0.020174,0.000965
447665460.000,ZR,handheld,水平,right,recording,充电口朝外,3,0.221199,0.169046,9.795473,-0.002776,-0.032779,0.006565
447665470.000,ZR,handheld,水平,right,recording,充电口朝外,3,0.249896,0.188305,9.813158,0.008543,-0.036785,0.006645
447665480.000,ZR,handheld,水平,right,recording,充电口朝外,3,0.282300,0.185219,9.767351,0.014593,-0.034991,0.003173
447665490.000,ZR,handheld,水平,right,recording,充电口朝外,3,0.287078,0.186832,9.764229,0.011310,-0.028378,0.000879
447665500.000,ZR,handheld,水平,right,recording,充电口朝外,3,0.319385,0.199503,9.731292,0.005464,-0.011193,-0.001344
447665510.000,ZR,handheld,水平,right,recording,充电口朝外,3,0.345849,0.217436,9.749183,0.005446,-0.000821,-0.006814
447665520.000,ZR,handheld,水平,right,recording,充电口朝外,3,0.262064,0.224990,9.837847,0.012145,0.002990,-0.006222
447665530.000,ZR,handheld,水平,right,recording,充电口朝外,3,0.270165,0.226017,9.807206,0.016256,-0.000994,-0.001710
447665540.000,ZR,handheld,水平,right,recording,充电口朝外,3,0.270297,0.240090,9.840989,0.014804,0.000300,0.002784
447665550.000,ZR,handheld,水平,right,recording,充电口朝外,3,0.243516,0.253446,9.814550,0.007479,-0.001660,0.004789
447665560.000,ZR,handheld,水平,right,recording,充电口朝外,3,0.302128,0.207176,9.829832,0.000220,-0.000266,0.001838
447665570.000,ZR,handheld,水平,right,recording,充电口朝外,3,0.239868,0.203827,9.804942,-0.009754,0.001805,-0.000691
447665580.000,ZR,handheld,水平,right,recording,充电口朝外,3,0.238261,0.208205,9.811580,-0.018935,0.000027,-0.002439
447665590.000,ZR,handheld,水平,right,recording,充电口朝外,3,0.255234,0.200439,9.825986,-0.019624,-0.005740,-0.004908
447665600.000,ZR,handheld,水平,right,recording,充电口朝外,3,0.244599,0.190040,9.885552,-0.009918,-0.012568,-0.004113
447665610.000,ZR,handheld,水平,right,recording,充电口朝外,3,0.216741,0.188240,9.892764,0.003441,-0.022022,0.000124
447665620.000,ZR,handheld,水平,right,recording,充电口朝外,3,0.215298,0.183625,9.847242,0.011984,-0.023518,0.003832
447665630.000,ZR,handheld,水平,right,recording,充电口朝外,3,0.244585,0.203169,9.799698,0.007514,-0.008742,0.002532
447665640.000,ZR,handheld,水平,right,recording,充电口朝外,3,0.262795,0.173263,9.738873,-0.010991,0.003873,-0.004608
447665650.000,ZR,handheld,水平,right,recording,充电口朝外,3,0.254220,0.160670,9.717767,-0.031455,0.004578,-0.008636
447665660.000,ZR,handheld,水平,right,recording,充电口朝外,3,0.268845,0.175895,9.753222,-0.038346,-0.000864,-0.011944
447665670.000,ZR,handheld,水平,right,recording,充电口朝外,3,0.268306,0.169123,9.820433,-0.030342,-0.000504,-0.012051
447665680.000,ZR,handheld,水平,right,recording,充电口朝外,3,0.297360,0.163197,9.800247,-0.012230,-0.003495,-0.013793
447665690.000,ZR,handheld,水平,right,recording,充电口朝外,3,0.323422,0.164769,9.822169,0.006421,-0.005204,-0.014932
447665700.000,ZR,handheld,水平,right,recording,充电口朝外,3,0.329284,0.158679,9.739328,0.012640,-0.001601,-0.014670
447665710.000,ZR,handheld,水平,right,recording,充电口朝外,3,0.338328,0.149625,9.718401,0.012932,-0.006930,-0.011675
447665720.000,ZR,handheld,水平,right,recording,充电口朝外,3,0.368103,0.171617,9.821099,0.020600,-0.008029,-0.010596
447665730.000,ZR,handheld,水平,right,recording,充电口朝外,3,0.367780,0.174417,9.768885,0.021486,0.003247,-0.009587
447665740.000,ZR,handheld,水平,right,recording,充电口朝外,3,0.322968,0.211373,9.747350,0.021320,0.018558,-0.008446
447665750.000,ZR,handheld,水平,right,recording,充电口朝外,3,0.324387,0.228925,9.814681,0.020289,0.026377,-0.010618
447665760.000,ZR,handheld,水平,right,recording,充电口朝外,3,0.307856,0.209110,9.814506,0.014494,0.029067,-0.010699
447665770.000,ZR,handheld,水平,right,recording,充电口朝外,3,0.294882,0.214580,9.794118,0.000200,0.026334,-0.007035
447665780.000,ZR,handheld,水平,right,recording,充电口朝外,3,0.275446,0.225405,9.784729,-0.017071,0.020409,0.000532
447665790.000,ZR,handheld,水平,right,recording,充电口朝外,3,0.316727,0.220878,9.813440,-0.024753,0.016936,0.003372
447665800.000,ZR,handheld,水平,right,recording,充电口朝外,3,0.332457,0.220588,9.843972,-0.021163,0.020503,-0.000429
447665810.000,ZR,handheld,水平,right,recording,充电口朝外,3,0.292563,0.225085,9.865206,-0.009727,0.018387,-0.005401
447665820.000,ZR,handheld,水平,right,recording,充电口朝外,3,0.288291,0.235091,9.915252,0.011948,0.000462,-0.008809
447665830.000,ZR,handheld,水平,right,recording,充电口朝外,3,0.264093,0.247500,9.946753,0.031659,-0.025098,-0.003169
447665840.000,ZR,handheld,水平,right,recording,充电口朝外,3,0.260901,0.255675,9.912002,0.034093,-0.039694,0.008083
447665850.000,ZR,handheld,水平,right,recording,充电口朝外,3,0.301427,0.246675,9.806642,0.015473,-0.034578,0.021229
447665860.000,ZR,handheld,水平,right,recording,充电口朝外,3,0.353725,0.232551,9.785468,-0.008222,-0.017300,0.025913
447665870.000,ZR,handheld,水平,right,recording,充电口朝外,3,0.351687,0.205752,9.769876,-0.027620,-0.004898,0.021442
447665880.000,ZR,handheld,水平,right,recording,充电口朝外,3,0.312646,0.175986,9.822825,-0.036044,-0.000888,0.013828
447665890.000,ZR,handheld,水平,right,recording,充电口朝外,3,0.287757,0.163231,9.829073,-0.028249,-0.012703,0.010157
447665900.000,ZR,handheld,水平,right,recording,充电口朝外,3,0.256479,0.143530,9.886474,-0.011006,-0.018211,0.012693
447665910.000,ZR,handheld,水平,right,recording,充电口朝外,3,0.262045,0.126131,9.823465,0.002236,-0.021325,0.017243
447665920.000,ZR,handheld,水平,right,recording,充电口朝外,3,0.302416,0.137082,9.822183,0.011056,-0.016534,0.017420
447665930.000,ZR,handheld,水平,right,recording,充电口朝外,3,0.291547,0.124875,9.816624,0.013387,-0.003768,0.013151
447665940.000,ZR,handheld,水平,right,recording,充电口朝外,3,0.263494,0.144168,9.747217,0.005802,-0.001399,0.006093
447665950.000,ZR,handheld,水平,right,recording,充电口朝外,3,0.272297,0.124634,9.757101,-0.004849,-0.005179,-0.000410
447665960.000,ZR,handheld,水平,right,recording,充电口朝外,3,0.235097,0.150420,9.741715,-0.018711,-0.000355,-0.003207
447665970.000,ZR,handheld,水平,right,recording,充电口朝外,3,0.291725,0.147499,9.730925,-0.027354,0.005947,-0.007048
447665980.000,ZR,handheld,水平,right,recording,充电口朝外,3,0.287525,0.166042,9.802222,-0.022152,0.010747,-0.009634
447665990.000,ZR,handheld,水平,right,recording,充电口朝外,3,0.271151,0.153753,9.795315,-0.011553,0.007384,-0.009125
447666000.000,ZR,handheld,水平,right,recording,充电口朝外,3,0.285215,0.155658,9.811856,0.004924,0.000538,-0.011128
447666010.000,ZR,handheld,水平,right,recording,充电口朝外,3,0.292950,0.195896,9.837625,0.020264,-0.007585,-0.010245
447666020.000,ZR,handheld,水平,right,recording,充电口朝外,3,0.256615,0.216097,9.781187,0.021194,-0.010343,-0.002439
447666030.000,ZR,handheld,水平,right,recording,充电口朝外,3,0.277294,0.209200,9.718136,0.009981,-0.010556,0.002616
447666040.000,ZR,handheld,水平,right,recording,充电口朝外,3,0.340987,0.212912,9.794571,0.002900,-0.011221,0.006634
447666050.000,ZR,handheld,水平,right,recording,充电口朝外,3,0.252810,0.241206,9.788799,-0.001697,-0.014806,0.016190
447666060.000,ZR,handheld,水平,right,recording,充电口朝外,3,0.325222,0.214978,9.765310,-0.005426,-0.009456,0.022070
447666070.000,ZR,handheld,水平,right,recording,充电口朝外,3,0.296626,0.218186,9.765441,-0.008004,0.002026,0.022510
447666080.000,ZR,handheld,水平,right,recording,充电口朝外,3,0.312572,0.190545,9.748278,-0.008621,0.008022,0.015441
447666090.000,ZR,handheld,水平,right,recording,充电口朝外,3,0.316585,0.158619,9.810100,0.003062,0.005989,0.006743
447666100.000,ZR,handheld,水平,right,recording,充电口朝外,3,0.263878,0.143674,9.786016,0.014418,-0.007504,0.007620
447666110.000,ZR,handheld,水平,right,recording,充电口朝外,3,0.275903,0.149944,9.852110,0.027291,-0.015607,0.012102
447666120.000,ZR,handheld,水平,right,recording,充电口朝外,3,0.298060,0.149679,9.827839,0.034417,-0.019579,0.011170
447666130.000,ZR,handheld,水平,right,recording,充电口朝外,3,0.302304,0.153042,9.769424,0.026039,-0.007824,0.007344
447666140.000,ZR,handheld,水平,right,recording,充电口朝外,3,0.298941,0.180959,9.751068,0.010915,0.006443,0.002919
447666150.000,ZR,handheld,水平,right,recording,充电口朝外,3,0.315525,0.181229,9.807367,0.002012,0.014296,-0.003559
447666160.000,ZR,handheld,水平,right,recording,充电口朝外,3,0.305806,0.206446,9.868958,0.002475,0.006889,-0.010968
447666170.000,ZR,handheld,水平,right,recording,充电口朝外,3,0.216568,0.222582,9.847993,0.005978,-0.005976,-0.009185
447666180.000,ZR,handheld,水平,right,recording,充电口朝外,3,0.261396,0.240382,9.878901,0.009127,-0.016324,-0.001809
447666190.000,ZR,handheld,水平,right,recording,充电口朝外,3,0.252973,0.232888,9.856695,0.011408,-0.018869,0.008067
447666200.000,ZR,handheld,水平,right,recording,充电口朝外,3,0.264809,0.218814,9.819420,0.007978,-0.024450,0.015668
447666210.000,ZR,handheld,水平,right,recording,充电口朝外,3,0.310452,0.204375,9.826560,0.003575,-0.011889,0.014711
447666220.000,ZR,handheld,水平,right,recording,充电口朝外,3,0.325460,0.189149,9.771794,-0.007012,-0.000100,0.005081
447666230.000,ZR,handheld,水平,right,recording,充电口朝外,3,0.309410,0.173286,9.796620,-0.016463,0.005449,-0.000831
447666240.000,ZR,handheld,水平,right,recording,充电口朝外,3,0.260364,0.175120,9.811064,-0.017902,0.004504,-0.001266
447666250.000,ZR,handheld,水平,right,recording,充电口朝外,3,0.286270,0.156012,9.855746,-0.007587,0.000780,-0.000938
447666260.000,ZR,handheld,水平,right,recording,充电口朝外,3,0.252402,0.163792,9.854080,0.002692,-0.008358,0.003934
447666270.000,ZR,handheld,水平,right,recording,充电口朝外,3,0.224618,0.156263,9.783746,0.006050,-0.018550,0.012594
447666280.000,ZR,handheld,水平,right,recording,充电口朝外,3,0.298379,0.163812,9.801438,0.006657,-0.017058,0.012631
447666290.000,ZR,handheld,水平,right,recording,充电口朝外,3,0.299882,0.165784,9.805784,0.010718,-0.014142,0.009089
447666300.000,ZR,handheld,水平,right,recording,充电口朝外,3,0.281455,0.162702,9.830053,0.013457,-0.019129,0.002260
447666310.000,ZR,handheld,水平,right,recording,充电口朝外,3,0.312612,0.195547,9.828827,0.016830,-0.022824,-0.003778
447666320.000,ZR,handheld,水平,right,recording,充电口朝外,3,0.299666,0.206893,9.828559,0.010798,-0.021430,-0.002292
447666330.000,ZR,handheld,水平,right,recording,充电口朝外,3,0.303665,0.199846,9.745173,-0.000737,-0.016635,0.002009
447666340.000,ZR,handheld,水平,right,recording,充电口朝外,3,0.342490,0.195812,9.752301,-0.013095,-0.000944,0.002435
447666350.000,ZR,handheld,水平,right,recording,充电口朝外,3,0.364259,0.177387,9.780217,-0.018164,0.006269,-0.001300
447666360.000,ZR,handheld,水平,right,recording,充电口朝外,3,0.298323,0.162380,9.819774,-0.011772,0.000664,-0.000731
447666370.000,ZR,handheld,水平,right,recording,充电口朝外,3,0.291394,0.170858,9.868229,0.005388,-0.009155,0.000899
447666380.000,ZR,handheld,水平,right,recording,充电口朝外,3,0.295291,0.176498,9.842038,0.017464,-0.009942,0.003541
447666390.000,ZR,handheld,水平,right,recording,充电口朝外,3,0.326411,0.191022,9.807083,0.026343,-0.007783,0.001513
447666400.000,ZR,handheld,水平,right,recording,充电口朝外,3,0.321354,0.201916,9.847087,0.026132,-0.007674,-0.001789
447666410.000,ZR,handheld,水平,right,recording,充电口朝外,3,0.338266,0.188265,9.789292,0.013881,-0.011304,-0.001609
447666420.000,ZR,handheld,水平,right,recording,充电口朝外,3,0.334521,0.188475,9.778800,-0.003486,-0.001942,0.000509
447666430.000,ZR,handheld,水平,right,recording,充电口朝外,3,0.316320,0.207110,9.754728,-0.020338,0.009564,-0.001058
447666440.000,ZR,handheld,水平,right,recording,充电口朝外,3,0.344643,0.198062,9.844223,-0.023377,0.014380,-0.008323
447666450.000,ZR,handheld,水平,right,recording,充电口朝外,3,0.271529,0.202501,9.862941,-0.013753,0.002065,-0.008168
447666460.000,ZR,handheld,水平,right,recording,充电口朝外,3,0.259573,0.210497,9.916354,-0.001042,-0.005377,-0.002324
447666470.000,ZR,handheld,水平,right,recording,充电口朝外,3,0.267070,0.219143,9.826521,0.005189,-0.010345,0.001732
447666480.000,ZR,handheld,水平,right,recording,充电口朝外,3,0.303112,0.228837,9.845370,0.005601,-0.004973,0.003563
447666490.000,ZR,handheld,水平,right,recording,充电口朝外,3,0.310976,0.212354,9.775151,-0.004747,-0.001385,0.002505
447666500.000,ZR,handheld,水平,right,recording,充电口朝外,3,0.302105,0.194353,9.754780,-0.014888,-0.010819,-0.000573
447666510.000,ZR,handheld,水平,right,recording,充电口朝外,3,0.267259,0.226780,9.838611,-0.011506,-0.025766,-0.003604
447666520.000,ZR,handheld,水平,right,recording,充电口朝外,3,0.304743,0.214783,9.830911,-0.002281,-0.029526,-0.004518
447666530.000,ZR,handheld,水平,right,recording,充电口朝外,3,0.245486,0.231686,9.792904,0.001935,-0.025656,0.000659
447666540.000,ZR,handheld,水平,right,recording,充电口朝外,3,0.297186,0.213489,9.768016,-0.002652,-0.023171,0.003480
447666550.000,ZR,handheld,水平,right,recording,充电口朝外,3,0.392116,0.181555,9.731156,-0.011435,-0.021890,-0.003491
447666560.000,ZR,handheld,水平,right,recording,充电口朝外,3,0.368959,0.176642,9.711858,-0.021636,-0.014204,-0.012833
447666570.000,ZR,handheld,水平,right,recording,充电口朝外,3,0.380364,0.160144,9.660722,-0.028268,-0.000739,-0.019592
447666580.000,ZR,handheld,水平,right,recording,充电口朝外,3,0.368292,0.166328,9.675168,-0.028053,0.020096,-0.022653
447666590.000,ZR,handheld,水平,right,recording,充电口朝外,3,0.367419,0.164297,9.707208,-0.015333,0.029130,-0.024109
447666600.000,ZR,handheld,水平,right,recording,充电口朝外,3,0.358808,0.166990,9.748062,0.002701,0.025721,-0.020848
447666610.000,ZR,handheld,水平,right,recording,充电口朝外,3,0.327255,0.196405,9.807108,0.024584,0.011429,-0.011763
447666620.000,ZR,handheld,水平,right,recording,充电口朝外,3,0.332563,0.207746,9.803594,0.044290,0.001052,-0.002454
447666630.000,ZR,handheld,水平,right,recording,充电口朝外,3,0.334133,0.214638,9.769092,0.050358,0.004534,0.004921
447666640.000,ZR,handheld,水平,right,recording,充电口朝外,3,0.326503,0.227965,9.772511,0.045847,0.009390,0.009126
447666650.000,ZR,handheld,水平,right,recording,充电口朝外,3,0.317498,0.216438,9.781013,0.032762,0.010112,0.010343
447666660.000,ZR,handheld,水平,right,recording,充电口朝外,3,0.326501,0.225508,9.780881,0.014012,0.012880,0.008082
447666670.000,ZR,handheld,水平,right,recording,充电口朝外,3,0.325556,0.226319,9.799511,-0.000189,0.018807,0.003836
447666680.000,ZR,handheld,水平,right,recording,充电口朝外,3,0.323135,0.227712,9.807664,-0.003782,0.018435,-0.001756
447666690.000,ZR,handheld,水平,right,recording,充电口朝外,3,0.268767,0.240728,9.882646,0.005630,0.010250,-0.001465
447666700.000,ZR,handheld,水平,right,recording,充电口朝外,3,0.270959,0.227820,9.884646,0.018720,0.004639,0.001796
447666710.000,ZR,handheld,水平,right,recording,充电口朝外,3,0.290992,0.207114,9.846402,0.024993,0.003187,0.006528
447666720.000,ZR,handheld,水平,right,recording,充电口朝外,3,0.304038,0.208640,9.849130,0.025413,0.001682,0.010229
447666730.000,ZR,handheld,水平,right,recording,充电口朝外,3,0.276245,0.231783,9.853579,0.023602,-0.002216,0.010682
447666740.000,ZR,handheld,水平,right,recording,充电口朝外,3,0.302731,0.221412,9.856335,0.017753,-0.004687,0.007813
447666750.000,ZR,handheld,水平,right,recording,充电口朝外,3,0.275226,0.216714,9.855936,0.005373,-0.001437,0.008012
447666760.000,ZR,handheld,水平,right,recording,充电口朝外,3,0.276082,0.202692,9.850892,-0.004378,-0.000306,0.010665
447666770.000,ZR,handheld,水平,right,recording,充电口朝外,3,0.279597,0.193737,9.862020,-0.008701,-0.005874,0.014936
447666780.000,ZR,handheld,水平,right,recording,充电口朝外,3,0.277120,0.194372,9.883508,-0.007305,-0.010150,0.018057
447666790.000,ZR,handheld,水平,right,recording,充电口朝外,3,0.210806,0.250798,9.805763,-0.007114,-0.024108,0.024192
447666800.000,ZR,handheld,水平,right,recording,充电口朝外,3,0.467582,0.138898,9.896412,0.003189,-0.009207,0.015872
447666810.000,ZR,handheld,水平,right,recording,充电口朝外,3,0.313171,0.236702,9.796183,0.013995,-0.016090,0.010969
447666820.000,ZR,handheld,水平,right,recording,充电口朝外,3,0.245926,0.184931,9.905682,0.028957,-0.027925,0.008964
447666830.000,ZR,handheld,水平,right,recording,充电口朝外,3,0.346380,0.222961,9.841840,0.029196,-0.020252,0.005371
447666840.000,ZR,handheld,水平,right,recording,充电口朝外,3,0.338041,0.229946,9.764294,0.012111,-0.000996,0.000575
447666850.000,ZR,handheld,水平,right,recording,充电口朝外,3,0.351482,0.218772,9.773468,-0.009296,0.006910,-0.003589
447666860.000,ZR,handheld,水平,right,recording,充电口朝外,3,0.337470,0.232991,9.790829,-0.025608,0.002904,-0.003887
447666870.000,ZR,handheld,水平,right,recording,充电口朝外,3,0.289720,0.205250,9.789539,-0.028572,0.002587,-0.002506
447666880.000,ZR,handheld,水平,right,recording,充电口朝外,3,0.329288,0.205212,9.847783,-0.018195,-0.000976,-0.002044
447666890.000,ZR,handheld,水平,right,recording,充电口朝外,3,0.285278,0.212014,9.802503,-0.006068,-0.000024,0.000880
447666900.000,ZR,handheld,水平,right,recording,充电口朝外,3,0.315568,0.222540,9.809185,0.006198,0.001273,0.003429
447666910.000,ZR,handheld,水平,right,recording,充电口朝外,3,0.355057,0.219768,9.861034,0.019249,0.003135,0.001683
447666920.000,ZR,handheld,水平,right,recording,充电口朝外,3,0.313838,0.201526,9.790567,0.018862,0.001193,0.004210
447666930.000,ZR,handheld,水平,right,recording,充电口朝外,3,0.321715,0.224884,9.751438,0.008226,-0.001041,0.005748
447666940.000,ZR,handheld,水平,right,recording,充电口朝外,3,0.329230,0.208271,9.788030,-0.003852,0.003194,0.006204
447666950.000,ZR,handheld,水平,right,recording,充电口朝外,3,0.299177,0.210612,9.780829,-0.012523,0.003417,0.008157
447666960.000,ZR,handheld,水平,right,recording,充电口朝外,3,0.305699,0.213450,9.787696,-0.012074,-0.000062,0.010159
447666970.000,ZR,handheld,水平,right,recording,充电口朝外,3,0.326174,0.217825,9.848260,-0.002764,0.005697,0.005692
447666980.000,ZR,handheld,水平,right,recording,充电口朝外,3,0.325640,0.206844,9.831196,0.005860,0.010921,0.000287
447666990.000,ZR,handheld,水平,right,recording,充电口朝外,3,0.331547,0.189823,9.775546,0.004660,0.011929,-0.001224
447667000.000,ZR,handheld,水平,right,recording,充电口朝外,3,0.334999,0.196476,9.749712,-0.002408,0.010367,-0.003017
447667010.000,ZR,handheld,水平,right,recording,充电口朝外,3,0.343418,0.205903,9.761261,-0.007071,0.012933,-0.003705
447667020.000,ZR,handheld,水平,right,recording,充电口朝外,3,0.335856,0.218546,9.765947,-0.009943,0.015077,-0.002252
447667030.000,ZR,handheld,水平,right,recording,充电口朝外,3,0.324556,0.218263,9.765027,-0.009091,0.013178,-0.000299
447667040.000,ZR,handheld,水平,right,recording,充电口朝外,3,0.320226,0.226425,9.837173,0.001394,0.005675,0.001750
447667050.000,ZR,handheld,水平,right,recording,充电口朝外,3,0.304536,0.254152,9.864734,0.015512,-0.006402,0.006140
447667060.000,ZR,handheld,水平,right,recording,充电口朝外,3,0.259182,0.240666,9.847270,0.021206,-0.015093,0.015045
447667070.000,ZR,handheld,水平,right,recording,充电口朝外,3,0.307809,0.236607,9.812109,0.015244,-0.010897,0.018545
447667080.000,ZR,handheld,水平,right,recording,充电口朝外,3,0.359952,0.222971,9.834416,0.007285,0.005140,0.014233
447667090.000,ZR,handheld,水平,right,recording,充电口朝外,3,0.291474,0.226464,9.788253,-0.004214,0.012744,0.010078
447667100.000,ZR,handheld,水平,right,recording,充电口朝外,3,0.286747,0.237252,9.823806,-0.012370,0.010843,0.005975
447667110.000,ZR,handheld,水平,right,recording,充电口朝外,3,0.279698,0.242270,9.840084,-0.013422,0.007785,0.002625
447667120.000,ZR,handheld,水平,right,recording,充电口朝外,3,0.310536,0.231034,9.830071,-0.012436,0.007146,0.001264
447667130.000,ZR,handheld,水平,right,recording,充电口朝外,3,0.280227,0.222079,9.842170,-0.008440,0.014661,0.002501
447667140.000,ZR,handheld,水平,right,recording,充电口朝外,3,0.302618,0.207560,9.842380,-0.003080,0.012243,0.000536
447667150.000,ZR,handheld,水平,right,recording,充电口朝外,3,0.249072,0.194448,9.865607,0.000259,0.003397,-0.002208
447667160.000,ZR,handheld,水平,right,recording,充电口朝外,3,0.273500,0.179490,9.813369,-0.000790,-0.005361,-0.001281
447667170.000,ZR,handheld,水平,right,recording,充电口朝外,3,0.314384,0.211544,9.822463,-0.001105,-0.004416,-0.000950
447667180.000,ZR,handheld,水平,right,recording,充电口朝外,3,0.290873,0.216591,9.813250,-0.003606,-0.000809,0.000316
447667190.000,ZR,handheld,水平,right,recording,充电口朝外,3,0.309779,0.224952,9.818689,-0.005557,0.003746,-0.001125
447667200.000,ZR,handheld,水平,right,recording,充电口朝外,3,0.316762,0.211609,9.832063,-0.002649,0.001799,-0.001204
447667210.000,ZR,handheld,水平,right,recording,充电口朝外,3,0.306580,0.217374,9.831380,-0.000611,-0.003886,0.003727
447667220.000,ZR,handheld,水平,right,recording,充电口朝外,3,0.304504,0.212301,9.814971,-0.001951,-0.000689,0.008770
447667230.000,ZR,handheld,水平,right,recording,充电口朝外,3,0.345607,0.198549,9.796460,-0.006683,0.011003,0.008514
447667240.000,ZR,handheld,水平,right,recording,充电口朝外,3,0.320839,0.205663,9.783198,-0.009659,0.023549,0.003979
447667250.000,ZR,handheld,水平,right,recording,充电口朝外,3,0.328171,0.187169,9.771183,-0.009893,0.020332,-0.001660
447667260.000,ZR,handheld,水平,right,recording,充电口朝外,3,0.304418,0.204006,9.849691,-0.003231,0.011582,-0.005484
447667270.000,ZR,handheld,水平,right,recording,充电口朝外,3,0.263528,0.209303,9.853714,0.004400,0.004665,-0.003861
447667280.000,ZR,handheld,水平,right,recording,充电口朝外,3,0.252010,0.200652,9.822424,0.002831,0.000532,0.000560
447667290.000,ZR,handheld,水平,right,recording,充电口朝外,3,0.292893,0.212221,9.825362,-0.003936,0.002608,0.004103
447667300.000,ZR,handheld,水平,right,recording,充电口朝外,3,0.296290,0.213609,9.772941,-0.017006,0.008419,0.006389
447667310.000,ZR,handheld,水平,right,recording,充电口朝外,3,0.308004,0.218197,9.757617,-0.026272,0.010410,0.004076
447667320.000,ZR,handheld,水平,right,recording,充电口朝外,3,0.299315,0.214639,9.778370,-0.025988,0.010896,0.001694
447667330.000,ZR,handheld,水平,right,recording,充电口朝外,3,0.308666,0.206163,9.792941,-0.015390,0.010269,-0.000853
447667340.000,ZR,handheld,水平,right,recording,充电口朝外,3,0.305284,0.206738,9.828066,-0.003177,0.012158,-0.001337
447667350.000,ZR,handheld,水平,right,recording,充电口朝外,3,0.272692,0.242591,9.797799,0.003597,0.009355,0.001823
447667360.000,ZR,handheld,水平,right,recording,充电口朝外,3,0.277131,0.249657,9.796100,0.003968,0.007300,0.007223
447667370.000,ZR,handheld,水平,right,recording,充电口朝外,3,0.296718,0.254356,9.751237,-0.004212,0.007889,0.010110
447667380.000,ZR,handheld,水平,right,recording,充电口朝外,3,0.277979,0.246624,9.773780,-0.007112,0.009416,0.013066
447667390.000,ZR,handheld,水平,right,recording,充电口朝外,3,0.285729,0.210455,9.774044,-0.011302,0.008255,0.012075
447667400.000,ZR,handheld,水平,right,recording,充电口朝外,3,0.301502,0.172021,9.740112,-0.017597,0.007924,0.006058
447667410.000,ZR,handheld,水平,right,recording,充电口朝外,3,0.325138,0.164542,9.707558,-0.026228,0.015011,0.001272
447667420.000,ZR,handheld,水平,right,recording,充电口朝外,3,0.299114,0.190595,9.694565,-0.031350,0.013914,0.001124
447667430.000,ZR,handheld,水平,right,recording,充电口朝外,3,0.293008,0.181006,9.781618,-0.018558,0.013350,0.002987
447667440.000,ZR,handheld,水平,right,recording,充电口朝外,3,0.245017,0.168773,9.844297,0.005809,0.008654,0.006644
447667450.000,ZR,handheld,水平,right,recording,充电口朝外,3,0.221133,0.188528,9.844464,0.029197,-0.000610,0.013871
447667460.000,ZR,handheld,水平,right,recording,充电口朝外,3,0.258445,0.185536,9.844052,0.042953,-0.002011,0.016058
447667470.000,ZR,handheld,水平,right,recording,充电口朝外,3,0.262118,0.201502,9.768372,0.036897,0.001906,0.013135
447667480.000,ZR,handheld,水平,right,recording,充电口朝外,3,0.348801,0.199087,9.721124,0.016459,0.018635,0.004697
447667490.000,ZR,handheld,水平,right,recording,充电口朝外,3,0.333368,0.173263,9.748536,-0.005386,0.037624,-0.003826
447667500.000,ZR,handheld,水平,right,recording,充电口朝外,3,0.261754,0.190704,9.753089,-0.020816,0.042104,-0.009286
447667510.000,ZR,handheld,水平,right,recording,充电口朝外,3,0.245651,0.184579,9.823247,-0.020275,0.035421,-0.010066
447667520.000,ZR,handheld,水平,right,recording,充电口朝外,3,0.206444,0.196995,9.856661,-0.011928,0.029554,-0.006013
447667530.000,ZR,handheld,水平,right,recording,充电口朝外,3,0.250209,0.206842,9.835426,-0.004198,0.021235,-0.001979
447667540.000,ZR,handheld,水平,right,recording,充电口朝外,3,0.235207,0.205285,9.816211,0.004608,0.013605,0.000167
447667550.000,ZR,handheld,水平,right,recording,充电口朝外,3,0.257937,0.227838,9.825580,0.011298,0.002733,0.001446
447667560.000,ZR,handheld,水平,right,recording,充电口朝外,3,0.259158,0.222934,9.855180,0.013314,0.000796,0.002270
447667570.000,ZR,handheld,水平,right,recording,充电口朝外,3,0.266540,0.239033,9.805140,0.007948,0.001515,0.004474
447667580.000,ZR,handheld,水平,right,recording,充电口朝外,3,0.261147,0.253022,9.825862,-0.001142,0.002057,0.006797
447667590.000,ZR,handheld,水平,right,recording,充电口朝外,3,0.277938,0.229690,9.837581,-0.005800,-0.004195,0.010603
447667600.000,ZR,handheld,水平,right,recording,充电口朝外,3,0.218380,0.238410,9.832764,-0.006089,-0.007464,0.017831
447667610.000,ZR,handheld,水平,right,recording,充电口朝外,3,0.274154,0.212211,9.829325,-0.002383,-0.003308,0.019197
447667620.000,ZR,handheld,水平,right,recording,充电口朝外,3,0.282697,0.195350,9.822135,0.003098,0.008177,0.014464
447667630.000,ZR,handheld,水平,right,recording,充电口朝外,3,0.233940,0.172135,9.792887,0.007056,0.011041,0.008889
447667640.000,ZR,handheld,水平,right,recording,充电口朝外,3,0.232588,0.168292,9.821149,0.012767,0.004631,0.004246
447667650.000,ZR,handheld,水平,right,recording,充电口朝外,3,0.224058,0.167947,9.802097,0.012617,0.001673,0.005087
447667660.000,ZR,handheld,水平,right,recording,充电口朝外,3,0.235380,0.161766,9.759478,0.000381,0.006761,0.005525
447667670.000,ZR,handheld,水平,right,recording,充电口朝外,3,0.239921,0.165447,9.734296,-0.016427,0.012356,0.000777
447667680.000,ZR,handheld,水平,right,recording,充电口朝外,3,0.248717,0.175167,9.760031,-0.026411,0.022444,-0.005941
447667690.000,ZR,handheld,水平,right,recording,充电口朝外,3,0.220752,0.178321,9.787869,-0.023571,0.020982,-0.013713
447667700.000,ZR,handheld,水平,right,recording,充电口朝外,3,0.225509,0.179402,9.844877,-0.012078,0.015164,-0.017902
447667710.000,ZR,handheld,水平,right,recording,充电口朝外,3,0.232981,0.192794,9.814214,0.001511,0.003665,-0.018424
447667720.000,ZR,handheld,水平,right,recording,充电口朝外,3,0.227816,0.207161,9.844395,0.013852,-0.001755,-0.012482
447667730.000,ZR,handheld,水平,right,recording,充电口朝外,3,0.246517,0.208127,9.761894,0.012101,-0.003933,-0.002321
447667740.000,ZR,handheld,水平,right,recording,充电口朝外,3,0.277631,0.224785,9.732561,0.004318,-0.002239,0.002179
447667750.000,ZR,handheld,水平,right,recording,充电口朝外,3,0.254606,0.234224,9.767275,0.001607,0.001106,0.003625
447667760.000,ZR,handheld,水平,right,recording,充电口朝外,3,0.252587,0.239313,9.776414,0.002039,0.000481,0.005288
447667770.000,ZR,handheld,水平,right,recording,充电口朝外,3,0.246253,0.232992,9.763012,0.001604,0.003605,0.007923
447667780.000,ZR,handheld,水平,right,recording,充电口朝外,3,0.245443,0.244538,9.756264,0.000995,0.008439,0.008383
447667790.000,ZR,handheld,水平,right,recording,充电口朝外,3,0.245914,0.209646,9.773750,0.004346,0.006493,0.006455
447667800.000,ZR,handheld,水平,right,recording,充电口朝外,3,0.244104,0.173840,9.807456,0.011908,0.004072,0.000019
447667810.000,ZR,handheld,水平,right,recording,充电口朝外,3,0.230576,0.189266,9.798025,0.021071,-0.000229,-0.002463
447667820.000,ZR,handheld,水平,right,recording,充电口朝外,3,0.228087,0.172278,9.791660,0.021842,0.006162,-0.001375
447667830.000,ZR,handheld,水平,right,recording,充电口朝外,3,0.249985,0.166736,9.767009,0.011782,0.014201,-0.000783
447667840.000,ZR,handheld,水平,right,recording,充电口朝外,3,0.258456,0.183324,9.818677,0.006819,0.017145,-0.001203
447667850.000,ZR,handheld,水平,right,recording,充电口朝外,3,0.241515,0.189572,9.840256,0.006853,0.007752,-0.001204
447667860.000,ZR,handheld,水平,right,recording,充电口朝外,3,0.227407,0.204839,9.856684,0.010482,-0.003437,-0.001338
447667870.000,ZR,handheld,水平,right,recording,充电口朝外,3,0.203238,0.218438,9.900622,0.019260,-0.011454,-0.001222
447667880.000,ZR,handheld,水平,right,recording,充电口朝外,3,0.230158,0.224901,9.892220,0.026934,-0.016819,-0.001222
447667890.000,ZR,handheld,水平,right,recording,充电口朝外,3,0.210411,0.213637,9.834044,0.022524,-0.019642,0.000593
447667900.000,ZR,handheld,水平,right,recording,充电口朝外,3,0.251857,0.260391,9.799962,0.009364,-0.011471,0.001184
447667910.000,ZR,handheld,水平,right,recording,充电口朝外,3,0.237664,0.244164,9.801662,-0.004399,-0.001354,0.000570
447667920.000,ZR,handheld,水平,right,recording,充电口朝外,3,0.248267,0.220473,9.842950,-0.010579,-0.005179,0.000897
447667930.000,ZR,handheld,水平,right,recording,充电口朝外,3,0.218005,0.191086,9.864788,-0.010095,-0.012450,0.001970
447667940.000,ZR,handheld,水平,right,recording,充电口朝外,3,0.237495,0.188279,9.844547,-0.009033,-0.010691,0.001716
447667950.000,ZR,handheld,水平,right,recording,充电口朝外,3,0.250006,0.184222,9.801766,-0.006603,-0.005280,-0.000725
447667960.000,ZR,handheld,水平,right,recording,充电口朝外,3,0.225031,0.183049,9.791558,-0.004962,-0.003765,-0.000668
447667970.000,ZR,handheld,水平,right,recording,充电口朝外,3,0.236317,0.182518,9.780702,-0.003476,-0.006704,-0.001471
447667980.000,ZR,handheld,水平,right,recording,充电口朝外,3,0.225699,0.188136,9.788971,-0.000415,-0.006929,-0.001374
447667990.000,ZR,handheld,水平,right,recording,充电口朝外,3,0.208701,0.219963,9.806244,0.007265,-0.007960,-0.001222
447668000.000,ZR,handheld,水平,right,recording,充电口朝外,3,0.250696,0.198145,9.810102,0.013216,-0.005897,-0.004417
447668010.000,ZR,handheld,水平,right,recording,充电口朝外,3,0.236525,0.208976,9.816006,0.016248,-0.003591,-0.007104
447668020.000,ZR,handheld,水平,right,recording,充电口朝外,3,0.244221,0.219000,9.804657,0.015174,-0.008563,-0.007795
447668030.000,ZR,handheld,水平,right,recording,充电口朝外,3,0.260701,0.226108,9.848665,0.013241,-0.011922,-0.010516
447668040.000,ZR,handheld,水平,right,recording,充电口朝外,3,0.246151,0.246216,9.792565,0.007465,-0.014485,-0.005660
447668050.000,ZR,handheld,水平,right,recording,充电口朝外,3,0.251971,0.240125,9.801135,-0.001858,-0.005198,-0.001537
447668060.000,ZR,handheld,水平,right,recording,充电口朝外,3,0.266116,0.232646,9.759311,-0.010265,0.000796,0.000050
447668070.000,ZR,handheld,水平,right,recording,充电口朝外,3,0.286169,0.211905,9.781644,-0.016192,0.005335,-0.002683
447668080.000,ZR,handheld,水平,right,recording,充电口朝外,3,0.295276,0.191191,9.769329,-0.013514,0.004869,-0.008063
447668090.000,ZR,handheld,水平,right,recording,充电口朝外,3,0.245227,0.206042,9.824527,-0.003474,-0.001050,-0.006009
447668100.000,ZR,handheld,水平,right,recording,充电口朝外,3,0.255070,0.206972,9.813280,0.007847,-0.006425,-0.002089
447668110.000,ZR,handheld,水平,right,recording,充电口朝外,3,0.252095,0.225106,9.815999,0.018096,-0.006046,0.000077
447668120.000,ZR,handheld,水平,right,recording,充电口朝外,3,0.288125,0.212423,9.781237,0.017878,-0.005293,0.001017
447668130.000,ZR,handheld,水平,right,recording,充电口朝外,3,0.272496,0.234512,9.746662,0.009787,-0.009911,0.002106
447668140.000,ZR,handheld,水平,right,recording,充电口朝外,3,0.260731,0.243982,9.778561,0.004880,-0.014963,0.004547
447668150.000,ZR,handheld,水平,right,recording,充电口朝外,3,0.281624,0.269131,9.821615,0.004305,-0.010800,0.006542
447668160.000,ZR,handheld,水平,right,recording,充电口朝外,3,0.241228,0.266653,9.798548,0.003035,-0.006393,0.010780
447668170.000,ZR,handheld,水平,right,recording,充电口朝外,3,0.260214,0.258213,9.797451,0.001429,-0.002219,0.011495
447668180.000,ZR,handheld,水平,right,recording,充电口朝外,3,0.278351,0.262067,9.774227,-0.002117,0.000330,0.008805
447668190.000,ZR,handheld,水平,right,recording,充电口朝外,3,0.263082,0.241297,9.777554,-0.002426,-0.001787,0.008618
447668200.000,ZR,handheld,水平,right,recording,充电口朝外,3,0.235153,0.224774,9.785608,-0.000191,-0.008683,0.009007
447668210.000,ZR,handheld,水平,right,recording,充电口朝外,3,0.270017,0.182706,9.774218,0.004541,-0.013769,0.006373
447668220.000,ZR,handheld,水平,right,recording,充电口朝外,3,0.264728,0.166679,9.742347,0.011940,-0.011784,0.003213
447668230.000,ZR,handheld,水平,right,recording,充电口朝外,3,0.262827,0.181151,9.784005,0.020342,-0.004345,-0.000164
447668240.000,ZR,handheld,水平,right,recording,充电口朝外,3,0.273741,0.177597,9.757111,0.025171,-0.003153,-0.004087
447668250.000,ZR,handheld,水平,right,recording,充电口朝外,3,0.296643,0.211024,9.810503,0.027239,-0.002233,-0.011225
447668260.000,ZR,handheld,水平,right,recording,充电口朝外,3,0.266020,0.222044,9.794048,0.021202,0.000475,-0.010803
447668270.000,ZR,handheld,水平,right,recording,充电口朝外,3,0.273681,0.248344,9.769385,0.007751,0.013397,-0.008371
447668280.000,ZR,handheld,水平,right,recording,充电口朝外,3,0.258800,0.253462,9.778004,-0.003827,0.030072,-0.005985
447668290.000,ZR,handheld,水平,right,recording,充电口朝外,3,0.225482,0.259648,9.822488,-0.008452,0.032801,-0.001490
447668300.000,ZR,handheld,水平,right,recording,充电口朝外,3,0.203047,0.268754,9.866443,-0.008558,0.023787,0.004527
447668310.000,ZR,handheld,水平,right,recording,充电口朝外,3,0.234752,0.269570,9.843993,-0.002782,0.007633,0.009470
447668320.000,ZR,handheld,水平,right,recording,充电口朝外,3,0.197115,0.250815,9.901277,0.008738,-0.003353,0.012991
447668330.000,ZR,handheld,水平,right,recording,充电口朝外,3,0.235583,0.263733,9.837570,0.016460,-0.009812,0.013332
447668340.000,ZR,handheld,水平,right,recording,充电口朝外,3,0.263366,0.265933,9.823860,0.019347,-0.006877,0.008100
447668350.000,ZR,handheld,水平,right,recording,充电口朝外,3,0.278806,0.295619,9.814507,0.012987,-0.004425,0.000951
447668360.000,ZR,handheld,水平,right,recording,充电口朝外,3,0.230755,0.299281,9.797655,0.001016,-0.004438,0.002994
447668370.000,ZR,handheld,水平,right,recording,充电口朝外,3,0.232468,0.289110,9.810753,-0.007772,-0.008752,0.005885
447668380.000,ZR,handheld,水平,right,recording,充电口朝外,3,0.251274,0.281634,9.824760,-0.010275,-0.007924,0.007346
447668390.000,ZR,handheld,水平,right,recording,充电口朝外,3,0.230776,0.227086,9.806087,-0.007283,-0.011305,0.008664
447668400.000,ZR,handheld,水平,right,recording,充电口朝外,3,0.255740,0.233463,9.861509,0.004320,-0.011771,0.006850
447668410.000,ZR,handheld,水平,right,recording,充电口朝外,3,0.241703,0.201465,9.812761,0.011012,-0.011513,0.005590
447668420.000,ZR,handheld,水平,right,recording,充电口朝外,3,0.239362,0.213569,9.770293,0.009812,-0.014771,0.006221
447668430.000,ZR,handheld,水平,right,recording,充电口朝外,3,0.267368,0.214822,9.859992,0.015881,-0.009701,0.003852
447668440.000,ZR,handheld,水平,right,recording,充电口朝外,3,0.233951,0.220586,9.813176,0.014034,-0.007368,0.003036
447668450.000,ZR,handheld,水平,right,recording,充电口朝外,3,0.228015,0.231411,9.783132,0.007073,-0.001594,0.000390
447668460.000,ZR,handheld,水平,right,recording,充电口朝外,3,0.244400,0.219258,9.791279,-0.001518,0.006424,-0.004220
447668470.000,ZR,handheld,水平,right,recording,充电口朝外,3,0.192710,0.197408,9.827595,-0.006109,0.002908,-0.008164
447668480.000,ZR,handheld,水平,right,recording,充电口朝外,3,0.221908,0.200542,9.832127,-0.008608,-0.000834,-0.010811
447668490.000,ZR,handheld,水平,right,recording,充电口朝外,3,0.249636,0.204167,9.816264,-0.011106,-0.003481,-0.010774
447668500.000,ZR,handheld,水平,right,recording,充电口朝外,3,0.192312,0.217728,9.840429,-0.010478,-0.003464,-0.006552
447668510.000,ZR,handheld,水平,right,recording,充电口朝外,3,0.246893,0.250801,9.827701,-0.008105,-0.009241,-0.004462
447668520.000,ZR,handheld,水平,right,recording,充电口朝外,3,0.258274,0.241472,9.852814,-0.000087,-0.017127,-0.001868
447668530.000,ZR,handheld,水平,right,recording,充电口朝外,3,0.262324,0.254834,9.839288,0.007187,-0.022232,-0.000222
447668540.000,ZR,handheld,水平,right,recording,充电口朝外,3,0.309116,0.231914,9.799003,0.006273,-0.017433,0.001166
447668550.000,ZR,handheld,水平,right,recording,充电口朝外,3,0.298392,0.230033,9.782021,0.002981,-0.006161,0.002370
447668560.000,ZR,handheld,水平,right,recording,充电口朝外,3,0.316651,0.231334,9.802054,-0.000242,-0.005704,0.002001
447668570.000,ZR,handheld,水平,right,recording,充电口朝外,3,0.291138,0.222636,9.813495,-0.003949,-0.005221,0.002705
447668580.000,ZR,handheld,水平,right,recording,充电口朝外,3,0.299074,0.248099,9.805741,-0.005663,-0.007201,0.004020
447668590.000,ZR,handheld,水平,right,recording,充电口朝外,3,0.300801,0.236118,9.821038,-0.005631,-0.002514,0.005130
447668600.000,ZR,handheld,水平,right,recording,充电口朝外,3,0.269770,0.249250,9.757313,-0.008649,-0.001204,0.005759
447668610.000,ZR,handheld,水平,right,recording,充电口朝外,3,0.271059,0.229766,9.786833,-0.006284,0.000010,0.000690
447668620.000,ZR,handheld,水平,right,recording,充电口朝外,3,0.257629,0.210959,9.805326,-0.004317,0.000772,-0.003279
447668630.000,ZR,handheld,水平,right,recording,充电口朝外,3,0.238240,0.226155,9.750401,-0.003849,-0.000092,-0.002554
447668640.000,ZR,handheld,水平,right,recording,充电口朝外,3,0.257582,0.227740,9.806880,-0.001040,0.001971,-0.002443
447668650.000,ZR,handheld,水平,right,recording,充电口朝外,3,0.240014,0.220012,9.803961,0.002418,0.002226,-0.001333
447668660.000,ZR,handheld,水平,right,recording,充电口朝外,3,0.272067,0.239002,9.790357,0.007293,-0.007739,-0.001222
447668670.000,ZR,handheld,水平,right,recording,充电口朝外,3,0.269783,0.228097,9.854588,0.013281,-0.012761,-0.001651
447668680.000,ZR,handheld,水平,right,recording,充电口朝外,3,0.280199,0.224742,9.754823,0.008668,-0.013971,-0.002816
447668690.000,ZR,handheld,水平,right,recording,充电口朝外,3,0.300673,0.225920,9.788746,0.004349,-0.004465,-0.005779
447668700.000,ZR,handheld,水平,right,recording,充电口朝外,3,0.280061,0.236616,9.790369,-0.001649,-0.009432,-0.005517
447668710.000,ZR,handheld,水平,right,recording,充电口朝外,3,0.266314,0.228573,9.839154,0.000235,-0.018129,-0.005425
447668720.000,ZR,handheld,水平,right,recording,充电口朝外,3,0.253069,0.256088,9.826333,0.005989,-0.024687,-0.003640
447668730.000,ZR,handheld,水平,right,recording,充电口朝外,3,0.281124,0.253747,9.793419,0.004781,-0.023070,-0.000658
447668740.000,ZR,handheld,水平,right,recording,充电口朝外,3,0.325341,0.256667,9.764342,0.000777,-0.010217,0.002379
447668750.000,ZR,handheld,水平,right,recording,充电口朝外,3,0.330053,0.247843,9.769807,-0.002990,-0.004541,0.003292
447668760.000,ZR,handheld,水平,right,recording,充电口朝外,3,0.308650,0.264263,9.804896,0.000146,-0.001961,0.002270
447668770.000,ZR,handheld,水平,right,recording,充电口朝外,3,0.307323,0.277158,9.813359,0.008617,-0.003392,-0.001041
447668780.000,ZR,handheld,水平,right,recording,充电口朝外,3,0.298031,0.262978,9.855887,0.017879,-0.004686,0.001122
447668790.000,ZR,handheld,水平,right,recording,充电口朝外,3,0.246649,0.265295,9.836654,0.019740,-0.009465,0.006867
447668800.000,ZR,handheld,水平,right,recording,充电口朝外,3,0.268501,0.257226,9.851128,0.017905,-0.018640,0.010678
447668810.000,ZR,handheld,水平,right,recording,充电口朝外,3,0.214419,0.273909,9.832437,0.008904,-0.023378,0.014708
447668820.000,ZR,handheld,水平,right,recording,充电口朝外,3,0.266651,0.251364,9.804514,-0.003079,-0.013029,0.013665
447668830.000,ZR,handheld,水平,right,recording,充电口朝外,3,0.310415,0.220880,9.780322,-0.018271,0.004280,0.005171
447668840.000,ZR,handheld,水平,right,recording,充电口朝外,3,0.295680,0.209564,9.780051,-0.026043,0.016661,-0.002805
447668850.000,ZR,handheld,水平,right,recording,充电口朝外,3,0.273642,0.185694,9.857624,-0.018613,0.009801,-0.006411
447668860.000,ZR,handheld,水平,right,recording,充电口朝外,3,0.252717,0.205700,9.892127,-0.005142,-0.007040,-0.002958
447668870.000,ZR,handheld,水平,right,recording,充电口朝外,3,0.238609,0.202087,9.858976,0.006217,-0.017854,0.004366
447668880.000,ZR,handheld,水平,right,recording,充电口朝外,3,0.257135,0.221687,9.823723,0.005548,-0.013158,0.011811
447668890.000,ZR,handheld,水平,right,recording,充电口朝外,3,0.286237,0.227117,9.766190,-0.000257,-0.003620,0.008695
447668900.000,ZR,handheld,水平,right,recording,充电口朝外,3,0.295166,0.212287,9.798859,-0.006086,0.001742,-0.000294
447668910.000,ZR,handheld,水平,right,recording,充电口朝外,3,0.288010,0.216150,9.794241,-0.009163,-0.001860,-0.008272
447668920.000,ZR,handheld,水平,right,recording,充电口朝外,3,0.238963,0.226830,9.811475,-0.005023,-0.009757,-0.010277
447668930.000,ZR,handheld,水平,right,recording,充电口朝外,3,0.265955,0.250662,9.848931,0.001391,-0.013372,-0.004271
447668940.000,ZR,handheld,水平,right,recording,充电口朝外,3,0.266791,0.235537,9.799868,0.001587,-0.009365,0.002039
447668950.000,ZR,handheld,水平,right,recording,充电口朝外,3,0.271165,0.261598,9.770298,-0.004024,-0.009416,0.006738
447668960.000,ZR,handheld,水平,right,recording,充电口朝外,3,0.331582,0.264279,9.807077,-0.003058,-0.005113,0.002899
447668970.000,ZR,handheld,水平,right,recording,充电口朝外,3,0.338819,0.237550,9.786540,-0.002031,-0.000343,-0.002673
447668980.000,ZR,handheld,水平,right,recording,充电口朝外,3,0.360416,0.251899,9.782665,-0.000060,0.001003,-0.007364
447668990.000,ZR,handheld,水平,right,recording,充电口朝外,3,0.271368,0.277031,9.842021,0.010453,0.003272,-0.003992
447669000.000,ZR,handheld,水平,right,recording,充电口朝外,3,0.267639,0.264528,9.799044,0.009400,-0.004341,0.004197
447669010.000,ZR,handheld,水平,right,recording,充电口朝外,3,0.271592,0.239252,9.816595,0.008123,-0.011728,0.012556
447669020.000,ZR,handheld,水平,right,recording,充电口朝外,3,0.281656,0.258976,9.810475,-0.000839,-0.015919,0.015020
447669030.000,ZR,handheld,水平,right,recording,充电口朝外,3,0.347123,0.207308,9.729358,-0.013472,-0.012544,0.009830
447669040.000,ZR,handheld,水平,right,recording,充电口朝外,3,0.357113,0.199637,9.715044,-0.024272,-0.002069,-0.000089
447669050.000,ZR,handheld,水平,right,recording,充电口朝外,3,0.366218,0.186971,9.732300,-0.027472,0.007940,-0.010348
447669060.000,ZR,handheld,水平,right,recording,充电口朝外,3,0.341818,0.208431,9.748006,-0.016583,0.015308,-0.013853
447669070.000,ZR,handheld,水平,right,recording,充电口朝外,3,0.323335,0.219215,9.839812,0.002160,0.008821,-0.013763
447669080.000,ZR,handheld,水平,right,recording,充电口朝外,3,0.296504,0.251468,9.891204,0.025948,0.002101,-0.005495
447669090.000,ZR,handheld,水平,right,recording,充电口朝外,3,0.283504,0.274885,9.818182,0.034049,-0.002229,0.007766
447669100.000,ZR,handheld,水平,right,recording,充电口朝外,3,0.308282,0.282772,9.833063,0.028166,0.002161,0.014394
447669110.000,ZR,handheld,水平,right,recording,充电口朝外,3,0.279003,0.304974,9.797543,0.012495,0.011775,0.016870
447669120.000,ZR,handheld,水平,right,recording,充电口朝外,3,0.275779,0.291221,9.771916,-0.009051,0.021354,0.012104
447669130.000,ZR,handheld,水平,right,recording,充电口朝外,3,0.298833,0.238974,9.761985,-0.032609,0.031213,0.005565
447669140.000,ZR,handheld,水平,right,recording,充电口朝外,3,0.265899,0.229197,9.780700,-0.043395,0.034817,0.000484
447669150.000,ZR,handheld,水平,right,recording,充电口朝外,3,0.229575,0.221077,9.822011,-0.035106,0.025893,-0.000665
447669160.000,ZR,handheld,水平,right,recording,充电口朝外,3,0.231874,0.220776,9.887406,-0.011810,0.004561,0.001711
447669170.000,ZR,handheld,水平,right,recording,充电口朝外,3,0.224011,0.232968,9.880378,0.014254,-0.014625,0.011618
447669180.000,ZR,handheld,水平,right,recording,充电口朝外,3,0.255336,0.228258,9.809200,0.027144,-0.026186,0.020038
447669190.000,ZR,handheld,水平,right,recording,充电口朝外,3,0.319956,0.240371,9.759010,0.025555,-0.021328,0.019829
447669200.000,ZR,handheld,水平,right,recording,充电口朝外,3,0.341109,0.250169,9.744255,0.014234,-0.005629,0.011663
447669210.000,ZR,handheld,水平,right,recording,充电口朝外,3,0.330828,0.247527,9.699199,-0.005669,0.012371,0.006206
447669220.000,ZR,handheld,水平,right,recording,充电口朝外,3,0.296631,0.264395,9.754736,-0.018016,0.025914,0.002367
447669230.000,ZR,handheld,水平,right,recording,充电口朝外,3,0.276544,0.260370,9.849175,-0.014887,0.031712,0.002645
447669240.000,ZR,handheld,水平,right,recording,充电口朝外,3,0.250492,0.259816,9.855310,-0.007799,0.021749,0.008303
447669250.000,ZR,handheld,水平,right,recording,充电口朝外,3,0.213035,0.247260,9.886148,0.001490,0.009884,0.016367
447669260.000,ZR,handheld,水平,right,recording,充电口朝外,3,0.210535,0.234890,9.836921,0.005498,0.004709,0.020734
447669270.000,ZR,handheld,水平,right,recording,充电口朝外,3,0.256186,0.224310,9.796185,-0.001693,0.009905,0.015881
447669280.000,ZR,handheld,水平,right,recording,充电口朝外,3,0.247799,0.240226,9.764692,-0.007160,0.012765,0.008627
447669290.000,ZR,handheld,水平,right,recording,充电口朝外,3,0.231156,0.248510,9.816293,-0.011703,0.007116,0.003189
447669300.000,ZR,handheld,水平,right,recording,充电口朝外,3,0.212242,0.236294,9.796149,-0.012598,-0.002608,0.004294
447669310.000,ZR,handheld,水平,right,recording,充电口朝外,3,0.234001,0.222339,9.788690,-0.012456,-0.010134,0.004905
447669320.000,ZR,handheld,水平,right,recording,充电口朝外,3,0.271977,0.214308,9.787763,-0.012005,-0.011952,0.004356
447669330.000,ZR,handheld,水平,right,recording,充电口朝外,3,0.319114,0.199257,9.785237,-0.007490,-0.007127,-0.000000
447669340.000,ZR,handheld,水平,right,recording,充电口朝外,3,0.316336,0.191434,9.807066,-0.002488,-0.005613,-0.003134
447669350.000,ZR,handheld,水平,right,recording,充电口朝外,3,0.290423,0.187070,9.806166,0.008014,-0.007668,-0.003754
447669360.000,ZR,handheld,水平,right,recording,充电口朝外,3,0.301539,0.214250,9.824493,0.017974,-0.012935,-0.002727
447669370.000,ZR,handheld,水平,right,recording,充电口朝外,3,0.287893,0.244744,9.835318,0.020911,-0.009489,0.002562
447669380.000,ZR,handheld,水平,right,recording,充电口朝外,3,0.282487,0.263661,9.797522,0.018821,-0.002448,0.008724
447669390.000,ZR,handheld,水平,right,recording,充电口朝外,3,0.295204,0.281399,9.848212,0.012231,-0.000159,0.012768
447669400.000,ZR,handheld,水平,right,recording,充电口朝外,3,0.250032,0.267959,9.845031,0.000779,-0.003142,0.017232
447669410.000,ZR,handheld,水平,right,recording,充电口朝外,3,0.248963,0.255781,9.837916,-0.006424,0.000592,0.017422
447669420.000,ZR,handheld,水平,right,recording,充电口朝外,3,0.263271,0.237709,9.845136,-0.012816,0.009409,0.014098
447669430.000,ZR,handheld,水平,right,recording,充电口朝外,3,0.253964,0.222000,9.842916,-0.016887,0.008159,0.007242
447669440.000,ZR,handheld,水平,right,recording,充电口朝外,3,0.221837,0.196929,9.873242,-0.015571,0.002261,0.001245
447669450.000,ZR,handheld,水平,right,recording,充电口朝外,3,0.236726,0.189198,9.850256,-0.010425,-0.001151,-0.001569
447669460.000,ZR,handheld,水平,right,recording,充电口朝外,3,0.227314,0.181266,9.818622,-0.014599,0.002258,-0.004948
447669470.000,ZR,handheld,水平,right,recording,充电口朝外,3,0.270127,0.181347,9.786711,-0.019420,0.004518,-0.008025
447669480.000,ZR,handheld,水平,right,recording,充电口朝外,3,0.241163,0.167976,9.808218,-0.022356,0.003718,-0.009321
447669490.000,ZR,handheld,水平,right,recording,充电口朝外,3,0.234480,0.205940,9.804063,-0.022483,0.002121,-0.008117
447669500.000,ZR,handheld,水平,right,recording,充电口朝外,3,0.280747,0.189986,9.776927,-0.019744,-0.003725,-0.010904
447669510.000,ZR,handheld,水平,right,recording,充电口朝外,3,0.271267,0.200364,9.803887,-0.011651,-0.010431,-0.011922
447669520.000,ZR,handheld,水平,right,recording,充电口朝外,3,0.245742,0.220081,9.739320,-0.008260,-0.018650,-0.010855
447669530.000,ZR,handheld,水平,right,recording,充电口朝外,3,0.285252,0.204411,9.759271,-0.003688,-0.022079,-0.008485
447669540.000,ZR,handheld,水平,right,recording,充电口朝外,3,0.273867,0.218006,9.780365,0.004410,-0.015313,-0.002954
447669550.000,ZR,handheld,水平,right,recording,充电口朝外,3,0.310413,0.228840,9.762092,0.011046,-0.009270,0.000784
447669560.000,ZR,handheld,水平,right,recording,充电口朝外,3,0.322725,0.203899,9.792373,0.014853,-0.006110,-0.000331
447669570.000,ZR,handheld,水平,right,recording,充电口朝外,3,0.319556,0.240993,9.784682,0.014172,-0.009790,0.001500
447669580.000,ZR,handheld,水平,right,recording,充电口朝外,3,0.299113,0.245542,9.754498,0.005292,-0.004819,0.000595
447669590.000,ZR,handheld,水平,right,recording,充电口朝外,3,0.369458,0.240278,9.719431,-0.005113,0.008199,-0.001624
447669600.000,ZR,handheld,水平,right,recording,充电口朝外,3,0.261008,0.257756,9.743663,-0.011571,0.015219,-0.001222
447669610.000,ZR,handheld,水平,right,recording,充电口朝外,3,0.296353,0.221089,9.786705,-0.005812,0.005655,-0.002758
447669620.000,ZR,handheld,水平,right,recording,充电口朝外,3,0.247594,0.210843,9.843285,0.005412,-0.004486,-0.002024
447669630.000,ZR,handheld,水平,right,recording,充电口朝外,3,0.253667,0.209231,9.793677,0.014853,-0.005863,-0.001990
447669640.000,ZR,handheld,水平,right,recording,充电口朝外,3,0.302427,0.223126,9.775980,0.014346,0.000650,-0.001431
447669650.000,ZR,handheld,水平,right,recording,充电口朝外,3,0.292507,0.217854,9.766035,0.006978,0.005391,-0.000471
447669660.000,ZR,handheld,水平,right,recording,充电口朝外,3,0.292019,0.209268,9.761878,0.001637,0.001413,-0.001047
447669670.000,ZR,handheld,水平,right,recording,充电口朝外,3,0.301802,0.211167,9.812694,-0.002407,0.000717,0.000263
447669680.000,ZR,handheld,水平,right,recording,充电口朝外,3,0.241893,0.214519,9.799198,-0.001709,0.000540,0.004349
447669690.000,ZR,handheld,水平,right,recording,充电口朝外,3,0.283788,0.219091,9.809818,0.001389,-0.003072,0.007364
447669700.000,ZR,handheld,水平,right,recording,充电口朝外,3,0.291191,0.210278,9.871457,0.012470,-0.008177,0.006842
447669710.000,ZR,handheld,水平,right,recording,充电口朝外,3,0.263297,0.217933,9.836821,0.021439,-0.015734,0.006076
447669720.000,ZR,handheld,水平,right,recording,充电口朝外,3,0.278681,0.213913,9.832825,0.025846,-0.014765,0.006838
447669730.000,ZR,handheld,水平,right,recording,充电口朝外,3,0.324193,0.220445,9.809373,0.021924,-0.010755,0.005200
447669740.000,ZR,handheld,水平,right,recording,充电口朝外,3,0.303975,0.197191,9.783243,0.008415,-0.000244,0.005565
447669750.000,ZR,handheld,水平,right,recording,充电口朝外,3,0.296879,0.206951,9.838251,0.000762,0.011740,0.004152
447669760.000,ZR,handheld,水平,right,recording,充电口朝外,3,0.283661,0.193500,9.862404,-0.002533,0.013948,0.000713
447669770.000,ZR,handheld,水平,right,recording,充电口朝外,3,0.260501,0.200270,9.902146,-0.000108,0.004240,-0.000944
447669780.000,ZR,handheld,水平,right,recording,充电口朝外,3,0.247345,0.220829,9.910357,0.003689,-0.006062,-0.001204
447669790.000,ZR,handheld,水平,right,recording,充电口朝外,3,0.259776,0.276846,9.865330,-0.000275,-0.009866,-0.001552
447669800.000,ZR,handheld,水平,right,recording,充电口朝外,3,0.267187,0.259606,9.885132,-0.006104,-0.005327,0.000041
447669810.000,ZR,handheld,水平,right,recording,充电口朝外,3,0.260027,0.268132,9.871232,-0.009902,-0.009211,0.002270
447669820.000,ZR,handheld,水平,right,recording,充电口朝外,3,0.262181,0.260726,9.881379,-0.011002,-0.016795,0.004828
447669830.000,ZR,handheld,水平,right,recording,充电口朝外,3,0.237032,0.272763,9.832509,-0.016577,-0.017145,0.009608
447669840.000,ZR,handheld,水平,right,recording,充电口朝外,3,0.263749,0.213060,9.776506,-0.024415,-0.014655,0.010263
447669850.000,ZR,handheld,水平,right,recording,充电口朝外,3,0.310640,0.192172,9.773364,-0.026355,-0.019457,0.008631
447669860.000,ZR,handheld,水平,right,recording,充电口朝外,3,0.307750,0.164656,9.790375,-0.021467,-0.016637,0.006005
447669870.000,ZR,handheld,水平,right,recording,充电口朝外,3,0.347521,0.178336,9.733770,-0.015294,-0.014069,-0.000181
447669880.000,ZR,handheld,水平,right,recording,充电口朝外,3,0.327657,0.182609,9.772512,-0.007468,-0.010116,-0.004354
447669890.000,ZR,handheld,水平,right,recording,充电口朝外,3,0.346539,0.200531,9.741223,-0.001663,-0.006558,-0.006022
447669900.000,ZR,handheld,水平,right,recording,充电口朝外,3,0.324701,0.231985,9.707261,-0.001644,-0.001103,-0.005740
447669910.000,ZR,handheld,水平,right,recording,充电口朝外,3,0.337621,0.230588,9.708349,-0.005268,0.004267,-0.003863
447669920.000,ZR,handheld,水平,right,recording,充电口朝外,3,0.298845,0.249931,9.733758,-0.002871,0.009537,0.000349
447669930.000,ZR,handheld,水平,right,recording,充电口朝外,3,0.284577,0.242109,9.731477,0.000153,0.013241,0.005099
447669940.000,ZR,handheld,水平,right,recording,充电口朝外,3,0.291548,0.255399,9.742966,0.003527,0.019743,0.008650
447669950.000,ZR,handheld,水平,right,recording,充电口朝外,3,0.271219,0.230987,9.736149,0.004293,0.021974,0.012874
447669960.000,ZR,handheld,水平,right,recording,充电口朝外,3,0.288700,0.215254,9.759326,0.006973,0.017628,0.015393
447669970.000,ZR,handheld,水平,right,recording,充电口朝外,3,0.296453,0.224877,9.811908,0.015595,0.013910,0.016015
447669980.000,ZR,handheld,水平,right,recording,充电口朝外,3,0.280881,0.234751,9.798746,0.020287,0.008367,0.013300
447669990.000,ZR,handheld,水平,right,recording,充电口朝外,3,0.290767,0.220361,9.806939,0.024372,0.003832,0.008279
447670000.000,ZR,handheld,水平,right,recording,充电口朝外,3,0.294640,0.244080,9.795205,0.026013,0.004619,0.002734
447670010.000,ZR,handheld,水平,right,recording,充电口朝外,3,0.287277,0.258280,9.824420,0.024442,0.008876,0.000104
447670020.000,ZR,handheld,水平,right,recording,充电口朝外,3,0.261489,0.267455,9.804665,0.016597,0.005981,0.002395
447670030.000,ZR,handheld,水平,right,recording,充电口朝外,3,0.246742,0.287522,9.844604,0.008427,0.003910,0.007928
447670040.000,ZR,handheld,水平,right,recording,充电口朝外,3,0.266759,0.269243,9.810646,-0.000474,0.002170,0.010685
447670050.000,ZR,handheld,水平,right,recording,充电口朝外,3,0.284801,0.250403,9.835584,-0.005409,0.002411,0.010978
447670060.000,ZR,handheld,水平,right,recording,充电口朝外,3,0.250773,0.224334,9.825896,-0.008862,0.009239,0.011210
447670070.000,ZR,handheld,水平,right,recording,充电口朝外,3,0.270455,0.211214,9.842276,-0.004000,0.006325,0.010618
447670080.000,ZR,handheld,水平,right,recording,充电口朝外,3,0.259943,0.202297,9.888011,0.006541,-0.000219,0.009663
447670090.000,ZR,handheld,水平,right,recording,充电口朝外,3,0.261588,0.202327,9.871424,0.014537,-0.004386,0.009921
447670100.000,ZR,handheld,水平,right,recording,充电口朝外,3,0.259452,0.219222,9.856588,0.019007,-0.004217,0.010153
447670110.000,ZR,handheld,水平,right,recording,充电口朝外,3,0.244842,0.225225,9.820835,0.010438,-0.000250,0.010798
447670120.000,ZR,handheld,水平,right,recording,充电口朝外,3,0.271467,0.213483,9.806802,-0.007433,0.004551,0.009671
447670130.000,ZR,handheld,水平,right,recording,充电口朝外,3,0.257238,0.225160,9.814263,-0.023162,0.007743,0.007373
447670140.000,ZR,handheld,水平,right,recording,充电口朝外,3,0.228302,0.227320,9.859157,-0.026869,0.002081,0.007253
447670150.000,ZR,handheld,水平,right,recording,充电口朝外,3,0.237153,0.223624,9.863102,-0.020587,-0.005353,0.006073
447670160.000,ZR,handheld,水平,right,recording,充电口朝外,3,0.270993,0.232368,9.853904,-0.012317,-0.007795,0.002613
447670170.000,ZR,handheld,水平,right,recording,充电口朝外,3,0.284972,0.218464,9.837664,-0.004661,-0.008897,-0.002420
447670180.000,ZR,handheld,水平,right,recording,充电口朝外,3,0.309067,0.231208,9.813604,-0.000800,-0.007036,-0.004421
447670190.000,ZR,handheld,水平,right,recording,充电口朝外,3,0.311816,0.231735,9.778436,-0.001771,-0.003032,-0.004492
447670200.000,ZR,handheld,水平,right,recording,充电口朝外,3,0.313601,0.247772,9.765777,-0.005487,0.005772,-0.003067
447670210.000,ZR,handheld,水平,right,recording,充电口朝外,3,0.281551,0.252494,9.764542,-0.009456,0.012512,0.000020
447670220.000,ZR,handheld,水平,right,recording,充电口朝外,3,0.313922,0.225192,9.767637,-0.018236,0.013762,0.001493
447670230.000,ZR,handheld,水平,right,recording,充电口朝外,3,0.264991,0.241608,9.768112,-0.021898,0.011716,0.005443
447670240.000,ZR,handheld,水平,right,recording,充电口朝外,3,0.244442,0.205597,9.791001,-0.019402,0.006313,0.010571
447670250.000,ZR,handheld,水平,right,recording,充电口朝外,3,0.249696,0.202038,9.809807,-0.011281,0.006085,0.013906
447670260.000,ZR,handheld,水平,right,recording,充电口朝外,3,0.243573,0.202616,9.791717,-0.004192,0.005982,0.013856
447670270.000,ZR,handheld,水平,right,recording,充电口朝外,3,0.288521,0.189129,9.770149,-0.003248,0.008688,0.009124
447670280.000,ZR,handheld,水平,right,recording,充电口朝外,3,0.245078,0.175717,9.789056,-0.003762,0.007326,0.004476
447670290.000,ZR,handheld,水平,right,recording,充电口朝外,3,0.279766,0.154699,9.776353,-0.004333,-0.001661,0.000115
447670300.000,ZR,handheld,水平,right,recording,充电口朝外,3,0.249436,0.173502,9.757233,-0.008210,-0.006371,-0.001473
447670310.000,ZR,handheld,水平,right,recording,充电口朝外,3,0.287845,0.159317,9.713011,-0.016277,-0.001318,-0.003887
447670320.000,ZR,handheld,水平,right,recording,充电口朝外,3,0.261976,0.170186,9.732043,-0.013036,-0.000058,-0.003338
447670330.000,ZR,handheld,水平,right,recording,充电口朝外,3,0.275334,0.196874,9.824501,0.006353,-0.006254,-0.001542
447670340.000,ZR,handheld,水平,right,recording,充电口朝外,3,0.278245,0.215160,9.860497,0.027970,-0.012820,0.000557
447670350.000,ZR,handheld,水平,right,recording,充电口朝外,3,0.244359,0.256462,9.791297,0.036395,-0.019799,0.004853
447670360.000,ZR,handheld,水平,right,recording,充电口朝外,3,0.303157,0.261590,9.813330,0.034702,-0.012908,0.004545
447670370.000,ZR,handheld,水平,right,recording,充电口朝外,3,0.292770,0.265534,9.753022,0.017350,0.000968,0.004212
447670380.000,ZR,handheld,水平,right,recording,充电口朝外,3,0.274672,0.242026,9.725980,-0.004545,0.011038,0.003772
447670390.000,ZR,handheld,水平,right,recording,充电口朝外,3,0.282353,0.205338,9.758351,-0.019592,0.014255,-0.000112
447670400.000,ZR,handheld,水平,right,recording,充电口朝外,3,0.272638,0.179403,9.789049,-0.021443,0.013430,-0.001474
447670410.000,ZR,handheld,水平,right,recording,充电口朝外,3,0.220641,0.182874,9.840920,-0.009094,0.009962,-0.001225
447670420.000,ZR,handheld,水平,right,recording,充电口朝外,3,0.228191,0.193377,9.885515,0.014795,0.002529,0.000457
447670430.000,ZR,handheld,水平,right,recording,充电口朝外,3,0.206867,0.195453,9.900510,0.032319,-0.010815,0.001673
447670440.000,ZR,handheld,水平,right,recording,充电口朝外,3,0.239326,0.200146,9.849760,0.037996,-0.023301,0.001665
447670450.000,ZR,handheld,水平,right,recording,充电口朝外,3,0.273698,0.215167,9.810235,0.029173,-0.011893,-0.000881
447670460.000,ZR,handheld,水平,right,recording,充电口朝外,3,0.287666,0.219117,9.764291,0.005516,0.005499,-0.003082
447670470.000,ZR,handheld,水平,right,recording,充电口朝外,3,0.263958,0.213199,9.827778,-0.011406,0.018128,-0.004475
447670480.000,ZR,handheld,水平,right,recording,充电口朝外,3,0.243892,0.214507,9.834651,-0.023521,0.022093,-0.004160
447670490.000,ZR,handheld,水平,right,recording,充电口朝外,3,0.229357,0.212481,9.887154,-0.024797,0.015180,-0.003682
447670500.000,ZR,handheld,水平,right,recording,充电口朝外,3,0.210293,0.208061,9.921862,-0.013138,-0.002442,-0.001784
447670510.000,ZR,handheld,水平,right,recording,充电口朝外,3,0.211040,0.211426,9.927245,0.000437,-0.013705,0.000624
447670520.000,ZR,handheld,水平,right,recording,充电口朝外,3,0.227168,0.242844,9.890514,0.011197,-0.013446,0.002565
447670530.000,ZR,handheld,水平,right,recording,充电口朝外,3,0.293000,0.217397,9.826898,0.008492,-0.011586,-0.000590
447670540.000,ZR,handheld,水平,right,recording,充电口朝外,3,0.270867,0.239537,9.836130,-0.002791,-0.015832,-0.003105
447670550.000,ZR,handheld,水平,right,recording,充电口朝外,3,0.273503,0.225632,9.800475,-0.014108,-0.014443,-0.003259
447670560.000,ZR,handheld,水平,right,recording,充电口朝外,3,0.297447,0.220510,9.798593,-0.025564,-0.008490,-0.002242
447670570.000,ZR,handheld,水平,right,recording,充电口朝外,3,0.257083,0.240546,9.830468,-0.027761,-0.002412,0.000049
447670580.000,ZR,handheld,水平,right,recording,充电口朝外,3,0.271514,0.210022,9.815372,-0.025218,-0.000342,0.003036
447670590.000,ZR,handheld,水平,right,recording,充电口朝外,3,0.264596,0.207059,9.812354,-0.021839,0.000037,0.002104
447670600.000,ZR,handheld,水平,right,recording,充电口朝外,3,0.316146,0.211174,9.748430,-0.019040,-0.009282,-0.001153
447670610.000,ZR,handheld,水平,right,recording,充电口朝外,3,0.297011,0.203960,9.781753,-0.014525,-0.007433,-0.003716
447670620.000,ZR,handheld,水平,right,recording,充电口朝外,3,0.274556,0.238453,9.701118,-0.016238,-0.003954,-0.001798
447670630.000,ZR,handheld,水平,right,recording,充电口朝外,3,0.270770,0.237337,9.720442,-0.017308,-0.003360,-0.001221
447670640.000,ZR,handheld,水平,right,recording,充电口朝外,3,0.273479,0.223425,9.706725,-0.012793,-0.000457,0.000917
447670650.000,ZR,handheld,水平,right,recording,充电口朝外,3,0.285998,0.215018,9.715868,-0.004221,-0.003615,0.000441
447670660.000,ZR,handheld,水平,right,recording,充电口朝外,3,0.266969,0.191272,9.736711,0.002581,-0.003648,-0.003296
447670670.000,ZR,handheld,水平,right,recording,充电口朝外,3,0.333780,0.175840,9.708598,0.005478,-0.002408,-0.009894
447670680.000,ZR,handheld,水平,right,recording,充电口朝外,3,0.294914,0.203387,9.718080,-0.000514,0.004558,-0.013578
447670690.000,ZR,handheld,水平,right,recording,充电口朝外,3,0.335680,0.188582,9.700859,-0.009223,0.018965,-0.018484
447670700.000,ZR,handheld,水平,right,recording,充电口朝外,3,0.327767,0.226854,9.694004,-0.015799,0.028746,-0.022922
447670710.000,ZR,handheld,水平,right,recording,充电口朝外,3,0.251377,0.248108,9.772073,-0.009150,0.024155,-0.021213
447670720.000,ZR,handheld,水平,right,recording,充电口朝外,3,0.303907,0.215296,9.832258,0.008600,0.020402,-0.019169
447670730.000,ZR,handheld,水平,right,recording,充电口朝外,3,0.189129,0.222492,9.805605,0.024639,0.008134,-0.007401
447670740.000,ZR,handheld,水平,right,recording,充电口朝外,3,0.252460,0.220778,9.842503,0.040593,0.003570,0.000178
447670750.000,ZR,handheld,水平,right,recording,充电口朝外,3,0.270419,0.222076,9.834187,0.047252,0.010477,0.004180
447670760.000,ZR,handheld,水平,right,recording,充电口朝外,3,0.297917,0.190614,9.785493,0.039836,0.014054,0.001741
447670770.000,ZR,handheld,水平,right,recording,充电口朝外,3,0.286637,0.204370,9.833595,0.024207,0.018833,-0.001035
447670780.000,ZR,handheld,水平,right,recording,充电口朝外,3,0.253019,0.202729,9.824869,0.009395,0.014566,-0.002532
447670790.000,ZR,handheld,水平,right,recording,充电口朝外,3,0.254363,0.200735,9.875991,0.002829,0.008977,-0.003614
447670800.000,ZR,handheld,水平,right,recording,充电口朝外,3,0.246945,0.218282,9.875272,0.003832,0.002744,-0.001657
447670810.000,ZR,handheld,水平,right,recording,充电口朝外,3,0.247262,0.212345,9.936625,0.011064,-0.003059,0.003480
447670820.000,ZR,handheld,水平,right,recording,充电口朝外,3,0.233918,0.219473,9.956921,0.021748,-0.009622,0.009088
447670830.000,ZR,handheld,水平,right,recording,充电口朝外,3,0.258423,0.235138,9.919775,0.022446,-0.016010,0.010826
447670840.000,ZR,handheld,水平,right,recording,充电口朝外,3,0.248370,0.243268,9.914655,0.018551,-0.018825,0.009206
447670850.000,ZR,handheld,水平,right,recording,充电口朝外,3,0.256181,0.273426,9.938534,0.011317,-0.017323,0.006652
447670860.000,ZR,handheld,水平,right,recording,充电口朝外,3,0.226405,0.287943,9.881824,-0.003346,-0.015529,0.006293
447670870.000,ZR,handheld,水平,right,recording,充电口朝外,3,0.254792,0.299737,9.880890,-0.017570,-0.009224,0.006895
447670880.000,ZR,handheld,水平,right,recording,充电口朝外,3,0.225683,0.268815,9.874176,-0.030890,-0.004357,0.010913
447670890.000,ZR,handheld,水平,right,recording,充电口朝外,3,0.205824,0.240302,9.830803,-0.039727,-0.006164,0.015187
447670900.000,ZR,handheld,水平,right,recording,充电口朝外,3,0.246349,0.200279,9.855405,-0.034416,-0.008669,0.015736
447670910.000,ZR,handheld,水平,right,recording,充电口朝外,3,0.204935,0.189741,9.855156,-0.026238,-0.011686,0.015245
447670920.000,ZR,handheld,水平,right,recording,充电口朝外,3,0.237072,0.157870,9.815296,-0.016317,-0.016622,0.012212
447670930.000,ZR,handheld,水平,right,recording,充电口朝外,3,0.217392,0.182019,9.799660,-0.012867,-0.016161,0.009208
447670940.000,ZR,handheld,水平,right,recording,充电口朝外,3,0.263655,0.165593,9.735323,-0.018022,-0.016248,0.004547
447670950.000,ZR,handheld,水平,right,recording,充电口朝外,3,0.274144,0.146113,9.728427,-0.030800,-0.004932,-0.002393
447670960.000,ZR,handheld,水平,right,recording,充电口朝外,3,0.284213,0.172480,9.652161,-0.043433,0.003834,-0.008889
447670970.000,ZR,handheld,水平,right,recording,充电口朝外,3,0.270993,0.165303,9.697380,-0.045050,0.013889,-0.015587
447670980.000,ZR,handheld,水平,right,recording,充电口朝外,3,0.266505,0.157839,9.730154,-0.032073,0.014719,-0.020018
447670990.000,ZR,handheld,水平,right,recording,充电口朝外,3,0.241579,0.188403,9.743231,-0.013119,0.006392,-0.019470
447671000.000,ZR,handheld,水平,right,recording,充电口朝外,3,0.275437,0.194504,9.758574,0.002722,0.001242,-0.017389
447671010.000,ZR,handheld,水平,right,recording,充电口朝外,3,0.270264,0.212550,9.735128,0.013341,-0.002061,-0.015118
447671020.000,ZR,handheld,水平,right,recording,充电口朝外,3,0.283434,0.228783,9.739158,0.017511,-0.005756,-0.009176
447671030.000,ZR,handheld,水平,right,recording,充电口朝外,3,0.315346,0.243831,9.751635,0.016597,-0.002917,-0.003598
447671040.000,ZR,handheld,水平,right,recording,充电口朝外,3,0.284384,0.254809,9.727430,0.012581,-0.007060,0.006134
447671050.000,ZR,handheld,水平,right,recording,充电口朝外,3,0.277814,0.246338,9.749202,0.010428,-0.009057,0.013528
447671060.000,ZR,handheld,水平,right,recording,充电口朝外,3,0.302489,0.234228,9.731318,0.009954,-0.001444,0.014560
447671070.000,ZR,handheld,水平,right,recording,充电口朝外,3,0.289878,0.230934,9.752123,0.014089,0.004997,0.011308
447671080.000,ZR,handheld,水平,right,recording,充电口朝外,3,0.315097,0.206513,9.786825,0.020392,0.002922,0.002990
447671090.000,ZR,handheld,水平,right,recording,充电口朝外,3,0.304514,0.196795,9.792708,0.022644,-0.000526,-0.001054
447671100.000,ZR,handheld,水平,right,recording,充电口朝外,3,0.252612,0.184440,9.803196,0.019372,-0.002334,0.001021
447671110.000,ZR,handheld,水平,right,recording,充电口朝外,3,0.248354,0.195035,9.814822,0.016777,-0.002904,0.003841
447671120.000,ZR,handheld,水平,right,recording,充电口朝外,3,0.286738,0.191042,9.835359,0.016535,0.001363,0.001781
447671130.000,ZR,handheld,水平,right,recording,充电口朝外,3,0.262250,0.204109,9.803832,0.014743,0.003171,-0.001673
447671140.000,ZR,handheld,水平,right,recording,充电口朝外,3,0.262862,0.212773,9.817023,0.015440,0.000678,-0.003733
447671150.000,ZR,handheld,水平,right,recording,充电口朝外,3,0.245271,0.232454,9.854291,0.018218,-0.002171,-0.003731
447671160.000,ZR,handheld,水平,right,recording,充电口朝外,3,0.230993,0.229922,9.809822,0.018181,-0.016071,-0.000694
447671170.000,ZR,handheld,水平,right,recording,充电口朝外,3,0.266617,0.241250,9.843791,0.017037,-0.022148,0.000747
447671180.000,ZR,handheld,水平,right,recording,充电口朝外,3,0.267724,0.242685,9.841866,0.015837,-0.017021,0.002605
447671190.000,ZR,handheld,水平,right,recording,充电口朝外,3,0.286408,0.229832,9.814352,0.009723,-0.006899,0.005437
447671200.000,ZR,handheld,水平,right,recording,充电口朝外,3,0.292075,0.215342,9.834074,0.001482,0.001303,0.004879
447671210.000,ZR,handheld,水平,right,recording,充电口朝外,3,0.253671,0.215311,9.843875,-0.000411,0.006532,0.006142
447671220.000,ZR,handheld,水平,right,recording,充电口朝外,3,0.263555,0.204586,9.847089,-0.001665,0.004235,0.005310
447671230.000,ZR,handheld,水平,right,recording,充电口朝外,3,0.275952,0.186026,9.880686,0.006160,-0.002228,0.002593
447671240.000,ZR,handheld,水平,right,recording,充电口朝外,3,0.281683,0.210301,9.871818,0.011183,-0.008117,0.000638
447671250.000,ZR,handheld,水平,right,recording,充电口朝外,3,0.252262,0.225431,9.842356,0.012257,-0.007408,0.000971
447671260.000,ZR,handheld,水平,right,recording,充电口朝外,3,0.287490,0.224708,9.842837,0.006220,-0.001322,0.000216
447671270.000,ZR,handheld,水平,right,recording,充电口朝外,3,0.296802,0.248440,9.833938,-0.002882,0.005253,-0.000026
447671280.000,ZR,handheld,水平,right,recording,充电口朝外,3,0.265278,0.239147,9.853532,-0.005976,0.007691,0.000827
447671290.000,ZR,handheld,水平,right,recording,充电口朝外,3,0.255537,0.244339,9.882235,-0.006603,0.009717,0.003393
447671300.000,ZR,handheld,水平,right,recording,充电口朝外,3,0.267494,0.217514,9.841137,-0.008591,0.003141,0.005632
447671310.000,ZR,handheld,水平,right,recording,充电口朝外,3,0.260354,0.197830,9.865852,-0.009158,-0.001122,0.010308
447671320.000,ZR,handheld,水平,right,recording,充电口朝外,3,0.268783,0.199804,9.809113,-0.011208,0.000085,0.011412
447671330.000,ZR,handheld,水平,right,recording,充电口朝外,3,0.298669,0.189225,9.820494,-0.011456,0.005210,0.008499
447671340.000,ZR,handheld,水平,right,recording,充电口朝外,3,0.275024,0.196396,9.813118,-0.009842,0.003372,0.003383
447671350.000,ZR,handheld,水平,right,recording,充电口朝外,3,0.299033,0.218846,9.870918,-0.003174,-0.001404,-0.001370
447671360.000,ZR,handheld,水平,right,recording,充电口朝外,3,0.248588,0.200264,9.850709,-0.003843,-0.002689,0.000910
447671370.000,ZR,handheld,水平,right,recording,充电口朝外,3,0.268361,0.207492,9.778068,-0.010040,-0.005709,0.006902
447671380.000,ZR,handheld,水平,right,recording,充电口朝外,3,0.291317,0.223499,9.820829,-0.013767,-0.006911,0.010646
447671390.000,ZR,handheld,水平,right,recording,充电口朝外,3,0.276789,0.196793,9.818019,-0.013388,-0.007576,0.010517
447671400.000,ZR,handheld,水平,right,recording,充电口朝外,3,0.296848,0.209956,9.797221,-0.010703,-0.006570,0.009159
447671410.000,ZR,handheld,水平,right,recording,充电口朝外,3,0.260808,0.227808,9.812722,-0.005374,0.001009,0.009093
447671420.000,ZR,handheld,水平,right,recording,充电口朝外,3,0.258330,0.230826,9.811015,-0.001808,0.000855,0.008634
447671430.000,ZR,handheld,水平,right,recording,充电口朝外,3,0.262852,0.242633,9.824307,0.001716,-0.014440,0.006798
447671440.000,ZR,handheld,水平,right,recording,充电口朝外,3,0.249286,0.218793,9.812718,-0.002193,-0.019448,0.007656
447671450.000,ZR,handheld,水平,right,recording,充电口朝外,3,0.285643,0.206777,9.709677,-0.014872,-0.014589,0.008733
447671460.000,ZR,handheld,水平,right,recording,充电口朝外,3,0.298316,0.202136,9.729537,-0.026455,0.001518,0.005621
447671470.000,ZR,handheld,水平,right,recording,充电口朝外,3,0.320668,0.177878,9.725088,-0.028845,0.008188,-0.000670
447671480.000,ZR,handheld,水平,right,recording,充电口朝外,3,0.305937,0.191720,9.753720,-0.022384,0.006656,-0.006746
447671490.000,ZR,handheld,水平,right,recording,充电口朝外,3,0.328456,0.200969,9.735963,-0.011257,0.010012,-0.008109
447671500.000,ZR,handheld,水平,right,recording,充电口朝外,3,0.285900,0.223294,9.746784,-0.001832,0.013929,-0.002813
447671510.000,ZR,handheld,水平,right,recording,充电口朝外,3,0.312820,0.231431,9.794421,0.008180,0.019151,0.002571
447671520.000,ZR,handheld,水平,right,recording,充电口朝外,3,0.283826,0.208688,9.778209,0.013489,0.018296,0.011023
447671530.000,ZR,handheld,水平,right,recording,充电口朝外,3,0.253106,0.242046,9.774546,0.014330,0.016775,0.018389
447671540.000,ZR,handheld,水平,right,recording,充电口朝外,3,0.280627,0.241181,9.815946,0.014745,0.015253,0.019497
447671550.000,ZR,handheld,水平,right,recording,充电口朝外,3,0.233440,0.220881,9.804228,0.008785,0.014793,0.020107
447671560.000,ZR,handheld,水平,right,recording,充电口朝外,3,0.241563,0.221729,9.780543,0.003833,0.010106,0.018146
447671570.000,ZR,handheld,水平,right,recording,充电口朝外,3,0.219562,0.208356,9.782278,-0.003466,0.008867,0.012960
447671580.000,ZR,handheld,水平,right,recording,充电口朝外,3,0.230536,0.232309,9.801031,-0.005942,0.005878,0.006984
447671590.000,ZR,handheld,水平,right,recording,充电口朝外,3,0.271103,0.220558,9.815819,-0.004474,0.006538,0.000827
447671600.000,ZR,handheld,水平,right,recording,充电口朝外,3,0.222210,0.238560,9.840471,0.001239,0.003582,-0.001105
447671610.000,ZR,handheld,水平,right,recording,充电口朝外,3,0.257149,0.239400,9.834882,0.007645,-0.005118,0.002626
447671620.000,ZR,handheld,水平,right,recording,充电口朝外,3,0.226206,0.227888,9.847855,0.014562,-0.004687,0.009232
447671630.000,ZR,handheld,水平,right,recording,充电口朝外,3,0.219159,0.216973,9.802689,0.012924,-0.005697,0.017701
447671640.000,ZR,handheld,水平,right,recording,充电口朝外,3,0.277118,0.195636,9.814091,0.006668,-0.008553,0.020718
447671650.000,ZR,handheld,水平,right,recording,充电口朝外,3,0.256869,0.191762,9.812178,0.003501,-0.009324,0.017546
447671660.000,ZR,handheld,水平,right,recording,充电口朝外,3,0.275805,0.210514,9.818140,0.001053,0.002734,0.009799
447671670.000,ZR,handheld,水平,right,recording,充电口朝外,3,0.278864,0.187793,9.795335,-0.004822,0.014168,0.002785
447671680.000,ZR,handheld,水平,right,recording,充电口朝外,3,0.234062,0.203349,9.834098,-0.004156,0.008869,-0.001024
447671690.000,ZR,handheld,水平,right,recording,充电口朝外,3,0.185417,0.192987,9.888691,0.003789,-0.000914,0.001724
447671700.000,ZR,handheld,水平,right,recording,充电口朝外,3,0.200379,0.197923,9.860347,0.006536,-0.008782,0.009110
447671710.000,ZR,handheld,水平,right,recording,充电口朝外,3,0.220493,0.178324,9.860175,0.006557,-0.008422,0.012558
447671720.000,ZR,handheld,水平,right,recording,充电口朝外,3,0.254162,0.184293,9.784926,0.000037,-0.008552,0.007777
447671730.000,ZR,handheld,水平,right,recording,充电口朝外,3,0.269489,0.181041,9.802612,-0.005666,-0.005455,0.000524
447671740.000,ZR,handheld,水平,right,recording,充电口朝外,3,0.256216,0.191325,9.818849,-0.008454,-0.000129,-0.001542
447671750.000,ZR,handheld,水平,right,recording,充电口朝外,3,0.263998,0.197790,9.835180,-0.006205,0.001303,-0.003087
447671760.000,ZR,handheld,水平,right,recording,充电口朝外,3,0.229726,0.198707,9.884315,0.001048,-0.003419,-0.000669
447671770.000,ZR,handheld,水平,right,recording,充电口朝外,3,0.234610,0.192799,9.852277,0.004420,-0.009369,0.002729
447671780.000,ZR,handheld,水平,right,recording,充电口朝外,3,0.252115,0.201279,9.839415,-0.000745,-0.006913,0.005549
447671790.000,ZR,handheld,水平,right,recording,充电口朝外,3,0.263395,0.205178,9.797954,-0.009071,-0.003313,0.005513
447671800.000,ZR,handheld,水平,right,recording,充电口朝外,3,0.271058,0.220246,9.837395,-0.012433,-0.001720,0.003787
447671810.000,ZR,handheld,水平,right,recording,充电口朝外,3,0.288877,0.219355,9.830121,-0.014193,0.000552,0.001484
447671820.000,ZR,handheld,水平,right,recording,充电口朝外,3,0.236173,0.217116,9.847538,-0.013774,0.001648,0.002116
447671830.000,ZR,handheld,水平,right,recording,充电口朝外,3,0.271166,0.220520,9.837364,-0.015908,0.001083,0.000539
447671840.000,ZR,handheld,水平,right,recording,充电口朝外,3,0.242105,0.202703,9.815364,-0.019799,0.000934,0.000578
447671850.000,ZR,handheld,水平,right,recording,充电口朝外,3,0.254437,0.186179,9.802475,-0.028632,-0.003345,0.000065
447671860.000,ZR,handheld,水平,right,recording,充电口朝外,3,0.241138,0.166522,9.832839,-0.027186,-0.005129,-0.001091
447671870.000,ZR,handheld,水平,right,recording,充电口朝外,3,0.252083,0.163201,9.824322,-0.018490,-0.010426,-0.001787
447671880.000,ZR,handheld,水平,right,recording,充电口朝外,3,0.270898,0.164399,9.826767,-0.011456,-0.010413,-0.001516
447671890.000,ZR,handheld,水平,right,recording,充电口朝外,3,0.296620,0.184481,9.801221,-0.006453,-0.010246,-0.001259
447671900.000,ZR,handheld,水平,right,recording,充电口朝外,3,0.295364,0.191742,9.784985,-0.004686,-0.009769,-0.002165
447671910.000,ZR,handheld,水平,right,recording,充电口朝外,3,0.321327,0.189619,9.771550,-0.003633,-0.009789,-0.003026
447671920.000,ZR,handheld,水平,right,recording,充电口朝外,3,0.291842,0.204896,9.768490,-0.003648,-0.013342,-0.001249
447671930.000,ZR,handheld,水平,right,recording,充电口朝外,3,0.306525,0.195191,9.778011,-0.004309,-0.016345,0.001746
447671940.000,ZR,handheld,水平,right,recording,充电口朝外,3,0.290058,0.222894,9.777466,-0.001611,-0.015658,0.006007
447671950.000,ZR,handheld,水平,right,recording,充电口朝外,3,0.290201,0.213732,9.782217,0.002568,-0.010080,0.010224
447671960.000,ZR,handheld,水平,right,recording,充电口朝外,3,0.266957,0.224865,9.747051,0.001023,-0.005326,0.012606
447671970.000,ZR,handheld,水平,right,recording,充电口朝外,3,0.274320,0.206852,9.756488,-0.003254,-0.000351,0.012000
447671980.000,ZR,handheld,水平,right,recording,充电口朝外,3,0.261088,0.205188,9.752419,-0.007211,0.004978,0.011191
447671990.000,ZR,handheld,水平,right,recording,充电口朝外,3,0.263950,0.201140,9.736408,-0.013626,0.007320,0.008521
447672000.000,ZR,handheld,水平,right,recording,充电口朝外,3,0.267849,0.173620,9.759743,-0.015457,0.008422,0.005434
447672010.000,ZR,handheld,水平,right,recording,充电口朝外,3,0.256761,0.189479,9.772472,-0.013810,0.005181,0.001410
447672020.000,ZR,handheld,水平,right,recording,充电口朝外,3,0.206726,0.162209,9.797571,-0.005526,-0.000117,0.001588
447672030.000,ZR,handheld,水平,right,recording,充电口朝外,3,0.261756,0.169560,9.801402,0.007351,-0.010514,0.000854
447672040.000,ZR,handheld,水平,right,recording,充电口朝外,3,0.206950,0.158649,9.802185,0.019212,-0.013089,0.002751
447672050.000,ZR,handheld,水平,right,recording,充电口朝外,3,0.239565,0.171492,9.772303,0.026243,-0.006230,0.002110
447672060.000,ZR,handheld,水平,right,recording,充电口朝外,3,0.269595,0.186507,9.789921,0.025402,-0.001173,-0.002232
447672070.000,ZR,handheld,水平,right,recording,充电口朝外,3,0.296098,0.190117,9.759820,0.012633,0.001888,-0.007038
447672080.000,ZR,handheld,水平,right,recording,充电口朝外,3,0.264287,0.184348,9.768564,-0.002811,0.006156,-0.007802
447672090.000,ZR,handheld,水平,right,recording,充电口朝外,3,0.264149,0.199556,9.812838,-0.008901,0.004111,-0.003330
447672100.000,ZR,handheld,水平,right,recording,充电口朝外,3,0.232430,0.224795,9.883512,-0.003033,0.001480,-0.000228
447672110.000,ZR,handheld,水平,right,recording,充电口朝外,3,0.255483,0.204079,9.862053,0.004216,-0.001991,0.003024
447672120.000,ZR,handheld,水平,right,recording,充电口朝外,3,0.246874,0.197558,9.854174,0.011415,-0.008794,0.005587
447672130.000,ZR,handheld,水平,right,recording,充电口朝外,3,0.271539,0.206676,9.829272,0.014300,-0.015183,0.004763
447672140.000,ZR,handheld,水平,right,recording,充电口朝外,3,0.299242,0.176071,9.809508,0.008566,-0.009602,0.004642
447672150.000,ZR,handheld,水平,right,recording,充电口朝外,3,0.269408,0.161994,9.748936,-0.003850,-0.004480,0.003251
447672160.000,ZR,handheld,水平,right,recording,充电口朝外,3,0.300937,0.181705,9.803474,-0.006419,-0.001036,-0.000264
447672170.000,ZR,handheld,水平,right,recording,充电口朝外,3,0.273615,0.203004,9.841273,-0.000956,0.000561,-0.001145
447672180.000,ZR,handheld,水平,right,recording,充电口朝外,3,0.249633,0.220581,9.832552,0.003373,0.000773,0.001825
447672190.000,ZR,handheld,水平,right,recording,充电口朝外,3,0.292234,0.219896,9.817751,0.002583,-0.001307,0.002411
447672200.000,ZR,handheld,水平,right,recording,充电口朝外,3,0.265185,0.205224,9.833063,-0.000715,-0.001181,0.000605
447672210.000,ZR,handheld,水平,right,recording,充电口朝外,3,0.277437,0.165803,9.772239,-0.009146,0.000416,-0.003509
447672220.000,ZR,handheld,水平,right,recording,充电口朝外,3,0.306082,0.159699,9.735224,-0.020786,0.007660,-0.008493
447672230.000,ZR,handheld,水平,right,recording,充电口朝外,3,0.331411,0.140849,9.718159,-0.023016,0.015630,-0.013428
447672240.000,ZR,handheld,水平,right,recording,充电口朝外,3,0.276243,0.153436,9.772097,-0.012709,0.016501,-0.012465
447672250.000,ZR,handheld,水平,right,recording,充电口朝外,3,0.269944,0.165542,9.804958,0.006989,0.011794,-0.008520
447672260.000,ZR,handheld,水平,right,recording,充电口朝外,3,0.282955,0.196359,9.820247,0.030017,0.009084,-0.004483
447672270.000,ZR,handheld,水平,right,recording,充电口朝外,3,0.269728,0.216454,9.818648,0.040592,0.013758,-0.000253
447672280.000,ZR,handheld,水平,right,recording,充电口朝外,3,0.258400,0.216774,9.789750,0.036153,0.020902,0.001269
447672290.000,ZR,handheld,水平,right,recording,充电口朝外,3,0.240205,0.214474,9.812681,0.025291,0.023979,0.001222
447672300.000,ZR,handheld,水平,right,recording,充电口朝外,3,0.230969,0.205414,9.794885,0.007913,0.020429,0.002176
447672310.000,ZR,handheld,水平,right,recording,充电口朝外,3,0.242865,0.219910,9.821108,-0.005350,0.024995,0.002766
447672320.000,ZR,handheld,水平,right,recording,充电口朝外,3,0.198520,0.215116,9.795349,-0.012317,0.023319,0.004659
447672330.000,ZR,handheld,水平,right,recording,充电口朝外,3,0.222927,0.239522,9.815738,-0.010433,0.012459,0.002949
447672340.000,ZR,handheld,水平,right,recording,充电口朝外,3,0.229010,0.231291,9.868691,0.001204,0.004661,-0.001183
447672350.000,ZR,handheld,水平,right,recording,充电口朝外,3,0.256981,0.244364,9.841637,0.015259,0.001483,-0.004611
447672360.000,ZR,handheld,水平,right,recording,充电口朝外,3,0.272641,0.236842,9.814116,0.019238,0.006462,-0.005614
447672370.000,ZR,handheld,水平,right,recording,充电口朝外,3,0.268343,0.231952,9.806499,0.016754,0.003326,-0.001954
447672380.000,ZR,handheld,水平,right,recording,充电口朝外,3,0.273611,0.228995,9.823748,0.014753,-0.007314,0.008181
447672390.000,ZR,handheld,水平,right,recording,充电口朝外,3,0.244764,0.250587,9.851193,0.014217,-0.013658,0.020386
447672400.000,ZR,handheld,水平,right,recording,充电口朝外,3,0.298641,0.235719,9.801080,0.008456,-0.008248,0.027438
447672410.000,ZR,handheld,水平,right,recording,充电口朝外,3,0.287291,0.222128,9.841120,0.006275,0.002517,0.027333
447672420.000,ZR,handheld,水平,right,recording,充电口朝外,3,0.288538,0.189259,9.787463,0.001473,0.006565,0.023461
447672430.000,ZR,handheld,水平,right,recording,充电口朝外,3,0.272276,0.192627,9.826039,-0.002633,0.010306,0.018827
447672440.000,ZR,handheld,水平,right,recording,充电口朝外,3,0.249732,0.193489,9.819907,-0.002429,0.009674,0.015737
447672450.000,ZR,handheld,水平,right,recording,充电口朝外,3,0.218783,0.175374,9.852835,0.002072,0.014722,0.016140
447672460.000,ZR,handheld,水平,right,recording,充电口朝外,3,0.228784,0.162285,9.865992,0.006170,0.010859,0.018113
447672470.000,ZR,handheld,水平,right,recording,充电口朝外,3,0.170001,0.141389,9.860091,0.009048,-0.006682,0.024193
447672480.000,ZR,handheld,水平,right,recording,充电口朝外,3,0.231259,0.188303,9.865121,0.010272,-0.005629,0.022652
447672490.000,ZR,handheld,水平,right,recording,充电口朝外,3,0.270949,0.181269,9.785847,0.001755,0.003341,0.012075
447672500.000,ZR,handheld,水平,right,recording,充电口朝外,3,0.246518,0.188245,9.839705,-0.001832,0.008021,-0.001382
447672510.000,ZR,handheld,水平,right,recording,充电口朝外,3,0.210208,0.199388,9.821239,-0.008955,0.000738,-0.007490
447672520.000,ZR,handheld,水平,right,recording,充电口朝外,3,0.215045,0.201382,9.818101,-0.013424,0.000226,-0.007201
447672530.000,ZR,handheld,水平,right,recording,充电口朝外,3,0.232309,0.230822,9.807452,-0.014467,0.000115,-0.001704
447672540.000,ZR,handheld,水平,right,recording,充电口朝外,3,0.262254,0.214448,9.848425,-0.010413,0.000305,0.002171
447672550.000,ZR,handheld,水平,right,recording,充电口朝外,3,0.232334,0.215826,9.824514,-0.006863,-0.003200,0.008713
447672560.000,ZR,handheld,水平,right,recording,充电口朝外,3,0.242821,0.242694,9.781647,-0.005013,-0.005785,0.009627
447672570.000,ZR,handheld,水平,right,recording,充电口朝外,3,0.293179,0.236589,9.820641,-0.003539,0.002205,0.004582
447672580.000,ZR,handheld,水平,right,recording,充电口朝外,3,0.246475,0.232731,9.781660,-0.007140,0.005525,0.002793
447672590.000,ZR,handheld,水平,right,recording,充电口朝外,3,0.265170,0.232751,9.781172,-0.008182,0.000773,0.001204
447672600.000,ZR,handheld,水平,right,recording,充电口朝外,3,0.240584,0.212932,9.831152,-0.006574,0.000768,0.003883
447672610.000,ZR,handheld,水平,right,recording,充电口朝外,3,0.253472,0.209552,9.762087,-0.010501,-0.001539,0.011193
447672620.000,ZR,handheld,水平,right,recording,充电口朝外,3,0.247151,0.190854,9.760952,-0.015676,0.003352,0.014518
447672630.000,ZR,handheld,水平,right,recording,充电口朝外,3,0.249945,0.189483,9.780245,-0.014430,0.007054,0.013222
447672640.000,ZR,handheld,水平,right,recording,充电口朝外,3,0.258677,0.193738,9.785854,-0.011713,0.002983,0.006634
447672650.000,ZR,handheld,水平,right,recording,充电口朝外,3,0.262634,0.172809,9.780680,-0.009938,0.002502,0.002084
447672660.000,ZR,handheld,水平,right,recording,充电口朝外,3,0.293873,0.183703,9.764904,-0.009983,0.011237,-0.001386
447672670.000,ZR,handheld,水平,right,recording,充电口朝外,3,0.279278,0.190141,9.785468,-0.007772,0.012815,-0.001928
447672680.000,ZR,handheld,水平,right,recording,充电口朝外,3,0.242147,0.189096,9.811675,-0.000681,0.004593,-0.000363
447672690.000,ZR,handheld,水平,right,recording,充电口朝外,3,0.245733,0.191796,9.800064,0.004962,-0.005316,0.005750
447672700.000,ZR,handheld,水平,right,recording,充电口朝外,3,0.256151,0.200219,9.834222,0.011047,-0.004868,0.008325
447672710.000,ZR,handheld,水平,right,recording,充电口朝外,3,0.242129,0.228439,9.804792,0.013224,-0.003922,0.009482
447672720.000,ZR,handheld,水平,right,recording,充电口朝外,3,0.255557,0.216749,9.810602,0.010751,-0.003730,0.008069
447672730.000,ZR,handheld,水平,right,recording,充电口朝外,3,0.227746,0.224431,9.827202,0.004285,0.003864,0.008790
447672740.000,ZR,handheld,水平,right,recording,充电口朝外,3,0.229656,0.227969,9.810462,-0.003793,0.015197,0.008596
447672750.000,ZR,handheld,水平,right,recording,充电口朝外,3,0.228186,0.197681,9.806960,-0.009298,0.018205,0.006827
447672760.000,ZR,handheld,水平,right,recording,充电口朝外,3,0.239897,0.216661,9.835544,-0.011581,0.015318,0.005709
447672770.000,ZR,handheld,水平,right,recording,充电口朝外,3,0.199408,0.189799,9.882409,-0.010799,0.015373,0.007090
447672780.000,ZR,handheld,水平,right,recording,充电口朝外,3,0.215540,0.203619,9.850326,-0.009878,0.010642,0.008483
447672790.000,ZR,handheld,水平,right,recording,充电口朝外,3,0.174541,0.174939,9.863673,-0.011148,0.002799,0.012322
447672800.000,ZR,handheld,水平,right,recording,充电口朝外,3,0.177700,0.182404,9.850898,-0.010935,0.001189,0.014746
447672810.000,ZR,handheld,水平,right,recording,充电口朝外,3,0.204979,0.181772,9.842167,-0.012467,0.004556,0.011876
447672820.000,ZR,handheld,水平,right,recording,充电口朝外,3,0.240580,0.188605,9.808783,-0.014961,-0.000123,0.007574
447672830.000,ZR,handheld,水平,right,recording,充电口朝外,3,0.232333,0.168891,9.860153,-0.012966,0.002744,0.002097
447672840.000,ZR,handheld,水平,right,recording,充电口朝外,3,0.216983,0.187945,9.799140,-0.011872,-0.000759,0.001554
447672850.000,ZR,handheld,水平,right,recording,充电口朝外,3,0.227621,0.171774,9.834626,-0.014433,0.001330,0.000377
447672860.000,ZR,handheld,水平,right,recording,充电口朝外,3,0.256617,0.170986,9.794065,-0.016740,0.008403,-0.001573
447672870.000,ZR,handheld,水平,right,recording,充电口朝外,3,0.228062,0.198213,9.795279,-0.021943,0.015081,-0.003245
447672880.000,ZR,handheld,水平,right,recording,充电口朝外,3,0.227320,0.188653,9.793036,-0.024149,0.006999,-0.002075
447672890.000,ZR,handheld,水平,right,recording,充电口朝外,3,0.202430,0.201910,9.823886,-0.022066,-0.000467,0.003938
447672900.000,ZR,handheld,水平,right,recording,充电口朝外,3,0.224862,0.180164,9.803764,-0.017337,-0.006987,0.010864
447672910.000,ZR,handheld,水平,right,recording,充电口朝外,3,0.218171,0.180610,9.813911,-0.008846,-0.005775,0.015303
447672920.000,ZR,handheld,水平,right,recording,充电口朝外,3,0.242606,0.194323,9.768317,-0.006457,-0.003023,0.015969
447672930.000,ZR,handheld,水平,right,recording,充电口朝外,3,0.249091,0.173391,9.767484,-0.005792,-0.002443,0.013851
447672940.000,ZR,handheld,水平,right,recording,充电口朝外,3,0.253641,0.184189,9.786634,-0.003149,-0.001657,0.008575
447672950.000,ZR,handheld,水平,right,recording,充电口朝外,3,0.218928,0.174164,9.762880,-0.008339,0.001373,0.006212
447672960.000,ZR,handheld,水平,right,recording,充电口朝外,3,0.243468,0.154332,9.734838,-0.017232,0.009901,0.003387
447672970.000,ZR,handheld,水平,right,recording,充电口朝外,3,0.266512,0.139894,9.715449,-0.028219,0.017698,0.000658
447672980.000,ZR,handheld,水平,right,recording,充电口朝外,3,0.272804,0.151398,9.705727,-0.033230,0.018168,-0.002467
447672990.000,ZR,handheld,水平,right,recording,充电口朝外,3,0.248113,0.158406,9.794009,-0.023291,0.019178,-0.002813
447673000.000,ZR,handheld,水平,right,recording,充电口朝外,3,0.220961,0.181159,9.812808,-0.007210,0.014736,0.000224
447673010.000,ZR,handheld,水平,right,recording,充电口朝外,3,0.214434,0.191476,9.820385,0.011935,0.004393,0.006087
447673020.000,ZR,handheld,水平,right,recording,充电口朝外,3,0.217808,0.201740,9.842073,0.027110,-0.000235,0.011691
447673030.000,ZR,handheld,水平,right,recording,充电口朝外,3,0.190325,0.194004,9.772951,0.026122,-0.000113,0.018671
447673040.000,ZR,handheld,水平,right,recording,充电口朝外,3,0.185988,0.182462,9.770808,0.020440,0.003984,0.023051
447673050.000,ZR,handheld,水平,right,recording,充电口朝外,3,0.255124,0.172124,9.740345,0.008337,0.012455,0.015576
447673060.000,ZR,handheld,水平,right,recording,充电口朝外,3,0.174738,0.153227,9.814430,0.003522,0.017200,0.012295
447673070.000,ZR,handheld,水平,right,recording,充电口朝外,3,0.179510,0.144242,9.835224,0.002361,0.018705,0.009430
447673080.000,ZR,handheld,水平,right,recording,充电口朝外,3,0.183189,0.159116,9.791676,-0.003892,0.013454,0.004523
447673090.000,ZR,handheld,水平,right,recording,充电口朝外,3,0.173286,0.169325,9.815811,-0.007425,0.008268,0.001606
447673100.000,ZR,handheld,水平,right,recording,充电口朝外,3,0.184803,0.160855,9.811198,-0.008233,0.009975,0.001167
447673110.000,ZR,handheld,水平,right,recording,充电口朝外,3,0.186711,0.174048,9.825212,-0.007476,0.010880,0.002319
447673120.000,ZR,handheld,水平,right,recording,充电口朝外,3,0.229875,0.183122,9.825989,-0.005044,0.011426,-0.000620
447673130.000,ZR,handheld,水平,right,recording,充电口朝外,3,0.214456,0.198559,9.814108,-0.005475,0.010413,-0.001190
447673140.000,ZR,handheld,水平,right,recording,充电口朝外,3,0.171921,0.204765,9.808764,-0.009262,0.004869,-0.000315
447673150.000,ZR,handheld,水平,right,recording,充电口朝外,3,0.199726,0.187181,9.840432,-0.010906,-0.000179,0.002277
447673160.000,ZR,handheld,水平,right,recording,充电口朝外,3,0.168760,0.162808,9.830877,-0.010641,-0.010017,0.006176
447673170.000,ZR,handheld,水平,right,recording,充电口朝外,3,0.180621,0.164892,9.833619,-0.005291,-0.010174,0.010372
447673180.000,ZR,handheld,水平,right,recording,充电口朝外,3,0.181440,0.170095,9.844108,0.001066,-0.012286,0.013296
447673190.000,ZR,handheld,水平,right,recording,充电口朝外,3,0.193469,0.169600,9.843697,0.009228,-0.019721,0.014036
447673200.000,ZR,handheld,水平,right,recording,充电口朝外,3,0.193828,0.147263,9.853773,0.014643,-0.022942,0.012452
447673210.000,ZR,handheld,水平,right,recording,充电口朝外,3,0.196056,0.160452,9.814570,0.012311,-0.027573,0.010922
447673220.000,ZR,handheld,水平,right,recording,充电口朝外,3,0.170896,0.166569,9.809309,0.006684,-0.030680,0.005721
447673230.000,ZR,handheld,水平,right,recording,充电口朝外,3,0.181542,0.159950,9.815112,0.001333,-0.033422,-0.000165
447673240.000,ZR,handheld,水平,right,recording,充电口朝外,3,0.179012,0.164192,9.806214,-0.005129,-0.041459,-0.000245
447673250.000,ZR,handheld,水平,right,recording,充电口朝外,3,0.219763,0.180257,9.802254,-0.006062,-0.045880,0.000649
447673260.000,ZR,handheld,水平,right,recording,充电口朝外,3,0.216865,0.187384,9.859744,-0.002001,-0.040850,0.005788
447673270.000,ZR,handheld,水平,right,recording,充电口朝外,3,0.230223,0.181416,9.774990,-0.003870,-0.024388,0.010288
447673280.000,ZR,handheld,水平,right,recording,充电口朝外,3,0.274499,0.193027,9.767846,-0.003808,-0.008505,0.010246
447673290.000,ZR,handheld,水平,right,recording,充电口朝外,3,0.303730,0.166312,9.790597,-0.004429,0.001932,0.003172
447673300.000,ZR,handheld,水平,right,recording,充电口朝外,3,0.294925,0.166295,9.800573,-0.005416,0.006469,-0.001625
447673310.000,ZR,handheld,水平,right,recording,充电口朝外,3,0.259074,0.161709,9.795732,-0.004956,0.002044,-0.001742
447673320.000,ZR,handheld,水平,right,recording,充电口朝外,3,0.272315,0.170066,9.815041,-0.000540,-0.004824,0.002376
447673330.000,ZR,handheld,水平,right,recording,充电口朝外,3,0.252943,0.159710,9.825822,0.004179,-0.003834,0.007422
447673340.000,ZR,handheld,水平,right,recording,充电口朝外,3,0.232467,0.178377,9.805407,0.004447,-0.006905,0.011463
447673350.000,ZR,handheld,水平,right,recording,充电口朝外,3,0.280416,0.163471,9.795240,0.001126,-0.010023,0.011479
447673360.000,ZR,handheld,水平,right,recording,充电口朝外,3,0.255258,0.166584,9.772904,-0.004479,-0.008770,0.009726
447673370.000,ZR,handheld,水平,right,recording,充电口朝外,3,0.266145,0.152754,9.791935,-0.006453,-0.010337,0.004385
447673380.000,ZR,handheld,水平,right,recording,充电口朝外,3,0.262785,0.170683,9.808429,-0.005121,-0.011276,0.001798
447673390.000,ZR,handheld,水平,right,recording,充电口朝外,3,0.253659,0.178800,9.822533,0.001033,-0.014112,0.001548
447673400.000,ZR,handheld,水平,right,recording,充电口朝外,3,0.276239,0.172449,9.815512,0.006501,-0.018184,0.003259
447673410.000,ZR,handheld,水平,right,recording,充电口朝外,3,0.290053,0.168771,9.786928,0.006185,-0.018606,0.009400
447673420.000,ZR,handheld,水平,right,recording,充电口朝外,3,0.308325,0.176122,9.761827,0.002910,-0.008059,0.012591
447673430.000,ZR,handheld,水平,right,recording,充电口朝外,3,0.293675,0.175452,9.731308,-0.003586,-0.000077,0.009287
447673440.000,ZR,handheld,水平,right,recording,充电口朝外,3,0.302668,0.175757,9.789919,-0.004494,0.003771,0.004083
447673450.000,ZR,handheld,水平,right,recording,充电口朝外,3,0.275856,0.192530,9.814594,0.000063,0.000218,0.002489
447673460.000,ZR,handheld,水平,right,recording,充电口朝外,3,0.229358,0.188785,9.810936,0.001210,-0.000376,0.007962
447673470.000,ZR,handheld,水平,right,recording,充电口朝外,3,0.238035,0.186787,9.833663,0.001679,-0.002276,0.013424
447673480.000,ZR,handheld,水平,right,recording,充电口朝外,3,0.243760,0.192861,9.864570,0.003068,-0.007343,0.015469
447673490.000,ZR,handheld,水平,right,recording,充电口朝外,3,0.261273,0.181408,9.832122,0.002710,-0.015071,0.010996
447673500.000,ZR,handheld,水平,right,recording,充电口朝外,3,0.195314,0.169675,9.811529,-0.000632,-0.017059,0.009774
447673510.000,ZR,handheld,水平,right,recording,充电口朝外,3,0.210910,0.178905,9.804881,-0.003591,-0.017429,0.008157
447673520.000,ZR,handheld,水平,right,recording,充电口朝外,3,0.195259,0.167747,9.843178,-0.003419,-0.011009,0.007344
447673530.000,ZR,handheld,水平,right,recording,充电口朝外,3,0.212730,0.160902,9.773421,-0.005825,-0.014103,0.006355
447673540.000,ZR,handheld,水平,right,recording,充电口朝外,3,0.224645,0.148823,9.830677,-0.002938,-0.007183,0.004615
447673550.000,ZR,handheld,水平,right,recording,充电口朝外,3,0.238646,0.167166,9.812375,-0.000260,-0.002822,0.001201
447673560.000,ZR,handheld,水平,right,recording,充电口朝外,3,0.260946,0.139603,9.775197,-0.000979,-0.007148,0.000358
447673570.000,ZR,handheld,水平,right,recording,充电口朝外,3,0.213603,0.147044,9.800468,-0.004568,-0.004366,0.003358
447673580.000,ZR,handheld,水平,right,recording,充电口朝外,3,0.243775,0.159755,9.754061,-0.008420,-0.000024,0.004338
447673590.000,ZR,handheld,水平,right,recording,充电口朝外,3,0.241296,0.151058,9.764783,-0.015759,0.004044,0.005018
447673600.000,ZR,handheld,水平,right,recording,充电口朝外,3,0.297846,0.149169,9.758501,-0.017197,0.003776,-0.000891
447673610.000,ZR,handheld,水平,right,recording,充电口朝外,3,0.223578,0.156764,9.827593,-0.008965,0.000204,-0.001935
447673620.000,ZR,handheld,水平,right,recording,充电口朝外,3,0.227845,0.169789,9.824392,0.006301,-0.012339,-0.000837
447673630.000,ZR,handheld,水平,right,recording,充电口朝外,3,0.258298,0.149471,9.825422,0.015103,-0.015546,0.002377
447673640.000,ZR,handheld,水平,right,recording,充电口朝外,3,0.301814,0.184651,9.767477,0.015360,-0.007636,0.004223
447673650.000,ZR,handheld,水平,right,recording,充电口朝外,3,0.331349,0.161876,9.768310,0.009542,0.004140,0.002944
447673660.000,ZR,handheld,水平,right,recording,充电口朝外,3,0.301538,0.187490,9.761930,-0.001360,0.009387,0.002775
447673670.000,ZR,handheld,水平,right,recording,充电口朝外,3,0.270997,0.202242,9.783624,-0.003935,0.007640,-0.000974
447673680.000,ZR,handheld,水平,right,recording,充电口朝外,3,0.234342,0.179549,9.816052,-0.003214,0.004204,-0.002010
447673690.000,ZR,handheld,水平,right,recording,充电口朝外,3,0.252097,0.187116,9.767130,-0.003405,-0.003289,-0.001514
447673700.000,ZR,handheld,水平,right,recording,充电口朝外,3,0.245107,0.149634,9.790207,-0.005280,-0.009708,0.001811
447673710.000,ZR,handheld,水平,right,recording,充电口朝外,3,0.276830,0.156482,9.787702,-0.005044,-0.009482,0.006263
447673720.000,ZR,handheld,水平,right,recording,充电口朝外,3,0.320060,0.163838,9.779929,-0.000641,-0.003452,0.002704
447673730.000,ZR,handheld,水平,right,recording,充电口朝外,3,0.321414,0.153569,9.763357,0.007380,0.002430,-0.001808
447673740.000,ZR,handheld,水平,right,recording,充电口朝外,3,0.284735,0.149779,9.778780,0.011952,0.008342,-0.002210
447673750.000,ZR,handheld,水平,right,recording,充电口朝外,3,0.260872,0.165873,9.796038,0.018647,0.009732,-0.002025
447673760.000,ZR,handheld,水平,right,recording,充电口朝外,3,0.261360,0.158858,9.816546,0.024657,0.008034,0.000909
447673770.000,ZR,handheld,水平,right,recording,充电口朝外,3,0.212687,0.181759,9.830165,0.024156,0.003287,0.009462
447673780.000,ZR,handheld,水平,right,recording,充电口朝外,3,0.242165,0.170966,9.834887,0.019872,0.000395,0.012523
447673790.000,ZR,handheld,水平,right,recording,充电口朝外,3,0.239059,0.178471,9.839202,0.013710,0.006867,0.012141
447673800.000,ZR,handheld,水平,right,recording,充电口朝外,3,0.246953,0.188592,9.796846,0.001969,0.019206,0.007183
447673810.000,ZR,handheld,水平,right,recording,充电口朝外,3,0.240392,0.156703,9.825980,-0.009318,0.028262,-0.000042
447673820.000,ZR,handheld,水平,right,recording,充电口朝外,3,0.226676,0.153978,9.803411,-0.014510,0.018429,-0.005226
447673830.000,ZR,handheld,水平,right,recording,充电口朝外,3,0.242860,0.159923,9.878042,-0.007892,0.006416,-0.007190
447673840.000,ZR,handheld,水平,right,recording,充电口朝外,3,0.230659,0.187201,9.880800,0.000995,-0.003019,-0.005394
447673850.000,ZR,handheld,水平,right,recording,充电口朝外,3,0.270782,0.192377,9.835170,0.005391,-0.009401,0.000117
447673860.000,ZR,handheld,水平,right,recording,充电口朝外,3,0.256566,0.207310,9.864736,0.007440,-0.006544,0.006552
447673870.000,ZR,handheld,水平,right,recording,充电口朝外,3,0.289818,0.208869,9.818862,0.003987,-0.006640,0.009667
447673880.000,ZR,handheld,水平,right,recording,充电口朝外,3,0.270768,0.223368,9.818893,-0.002684,-0.009059,0.011017
447673890.000,ZR,handheld,水平,right,recording,充电口朝外,3,0.271433,0.217038,9.838859,-0.005766,-0.006596,0.011822
447673900.000,ZR,handheld,水平,right,recording,充电口朝外,3,0.286260,0.200332,9.838143,-0.006587,-0.005291,0.012657
447673910.000,ZR,handheld,水平,right,recording,充电口朝外,3,0.229802,0.175643,9.862300,-0.003984,-0.003343,0.017344
447673920.000,ZR,handheld,水平,right,recording,充电口朝外,3,0.222623,0.194565,9.843309,-0.000023,-0.001041,0.021083
447673930.000,ZR,handheld,水平,right,recording,充电口朝外,3,0.240156,0.182441,9.824921,0.004034,0.003022,0.022564
447673940.000,ZR,handheld,水平,right,recording,充电口朝外,3,0.215076,0.172583,9.794697,0.000465,0.008262,0.023035
447673950.000,ZR,handheld,水平,right,recording,充电口朝外,3,0.251162,0.149703,9.778276,-0.008307,0.017787,0.019175
447673960.000,ZR,handheld,水平,right,recording,充电口朝外,3,0.215213,0.124832,9.761979,-0.020187,0.021421,0.014817
447673970.000,ZR,handheld,水平,right,recording,充电口朝外,3,0.210966,0.125730,9.772432,-0.027397,0.021861,0.007560
447673980.000,ZR,handheld,水平,right,recording,充电口朝外,3,0.198728,0.117708,9.859185,-0.020233,0.019345,0.000817
447673990.000,ZR,handheld,水平,right,recording,充电口朝外,3,0.177453,0.108064,9.892510,-0.003679,0.003824,-0.001730
447674000.000,ZR,handheld,水平,right,recording,充电口朝外,3,0.161409,0.149988,9.902002,0.012702,-0.013144,-0.001090
447674010.000,ZR,handheld,水平,right,recording,充电口朝外,3,0.193069,0.153700,9.861443,0.018437,-0.017108,0.003515
447674020.000,ZR,handheld,水平,right,recording,充电口朝外,3,0.222999,0.174360,9.803853,0.011261,-0.008877,0.008900
447674030.000,ZR,handheld,水平,right,recording,充电口朝外,3,0.223711,0.187032,9.802041,-0.004939,0.002626,0.008423
447674040.000,ZR,handheld,水平,right,recording,充电口朝外,3,0.233308,0.192674,9.804001,-0.020728,0.005943,0.002953
447674050.000,ZR,handheld,水平,right,recording,充电口朝外,3,0.207647,0.170283,9.780568,-0.031966,0.012022,-0.000301
447674060.000,ZR,handheld,水平,right,recording,充电口朝外,3,0.196478,0.172160,9.783594,-0.037196,0.012134,-0.000392
447674070.000,ZR,handheld,水平,right,recording,充电口朝外,3,0.225388,0.146991,9.796371,-0.030191,0.005169,-0.001937
447674080.000,ZR,handheld,水平,right,recording,充电口朝外,3,0.195793,0.138340,9.841545,-0.013427,-0.006146,-0.003917
447674090.000,ZR,handheld,水平,right,recording,充电口朝外,3,0.227037,0.123421,9.776640,-0.002821,-0.016165,-0.008547
447674100.000,ZR,handheld,水平,right,recording,充电口朝外,3,0.234691,0.118849,9.756355,0.003194,-0.016071,-0.010459
447674110.000,ZR,handheld,水平,right,recording,充电口朝外,3,0.254702,0.127731,9.683937,-0.003033,-0.008513,-0.010385
447674120.000,ZR,handheld,水平,right,recording,充电口朝外,3,0.260813,0.137986,9.694904,-0.009596,-0.002783,-0.010245
447674130.000,ZR,handheld,水平,right,recording,充电口朝外,3,0.233497,0.149730,9.704567,-0.010008,-0.005189,-0.008936
447674140.000,ZR,handheld,水平,right,recording,充电口朝外,3,0.208125,0.157528,9.737033,-0.005273,-0.008790,-0.007744
447674150.000,ZR,handheld,水平,right,recording,充电口朝外,3,0.223303,0.129615,9.701124,0.000987,-0.012567,-0.007650
447674160.000,ZR,handheld,水平,right,recording,充电口朝外,3,0.253762,0.152212,9.740729,0.011480,-0.015668,-0.011054
447674170.000,ZR,handheld,水平,right,recording,充电口朝外,3,0.268089,0.145046,9.719949,0.018689,-0.015592,-0.014566
447674180.000,ZR,handheld,水平,right,recording,充电口朝外,3,0.256839,0.124128,9.693415,0.022664,-0.016721,-0.016266
447674190.000,ZR,handheld,水平,right,recording,充电口朝外,3,0.249166,0.096582,9.685326,0.023212,-0.017119,-0.015044
447674200.000,ZR,handheld,水平,right,recording,充电口朝外,3,0.258280,0.161480,9.710349,0.029305,-0.017655,-0.013317
447674210.000,ZR,handheld,水平,right,recording,充电口朝外,3,0.230099,0.177967,9.783152,0.041692,-0.016324,-0.012096
447674220.000,ZR,handheld,水平,right,recording,充电口朝外,3,0.255521,0.190345,9.788304,0.049173,-0.012844,-0.013943
447674230.000,ZR,handheld,水平,right,recording,充电口朝外,3,0.268066,0.189273,9.764988,0.046742,-0.010932,-0.016676
447674240.000,ZR,handheld,水平,right,recording,充电口朝外,3,0.239846,0.186689,9.769798,0.037562,-0.005817,-0.015941
447674250.000,ZR,handheld,水平,right,recording,充电口朝外,3,0.277104,0.208710,9.783175,0.025638,-0.002055,-0.015054
447674260.000,ZR,handheld,水平,right,recording,充电口朝外,3,0.297956,0.199157,9.860181,0.025317,-0.000398,-0.016186
447674270.000,ZR,handheld,水平,right,recording,充电口朝外,3,0.263067,0.229205,9.903368,0.028594,-0.005049,-0.014797
447674280.000,ZR,handheld,水平,right,recording,充电口朝外,3,0.254876,0.231427,9.911052,0.034527,-0.019054,-0.010028
447674290.000,ZR,handheld,水平,right,recording,充电口朝外,3,0.263181,0.237682,9.939434,0.038668,-0.028991,-0.004761
447674300.000,ZR,handheld,水平,right,recording,充电口朝外,3,0.251952,0.246020,9.898338,0.036457,-0.029069,0.001089
447674310.000,ZR,handheld,水平,right,recording,充电口朝外,3,0.264780,0.216714,9.880183,0.025959,-0.019270,0.004592
447674320.000,ZR,handheld,水平,right,recording,充电口朝外,3,0.272012,0.220797,9.859938,0.015577,-0.011248,0.000469
447674330.000,ZR,handheld,水平,right,recording,充电口朝外,3,0.298499,0.192142,9.903060,0.008297,-0.008751,-0.004635
447674340.000,ZR,handheld,水平,right,recording,充电口朝外,3,0.267490,0.193024,9.872429,0.000342,-0.014436,-0.009982
447674350.000,ZR,handheld,水平,right,recording,充电口朝外,3,0.274499,0.177590,9.885105,-0.006080,-0.013637,-0.010198
447674360.000,ZR,handheld,水平,right,recording,充电口朝外,3,0.247562,0.157828,9.842797,-0.014651,-0.005163,-0.006679
447674370.000,ZR,handheld,水平,right,recording,充电口朝外,3,0.257263,0.157540,9.848544,-0.019055,-0.005501,-0.003598
447674380.000,ZR,handheld,水平,right,recording,充电口朝外,3,0.280129,0.144809,9.884748,-0.013258,-0.017091,-0.009434
447674390.000,ZR,handheld,水平,right,recording,充电口朝外,3,0.284938,0.129573,9.862658,-0.006013,-0.024307,-0.016717
447674400.000,ZR,handheld,水平,right,recording,充电口朝外,3,0.315407,0.153573,9.816413,-0.001790,-0.016619,-0.020328
447674410.000,ZR,handheld,水平,right,recording,充电口朝外,3,0.317285,0.169476,9.805818,-0.000867,-0.004403,-0.020752
447674420.000,ZR,handheld,水平,right,recording,充电口朝外,3,0.338834,0.176727,9.776201,-0.005044,-0.007877,-0.019324
447674430.000,ZR,handheld,水平,right,recording,充电口朝外,3,0.293610,0.167420,9.793112,-0.009276,-0.013798,-0.014174
447674440.000,ZR,handheld,水平,right,recording,充电口朝外,3,0.311281,0.181018,9.736131,-0.018764,-0.015611,-0.009627
447674450.000,ZR,handheld,水平,right,recording,充电口朝外,3,0.361311,0.152683,9.740542,-0.023379,-0.002757,-0.010533
447674460.000,ZR,handheld,水平,right,recording,充电口朝外,3,0.370075,0.150674,9.701780,-0.025099,0.007222,-0.017038
447674470.000,ZR,handheld,水平,right,recording,充电口朝外,3,0.362218,0.158765,9.753653,-0.019364,0.004040,-0.024048
447674480.000,ZR,handheld,水平,right,recording,充电口朝外,3,0.362628,0.191726,9.753087,-0.009025,0.000973,-0.028942
447674490.000,ZR,handheld,水平,right,recording,充电口朝外,3,0.340890,0.194013,9.700025,-0.006121,0.005394,-0.027082
447674500.000,ZR,handheld,水平,right,recording,充电口朝外,3,0.358284,0.230205,9.718307,-0.005757,0.023793,-0.022471
447674510.000,ZR,handheld,水平,right,recording,充电口朝外,3,0.357361,0.216191,9.697118,-0.005880,0.041497,-0.019716
447674520.000,ZR,handheld,水平,right,recording,充电口朝外,3,0.357062,0.224437,9.729232,-0.005257,0.046568,-0.020549
447674530.000,ZR,handheld,水平,right,recording,充电口朝外,3,0.332479,0.205609,9.758538,-0.005931,0.049152,-0.023032
447674540.000,ZR,handheld,水平,right,recording,充电口朝外,3,0.295424,0.228420,9.735382,-0.015356,0.063236,-0.025517
447674550.000,ZR,handheld,水平,right,recording,充电口朝外,3,0.346097,0.233479,9.692135,-0.037683,0.096686,-0.035406
447674560.000,ZR,handheld,水平,right,recording,充电口朝外,3,0.354728,0.245864,9.658284,-0.073569,0.139835,-0.050408
447674570.000,ZR,handheld,水平,right,recording,充电口朝外,3,0.335314,0.186663,9.667864,-0.113035,0.177942,-0.069503
447674580.000,ZR,handheld,水平,right,recording,充电口朝外,3,0.327250,0.133288,9.654571,-0.154453,0.216827,-0.095744
447674590.000,ZR,handheld,水平,right,recording,充电口朝外,3,0.276586,0.123622,9.698492,-0.187323,0.238721,-0.126976
447674600.000,ZR,handheld,水平,right,recording,充电口朝外,3,0.226655,0.074952,9.799079,-0.203826,0.261729,-0.155138
447674610.000,ZR,handheld,水平,right,recording,充电口朝外,3,0.165883,0.057769,9.770852,-0.207630,0.273642,-0.178209
447674620.000,ZR,handheld,水平,right,recording,充电口朝外,3,0.164640,0.039616,9.888247,-0.199117,0.271645,-0.198896
447674630.000,ZR,handheld,水平,right,recording,充电口朝外,3,0.094535,0.002088,9.844606,-0.193023,0.280682,-0.215968
447674640.000,ZR,handheld,水平,right,recording,充电口朝外,3,0.085177,0.024993,9.852794,-0.192490,0.290502,-0.235686
447674650.000,ZR,handheld,水平,right,recording,充电口朝外,3,0.258620,0.029450,9.963656,-0.196360,0.297554,-0.271139
447674660.000,ZR,handheld,水平,right,recording,充电口朝外,3,0.383592,-0.052649,9.999123,-0.212603,0.334275,-0.321794
447674670.000,ZR,handheld,水平,right,recording,充电口朝外,3,0.073847,0.007686,9.772038,-0.263067,0.336131,-0.342039
447674680.000,ZR,handheld,水平,right,recording,充电口朝外,3,-0.090178,-0.029135,9.698859,-0.326991,0.341606,-0.335081
447674690.000,ZR,handheld,水平,right,recording,充电口朝外,3,0.064535,0.026076,9.897276,-0.351738,0.359297,-0.334508
447674700.000,ZR,handheld,水平,right,recording,充电口朝外,3,-0.287381,0.044170,10.183840,-0.330827,0.331877,-0.322104
447674710.000,ZR,handheld,水平,right,recording,充电口朝外,3,-0.323843,-0.191003,10.268949,-0.290672,0.273584,-0.321435
447674720.000,ZR,handheld,水平,right,recording,充电口朝外,3,-0.544383,-0.242734,10.406163,-0.228068,0.202661,-0.313277
447674730.000,ZR,handheld,水平,right,recording,充电口朝外,3,-0.605798,-0.300100,10.432281,-0.172410,0.134358,-0.305204
447674740.000,ZR,handheld,水平,right,recording,充电口朝外,3,-0.570990,-0.441002,10.244478,-0.150234,0.104391,-0.309313
447674750.000,ZR,handheld,水平,right,recording,充电口朝外,3,-0.519164,-0.483066,10.025355,-0.164027,0.147818,-0.331828
447674760.000,ZR,handheld,水平,right,recording,充电口朝外,3,-0.374576,-0.554051,9.753012,-0.210184,0.224534,-0.373490
447674770.000,ZR,handheld,水平,right,recording,充电口朝外,3,-0.736085,-0.537097,9.603368,-0.256445,0.283329,-0.395239
447674780.000,ZR,handheld,水平,right,recording,充电口朝外,3,-0.598159,-0.500994,9.654961,-0.280511,0.333727,-0.428505
447674790.000,ZR,handheld,水平,right,recording,充电口朝外,3,-0.523557,-0.490703,9.881091,-0.257239,0.346915,-0.460559
447674800.000,ZR,handheld,水平,right,recording,充电口朝外,3,-0.609481,-0.366222,9.964626,-0.222457,0.335240,-0.467981
447674810.000,ZR,handheld,水平,right,recording,充电口朝外,3,-0.726718,-0.357367,9.707536,-0.210721,0.285619,-0.443998
447674820.000,ZR,handheld,水平,right,recording,充电口朝外,3,-0.904015,-0.243575,9.670483,-0.200780,0.207681,-0.380583
447674830.000,ZR,handheld,水平,right,rotate_hint,充电口朝外,3,-0.631733,-0.184823,9.705896,-0.180816,0.174053,-0.321412
447674840.000,ZR,handheld,水平,right,rotate_hint,充电口朝外,3,-0.409738,-0.157834,9.534321,-0.174724,0.176403,-0.279552
447674850.000,ZR,handheld,水平,right,rotate_hint,充电口朝外,3,-0.229335,-0.143766,9.238991,-0.182682,0.167752,-0.246532
447674860.000,ZR,handheld,水平,right,rotate_hint,充电口朝外,3,-0.262954,-0.186439,9.303912,-0.167625,0.156736,-0.206789
447674870.000,ZR,handheld,水平,right,rotate_hint,充电口朝外,3,-0.138360,-0.201405,9.394962,-0.120749,0.131945,-0.168392
447674880.000,ZR,handheld,水平,right,rotate_hint,充电口朝外,3,-0.174169,-0.255457,9.476884,-0.051814,0.119715,-0.128352
447674890.000,ZR,handheld,水平,right,rotate_hint,充电口朝外,3,-0.138775,-0.292096,9.497175,0.026906,0.137150,-0.100079
447674900.000,ZR,handheld,水平,right,rotate_hint,充电口朝外,3,-0.143957,-0.390797,9.641507,0.106401,0.131220,-0.095589
447674910.000,ZR,handheld,水平,right,rotate_hint,充电口朝外,3,-0.292657,-0.509131,9.663003,0.166520,0.042947,-0.094660
447674920.000,ZR,handheld,水平,right,rotate_hint,充电口朝外,3,-0.472232,-0.532596,9.770234,0.205848,-0.035992,-0.078873
447674930.000,ZR,handheld,水平,right,rotate_hint,充电口朝外,3,-0.470852,-0.496242,9.693390,0.207764,-0.047508,-0.059171
447674940.000,ZR,handheld,水平,right,rotate_hint,充电口朝外,3,-0.451507,-0.498805,9.539544,0.170943,-0.014471,-0.046607
447674950.000,ZR,handheld,水平,right,rotate_hint,充电口朝外,3,-0.479348,-0.511385,9.598444,0.126907,0.010650,-0.050919
447674960.000,ZR,handheld,水平,right,rotate_hint,充电口朝外,3,-0.534799,-0.538307,9.777700,0.110389,-0.009851,-0.065551
447674970.000,ZR,handheld,水平,right,rotate_hint,充电口朝外,3,-0.637082,-0.498288,9.968437,0.127383,-0.058874,-0.071591
447674980.000,ZR,handheld,水平,right,rotate_hint,充电口朝外,3,-0.761221,-0.476557,10.109435,0.161251,-0.111905,-0.062813
447674990.000,ZR,handheld,水平,right,rotate_hint,充电口朝外,3,-0.739364,-0.381885,10.040834,0.180964,-0.140049,-0.050788
447675000.000,ZR,handheld,水平,right,rotate_hint,充电口朝外,3,-0.623953,-0.388715,9.861489,0.170364,-0.108705,-0.047007
447675010.000,ZR,handheld,水平,right,rotate_hint,充电口朝外,3,-0.467397,-0.339745,9.791419,0.136448,-0.050945,-0.058726
447675020.000,ZR,handheld,水平,right,rotate_hint,充电口朝外,3,-0.454066,-0.339388,9.810513,0.096999,-0.004397,-0.079243
447675030.000,ZR,handheld,水平,right,rotate_hint,充电口朝外,3,-0.518399,-0.327796,9.836864,0.054584,-0.003617,-0.096211
447675040.000,ZR,handheld,水平,right,rotate_hint,充电口朝外,3,-0.578806,-0.308060,9.855399,0.017231,-0.032962,-0.102044
447675050.000,ZR,handheld,水平,right,rotate_hint,充电口朝外,3,-0.641973,-0.399082,9.987147,0.004867,-0.040467,-0.094725
447675060.000,ZR,handheld,水平,right,rotate_hint,充电口朝外,3,-0.471718,-0.197479,9.883380,0.008778,-0.059761,-0.081620
447675070.000,ZR,handheld,水平,right,rotate_hint,充电口朝外,3,-0.598516,-0.283108,10.117880,0.040839,-0.076427,-0.050673
447675080.000,ZR,handheld,水平,right,rotate_hint,充电口朝外,3,-0.420655,-0.178834,10.011884,0.082615,-0.106677,-0.029858
447675090.000,ZR,handheld,水平,right,rotate_hint,充电口朝外,3,-0.370324,-0.240811,9.983385,0.104387,-0.119249,-0.017505
447675100.000,ZR,handheld,水平,right,rotate_hint,充电口朝外,3,-0.305749,-0.263458,9.603012,0.075483,-0.108113,-0.026550
447675110.000,ZR,handheld,水平,right,rotate_hint,充电口朝外,3,-0.113821,-0.245882,9.592607,0.032858,-0.053822,-0.047223
447675120.000,ZR,handheld,水平,right,rotate_hint,充电口朝外,3,-0.137679,-0.271726,9.719617,0.003153,-0.011910,-0.072227
447675130.000,ZR,handheld,水平,right,rotate_hint,充电口朝外,3,-0.197377,-0.254069,9.745435,-0.008966,-0.018404,-0.101776
447675140.000,ZR,handheld,水平,right,rotate_hint,充电口朝外,3,-0.216013,-0.173446,9.835278,-0.004169,-0.049111,-0.127684
447675150.000,ZR,handheld,水平,right,rotate_hint,充电口朝外,3,-0.327070,-0.111973,9.828140,0.010202,-0.094544,-0.146056
447675160.000,ZR,handheld,水平,right,rotate_hint,充电口朝外,3,-0.236131,-0.108200,9.767791,0.015532,-0.107887,-0.161333
447675170.000,ZR,handheld,水平,right,rotate_hint,充电口朝外,3,-0.119366,-0.119431,9.659486,0.003753,-0.091319,-0.178070
447675180.000,ZR,handheld,水平,right,rotate_hint,充电口朝外,3,-0.037619,-0.050365,9.781489,0.012365,-0.056879,-0.204309
447675190.000,ZR,handheld,水平,right,rotate_hint,充电口朝外,3,0.058009,-0.060212,10.034710,0.043185,-0.053737,-0.241984
447675200.000,ZR,handheld,水平,right,rotate_hint,充电口朝外,3,-0.188819,-0.018842,9.961652,0.068158,-0.078138,-0.269061
447675210.000,ZR,handheld,水平,right,rotate_hint,充电口朝外,3,-0.286221,-0.306013,9.202036,0.009531,-0.041372,-0.311286
447675220.000,ZR,handheld,水平,right,rotate_hint,充电口朝外,3,-0.266810,-0.337784,9.145537,-0.071060,0.028170,-0.376978
447675230.000,ZR,handheld,水平,right,rotate_hint,充电口朝外,3,-0.317523,-0.655330,9.593312,-0.087137,0.057851,-0.457882
447675240.000,ZR,handheld,水平,right,rotate_hint,充电口朝外,3,-0.189822,-0.603234,9.946080,-0.064075,0.036470,-0.543373
447675250.000,ZR,handheld,水平,right,rotate_hint,充电口朝外,3,-0.656623,-0.569353,10.066565,-0.032460,0.006154,-0.598686
447675260.000,ZR,handheld,水平,right,rotate_hint,充电口朝外,3,-0.622833,-0.589364,9.930642,0.001224,-0.000256,-0.658939
447675270.000,ZR,handheld,水平,right,rotate_hint,充电口朝外,3,-0.656652,-0.420318,10.155150,0.041004,0.003298,-0.719920
447675280.000,ZR,handheld,水平,right,rotate_hint,充电口朝外,3,-0.399072,-0.263252,10.004056,0.032546,-0.021425,-0.776960
447675290.000,ZR,handheld,水平,right,rotate_hint,充电口朝外,3,0.267322,-0.013624,9.691830,-0.055481,-0.029119,-0.854416
447675300.000,ZR,handheld,水平,right,rotate_hint,充电口朝外,3,0.830274,0.015142,9.880183,-0.199993,-0.012013,-0.967525
447675310.000,ZR,handheld,水平,right,rotate_hint,充电口朝外,3,0.319330,-0.091363,9.513557,-0.393782,0.147574,-1.052138
447675320.000,ZR,handheld,水平,right,rotate_hint,充电口朝外,3,0.131150,-0.179605,9.717992,-0.522528,0.242263,-1.117331
447675330.000,ZR,handheld,水平,right,rotate_hint,充电口朝外,3,-0.078936,-0.227311,10.471270,-0.507385,0.132530,-1.165694
447675340.000,ZR,handheld,水平,right,rotate_hint,充电口朝外,3,-0.535800,-0.380807,10.045641,-0.429272,0.013280,-1.176349
447675350.000,ZR,handheld,水平,right,rotate_hint,充电口朝外,3,-0.643647,-0.520935,10.782010,-0.275164,-0.039518,-1.152214
447675360.000,ZR,handheld,水平,right,rotate_hint,充电口朝外,3,-0.812541,-0.543017,11.326216,-0.090008,-0.121937,-1.111107
447675370.000,ZR,handheld,水平,right,rotate_hint,充电口朝外,3,-0.566780,-0.543451,10.889128,0.014976,-0.196521,-1.100118
447675380.000,ZR,handheld,水平,right,rotate_hint,充电口朝外,3,-0.131179,-0.702081,10.296156,0.024762,-0.204694,-1.141413
447675390.000,ZR,handheld,水平,right,rotate_hint,充电口朝外,3,0.431955,-0.874649,9.947184,-0.020632,-0.216022,-1.232681
447675400.000,ZR,handheld,水平,right,rotate_hint,充电口朝外,3,1.126189,-1.368263,9.519583,-0.135976,-0.299607,-1.336156
447675410.000,ZR,handheld,水平,right,rotate_hint,充电口朝外,3,1.246950,-0.333707,8.988122,-0.309115,-0.201601,-1.477061
447675420.000,ZR,handheld,水平,right,rotate_hint,充电口朝外,3,0.799492,0.280722,8.819215,-0.514566,-0.135376,-1.592572
447675430.000,ZR,handheld,水平,right,rotate_hint,充电口朝外,3,0.858022,0.047786,8.371847,-0.741871,-0.249718,-1.669030
447675440.000,ZR,handheld,水平,right,rotate_hint,充电口朝外,3,-0.012052,-1.206992,10.198143,-0.860937,-0.168085,-1.624224
447675450.000,ZR,handheld,水平,right,rotate_hint,充电口朝外,3,0.395750,-0.866651,10.023341,-0.924907,-0.055776,-1.618394
447675460.000,ZR,handheld,水平,right,rotate_hint,充电口朝外,3,0.479240,-0.926363,9.615491,-0.969086,0.025701,-1.652156
447675470.000,ZR,handheld,水平,right,rotate_hint,充电口朝外,3,-0.280100,-1.065620,9.918088,-0.961554,0.128008,-1.636534
447675480.000,ZR,handheld,水平,right,rotate_hint,充电口朝外,3,-0.189251,-1.307064,10.244668,-0.905126,0.326756,-1.602699
447675490.000,ZR,handheld,水平,right,rotate_hint,充电口朝外,3,0.047478,-1.460153,10.275669,-0.799627,0.514379,-1.611620
447675500.000,ZR,handheld,水平,right,rotate_hint,充电口朝外,3,0.253380,-1.763679,10.422752,-0.660815,0.560645,-1.659769
447675510.000,ZR,handheld,水平,right,rotate_hint,充电口朝外,3,-0.029603,-1.913961,9.882680,-0.525361,0.426689,-1.713241
447675520.000,ZR,handheld,水平,right,rotate_hint,充电口朝外,3,-0.082883,-1.101055,9.169531,-0.415384,0.090599,-1.812697
447675530.000,ZR,handheld,水平,right,rotate_hint,充电口朝外,3,0.302645,0.189556,8.558860,-0.311536,-0.501208,-1.990059
447675540.000,ZR,handheld,水平,right,rotate_hint,充电口朝外,3,0.428572,-1.090668,9.477910,-0.186048,-0.832770,-2.065648
447675550.000,ZR,handheld,水平,right,rotate_hint,充电口朝外,3,0.213821,-2.032653,11.153214,0.039745,-0.655239,-2.049142
447675560.000,ZR,handheld,水平,right,rotate_hint,充电口朝外,3,0.244300,-2.364087,11.780434,0.340811,-0.104155,-1.994242
447675570.000,ZR,handheld,水平,right,rotate_hint,充电口朝外,3,0.394990,-2.034959,11.502192,0.633024,0.445466,-1.925190
447675580.000,ZR,handheld,水平,right,rotate_hint,充电口朝外,3,0.647200,-1.575510,10.556292,0.841768,0.780013,-1.871895
447675590.000,ZR,handheld,水平,right,rotate_hint,充电口朝外,3,0.949340,-1.204262,9.833251,0.950413,0.929937,-1.859653
447675600.000,ZR,handheld,水平,right,rotate_hint,充电口朝外,3,0.824986,-0.939446,9.187523,0.975814,0.936795,-1.872441
447675610.000,ZR,handheld,水平,right,rotate_hint,充电口朝外,3,0.265183,-1.063256,9.080934,0.974656,0.767019,-1.881599
447675620.000,ZR,handheld,水平,right,rotate_hint,充电口朝外,3,-0.250643,-1.226940,9.105223,0.983110,0.514788,-1.887975
447675630.000,ZR,handheld,水平,right,rotate_hint,充电口朝外,3,-0.811791,-1.229049,8.901544,0.996456,0.360467,-1.879812
447675640.000,ZR,handheld,水平,right,rotate_hint,充电口朝外,3,-1.261253,-1.160667,8.670990,1.008987,0.288841,-1.838574
447675650.000,ZR,handheld,水平,right,rotate_hint,充电口朝外,3,-0.849358,-1.320167,8.752854,1.034999,0.231900,-1.819723
447675660.000,ZR,handheld,水平,right,rotate_hint,充电口朝外,3,-0.016102,-1.390158,8.820489,1.056344,0.199744,-1.866701
447675670.000,ZR,handheld,水平,right,rotate_hint,充电口朝外,3,0.354158,-1.419771,8.904812,1.024475,0.120066,-1.950336
447675680.000,ZR,handheld,水平,right,rotate_hint,充电口朝外,3,0.154960,-1.126515,9.219860,0.941110,0.015322,-1.995543
447675690.000,ZR,handheld,水平,right,rotate_hint,充电口朝外,3,-0.417145,-0.762035,9.341456,0.797501,-0.024733,-1.952790
447675700.000,ZR,handheld,水平,right,rotate_hint,充电口朝外,3,-0.739851,-0.626627,9.786930,0.648260,-0.023419,-1.870500
447675710.000,ZR,handheld,水平,right,rotate_hint,充电口朝外,3,-1.025772,-0.419741,9.939321,0.526174,-0.014236,-1.769257
447675720.000,ZR,handheld,水平,right,rotate_hint,充电口朝外,3,-1.161448,-0.125072,9.890928,0.424483,-0.054981,-1.667566
447675730.000,ZR,handheld,水平,right,rotate_hint,充电口朝外,3,-1.165722,-0.035629,9.607233,0.281785,-0.218279,-1.587723
447675740.000,ZR,handheld,水平,right,rotate_hint,充电口朝外,3,-0.468715,-0.220141,9.201821,0.065413,-0.362116,-1.568655
447675750.000,ZR,handheld,水平,right,rotate_hint,充电口朝外,3,-0.571015,-0.134235,8.955980,-0.159597,-0.340854,-1.543927
447675760.000,ZR,handheld,水平,right,rotate_hint,充电口朝外,3,-0.260361,-0.368355,9.576172,-0.289613,-0.281951,-1.547505
447675770.000,ZR,handheld,水平,right,rotate_hint,充电口朝外,3,0.065977,-0.354329,10.150097,-0.331957,-0.169989,-1.582530
447675780.000,ZR,handheld,水平,right,rotate_hint,充电口朝外,3,0.310107,-0.517488,10.770279,-0.306776,-0.051997,-1.643807
447675790.000,ZR,handheld,水平,right,rotate_hint,充电口朝外,3,0.203285,-0.607348,10.661373,-0.278522,0.051625,-1.705251
447675800.000,ZR,handheld,水平,right,rotate_hint,充电口朝外,3,-0.368883,-0.625440,10.534021,-0.233928,0.018744,-1.714977
447675810.000,ZR,handheld,水平,right,rotate_hint,充电口朝外,3,-0.916647,-0.617526,10.609418,-0.166662,-0.045806,-1.688410
447675820.000,ZR,handheld,水平,right,rotate_hint,充电口朝外,3,-0.941758,-0.518070,10.100432,-0.087885,-0.011775,-1.667694
447675830.000,ZR,handheld,水平,right,rotate_hint,充电口朝外,3,-0.349049,-0.550301,10.183364,0.041966,0.104327,-1.701642
447675840.000,ZR,handheld,水平,right,rotate_hint,充电口朝外,3,-0.224445,-0.309136,10.137833,0.194956,0.188267,-1.747294
447675850.000,ZR,handheld,水平,right,rotate_hint,充电口朝外,3,-0.477395,-0.225986,10.320826,0.333959,0.101063,-1.762317
447675860.000,ZR,handheld,水平,right,rotate_hint,充电口朝外,3,-0.685633,-0.098008,10.344345,0.435021,-0.094895,-1.733153
447675870.000,ZR,handheld,水平,right,rotate_hint,充电口朝外,3,-0.974111,-0.143544,10.178560,0.489717,-0.276222,-1.674198
447675880.000,ZR,handheld,水平,right,rotate_hint,充电口朝外,3,-0.818667,-0.180201,9.877013,0.475192,-0.371024,-1.618158
447675890.000,ZR,handheld,水平,right,rotate_hint,充电口朝外,3,-0.167515,-0.389459,9.449867,0.378477,-0.396580,-1.626591
447675900.000,ZR,handheld,水平,right,rotate_hint,充电口朝外,3,0.549583,-0.239197,8.667281,0.226568,-0.365643,-1.697372
447675910.000,ZR,handheld,水平,right,rotate_hint,充电口朝外,3,0.645077,-0.067364,8.667924,0.090818,-0.364917,-1.773941
447675920.000,ZR,handheld,水平,right,rotate_hint,充电口朝外,3,0.428156,0.025937,8.886781,-0.004356,-0.324793,-1.813758
447675930.000,ZR,handheld,水平,right,rotate_hint,充电口朝外,3,-0.080691,-0.074125,9.174416,-0.063100,-0.218306,-1.787989
447675940.000,ZR,handheld,水平,right,rotate_hint,充电口朝外,3,0.153373,-0.399946,9.954727,-0.065463,-0.209163,-1.769436
447675950.000,ZR,handheld,水平,right,rotate_hint,充电口朝外,3,0.919626,-0.383201,10.006476,-0.069102,-0.251265,-1.786166
447675960.000,ZR,handheld,水平,right,rotate_hint,充电口朝外,3,1.177440,-0.064432,9.728146,-0.130704,-0.193098,-1.781478
447675970.000,ZR,handheld,水平,right,rotate_hint,充电口朝外,3,1.030695,0.007994,9.759115,-0.285431,0.067447,-1.620352
447675980.000,ZR,handheld,水平,right,rotate_hint,充电口朝外,3,1.096256,-0.254920,10.219650,-0.381886,0.227486,-1.363143
447675990.000,ZR,handheld,水平,right,rotate_hint,充电口朝外,3,0.668843,-0.664068,10.180744,-0.374763,0.223653,-1.056278
447676000.000,ZR,handheld,水平,right,rotate_hint,充电口朝外,3,0.530262,-1.058640,9.727025,-0.346452,0.282672,-0.749613
447676010.000,ZR,handheld,水平,right,rotate_hint,充电口朝外,3,0.287306,-1.397747,9.922794,-0.270074,0.428804,-0.480980
447676020.000,ZR,handheld,水平,right,rotate_hint,充电口朝外,3,0.244462,-1.535543,10.296721,-0.140012,0.595572,-0.301299
447676030.000,ZR,handheld,水平,right,rotate_hint,充电口朝外,3,-0.055278,-1.238515,10.134329,-0.046617,0.837980,-0.177283
447676040.000,ZR,handheld,水平,right,rotate_hint,充电口朝外,3,-0.110935,-0.618604,9.906186,-0.002353,1.081932,-0.115577
447676050.000,ZR,handheld,水平,right,rotate_hint,充电口朝外,3,0.267851,-0.042949,9.903469,0.035333,1.189631,-0.140238
447676060.000,ZR,handheld,水平,right,rotate_hint,充电口朝外,3,0.378092,0.060569,9.576070,0.065357,1.026400,-0.224911
447676070.000,ZR,handheld,水平,right,rotate_hint,充电口朝外,3,0.153634,0.283749,8.418196,-0.066853,0.421938,-0.313452
447676080.000,ZR,handheld,水平,right,rotate_hint,充电口朝外,3,0.076277,0.361084,7.951894,-0.225963,-0.301873,-0.406418
447676090.000,ZR,handheld,水平,right,rotate_hint,充电口朝外,3,-0.281795,0.265275,8.949321,-0.271846,-0.762811,-0.462413
447676100.000,ZR,handheld,水平,right,rotate_hint,充电口朝外,3,-1.286682,0.222993,9.437155,-0.242123,-0.771697,-0.402313
447676110.000,ZR,handheld,水平,right,rotate_hint,充电口朝外,3,-1.038688,-0.053187,9.998056,-0.148836,-0.605405,-0.360643
447676120.000,ZR,handheld,水平,right,rotate_hint,充电口朝外,3,-0.058036,-0.244835,10.124023,-0.078766,-0.534304,-0.434513
447676130.000,ZR,handheld,水平,right,rotate_hint,充电口朝外,3,0.040476,-0.131172,9.637624,-0.101959,-0.541516,-0.547359
447676140.000,ZR,handheld,水平,right,rotate_hint,充电口朝外,3,0.354600,-0.104223,9.861693,-0.099563,-0.439296,-0.667795
447676150.000,ZR,handheld,水平,right,rotate_hint,充电口朝外,3,0.434437,-0.385608,10.320288,-0.028831,-0.240356,-0.744116
447676160.000,ZR,handheld,水平,right,rotate_hint,充电口朝外,3,0.306167,-0.694110,10.206762,0.042220,-0.054095,-0.762005
447676170.000,ZR,handheld,水平,right,rotate_hint,充电口朝外,3,0.348991,-0.920096,9.766368,0.081998,0.017079,-0.758520
447676180.000,ZR,handheld,水平,right,rotate_hint,充电口朝外,3,-0.366903,-0.824258,9.309733,0.076250,-0.095860,-0.724174
447676190.000,ZR,handheld,水平,right,rotate_hint,充电口朝外,3,-1.103247,-0.789390,9.165340,0.049015,-0.242943,-0.630676
447676200.000,ZR,handheld,水平,right,rotate_hint,充电口朝外,3,-1.256538,-0.617619,9.248312,0.026143,-0.273550,-0.514045
447676210.000,ZR,handheld,水平,right,rotate_hint,充电口朝外,3,-1.037796,-0.500498,9.721629,0.018800,-0.154422,-0.413826
447676220.000,ZR,handheld,水平,right,rotate_hint,充电口朝外,3,-0.667319,-0.281052,10.208129,0.039427,0.024786,-0.328961
447676230.000,ZR,handheld,水平,right,rotate_hint,充电口朝外,3,0.253366,-0.273346,10.689082,0.089906,0.203448,-0.266902
447676240.000,ZR,handheld,水平,right,rotate_hint,充电口朝外,3,0.955094,-0.262992,10.296061,0.104535,0.344908,-0.231624
447676250.000,ZR,handheld,水平,right,rotate_hint,充电口朝外,3,0.909679,-0.191981,9.667430,0.060113,0.297242,-0.213878
447676260.000,ZR,handheld,水平,right,rotate_hint,充电口朝外,3,0.253488,-0.437842,9.196745,-0.010391,0.131877,-0.185151
447676270.000,ZR,handheld,水平,right,rotate_hint,充电口朝外,3,0.190534,-0.520589,9.031582,-0.067236,-0.054534,-0.179218
447676280.000,ZR,handheld,水平,right,rotate_hint,充电口朝外,3,0.120891,-0.432796,9.009596,-0.117724,-0.200804,-0.187622
447676290.000,ZR,handheld,水平,right,rotate_hint,充电口朝外,3,-0.273172,-0.125416,9.109250,-0.161488,-0.193042,-0.152249
447676300.000,ZR,handheld,水平,right,rotate_hint,充电口朝外,3,-0.053797,0.052551,9.439562,-0.187093,-0.146373,-0.127532
447676310.000,ZR,handheld,水平,right,rotate_hint,充电口朝外,3,0.228872,0.156807,9.807573,-0.212604,-0.159470,-0.122231
447676320.000,ZR,handheld,水平,right,rotate_hint,充电口朝外,3,0.504217,0.339711,9.843004,-0.252649,-0.255758,-0.160669
447676330.000,ZR,handheld,水平,right,rotate_hint,充电口朝外,3,0.698639,0.282149,9.796627,-0.276435,-0.388889,-0.267558
447676340.000,ZR,handheld,水平,right,rotate_hint,充电口朝外,3,0.931287,0.127188,9.886155,-0.214256,-0.406384,-0.435278
447676350.000,ZR,handheld,水平,right,rotate_hint,充电口朝外,3,0.586199,0.107544,9.979863,-0.073578,-0.300574,-0.581589
447676360.000,ZR,handheld,水平,right,rotate_hint,充电口朝外,3,-0.333407,-0.079285,9.824094,0.062687,-0.240363,-0.607518
447676370.000,ZR,handheld,水平,right,rotate_hint,充电口朝外,3,-0.215019,-0.457668,10.088841,0.192033,-0.301782,-0.608345
447676380.000,ZR,handheld,水平,right,rotate_hint,充电口朝外,3,0.015462,-0.569485,10.463163,0.322790,-0.306707,-0.657410
447676390.000,ZR,handheld,水平,right,rotate_hint,充电口朝外,3,0.102664,-0.606764,10.638648,0.462799,-0.157018,-0.702497
447676400.000,ZR,handheld,水平,right,rotate_hint,充电口朝外,3,0.010174,-0.217790,10.943409,0.640683,0.127883,-0.698319
447676410.000,ZR,handheld,水平,right,rotate_hint,充电口朝外,3,0.381610,-0.169458,11.278245,0.853845,0.409428,-0.679576
447676420.000,ZR,handheld,水平,right,rotate_hint,充电口朝外,3,0.543292,-0.225424,10.872386,1.004543,0.485634,-0.636350
447676430.000,ZR,handheld,水平,right,rotate_hint,充电口朝外,3,0.376786,-0.490412,10.004861,1.019679,0.366893,-0.561225
447676440.000,ZR,handheld,水平,right,rotate_hint,充电口朝外,3,0.220434,-0.556815,9.523715,0.942158,0.153924,-0.456378
447676450.000,ZR,handheld,水平,right,rotate_hint,充电口朝外,3,0.127031,-0.592693,9.534044,0.825884,-0.043317,-0.317981
447676460.000,ZR,handheld,水平,right,rotate_hint,充电口朝外,3,0.137969,-0.633434,9.696993,0.717552,-0.136403,-0.169454
447676470.000,ZR,handheld,水平,right,rotate_hint,充电口朝外,3,0.355030,-0.501539,9.987209,0.637654,-0.124273,-0.040860
447676480.000,ZR,handheld,水平,right,rotate_hint,充电口朝外,3,0.538638,-0.304478,10.290856,0.586701,-0.013995,0.056935
447676490.000,ZR,handheld,水平,right,rotate_hint,充电口朝外,3,0.647752,-0.209349,10.549367,0.571613,0.142926,0.117931
447676500.000,ZR,handheld,水平,right,rotate_hint,充电口朝外,3,0.743709,-0.166244,10.536719,0.589356,0.272876,0.137783
447676510.000,ZR,handheld,水平,right,rotate_hint,充电口朝外,3,0.897633,0.217919,10.266701,0.613271,0.407176,0.114095
447676520.000,ZR,handheld,水平,right,rotate_hint,充电口朝外,3,0.789753,0.498418,9.989799,0.625366,0.574966,0.056878
447676530.000,ZR,handheld,水平,right,rotate_hint,充电口朝外,3,-0.076065,1.099204,9.207221,0.554824,0.761793,0.038664
447676540.000,ZR,handheld,水平,right,rotate_hint,充电口朝外,3,-0.887874,1.540745,8.758011,0.418641,0.778751,0.039033
447676550.000,ZR,handheld,水平,right,rotate_hint,充电口朝外,3,-0.428835,1.013876,8.907693,0.278579,0.535925,-0.035128
447676560.000,ZR,handheld,水平,right,rotate_hint,充电口朝外,3,-0.557751,0.747689,8.836811,0.162190,0.263025,-0.090108
447676570.000,ZR,handheld,水平,right,rotate_hint,充电口朝外,3,-0.424467,0.807499,9.064901,0.105459,0.048267,-0.200883
447676580.000,ZR,handheld,水平,right,rotate_hint,充电口朝外,3,-0.333383,1.036806,9.249273,0.089509,-0.115338,-0.385020
447676590.000,ZR,handheld,水平,right,rotate_hint,充电口朝外,3,-0.515163,0.966156,9.629116,0.095353,-0.193037,-0.492040
447676600.000,ZR,handheld,水平,right,rotate_hint,充电口朝外,3,-0.010865,0.742463,10.378036,0.115307,-0.100815,-0.444862
447676610.000,ZR,handheld,水平,right,rotate_hint,充电口朝外,3,0.642583,0.945483,10.722369,0.159206,0.020263,-0.318749
447676620.000,ZR,handheld,水平,right,rotate_hint,充电口朝外,3,1.218545,0.907256,10.535613,0.230953,0.047430,-0.242658
447676630.000,ZR,handheld,水平,right,rotate_hint,充电口朝外,3,1.220484,0.899300,9.870970,0.275900,0.013688,-0.272300
447676640.000,ZR,handheld,水平,right,rotate_hint,充电口朝外,3,0.656482,0.759476,9.441658,0.256103,-0.013299,-0.302582
447676650.000,ZR,handheld,水平,right,rotate_hint,充电口朝外,3,-0.266903,0.780231,9.224734,0.195436,-0.047951,-0.267781
447676660.000,ZR,handheld,水平,right,rotate_hint,充电口朝外,3,-0.772264,0.998936,9.244930,0.141098,-0.122007,-0.213065
447676670.000,ZR,handheld,水平,right,rotate_hint,充电口朝外,3,-0.713898,1.130992,9.483330,0.112705,-0.174915,-0.162116
447676680.000,ZR,handheld,水平,right,rotate_hint,充电口朝外,3,-0.374390,0.848937,9.516991,0.069257,-0.186828,-0.143303
447676690.000,ZR,handheld,水平,right,rotate_hint,充电口朝外,3,-0.316714,0.767557,9.391179,0.015424,-0.202156,-0.159153
447676700.000,ZR,handheld,水平,right,rotate_hint,充电口朝外,3,-0.464327,0.749900,9.309121,-0.050849,-0.218680,-0.168247
447676710.000,ZR,handheld,水平,right,rotate_hint,充电口朝外,3,-0.673976,0.777779,8.830961,-0.171832,-0.202358,-0.132653
447676720.000,ZR,handheld,水平,right,rotate_hint,充电口朝外,3,-0.598829,0.953925,8.424168,-0.297753,-0.193446,-0.095007
447676730.000,ZR,handheld,水平,right,rotate_hint,充电口朝外,3,-0.172663,0.908571,8.590932,-0.408884,-0.199465,-0.078577
447676740.000,ZR,handheld,水平,right,rotate_hint,充电口朝外,3,0.125158,0.657001,8.793124,-0.510083,-0.255264,-0.078033
447676750.000,ZR,handheld,水平,right,rotate_hint,充电口朝外,3,0.305975,0.594133,9.102991,-0.573560,-0.338351,-0.081219
447676760.000,ZR,handheld,水平,right,rotate_hint,充电口朝外,3,0.842070,0.580628,9.664267,-0.595540,-0.326022,-0.115759
447676770.000,ZR,handheld,水平,right,rotate_hint,充电口朝外,3,1.164057,0.589200,10.203714,-0.553855,-0.259466,-0.175851
447676780.000,ZR,handheld,水平,right,rotate_hint,充电口朝外,3,1.035811,0.523108,10.520868,-0.486376,-0.183346,-0.227088
447676790.000,ZR,handheld,水平,right,rotate_hint,充电口朝外,3,0.843680,0.399341,10.569618,-0.420056,-0.132415,-0.267839
447676800.000,ZR,handheld,水平,right,rotate_hint,充电口朝外,3,0.556573,0.191706,10.637345,-0.352715,-0.087303,-0.293187
447676810.000,ZR,handheld,水平,right,rotate_hint,充电口朝外,3,0.151650,0.070065,10.757199,-0.271185,-0.043416,-0.284481
447676820.000,ZR,handheld,水平,right,rotate_hint,充电口朝外,3,-0.111931,0.077848,10.771921,-0.195139,-0.006732,-0.253696
447676830.000,ZR,handheld,水平,right,rotate_hint,充电口朝外,3,-0.350744,0.096383,10.605748,-0.136233,-0.039652,-0.207560
447676840.000,ZR,handheld,水平,right,rotate_hint,充电口朝外,3,-0.503339,0.173025,10.408876,-0.098094,-0.109183,-0.157292
447676850.000,ZR,handheld,水平,right,rotate_hint,充电口朝外,3,-0.575295,0.208398,10.331376,-0.066321,-0.119817,-0.099933
447676860.000,ZR,handheld,水平,right,rotate_hint,充电口朝外,3,-0.549831,0.282422,10.230558,-0.037348,-0.082200,-0.041296
447676870.000,ZR,handheld,水平,right,rotate_hint,充电口朝外,3,-0.402351,0.375796,10.038399,-0.015431,-0.038631,0.005933
447676880.000,ZR,handheld,水平,right,rotate_hint,充电口朝外,3,-0.155909,0.432557,9.849685,-0.005355,-0.004224,0.038845
447676890.000,ZR,handheld,水平,right,rotate_hint,充电口朝外,3,0.076907,0.521414,9.668780,-0.010221,0.010350,0.050702
447676900.000,ZR,handheld,水平,right,rotate_hint,充电口朝外,3,0.333491,0.529457,9.564087,-0.027227,-0.007287,0.040546
447676910.000,ZR,handheld,水平,right,rotate_hint,充电口朝外,3,0.416883,0.567047,9.641575,-0.036346,-0.033713,0.026299
447676920.000,ZR,handheld,水平,right,rotate_hint,充电口朝外,3,0.492324,0.575502,9.733059,-0.032422,-0.040744,0.010760
447676930.000,ZR,handheld,水平,right,rotate_hint,充电口朝外,3,0.654464,0.653611,9.743309,-0.031942,0.005953,-0.013505
447676940.000,ZR,handheld,水平,right,rotate_hint,充电口朝外,3,0.696144,0.678846,9.761735,-0.030054,0.052491,-0.039868
447676950.000,ZR,handheld,水平,right,rotate_hint,充电口朝外,3,0.671292,0.666935,9.697294,-0.033535,0.054245,-0.064277
447676960.000,ZR,handheld,水平,right,rotate_hint,充电口朝外,3,0.568737,0.592936,9.636990,-0.047135,0.032728,-0.079844
447676970.000,ZR,handheld,水平,right,rotate_hint,充电口朝外,3,0.449055,0.546303,9.597174,-0.061065,0.000276,-0.088391
447676980.000,ZR,handheld,水平,right,rotate_hint,充电口朝外,3,0.259319,0.499554,9.563817,-0.080590,-0.029079,-0.083935
447676990.000,ZR,handheld,水平,right,rotate_hint,充电口朝外,3,0.117504,0.501564,9.567354,-0.099645,-0.031577,-0.071125
447677000.000,ZR,handheld,水平,right,rotate_hint,充电口朝外,3,-0.009111,0.463246,9.640219,-0.110155,-0.021786,-0.048942
447677010.000,ZR,handheld,水平,right,rotate_hint,充电口朝外,3,-0.071706,0.426947,9.766207,-0.111181,-0.005085,-0.023665
447677020.000,ZR,handheld,水平,right,rotate_hint,充电口朝外,3,0.027111,0.429046,9.981534,-0.093412,-0.003797,-0.003595
447677030.000,ZR,handheld,水平,right,rotate_hint,充电口朝外,3,0.178390,0.475536,10.086280,-0.062199,-0.016381,0.003632
447677040.000,ZR,handheld,水平,right,rotate_hint,充电口朝外,3,0.316089,0.515766,10.165297,-0.027796,0.002634,0.002112
447677050.000,ZR,handheld,水平,right,rotate_hint,充电口朝外,3,0.342304,0.526983,10.117810,0.001352,0.031759,-0.004529
447677060.000,ZR,handheld,水平,right,rotate_hint,充电口朝外,3,0.344231,0.510551,9.941118,0.019638,0.035475,-0.014739
447677070.000,ZR,handheld,水平,right,rotate_hint,充电口朝外,3,0.281937,0.501784,9.737441,0.017340,0.019831,-0.022556
447677080.000,ZR,handheld,水平,right,rotate_hint,充电口朝外,3,0.220637,0.510195,9.606423,0.000473,0.008595,-0.026066
447677090.000,ZR,handheld,水平,right,rotate_hint,充电口朝外,3,0.069369,0.473872,9.538013,-0.020484,0.014458,-0.020314
447677100.000,ZR,handheld,水平,right,rotate_hint,充电口朝外,3,-0.056504,0.475785,9.515774,-0.042563,0.023281,-0.002748
447677110.000,ZR,handheld,水平,right,rotate_hint,充电口朝外,3,-0.059382,0.494210,9.576693,-0.061247,0.018358,0.014230
447677120.000,ZR,handheld,水平,right,rotate_hint,充电口朝外,3,-0.015462,0.492751,9.668085,-0.075623,0.017657,0.026248
447677130.000,ZR,handheld,水平,right,rotate_hint,充电口朝外,3,0.048775,0.415729,9.816410,-0.077939,0.017116,0.030768
447677140.000,ZR,handheld,水平,right,rotate_hint,充电口朝外,3,0.070399,0.387498,9.908081,-0.072192,0.003278,0.032874
447677150.000,ZR,handheld,水平,right,rotate_hint,充电口朝外,3,0.059137,0.354654,9.890372,-0.065203,-0.015052,0.037929
447677160.000,ZR,handheld,水平,right,rotate_hint,充电口朝外,3,0.080034,0.291536,9.916852,-0.056466,-0.010793,0.041512
447677170.000,ZR,handheld,水平,right,rotate_hint,充电口朝外,3,0.104108,0.207459,9.923790,-0.041892,0.012878,0.043647
447677180.000,ZR,handheld,水平,right,rotate_hint,充电口朝外,3,0.152772,0.187459,9.909652,-0.026057,0.035754,0.043647
447677190.000,ZR,handheld,水平,right,rotate_hint,充电口朝外,3,0.217726,0.217712,9.791835,-0.019057,0.031555,0.041089
447677200.000,ZR,handheld,水平,right,rotate_hint,充电口朝外,3,0.265420,0.252849,9.751094,-0.017599,0.023900,0.036388
447677210.000,ZR,handheld,水平,right,rotate_hint,充电口朝外,3,0.242385,0.268389,9.745431,-0.017658,0.035936,0.034661
447677220.000,ZR,handheld,水平,right,rotate_hint,充电口朝外,3,0.244073,0.267268,9.714681,-0.019654,0.043203,0.031273
447677230.000,ZR,handheld,水平,right,rotate_hint,充电口朝外,3,0.283595,0.317295,9.695667,-0.029629,0.044862,0.025912
447677240.000,ZR,handheld,水平,right,rotate_hint,充电口朝外,3,0.296270,0.345545,9.703506,-0.043405,0.029107,0.017450
447677250.000,ZR,handheld,水平,right,rotate_hint,充电口朝外,3,0.291069,0.364352,9.752164,-0.056000,0.001018,0.007942
447677260.000,ZR,handheld,水平,right,rotate_hint,充电口朝外,3,0.240257,0.322104,9.797757,-0.060608,-0.019591,0.002746
447677270.000,ZR,handheld,水平,right,rotate_hint,充电口朝外,3,0.172085,0.323783,9.791341,-0.066853,-0.014897,0.004920
447677280.000,ZR,handheld,水平,right,rotate_hint,充电口朝外,3,0.130835,0.295098,9.858753,-0.066538,0.007575,0.013010
447677290.000,ZR,handheld,水平,right,rotate_hint,充电口朝外,3,0.124985,0.241591,9.971259,-0.056631,0.026604,0.020930
447677300.000,ZR,handheld,水平,right,rotate_hint,充电口朝外,3,0.205461,0.217789,10.069921,-0.037799,0.034620,0.023618
447677310.000,ZR,handheld,水平,right,rotate_hint,充电口朝外,3,0.267192,0.264370,10.075305,-0.018209,0.016914,0.019053
447677320.000,ZR,handheld,水平,right,rotate_hint,充电口朝外,3,0.285664,0.226586,9.998279,-0.003815,0.002541,0.011145
447677330.000,ZR,handheld,水平,right,rotate_hint,充电口朝外,3,0.227397,0.225037,9.917874,-0.001269,0.015021,0.005610
447677340.000,ZR,handheld,水平,right,rotate_hint,充电口朝外,3,0.180401,0.244005,9.829522,-0.006471,0.027188,0.004213
447677350.000,ZR,handheld,水平,right,rotate_hint,充电口朝外,3,0.158460,0.248822,9.818440,-0.009464,0.024801,0.003756
447677360.000,ZR,handheld,水平,right,rotate_hint,充电口朝外,3,0.194853,0.267834,9.820223,-0.012291,0.013943,0.004969
447677370.000,ZR,handheld,水平,right,rotate_hint,充电口朝外,3,0.204874,0.308770,9.794153,-0.011470,-0.005280,0.007431
447677380.000,ZR,handheld,水平,right,rotate_hint,充电口朝外,3,0.205607,0.298111,9.699341,-0.021774,-0.017826,0.009346
447677390.000,ZR,handheld,水平,right,rotate_hint,充电口朝外,3,0.202878,0.305996,9.694968,-0.032360,-0.019965,0.007996
447677400.000,ZR,handheld,水平,right,rotate_hint,充电口朝外,3,0.183787,0.268322,9.715340,-0.043293,-0.009639,0.007613
447677410.000,ZR,handheld,水平,right,rotate_hint,充电口朝外,3,0.149316,0.216503,9.780918,-0.048323,0.002842,0.008856
447677420.000,ZR,handheld,水平,right,rotate_hint,充电口朝外,3,0.120888,0.155289,9.843683,-0.047720,0.015240,0.010357
447677430.000,ZR,handheld,水平,right,rotate_hint,充电口朝外,3,0.170392,0.163815,9.912994,-0.042389,0.006943,0.011132
447677440.000,ZR,handheld,水平,right,rotate_hint,充电口朝外,3,0.195582,0.181891,9.926492,-0.035390,-0.005523,0.009478
447677450.000,ZR,handheld,水平,right,rotate_hint,充电口朝外,3,0.242363,0.218215,9.872604,-0.030128,-0.010326,0.003406
447677460.000,ZR,handheld,水平,right,rotate_hint,充电口朝外,3,0.215761,0.200440,9.870869,-0.023657,-0.008245,0.000966
447677470.000,ZR,handheld,水平,right,rotate_hint,充电口朝外,3,0.187442,0.184499,9.812851,-0.019974,0.000515,0.002355
447677480.000,ZR,handheld,水平,right,rotate_hint,充电口朝外,3,0.158297,0.184226,9.744936,-0.019408,0.005000,0.006924
447677490.000,ZR,handheld,水平,right,rotate_hint,充电口朝外,3,0.180262,0.167916,9.778215,-0.018993,0.008898,0.011042
447677500.000,ZR,handheld,水平,right,rotate_hint,充电口朝外,3,0.240679,0.145474,9.864658,-0.011624,0.020487,0.013298
447677510.000,ZR,handheld,水平,right,rotate_hint,充电口朝外,3,0.369852,0.182408,9.930075,0.000859,0.025094,0.004398
447677520.000,ZR,handheld,水平,right,rotate_hint,充电口朝外,3,0.369312,0.220445,9.932676,0.011157,0.019113,-0.006340
447677530.000,ZR,handheld,水平,right,rotate_hint,充电口朝外,3,0.290945,0.215262,9.842787,0.014152,-0.001805,-0.013737
447677540.000,ZR,handheld,水平,right,rotate_hint,充电口朝外,3,0.141836,0.222485,9.742750,0.005272,-0.012426,-0.012374
447677550.000,ZR,handheld,水平,right,rotate_hint,充电口朝外,3,0.078785,0.229470,9.687795,-0.008709,-0.019777,-0.007541
447677560.000,ZR,handheld,水平,right,rotate_hint,充电口朝外,3,0.004294,0.218340,9.647838,-0.026789,-0.020960,0.000275
447677570.000,ZR,handheld,水平,right,rotate_hint,充电口朝外,3,0.031143,0.224674,9.704494,-0.039777,-0.013741,0.008926
447677580.000,ZR,handheld,水平,right,rotate_hint,充电口朝外,3,0.068215,0.226406,9.858454,-0.039097,-0.005302,0.017312
447677590.000,ZR,handheld,水平,right,rotate_hint,充电口朝外,3,0.091327,0.234949,9.948036,-0.021484,-0.022576,0.025416
447677600.000,ZR,handheld,水平,right,rotate_hint,充电口朝外,3,0.131378,0.193643,10.001666,0.002358,-0.015491,0.033667
447677610.000,ZR,handheld,水平,right,rotate_hint,充电口朝外,3,0.188526,0.226490,9.936240,0.025785,0.008801,0.036947
447677620.000,ZR,handheld,水平,right,rotate_hint,充电口朝外,3,0.213849,0.193374,9.785081,0.034236,0.032989,0.038054
447677630.000,ZR,handheld,水平,right,rotate_hint,充电口朝外,3,0.242220,0.157800,9.597050,0.023785,0.034703,0.035980
447677640.000,ZR,handheld,水平,right,rotate_hint,充电口朝外,3,0.262995,0.167909,9.383580,-0.011078,0.017634,0.030807
447677650.000,ZR,handheld,水平,right,rotate_hint,充电口朝外,3,0.331183,0.186721,9.362307,-0.051212,-0.001571,0.021812
447677660.000,ZR,handheld,水平,right,rotate_hint,充电口朝外,3,0.343497,0.117908,9.495083,-0.079282,-0.010672,0.008398
447677670.000,ZR,handheld,水平,right,rotate_hint,充电口朝外,3,0.353534,0.134571,9.717857,-0.087127,-0.010314,-0.002689
447677680.000,ZR,handheld,水平,right,rotate_hint,充电口朝外,3,0.315223,0.140258,9.954413,-0.069518,0.002373,-0.009922
447677690.000,ZR,handheld,水平,right,rotate_hint,充电口朝外,3,0.239355,0.119015,10.128969,-0.030487,0.017934,-0.011249
447677700.000,ZR,handheld,水平,right,rotate_hint,充电口朝外,3,0.231137,0.111166,10.180157,0.010879,0.035802,-0.011308
447677710.000,ZR,handheld,水平,right,rotate_hint,充电口朝外,3,0.202570,0.144732,10.052734,0.036449,0.046503,-0.010046
447677720.000,ZR,handheld,水平,right,rotate_hint,充电口朝外,3,0.121949,0.159955,9.835214,0.043728,0.037289,-0.006121
447677730.000,ZR,handheld,水平,right,rotate_hint,充电口朝外,3,0.080540,0.172778,9.661286,0.030628,0.012940,-0.001271
447677740.000,ZR,handheld,水平,right,rotate_hint,充电口朝外,3,0.112869,0.217144,9.574043,0.005451,-0.006087,0.003485
447677750.000,ZR,handheld,水平,right,rotate_hint,充电口朝外,3,0.157481,0.241800,9.532861,-0.021645,-0.023588,0.003919
447677760.000,ZR,handheld,水平,right,rotate_hint,充电口朝外,3,0.177894,0.228379,9.609245,-0.046806,-0.019683,-0.000457
447677770.000,ZR,handheld,水平,right,rotate_hint,充电口朝外,3,0.194109,0.113701,9.791376,-0.052949,-0.020240,-0.004393
447677780.000,ZR,handheld,水平,right,rotate_hint,充电口朝外,3,0.218328,0.098315,10.020270,-0.042188,-0.014221,-0.008336
447677790.000,ZR,handheld,水平,right,rotate_hint,充电口朝外,3,0.230031,0.107236,10.119196,-0.019719,-0.017796,-0.011795
447677800.000,ZR,handheld,水平,right,rotate_hint,充电口朝外,3,0.154920,0.093746,10.153534,0.002338,-0.019745,-0.009019
447677810.000,ZR,handheld,水平,right,rotate_hint,充电口朝外,3,0.101609,0.068261,10.096403,0.025946,-0.005306,-0.000788
447677820.000,ZR,handheld,水平,right,rotate_hint,充电口朝外,3,0.092770,0.082804,9.954543,0.032943,0.018924,0.006559
447677830.000,ZR,handheld,水平,right,rotate_hint,充电口朝外,3,0.091593,0.100528,9.880371,0.036376,0.016184,0.010576
447677840.000,ZR,handheld,水平,right,rotate_hint,充电口朝外,3,0.130450,0.094720,9.797123,0.033332,-0.010341,0.013018
447677850.000,ZR,handheld,水平,right,recording,充电口朝右,4,0.154516,0.065385,9.792936,0.025027,-0.015775,0.013646
447677860.000,ZR,handheld,水平,right,recording,充电口朝右,4,0.190350,0.064174,9.819390,0.025245,-0.016205,0.013160
447677870.000,ZR,handheld,水平,right,recording,充电口朝右,4,0.264875,0.097360,9.845082,0.024197,-0.008250,0.009144
447677880.000,ZR,handheld,水平,right,recording,充电口朝右,4,0.307433,0.143413,9.865907,0.026348,-0.010370,0.006071
447677890.000,ZR,handheld,水平,right,recording,充电口朝右,4,0.357201,0.194157,9.803639,0.024513,-0.024070,0.001894
447677900.000,ZR,handheld,水平,right,recording,充电口朝右,4,0.352193,0.229134,9.818970,0.025580,-0.029360,-0.002661
447677910.000,ZR,handheld,水平,right,recording,充电口朝右,4,0.378863,0.224901,9.808129,0.027914,-0.021716,-0.009963
447677920.000,ZR,handheld,水平,right,recording,充电口朝右,4,0.309983,0.268660,9.799225,0.029408,-0.004541,-0.016070
447677930.000,ZR,handheld,水平,right,recording,充电口朝右,4,0.187405,0.228020,9.799037,0.033228,0.005152,-0.013154
447677940.000,ZR,handheld,水平,right,recording,充电口朝右,4,0.079716,0.197676,9.788793,0.034399,-0.000695,-0.005804
447677950.000,ZR,handheld,水平,right,recording,充电口朝右,4,0.084706,0.198496,9.802302,0.032993,-0.001034,0.002161
447677960.000,ZR,handheld,水平,right,recording,充电口朝右,4,0.132519,0.174319,9.752692,0.030327,-0.002251,0.006219
447677970.000,ZR,handheld,水平,right,recording,充电口朝右,4,0.215405,0.198621,9.751385,0.023802,0.004873,0.006453
447677980.000,ZR,handheld,水平,right,recording,充电口朝右,4,0.281379,0.195130,9.719561,0.019629,-0.002664,0.001889
447677990.000,ZR,handheld,水平,right,recording,充电口朝右,4,0.338201,0.204761,9.714045,0.012486,-0.004593,-0.005153
447678000.000,ZR,handheld,水平,right,recording,充电口朝右,4,0.376157,0.237671,9.707236,0.005114,-0.003963,-0.015075
447678010.000,ZR,handheld,水平,right,recording,充电口朝右,4,0.359079,0.264805,9.667673,-0.005195,-0.009431,-0.027580
447678020.000,ZR,handheld,水平,right,recording,充电口朝右,4,0.285281,0.246502,9.677735,-0.018810,-0.006707,-0.036786
447678030.000,ZR,handheld,水平,right,recording,充电口朝右,4,0.175559,0.196977,9.763514,-0.023600,-0.010850,-0.038249
447678040.000,ZR,handheld,水平,right,recording,充电口朝右,4,0.149422,0.221778,9.875654,-0.016565,-0.012886,-0.038403
447678050.000,ZR,handheld,水平,right,recording,充电口朝右,4,0.090284,0.224376,9.976391,0.002231,-0.013785,-0.033161
447678060.000,ZR,handheld,水平,right,recording,充电口朝右,4,0.007069,0.165000,9.967985,0.025345,-0.002464,-0.021727
447678070.000,ZR,handheld,水平,right,recording,充电口朝右,4,-0.078607,0.141519,9.886740,0.039765,0.010687,-0.003838
447678080.000,ZR,handheld,水平,right,recording,充电口朝右,4,-0.051150,0.183601,9.803014,0.047022,0.009388,0.015329
447678090.000,ZR,handheld,水平,right,recording,充电口朝右,4,0.047421,0.211939,9.790281,0.047945,0.019489,0.025325
447678100.000,ZR,handheld,水平,right,recording,充电口朝右,4,0.156381,0.255301,9.766866,0.049172,0.028480,0.026563
447678110.000,ZR,handheld,水平,right,recording,充电口朝右,4,0.233428,0.267655,9.672871,0.040412,0.019270,0.021857
447678120.000,ZR,handheld,水平,right,recording,充电口朝右,4,0.327458,0.329275,9.575920,0.020194,0.009821,0.009807
447678130.000,ZR,handheld,水平,right,recording,充电口朝右,4,0.350742,0.364159,9.539134,-0.002434,-0.001418,-0.001224
447678140.000,ZR,handheld,水平,right,recording,充电口朝右,4,0.305267,0.352001,9.540657,-0.027474,-0.004860,-0.010574
447678150.000,ZR,handheld,水平,right,recording,充电口朝右,4,0.240795,0.280261,9.613732,-0.042568,-0.004416,-0.015146
447678160.000,ZR,handheld,水平,right,recording,充电口朝右,4,0.200931,0.245755,9.725149,-0.049037,-0.006426,-0.015981
447678170.000,ZR,handheld,水平,right,recording,充电口朝右,4,0.161708,0.219849,9.829601,-0.045747,-0.002616,-0.011715
447678180.000,ZR,handheld,水平,right,recording,充电口朝右,4,0.144741,0.197247,9.888959,-0.036691,0.015364,-0.006102
447678190.000,ZR,handheld,水平,right,recording,充电口朝右,4,0.115822,0.217505,9.976340,-0.026155,0.023648,-0.000674
447678200.000,ZR,handheld,水平,right,recording,充电口朝右,4,0.125365,0.222609,10.008700,-0.013787,0.006870,0.003128
447678210.000,ZR,handheld,水平,right,recording,充电口朝右,4,0.149396,0.158726,10.060267,0.002984,-0.000213,0.004568
447678220.000,ZR,handheld,水平,right,recording,充电口朝右,4,0.239947,0.154917,10.056627,0.019151,0.013539,-0.001143
447678230.000,ZR,handheld,水平,right,recording,充电口朝右,4,0.269497,0.194728,9.955809,0.027790,0.020866,-0.009058
447678240.000,ZR,handheld,水平,right,recording,充电口朝右,4,0.203603,0.197881,9.829111,0.024432,0.009831,-0.012475
447678250.000,ZR,handheld,水平,right,recording,充电口朝右,4,0.121534,0.181542,9.713728,0.013113,0.006108,-0.012339
447678260.000,ZR,handheld,水平,right,recording,充电口朝右,4,0.075302,0.173610,9.682171,-0.002998,-0.002033,-0.005636
447678270.000,ZR,handheld,水平,right,recording,充电口朝右,4,0.115309,0.190330,9.752176,-0.010265,-0.009373,-0.001450
447678280.000,ZR,handheld,水平,right,recording,充电口朝右,4,0.156497,0.240135,9.799024,-0.013875,-0.013246,-0.001204
447678290.000,ZR,handheld,水平,right,recording,充电口朝右,4,0.151564,0.238680,9.860827,-0.014449,-0.016460,-0.001061
447678300.000,ZR,handheld,水平,right,recording,充电口朝右,4,0.178708,0.238586,9.851968,-0.013174,-0.022705,-0.000388
447678310.000,ZR,handheld,水平,right,recording,充电口朝右,4,0.171169,0.237378,9.865638,-0.013194,-0.019609,-0.000240
447678320.000,ZR,handheld,水平,right,recording,充电口朝右,4,0.173632,0.238429,9.868309,-0.011423,-0.013921,0.000984
447678330.000,ZR,handheld,水平,right,recording,充电口朝右,4,0.197921,0.228258,9.892710,-0.007945,-0.010241,0.001149
447678340.000,ZR,handheld,水平,right,recording,充电口朝右,4,0.218926,0.219872,9.915833,-0.003756,-0.014975,-0.001128
447678350.000,ZR,handheld,水平,right,recording,充电口朝右,4,0.225473,0.218664,9.874354,-0.001178,-0.019947,-0.004696
447678360.000,ZR,handheld,水平,right,recording,充电口朝右,4,0.171186,0.196615,9.842783,-0.000957,-0.019456,-0.005961
447678370.000,ZR,handheld,水平,right,recording,充电口朝右,4,0.128292,0.149554,9.842748,-0.001674,-0.020974,-0.004452
447678380.000,ZR,handheld,水平,right,recording,充电口朝右,4,0.164639,0.148568,9.907146,0.002814,-0.023129,-0.004861
447678390.000,ZR,handheld,水平,right,recording,充电口朝右,4,0.199401,0.178397,10.031763,0.020783,-0.025041,-0.007018
447678400.000,ZR,handheld,水平,right,recording,充电口朝右,4,0.217756,0.203956,10.042989,0.037622,-0.021878,-0.010411
447678410.000,ZR,handheld,水平,right,recording,充电口朝右,4,0.220626,0.180841,10.000422,0.054235,-0.015021,-0.013149
447678420.000,ZR,handheld,水平,right,recording,充电口朝右,4,0.145454,0.204900,9.834588,0.060058,-0.019975,-0.010762
447678430.000,ZR,handheld,水平,right,recording,充电口朝右,4,0.119271,0.201129,9.677762,0.052084,-0.027885,-0.004174
447678440.000,ZR,handheld,水平,right,recording,充电口朝右,4,0.089149,0.228219,9.570797,0.036945,-0.025583,0.005936
447678450.000,ZR,handheld,水平,right,recording,充电口朝右,4,0.144988,0.216929,9.527316,0.017963,-0.016220,0.013981
447678460.000,ZR,handheld,水平,right,recording,充电口朝右,4,0.215209,0.222231,9.578779,0.005327,-0.000923,0.015793
447678470.000,ZR,handheld,水平,right,recording,充电口朝右,4,0.349433,0.272685,9.705359,0.000517,0.012705,0.009304
447678480.000,ZR,handheld,水平,right,recording,充电口朝右,4,0.407668,0.341336,9.820316,0.002967,0.007248,-0.003575
447678490.000,ZR,handheld,水平,right,recording,充电口朝右,4,0.389827,0.329830,9.844768,0.007848,-0.015971,-0.018498
447678500.000,ZR,handheld,水平,right,recording,充电口朝右,4,0.250245,0.302665,9.834392,0.010757,-0.031904,-0.026107
447678510.000,ZR,handheld,水平,right,recording,充电口朝右,4,0.131648,0.282720,9.764769,0.008756,-0.025733,-0.023257
447678520.000,ZR,handheld,水平,right,recording,充电口朝右,4,0.050869,0.299659,9.698743,0.002975,-0.009835,-0.010168
447678530.000,ZR,handheld,水平,right,recording,充电口朝右,4,-0.005883,0.258515,9.603687,-0.006805,-0.011494,0.008808
447678540.000,ZR,handheld,水平,right,recording,充电口朝右,4,0.088946,0.246718,9.603423,-0.018397,-0.002589,0.021366
447678550.000,ZR,handheld,水平,right,recording,充电口朝右,4,0.197235,0.267832,9.635327,-0.032628,0.003414,0.024137
447678560.000,ZR,handheld,水平,right,recording,充电口朝右,4,0.276409,0.249975,9.703758,-0.042747,-0.000558,0.020555
447678570.000,ZR,handheld,水平,right,recording,充电口朝右,4,0.346995,0.239872,9.816389,-0.045063,-0.001909,0.009962
447678580.000,ZR,handheld,水平,right,recording,充电口朝右,4,0.329668,0.212354,9.873281,-0.045859,-0.006962,-0.000669
447678590.000,ZR,handheld,水平,right,recording,充电口朝右,4,0.265771,0.184656,9.909081,-0.042797,-0.010008,-0.007347
447678600.000,ZR,handheld,水平,right,recording,充电口朝右,4,0.207605,0.124907,9.974800,-0.034637,-0.016563,-0.011327
447678610.000,ZR,handheld,水平,right,recording,充电口朝右,4,0.189022,0.125562,10.044530,-0.020411,-0.021450,-0.012086
447678620.000,ZR,handheld,水平,right,recording,充电口朝右,4,0.164833,0.116265,10.072203,-0.004292,-0.016099,-0.011424
447678630.000,ZR,handheld,水平,right,recording,充电口朝右,4,0.152340,0.128822,10.056291,0.010432,-0.006378,-0.008351
447678640.000,ZR,handheld,水平,right,recording,充电口朝右,4,0.144877,0.144514,10.041376,0.024343,-0.009435,-0.004668
447678650.000,ZR,handheld,水平,right,recording,充电口朝右,4,0.154121,0.176312,9.968861,0.033757,-0.015826,0.000273
447678660.000,ZR,handheld,水平,right,recording,充电口朝右,4,0.171702,0.178186,9.880470,0.037918,-0.024211,0.004959
447678670.000,ZR,handheld,水平,right,recording,充电口朝右,4,0.208760,0.230088,9.793656,0.035635,-0.018844,0.009190
447678680.000,ZR,handheld,水平,right,recording,充电口朝右,4,0.233410,0.233652,9.688083,0.028371,-0.013951,0.009222
447678690.000,ZR,handheld,水平,right,recording,充电口朝右,4,0.280102,0.251666,9.663078,0.016676,-0.010407,0.005423
447678700.000,ZR,handheld,水平,right,recording,充电口朝右,4,0.345520,0.227373,9.685563,0.008438,-0.013222,-0.003195
447678710.000,ZR,handheld,水平,right,recording,充电口朝右,4,0.344701,0.256880,9.692639,-0.000839,-0.026080,-0.012315
447678720.000,ZR,handheld,水平,right,recording,充电口朝右,4,0.312045,0.239705,9.726520,-0.006383,-0.026751,-0.018633
447678730.000,ZR,handheld,水平,right,recording,充电口朝右,4,0.199274,0.218344,9.774263,-0.007611,-0.026976,-0.015753
447678740.000,ZR,handheld,水平,right,recording,充电口朝右,4,0.131175,0.204806,9.778679,-0.006731,-0.027234,-0.007736
447678750.000,ZR,handheld,水平,right,recording,充电口朝右,4,0.114330,0.199865,9.790915,-0.004334,-0.008011,0.003154
447678760.000,ZR,handheld,水平,right,recording,充电口朝右,4,0.194842,0.231950,9.820654,0.004015,0.006176,0.008489
447678770.000,ZR,handheld,水平,right,recording,充电口朝右,4,0.261423,0.240611,9.781639,0.010076,0.005361,0.008948
447678780.000,ZR,handheld,水平,right,recording,充电口朝右,4,0.300922,0.217746,9.717300,0.009558,0.012453,0.005040
447678790.000,ZR,handheld,水平,right,recording,充电口朝右,4,0.316586,0.248441,9.727333,0.007422,0.015125,-0.000407
447678800.000,ZR,handheld,水平,right,recording,充电口朝右,4,0.286813,0.290740,9.730188,0.003744,0.006776,-0.005515
447678810.000,ZR,handheld,水平,right,recording,充电口朝右,4,0.225443,0.268540,9.699417,-0.005334,0.005762,-0.006737
447678820.000,ZR,handheld,水平,right,recording,充电口朝右,4,0.122397,0.274110,9.712731,-0.014499,-0.001190,-0.000340
447678830.000,ZR,handheld,水平,right,recording,充电口朝右,4,0.083850,0.257493,9.703090,-0.025702,-0.019029,0.009473
447678840.000,ZR,handheld,水平,right,recording,充电口朝右,4,0.119484,0.260097,9.787891,-0.030884,-0.015305,0.019559
447678850.000,ZR,handheld,水平,right,recording,充电口朝右,4,0.169122,0.226063,9.889230,-0.025400,-0.012307,0.024580
447678860.000,ZR,handheld,水平,right,recording,充电口朝右,4,0.193767,0.208785,9.950604,-0.012542,-0.008164,0.029871
447678870.000,ZR,handheld,水平,right,recording,充电口朝右,4,0.281121,0.202066,9.954748,0.001705,0.000852,0.028987
447678880.000,ZR,handheld,水平,right,recording,充电口朝右,4,0.409954,0.202936,10.003325,0.019653,0.015637,0.018655
447678890.000,ZR,handheld,水平,right,recording,充电口朝右,4,0.493516,0.202395,9.984729,0.035568,0.017937,0.002461
447678900.000,ZR,handheld,水平,right,recording,充电口朝右,4,0.464885,0.213332,9.918666,0.040781,0.005162,-0.014013
447678910.000,ZR,handheld,水平,right,recording,充电口朝右,4,0.381417,0.220962,9.839990,0.035852,-0.002278,-0.024435
447678920.000,ZR,handheld,水平,right,recording,充电口朝右,4,0.241233,0.230619,9.774069,0.022143,-0.014423,-0.026297
447678930.000,ZR,handheld,水平,right,recording,充电口朝右,4,0.100122,0.249590,9.761900,0.006088,-0.027420,-0.018249
447678940.000,ZR,handheld,水平,right,recording,充电口朝右,4,0.076754,0.192541,9.770349,-0.004177,-0.037753,-0.007751
447678950.000,ZR,handheld,水平,right,recording,充电口朝右,4,0.105716,0.174587,9.853906,-0.005653,-0.031907,0.003298
447678960.000,ZR,handheld,水平,right,recording,充电口朝右,4,0.187685,0.212650,9.895865,-0.000399,-0.029821,0.011904
447678970.000,ZR,handheld,水平,right,recording,充电口朝右,4,0.303701,0.243374,9.945361,0.013185,-0.021118,0.012726
447678980.000,ZR,handheld,水平,right,recording,充电口朝右,4,0.392908,0.228929,9.970512,0.029567,-0.008512,0.007237
447678990.000,ZR,handheld,水平,right,recording,充电口朝右,4,0.405674,0.233797,9.919355,0.043448,0.000524,0.000018
447679000.000,ZR,handheld,水平,right,recording,充电口朝右,4,0.345725,0.230368,9.802534,0.049136,0.004784,-0.003416
447679010.000,ZR,handheld,水平,right,recording,充电口朝右,4,0.283312,0.204875,9.677820,0.044575,0.013061,-0.003364
447679020.000,ZR,handheld,水平,right,recording,充电口朝右,4,0.260858,0.239978,9.599778,0.031261,0.010081,-0.002856
447679030.000,ZR,handheld,水平,right,recording,充电口朝右,4,0.291672,0.276926,9.517583,0.010318,-0.007000,-0.002452
447679040.000,ZR,handheld,水平,right,recording,充电口朝右,4,0.304754,0.289090,9.527536,-0.008355,-0.010388,-0.005509
447679050.000,ZR,handheld,水平,right,recording,充电口朝右,4,0.282074,0.282441,9.559045,-0.027369,-0.004553,-0.008510
447679060.000,ZR,handheld,水平,right,recording,充电口朝右,4,0.263944,0.272402,9.653113,-0.039936,-0.010004,-0.010214
447679070.000,ZR,handheld,水平,right,recording,充电口朝右,4,0.261825,0.265310,9.764973,-0.042078,-0.021038,-0.013907
447679080.000,ZR,handheld,水平,right,recording,充电口朝右,4,0.284813,0.284132,9.879890,-0.034376,-0.021185,-0.018045
447679090.000,ZR,handheld,水平,right,recording,充电口朝右,4,0.247321,0.277173,9.916405,-0.019979,-0.022737,-0.018787
447679100.000,ZR,handheld,水平,right,recording,充电口朝右,4,0.200947,0.271067,9.903043,-0.006228,-0.009571,-0.013415
447679110.000,ZR,handheld,水平,right,recording,充电口朝右,4,0.127071,0.248533,9.832355,0.000608,0.006762,-0.003746
447679120.000,ZR,handheld,水平,right,recording,充电口朝右,4,0.144066,0.205225,9.764866,0.003271,0.017246,0.003930
447679130.000,ZR,handheld,水平,right,recording,充电口朝右,4,0.207017,0.250854,9.733255,-0.000977,0.023121,0.008067
447679140.000,ZR,handheld,水平,right,recording,充电口朝右,4,0.235554,0.264529,9.719557,-0.007485,0.010393,0.010000
447679150.000,ZR,handheld,水平,right,recording,充电口朝右,4,0.268964,0.256995,9.754355,-0.012881,-0.000428,0.009870
447679160.000,ZR,handheld,水平,right,recording,充电口朝右,4,0.283409,0.251311,9.798773,-0.016201,-0.006163,0.005555
447679170.000,ZR,handheld,水平,right,recording,充电口朝右,4,0.282990,0.243724,9.844601,-0.017203,-0.013480,-0.000315
447679180.000,ZR,handheld,水平,right,recording,充电口朝右,4,0.256702,0.275310,9.849472,-0.016450,-0.020606,-0.001811
447679190.000,ZR,handheld,水平,right,recording,充电口朝右,4,0.231289,0.262302,9.829789,-0.013622,-0.022909,-0.000329
447679200.000,ZR,handheld,水平,right,recording,充电口朝右,4,0.176247,0.198261,9.815202,-0.008983,-0.019245,0.006972
447679210.000,ZR,handheld,水平,right,recording,充电口朝右,4,0.194353,0.180523,9.796524,-0.002842,-0.007925,0.014422
447679220.000,ZR,handheld,水平,right,recording,充电口朝右,4,0.280485,0.223666,9.815171,0.002847,0.006631,0.018370
447679230.000,ZR,handheld,水平,right,recording,充电口朝右,4,0.344525,0.266805,9.780917,0.009636,0.025804,0.016875
447679240.000,ZR,handheld,水平,right,recording,充电口朝右,4,0.417339,0.273614,9.779914,0.014186,0.040583,0.005722
447679250.000,ZR,handheld,水平,right,recording,充电口朝右,4,0.401370,0.304475,9.688340,0.008100,0.035115,-0.003778
447679260.000,ZR,handheld,水平,right,recording,充电口朝右,4,0.363267,0.324427,9.651565,-0.004339,0.012687,-0.011911
447679270.000,ZR,handheld,水平,right,recording,充电口朝右,4,0.287983,0.269080,9.616181,-0.018747,-0.006147,-0.014624
447679280.000,ZR,handheld,水平,right,recording,充电口朝右,4,0.231803,0.249388,9.627356,-0.035010,-0.006779,-0.011019
447679290.000,ZR,handheld,水平,right,recording,充电口朝右,4,0.232420,0.240470,9.662139,-0.046380,0.000645,-0.006013
447679300.000,ZR,handheld,水平,right,recording,充电口朝右,4,0.249909,0.206967,9.746206,-0.050479,0.010226,-0.001732
447679310.000,ZR,handheld,水平,right,recording,充电口朝右,4,0.282478,0.212384,9.838354,-0.048717,0.006636,-0.001059
447679320.000,ZR,handheld,水平,right,recording,充电口朝右,4,0.289449,0.156873,9.946050,-0.041387,0.000138,-0.002408
447679330.000,ZR,handheld,水平,right,recording,充电口朝右,4,0.278085,0.158319,10.040412,-0.024182,0.006159,-0.005731
447679340.000,ZR,handheld,水平,right,recording,充电口朝右,4,0.270996,0.180530,10.110737,-0.005252,0.013467,-0.010688
447679350.000,ZR,handheld,水平,right,recording,充电口朝右,4,0.252371,0.164801,10.072969,0.013349,0.004192,-0.014193
447679360.000,ZR,handheld,水平,right,recording,充电口朝右,4,0.199275,0.161187,9.974458,0.021057,0.009984,-0.013337
447679370.000,ZR,handheld,水平,right,recording,充电口朝右,4,0.160379,0.140617,9.882970,0.025461,0.013634,-0.007560
447679380.000,ZR,handheld,水平,right,recording,充电口朝右,4,0.186124,0.187138,9.789768,0.020133,0.012853,-0.003088
447679390.000,ZR,handheld,水平,right,recording,充电口朝右,4,0.190091,0.224768,9.714340,0.009856,0.006428,0.001247
447679400.000,ZR,handheld,水平,right,recording,充电口朝右,4,0.193227,0.224313,9.652369,-0.006504,-0.008062,0.005881
447679410.000,ZR,handheld,水平,right,recording,充电口朝右,4,0.226474,0.219590,9.687661,-0.020374,-0.010790,0.008798
447679420.000,ZR,handheld,水平,right,recording,充电口朝右,4,0.305985,0.247153,9.760710,-0.025115,-0.008332,0.006725
447679430.000,ZR,handheld,水平,right,recording,充电口朝右,4,0.342230,0.234794,9.858844,-0.024136,-0.010334,-0.000308
447679440.000,ZR,handheld,水平,right,recording,充电口朝右,4,0.328809,0.172259,9.913427,-0.016544,-0.013043,-0.006120
447679450.000,ZR,handheld,水平,right,recording,充电口朝右,4,0.302910,0.174873,9.920821,-0.007853,-0.009204,-0.009503
447679460.000,ZR,handheld,水平,right,recording,充电口朝右,4,0.272694,0.173967,9.908868,-0.002887,-0.000710,-0.009587
447679470.000,ZR,handheld,水平,right,recording,充电口朝右,4,0.241249,0.192425,9.910411,0.005164,-0.004244,-0.007368
447679480.000,ZR,handheld,水平,right,recording,充电口朝右,4,0.213047,0.164027,9.877200,0.010062,-0.009876,-0.003493
447679490.000,ZR,handheld,水平,right,recording,充电口朝右,4,0.204053,0.169452,9.899441,0.015189,0.007516,-0.001627
447679500.000,ZR,handheld,水平,right,recording,充电口朝右,4,0.194536,0.191690,9.824938,0.017579,0.010221,0.000681
447679510.000,ZR,handheld,水平,right,recording,充电口朝右,4,0.207192,0.224698,9.790364,0.017171,0.001306,0.004307
447679520.000,ZR,handheld,水平,right,recording,充电口朝右,4,0.205844,0.242313,9.739549,0.009720,0.007161,0.006461
447679530.000,ZR,handheld,水平,right,recording,充电口朝右,4,0.199941,0.237178,9.701173,0.000338,0.008916,0.007949
447679540.000,ZR,handheld,水平,right,recording,充电口朝右,4,0.235223,0.229012,9.697449,-0.006694,0.001396,0.009722
447679550.000,ZR,handheld,水平,right,recording,充电口朝右,4,0.271576,0.216918,9.744494,-0.008227,-0.003189,0.009707
447679560.000,ZR,handheld,水平,right,recording,充电口朝右,4,0.344723,0.211942,9.786858,-0.009044,-0.001482,0.004343
447679570.000,ZR,handheld,水平,right,recording,充电口朝右,4,0.385784,0.217004,9.817065,-0.007116,-0.004306,-0.002570
447679580.000,ZR,handheld,水平,right,recording,充电口朝右,4,0.371969,0.162483,9.849073,-0.003336,-0.008615,-0.009631
447679590.000,ZR,handheld,水平,right,recording,充电口朝右,4,0.344480,0.181684,9.896362,0.005323,-0.002008,-0.014380
447679600.000,ZR,handheld,水平,right,recording,充电口朝右,4,0.323077,0.152151,9.915968,0.014349,0.005806,-0.017149
447679610.000,ZR,handheld,水平,right,recording,充电口朝右,4,0.244455,0.161221,9.889838,0.021225,0.014414,-0.015122
447679620.000,ZR,handheld,水平,right,recording,充电口朝右,4,0.227832,0.183936,9.798405,0.019504,0.000173,-0.013066
447679630.000,ZR,handheld,水平,right,recording,充电口朝右,4,0.200361,0.221770,9.750879,0.011479,-0.012777,-0.008428
447679640.000,ZR,handheld,水平,right,recording,充电口朝右,4,0.217392,0.251937,9.758886,0.004180,-0.002841,-0.007585
447679650.000,ZR,handheld,水平,right,recording,充电口朝右,4,0.221448,0.288663,9.793460,0.000302,0.010533,-0.008178
447679660.000,ZR,handheld,水平,right,recording,充电口朝右,4,0.193270,0.274166,9.816705,0.004308,-0.000309,-0.005084
447679670.000,ZR,handheld,水平,right,recording,充电口朝右,4,0.169837,0.279769,9.823928,0.005113,-0.011644,-0.001524
447679680.000,ZR,handheld,水平,right,recording,充电口朝右,4,0.149921,0.255671,9.820047,0.008743,-0.007737,0.001747
447679690.000,ZR,handheld,水平,right,recording,充电口朝右,4,0.172098,0.241648,9.811023,0.008861,-0.002755,0.001749
447679700.000,ZR,handheld,水平,right,recording,充电口朝右,4,0.199936,0.235182,9.797828,0.006839,-0.004408,0.002508
447679710.000,ZR,handheld,水平,right,recording,充电口朝右,4,0.204327,0.217125,9.774063,0.005348,-0.011295,0.003941
447679720.000,ZR,handheld,水平,right,recording,充电口朝右,4,0.210289,0.219511,9.773402,0.004084,-0.002884,0.006024
447679730.000,ZR,handheld,水平,right,recording,充电口朝右,4,0.213921,0.216917,9.786041,0.004267,0.017845,0.008317
447679740.000,ZR,handheld,水平,right,recording,充电口朝右,4,0.200539,0.219627,9.758530,0.004552,0.018536,0.012132
447679750.000,ZR,handheld,水平,right,recording,充电口朝右,4,0.236289,0.204589,9.752859,0.002644,0.015405,0.015513
447679760.000,ZR,handheld,水平,right,recording,充电口朝右,4,0.274526,0.218174,9.810691,0.005841,0.025968,0.015337
447679770.000,ZR,handheld,水平,right,recording,充电口朝右,4,0.325856,0.209160,9.871444,0.013558,0.031461,0.009998
447679780.000,ZR,handheld,水平,right,recording,充电口朝右,4,0.306458,0.187045,9.847107,0.017332,0.018988,0.004064
447679790.000,ZR,handheld,水平,right,recording,充电口朝右,4,0.314803,0.179658,9.804622,0.017119,0.003967,-0.000839
447679800.000,ZR,handheld,水平,right,recording,充电口朝右,4,0.259954,0.172647,9.754275,0.010017,-0.009534,-0.002629
447679810.000,ZR,handheld,水平,right,recording,充电口朝右,4,0.237196,0.209690,9.680027,-0.003520,-0.013925,-0.003833
447679820.000,ZR,handheld,水平,right,recording,充电口朝右,4,0.235753,0.232502,9.708205,-0.011990,-0.010769,-0.003758
447679830.000,ZR,handheld,水平,right,recording,充电口朝右,4,0.234068,0.209651,9.774503,-0.015890,-0.003431,-0.005548
447679840.000,ZR,handheld,水平,right,recording,充电口朝右,4,0.245631,0.238692,9.854600,-0.013770,-0.006852,-0.006127
447679850.000,ZR,handheld,水平,right,recording,充电口朝右,4,0.217859,0.231344,9.893705,-0.007442,-0.011120,-0.006695
447679860.000,ZR,handheld,水平,right,recording,充电口朝右,4,0.185946,0.238103,9.927375,0.001102,-0.002837,-0.004520
447679870.000,ZR,handheld,水平,right,recording,充电口朝右,4,0.161174,0.228239,9.924396,0.010595,-0.002848,0.000138
447679880.000,ZR,handheld,水平,right,recording,充电口朝右,4,0.188051,0.237856,9.871396,0.018209,0.003214,0.005650
447679890.000,ZR,handheld,水平,right,recording,充电口朝右,4,0.187114,0.266678,9.835057,0.019685,0.007343,0.010918
447679900.000,ZR,handheld,水平,right,recording,充电口朝右,4,0.204512,0.247923,9.784743,0.015244,0.005677,0.012167
447679910.000,ZR,handheld,水平,right,recording,充电口朝右,4,0.231675,0.230658,9.787370,0.012033,0.007176,0.012292
447679920.000,ZR,handheld,水平,right,recording,充电口朝右,4,0.266847,0.226576,9.783133,0.009321,0.006453,0.010521
447679930.000,ZR,handheld,水平,right,recording,充电口朝右,4,0.291388,0.215174,9.777850,0.007238,-0.007887,0.007758
447679940.000,ZR,handheld,水平,right,recording,充电口朝右,4,0.308805,0.202579,9.799692,0.008576,-0.009682,0.003244
447679950.000,ZR,handheld,水平,right,recording,充电口朝右,4,0.327552,0.218873,9.803902,0.012121,-0.000421,-0.000224
447679960.000,ZR,handheld,水平,right,recording,充电口朝右,4,0.327212,0.248872,9.749471,0.013745,0.011788,-0.002785
447679970.000,ZR,handheld,水平,right,recording,充电口朝右,4,0.315858,0.254269,9.716485,0.012448,0.010633,-0.003712
447679980.000,ZR,handheld,水平,right,recording,充电口朝右,4,0.325370,0.276065,9.678781,0.007222,0.002242,-0.006848
447679990.000,ZR,handheld,水平,right,recording,充电口朝右,4,0.308533,0.298538,9.622828,-0.001898,-0.006267,-0.009870
447680000.000,ZR,handheld,水平,right,recording,充电口朝右,4,0.310913,0.274694,9.619315,-0.014174,0.001010,-0.016414
447680010.000,ZR,handheld,水平,right,recording,充电口朝右,4,0.262329,0.275979,9.652909,-0.024743,0.006068,-0.021986
447680020.000,ZR,handheld,水平,right,recording,充电口朝右,4,0.217324,0.251673,9.744244,-0.031148,-0.006953,-0.025192
447680030.000,ZR,handheld,水平,right,recording,充电口朝右,4,0.153229,0.200772,9.847677,-0.030547,-0.012028,-0.024123
447680040.000,ZR,handheld,水平,right,recording,充电口朝右,4,0.121386,0.201288,9.896048,-0.025351,-0.003533,-0.020270
447680050.000,ZR,handheld,水平,right,recording,充电口朝右,4,0.105862,0.225354,9.948540,-0.016629,0.003776,-0.015168
447680060.000,ZR,handheld,水平,right,recording,充电口朝右,4,0.059585,0.222327,9.962521,-0.007736,-0.005130,-0.006114
447680070.000,ZR,handheld,水平,right,recording,充电口朝右,4,0.035313,0.199674,9.975697,0.003709,-0.005367,0.004982
447680080.000,ZR,handheld,水平,right,recording,充电口朝右,4,0.078553,0.228128,9.950505,0.013543,0.005765,0.014146
447680090.000,ZR,handheld,水平,right,recording,充电口朝右,4,0.113176,0.228323,9.867085,0.020486,0.015469,0.018209
447680100.000,ZR,handheld,水平,right,recording,充电口朝右,4,0.167665,0.247671,9.807154,0.019061,0.014570,0.023195
447680110.000,ZR,handheld,水平,right,recording,充电口朝右,4,0.241541,0.208982,9.763229,0.016568,0.005943,0.021098
447680120.000,ZR,handheld,水平,right,recording,充电口朝右,4,0.280901,0.192652,9.782374,0.011168,0.011773,0.015469
447680130.000,ZR,handheld,水平,right,recording,充电口朝右,4,0.331486,0.181953,9.754036,0.007164,0.013420,0.010828
447680140.000,ZR,handheld,水平,right,recording,充电口朝右,4,0.342758,0.180864,9.738627,0.005307,0.003206,0.005212
447680150.000,ZR,handheld,水平,right,recording,充电口朝右,4,0.379704,0.194902,9.753671,0.003762,-0.000081,-0.001545
447680160.000,ZR,handheld,水平,right,recording,充电口朝右,4,0.350924,0.200852,9.729856,-0.004213,0.002492,-0.009068
447680170.000,ZR,handheld,水平,right,recording,充电口朝右,4,0.312124,0.192732,9.705977,-0.008681,-0.006893,-0.013120
447680180.000,ZR,handheld,水平,right,recording,充电口朝右,4,0.271294,0.214352,9.727163,-0.017762,-0.016990,-0.013939
447680190.000,ZR,handheld,水平,right,recording,充电口朝右,4,0.243242,0.179902,9.778138,-0.022490,-0.015669,-0.012708
447680200.000,ZR,handheld,水平,right,recording,充电口朝右,4,0.224168,0.221793,9.799607,-0.024162,-0.006602,-0.008131
447680210.000,ZR,handheld,水平,right,recording,充电口朝右,4,0.205403,0.227907,9.831410,-0.020371,-0.004652,-0.001877
447680220.000,ZR,handheld,水平,right,recording,充电口朝右,4,0.214825,0.219052,9.843319,-0.017099,0.001200,0.002670
447680230.000,ZR,handheld,水平,right,recording,充电口朝右,4,0.265710,0.221537,9.904712,-0.009787,0.015336,0.002648
447680240.000,ZR,handheld,水平,right,recording,充电口朝右,4,0.285933,0.222343,9.916403,-0.001214,0.022118,-0.000301
447680250.000,ZR,handheld,水平,right,recording,充电口朝右,4,0.281420,0.251817,9.917071,0.005694,0.012454,-0.005567
447680260.000,ZR,handheld,水平,right,recording,充电口朝右,4,0.284707,0.283459,9.877861,0.004613,0.012712,-0.011852
447680270.000,ZR,handheld,水平,right,recording,充电口朝右,4,0.240477,0.242742,9.895836,0.003083,0.004015,-0.016321
447680280.000,ZR,handheld,水平,right,recording,充电口朝右,4,0.192669,0.240810,9.843454,-0.002263,-0.009850,-0.014730
447680290.000,ZR,handheld,水平,right,recording,充电口朝右,4,0.144154,0.223819,9.803673,-0.008449,-0.017960,-0.009097
447680300.000,ZR,handheld,水平,right,recording,充电口朝右,4,0.126834,0.214673,9.806543,-0.013292,-0.023997,-0.001584
447680310.000,ZR,handheld,水平,right,recording,充电口朝右,4,0.146917,0.197512,9.803474,-0.015909,-0.024849,0.006868
447680320.000,ZR,handheld,水平,right,recording,充电口朝右,4,0.182004,0.196487,9.813134,-0.015664,-0.024295,0.015267
447680330.000,ZR,handheld,水平,right,recording,充电口朝右,4,0.257056,0.186976,9.861528,-0.008752,-0.020366,0.019157
447680340.000,ZR,handheld,水平,right,recording,充电口朝右,4,0.338059,0.214607,9.870116,0.001690,-0.012520,0.016814
447680350.000,ZR,handheld,水平,right,recording,充电口朝右,4,0.381899,0.214422,9.856970,0.011732,-0.004176,0.009905
447680360.000,ZR,handheld,水平,right,recording,充电口朝右,4,0.391007,0.200391,9.823441,0.017948,0.003158,0.001883
447680370.000,ZR,handheld,水平,right,recording,充电口朝右,4,0.398456,0.220815,9.721818,0.013079,0.004772,-0.007476
447680380.000,ZR,handheld,水平,right,recording,充电口朝右,4,0.379112,0.255117,9.679518,0.000248,0.002658,-0.018260
447680390.000,ZR,handheld,水平,right,recording,充电口朝右,4,0.311295,0.268680,9.682335,-0.012208,-0.001779,-0.023757
447680400.000,ZR,handheld,水平,right,recording,充电口朝右,4,0.187048,0.252046,9.717442,-0.021903,-0.003068,-0.023004
447680410.000,ZR,handheld,水平,right,recording,充电口朝右,4,0.117592,0.225965,9.772656,-0.026690,-0.012650,-0.017904
447680420.000,ZR,handheld,水平,right,recording,充电口朝右,4,0.095720,0.220166,9.813717,-0.027091,-0.023496,-0.009281
447680430.000,ZR,handheld,水平,right,recording,充电口朝右,4,0.057922,0.195566,9.887001,-0.021064,-0.020798,0.000753
447680440.000,ZR,handheld,水平,right,recording,充电口朝右,4,0.099709,0.218450,9.958208,-0.010761,-0.008097,0.007206
447680450.000,ZR,handheld,水平,right,recording,充电口朝右,4,0.140569,0.210986,9.977577,0.002557,0.001701,0.010059
447680460.000,ZR,handheld,水平,right,recording,充电口朝右,4,0.149931,0.230867,9.916909,0.010589,-0.003690,0.014825
447680470.000,ZR,handheld,水平,right,recording,充电口朝右,4,0.187643,0.207689,9.830807,0.010651,-0.014073,0.018065
447680480.000,ZR,handheld,水平,right,recording,充电口朝右,4,0.248235,0.227640,9.788870,0.008234,-0.008803,0.015872
447680490.000,ZR,handheld,水平,right,recording,充电口朝右,4,0.319107,0.221135,9.742490,0.002244,-0.006808,0.008953
447680500.000,ZR,handheld,水平,right,recording,充电口朝右,4,0.358058,0.200587,9.740113,-0.002885,-0.009203,-0.000269
447680510.000,ZR,handheld,水平,right,recording,充电口朝右,4,0.330315,0.196871,9.728574,-0.008084,-0.010656,-0.005776
447680520.000,ZR,handheld,水平,right,recording,充电口朝右,4,0.320606,0.196711,9.729309,-0.014343,-0.014768,-0.010532
447680530.000,ZR,handheld,水平,right,recording,充电口朝右,4,0.303746,0.190347,9.773410,-0.014134,-0.017564,-0.011752
447680540.000,ZR,handheld,水平,right,recording,充电口朝右,4,0.256247,0.173822,9.816753,-0.010108,-0.013305,-0.010135
447680550.000,ZR,handheld,水平,right,recording,充电口朝右,4,0.224443,0.165087,9.839620,-0.002663,-0.004860,-0.004058
447680560.000,ZR,handheld,水平,right,recording,充电口朝右,4,0.186377,0.172597,9.817460,0.002496,0.000910,0.000202
447680570.000,ZR,handheld,水平,right,recording,充电口朝右,4,0.193297,0.153411,9.801453,0.007425,0.004624,0.005526
447680580.000,ZR,handheld,水平,right,recording,充电口朝右,4,0.261203,0.191175,9.818379,0.011211,0.000693,0.004574
447680590.000,ZR,handheld,水平,right,recording,充电口朝右,4,0.329252,0.228842,9.800830,0.011626,-0.004724,-0.000590
447680600.000,ZR,handheld,水平,right,recording,充电口朝右,4,0.362246,0.192461,9.797888,0.009431,0.000385,-0.011628
447680610.000,ZR,handheld,水平,right,recording,充电口朝右,4,0.309690,0.196446,9.778920,0.004454,0.006738,-0.020477
447680620.000,ZR,handheld,水平,right,recording,充电口朝右,4,0.231123,0.247238,9.791423,0.001918,0.000417,-0.022379
447680630.000,ZR,handheld,水平,right,recording,充电口朝右,4,0.131266,0.250769,9.824588,-0.001173,-0.002970,-0.016095
447680640.000,ZR,handheld,水平,right,recording,充电口朝右,4,0.081076,0.233229,9.829639,-0.000938,-0.002147,-0.006422
447680650.000,ZR,handheld,水平,right,recording,充电口朝右,4,0.072307,0.222613,9.820858,-0.003225,0.000466,0.001606
447680660.000,ZR,handheld,水平,right,recording,充电口朝右,4,0.090856,0.223147,9.783447,-0.008313,-0.007088,0.012288
447680670.000,ZR,handheld,水平,right,recording,充电口朝右,4,0.110936,0.196589,9.778697,-0.013914,-0.011376,0.019514
447680680.000,ZR,handheld,水平,right,recording,充电口朝右,4,0.149300,0.147432,9.811317,-0.013171,-0.011578,0.025980
447680690.000,ZR,handheld,水平,right,recording,充电口朝右,4,0.304086,0.173149,9.892409,-0.004221,-0.011606,0.025139
447680700.000,ZR,handheld,水平,right,recording,充电口朝右,4,0.412713,0.220311,9.912531,0.009200,-0.006648,0.017437
447680710.000,ZR,handheld,水平,right,recording,充电口朝右,4,0.489413,0.251162,9.909880,0.024526,0.003842,0.003895
447680720.000,ZR,handheld,水平,right,recording,充电口朝右,4,0.483669,0.235240,9.856900,0.034113,0.014872,-0.008244
447680730.000,ZR,handheld,水平,right,recording,充电口朝右,4,0.399267,0.213349,9.750986,0.031897,0.015452,-0.017558
447680740.000,ZR,handheld,水平,right,recording,充电口朝右,4,0.293823,0.213837,9.620901,0.018072,0.002464,-0.020247
447680750.000,ZR,handheld,水平,right,recording,充电口朝右,4,0.220015,0.197426,9.598842,-0.003221,-0.000326,-0.017700
447680760.000,ZR,handheld,水平,right,recording,充电口朝右,4,0.232044,0.201012,9.646696,-0.018408,-0.008279,-0.017676
447680770.000,ZR,handheld,水平,right,recording,充电口朝右,4,0.220583,0.215902,9.733102,-0.029696,-0.022355,-0.015946
447680780.000,ZR,handheld,水平,right,recording,充电口朝右,4,0.219357,0.192797,9.809699,-0.031155,-0.028220,-0.013656
447680790.000,ZR,handheld,水平,right,recording,充电口朝右,4,0.223023,0.157231,9.919417,-0.023541,-0.018246,-0.009983
447680800.000,ZR,handheld,水平,right,recording,充电口朝右,4,0.238526,0.184748,9.963102,-0.011002,-0.010385,-0.006663
447680810.000,ZR,handheld,水平,right,recording,充电口朝右,4,0.241826,0.203325,9.921517,0.000987,-0.010905,-0.003809
447680820.000,ZR,handheld,水平,right,recording,充电口朝右,4,0.241006,0.212508,9.908528,0.011247,0.001553,-0.003319
447680830.000,ZR,handheld,水平,right,recording,充电口朝右,4,0.201119,0.219336,9.842105,0.013832,0.013494,-0.001888
447680840.000,ZR,handheld,水平,right,recording,充电口朝右,4,0.191207,0.235657,9.793522,0.015313,0.010495,0.000071
447680850.000,ZR,handheld,水平,right,recording,充电口朝右,4,0.198891,0.272496,9.667160,0.002580,-0.001215,0.000371
447680860.000,ZR,handheld,水平,right,recording,充电口朝右,4,0.190104,0.276452,9.704129,-0.008018,0.000055,-0.000251
447680870.000,ZR,handheld,水平,right,recording,充电口朝右,4,0.232285,0.233712,9.740957,-0.015774,-0.004561,-0.000587
447680880.000,ZR,handheld,水平,right,recording,充电口朝右,4,0.236881,0.267291,9.832136,-0.015668,-0.014720,-0.001198
447680890.000,ZR,handheld,水平,right,recording,充电口朝右,4,0.240597,0.223284,9.882403,-0.011960,-0.012691,-0.001018
447680900.000,ZR,handheld,水平,right,recording,充电口朝右,4,0.216410,0.169238,9.930411,-0.000873,-0.003759,0.000612
447680910.000,ZR,handheld,水平,right,recording,充电口朝右,4,0.206174,0.208883,9.904934,0.008866,0.001110,0.004147
447680920.000,ZR,handheld,水平,right,recording,充电口朝右,4,0.172883,0.226223,9.804753,0.011122,-0.004555,0.010766
447680930.000,ZR,handheld,水平,right,recording,充电口朝右,4,0.187148,0.212798,9.746309,0.006310,-0.012868,0.018827
447680940.000,ZR,handheld,水平,right,recording,充电口朝右,4,0.198500,0.184368,9.700160,0.000108,-0.011006,0.024827
447680950.000,ZR,handheld,水平,right,recording,充电口朝右,4,0.260938,0.205778,9.676117,-0.007717,-0.001207,0.027137
447680960.000,ZR,handheld,水平,right,recording,充电口朝右,4,0.342196,0.202756,9.657915,-0.016070,0.003222,0.020431
447680970.000,ZR,handheld,水平,right,recording,充电口朝右,4,0.408851,0.199049,9.731967,-0.020225,0.006398,0.010722
447680980.000,ZR,handheld,水平,right,recording,充电口朝右,4,0.431900,0.228448,9.775400,-0.022308,0.007668,0.000114
447680990.000,ZR,handheld,水平,right,recording,充电口朝右,4,0.370705,0.230224,9.805481,-0.023796,0.003934,-0.007419
447681000.000,ZR,handheld,水平,right,recording,充电口朝右,4,0.298334,0.187848,9.869313,-0.020803,0.008245,-0.013129
447681010.000,ZR,handheld,水平,right,recording,充电口朝右,4,0.235397,0.192701,9.865320,-0.018219,0.008013,-0.011639
447681020.000,ZR,handheld,水平,right,recording,充电口朝右,4,0.181182,0.201434,9.856201,-0.017364,-0.005065,-0.006407
447681030.000,ZR,handheld,水平,right,recording,充电口朝右,4,0.150240,0.194783,9.878022,-0.015703,-0.009590,0.000369
447681040.000,ZR,handheld,水平,right,recording,充电口朝右,4,0.121561,0.160228,9.878497,-0.011853,-0.009607,0.009551
447681050.000,ZR,handheld,水平,right,recording,充电口朝右,4,0.167661,0.155485,9.919849,-0.005655,0.002436,0.016567
447681060.000,ZR,handheld,水平,right,recording,充电口朝右,4,0.287727,0.222318,9.955485,0.004957,0.007214,0.014758
447681070.000,ZR,handheld,水平,right,recording,充电口朝右,4,0.328085,0.188382,9.962992,0.014357,0.008348,0.010019
447681080.000,ZR,handheld,水平,right,recording,充电口朝右,4,0.323712,0.191148,9.910130,0.020607,0.000598,0.004369
447681090.000,ZR,handheld,水平,right,recording,充电口朝右,4,0.335067,0.196025,9.867232,0.020802,-0.000563,-0.000028
447681100.000,ZR,handheld,水平,right,recording,充电口朝右,4,0.289782,0.213841,9.798636,0.018896,-0.005686,-0.000985
447681110.000,ZR,handheld,水平,right,recording,充电口朝右,4,0.255991,0.211048,9.773364,0.015729,-0.005428,-0.000617
447681120.000,ZR,handheld,水平,right,recording,充电口朝右,4,0.264268,0.215002,9.730063,0.011447,-0.000658,-0.001038
447681130.000,ZR,handheld,水平,right,recording,充电口朝右,4,0.267478,0.221432,9.646583,0.001222,-0.009495,-0.001394
447681140.000,ZR,handheld,水平,right,recording,充电口朝右,4,0.247584,0.233922,9.647377,-0.009515,-0.008931,-0.001886
447681150.000,ZR,handheld,水平,right,recording,充电口朝右,4,0.223224,0.234887,9.676179,-0.017842,-0.009727,0.000380
447681160.000,ZR,handheld,水平,right,recording,充电口朝右,4,0.213963,0.234025,9.726921,-0.021239,-0.006999,0.004190
447681170.000,ZR,handheld,水平,right,recording,充电口朝右,4,0.167993,0.237450,9.778325,-0.021047,0.008419,0.010488
447681180.000,ZR,handheld,水平,right,recording,充电口朝右,4,0.177715,0.220054,9.812509,-0.016896,-0.001146,0.018103
447681190.000,ZR,handheld,水平,right,recording,充电口朝右,4,0.212316,0.217284,9.826523,-0.014102,0.000885,0.020067
447681200.000,ZR,handheld,水平,right,recording,充电口朝右,4,0.261221,0.208101,9.874068,-0.010106,0.007669,0.017602
447681210.000,ZR,handheld,水平,right,recording,充电口朝右,4,0.266621,0.193577,9.871491,-0.005115,0.007797,0.014497
447681220.000,ZR,handheld,水平,right,recording,充电口朝右,4,0.260358,0.170971,9.871229,0.001058,0.004814,0.011955
447681230.000,ZR,handheld,水平,right,recording,充电口朝右,4,0.243613,0.174063,9.833305,0.002802,0.000647,0.010597
447681240.000,ZR,handheld,水平,right,recording,充电口朝右,4,0.254320,0.152855,9.802797,0.001788,0.002809,0.010937
447681250.000,ZR,handheld,水平,right,recording,充电口朝右,4,0.274973,0.170489,9.796626,0.001992,0.006424,0.010952
447681260.000,ZR,handheld,水平,right,recording,充电口朝右,4,0.354481,0.156405,9.836308,0.004268,0.008431,0.005072
447681270.000,ZR,handheld,水平,right,recording,充电口朝右,4,0.377375,0.189827,9.834179,0.010348,0.015184,-0.002818
447681280.000,ZR,handheld,水平,right,recording,充电口朝右,4,0.347235,0.138728,9.825916,0.014765,0.024971,-0.007904
447681290.000,ZR,handheld,水平,right,recording,充电口朝右,4,0.314444,0.181625,9.759400,0.013243,0.021703,-0.011705
447681300.000,ZR,handheld,水平,right,recording,充电口朝右,4,0.236367,0.205531,9.702826,0.004205,0.005536,-0.010944
447681310.000,ZR,handheld,水平,right,recording,充电口朝右,4,0.163845,0.179342,9.675851,-0.006366,-0.004068,-0.005180
447681320.000,ZR,handheld,水平,right,recording,充电口朝右,4,0.100746,0.182871,9.666141,-0.019534,-0.004780,0.002520
447681330.000,ZR,handheld,水平,right,recording,充电口朝右,4,0.084665,0.160385,9.728128,-0.027164,-0.008931,0.013229
447681340.000,ZR,handheld,水平,right,recording,充电口朝右,4,0.138642,0.166904,9.808030,-0.025041,-0.014826,0.023310
447681350.000,ZR,handheld,水平,right,recording,充电口朝右,4,0.222623,0.198649,9.834214,-0.018251,-0.007922,0.028969
447681360.000,ZR,handheld,水平,right,recording,充电口朝右,4,0.367485,0.202069,9.890145,-0.009464,0.008398,0.022438
447681370.000,ZR,handheld,水平,right,recording,充电口朝右,4,0.402193,0.202509,9.877938,-0.001275,0.013797,0.013557
447681380.000,ZR,handheld,水平,right,recording,充电口朝右,4,0.431301,0.172609,9.858037,0.004488,0.016881,0.000539
447681390.000,ZR,handheld,水平,right,recording,充电口朝右,4,0.410675,0.160347,9.862454,0.006649,0.022414,-0.013359
447681400.000,ZR,handheld,水平,right,recording,充电口朝右,4,0.346737,0.156924,9.837425,0.006149,0.008660,-0.024537
447681410.000,ZR,handheld,水平,right,recording,充电口朝右,4,0.258604,0.145522,9.836410,0.007739,0.000392,-0.025877
447681420.000,ZR,handheld,水平,right,recording,充电口朝右,4,0.159168,0.145062,9.812981,0.007729,-0.001917,-0.018065
447681430.000,ZR,handheld,水平,right,recording,充电口朝右,4,0.150798,0.170330,9.780540,0.007142,-0.002365,-0.008778
447681440.000,ZR,handheld,水平,right,recording,充电口朝右,4,0.198209,0.196829,9.794019,0.008113,0.006328,-0.001966
447681450.000,ZR,handheld,水平,right,recording,充电口朝右,4,0.258517,0.228962,9.742159,0.008519,0.010463,-0.001440
447681460.000,ZR,handheld,水平,right,recording,充电口朝右,4,0.289541,0.240172,9.704450,0.001453,0.006506,-0.003068
447681470.000,ZR,handheld,水平,right,recording,充电口朝右,4,0.316109,0.267626,9.661789,-0.010996,0.000140,-0.006674
447681480.000,ZR,handheld,水平,right,recording,充电口朝右,4,0.318940,0.247454,9.723416,-0.020494,-0.002343,-0.011849
447681490.000,ZR,handheld,水平,right,recording,充电口朝右,4,0.262903,0.216523,9.770703,-0.024803,-0.003718,-0.013562
447681500.000,ZR,handheld,水平,right,recording,充电口朝右,4,0.199187,0.193285,9.853216,-0.024893,-0.005662,-0.010797
447681510.000,ZR,handheld,水平,right,recording,充电口朝右,4,0.176539,0.160423,9.890506,-0.017143,-0.010099,-0.005923
447681520.000,ZR,handheld,水平,right,recording,充电口朝右,4,0.197921,0.186093,9.942052,-0.007349,-0.016339,-0.002191
447681530.000,ZR,handheld,水平,right,recording,充电口朝右,4,0.235808,0.185635,9.928685,0.002702,-0.010276,-0.000648
447681540.000,ZR,handheld,水平,right,recording,充电口朝右,4,0.242780,0.182486,9.910174,0.015668,-0.000308,-0.000798
447681550.000,ZR,handheld,水平,right,recording,充电口朝右,4,0.253007,0.187688,9.870632,0.024199,0.010236,-0.000784
447681560.000,ZR,handheld,水平,right,recording,充电口朝右,4,0.240741,0.170239,9.817941,0.026724,0.018510,-0.001198
447681570.000,ZR,handheld,水平,right,recording,充电口朝右,4,0.214838,0.189304,9.796278,0.027134,0.020515,-0.002123
447681580.000,ZR,handheld,水平,right,recording,充电口朝右,4,0.204875,0.221148,9.760204,0.021065,0.014109,-0.003926
447681590.000,ZR,handheld,水平,right,recording,充电口朝右,4,0.183176,0.236992,9.755807,0.014947,0.015248,-0.007243
447681600.000,ZR,handheld,水平,right,recording,充电口朝右,4,0.113873,0.240593,9.748298,0.008395,0.007995,-0.004445
447681610.000,ZR,handheld,水平,right,recording,充电口朝右,4,0.081547,0.257041,9.747536,0.004154,0.001070,0.002845
447681620.000,ZR,handheld,水平,right,recording,充电口朝右,4,0.058623,0.246586,9.725753,0.000419,0.008396,0.015267
447681630.000,ZR,handheld,水平,right,recording,充电口朝右,4,0.111910,0.210656,9.717448,-0.001007,0.010152,0.026130
447681640.000,ZR,handheld,水平,right,recording,充电口朝右,4,0.166105,0.205838,9.714681,-0.002351,0.007632,0.034130
447681650.000,ZR,handheld,水平,right,recording,充电口朝右,4,0.263834,0.188330,9.723970,-0.004394,0.014365,0.035284
447681660.000,ZR,handheld,水平,right,recording,充电口朝右,4,0.358392,0.137286,9.743624,-0.002703,0.030995,0.029353
447681670.000,ZR,handheld,水平,right,recording,充电口朝右,4,0.419995,0.139710,9.754695,-0.003678,0.036437,0.016541
447681680.000,ZR,handheld,水平,right,recording,充电口朝右,4,0.470736,0.172934,9.724377,-0.008948,0.024288,0.001730
447681690.000,ZR,handheld,水平,right,recording,充电口朝右,4,0.416877,0.168083,9.763857,-0.015956,0.014800,-0.011489
447681700.000,ZR,handheld,水平,right,recording,充电口朝右,4,0.325909,0.152809,9.810908,-0.015213,0.009165,-0.021266
447681710.000,ZR,handheld,水平,right,recording,充电口朝右,4,0.258455,0.161936,9.914785,-0.006886,0.018588,-0.022501
447681720.000,ZR,handheld,水平,right,recording,充电口朝右,4,0.201229,0.164710,9.894220,0.000509,0.017858,-0.020034
447681730.000,ZR,handheld,水平,right,recording,充电口朝右,4,0.132518,0.174183,9.897749,0.006679,0.012834,-0.014733
447681740.000,ZR,handheld,水平,right,recording,充电口朝右,4,0.125459,0.175718,9.876312,0.009163,0.023579,-0.007445
447681750.000,ZR,handheld,水平,right,recording,充电口朝右,4,0.156648,0.177870,9.856414,0.010826,0.026877,-0.003415
447681760.000,ZR,handheld,水平,right,recording,充电口朝右,4,0.204402,0.204071,9.879728,0.012834,0.021093,-0.004918
447681770.000,ZR,handheld,水平,right,recording,充电口朝右,4,0.231798,0.234957,9.902183,0.014690,0.016035,-0.008745
447681780.000,ZR,handheld,水平,right,recording,充电口朝右,4,0.161399,0.202919,9.885312,0.015439,0.008411,-0.010028
447681790.000,ZR,handheld,水平,right,recording,充电口朝右,4,0.101839,0.194342,9.891321,0.015760,0.001019,-0.006059
447681800.000,ZR,handheld,水平,right,recording,充电口朝右,4,0.093366,0.216212,9.898002,0.018031,-0.001683,-0.000769
447681810.000,ZR,handheld,水平,right,recording,充电口朝右,4,0.122237,0.222662,9.855329,0.016437,0.003176,0.003952
447681820.000,ZR,handheld,水平,right,recording,充电口朝右,4,0.165364,0.223329,9.842339,0.013220,0.011785,0.005451
447681830.000,ZR,handheld,水平,right,recording,充电口朝右,4,0.194748,0.221404,9.830571,0.012275,0.001010,0.006731
447681840.000,ZR,handheld,水平,right,recording,充电口朝右,4,0.268767,0.240871,9.797481,0.008558,-0.010212,0.003291
447681850.000,ZR,handheld,水平,right,recording,充电口朝右,4,0.256742,0.236257,9.803063,0.008391,-0.003860,-0.000605
447681860.000,ZR,handheld,水平,right,recording,充电口朝右,4,0.256050,0.239603,9.794011,0.011198,0.008129,-0.003579
447681870.000,ZR,handheld,水平,right,recording,充电口朝右,4,0.194888,0.256417,9.801569,0.013912,0.017918,-0.001981
447681880.000,ZR,handheld,水平,right,recording,充电口朝右,4,0.131659,0.203828,9.759455,0.016090,0.014124,0.001027
447681890.000,ZR,handheld,水平,right,recording,充电口朝右,4,0.131813,0.212958,9.714107,0.009025,0.017486,0.005580
447681900.000,ZR,handheld,水平,right,recording,充电口朝右,4,0.190965,0.227831,9.699221,-0.000270,0.016250,0.004060
447681910.000,ZR,handheld,水平,right,recording,充电口朝右,4,0.228908,0.240804,9.762609,-0.006202,0.001534,0.000550
447681920.000,ZR,handheld,水平,right,recording,充电口朝右,4,0.243128,0.213526,9.787373,-0.009452,-0.013994,-0.005423
447681930.000,ZR,handheld,水平,right,recording,充电口朝右,4,0.232697,0.207511,9.865845,-0.007856,-0.004651,-0.012350
447681940.000,ZR,handheld,水平,right,recording,充电口朝右,4,0.183193,0.205213,9.905173,-0.001304,0.003455,-0.016204
447681950.000,ZR,handheld,水平,right,recording,充电口朝右,4,0.093710,0.193572,9.857126,0.005669,0.001133,-0.009766
447681960.000,ZR,handheld,水平,right,recording,充电口朝右,4,0.031873,0.200556,9.840004,0.010290,0.004070,0.000404
447681970.000,ZR,handheld,水平,right,recording,充电口朝右,4,0.044967,0.194642,9.814352,0.017346,0.015551,0.011955
447681980.000,ZR,handheld,水平,right,recording,充电口朝右,4,0.112803,0.183636,9.798403,0.020673,0.028589,0.018843
447681990.000,ZR,handheld,水平,right,recording,充电口朝右,4,0.212382,0.211388,9.787004,0.023948,0.027566,0.016726
447682000.000,ZR,handheld,水平,right,recording,充电口朝右,4,0.286991,0.218879,9.722857,0.017031,0.021701,0.010274
447682010.000,ZR,handheld,水平,right,recording,充电口朝右,4,0.291470,0.220742,9.701004,0.008652,0.026566,0.001483
447682020.000,ZR,handheld,水平,right,recording,充电口朝右,4,0.320472,0.224003,9.701709,0.001181,0.014919,-0.008165
447682030.000,ZR,handheld,水平,right,recording,充电口朝右,4,0.253521,0.235954,9.697568,-0.009528,0.003744,-0.012679
447682040.000,ZR,handheld,水平,right,recording,充电口朝右,4,0.179136,0.209024,9.713294,-0.016039,-0.007963,-0.011584
447682050.000,ZR,handheld,水平,right,recording,充电口朝右,4,0.128513,0.183227,9.751311,-0.023217,0.006858,-0.008062
447682060.000,ZR,handheld,水平,right,recording,充电口朝右,4,0.114221,0.199636,9.822320,-0.022088,0.020541,-0.002518
447682070.000,ZR,handheld,水平,right,recording,充电口朝右,4,0.138038,0.212537,9.863401,-0.019839,0.012012,0.000702
447682080.000,ZR,handheld,水平,right,recording,充电口朝右,4,0.209699,0.219886,9.960392,-0.012473,0.003779,0.000365
447682090.000,ZR,handheld,水平,right,recording,充电口朝右,4,0.239410,0.234394,9.984270,-0.001762,0.006428,-0.001948
447682100.000,ZR,handheld,水平,right,recording,充电口朝右,4,0.231564,0.239940,9.941024,0.008669,0.004891,-0.005641
447682110.000,ZR,handheld,水平,right,recording,充电口朝右,4,0.110867,0.207313,9.850691,0.008053,0.002739,-0.003760
447682120.000,ZR,handheld,水平,right,recording,充电口朝右,4,0.043420,0.181420,9.759646,0.001919,-0.000656,0.004515
447682130.000,ZR,handheld,水平,right,recording,充电口朝右,4,0.047251,0.192114,9.734119,-0.005009,0.001368,0.013993
447682140.000,ZR,handheld,水平,right,recording,充电口朝右,4,0.127806,0.219216,9.759220,-0.007964,0.003105,0.018349
447682150.000,ZR,handheld,水平,right,recording,充电口朝右,4,0.266920,0.247758,9.814020,-0.008911,0.003170,0.013025
447682160.000,ZR,handheld,水平,right,recording,充电口朝右,4,0.335149,0.287606,9.879486,-0.004790,0.000857,0.001627
447682170.000,ZR,handheld,水平,right,recording,充电口朝右,4,0.325737,0.302565,9.866249,-0.001343,0.001207,-0.011061
447682180.000,ZR,handheld,水平,right,recording,充电口朝右,4,0.256379,0.255546,9.817814,-0.000454,-0.001263,-0.017831
447682190.000,ZR,handheld,水平,right,recording,充电口朝右,4,0.118198,0.228031,9.788039,-0.005183,-0.011749,-0.016081
447682200.000,ZR,handheld,水平,right,recording,充电口朝右,4,0.051019,0.191359,9.776035,-0.009712,-0.010725,-0.008616
447682210.000,ZR,handheld,水平,right,recording,充电口朝右,4,0.032765,0.175595,9.774409,-0.013451,-0.006540,0.000608
447682220.000,ZR,handheld,水平,right,recording,充电口朝右,4,0.123925,0.187291,9.825323,-0.015534,-0.005131,0.007022
447682230.000,ZR,handheld,水平,right,recording,充电口朝右,4,0.205853,0.195796,9.882239,-0.012625,-0.004032,0.006739
447682240.000,ZR,handheld,水平,right,recording,充电口朝右,4,0.263632,0.206899,9.948040,-0.008753,-0.008987,0.001005
447682250.000,ZR,handheld,水平,right,recording,充电口朝右,4,0.252869,0.202040,9.946406,-0.001046,-0.019181,-0.002367
447682260.000,ZR,handheld,水平,right,recording,充电口朝右,4,0.226857,0.185423,9.901886,0.007091,-0.015163,-0.005372
447682270.000,ZR,handheld,水平,right,recording,充电口朝右,4,0.188347,0.184028,9.841691,0.010226,-0.006488,-0.004095
447682280.000,ZR,handheld,水平,right,recording,充电口朝右,4,0.160264,0.179640,9.788684,0.008406,-0.010835,-0.001692
447682290.000,ZR,handheld,水平,right,recording,充电口朝右,4,0.164076,0.178096,9.773962,0.005849,-0.008112,-0.001018
447682300.000,ZR,handheld,水平,right,recording,充电口朝右,4,0.171190,0.187216,9.802605,0.004072,0.002981,-0.000520
447682310.000,ZR,handheld,水平,right,recording,充电口朝右,4,0.130931,0.178939,9.797777,0.003104,0.003472,-0.000090
447682320.000,ZR,handheld,水平,right,recording,充电口朝右,4,0.160869,0.200498,9.796557,-0.000685,0.002299,0.001634
447682330.000,ZR,handheld,水平,right,recording,充电口朝右,4,0.137140,0.229168,9.788291,-0.006144,-0.008116,0.003467
447682340.000,ZR,handheld,水平,right,recording,充电口朝右,4,0.129451,0.217350,9.801311,-0.008773,-0.016066,0.005697
447682350.000,ZR,handheld,水平,right,recording,充电口朝右,4,0.140398,0.223636,9.860288,-0.006527,-0.020073,0.007881
447682360.000,ZR,handheld,水平,right,recording,充电口朝右,4,0.193407,0.198931,9.892086,-0.003614,-0.018424,0.006254
447682370.000,ZR,handheld,水平,right,recording,充电口朝右,4,0.205178,0.203008,9.903577,0.006942,-0.013534,0.003613
447682380.000,ZR,handheld,水平,right,recording,充电口朝右,4,0.156835,0.194085,9.826056,0.010322,-0.015031,0.004487
447682390.000,ZR,handheld,水平,right,recording,充电口朝右,4,0.150487,0.178802,9.780681,0.009095,-0.006324,0.008332
447682400.000,ZR,handheld,水平,right,recording,充电口朝右,4,0.151131,0.194926,9.761105,0.008526,-0.001823,0.009678
447682410.000,ZR,handheld,水平,right,recording,充电口朝右,4,0.187106,0.210755,9.751098,0.006931,-0.004645,0.012738
447682420.000,ZR,handheld,水平,right,recording,充电口朝右,4,0.222405,0.185566,9.754495,0.009078,-0.004919,0.013704
447682430.000,ZR,handheld,水平,right,recording,充电口朝右,4,0.240681,0.188536,9.747384,0.007321,-0.000903,0.010619
447682440.000,ZR,handheld,水平,right,recording,充电口朝右,4,0.289615,0.186909,9.704634,0.002047,-0.001532,0.007159
447682450.000,ZR,handheld,水平,right,recording,充电口朝右,4,0.255464,0.212538,9.693604,-0.005145,-0.002333,0.003018
447682460.000,ZR,handheld,水平,right,recording,充电口朝右,4,0.239257,0.195491,9.685921,-0.014520,-0.006186,-0.001830
447682470.000,ZR,handheld,水平,right,recording,充电口朝右,4,0.231642,0.198597,9.759724,-0.018615,-0.006685,-0.005859
447682480.000,ZR,handheld,水平,right,recording,充电口朝右,4,0.180383,0.209123,9.798704,-0.022383,-0.009896,-0.007712
447682490.000,ZR,handheld,水平,right,recording,充电口朝右,4,0.135834,0.191838,9.854025,-0.019992,-0.009052,-0.005347
447682500.000,ZR,handheld,水平,right,recording,充电口朝右,4,0.102731,0.164680,9.897972,-0.013949,-0.004311,-0.001585
447682510.000,ZR,handheld,水平,right,recording,充电口朝右,4,0.134627,0.186427,9.946391,-0.006221,-0.000219,0.002028
447682520.000,ZR,handheld,水平,right,recording,充电口朝右,4,0.146937,0.172939,9.947933,0.001171,-0.002023,0.006938
447682530.000,ZR,handheld,水平,right,recording,充电口朝右,4,0.157219,0.169832,9.946032,0.011428,-0.008670,0.008933
447682540.000,ZR,handheld,水平,right,recording,充电口朝右,4,0.191825,0.166455,9.926080,0.019302,-0.008614,0.007016
447682550.000,ZR,handheld,水平,right,recording,充电口朝右,4,0.226980,0.171382,9.859302,0.023101,-0.002290,0.004723
447682560.000,ZR,handheld,水平,right,recording,充电口朝右,4,0.265253,0.207131,9.780522,0.020521,-0.003312,0.001897
447682570.000,ZR,handheld,水平,right,recording,充电口朝右,4,0.304372,0.216473,9.728923,0.015457,-0.003981,-0.002126
447682580.000,ZR,handheld,水平,right,recording,充电口朝右,4,0.308918,0.216941,9.713203,0.007346,-0.007134,-0.007428
447682590.000,ZR,handheld,水平,right,recording,充电口朝右,4,0.282588,0.222886,9.697479,-0.003607,0.001747,-0.013407
447682600.000,ZR,handheld,水平,right,recording,充电口朝右,4,0.203863,0.222750,9.763506,-0.006229,0.005360,-0.014942
447682610.000,ZR,handheld,水平,right,recording,充电口朝右,4,0.170901,0.243663,9.785557,-0.007790,-0.000202,-0.013149
447682620.000,ZR,handheld,水平,right,recording,充电口朝右,4,0.096575,0.235383,9.829425,-0.006376,-0.007922,-0.008854
447682630.000,ZR,handheld,水平,right,recording,充电口朝右,4,0.084038,0.230408,9.858789,-0.005073,-0.014188,-0.003405
447682640.000,ZR,handheld,水平,right,recording,充电口朝右,4,0.084569,0.230449,9.876108,-0.001692,-0.010116,0.002657
447682650.000,ZR,handheld,水平,right,recording,充电口朝右,4,0.124361,0.233685,9.879001,0.002641,-0.012170,0.008470
447682660.000,ZR,handheld,水平,right,recording,充电口朝右,4,0.140243,0.219698,9.832067,0.006771,-0.011332,0.013651
447682670.000,ZR,handheld,水平,right,recording,充电口朝右,4,0.171301,0.208863,9.800208,0.007105,-0.004191,0.015398
447682680.000,ZR,handheld,水平,right,recording,充电口朝右,4,0.226046,0.190238,9.752837,0.003268,-0.000183,0.013946
447682690.000,ZR,handheld,水平,right,recording,充电口朝右,4,0.240122,0.198851,9.728283,-0.003983,-0.006178,0.012962
447682700.000,ZR,handheld,水平,right,recording,充电口朝右,4,0.240723,0.182806,9.748755,-0.007817,-0.006319,0.010901
447682710.000,ZR,handheld,水平,right,recording,充电口朝右,4,0.218840,0.173536,9.773064,-0.009923,-0.005298,0.009402
447682720.000,ZR,handheld,水平,right,recording,充电口朝右,4,0.228124,0.180010,9.793821,-0.008297,-0.002604,0.009191
447682730.000,ZR,handheld,水平,right,recording,充电口朝右,4,0.271160,0.177480,9.832668,-0.006070,0.000195,0.004731
447682740.000,ZR,handheld,水平,right,recording,充电口朝右,4,0.328192,0.178771,9.867105,-0.000432,-0.003698,-0.002856
447682750.000,ZR,handheld,水平,right,recording,充电口朝右,4,0.318389,0.166646,9.884929,0.005832,-0.013390,-0.011029
447682760.000,ZR,handheld,水平,right,recording,充电口朝右,4,0.284456,0.185408,9.864181,0.010335,-0.018895,-0.018237
447682770.000,ZR,handheld,水平,right,recording,充电口朝右,4,0.158412,0.147201,9.808956,0.011545,-0.017189,-0.015768
447682780.000,ZR,handheld,水平,right,recording,充电口朝右,4,0.129171,0.161477,9.784272,0.010867,-0.006130,-0.010243
447682790.000,ZR,handheld,水平,right,recording,充电口朝右,4,0.168679,0.198394,9.742311,0.008144,-0.000793,-0.007605
447682800.000,ZR,handheld,水平,right,recording,充电口朝右,4,0.188938,0.215603,9.733337,0.003040,-0.008457,-0.003948
447682810.000,ZR,handheld,水平,right,recording,充电口朝右,4,0.214032,0.229282,9.757741,0.000357,-0.013745,-0.002900
447682820.000,ZR,handheld,水平,right,recording,充电口朝右,4,0.220315,0.232359,9.765596,0.000543,-0.005182,-0.002360
447682830.000,ZR,handheld,水平,right,recording,充电口朝右,4,0.246249,0.241927,9.776759,0.001924,0.003724,-0.004521
447682840.000,ZR,handheld,水平,right,recording,充电口朝右,4,0.249380,0.265708,9.734620,-0.000549,0.005175,-0.005981
447682850.000,ZR,handheld,水平,right,recording,充电口朝右,4,0.205973,0.228743,9.717876,-0.006842,-0.001244,-0.005998
447682860.000,ZR,handheld,水平,right,recording,充电口朝右,4,0.147460,0.200230,9.727231,-0.015709,-0.001418,-0.003405
447682870.000,ZR,handheld,水平,right,recording,充电口朝右,4,0.125479,0.181289,9.807816,-0.017347,-0.006062,0.000152
447682880.000,ZR,handheld,水平,right,recording,充电口朝右,4,0.129853,0.160281,9.885474,-0.013016,-0.009126,0.006192
447682890.000,ZR,handheld,水平,right,recording,充电口朝右,4,0.154618,0.148670,9.968688,0.002350,0.001265,0.010276
447682900.000,ZR,handheld,水平,right,recording,充电口朝右,4,0.218962,0.180157,9.982377,0.020914,0.012937,0.009147
447682910.000,ZR,handheld,水平,right,recording,充电口朝右,4,0.299310,0.250169,9.954452,0.034969,0.019462,0.004129
447682920.000,ZR,handheld,水平,right,recording,充电口朝右,4,0.310259,0.259457,9.884966,0.045768,0.013546,-0.002640
447682930.000,ZR,handheld,水平,right,recording,充电口朝右,4,0.269348,0.259246,9.754189,0.045557,0.002378,-0.008644
447682940.000,ZR,handheld,水平,right,recording,充电口朝右,4,0.250288,0.275464,9.613737,0.032377,-0.001156,-0.014379
447682950.000,ZR,handheld,水平,right,recording,充电口朝右,4,0.213625,0.310028,9.546411,0.008831,-0.003582,-0.016107
447682960.000,ZR,handheld,水平,right,recording,充电口朝右,4,0.187833,0.314209,9.536072,-0.014669,-0.013991,-0.014885
447682970.000,ZR,handheld,水平,right,recording,充电口朝右,4,0.123223,0.256514,9.596749,-0.033871,-0.022564,-0.009098
447682980.000,ZR,handheld,水平,right,recording,充电口朝右,4,0.088824,0.236599,9.692719,-0.042722,-0.022189,0.001014
447682990.000,ZR,handheld,水平,right,recording,充电口朝右,4,0.118163,0.205824,9.792021,-0.039856,-0.016924,0.012773
447683000.000,ZR,handheld,水平,right,recording,充电口朝右,4,0.206393,0.192417,9.897663,-0.030183,-0.001380,0.018348
447683010.000,ZR,handheld,水平,right,recording,充电口朝右,4,0.280096,0.202055,10.000320,-0.013160,0.018188,0.014001
447683020.000,ZR,handheld,水平,right,recording,充电口朝右,4,0.344526,0.195976,10.012010,0.005622,0.023517,0.007020
447683030.000,ZR,handheld,水平,right,recording,充电口朝右,4,0.321567,0.174302,9.940005,0.016610,0.024807,-0.002494
447683040.000,ZR,handheld,水平,right,recording,充电口朝右,4,0.276014,0.173678,9.896178,0.016822,0.013728,-0.009716
447683050.000,ZR,handheld,水平,right,recording,充电口朝右,4,0.225432,0.183105,9.832052,0.010828,0.001731,-0.014181
447683060.000,ZR,handheld,水平,right,recording,充电口朝右,4,0.169664,0.167171,9.759427,-0.003140,-0.014121,-0.013901
447683070.000,ZR,handheld,水平,right,recording,充电口朝右,4,0.100632,0.152012,9.798342,-0.013668,-0.023474,-0.011687
447683080.000,ZR,handheld,水平,right,recording,充电口朝右,4,0.060880,0.158058,9.839580,-0.018242,-0.023453,-0.002029
447683090.000,ZR,handheld,水平,right,recording,充电口朝右,4,0.049664,0.169689,9.909992,-0.014191,-0.015911,0.010644
447683100.000,ZR,handheld,水平,right,recording,充电口朝右,4,0.118751,0.174813,9.990445,-0.003802,-0.004181,0.019870
447683110.000,ZR,handheld,水平,right,recording,充电口朝右,4,0.209908,0.178059,9.991799,0.011921,-0.002426,0.020399
447683120.000,ZR,handheld,水平,right,recording,充电口朝右,4,0.329015,0.218911,9.954105,0.025277,-0.006681,0.013355
447683130.000,ZR,handheld,水平,right,recording,充电口朝右,4,0.387151,0.239558,9.842480,0.029785,-0.005878,0.002397
447683140.000,ZR,handheld,水平,right,recording,充电口朝右,4,0.368274,0.208237,9.744419,0.023481,-0.010428,-0.007518
447683150.000,ZR,handheld,水平,right,recording,充电口朝右,4,0.299430,0.185813,9.675196,0.009588,-0.006125,-0.015548
447683160.000,ZR,handheld,水平,right,recording,充电口朝右,4,0.205187,0.175230,9.627131,-0.006716,-0.010238,-0.017257
447683170.000,ZR,handheld,水平,right,recording,充电口朝右,4,0.147344,0.210857,9.667545,-0.020951,-0.017793,-0.013089
447683180.000,ZR,handheld,水平,right,recording,充电口朝右,4,0.128776,0.201190,9.787967,-0.021947,-0.021044,-0.008174
447683190.000,ZR,handheld,水平,right,recording,充电口朝右,4,0.162941,0.230995,9.899779,-0.013450,-0.011276,-0.002713
447683200.000,ZR,handheld,水平,right,recording,充电口朝右,4,0.171045,0.266577,9.915472,-0.001585,-0.007853,-0.001042
447683210.000,ZR,handheld,水平,right,recording,充电口朝右,4,0.175568,0.256095,9.900535,0.009514,-0.006420,0.001294
447683220.000,ZR,handheld,水平,right,recording,充电口朝右,4,0.183914,0.216933,9.842360,0.014101,-0.003669,-0.000983
447683230.000,ZR,handheld,水平,right,recording,充电口朝右,4,0.204149,0.227632,9.782319,0.017708,0.004177,-0.001204
447683240.000,ZR,handheld,水平,right,recording,充电口朝右,4,0.179017,0.256101,9.721995,0.010518,0.007039,-0.001204
447683250.000,ZR,handheld,水平,right,recording,充电口朝右,4,0.160338,0.229207,9.677357,0.000389,-0.008880,0.000489
447683260.000,ZR,handheld,水平,right,recording,充电口朝右,4,0.168309,0.190558,9.681934,-0.009677,-0.022778,0.002118
447683270.000,ZR,handheld,水平,right,recording,充电口朝右,4,0.205059,0.184219,9.703652,-0.017303,-0.015679,0.002573
447683280.000,ZR,handheld,水平,right,recording,充电口朝右,4,0.194770,0.183917,9.788786,-0.018568,-0.006932,0.004679
447683290.000,ZR,handheld,水平,right,recording,充电口朝右,4,0.178963,0.160664,9.850760,-0.010886,-0.007352,0.009272
447683300.000,ZR,handheld,水平,right,recording,充电口朝右,4,0.196098,0.175295,9.859308,-0.005895,-0.002668,0.012915
447683310.000,ZR,handheld,水平,right,recording,充电口朝右,4,0.270352,0.174647,9.897892,0.001029,0.004028,0.008515
447683320.000,ZR,handheld,水平,right,recording,充电口朝右,4,0.280709,0.175676,9.884345,0.009493,0.005677,0.004412
447683330.000,ZR,handheld,水平,right,recording,充电口朝右,4,0.334898,0.183391,9.839208,0.014362,-0.000331,-0.002144
447683340.000,ZR,handheld,水平,right,recording,充电口朝右,4,0.351508,0.211757,9.786975,0.014270,-0.002335,-0.012068
447683350.000,ZR,handheld,水平,right,recording,充电口朝右,4,0.293631,0.209030,9.710109,0.010493,-0.005444,-0.016487
447683360.000,ZR,handheld,水平,right,recording,充电口朝右,4,0.228571,0.208826,9.686456,-0.000052,0.001198,-0.017715
447683370.000,ZR,handheld,水平,right,recording,充电口朝右,4,0.179221,0.206853,9.701182,-0.006016,0.003097,-0.015167
447683380.000,ZR,handheld,水平,right,recording,充电口朝右,4,0.165367,0.209274,9.735765,-0.008908,-0.000697,-0.008328
447683390.000,ZR,handheld,水平,right,recording,充电口朝右,4,0.164408,0.212751,9.755101,-0.010531,-0.005470,-0.003820
447683400.000,ZR,handheld,水平,right,recording,充电口朝右,4,0.206527,0.237732,9.806389,-0.007291,-0.003134,-0.001962
447683410.000,ZR,handheld,水平,right,recording,充电口朝右,4,0.225116,0.208448,9.828754,-0.004829,0.002085,-0.003626
447683420.000,ZR,handheld,水平,right,recording,充电口朝右,4,0.239266,0.217551,9.868769,0.003260,0.015240,-0.004443
447683430.000,ZR,handheld,水平,right,recording,充电口朝右,4,0.213291,0.195096,9.834840,0.006044,0.015311,-0.005498
447683440.000,ZR,handheld,水平,right,recording,充电口朝右,4,0.194309,0.180806,9.824308,0.005661,0.007381,-0.002671
447683450.000,ZR,handheld,水平,right,recording,充电口朝右,4,0.161753,0.181864,9.804090,0.001901,-0.000559,-0.000812
447683460.000,ZR,handheld,水平,right,recording,充电口朝右,4,0.153183,0.184717,9.799413,-0.003649,0.000948,0.002207
447683470.000,ZR,handheld,水平,right,recording,充电口朝右,4,0.158955,0.175426,9.842805,-0.006087,0.000258,0.005943
447683480.000,ZR,handheld,水平,right,recording,充电口朝右,4,0.205644,0.171428,9.868021,-0.006173,-0.004837,0.006249
447683490.000,ZR,handheld,水平,right,recording,充电口朝右,4,0.262456,0.204380,9.892046,-0.004569,-0.002154,0.002322
447683500.000,ZR,handheld,水平,right,recording,充电口朝右,4,0.272263,0.213613,9.929244,-0.001297,0.001533,-0.002102
447683510.000,ZR,handheld,水平,right,recording,充电口朝右,4,0.233083,0.219912,9.916006,0.003546,-0.005493,-0.003815
447683520.000,ZR,handheld,水平,right,recording,充电口朝右,4,0.210100,0.242256,9.898568,0.008486,-0.006140,-0.003018
447683530.000,ZR,handheld,水平,right,recording,充电口朝右,4,0.186147,0.219997,9.879969,0.012942,-0.003761,-0.001356
447683540.000,ZR,handheld,水平,right,recording,充电口朝右,4,0.181769,0.204671,9.857853,0.016336,0.000144,0.000817
447683550.000,ZR,handheld,水平,right,recording,充电口朝右,4,0.196042,0.226290,9.854735,0.019398,-0.000353,0.005010
447683560.000,ZR,handheld,水平,right,recording,充电口朝右,4,0.204901,0.221801,9.815495,0.020811,-0.007487,0.005395
447683570.000,ZR,handheld,水平,right,recording,充电口朝右,4,0.231825,0.230578,9.845786,0.022896,-0.007808,0.005207
447683580.000,ZR,handheld,水平,right,recording,充电口朝右,4,0.253150,0.218406,9.766433,0.020822,-0.011127,0.003459
447683590.000,ZR,handheld,水平,right,recording,充电口朝右,4,0.258716,0.259675,9.690830,0.012466,-0.016088,0.002508
447683600.000,ZR,handheld,水平,right,recording,充电口朝右,4,0.212434,0.234442,9.681949,0.001653,-0.013224,0.004020
447683610.000,ZR,handheld,水平,right,recording,充电口朝右,4,0.212728,0.185265,9.693758,-0.005306,-0.008944,0.007579
447683620.000,ZR,handheld,水平,right,recording,充电口朝右,4,0.204217,0.169200,9.731375,-0.008108,-0.005462,0.009586
447683630.000,ZR,handheld,水平,right,recording,充电口朝右,4,0.281210,0.188354,9.765159,-0.011447,-0.008614,0.008385
447683640.000,ZR,handheld,水平,right,recording,充电口朝右,4,0.320122,0.221956,9.810535,-0.010392,-0.015463,0.002812
447683650.000,ZR,handheld,水平,right,recording,充电口朝右,4,0.311396,0.204233,9.860364,-0.006370,-0.008435,-0.002080
447683660.000,ZR,handheld,水平,right,recording,充电口朝右,4,0.292312,0.205273,9.886042,0.001661,-0.004471,-0.007012
447683670.000,ZR,handheld,水平,right,recording,充电口朝右,4,0.231880,0.213248,9.853003,0.005663,-0.008501,-0.006406
447683680.000,ZR,handheld,水平,right,recording,充电口朝右,4,0.192439,0.173431,9.858143,0.012532,-0.010437,-0.002998
447683690.000,ZR,handheld,水平,right,recording,充电口朝右,4,0.225845,0.190993,9.847818,0.018553,-0.003812,-0.000698
447683700.000,ZR,handheld,水平,right,recording,充电口朝右,4,0.266417,0.230722,9.775228,0.022727,-0.001586,-0.001094
447683710.000,ZR,handheld,水平,right,recording,充电口朝右,4,0.315617,0.244271,9.753043,0.022336,0.007133,-0.003219
447683720.000,ZR,handheld,水平,right,recording,充电口朝右,4,0.301385,0.257611,9.728394,0.019973,0.011607,-0.007100
447683730.000,ZR,handheld,水平,right,recording,充电口朝右,4,0.301425,0.267799,9.709803,0.018331,0.008742,-0.014553
447683740.000,ZR,handheld,水平,right,recording,充电口朝右,4,0.254315,0.297993,9.675821,0.009818,0.007120,-0.019085
447683750.000,ZR,handheld,水平,right,recording,充电口朝右,4,0.164432,0.284431,9.622309,-0.003040,-0.007863,-0.016858
447683760.000,ZR,handheld,水平,right,recording,充电口朝右,4,0.115367,0.265602,9.620561,-0.017342,-0.017439,-0.010931
447683770.000,ZR,handheld,水平,right,recording,充电口朝右,4,0.121773,0.263705,9.690513,-0.026946,-0.012051,-0.003393
447683780.000,ZR,handheld,水平,right,recording,充电口朝右,4,0.145047,0.261422,9.739758,-0.031304,-0.010889,0.000259
447683790.000,ZR,handheld,水平,right,recording,充电口朝右,4,0.175825,0.248073,9.855568,-0.027677,-0.008388,0.003186
447683800.000,ZR,handheld,水平,right,recording,充电口朝右,4,0.225105,0.234341,9.923008,-0.016358,-0.014035,0.002255
447683810.000,ZR,handheld,水平,right,recording,充电口朝右,4,0.215646,0.215368,9.941297,-0.003548,-0.007382,0.001499
447683820.000,ZR,handheld,水平,right,recording,充电口朝右,4,0.228798,0.221945,9.925817,0.010945,0.003868,-0.001077
447683830.000,ZR,handheld,水平,right,recording,充电口朝右,4,0.204628,0.228194,9.896428,0.016348,0.022120,-0.000970
447683840.000,ZR,handheld,水平,right,recording,充电口朝右,4,0.145976,0.216511,9.835443,0.019594,0.024320,0.003311
447683850.000,ZR,handheld,水平,right,recording,充电口朝右,4,0.138464,0.219464,9.771255,0.015414,0.018365,0.009674
447683860.000,ZR,handheld,水平,right,recording,充电口朝右,4,0.151545,0.211805,9.732773,0.005848,0.013936,0.014829
447683870.000,ZR,handheld,水平,right,recording,充电口朝右,4,0.193744,0.206693,9.694893,-0.004545,0.001000,0.017637
447683880.000,ZR,handheld,水平,right,recording,充电口朝右,4,0.267033,0.195680,9.709596,-0.016833,-0.006874,0.016255
447683890.000,ZR,handheld,水平,right,recording,充电口朝右,4,0.331944,0.208195,9.769056,-0.025327,-0.010922,0.011286
447683900.000,ZR,handheld,水平,right,recording,充电口朝右,4,0.395472,0.227073,9.862309,-0.022302,-0.014837,0.003926
447683910.000,ZR,handheld,水平,right,recording,充电口朝右,4,0.387750,0.215184,9.958549,-0.010738,-0.008825,-0.003032
447683920.000,ZR,handheld,水平,right,recording,充电口朝右,4,0.347328,0.188470,10.003725,0.004665,0.005692,-0.009606
447683930.000,ZR,handheld,水平,right,recording,充电口朝右,4,0.255765,0.189921,9.943316,0.017224,0.012460,-0.007453
447683940.000,ZR,handheld,水平,right,recording,充电口朝右,4,0.187406,0.176792,9.875032,0.020941,0.016554,-0.001611
447683950.000,ZR,handheld,水平,right,recording,充电口朝右,4,0.168103,0.164430,9.822952,0.019588,0.018725,0.003042
447683960.000,ZR,handheld,水平,right,recording,充电口朝右,4,0.179423,0.187656,9.805563,0.013210,0.003500,0.004402
447683970.000,ZR,handheld,水平,right,recording,充电口朝右,4,0.227843,0.218821,9.793476,0.005573,-0.008364,0.001989
447683980.000,ZR,handheld,水平,right,recording,充电口朝右,4,0.253660,0.232407,9.831129,0.002300,-0.015371,-0.001821
447683990.000,ZR,handheld,水平,right,recording,充电口朝右,4,0.237671,0.244838,9.820874,0.001522,-0.014809,-0.006984
447684000.000,ZR,handheld,水平,right,recording,充电口朝右,4,0.204889,0.262650,9.834521,0.003407,-0.007631,-0.007718
447684010.000,ZR,handheld,水平,right,recording,充电口朝右,4,0.180270,0.266427,9.805266,0.006782,-0.010242,-0.005728
447684020.000,ZR,handheld,水平,right,recording,充电口朝右,4,0.161140,0.245050,9.774680,0.006957,-0.003751,-0.002478
447684030.000,ZR,handheld,水平,right,recording,充电口朝右,4,0.152064,0.237651,9.793874,0.007671,0.001924,0.001111
447684040.000,ZR,handheld,水平,right,recording,充电口朝右,4,0.167953,0.227401,9.732808,0.001232,-0.001764,0.005241
447684050.000,ZR,handheld,水平,right,recording,充电口朝右,4,0.199167,0.216267,9.738851,-0.006014,-0.004977,0.008326
447684060.000,ZR,handheld,水平,right,recording,充电口朝右,4,0.254956,0.209383,9.735784,-0.008459,-0.011209,0.006827
447684070.000,ZR,handheld,水平,right,recording,充电口朝右,4,0.264846,0.208335,9.768276,-0.011258,-0.009015,0.004142
447684080.000,ZR,handheld,水平,right,recording,充电口朝右,4,0.294079,0.205702,9.785707,-0.008990,-0.010201,0.001931
447684090.000,ZR,handheld,水平,right,recording,充电口朝右,4,0.313759,0.199191,9.815865,-0.001453,-0.010479,-0.001306
447684100.000,ZR,handheld,水平,right,recording,充电口朝右,4,0.301967,0.199871,9.839152,0.006315,0.002181,-0.006666
447684110.000,ZR,handheld,水平,right,recording,充电口朝右,4,0.241815,0.183091,9.810366,0.010385,0.013646,-0.006845
447684120.000,ZR,handheld,水平,right,recording,充电口朝右,4,0.215050,0.188111,9.760578,0.010615,0.011246,-0.002996
447684130.000,ZR,handheld,水平,right,recording,充电口朝右,4,0.253552,0.233632,9.732184,0.006526,0.013494,-0.001617
447684140.000,ZR,handheld,水平,right,recording,充电口朝右,4,0.262720,0.260649,9.723278,0.000687,0.010298,-0.002541
447684150.000,ZR,handheld,水平,right,recording,充电口朝右,4,0.277097,0.250121,9.705231,-0.005290,0.008879,-0.005429
447684160.000,ZR,handheld,水平,right,recording,充电口朝右,4,0.242296,0.252722,9.727130,-0.009754,0.008301,-0.007813
447684170.000,ZR,handheld,水平,right,recording,充电口朝右,4,0.218582,0.253998,9.717277,-0.016253,0.004439,-0.009420
447684180.000,ZR,handheld,水平,right,recording,充电口朝右,4,0.186249,0.240943,9.768115,-0.019990,0.003022,-0.008457
447684190.000,ZR,handheld,水平,right,recording,充电口朝右,4,0.169694,0.233285,9.810532,-0.017164,-0.002150,-0.005939
447684200.000,ZR,handheld,水平,right,recording,充电口朝右,4,0.134053,0.207815,9.842413,-0.012906,-0.001306,-0.002591
447684210.000,ZR,handheld,水平,right,recording,充电口朝右,4,0.126678,0.193075,9.844849,-0.007321,0.006632,0.001674
447684220.000,ZR,handheld,水平,right,recording,充电口朝右,4,0.131749,0.236121,9.818640,-0.007043,0.007973,0.007813
447684230.000,ZR,handheld,水平,right,recording,充电口朝右,4,0.166160,0.245693,9.829112,-0.007786,0.011540,0.011720
447684240.000,ZR,handheld,水平,right,recording,充电口朝右,4,0.201097,0.233779,9.846241,-0.006016,0.018826,0.011772
447684250.000,ZR,handheld,水平,right,recording,充电口朝右,4,0.231131,0.203073,9.832105,-0.005339,0.019630,0.010133
447684260.000,ZR,handheld,水平,right,recording,充电口朝右,4,0.236969,0.229248,9.836834,-0.007572,0.015638,0.007983
447684270.000,ZR,handheld,水平,right,recording,充电口朝右,4,0.231432,0.194027,9.805113,-0.011845,-0.003269,0.007337
447684280.000,ZR,handheld,水平,right,recording,充电口朝右,4,0.251456,0.184966,9.826177,-0.015300,-0.000095,0.003737
447684290.000,ZR,handheld,水平,right,recording,充电口朝右,4,0.244533,0.181010,9.849650,-0.016000,0.001709,0.001125
447684300.000,ZR,handheld,水平,right,recording,充电口朝右,4,0.223033,0.197693,9.872225,-0.015625,-0.000103,0.002154
447684310.000,ZR,handheld,水平,right,recording,充电口朝右,4,0.205539,0.154795,9.916611,-0.007580,0.000727,0.005044
447684320.000,ZR,handheld,水平,right,recording,充电口朝右,4,0.222338,0.150243,9.929861,0.003136,0.003797,0.005746
447684330.000,ZR,handheld,水平,right,recording,充电口朝右,4,0.253754,0.182679,9.902857,0.007711,0.012367,0.005336
447684340.000,ZR,handheld,水平,right,recording,充电口朝右,4,0.299593,0.177777,9.875475,0.016581,0.008790,0.002837
447684350.000,ZR,handheld,水平,right,recording,充电口朝右,4,0.311666,0.189075,9.819818,0.019118,0.001101,-0.001114
447684360.000,ZR,handheld,水平,right,recording,充电口朝右,4,0.330125,0.218044,9.774312,0.015328,0.008460,-0.007770
447684370.000,ZR,handheld,水平,right,recording,充电口朝右,4,0.307906,0.214981,9.714511,0.006718,0.003214,-0.014206
447684380.000,ZR,handheld,水平,right,recording,充电口朝右,4,0.249169,0.204556,9.657021,-0.003448,-0.004420,-0.015110
447684390.000,ZR,handheld,水平,right,recording,充电口朝右,4,0.202877,0.214672,9.653427,-0.016542,-0.005494,-0.014444
447684400.000,ZR,handheld,水平,right,recording,充电口朝右,4,0.194957,0.217628,9.679689,-0.029821,-0.011618,-0.012282
447684410.000,ZR,handheld,水平,right,recording,充电口朝右,4,0.167989,0.225321,9.740795,-0.037178,-0.010873,-0.009800
447684420.000,ZR,handheld,水平,right,recording,充电口朝右,4,0.138714,0.199449,9.838295,-0.038464,-0.008621,-0.007395
447684430.000,ZR,handheld,水平,right,recording,充电口朝右,4,0.106419,0.177176,9.931925,-0.031039,-0.000895,-0.001878
447684440.000,ZR,handheld,水平,right,recording,充电口朝右,4,0.143873,0.173982,9.997522,-0.018315,-0.004213,0.000771
447684450.000,ZR,handheld,水平,right,recording,充电口朝右,4,0.178503,0.200570,10.013089,-0.003656,-0.004590,0.002628
447684460.000,ZR,handheld,水平,right,recording,充电口朝右,4,0.206481,0.198650,9.994429,0.010260,0.001873,0.001345
447684470.000,ZR,handheld,水平,right,recording,充电口朝右,4,0.184547,0.184209,9.896873,0.017434,0.000734,0.003421
447684480.000,ZR,handheld,水平,right,recording,充电口朝右,4,0.169205,0.192989,9.809679,0.017634,0.000430,0.005807
447684490.000,ZR,handheld,水平,right,recording,充电口朝右,4,0.184160,0.186967,9.748554,0.011202,-0.007618,0.008634
447684500.000,ZR,handheld,水平,right,recording,充电口朝右,4,0.224967,0.177471,9.696364,0.001894,-0.003785,0.008286
447684510.000,ZR,handheld,水平,right,recording,充电口朝右,4,0.262111,0.195857,9.730624,-0.003505,-0.002958,0.005556
447684520.000,ZR,handheld,水平,right,recording,充电口朝右,4,0.328958,0.220359,9.751109,-0.004787,-0.012095,0.000777
447684530.000,ZR,handheld,水平,right,recording,充电口朝右,4,0.331632,0.235443,9.785343,-0.004173,-0.005048,-0.003688
447684540.000,ZR,handheld,水平,right,recording,充电口朝右,4,0.357840,0.261017,9.800346,-0.001200,-0.001772,-0.010311
447684550.000,ZR,handheld,水平,right,recording,充电口朝右,4,0.277107,0.282964,9.749969,-0.000228,-0.003728,-0.016191
447684560.000,ZR,handheld,水平,right,recording,充电口朝右,4,0.222384,0.268087,9.704324,-0.001897,-0.003447,-0.015311
447684570.000,ZR,handheld,水平,right,recording,充电口朝右,4,0.152237,0.255353,9.704028,-0.007376,-0.000653,-0.010890
447684580.000,ZR,handheld,水平,right,recording,充电口朝右,4,0.108634,0.243797,9.662391,-0.016810,-0.004450,-0.003805
447684590.000,ZR,handheld,水平,right,recording,充电口朝右,4,0.110388,0.241220,9.701771,-0.023913,-0.003597,0.001471
447684600.000,ZR,handheld,水平,right,recording,充电口朝右,4,0.136455,0.213726,9.767019,-0.026331,-0.001280,0.006728
447684610.000,ZR,handheld,水平,right,recording,充电口朝右,4,0.128535,0.180757,9.804426,-0.027728,0.000777,0.011510
447684620.000,ZR,handheld,水平,right,recording,充电口朝右,4,0.189961,0.187374,9.870869,-0.024472,-0.008085,0.012624
447684630.000,ZR,handheld,水平,right,recording,充电口朝右,4,0.243360,0.188513,9.932640,-0.017257,-0.012230,0.008345
447684640.000,ZR,handheld,水平,right,recording,充电口朝右,4,0.256829,0.191205,9.956088,-0.009718,-0.002941,0.003760
447684650.000,ZR,handheld,水平,right,recording,充电口朝右,4,0.238605,0.191941,9.936849,-0.003248,-0.000981,0.000044
447684660.000,ZR,handheld,水平,right,recording,充电口朝右,4,0.220614,0.157290,9.919256,0.002827,0.000636,-0.001006
447684670.000,ZR,handheld,水平,right,recording,充电口朝右,4,0.186098,0.148484,9.907772,0.008323,0.002281,-0.001225
447684680.000,ZR,handheld,水平,right,recording,充电口朝右,4,0.206368,0.136971,9.881614,0.010547,0.000467,-0.000943
447684690.000,ZR,handheld,水平,right,recording,充电口朝右,4,0.187226,0.161138,9.825265,0.009546,-0.000585,-0.000264
447684700.000,ZR,handheld,水平,right,recording,充电口朝右,4,0.156235,0.158564,9.826676,0.008226,0.005713,0.003160
447684710.000,ZR,handheld,水平,right,recording,充电口朝右,4,0.159929,0.156133,9.801797,0.007374,-0.000005,0.007750
447684720.000,ZR,handheld,水平,right,recording,充电口朝右,4,0.154674,0.177167,9.812647,0.005454,-0.003587,0.014044
447684730.000,ZR,handheld,水平,right,recording,充电口朝右,4,0.210944,0.205440,9.803611,0.004728,-0.004557,0.015083
447684740.000,ZR,handheld,水平,right,recording,充电口朝右,4,0.252933,0.186906,9.808284,0.001553,-0.005927,0.012772
447684750.000,ZR,handheld,水平,right,recording,充电口朝右,4,0.305246,0.172989,9.798543,-0.001657,-0.008606,0.006189
447684760.000,ZR,handheld,水平,right,recording,充电口朝右,4,0.321895,0.194439,9.798785,-0.005164,-0.019170,-0.001228
447684770.000,ZR,handheld,水平,right,recording,充电口朝右,4,0.303679,0.156560,9.802420,-0.009274,-0.025205,-0.004773
447684780.000,ZR,handheld,水平,right,recording,充电口朝右,4,0.287756,0.154125,9.812230,-0.008219,-0.025894,-0.007381
447684790.000,ZR,handheld,水平,right,recording,充电口朝右,4,0.278489,0.141650,9.804289,-0.006124,-0.010680,-0.010105
447684800.000,ZR,handheld,水平,right,recording,充电口朝右,4,0.255436,0.170001,9.793582,-0.001897,-0.005551,-0.009117
447684810.000,ZR,handheld,水平,right,recording,充电口朝右,4,0.206617,0.170905,9.792259,0.000204,-0.000444,-0.006962
447684820.000,ZR,handheld,水平,right,recording,充电口朝右,4,0.183166,0.183282,9.805089,0.000573,0.001423,-0.003904
447684830.000,ZR,handheld,水平,right,recording,充电口朝右,4,0.189921,0.208521,9.789493,-0.001153,0.001884,-0.001893
447684840.000,ZR,handheld,水平,right,recording,充电口朝右,4,0.204686,0.219597,9.805119,-0.002646,-0.002886,-0.003303
447684850.000,ZR,handheld,水平,right,recording,充电口朝右,4,0.210686,0.220166,9.817491,-0.004409,-0.009745,-0.005470
447684860.000,ZR,handheld,水平,right,recording,充电口朝右,4,0.155410,0.190167,9.802672,-0.006159,-0.012130,-0.003545
447684870.000,ZR,handheld,水平,right,recording,充电口朝右,4,0.124738,0.193764,9.786422,-0.010097,-0.016757,0.000823
447684880.000,ZR,handheld,水平,right,recording,充电口朝右,4,0.124130,0.183847,9.757169,-0.014573,-0.017804,0.007414
447684890.000,ZR,handheld,水平,right,recording,充电口朝右,4,0.164876,0.170018,9.772112,-0.019407,-0.005988,0.012764
447684900.000,ZR,handheld,水平,right,recording,充电口朝右,4,0.209779,0.176213,9.834578,-0.015972,-0.005640,0.014360
447684910.000,ZR,handheld,水平,right,recording,充电口朝右,4,0.263883,0.156969,9.890694,-0.009058,-0.011061,0.013230
447684920.000,ZR,handheld,水平,right,recording,充电口朝右,4,0.334471,0.160567,9.909673,0.001491,-0.012125,0.008767
447684930.000,ZR,handheld,水平,right,recording,充电口朝右,4,0.382456,0.194119,9.905091,0.011416,-0.007008,-0.000529
447684940.000,ZR,handheld,水平,right,recording,充电口朝右,4,0.378193,0.206678,9.849339,0.015707,-0.006377,-0.009555
447684950.000,ZR,handheld,水平,right,recording,充电口朝右,4,0.285093,0.222592,9.801763,0.015549,-0.004694,-0.014168
447684960.000,ZR,handheld,水平,right,recording,充电口朝右,4,0.218706,0.200693,9.751585,0.011133,-0.009150,-0.013897
447684970.000,ZR,handheld,水平,right,recording,充电口朝右,4,0.146455,0.182918,9.767637,0.007014,-0.001511,-0.010374
447684980.000,ZR,handheld,水平,right,recording,充电口朝右,4,0.140893,0.192865,9.757202,0.002984,-0.000043,-0.004079
447684990.000,ZR,handheld,水平,right,recording,充电口朝右,4,0.143614,0.179408,9.810197,0.000220,-0.002316,0.000697
447685000.000,ZR,handheld,水平,right,recording,充电口朝右,4,0.190269,0.182040,9.833800,0.002009,-0.007952,0.001950
447685010.000,ZR,handheld,水平,right,recording,充电口朝右,4,0.213754,0.196239,9.875202,0.007359,-0.013487,0.001264
447685020.000,ZR,handheld,水平,right,recording,充电口朝右,4,0.219072,0.199875,9.841239,0.012052,-0.014338,0.001795
447685030.000,ZR,handheld,水平,right,recording,充电口朝右,4,0.218780,0.208529,9.819301,0.015389,-0.006932,0.002107
447685040.000,ZR,handheld,水平,right,recording,充电口朝右,4,0.234863,0.223018,9.771816,0.012137,0.000763,0.002995
447685050.000,ZR,handheld,水平,right,recording,充电口朝右,4,0.232682,0.191828,9.749877,0.006649,0.002583,0.004768
447685060.000,ZR,handheld,水平,right,recording,充电口朝右,4,0.223418,0.192997,9.758134,0.002846,-0.002555,0.006992
447685070.000,ZR,handheld,水平,right,recording,充电口朝右,4,0.227056,0.202058,9.760360,-0.003538,-0.005354,0.007333
447685080.000,ZR,handheld,水平,right,recording,充电口朝右,4,0.237008,0.198101,9.780973,-0.006147,-0.007935,0.007330
447685090.000,ZR,handheld,水平,right,recording,充电口朝右,4,0.238782,0.175705,9.785541,-0.005580,-0.003467,0.009362
447685100.000,ZR,handheld,水平,right,recording,充电口朝右,4,0.259477,0.190205,9.805293,-0.006918,0.002506,0.007489
447685110.000,ZR,handheld,水平,right,recording,充电口朝右,4,0.263442,0.171351,9.794199,-0.008296,-0.004605,0.007137
447685120.000,ZR,handheld,水平,right,recording,充电口朝右,4,0.282495,0.179420,9.821890,-0.010640,-0.014042,0.005185
447685130.000,ZR,handheld,水平,right,recording,充电口朝右,4,0.279874,0.190632,9.819262,-0.012197,-0.018366,0.002783
447685140.000,ZR,handheld,水平,right,recording,充电口朝右,4,0.282124,0.177482,9.847963,-0.011822,-0.011833,0.001735
447685150.000,ZR,handheld,水平,right,recording,充电口朝右,4,0.247671,0.198742,9.832018,-0.011549,-0.004043,0.004217
447685160.000,ZR,handheld,水平,right,recording,充电口朝右,4,0.225120,0.190879,9.853131,-0.010624,-0.009082,0.006759
447685170.000,ZR,handheld,水平,right,recording,充电口朝右,4,0.211803,0.191649,9.879106,-0.008181,-0.012968,0.009499
447685180.000,ZR,handheld,水平,right,recording,充电口朝右,4,0.240652,0.177043,9.874990,-0.006487,-0.008890,0.011567
447685190.000,ZR,handheld,水平,right,recording,充电口朝右,4,0.259167,0.194849,9.885182,-0.003783,-0.009007,0.010663
447685200.000,ZR,handheld,水平,right,recording,充电口朝右,4,0.297086,0.202157,9.888874,0.000298,-0.010190,0.006605
447685210.000,ZR,handheld,水平,right,recording,充电口朝右,4,0.288754,0.179741,9.890779,0.005010,-0.013164,0.003529
447685220.000,ZR,handheld,水平,right,recording,充电口朝右,4,0.261867,0.194331,9.841762,0.011174,-0.019983,0.003136
447685230.000,ZR,handheld,水平,right,recording,充电口朝右,4,0.233708,0.193852,9.783043,0.013186,-0.021655,0.003433
447685240.000,ZR,handheld,水平,right,recording,充电口朝右,4,0.186541,0.185070,9.715771,0.010520,-0.020436,0.008220
447685250.000,ZR,handheld,水平,right,recording,充电口朝右,4,0.200296,0.223792,9.689885,0.003342,-0.011720,0.012439
447685260.000,ZR,handheld,水平,right,recording,充电口朝右,4,0.226037,0.237029,9.652885,-0.004088,-0.006643,0.015074
447685270.000,ZR,handheld,水平,right,recording,充电口朝右,4,0.248003,0.235626,9.661381,-0.009734,-0.008554,0.013735
447685280.000,ZR,handheld,水平,right,recording,充电口朝右,4,0.280639,0.202872,9.710622,-0.011806,-0.010488,0.010383
447685290.000,ZR,handheld,水平,right,recording,充电口朝右,4,0.272517,0.201334,9.719952,-0.014862,-0.011449,0.009397
447685300.000,ZR,handheld,水平,right,recording,充电口朝右,4,0.270815,0.193644,9.778135,-0.011756,-0.011449,0.008833
447685310.000,ZR,handheld,水平,right,recording,充电口朝右,4,0.254228,0.173512,9.797589,-0.005534,-0.006854,0.011336
447685320.000,ZR,handheld,水平,right,recording,充电口朝右,4,0.265148,0.174133,9.802494,0.002042,0.001396,0.013148
447685330.000,ZR,handheld,水平,right,recording,充电口朝右,4,0.303003,0.194022,9.761541,0.008426,0.008328,0.012037
447685340.000,ZR,handheld,水平,right,recording,充电口朝右,4,0.332573,0.202312,9.720827,0.009813,0.019390,0.008311
447685350.000,ZR,handheld,水平,right,recording,充电口朝右,4,0.308435,0.199174,9.674654,0.005182,0.022554,0.005060
447685360.000,ZR,handheld,水平,right,recording,充电口朝右,4,0.273006,0.186768,9.609503,-0.007686,0.017870,0.002561
447685370.000,ZR,handheld,水平,right,recording,充电口朝右,4,0.283675,0.186362,9.651588,-0.019551,0.013800,-0.000993
447685380.000,ZR,handheld,水平,right,recording,充电口朝右,4,0.303388,0.196834,9.721212,-0.029287,0.006249,-0.004877
447685390.000,ZR,handheld,水平,right,recording,充电口朝右,4,0.313829,0.197613,9.785611,-0.034390,-0.000260,-0.008862
447685400.000,ZR,handheld,水平,right,recording,充电口朝右,4,0.244653,0.176824,9.876438,-0.031323,-0.008968,-0.010406
447685410.000,ZR,handheld,水平,right,recording,充电口朝右,4,0.190003,0.147236,9.911225,-0.023509,-0.013441,-0.008468
447685420.000,ZR,handheld,水平,right,recording,充电口朝右,4,0.173631,0.152688,9.948120,-0.016312,-0.009521,-0.004227
447685430.000,ZR,handheld,水平,right,recording,充电口朝右,4,0.185215,0.157771,9.979729,-0.005444,0.001644,-0.001672
447685440.000,ZR,handheld,水平,right,recording,充电口朝右,4,0.171732,0.145298,9.986567,0.006120,0.015466,0.001054
447685450.000,ZR,handheld,水平,right,recording,充电口朝右,4,0.168752,0.176012,9.945239,0.014000,0.023039,0.004759
447685460.000,ZR,handheld,水平,right,recording,充电口朝右,4,0.181066,0.186041,9.897189,0.015670,0.012279,0.007514
447685470.000,ZR,handheld,水平,right,recording,充电口朝右,4,0.189246,0.184582,9.852934,0.010758,-0.000958,0.008476
447685480.000,ZR,handheld,水平,right,recording,充电口朝右,4,0.216412,0.174067,9.868893,0.007607,-0.000336,0.008080
447685490.000,ZR,handheld,水平,right,recording,充电口朝右,4,0.216612,0.186495,9.834959,0.004426,-0.000272,0.009423
447685500.000,ZR,handheld,水平,right,recording,充电口朝右,4,0.208491,0.146724,9.834352,-0.000194,-0.008016,0.011597
447685510.000,ZR,handheld,水平,right,recording,充电口朝右,4,0.232624,0.131697,9.828885,-0.002153,-0.008619,0.012644
447685520.000,ZR,handheld,水平,right,recording,充电口朝右,4,0.300760,0.139853,9.848937,-0.003616,-0.004044,0.010898
447685530.000,ZR,handheld,水平,right,recording,充电口朝右,4,0.314474,0.162293,9.873811,-0.001067,-0.008301,0.007167
447685540.000,ZR,handheld,水平,right,recording,充电口朝右,4,0.311577,0.140358,9.902031,0.005714,-0.013382,0.005749
447685550.000,ZR,handheld,水平,right,recording,充电口朝右,4,0.293300,0.120288,9.842088,0.011453,-0.017746,0.006267
447685560.000,ZR,handheld,水平,right,recording,充电口朝右,4,0.283482,0.104077,9.827683,0.016175,-0.008799,0.008284
447685570.000,ZR,handheld,水平,right,recording,充电口朝右,4,0.304404,0.107029,9.741830,0.017117,-0.003387,0.008990
447685580.000,ZR,handheld,水平,right,recording,充电口朝右,4,0.375731,0.152851,9.704602,0.013264,0.001918,0.004011
447685590.000,ZR,handheld,水平,right,recording,充电口朝右,4,0.416185,0.170039,9.670805,0.005232,0.006138,-0.003295
447685600.000,ZR,handheld,水平,right,recording,充电口朝右,4,0.394387,0.169851,9.643623,-0.004044,0.007596,-0.013731
447685610.000,ZR,handheld,水平,right,recording,充电口朝右,4,0.346618,0.171162,9.633447,-0.014985,0.004441,-0.021483
447685620.000,ZR,handheld,水平,right,recording,充电口朝右,4,0.305248,0.195233,9.641498,-0.027537,-0.012014,-0.025893
447685630.000,ZR,handheld,水平,right,recording,充电口朝右,4,0.239735,0.203784,9.707048,-0.037175,-0.016127,-0.027419
447685640.000,ZR,handheld,水平,right,recording,充电口朝右,4,0.166850,0.171306,9.804487,-0.036132,-0.006046,-0.022848
447685650.000,ZR,handheld,水平,right,recording,充电口朝右,4,0.087192,0.182726,9.875618,-0.029752,0.000703,-0.013670
447685660.000,ZR,handheld,水平,right,recording,充电口朝右,4,0.067930,0.168218,9.931900,-0.015346,-0.002818,-0.001002
447685670.000,ZR,handheld,水平,right,recording,充电口朝右,4,0.062172,0.164510,9.943377,-0.004466,-0.000425,0.010788
447685680.000,ZR,handheld,水平,right,recording,充电口朝右,4,0.169607,0.153919,9.891984,0.005026,0.006674,0.016809
447685690.000,ZR,handheld,水平,right,recording,充电口朝右,4,0.271038,0.172635,9.852919,0.006944,0.014798,0.015437
447685700.000,ZR,handheld,水平,right,recording,充电口朝右,4,0.323858,0.157645,9.780900,0.007734,0.002398,0.009369
447685710.000,ZR,handheld,水平,right,recording,充电口朝右,4,0.377124,0.182470,9.727476,0.001995,-0.003985,0.001026
447685720.000,ZR,handheld,水平,right,recording,充电口朝右,4,0.316725,0.194139,9.706184,-0.005169,-0.003635,-0.003888
447685730.000,ZR,handheld,水平,right,recording,充电口朝右,4,0.294124,0.163860,9.717806,-0.011235,0.003213,-0.006053
447685740.000,ZR,handheld,水平,right,recording,充电口朝右,4,0.289667,0.181815,9.730222,-0.014958,0.010096,-0.007180
447685750.000,ZR,handheld,水平,right,recording,充电口朝右,4,0.255652,0.188223,9.754188,-0.017677,0.007092,-0.005580
447685760.000,ZR,handheld,水平,right,recording,充电口朝右,4,0.234758,0.173311,9.812107,-0.016364,-0.000988,-0.001682
447685770.000,ZR,handheld,水平,right,recording,充电口朝右,4,0.231851,0.166708,9.833035,-0.012396,-0.001874,-0.000403
447685780.000,ZR,handheld,水平,right,recording,充电口朝右,4,0.231488,0.186136,9.855364,-0.006574,0.002535,-0.001183
447685790.000,ZR,handheld,水平,right,recording,充电口朝右,4,0.220455,0.176123,9.871226,-0.000289,0.005529,-0.000421
447685800.000,ZR,handheld,水平,right,recording,充电口朝右,4,0.211107,0.165955,9.847252,0.003225,0.006875,0.003323
447685810.000,ZR,handheld,水平,right,recording,充电口朝右,4,0.193321,0.169583,9.826624,0.005287,0.000805,0.005763
447685820.000,ZR,handheld,水平,right,recording,充电口朝右,4,0.203714,0.152304,9.797369,-0.000040,0.005838,0.006795
447685830.000,ZR,handheld,水平,right,recording,充电口朝右,4,0.219096,0.154065,9.804117,-0.001453,0.015308,0.006398
447685840.000,ZR,handheld,水平,right,recording,充电口朝右,4,0.226660,0.174128,9.800938,-0.001262,0.013347,0.006378
447685850.000,ZR,handheld,水平,right,recording,充电口朝右,4,0.230661,0.190151,9.788122,-0.003150,0.001836,0.005823
447685860.000,ZR,handheld,水平,right,recording,充电口朝右,4,0.238833,0.162807,9.796102,-0.002426,-0.000747,0.007238
447685870.000,ZR,handheld,水平,right,recording,充电口朝右,4,0.238167,0.157866,9.794255,-0.002904,0.008306,0.008611
447685880.000,ZR,handheld,水平,right,recording,充电口朝右,4,0.213616,0.162857,9.773179,-0.003150,0.008341,0.012580
447685890.000,ZR,handheld,水平,right,recording,充电口朝右,4,0.242879,0.158104,9.747109,-0.004010,0.000629,0.015672
447685900.000,ZR,handheld,水平,right,recording,充电口朝右,4,0.269814,0.131807,9.774384,-0.004755,0.008481,0.014775
447685910.000,ZR,handheld,水平,right,recording,充电口朝右,4,0.325103,0.113934,9.776125,-0.004659,0.010993,0.010535
447685920.000,ZR,handheld,水平,right,recording,充电口朝右,4,0.340268,0.138096,9.764436,-0.004605,0.006320,0.005267
447685930.000,ZR,handheld,水平,right,recording,充电口朝右,4,0.353404,0.150306,9.762379,-0.006491,0.004866,-0.000901
447685940.000,ZR,handheld,水平,right,recording,充电口朝右,4,0.298340,0.134597,9.762432,-0.006379,0.002653,-0.002254
447685950.000,ZR,handheld,水平,right,recording,充电口朝右,4,0.247888,0.141771,9.736115,-0.011423,0.008240,-0.003304
447685960.000,ZR,handheld,水平,right,recording,充电口朝右,4,0.241170,0.147579,9.772829,-0.016577,0.017929,-0.002539
447685970.000,ZR,handheld,水平,right,recording,充电口朝右,4,0.209386,0.126132,9.805835,-0.019145,0.008960,-0.003056
447685980.000,ZR,handheld,水平,right,recording,充电口朝右,4,0.207221,0.147546,9.896004,-0.015321,0.010339,-0.003061
447685990.000,ZR,handheld,水平,right,recording,充电口朝右,4,0.166533,0.129529,9.952204,-0.006631,0.010812,-0.001985
447686000.000,ZR,handheld,水平,right,recording,充电口朝右,4,0.127644,0.094142,9.960294,0.002175,0.003397,0.003640
447686010.000,ZR,handheld,水平,right,recording,充电口朝右,4,0.143665,0.080134,9.934651,0.009823,0.006791,0.009116
447686020.000,ZR,handheld,水平,right,recording,充电口朝右,4,0.176723,0.079953,9.906438,0.015681,0.007691,0.012355
447686030.000,ZR,handheld,水平,right,recording,充电口朝右,4,0.252272,0.114441,9.838367,0.017463,0.009994,0.012024
447686040.000,ZR,handheld,水平,right,recording,充电口朝右,4,0.330105,0.135747,9.774485,0.012391,0.008619,0.005156
447686050.000,ZR,handheld,水平,right,recording,充电口朝右,4,0.342339,0.131570,9.717677,0.001427,0.001494,-0.001712
447686060.000,ZR,handheld,水平,right,recording,充电口朝右,4,0.322188,0.125162,9.711200,-0.006619,-0.005913,-0.007381
447686070.000,ZR,handheld,水平,right,recording,充电口朝右,4,0.252759,0.114631,9.689531,-0.016153,-0.010386,-0.009793
447686080.000,ZR,handheld,水平,right,recording,充电口朝右,4,0.211541,0.099050,9.717506,-0.025279,-0.011821,-0.010479
447686090.000,ZR,handheld,水平,right,recording,充电口朝右,4,0.246223,0.106966,9.859467,-0.017951,-0.006599,-0.008912
447686100.000,ZR,handheld,水平,right,recording,充电口朝右,4,0.262366,0.125115,9.924188,-0.002768,-0.002355,-0.008767
447686110.000,ZR,handheld,水平,right,recording,充电口朝右,4,0.273668,0.152728,9.924373,0.013957,0.007488,-0.009116
447686120.000,ZR,handheld,水平,right,recording,充电口朝右,4,0.283529,0.173680,9.834847,0.025504,0.012667,-0.011381
447686130.000,ZR,handheld,水平,right,recording,充电口朝右,4,0.232822,0.188482,9.730592,0.021854,0.019932,-0.011420
447686140.000,ZR,handheld,水平,right,recording,充电口朝右,4,0.188955,0.178469,9.641285,0.012203,0.019614,-0.010302
447686150.000,ZR,handheld,水平,right,recording,充电口朝右,4,0.129405,0.183583,9.632800,-0.001428,0.019416,-0.007051
447686160.000,ZR,handheld,水平,right,recording,充电口朝右,4,0.128496,0.177248,9.645746,-0.018439,0.012510,-0.002567
447686170.000,ZR,handheld,水平,right,recording,充电口朝右,4,0.175879,0.208485,9.722950,-0.030317,-0.000295,-0.001879
447686180.000,ZR,handheld,水平,right,recording,充电口朝右,4,0.228466,0.177628,9.807100,-0.036371,-0.008798,-0.005554
447686190.000,ZR,handheld,水平,right,recording,充电口朝右,4,0.236578,0.168972,9.930730,-0.030918,-0.009152,-0.007698
447686200.000,ZR,handheld,水平,right,recording,充电口朝右,4,0.222728,0.133200,9.978155,-0.018109,-0.000780,-0.009370
447686210.000,ZR,handheld,水平,right,recording,充电口朝右,4,0.187398,0.136032,10.008077,-0.003820,0.007051,-0.007084
447686220.000,ZR,handheld,水平,right,recording,充电口朝右,4,0.160801,0.102557,9.981413,0.009030,0.008260,-0.002516
447686230.000,ZR,handheld,水平,right,recording,充电口朝右,4,0.164400,0.089838,9.955212,0.019904,0.006072,0.000659
447686240.000,ZR,handheld,水平,right,recording,充电口朝右,4,0.198700,0.112878,9.917742,0.026271,0.009619,0.002567
447686250.000,ZR,handheld,水平,right,recording,充电口朝右,4,0.223912,0.131934,9.842943,0.027526,0.006396,0.000973
447686260.000,ZR,handheld,水平,right,recording,充电口朝右,4,0.247676,0.134347,9.831332,0.024330,0.010353,-0.001197
447686270.000,ZR,handheld,水平,right,recording,充电口朝右,4,0.260287,0.127269,9.812902,0.019274,0.010019,-0.005032
447686280.000,ZR,handheld,水平,right,recording,充电口朝右,4,0.232600,0.148365,9.769130,0.015264,0.000772,-0.007805
447686290.000,ZR,handheld,水平,right,recording,充电口朝右,4,0.169214,0.136158,9.718860,0.004351,-0.011439,-0.004363
447686300.000,ZR,handheld,水平,right,recording,充电口朝右,4,0.165388,0.136257,9.738910,-0.003213,-0.013109,-0.000343
447686310.000,ZR,handheld,水平,right,recording,充电口朝右,4,0.221157,0.160200,9.807634,-0.005405,-0.009872,0.001754
447686320.000,ZR,handheld,水平,right,recording,充电口朝右,4,0.271526,0.198039,9.830665,-0.002234,-0.013746,0.001004
447686330.000,ZR,handheld,水平,right,recording,充电口朝右,4,0.279131,0.161998,9.853271,0.003679,-0.008609,-0.000090
447686340.000,ZR,handheld,水平,right,recording,充电口朝右,4,0.302207,0.153807,9.878292,0.009785,0.007666,-0.002621
447686350.000,ZR,handheld,水平,right,recording,充电口朝右,4,0.293526,0.142217,9.870184,0.017056,0.011309,-0.006586
447686360.000,ZR,handheld,水平,right,recording,充电口朝右,4,0.279199,0.146231,9.845730,0.020182,0.015488,-0.009550
447686370.000,ZR,handheld,水平,right,recording,充电口朝右,4,0.215149,0.153493,9.786404,0.016654,0.011115,-0.009037
447686380.000,ZR,handheld,水平,right,recording,充电口朝右,4,0.196333,0.197957,9.744409,0.010727,-0.000142,-0.006630
447686390.000,ZR,handheld,水平,right,recording,充电口朝右,4,0.150455,0.189815,9.718301,0.001552,-0.003071,-0.002188
447686400.000,ZR,handheld,水平,right,recording,充电口朝右,4,0.150231,0.186112,9.709161,-0.006899,-0.006166,0.001516
447686410.000,ZR,handheld,水平,right,recording,充电口朝右,4,0.166010,0.186159,9.749280,-0.013195,-0.004003,0.005626
447686420.000,ZR,handheld,水平,right,recording,充电口朝右,4,0.199510,0.177195,9.807604,-0.011201,-0.007439,0.009421
447686430.000,ZR,handheld,水平,right,recording,充电口朝右,4,0.232453,0.189506,9.834336,-0.007185,-0.003630,0.010126
447686440.000,ZR,handheld,水平,right,recording,充电口朝右,4,0.260781,0.193848,9.872308,-0.000247,0.000259,0.006721
447686450.000,ZR,handheld,水平,right,recording,充电口朝右,4,0.276098,0.178084,9.896962,0.008051,0.008606,0.003702
447686460.000,ZR,handheld,水平,right,recording,充电口朝右,4,0.223747,0.162055,9.854607,0.013606,0.007405,0.003629
447686470.000,ZR,handheld,水平,right,recording,充电口朝右,4,0.186222,0.140874,9.803727,0.012125,0.000666,0.004962
447686480.000,ZR,handheld,水平,right,recording,充电口朝右,4,0.187137,0.158521,9.746872,0.006126,-0.006943,0.007147
447686490.000,ZR,handheld,水平,right,recording,充电口朝右,4,0.195562,0.128276,9.739680,-0.001224,-0.012163,0.007720
447686500.000,ZR,handheld,水平,right,recording,充电口朝右,4,0.230024,0.136485,9.727146,-0.008184,-0.009681,0.006866
447686510.000,ZR,handheld,水平,right,recording,充电口朝右,4,0.277892,0.120435,9.785437,-0.010997,-0.012552,0.004037
447686520.000,ZR,handheld,水平,right,recording,充电口朝右,4,0.302543,0.134163,9.855321,-0.003271,-0.005714,0.000608
447686530.000,ZR,handheld,水平,right,recording,充电口朝右,4,0.337669,0.153975,9.894898,0.005060,0.006430,-0.005132
447686540.000,ZR,handheld,水平,right,recording,充电口朝右,4,0.301527,0.181276,9.881687,0.014891,0.007440,-0.009223
447686550.000,ZR,handheld,水平,right,recording,充电口朝右,4,0.270218,0.165704,9.855344,0.021124,0.007982,-0.011425
447686560.000,ZR,handheld,水平,right,recording,充电口朝右,4,0.223928,0.176472,9.810720,0.022563,0.012262,-0.012976
447686570.000,ZR,handheld,水平,right,recording,充电口朝右,4,0.170835,0.197433,9.737248,0.018615,0.013079,-0.011531
447686580.000,ZR,handheld,水平,right,recording,充电口朝右,4,0.103107,0.168415,9.728453,0.012076,0.005606,-0.006085
447686590.000,ZR,handheld,水平,right,recording,充电口朝右,4,0.094005,0.185440,9.705249,0.002916,-0.000423,0.000549
447686600.000,ZR,handheld,水平,right,recording,充电口朝右,4,0.113978,0.171147,9.753408,-0.002953,-0.006724,0.008836
447686610.000,ZR,handheld,水平,right,recording,充电口朝右,4,0.160498,0.196500,9.780956,-0.004057,0.001468,0.011179
447686620.000,ZR,handheld,水平,right,recording,充电口朝右,4,0.189131,0.185451,9.834724,-0.002826,0.012020,0.011942
447686630.000,ZR,handheld,水平,right,recording,充电口朝右,4,0.213571,0.174230,9.820907,-0.002164,0.011988,0.010754
447686640.000,ZR,handheld,水平,right,recording,充电口朝右,4,0.225025,0.172160,9.822605,-0.001130,0.005226,0.008828
447686650.000,ZR,handheld,水平,right,recording,充电口朝右,4,0.227256,0.161800,9.822892,-0.000251,-0.001398,0.008185
447686660.000,ZR,handheld,水平,right,recording,充电口朝右,4,0.222591,0.144934,9.799235,-0.000654,-0.002640,0.007918
447686670.000,ZR,handheld,水平,right,recording,充电口朝右,4,0.254827,0.113580,9.809441,-0.000011,0.001998,0.005774
447686680.000,ZR,handheld,水平,right,recording,充电口朝右,4,0.274468,0.138755,9.830049,0.003342,0.003856,0.001766
447686690.000,ZR,handheld,水平,right,recording,充电口朝右,4,0.278199,0.113074,9.829203,0.006164,-0.001217,-0.001093
447686700.000,ZR,handheld,水平,right,recording,充电口朝右,4,0.295485,0.112269,9.853907,0.009464,0.005207,-0.002579
447686710.000,ZR,handheld,水平,right,recording,充电口朝右,4,0.268479,0.117776,9.854147,0.013015,0.008418,-0.005768
447686720.000,ZR,handheld,水平,right,recording,充电口朝右,4,0.271637,0.159547,9.832993,0.013176,0.007558,-0.008633
447686730.000,ZR,handheld,水平,right,recording,充电口朝右,4,0.214059,0.157787,9.797912,0.011635,0.001279,-0.009720
447686740.000,ZR,handheld,水平,right,recording,充电口朝右,4,0.162395,0.158405,9.772313,0.003970,0.000483,-0.006502
447686750.000,ZR,handheld,水平,right,recording,充电口朝右,4,0.125512,0.163893,9.769817,-0.001686,0.003126,-0.001205
447686760.000,ZR,handheld,水平,right,recording,充电口朝右,4,0.136235,0.174886,9.782796,-0.006190,0.005745,0.004740
447686770.000,ZR,handheld,水平,right,recording,充电口朝右,4,0.151974,0.194052,9.810087,-0.006465,0.001660,0.009755
447686780.000,ZR,handheld,水平,right,recording,充电口朝右,4,0.196659,0.186976,9.805183,-0.005917,0.000822,0.011479
447686790.000,ZR,handheld,水平,right,recording,充电口朝右,4,0.236898,0.147172,9.843108,-0.005070,0.004815,0.009564
447686800.000,ZR,handheld,水平,right,recording,充电口朝右,4,0.295215,0.168669,9.841326,-0.000364,0.006192,0.003024
447686810.000,ZR,handheld,水平,right,recording,充电口朝右,4,0.332736,0.206970,9.858179,0.002298,0.004394,-0.004417
447686820.000,ZR,handheld,水平,right,recording,充电口朝右,4,0.261520,0.169324,9.837289,0.002917,-0.002537,-0.008316
447686830.000,ZR,handheld,水平,right,recording,充电口朝右,4,0.213031,0.140516,9.806332,0.001169,-0.007346,-0.009502
447686840.000,ZR,handheld,水平,right,recording,充电口朝右,4,0.167712,0.130960,9.830623,-0.000967,0.001711,-0.009025
447686850.000,ZR,handheld,水平,right,recording,充电口朝右,4,0.143755,0.157551,9.831803,-0.000896,-0.002303,-0.003578
447686860.000,ZR,handheld,水平,right,recording,充电口朝右,4,0.158839,0.200282,9.847900,-0.000272,-0.009090,-0.000327
447686870.000,ZR,handheld,水平,right,recording,充电口朝右,4,0.166824,0.176001,9.856484,0.005514,-0.005912,0.001397
447686880.000,ZR,handheld,水平,right,recording,充电口朝右,4,0.160560,0.175819,9.861685,0.011922,0.000086,0.002728
447686890.000,ZR,handheld,水平,right,recording,充电口朝右,4,0.151429,0.187090,9.773523,0.010631,-0.004237,0.004180
447686900.000,ZR,handheld,水平,right,recording,充电口朝右,4,0.165213,0.176354,9.732961,0.003602,-0.011778,0.008366
447686910.000,ZR,handheld,水平,right,recording,充电口朝右,4,0.169974,0.141329,9.747466,-0.000231,-0.006648,0.010688
447686920.000,ZR,handheld,水平,right,recording,充电口朝右,4,0.261461,0.151358,9.815832,0.003688,0.004118,0.006262
447686930.000,ZR,handheld,水平,right,recording,充电口朝右,4,0.308482,0.180911,9.833837,0.011001,0.006063,-0.000188
447686940.000,ZR,handheld,水平,right,recording,充电口朝右,4,0.329106,0.208590,9.777475,0.014394,0.006340,-0.007573
447686950.000,ZR,handheld,水平,right,recording,充电口朝右,4,0.256713,0.225373,9.739365,0.013353,0.005787,-0.011711
447686960.000,ZR,handheld,水平,right,recording,充电口朝右,4,0.194730,0.218306,9.652348,0.006151,0.008405,-0.011339
447686970.000,ZR,handheld,水平,right,recording,充电口朝右,4,0.153414,0.217837,9.657791,-0.003925,0.009744,-0.010710
447686980.000,ZR,handheld,水平,right,recording,充电口朝右,4,0.184815,0.221009,9.693860,-0.012641,-0.000601,-0.008249
447686990.000,ZR,handheld,水平,right,recording,充电口朝右,4,0.183539,0.205265,9.759331,-0.014875,-0.011747,-0.009344
447687000.000,ZR,handheld,水平,right,recording,充电口朝右,4,0.176431,0.196578,9.812141,-0.017751,-0.009347,-0.007890
447687010.000,ZR,handheld,水平,right,recording,充电口朝右,4,0.143096,0.185289,9.848743,-0.016585,-0.012842,-0.005339
447687020.000,ZR,handheld,水平,right,recording,充电口朝右,4,0.126486,0.134841,9.860837,-0.014231,-0.011736,-0.001655
447687030.000,ZR,handheld,水平,right,recording,充电口朝右,4,0.130618,0.151501,9.885798,-0.007242,-0.001097,0.004616
447687040.000,ZR,handheld,水平,right,recording,充电口朝右,4,0.167991,0.156683,9.877562,-0.000252,-0.001726,0.006936
447687050.000,ZR,handheld,水平,right,recording,充电口朝右,4,0.207224,0.148883,9.844020,0.002551,0.008407,0.007546
447687060.000,ZR,handheld,水平,right,recording,充电口朝右,4,0.251166,0.176678,9.790516,-0.000055,0.016170,0.003073
447687070.000,ZR,handheld,水平,right,recording,充电口朝右,4,0.303050,0.179161,9.814250,-0.003253,0.017643,-0.003379
447687080.000,ZR,handheld,水平,right,recording,充电口朝右,4,0.257540,0.175346,9.785748,-0.006865,0.004364,-0.011051
447687090.000,ZR,handheld,水平,right,recording,充电口朝右,4,0.207206,0.167673,9.813813,-0.012668,0.000736,-0.014014
447687100.000,ZR,handheld,水平,right,recording,充电口朝右,4,0.133988,0.138471,9.864418,-0.012271,-0.003487,-0.009016
447687110.000,ZR,handheld,水平,right,recording,充电口朝右,4,0.063816,0.129152,9.862483,-0.011569,0.001070,-0.001306
447687120.000,ZR,handheld,水平,right,recording,充电口朝右,4,0.063064,0.105844,9.916341,-0.006214,0.008012,0.008757
447687130.000,ZR,handheld,水平,right,recording,充电口朝右,4,0.154999,0.122243,9.916250,0.001191,0.001575,0.015258
447687140.000,ZR,handheld,水平,right,recording,充电口朝右,4,0.221902,0.160448,9.896489,0.007258,-0.006772,0.016009
447687150.000,ZR,handheld,水平,right,recording,充电口朝右,4,0.305224,0.164311,9.847051,0.010656,-0.004288,0.008723
447687160.000,ZR,handheld,水平,right,recording,充电口朝右,4,0.348420,0.179765,9.800727,0.007542,-0.000237,-0.001343
447687170.000,ZR,handheld,水平,right,recording,充电口朝右,4,0.292122,0.197001,9.750152,-0.004236,-0.009356,-0.007860
447687180.000,ZR,handheld,水平,right,recording,充电口朝右,4,0.219646,0.176529,9.730804,-0.015101,-0.022996,-0.010799
447687190.000,ZR,handheld,水平,right,recording,充电口朝右,4,0.168672,0.152227,9.765548,-0.021063,-0.020766,-0.007809
447687200.000,ZR,handheld,水平,right,recording,充电口朝右,4,0.145284,0.173244,9.855271,-0.021029,-0.007585,-0.001468
447687210.000,ZR,handheld,水平,right,recording,充电口朝右,4,0.147834,0.162480,9.907747,-0.011231,-0.004281,0.003403
447687220.000,ZR,handheld,水平,right,recording,充电口朝右,4,0.162423,0.177642,9.913302,-0.000104,-0.004324,0.008919
447687230.000,ZR,handheld,水平,right,recording,充电口朝右,4,0.185439,0.162445,9.867254,0.008764,-0.000043,0.010153
447687240.000,ZR,handheld,水平,right,recording,充电口朝右,4,0.216343,0.186404,9.767797,0.008422,0.008806,0.010960
447687250.000,ZR,handheld,水平,right,recording,充电口朝右,4,0.249273,0.202236,9.735804,0.003363,0.008795,0.008149
447687260.000,ZR,handheld,水平,right,recording,充电口朝右,4,0.241049,0.199353,9.686345,-0.007949,0.001369,0.001951
447687270.000,ZR,handheld,水平,right,recording,充电口朝右,4,0.241627,0.157479,9.736577,-0.019277,-0.001977,-0.001122
447687280.000,ZR,handheld,水平,right,recording,充电口朝右,4,0.201203,0.134544,9.808962,-0.023557,-0.017949,-0.004230
447687290.000,ZR,handheld,水平,right,recording,充电口朝右,4,0.186708,0.143621,9.868451,-0.022002,-0.024694,-0.003818
447687300.000,ZR,handheld,水平,right,recording,充电口朝右,4,0.178289,0.128682,9.934742,-0.014159,-0.013675,-0.001037
447687310.000,ZR,handheld,水平,right,recording,充电口朝右,4,0.152380,0.133584,9.923596,-0.005112,-0.003490,0.005327
447687320.000,ZR,handheld,水平,right,recording,充电口朝右,4,0.154601,0.140624,9.878017,0.001026,-0.008851,0.012075
447687330.000,ZR,handheld,水平,right,recording,充电口朝右,4,0.197115,0.140931,9.880415,0.008153,-0.012527,0.013793
447687340.000,ZR,handheld,水平,right,recording,充电口朝右,4,0.285510,0.154249,9.881898,0.016272,-0.009632,0.009739
447687350.000,ZR,handheld,水平,right,recording,充电口朝右,4,0.323124,0.154968,9.825644,0.022151,-0.003894,0.001124
447687360.000,ZR,handheld,水平,right,recording,充电口朝右,4,0.314465,0.185021,9.752914,0.021565,-0.005853,-0.004596
447687370.000,ZR,handheld,水平,right,recording,充电口朝右,4,0.261867,0.166387,9.658168,0.012842,-0.007631,-0.006286
447687380.000,ZR,handheld,水平,right,recording,充电口朝右,4,0.198387,0.157441,9.630021,-0.001044,-0.001237,-0.004771
447687390.000,ZR,handheld,水平,right,recording,充电口朝右,4,0.168817,0.167520,9.654387,-0.008121,-0.002108,-0.000406
447687400.000,ZR,handheld,水平,right,recording,充电口朝右,4,0.222127,0.156390,9.713510,-0.014859,-0.001204,0.001674
447687410.000,ZR,handheld,水平,right,recording,充电口朝右,4,0.244589,0.182277,9.772339,-0.017327,-0.001233,0.000653
447687420.000,ZR,handheld,水平,right,recording,充电口朝右,4,0.232577,0.158648,9.796132,-0.014526,-0.003689,-0.001151
447687430.000,ZR,handheld,水平,right,recording,充电口朝右,4,0.174291,0.111640,9.808208,-0.015137,-0.003877,-0.000752
447687440.000,ZR,handheld,水平,right,recording,充电口朝右,4,0.152023,0.138629,9.832254,-0.014503,0.000311,0.002262
447687450.000,ZR,handheld,水平,right,recording,充电口朝右,4,0.166867,0.154541,9.848411,-0.012411,-0.003914,0.005334
447687460.000,ZR,handheld,水平,right,recording,充电口朝右,4,0.186218,0.140122,9.868507,-0.008675,-0.006325,0.005832
447687470.000,ZR,handheld,水平,right,recording,充电口朝右,4,0.222253,0.149451,9.878308,-0.003534,-0.000180,0.003688
447687480.000,ZR,handheld,水平,right,recording,充电口朝右,4,0.228808,0.164816,9.855000,0.000414,0.000598,0.002479
447687490.000,ZR,handheld,水平,right,recording,充电口朝右,4,0.213454,0.126820,9.804703,0.002377,-0.007674,0.003542
447687500.000,ZR,handheld,水平,right,recording,充电口朝右,4,0.252691,0.113026,9.769970,0.000927,-0.002486,0.002152
447687510.000,ZR,handheld,水平,right,recording,充电口朝右,4,0.270896,0.114442,9.755926,-0.002925,0.000330,-0.001289
447687520.000,ZR,handheld,水平,right,recording,充电口朝右,4,0.295259,0.145729,9.735123,-0.008514,0.004554,-0.004659
447687530.000,ZR,handheld,水平,right,recording,充电口朝右,4,0.242377,0.138007,9.779045,-0.009982,0.002171,-0.006772
447687540.000,ZR,handheld,水平,right,recording,充电口朝右,4,0.205361,0.117536,9.797868,-0.008449,0.000526,-0.005100
447687550.000,ZR,handheld,水平,right,recording,充电口朝右,4,0.168462,0.141525,9.808486,-0.005953,0.000243,-0.002045
447687560.000,ZR,handheld,水平,right,recording,充电口朝右,4,0.152495,0.149764,9.806325,-0.003124,0.000368,0.001987
447687570.000,ZR,handheld,水平,right,recording,充电口朝右,4,0.137550,0.173454,9.744587,-0.004257,-0.002633,0.010032
447687580.000,ZR,handheld,水平,right,recording,充电口朝右,4,0.154196,0.161398,9.692526,-0.008794,0.000591,0.014049
447687590.000,ZR,handheld,水平,right,recording,充电口朝右,4,0.217774,0.145204,9.702429,-0.019197,0.004171,0.014626
447687600.000,ZR,handheld,水平,right,recording,充电口朝右,4,0.280874,0.170693,9.730616,-0.026215,0.003211,0.011415
447687610.000,ZR,handheld,水平,right,recording,充电口朝右,4,0.317175,0.180905,9.813327,-0.028798,0.000925,0.004450
447687620.000,ZR,handheld,水平,right,recording,充电口朝右,4,0.275823,0.145768,9.885345,-0.024260,0.003508,-0.000489
447687630.000,ZR,handheld,水平,right,recording,充电口朝右,4,0.260230,0.089627,9.942010,-0.013453,0.004277,-0.001781
447687640.000,ZR,handheld,水平,right,recording,充电口朝右,4,0.240089,0.097766,9.975622,-0.004885,0.010614,-0.004294
447687650.000,ZR,handheld,水平,right,recording,充电口朝右,4,0.237369,0.123194,9.955949,0.002410,0.010084,-0.005394
447687660.000,ZR,handheld,水平,right,recording,充电口朝右,4,0.178504,0.117171,9.880739,0.006144,-0.001436,-0.002947
447687670.000,ZR,handheld,水平,right,recording,充电口朝右,4,0.153846,0.087706,9.858330,0.004692,-0.003213,0.001452
447687680.000,ZR,handheld,水平,right,recording,充电口朝右,4,0.178639,0.108268,9.814998,0.000535,-0.006274,0.004103
447687690.000,ZR,handheld,水平,right,recording,充电口朝右,4,0.162321,0.129045,9.773965,-0.006288,-0.013594,0.005953
447687700.000,ZR,handheld,水平,right,recording,充电口朝右,4,0.161807,0.121943,9.806907,-0.008551,-0.005844,0.008658
447687710.000,ZR,handheld,水平,right,recording,充电口朝右,4,0.201757,0.105044,9.868253,-0.006175,-0.003904,0.008343
447687720.000,ZR,handheld,水平,right,recording,充电口朝右,4,0.247008,0.133056,9.894733,0.000711,-0.003288,0.007783
447687730.000,ZR,handheld,水平,right,recording,充电口朝右,4,0.292436,0.117230,9.878355,0.010073,-0.008295,0.004622
447687740.000,ZR,handheld,水平,right,recording,充电口朝右,4,0.312548,0.105533,9.810638,0.010841,-0.011080,0.000202
447687750.000,ZR,handheld,水平,right,recording,充电口朝右,4,0.312227,0.109341,9.756395,0.006762,-0.009724,-0.004298
447687760.000,ZR,handheld,水平,right,recording,充电口朝右,4,0.272791,0.095365,9.670572,-0.000477,-0.014596,-0.005900
447687770.000,ZR,handheld,水平,right,recording,充电口朝右,4,0.262618,0.081042,9.681119,-0.008406,-0.009587,-0.007388
447687780.000,ZR,handheld,水平,right,recording,充电口朝右,4,0.284420,0.118983,9.739507,-0.009719,-0.006757,-0.009901
447687790.000,ZR,handheld,水平,right,recording,充电口朝右,4,0.293092,0.148710,9.807378,-0.007585,-0.002081,-0.013798
447687800.000,ZR,handheld,水平,right,recording,充电口朝右,4,0.249179,0.145478,9.821679,-0.001459,0.005283,-0.017249
447687810.000,ZR,handheld,水平,right,recording,充电口朝右,4,0.207357,0.149954,9.789822,0.000972,0.007618,-0.018166
447687820.000,ZR,handheld,水平,right,recording,充电口朝右,4,0.139049,0.172551,9.721887,-0.003756,0.002593,-0.015206
447687830.000,ZR,handheld,水平,right,recording,充电口朝右,4,0.121109,0.172209,9.719055,-0.010160,-0.007129,-0.010815
447687840.000,ZR,handheld,水平,right,recording,充电口朝右,4,0.122474,0.157574,9.763533,-0.017258,-0.006945,-0.006656
447687850.000,ZR,handheld,水平,right,recording,充电口朝右,4,0.097946,0.138796,9.776363,-0.019425,-0.007416,-0.001759
447687860.000,ZR,handheld,水平,right,recording,充电口朝右,4,0.152704,0.128259,9.796942,-0.022589,-0.011611,0.000390
447687870.000,ZR,handheld,水平,right,recording,充电口朝右,4,0.213912,0.136481,9.870335,-0.021211,-0.011793,0.000433
447687880.000,ZR,handheld,水平,right,recording,充电口朝右,4,0.266861,0.133523,9.946138,-0.013105,-0.004978,-0.001092
447687890.000,ZR,handheld,水平,right,recording,充电口朝右,4,0.254248,0.126174,9.947312,-0.002952,-0.001697,-0.004506
447687900.000,ZR,handheld,水平,right,recording,充电口朝右,4,0.217951,0.125528,9.926101,0.006217,-0.002750,-0.004996
447687910.000,ZR,handheld,水平,right,recording,充电口朝右,4,0.196038,0.093748,9.823100,0.004795,-0.007983,-0.004830
447687920.000,ZR,handheld,水平,right,recording,充电口朝右,4,0.196487,0.102001,9.805218,0.002156,-0.004916,-0.002968
447687930.000,ZR,handheld,水平,right,recording,充电口朝右,4,0.220105,0.111050,9.761006,-0.004119,-0.001815,-0.002057
447687940.000,ZR,handheld,水平,right,rotate_hint,充电口朝右,4,0.228970,0.120001,9.811549,-0.007013,-0.001695,-0.001688
447687950.000,ZR,handheld,水平,right,rotate_hint,充电口朝右,4,0.205792,0.095093,9.878066,-0.004340,0.002034,-0.002507
447687960.000,ZR,handheld,水平,right,rotate_hint,充电口朝右,4,0.225743,0.109352,9.883000,-0.000110,0.000156,-0.003417
447687970.000,ZR,handheld,水平,right,rotate_hint,充电口朝右,4,0.220299,0.149816,9.901016,0.005619,-0.002564,-0.006270
447687980.000,ZR,handheld,水平,right,rotate_hint,充电口朝右,4,0.191991,0.147906,9.839018,0.004944,-0.008395,-0.004840
447687990.000,ZR,handheld,水平,right,rotate_hint,充电口朝右,4,0.147605,0.147597,9.784907,-0.000608,-0.019161,-0.001947
447688000.000,ZR,handheld,水平,right,rotate_hint,充电口朝右,4,0.158312,0.147079,9.762957,-0.007138,-0.015455,0.001137
447688010.000,ZR,handheld,水平,right,rotate_hint,充电口朝右,4,0.140882,0.134780,9.731853,-0.015499,-0.016586,0.005943
447688020.000,ZR,handheld,水平,right,rotate_hint,充电口朝右,4,0.165991,0.130897,9.796585,-0.016973,-0.020686,0.010819
447688030.000,ZR,handheld,水平,right,rotate_hint,充电口朝右,4,0.212026,0.114530,9.810012,-0.015682,-0.021377,0.014554
447688040.000,ZR,handheld,水平,right,rotate_hint,充电口朝右,4,0.259802,0.095764,9.852100,-0.009351,-0.011555,0.015292
447688050.000,ZR,handheld,水平,right,rotate_hint,充电口朝右,4,0.327993,0.090805,9.879221,-0.001158,0.001672,0.010055
447688060.000,ZR,handheld,水平,right,rotate_hint,充电口朝右,4,0.372889,0.094336,9.839389,0.006003,0.004554,0.001967
447688070.000,ZR,handheld,水平,right,rotate_hint,充电口朝右,4,0.365302,0.118713,9.793795,0.008140,-0.001184,-0.006534
447688080.000,ZR,handheld,水平,right,rotate_hint,充电口朝右,4,0.334174,0.133267,9.770949,0.004787,-0.003818,-0.013357
447688090.000,ZR,handheld,水平,right,rotate_hint,充电口朝右,4,0.276882,0.146753,9.707235,-0.004652,-0.006347,-0.017405
447688100.000,ZR,handheld,水平,right,rotate_hint,充电口朝右,4,0.209891,0.152030,9.718665,-0.014787,-0.008269,-0.017492
447688110.000,ZR,handheld,水平,right,rotate_hint,充电口朝右,4,0.133837,0.149352,9.749713,-0.022808,-0.010762,-0.013784
447688120.000,ZR,handheld,水平,right,rotate_hint,充电口朝右,4,0.105891,0.132093,9.797026,-0.027084,-0.013749,-0.006471
447688130.000,ZR,handheld,水平,right,rotate_hint,充电口朝右,4,0.072348,0.133608,9.846790,-0.028917,-0.014059,0.001729
447688140.000,ZR,handheld,水平,right,rotate_hint,充电口朝右,4,0.096213,0.102731,9.899187,-0.024648,-0.020795,0.011530
447688150.000,ZR,handheld,水平,right,rotate_hint,充电口朝右,4,0.157229,0.122106,9.999854,-0.011501,-0.017713,0.018498
447688160.000,ZR,handheld,水平,right,rotate_hint,充电口朝右,4,0.230976,0.122826,9.983687,0.001002,-0.013240,0.019831
447688170.000,ZR,handheld,水平,right,rotate_hint,充电口朝右,4,0.295019,0.115946,9.956751,0.012539,-0.010839,0.016448
447688180.000,ZR,handheld,水平,right,rotate_hint,充电口朝右,4,0.315407,0.095878,9.851011,0.018826,-0.009411,0.011421
447688190.000,ZR,handheld,水平,right,rotate_hint,充电口朝右,4,0.306432,0.069335,9.743641,0.018856,-0.002868,0.005633
447688200.000,ZR,handheld,水平,right,rotate_hint,充电口朝右,4,0.272338,0.091020,9.678603,0.011537,-0.001602,0.001523
447688210.000,ZR,handheld,水平,right,rotate_hint,充电口朝右,4,0.247126,0.111505,9.615295,-0.001006,-0.003298,0.002549
447688220.000,ZR,handheld,水平,right,rotate_hint,充电口朝右,4,0.213480,0.126337,9.580290,-0.015201,-0.001647,0.004934
447688230.000,ZR,handheld,水平,right,rotate_hint,充电口朝右,4,0.208715,0.125581,9.613519,-0.028758,0.003916,0.008542
447688240.000,ZR,handheld,水平,right,rotate_hint,充电口朝右,4,0.183498,0.124404,9.609468,-0.044784,0.005776,0.014249
447688250.000,ZR,handheld,水平,right,rotate_hint,充电口朝右,4,0.193057,0.085950,9.674126,-0.059329,0.003953,0.016180
447688260.000,ZR,handheld,水平,right,rotate_hint,充电口朝右,4,0.248376,0.036177,9.749696,-0.071215,-0.004693,0.011434
447688270.000,ZR,handheld,水平,right,rotate_hint,充电口朝右,4,0.303801,-0.003974,9.833113,-0.079275,-0.014317,0.001229
447688280.000,ZR,handheld,水平,right,rotate_hint,充电口朝右,4,0.276818,-0.039186,9.950778,-0.075965,-0.020728,-0.005172
447688290.000,ZR,handheld,水平,right,rotate_hint,充电口朝右,4,0.223862,-0.055615,10.002755,-0.067904,-0.025433,-0.007690
447688300.000,ZR,handheld,水平,right,rotate_hint,充电口朝右,4,0.182921,-0.074652,10.038090,-0.055285,-0.025268,-0.005589
447688310.000,ZR,handheld,水平,right,rotate_hint,充电口朝右,4,0.182265,-0.081986,10.072118,-0.037208,-0.019078,-0.004589
447688320.000,ZR,handheld,水平,right,rotate_hint,充电口朝右,4,0.204031,-0.074632,10.045217,-0.017688,-0.014153,-0.002923
447688330.000,ZR,handheld,水平,right,rotate_hint,充电口朝右,4,0.261790,-0.037239,9.972953,-0.004684,-0.017770,-0.004649
447688340.000,ZR,handheld,水平,right,rotate_hint,充电口朝右,4,0.337101,0.005267,9.904488,0.002628,-0.022580,-0.011063
447688350.000,ZR,handheld,水平,right,rotate_hint,充电口朝右,4,0.427976,0.056266,9.826880,0.005984,-0.023951,-0.025056
447688360.000,ZR,handheld,水平,right,rotate_hint,充电口朝右,4,0.478141,0.125758,9.799832,0.005011,-0.026579,-0.042607
447688370.000,ZR,handheld,水平,right,rotate_hint,充电口朝右,4,0.481064,0.154888,9.756190,0.003639,-0.024375,-0.062327
447688380.000,ZR,handheld,水平,right,rotate_hint,充电口朝右,4,0.409594,0.164179,9.799039,0.002947,-0.019193,-0.078352
447688390.000,ZR,handheld,水平,right,rotate_hint,充电口朝右,4,0.254538,0.130791,9.852688,0.007523,-0.018492,-0.089965
447688400.000,ZR,handheld,水平,right,rotate_hint,充电口朝右,4,0.093050,0.126605,9.913527,0.014485,-0.021744,-0.092795
447688410.000,ZR,handheld,水平,right,rotate_hint,充电口朝右,4,-0.041698,0.125193,9.959676,0.026073,-0.028087,-0.084472
447688420.000,ZR,handheld,水平,right,rotate_hint,充电口朝右,4,-0.080073,0.187331,9.981405,0.038391,-0.034898,-0.074763
447688430.000,ZR,handheld,水平,right,rotate_hint,充电口朝右,4,-0.074725,0.276466,10.048467,0.058469,-0.024179,-0.061285
447688440.000,ZR,handheld,水平,right,rotate_hint,充电口朝右,4,-0.071790,0.260730,10.038657,0.082052,-0.010886,-0.049691
447688450.000,ZR,handheld,水平,right,rotate_hint,充电口朝右,4,0.025064,0.273247,9.924941,0.095416,-0.006463,-0.040302
447688460.000,ZR,handheld,水平,right,rotate_hint,充电口朝右,4,0.105144,0.319907,9.772921,0.096020,-0.008671,-0.036180
447688470.000,ZR,handheld,水平,right,rotate_hint,充电口朝右,4,0.137421,0.358473,9.639308,0.084813,0.000154,-0.034421
447688480.000,ZR,handheld,水平,right,rotate_hint,充电口朝右,4,0.075174,0.333580,9.625949,0.071538,0.016135,-0.026467
447688490.000,ZR,handheld,水平,right,rotate_hint,充电口朝右,4,0.096843,0.311741,9.598141,0.053363,0.011687,-0.017337
447688500.000,ZR,handheld,水平,right,rotate_hint,充电口朝右,4,0.164873,0.324083,9.614660,0.037182,-0.008983,-0.012239
447688510.000,ZR,handheld,水平,right,rotate_hint,充电口朝右,4,0.263803,0.260909,9.720886,0.028469,-0.015914,-0.012023
447688520.000,ZR,handheld,水平,right,rotate_hint,充电口朝右,4,0.363069,0.250580,9.726106,0.022099,-0.008217,-0.020058
447688530.000,ZR,handheld,水平,right,rotate_hint,充电口朝右,4,0.470677,0.161668,9.794273,0.017597,0.005472,-0.037476
447688540.000,ZR,handheld,水平,right,rotate_hint,充电口朝右,4,0.515481,0.128892,9.852038,0.017021,-0.000183,-0.059814
447688550.000,ZR,handheld,水平,right,rotate_hint,充电口朝右,4,0.479088,0.152122,9.818549,0.015383,-0.021846,-0.079346
447688560.000,ZR,handheld,水平,right,rotate_hint,充电口朝右,4,0.419078,0.197718,9.807860,0.007641,-0.027236,-0.094079
447688570.000,ZR,handheld,水平,right,rotate_hint,充电口朝右,4,0.346464,0.222992,9.769422,0.004041,-0.019308,-0.104299
447688580.000,ZR,handheld,水平,right,rotate_hint,充电口朝右,4,0.371521,0.235820,9.809962,0.004037,0.006503,-0.115158
447688590.000,ZR,handheld,水平,right,rotate_hint,充电口朝右,4,0.447129,0.313776,9.902837,0.010565,0.021465,-0.130378
447688600.000,ZR,handheld,水平,right,rotate_hint,充电口朝右,4,0.538729,0.197067,9.988068,0.022342,0.021679,-0.153861
447688610.000,ZR,handheld,水平,right,rotate_hint,充电口朝右,4,0.620163,0.161261,10.065944,0.042552,0.036335,-0.183249
447688620.000,ZR,handheld,水平,right,rotate_hint,充电口朝右,4,0.688457,0.173233,10.041793,0.059828,0.000108,-0.218142
447688630.000,ZR,handheld,水平,right,rotate_hint,充电口朝右,4,0.649719,0.197102,9.945044,0.067721,-0.033988,-0.251727
447688640.000,ZR,handheld,水平,right,rotate_hint,充电口朝右,4,0.644214,0.138826,9.814227,0.066789,-0.033071,-0.288977
447688650.000,ZR,handheld,水平,right,rotate_hint,充电口朝右,4,0.604710,0.168391,9.730245,0.070282,-0.021018,-0.320626
447688660.000,ZR,handheld,水平,right,rotate_hint,充电口朝右,4,0.561680,0.175725,9.620319,0.062491,0.007761,-0.349472
447688670.000,ZR,handheld,水平,right,rotate_hint,充电口朝右,4,0.392627,0.097411,9.536782,0.051338,0.009904,-0.364880
447688680.000,ZR,handheld,水平,right,rotate_hint,充电口朝右,4,0.440071,0.102523,9.428922,0.027765,0.001680,-0.381172
447688690.000,ZR,handheld,水平,right,rotate_hint,充电口朝右,4,0.663839,0.147159,9.497441,0.008699,0.014129,-0.412101
447688700.000,ZR,handheld,水平,right,rotate_hint,充电口朝右,4,1.033066,0.287338,9.502476,0.001855,0.024891,-0.468116
447688710.000,ZR,handheld,水平,right,rotate_hint,充电口朝右,4,1.243037,0.421424,9.376474,-0.016974,0.051656,-0.548086
447688720.000,ZR,handheld,水平,right,rotate_hint,充电口朝右,4,1.167607,0.598593,9.250288,-0.048581,0.062445,-0.632342
447688730.000,ZR,handheld,水平,right,rotate_hint,充电口朝右,4,0.682392,0.628342,9.085652,-0.095482,0.021371,-0.682422
447688740.000,ZR,handheld,水平,right,rotate_hint,充电口朝右,4,-0.059381,0.471960,8.995284,-0.153811,-0.029334,-0.680028
447688750.000,ZR,handheld,水平,right,rotate_hint,充电口朝右,4,-0.554463,0.279837,9.083575,-0.209569,-0.027899,-0.639219
447688760.000,ZR,handheld,水平,right,rotate_hint,充电口朝右,4,-0.843340,0.056856,9.297644,-0.243865,0.025695,-0.568254
447688770.000,ZR,handheld,水平,right,rotate_hint,充电口朝右,4,-0.360229,-0.049638,9.643961,-0.238403,0.133859,-0.543118
447688780.000,ZR,handheld,水平,right,rotate_hint,充电口朝右,4,2.577228,-0.237584,10.856220,-0.138220,0.303224,-0.705818
447688790.000,ZR,handheld,水平,right,rotate_hint,充电口朝右,4,5.203639,-0.878755,11.756408,0.048646,0.445192,-1.012831
447688800.000,ZR,handheld,水平,right,rotate_hint,充电口朝右,4,4.522316,-1.247948,11.853022,0.246777,0.459715,-1.274127
447688810.000,ZR,handheld,水平,right,rotate_hint,充电口朝右,4,2.126613,-1.158114,10.982007,0.339851,0.352897,-1.404023
447688820.000,ZR,handheld,水平,right,rotate_hint,充电口朝右,4,1.130347,-0.109493,10.264221,0.336655,0.289306,-1.529217
447688830.000,ZR,handheld,水平,right,rotate_hint,充电口朝右,4,0.302686,-0.253189,9.713189,0.335887,0.173805,-1.593969
447688840.000,ZR,handheld,水平,right,rotate_hint,充电口朝右,4,-0.909476,0.071350,9.549292,0.311452,0.005702,-1.555858
447688850.000,ZR,handheld,水平,right,rotate_hint,充电口朝右,4,-1.194285,0.147636,8.929928,0.213906,-0.082526,-1.525945
447688860.000,ZR,handheld,水平,right,rotate_hint,充电口朝右,4,-0.584011,0.614641,8.614640,0.095046,-0.127479,-1.556855
447688870.000,ZR,handheld,水平,right,rotate_hint,充电口朝右,4,-0.914212,0.487274,9.397478,0.057136,-0.322815,-1.565792
447688880.000,ZR,handheld,水平,right,rotate_hint,充电口朝右,4,-0.854130,0.511888,9.682723,0.029555,-0.408755,-1.536875
447688890.000,ZR,handheld,水平,right,rotate_hint,充电口朝右,4,-0.933078,0.582333,9.812252,0.020503,-0.379933,-1.469400
447688900.000,ZR,handheld,水平,right,rotate_hint,充电口朝右,4,-1.129140,0.435422,10.082926,0.062166,-0.423345,-1.404517
447688910.000,ZR,handheld,水平,right,rotate_hint,充电口朝右,4,-0.739479,0.360030,9.897396,0.085350,-0.440698,-1.399579
447688920.000,ZR,handheld,水平,right,rotate_hint,充电口朝右,4,-0.129163,0.560285,9.685783,0.081695,-0.438762,-1.432343
447688930.000,ZR,handheld,水平,right,rotate_hint,充电口朝右,4,0.215384,0.614247,9.769061,0.059271,-0.492098,-1.483899
447688940.000,ZR,handheld,水平,right,rotate_hint,充电口朝右,4,0.527665,0.446545,9.892625,0.036930,-0.533791,-1.569866
447688950.000,ZR,handheld,水平,right,rotate_hint,充电口朝右,4,0.763914,0.329141,9.913861,0.017166,-0.433564,-1.684100
447688960.000,ZR,handheld,水平,right,rotate_hint,充电口朝右,4,0.760376,0.256796,9.944500,0.002544,-0.288762,-1.803171
447688970.000,ZR,handheld,水平,right,rotate_hint,充电口朝右,4,0.888577,0.394808,9.669549,-0.016939,-0.184125,-1.934950
447688980.000,ZR,handheld,水平,right,rotate_hint,充电口朝右,4,0.916241,0.281657,9.754205,-0.018336,-0.107172,-2.076187
447688990.000,ZR,handheld,水平,right,rotate_hint,充电口朝右,4,0.361070,0.887790,10.153978,0.015623,-0.056287,-2.198640
447689000.000,ZR,handheld,水平,right,rotate_hint,充电口朝右,4,0.260091,0.477142,10.155068,0.048504,-0.096503,-2.265756
447689010.000,ZR,handheld,水平,right,rotate_hint,充电口朝右,4,0.012108,0.146940,10.053216,0.065806,-0.173499,-2.284142
447689020.000,ZR,handheld,水平,right,rotate_hint,充电口朝右,4,-0.029481,0.326912,9.954284,0.072840,-0.173293,-2.287975
447689030.000,ZR,handheld,水平,right,rotate_hint,充电口朝右,4,0.277528,0.483993,9.872056,0.074244,-0.062718,-2.294699
447689040.000,ZR,handheld,水平,right,rotate_hint,充电口朝右,4,0.502149,0.520346,9.789053,0.077495,0.105066,-2.305102
447689050.000,ZR,handheld,水平,right,rotate_hint,充电口朝右,4,0.940034,0.400632,9.779330,0.072837,0.216052,-2.348800
447689060.000,ZR,handheld,水平,right,rotate_hint,充电口朝右,4,1.246971,0.146856,9.884544,0.051044,0.243394,-2.427151
447689070.000,ZR,handheld,水平,right,rotate_hint,充电口朝右,4,1.447018,-0.195110,9.987210,0.019506,0.235469,-2.552226
447689080.000,ZR,handheld,水平,right,rotate_hint,充电口朝右,4,1.585174,-0.626548,10.079063,-0.004850,0.171295,-2.676796
447689090.000,ZR,handheld,水平,right,rotate_hint,充电口朝右,4,1.272381,-0.935409,9.806017,-0.034352,0.067670,-2.743657
447689100.000,ZR,handheld,水平,right,rotate_hint,充电口朝右,4,0.809606,-1.091967,9.678632,-0.055198,-0.019597,-2.745444
447689110.000,ZR,handheld,水平,right,rotate_hint,充电口朝右,4,0.228477,-0.663929,9.286826,-0.119641,-0.063568,-2.724356
447689120.000,ZR,handheld,水平,right,rotate_hint,充电口朝右,4,-0.871107,0.083041,9.110695,-0.234946,-0.087177,-2.616422
447689130.000,ZR,handheld,水平,right,rotate_hint,充电口朝右,4,-1.031875,0.577077,9.083061,-0.373333,-0.109827,-2.485327
447689140.000,ZR,handheld,水平,right,rotate_hint,充电口朝右,4,0.119944,0.494870,9.460432,-0.483118,-0.075290,-2.401610
447689150.000,ZR,handheld,水平,right,rotate_hint,充电口朝右,4,0.499878,0.111219,10.027315,-0.507081,-0.016324,-2.339681
447689160.000,ZR,handheld,水平,right,rotate_hint,充电口朝右,4,0.801938,-0.293256,10.309081,-0.439605,0.045253,-2.312725
447689170.000,ZR,handheld,水平,right,rotate_hint,充电口朝右,4,0.964138,-0.487966,10.056668,-0.315005,0.033198,-2.327366
447689180.000,ZR,handheld,水平,right,rotate_hint,充电口朝右,4,1.041959,-0.702834,9.940134,-0.175045,0.005100,-2.384336
447689190.000,ZR,handheld,水平,right,rotate_hint,充电口朝右,4,0.961198,-0.880258,9.873562,-0.058953,0.006977,-2.473500
447689200.000,ZR,handheld,水平,right,rotate_hint,充电口朝右,4,0.669448,-0.892654,9.599338,0.003106,0.011881,-2.581769
447689210.000,ZR,handheld,水平,right,rotate_hint,充电口朝右,4,0.084612,-0.715855,9.519906,0.009663,-0.020978,-2.647111
447689220.000,ZR,handheld,水平,right,rotate_hint,充电口朝右,4,-0.477898,-0.258747,9.577144,-0.022595,-0.102946,-2.666230
447689230.000,ZR,handheld,水平,right,rotate_hint,充电口朝右,4,-0.415423,-0.051140,9.713996,-0.086037,-0.134473,-2.669226
447689240.000,ZR,handheld,水平,right,rotate_hint,充电口朝右,4,-0.344137,-0.253265,9.804467,-0.146061,-0.076139,-2.655371
447689250.000,ZR,handheld,水平,right,rotate_hint,充电口朝右,4,0.191343,-0.705584,9.913441,-0.150020,-0.012699,-2.639566
447689260.000,ZR,handheld,水平,right,rotate_hint,充电口朝右,4,0.315528,-0.880485,10.118732,-0.104710,0.018590,-2.604090
447689270.000,ZR,handheld,水平,right,rotate_hint,充电口朝右,4,0.268796,-0.914795,10.017735,-0.039972,0.043191,-2.547334
447689280.000,ZR,handheld,水平,right,rotate_hint,充电口朝右,4,0.266359,-0.895507,9.966828,0.024043,0.097476,-2.503569
447689290.000,ZR,handheld,水平,right,rotate_hint,充电口朝右,4,0.275998,-0.801041,9.806327,0.068780,0.189481,-2.496207
447689300.000,ZR,handheld,水平,right,rotate_hint,充电口朝右,4,0.296542,-0.646551,9.694330,0.081362,0.248690,-2.515560
447689310.000,ZR,handheld,水平,right,rotate_hint,充电口朝右,4,-0.291258,-0.396973,9.809591,0.078371,0.229382,-2.478502
447689320.000,ZR,handheld,水平,right,rotate_hint,充电口朝右,4,-1.242561,0.206390,10.169859,0.062382,0.098019,-2.328570
447689330.000,ZR,handheld,水平,right,rotate_hint,充电口朝右,4,-1.087386,0.673965,10.218399,0.019901,-0.078257,-2.141599
447689340.000,ZR,handheld,水平,right,rotate_hint,充电口朝右,4,-0.618955,0.725397,10.236170,-0.041644,-0.180611,-1.963785
447689350.000,ZR,handheld,水平,right,rotate_hint,充电口朝右,4,-0.399250,0.444314,10.151778,-0.100775,-0.220803,-1.811497
447689360.000,ZR,handheld,水平,right,rotate_hint,充电口朝右,4,-0.403275,0.214074,9.739744,-0.150373,-0.247201,-1.659150
447689370.000,ZR,handheld,水平,right,rotate_hint,充电口朝右,4,-0.140685,0.302962,9.776058,-0.170544,-0.220132,-1.547769
447689380.000,ZR,handheld,水平,right,rotate_hint,充电口朝右,4,0.177062,0.370626,9.793821,-0.162167,-0.140293,-1.498085
447689390.000,ZR,handheld,水平,right,rotate_hint,充电口朝右,4,0.142276,0.309058,9.841413,-0.137512,-0.035651,-1.482941
447689400.000,ZR,handheld,水平,right,rotate_hint,充电口朝右,4,-0.022062,0.190628,9.808968,-0.116579,0.023181,-1.469625
447689410.000,ZR,handheld,水平,right,rotate_hint,充电口朝右,4,-0.323022,0.145798,9.641962,-0.115899,0.046140,-1.416736
447689420.000,ZR,handheld,水平,right,rotate_hint,充电口朝右,4,-0.492635,0.329062,9.550246,-0.124963,0.049539,-1.309918
447689430.000,ZR,handheld,水平,right,rotate_hint,充电口朝右,4,-0.368662,0.538536,9.484649,-0.128665,0.055623,-1.187352
447689440.000,ZR,handheld,水平,right,rotate_hint,充电口朝右,4,-0.312955,0.564693,9.454180,-0.119476,0.100837,-1.077581
447689450.000,ZR,handheld,水平,right,rotate_hint,充电口朝右,4,-0.355348,0.524364,9.531443,-0.101761,0.186729,-0.964768
447689460.000,ZR,handheld,水平,right,rotate_hint,充电口朝右,4,-0.336396,0.378244,9.477987,-0.078977,0.287658,-0.827020
447689470.000,ZR,handheld,水平,right,rotate_hint,充电口朝右,4,-0.309333,0.186260,9.391229,-0.050627,0.316469,-0.638901
447689480.000,ZR,handheld,水平,right,rotate_hint,充电口朝右,4,-0.359575,0.448465,9.425582,-0.014152,0.287597,-0.455660
447689490.000,ZR,handheld,水平,right,rotate_hint,充电口朝右,4,-0.515555,0.933277,9.473486,-0.011992,0.180179,-0.351697
447689500.000,ZR,handheld,水平,right,rotate_hint,充电口朝右,4,-1.150560,1.198684,9.442076,-0.105173,-0.028456,-0.376125
447689510.000,ZR,handheld,水平,right,rotate_hint,充电口朝右,4,-1.848176,1.489063,9.774672,-0.253019,-0.189437,-0.521213
447689520.000,ZR,handheld,水平,right,rotate_hint,充电口朝右,4,-1.316418,1.124475,10.151493,-0.326934,-0.227981,-0.600891
447689530.000,ZR,handheld,水平,right,rotate_hint,充电口朝右,4,-1.077103,0.629055,9.759924,-0.328450,-0.274933,-0.509541
447689540.000,ZR,handheld,水平,right,rotate_hint,充电口朝右,4,-0.770127,-0.065290,9.814639,-0.305990,-0.242729,-0.331276
447689550.000,ZR,handheld,水平,right,rotate_hint,充电口朝右,4,-0.657948,-0.296387,9.894956,-0.283876,-0.141541,-0.176859
447689560.000,ZR,handheld,水平,right,rotate_hint,充电口朝右,4,-0.495446,-0.255325,9.749294,-0.265995,-0.016158,-0.079699
447689570.000,ZR,handheld,水平,right,rotate_hint,充电口朝右,4,-0.138231,0.061235,10.033254,-0.231593,0.097556,-0.040923
447689580.000,ZR,handheld,水平,right,rotate_hint,充电口朝右,4,-0.414892,-0.058101,9.888405,-0.187069,0.141258,0.005755
447689590.000,ZR,handheld,水平,right,rotate_hint,充电口朝右,4,-0.017949,-0.279327,9.895649,-0.117521,0.101097,0.013556
447689600.000,ZR,handheld,水平,right,rotate_hint,充电口朝右,4,0.039219,-0.078443,9.665628,-0.060986,-0.008936,-0.031370
447689610.000,ZR,handheld,水平,right,rotate_hint,充电口朝右,4,0.022893,-0.049648,9.783022,-0.022713,-0.103145,-0.093156
447689620.000,ZR,handheld,水平,right,rotate_hint,充电口朝右,4,-0.095266,-0.277318,9.692093,-0.012407,-0.098482,-0.138901
447689630.000,ZR,handheld,水平,right,rotate_hint,充电口朝右,4,-0.359371,-0.382903,8.987620,-0.079857,0.039502,-0.132203
447689640.000,ZR,handheld,水平,right,rotate_hint,充电口朝右,4,-0.220748,-0.320686,8.745171,-0.202638,0.239515,-0.128638
447689650.000,ZR,handheld,水平,right,rotate_hint,充电口朝右,4,0.220102,0.091576,9.305222,-0.289717,0.421931,-0.190389
447689660.000,ZR,handheld,水平,right,rotate_hint,充电口朝右,4,1.000701,0.549471,10.048186,-0.280157,0.456946,-0.279355
447689670.000,ZR,handheld,水平,right,rotate_hint,充电口朝右,4,0.220680,-0.116503,10.462679,-0.188614,0.345882,-0.289865
447689680.000,ZR,handheld,水平,right,rotate_hint,充电口朝右,4,-0.445017,0.063991,10.695685,-0.037435,0.113611,-0.237146
447689690.000,ZR,handheld,水平,right,rotate_hint,充电口朝右,4,0.086216,-0.014418,10.543959,0.097267,-0.090481,-0.242536
447689700.000,ZR,handheld,水平,right,rotate_hint,充电口朝右,4,0.199858,0.123366,10.330385,0.159432,-0.161873,-0.261770
447689710.000,ZR,handheld,水平,right,rotate_hint,充电口朝右,4,0.326077,-0.009353,10.251966,0.172363,-0.117982,-0.261187
447689720.000,ZR,handheld,水平,right,rotate_hint,充电口朝右,4,0.106787,-0.062599,10.237905,0.166876,-0.016337,-0.241835
447689730.000,ZR,handheld,水平,right,rotate_hint,充电口朝右,4,-0.171825,-0.132592,10.195254,0.156616,0.062403,-0.202332
447689740.000,ZR,handheld,水平,right,rotate_hint,充电口朝右,4,-0.317136,-0.175973,10.238245,0.161120,0.087360,-0.173117
447689750.000,ZR,handheld,水平,right,rotate_hint,充电口朝右,4,-0.297527,-0.221427,9.977134,0.155368,0.064397,-0.156178
447689760.000,ZR,handheld,水平,right,rotate_hint,充电口朝右,4,-0.192893,-0.310807,9.877254,0.143825,0.035189,-0.145181
447689770.000,ZR,handheld,水平,right,rotate_hint,充电口朝右,4,-0.143741,-0.322468,9.860245,0.130284,0.002838,-0.140764
447689780.000,ZR,handheld,水平,right,rotate_hint,充电口朝右,4,-0.032755,-0.261914,9.800303,0.107848,-0.023801,-0.149133
447689790.000,ZR,handheld,水平,right,rotate_hint,充电口朝右,4,-0.021894,-0.213595,9.912558,0.094664,-0.036578,-0.166132
447689800.000,ZR,handheld,水平,right,rotate_hint,充电口朝右,4,-0.199610,-0.273301,10.242744,0.116326,-0.028068,-0.160974
447689810.000,ZR,handheld,水平,right,rotate_hint,充电口朝右,4,-0.439058,-0.335887,10.346984,0.155232,-0.004068,-0.133500
447689820.000,ZR,handheld,水平,right,rotate_hint,充电口朝右,4,-0.661884,-0.300993,9.976481,0.165667,0.026226,-0.089206
447689830.000,ZR,handheld,水平,right,rotate_hint,充电口朝右,4,-0.612063,-0.251301,9.527696,0.141162,0.028377,-0.052783
447689840.000,ZR,handheld,水平,right,rotate_hint,充电口朝右,4,-0.506480,-0.129855,9.181805,0.099602,0.020240,-0.033062
447689850.000,ZR,handheld,水平,right,rotate_hint,充电口朝右,4,-0.494493,-0.011250,8.980150,0.044027,-0.002258,-0.020426
447689860.000,ZR,handheld,水平,right,rotate_hint,充电口朝右,4,-0.422850,0.068636,9.099313,-0.001669,-0.025041,-0.016369
447689870.000,ZR,handheld,水平,right,rotate_hint,充电口朝右,4,-0.344329,0.104482,9.398595,-0.014748,-0.040204,-0.013616
447689880.000,ZR,handheld,水平,right,rotate_hint,充电口朝右,4,-0.126766,0.137839,9.499125,-0.013920,-0.063350,-0.029002
447689890.000,ZR,handheld,水平,right,rotate_hint,充电口朝右,4,0.067114,0.207157,9.581763,-0.008013,-0.072939,-0.059097
447689900.000,ZR,handheld,水平,right,rotate_hint,充电口朝右,4,0.064595,0.142102,9.703301,0.001767,-0.064725,-0.083492
447689910.000,ZR,handheld,水平,right,rotate_hint,充电口朝右,4,-0.046137,0.096174,9.749802,0.010325,-0.032266,-0.087467
447689920.000,ZR,handheld,水平,right,rotate_hint,充电口朝右,4,-0.208111,0.095197,9.720778,0.013712,-0.013989,-0.078618
447689930.000,ZR,handheld,水平,right,rotate_hint,充电口朝右,4,-0.290639,0.022443,9.625322,0.017201,-0.015116,-0.061995
447689940.000,ZR,handheld,水平,right,rotate_hint,充电口朝右,4,-0.290646,-0.001414,9.525131,0.009320,-0.020312,-0.046385
447689950.000,ZR,handheld,水平,right,rotate_hint,充电口朝右,4,-0.116243,0.034344,9.507647,-0.008218,-0.007861,-0.047813
447689960.000,ZR,handheld,水平,right,rotate_hint,充电口朝右,4,0.011044,0.054917,9.334972,-0.050512,0.048519,-0.062819
447689970.000,ZR,handheld,水平,right,rotate_hint,充电口朝右,4,0.020948,0.007506,9.204780,-0.107972,0.081902,-0.087519
447689980.000,ZR,handheld,水平,right,rotate_hint,充电口朝右,4,-0.083570,-0.033109,9.295199,-0.148911,0.081361,-0.115142
447689990.000,ZR,handheld,水平,right,rotate_hint,充电口朝右,4,-0.335033,-0.125121,9.534834,-0.164603,0.062882,-0.124035
447690000.000,ZR,handheld,水平,right,rotate_hint,充电口朝右,4,-0.617974,-0.219812,9.894255,-0.141597,0.033810,-0.109837
447690010.000,ZR,handheld,水平,right,rotate_hint,充电口朝右,4,-0.749981,-0.262643,10.099979,-0.100777,0.007289,-0.089149
447690020.000,ZR,handheld,水平,right,rotate_hint,充电口朝右,4,-0.730107,-0.308092,10.079155,-0.062730,-0.025560,-0.070933
447690030.000,ZR,handheld,水平,right,rotate_hint,充电口朝右,4,-0.642055,-0.328433,9.947848,-0.038863,-0.054666,-0.054418
447690040.000,ZR,handheld,水平,right,rotate_hint,充电口朝右,4,-0.396958,-0.294417,9.802733,-0.029922,-0.090110,-0.055253
447690050.000,ZR,handheld,水平,right,rotate_hint,充电口朝右,4,-0.256188,-0.243880,9.731557,-0.038386,-0.107853,-0.066915
447690060.000,ZR,handheld,水平,right,rotate_hint,充电口朝右,4,-0.285544,-0.289739,9.752657,-0.052618,-0.092531,-0.066608
447690070.000,ZR,handheld,水平,right,rotate_hint,充电口朝右,4,-0.362822,-0.281135,9.731721,-0.080418,-0.062229,-0.055886
447690080.000,ZR,handheld,水平,right,rotate_hint,充电口朝右,4,-0.441516,-0.336260,9.756321,-0.112267,-0.016595,-0.032695
447690090.000,ZR,handheld,水平,right,rotate_hint,充电口朝右,4,-0.457474,-0.360965,9.946755,-0.129635,0.015104,-0.004243
447690100.000,ZR,handheld,水平,right,rotate_hint,充电口朝右,4,-0.410273,-0.358142,10.153476,-0.117180,0.032619,0.016981
447690110.000,ZR,handheld,水平,right,rotate_hint,充电口朝右,4,-0.376121,-0.376985,10.325545,-0.083440,0.038087,0.035668
447690120.000,ZR,handheld,水平,right,rotate_hint,充电口朝右,4,-0.287315,-0.387371,10.394302,-0.036964,0.018723,0.047226
447690130.000,ZR,handheld,水平,right,rotate_hint,充电口朝右,4,-0.139205,-0.370000,10.350284,0.009997,-0.007953,0.049799
447690140.000,ZR,handheld,水平,right,rotate_hint,充电口朝右,4,-0.053396,-0.342892,10.244708,0.044562,-0.031984,0.048513
447690150.000,ZR,handheld,水平,right,rotate_hint,充电口朝右,4,0.059809,-0.326570,9.968334,0.050862,-0.048014,0.038274
447690160.000,ZR,handheld,水平,right,rotate_hint,充电口朝右,4,0.185719,-0.277782,9.820107,0.037100,-0.043356,0.023135
447690170.000,ZR,handheld,水平,right,rotate_hint,充电口朝右,4,0.222670,-0.210975,9.720618,0.013436,-0.018756,0.004259
447690180.000,ZR,handheld,水平,right,rotate_hint,充电口朝右,4,0.154347,-0.224756,9.598011,-0.020457,-0.007896,-0.013229
447690190.000,ZR,handheld,水平,right,rotate_hint,充电口朝右,4,0.038774,-0.187736,9.779552,-0.032361,-0.010834,-0.021146
447690200.000,ZR,handheld,水平,right,rotate_hint,充电口朝右,4,-0.094865,-0.172477,9.993028,-0.020955,-0.007329,-0.018861
447690210.000,ZR,handheld,水平,right,rotate_hint,充电口朝右,4,-0.122994,-0.155466,10.000365,-0.001045,-0.014012,-0.015378
447690220.000,ZR,handheld,水平,right,rotate_hint,充电口朝右,4,-0.129842,-0.087570,10.020846,0.024399,-0.027275,-0.013881
447690230.000,ZR,handheld,水平,right,rotate_hint,充电口朝右,4,-0.126219,-0.048799,9.908776,0.039555,-0.032358,-0.015343
447690240.000,ZR,handheld,水平,right,rotate_hint,充电口朝右,4,-0.082086,-0.088378,9.752423,0.033831,-0.032653,-0.022053
447690250.000,ZR,handheld,水平,right,rotate_hint,充电口朝右,4,-0.116678,-0.085049,9.758254,0.028868,-0.039054,-0.027834
447690260.000,ZR,handheld,水平,right,rotate_hint,充电口朝右,4,-0.221408,-0.171840,9.844806,0.033082,-0.043468,-0.025620
447690270.000,ZR,handheld,水平,right,rotate_hint,充电口朝右,4,-0.254113,-0.155316,9.896766,0.040894,-0.044839,-0.018639
447690280.000,ZR,handheld,水平,right,rotate_hint,充电口朝右,4,-0.261918,-0.171536,9.843231,0.046711,-0.048464,-0.011284
447690290.000,ZR,handheld,水平,right,rotate_hint,充电口朝右,4,-0.169420,-0.149440,9.743783,0.044152,-0.053466,-0.010235
447690300.000,ZR,handheld,水平,right,rotate_hint,充电口朝右,4,-0.168800,-0.127180,9.761163,0.040811,-0.050521,-0.008746
447690310.000,ZR,handheld,水平,right,rotate_hint,充电口朝右,4,-0.198561,-0.085148,9.736521,0.035836,-0.031755,-0.003763
447690320.000,ZR,handheld,水平,right,rotate_hint,充电口朝右,4,-0.269313,-0.085252,9.663597,0.023658,-0.018214,0.007554
447690330.000,ZR,handheld,水平,right,rotate_hint,充电口朝右,4,-0.243285,-0.088942,9.602719,0.014275,-0.030950,0.019521
447690340.000,ZR,handheld,水平,right,rotate_hint,充电口朝右,4,-0.092562,-0.033478,9.575399,0.005402,-0.044062,0.018018
447690350.000,ZR,handheld,水平,right,rotate_hint,充电口朝右,4,0.027027,-0.047080,9.515012,-0.014793,-0.054630,0.006525
447690360.000,ZR,handheld,水平,right,rotate_hint,充电口朝右,4,-0.020675,-0.084714,9.623644,-0.024981,-0.058413,-0.000540
447690370.000,ZR,handheld,水平,right,rotate_hint,充电口朝右,4,-0.051265,-0.107758,9.810114,-0.023163,-0.058355,-0.002143
447690380.000,ZR,handheld,水平,right,rotate_hint,充电口朝右,4,-0.164694,-0.154139,9.928682,-0.012526,-0.058947,0.006894
447690390.000,ZR,handheld,水平,right,rotate_hint,充电口朝右,4,-0.140757,-0.162024,9.965991,0.001312,-0.044899,0.019728
447690400.000,ZR,handheld,水平,right,rotate_hint,充电口朝右,4,-0.013576,-0.154048,9.787895,-0.002897,-0.038053,0.024500
447690410.000,ZR,handheld,水平,right,rotate_hint,充电口朝右,4,0.088078,-0.096875,9.699508,-0.013476,-0.035353,0.020748
447690420.000,ZR,handheld,水平,right,rotate_hint,充电口朝右,4,0.158932,-0.017006,9.730731,-0.017937,-0.040065,0.010287
447690430.000,ZR,handheld,水平,right,rotate_hint,充电口朝右,4,0.179327,0.017869,9.796982,-0.011115,-0.052777,-0.002221
447690440.000,ZR,handheld,水平,right,rotate_hint,充电口朝右,4,0.139428,0.032129,9.872412,0.001677,-0.066543,-0.018556
447690450.000,ZR,handheld,水平,right,rotate_hint,充电口朝右,4,0.141423,0.012077,9.827942,0.011446,-0.067271,-0.034296
447690460.000,ZR,handheld,水平,right,rotate_hint,充电口朝右,4,0.052885,-0.039100,9.709295,-0.001147,-0.036207,-0.042038
447690470.000,ZR,handheld,水平,right,rotate_hint,充电口朝右,4,-0.098689,-0.075795,9.648296,-0.023556,-0.003388,-0.034872
447690480.000,ZR,handheld,水平,right,rotate_hint,充电口朝右,4,-0.188545,-0.109665,9.687830,-0.042048,0.010224,-0.020099
447690490.000,ZR,handheld,水平,right,rotate_hint,充电口朝右,4,-0.214965,-0.121560,9.759282,-0.048722,0.003298,-0.008537
447690500.000,ZR,handheld,水平,right,rotate_hint,充电口朝右,4,-0.180723,-0.102816,9.937699,-0.037440,-0.006895,-0.002442
447690510.000,ZR,handheld,水平,right,rotate_hint,充电口朝右,4,-0.073105,-0.084041,9.962098,-0.019064,-0.019161,-0.003569
447690520.000,ZR,handheld,水平,right,rotate_hint,充电口朝右,4,0.038324,-0.081776,9.874279,-0.009208,-0.051268,-0.014131
447690530.000,ZR,handheld,水平,right,rotate_hint,充电口朝右,4,0.032430,-0.079696,9.919561,0.004730,-0.078016,-0.021749
447690540.000,ZR,handheld,水平,right,rotate_hint,充电口朝右,4,0.023375,-0.090413,9.945572,0.016800,-0.082561,-0.023936
447690550.000,ZR,handheld,水平,right,rotate_hint,充电口朝右,4,0.036020,-0.129824,9.921816,0.018680,-0.072815,-0.023901
447690560.000,ZR,handheld,水平,right,rotate_hint,充电口朝右,4,-0.028323,-0.157631,9.899142,0.013518,-0.055932,-0.020491
447690570.000,ZR,handheld,水平,right,rotate_hint,充电口朝右,4,-0.081763,-0.194216,9.911487,0.008775,-0.035161,-0.010747
447690580.000,ZR,handheld,水平,right,rotate_hint,充电口朝右,4,-0.069751,-0.213612,9.862840,0.003484,-0.021432,-0.002392
447690590.000,ZR,handheld,水平,right,rotate_hint,充电口朝右,4,-0.015367,-0.225492,9.841810,-0.000601,-0.006189,-0.000049
447690600.000,ZR,handheld,水平,right,rotate_hint,充电口朝右,4,0.032124,-0.202299,9.848197,-0.007707,0.011395,0.000870
447690610.000,ZR,handheld,水平,right,rotate_hint,充电口朝右,4,0.041010,-0.181620,9.839165,-0.015827,0.023280,0.001667
447690620.000,ZR,handheld,水平,right,rotate_hint,充电口朝右,4,0.048705,-0.183122,9.891686,-0.017112,0.036265,-0.001044
447690630.000,ZR,handheld,水平,right,rotate_hint,充电口朝右,4,-0.001589,-0.191598,9.936146,-0.007146,0.029060,0.000149
447690640.000,ZR,handheld,水平,right,rotate_hint,充电口朝右,4,-0.075124,-0.212623,10.020263,0.013815,0.010802,0.002558
447690650.000,ZR,handheld,水平,right,rotate_hint,充电口朝右,4,-0.136375,-0.193367,9.969953,0.037292,-0.012236,0.007489
447690660.000,ZR,handheld,水平,right,rotate_hint,充电口朝右,4,-0.120073,-0.223030,9.912424,0.051759,-0.024349,0.017131
447690670.000,ZR,handheld,水平,right,rotate_hint,充电口朝右,4,-0.075615,-0.211352,9.812589,0.050776,-0.015072,0.024047
447690680.000,ZR,handheld,水平,right,rotate_hint,充电口朝右,4,-0.028479,-0.156476,9.664544,0.033496,-0.004856,0.030521
447690690.000,ZR,handheld,水平,right,rotate_hint,充电口朝右,4,0.040144,-0.147940,9.636354,0.014989,0.002076,0.035302
447690700.000,ZR,handheld,水平,right,rotate_hint,充电口朝右,4,0.133789,-0.107980,9.690881,-0.001575,0.015978,0.033149
447690710.000,ZR,handheld,水平,right,rotate_hint,充电口朝右,4,0.188776,-0.087781,9.760985,-0.007649,0.029097,0.026556
447690720.000,ZR,handheld,水平,right,rotate_hint,充电口朝右,4,0.171258,-0.069923,9.838144,-0.004159,0.027058,0.019842
447690730.000,ZR,handheld,水平,right,rotate_hint,充电口朝右,4,0.157135,-0.074092,9.789376,0.002424,0.012977,0.014337
447690740.000,ZR,handheld,水平,right,rotate_hint,充电口朝右,4,0.177024,-0.071382,9.732969,0.004119,-0.010440,0.007878
447690750.000,ZR,handheld,水平,right,rotate_hint,充电口朝右,4,0.204196,-0.027124,9.726834,0.002686,-0.025480,-0.002198
447690760.000,ZR,handheld,水平,right,rotate_hint,充电口朝右,4,0.204514,-0.060199,9.721903,0.000055,-0.032774,-0.011664
447690770.000,ZR,handheld,水平,right,rotate_hint,充电口朝右,4,0.233122,-0.040142,9.748506,-0.002519,-0.038843,-0.022391
447690780.000,ZR,handheld,水平,right,rotate_hint,充电口朝右,4,0.167273,-0.056792,9.824745,-0.001114,-0.040581,-0.028714
447690790.000,ZR,handheld,水平,right,rotate_hint,充电口朝右,4,0.047781,-0.100417,9.907490,0.005763,-0.039595,-0.028499
447690800.000,ZR,handheld,水平,right,rotate_hint,充电口朝右,4,0.036637,-0.113263,9.975117,0.016402,-0.029890,-0.025820
447690810.000,ZR,handheld,水平,right,rotate_hint,充电口朝右,4,-0.000416,-0.139031,9.965887,0.024434,-0.011455,-0.018749
447690820.000,ZR,handheld,水平,right,rotate_hint,充电口朝右,4,-0.063409,-0.155730,9.890023,0.025512,0.000074,-0.005601
447690830.000,ZR,handheld,水平,right,rotate_hint,充电口朝右,4,-0.098304,-0.172731,9.809139,0.016839,0.008651,0.007455
447690840.000,ZR,handheld,水平,right,rotate_hint,充电口朝右,4,-0.075590,-0.164345,9.795132,0.005504,0.017122,0.019379
447690850.000,ZR,handheld,水平,right,rotate_hint,充电口朝右,4,0.010427,-0.109834,9.812055,0.001077,0.018496,0.019507
447690860.000,ZR,handheld,水平,right,rotate_hint,充电口朝右,4,0.080484,-0.080013,9.865423,0.002912,0.015526,0.008907
447690870.000,ZR,handheld,水平,right,rotate_hint,充电口朝右,4,0.127726,-0.084677,9.854680,0.010639,0.002491,-0.006254
447690880.000,ZR,handheld,水平,right,rotate_hint,充电口朝右,4,0.102689,-0.059736,9.878934,0.019368,-0.010530,-0.018002
447690890.000,ZR,handheld,水平,right,rotate_hint,充电口朝右,4,0.001083,-0.094492,9.860498,0.024411,-0.018520,-0.023927
447690900.000,ZR,handheld,水平,right,rotate_hint,充电口朝右,4,-0.081891,-0.109680,9.833917,0.026406,-0.021412,-0.019314
447690910.000,ZR,handheld,水平,right,rotate_hint,充电口朝右,4,-0.080314,-0.106608,9.891578,0.032394,-0.018765,-0.009747
447690920.000,ZR,handheld,水平,right,rotate_hint,充电口朝右,4,-0.064735,-0.122810,9.902859,0.039069,-0.011267,-0.001910
447690930.000,ZR,handheld,水平,right,rotate_hint,充电口朝右,4,-0.056360,-0.123833,9.843077,0.038968,0.000568,0.002824
447690940.000,ZR,handheld,水平,right,rotate_hint,充电口朝右,4,-0.081428,-0.134580,9.813758,0.035516,0.005948,0.008550
447690950.000,ZR,handheld,水平,right,rotate_hint,充电口朝右,4,-0.122742,-0.135785,9.813140,0.033136,0.004514,0.015455
447690960.000,ZR,handheld,水平,right,rotate_hint,充电口朝右,4,-0.091985,-0.139887,9.784331,0.028916,0.001759,0.020951
447690970.000,ZR,handheld,水平,right,recording,充电口朝内,5,-0.015948,-0.100289,9.729983,0.019988,0.001386,0.020021
447690980.000,ZR,handheld,水平,right,recording,充电口朝内,5,0.028843,-0.069083,9.811196,0.020979,0.001825,0.014532
447690990.000,ZR,handheld,水平,right,recording,充电口朝内,5,-0.025833,-0.056295,9.884743,0.031737,0.003242,0.014701
447691000.000,ZR,handheld,水平,right,recording,充电口朝内,5,-0.053043,-0.083747,9.782010,0.035193,-0.008954,0.020677
447691010.000,ZR,handheld,水平,right,recording,充电口朝内,5,-0.017424,-0.072382,9.682887,0.026672,-0.010529,0.027927
447691020.000,ZR,handheld,水平,right,recording,充电口朝内,5,0.088410,-0.027932,9.679308,0.012803,-0.001423,0.027983
447691030.000,ZR,handheld,水平,right,recording,充电口朝内,5,0.133269,0.007499,9.662322,-0.003709,0.011621,0.020505
447691040.000,ZR,handheld,水平,right,recording,充电口朝内,5,0.130443,-0.003837,9.728345,-0.013791,0.012667,0.013536
447691050.000,ZR,handheld,水平,right,recording,充电口朝内,5,0.089926,-0.014449,9.888499,-0.006272,0.008497,0.008074
447691060.000,ZR,handheld,水平,right,recording,充电口朝内,5,0.030885,-0.019751,9.999832,0.017743,0.001853,0.006235
447691070.000,ZR,handheld,水平,right,recording,充电口朝内,5,0.023772,-0.028100,9.892095,0.031645,-0.001655,0.005120
447691080.000,ZR,handheld,水平,right,recording,充电口朝内,5,0.047739,-0.044714,9.669792,0.021702,-0.002708,0.003860
447691090.000,ZR,handheld,水平,right,recording,充电口朝内,5,0.030801,-0.016530,9.622159,0.004980,0.005854,0.002036
447691100.000,ZR,handheld,水平,right,recording,充电口朝内,5,0.008893,-0.029197,9.677852,-0.008264,0.022360,0.005877
447691110.000,ZR,handheld,水平,right,recording,充电口朝内,5,-0.036056,-0.062532,9.778238,-0.013616,0.029689,0.011841
447691120.000,ZR,handheld,水平,right,recording,充电口朝内,5,-0.041811,-0.059047,9.833521,-0.013272,0.028397,0.014735
447691130.000,ZR,handheld,水平,right,recording,充电口朝内,5,-0.032802,-0.084985,9.889313,-0.007226,0.021490,0.018578
447691140.000,ZR,handheld,水平,right,recording,充电口朝内,5,-0.001044,-0.064110,9.902404,0.001292,0.013277,0.016441
447691150.000,ZR,handheld,水平,right,recording,充电口朝内,5,0.024687,-0.061544,9.891460,0.010921,0.000005,0.012003
447691160.000,ZR,handheld,水平,right,recording,充电口朝内,5,0.058693,-0.051659,9.926186,0.024861,-0.012051,0.008409
447691170.000,ZR,handheld,水平,right,recording,充电口朝内,5,0.099536,-0.032011,9.866843,0.030355,-0.017635,0.000938
447691180.000,ZR,handheld,水平,right,recording,充电口朝内,5,0.051453,-0.051317,9.815705,0.028821,-0.014866,-0.001191
447691190.000,ZR,handheld,水平,right,recording,充电口朝内,5,0.036331,-0.068301,9.794488,0.019359,0.002140,0.000684
447691200.000,ZR,handheld,水平,right,recording,充电口朝内,5,0.041448,-0.067802,9.718409,-0.001056,0.024974,0.004126
447691210.000,ZR,handheld,水平,right,recording,充电口朝内,5,0.039181,-0.071188,9.742015,-0.014668,0.040237,0.007103
447691220.000,ZR,handheld,水平,right,recording,充电口朝内,5,0.027830,-0.046040,9.860783,-0.011891,0.038356,0.007630
447691230.000,ZR,handheld,水平,right,recording,充电口朝内,5,0.055630,-0.046861,9.913515,-0.002147,0.022338,0.003594
447691240.000,ZR,handheld,水平,right,recording,充电口朝内,5,0.030580,-0.063466,9.954183,0.013927,0.019899,0.000202
447691250.000,ZR,handheld,水平,right,recording,充电口朝内,5,-0.013793,-0.027632,9.929946,0.022710,0.022205,0.000856
447691260.000,ZR,handheld,水平,right,recording,充电口朝内,5,-0.013962,-0.080910,9.822363,0.024886,0.026378,0.004109
447691270.000,ZR,handheld,水平,right,recording,充电口朝内,5,-0.014270,-0.059684,9.775997,0.023167,0.021621,0.009769
447691280.000,ZR,handheld,水平,right,recording,充电口朝内,5,0.034200,-0.026606,9.712501,0.018634,0.020202,0.009510
447691290.000,ZR,handheld,水平,right,recording,充电口朝内,5,0.106301,-0.006202,9.660177,0.007398,0.020000,0.002777
447691300.000,ZR,handheld,水平,right,recording,充电口朝内,5,0.105071,0.016022,9.688357,0.001775,0.019816,-0.003174
447691310.000,ZR,handheld,水平,right,recording,充电口朝内,5,0.106211,0.020752,9.673365,-0.004008,0.019235,-0.011270
447691320.000,ZR,handheld,水平,right,recording,充电口朝内,5,0.036956,0.013490,9.662106,-0.008142,0.010332,-0.019358
447691330.000,ZR,handheld,水平,right,recording,充电口朝内,5,0.007410,0.004302,9.709416,-0.009822,-0.004159,-0.022065
447691340.000,ZR,handheld,水平,right,recording,充电口朝内,5,-0.025503,-0.033811,9.762853,-0.005471,-0.016627,-0.020898
447691350.000,ZR,handheld,水平,right,recording,充电口朝内,5,-0.068403,-0.035770,9.876605,0.006059,-0.024166,-0.015521
447691360.000,ZR,handheld,水平,right,recording,充电口朝内,5,-0.037773,-0.049521,9.853484,0.010885,-0.026660,-0.011468
447691370.000,ZR,handheld,水平,right,recording,充电口朝内,5,-0.006554,-0.064042,9.814281,0.010164,-0.030229,-0.007269
447691380.000,ZR,handheld,水平,right,recording,充电口朝内,5,0.017238,-0.079418,9.733645,0.002772,-0.032296,-0.005748
447691390.000,ZR,handheld,水平,right,recording,充电口朝内,5,0.017519,-0.057745,9.783458,-0.003179,-0.020969,-0.004558
447691400.000,ZR,handheld,水平,right,recording,充电口朝内,5,0.005875,-0.042431,9.875353,-0.000767,-0.007188,-0.001124
447691410.000,ZR,handheld,水平,right,recording,充电口朝内,5,0.062513,-0.061213,9.869555,0.004919,-0.000972,-0.002742
447691420.000,ZR,handheld,水平,right,recording,充电口朝内,5,0.097174,-0.071981,9.875426,0.007674,-0.000042,-0.010542
447691430.000,ZR,handheld,水平,right,recording,充电口朝内,5,0.050598,-0.072911,9.849574,0.005379,0.009353,-0.014831
447691440.000,ZR,handheld,水平,right,recording,充电口朝内,5,-0.043019,-0.093462,9.856655,-0.000455,0.018977,-0.010708
447691450.000,ZR,handheld,水平,right,recording,充电口朝内,5,-0.060384,-0.089399,9.915502,0.001534,0.028508,-0.005697
447691460.000,ZR,handheld,水平,right,recording,充电口朝内,5,-0.063449,-0.084243,9.885732,0.005757,0.025988,-0.003036
447691470.000,ZR,handheld,水平,right,recording,充电口朝内,5,-0.051520,-0.068218,9.901362,0.019138,0.006840,-0.004434
447691480.000,ZR,handheld,水平,right,recording,充电口朝内,5,-0.018606,-0.057426,9.834689,0.027585,-0.003213,-0.007096
447691490.000,ZR,handheld,水平,right,recording,充电口朝内,5,-0.058516,-0.024314,9.726157,0.025363,-0.003331,-0.007104
447691500.000,ZR,handheld,水平,right,recording,充电口朝内,5,-0.081986,-0.044332,9.712864,0.015739,0.007964,-0.000479
447691510.000,ZR,handheld,水平,right,recording,充电口朝内,5,-0.100461,-0.024281,9.657057,0.004715,0.005668,0.005911
447691520.000,ZR,handheld,水平,right,recording,充电口朝内,5,-0.043766,-0.028331,9.722866,-0.000373,-0.002177,0.008377
447691530.000,ZR,handheld,水平,right,recording,充电口朝内,5,0.042329,0.017422,9.812591,0.003664,-0.014082,0.002745
447691540.000,ZR,handheld,水平,right,recording,充电口朝内,5,0.059143,0.045382,9.927899,0.015313,-0.014656,-0.003421
447691550.000,ZR,handheld,水平,right,recording,充电口朝内,5,0.040735,0.023727,9.863712,0.019313,-0.008289,-0.007511
447691560.000,ZR,handheld,水平,right,recording,充电口朝内,5,-0.028548,0.008588,9.814637,0.019762,-0.007961,-0.005575
447691570.000,ZR,handheld,水平,right,recording,充电口朝内,5,-0.062371,0.011909,9.769064,0.017698,-0.011407,0.001852
447691580.000,ZR,handheld,水平,right,recording,充电口朝内,5,-0.031210,0.013682,9.781051,0.013180,-0.003041,0.004473
447691590.000,ZR,handheld,水平,right,recording,充电口朝内,5,0.057694,0.027051,9.778456,0.001718,0.011207,0.000476
447691600.000,ZR,handheld,水平,right,recording,充电口朝内,5,0.041246,0.036339,9.779248,-0.003863,0.024901,-0.002364
447691610.000,ZR,handheld,水平,right,recording,充电口朝内,5,-0.001592,-0.010204,9.730961,-0.008345,0.023624,-0.003107
447691620.000,ZR,handheld,水平,right,recording,充电口朝内,5,-0.012598,-0.020266,9.724337,-0.017520,0.015729,-0.004874
447691630.000,ZR,handheld,水平,right,recording,充电口朝内,5,-0.045828,-0.023040,9.820124,-0.018884,0.012687,-0.006511
447691640.000,ZR,handheld,水平,right,recording,充电口朝内,5,-0.033700,-0.042592,9.895428,-0.014750,0.007030,-0.009464
447691650.000,ZR,handheld,水平,right,recording,充电口朝内,5,-0.061393,-0.037826,9.929487,-0.004704,-0.005441,-0.009150
447691660.000,ZR,handheld,水平,right,recording,充电口朝内,5,-0.063972,-0.053480,9.990727,0.010808,-0.011731,-0.008002
447691670.000,ZR,handheld,水平,right,recording,充电口朝内,5,-0.104804,-0.064080,9.982984,0.024371,-0.013306,-0.001916
447691680.000,ZR,handheld,水平,right,recording,充电口朝内,5,-0.088620,-0.052698,9.935168,0.033007,-0.014785,0.003804
447691690.000,ZR,handheld,水平,right,recording,充电口朝内,5,-0.099687,-0.036484,9.870044,0.036488,-0.014903,0.010849
447691700.000,ZR,handheld,水平,right,recording,充电口朝内,5,-0.088420,-0.025062,9.772084,0.030433,-0.009382,0.014216
447691710.000,ZR,handheld,水平,right,recording,充电口朝内,5,-0.047337,-0.020724,9.746850,0.021402,-0.006020,0.018121
447691720.000,ZR,handheld,水平,right,recording,充电口朝内,5,-0.018638,0.013050,9.771803,0.016133,0.004534,0.018753
447691730.000,ZR,handheld,水平,right,recording,充电口朝内,5,-0.009234,0.007984,9.725841,0.008596,0.003612,0.017475
447691740.000,ZR,handheld,水平,right,recording,充电口朝内,5,-0.000985,0.009957,9.782678,0.006399,-0.002535,0.016161
447691750.000,ZR,handheld,水平,right,recording,充电口朝内,5,0.031346,0.027812,9.820072,0.009282,-0.007342,0.013760
447691760.000,ZR,handheld,水平,right,recording,充电口朝内,5,0.078803,0.022886,9.843696,0.009763,0.001111,0.006620
447691770.000,ZR,handheld,水平,right,recording,充电口朝内,5,0.079975,0.021589,9.870441,0.012138,0.008349,0.001297
447691780.000,ZR,handheld,水平,right,recording,充电口朝内,5,0.025318,0.000734,9.892549,0.020465,0.004100,-0.000384
447691790.000,ZR,handheld,水平,right,recording,充电口朝内,5,0.019961,-0.002931,9.936328,0.032784,-0.004569,0.000000
447691800.000,ZR,handheld,水平,right,recording,充电口朝内,5,-0.010067,-0.001129,9.952655,0.048156,-0.006834,0.000364
447691810.000,ZR,handheld,水平,right,recording,充电口朝内,5,-0.011431,0.019053,9.830015,0.051381,0.000115,0.001644
447691820.000,ZR,handheld,水平,right,recording,充电口朝内,5,0.001495,-0.011772,9.618959,0.035285,-0.000011,0.000372
447691830.000,ZR,handheld,水平,right,recording,充电口朝内,5,0.060349,0.023999,9.586762,0.017956,-0.006376,-0.004240
447691840.000,ZR,handheld,水平,right,recording,充电口朝内,5,0.087912,0.033153,9.658544,0.008929,-0.013868,-0.012942
447691850.000,ZR,handheld,水平,right,recording,充电口朝内,5,-0.005360,0.020537,9.790703,0.011449,-0.016168,-0.017025
447691860.000,ZR,handheld,水平,right,recording,充电口朝内,5,-0.059641,0.019857,9.906140,0.024696,-0.018343,-0.015101
447691870.000,ZR,handheld,水平,right,recording,充电口朝内,5,-0.074127,-0.003043,9.855539,0.034556,-0.018384,-0.010408
447691880.000,ZR,handheld,水平,right,recording,充电口朝内,5,-0.082186,0.001123,9.773828,0.031624,-0.016709,-0.003903
447691890.000,ZR,handheld,水平,right,recording,充电口朝内,5,-0.052615,0.048172,9.735299,0.025845,-0.019328,-0.000355
447691900.000,ZR,handheld,水平,right,recording,充电口朝内,5,-0.027223,0.031336,9.681597,0.016358,-0.013161,0.004294
447691910.000,ZR,handheld,水平,right,recording,充电口朝内,5,-0.036175,0.042444,9.646838,0.000009,-0.009728,0.007605
447691920.000,ZR,handheld,水平,right,recording,充电口朝内,5,-0.014883,0.047621,9.721966,-0.007323,-0.005444,0.009080
447691930.000,ZR,handheld,水平,right,recording,充电口朝内,5,0.031667,0.066877,9.780496,-0.007749,0.002415,0.008045
447691940.000,ZR,handheld,水平,right,recording,充电口朝内,5,0.044897,0.086730,9.805328,-0.008179,0.004866,0.005713
447691950.000,ZR,handheld,水平,right,recording,充电口朝内,5,0.035199,0.072678,9.742270,-0.009620,0.001859,0.004611
447691960.000,ZR,handheld,水平,right,recording,充电口朝内,5,0.035166,0.071564,9.757403,-0.013357,0.000266,0.003791
447691970.000,ZR,handheld,水平,right,recording,充电口朝内,5,0.060665,0.062166,9.816773,-0.016381,0.003382,-0.000492
447691980.000,ZR,handheld,水平,right,recording,充电口朝内,5,0.060106,0.047606,9.848941,-0.013724,0.003532,-0.003829
447691990.000,ZR,handheld,水平,right,recording,充电口朝内,5,0.001742,0.046584,9.925088,-0.004789,-0.001324,-0.003709
447692000.000,ZR,handheld,水平,right,recording,充电口朝内,5,-0.026811,0.009392,9.939861,0.009900,-0.010236,-0.003148
447692010.000,ZR,handheld,水平,right,recording,充电口朝内,5,-0.022139,0.020848,9.838338,0.011992,-0.004649,-0.003738
447692020.000,ZR,handheld,水平,right,recording,充电口朝内,5,0.006729,0.000767,9.706942,-0.003801,0.005787,-0.004318
447692030.000,ZR,handheld,水平,right,recording,充电口朝内,5,-0.013541,-0.004260,9.712389,-0.021282,0.016835,-0.001547
447692040.000,ZR,handheld,水平,right,recording,充电口朝内,5,-0.069627,-0.033316,9.797228,-0.029272,0.025687,0.004689
447692050.000,ZR,handheld,水平,right,recording,充电口朝内,5,-0.095657,-0.023945,9.953980,-0.023297,0.024678,0.011939
447692060.000,ZR,handheld,水平,right,recording,充电口朝内,5,-0.103221,-0.061537,10.033554,-0.007835,0.021705,0.019999
447692070.000,ZR,handheld,水平,right,recording,充电口朝内,5,-0.031263,-0.025549,10.035550,0.014069,0.011737,0.022603
447692080.000,ZR,handheld,水平,right,recording,充电口朝内,5,0.056034,0.020749,10.006745,0.032725,-0.000027,0.014765
447692090.000,ZR,handheld,水平,right,recording,充电口朝内,5,0.065491,0.039494,9.870071,0.043208,-0.011504,0.004495
447692100.000,ZR,handheld,水平,right,recording,充电口朝内,5,0.010528,0.023396,9.759121,0.042727,-0.016397,0.003019
447692110.000,ZR,handheld,水平,right,recording,充电口朝内,5,-0.054615,0.044065,9.624825,0.027694,-0.014425,0.006357
447692120.000,ZR,handheld,水平,right,recording,充电口朝内,5,-0.067856,0.047173,9.521819,-0.003266,0.004086,0.016162
447692130.000,ZR,handheld,水平,right,recording,充电口朝内,5,-0.005897,0.037459,9.599473,-0.031502,0.031530,0.022860
447692140.000,ZR,handheld,水平,right,recording,充电口朝内,5,0.056679,0.098133,9.754578,-0.043976,0.052971,0.022364
447692150.000,ZR,handheld,水平,right,recording,充电口朝内,5,0.062906,0.072892,9.909661,-0.039275,0.058432,0.018083
447692160.000,ZR,handheld,水平,right,recording,充电口朝内,5,0.075344,0.081287,10.043289,-0.011903,0.035974,0.009641
447692170.000,ZR,handheld,水平,right,recording,充电口朝内,5,0.122890,0.088789,10.003273,0.017125,0.000486,-0.005459
447692180.000,ZR,handheld,水平,right,recording,充电口朝内,5,0.111939,0.095130,9.934177,0.040829,-0.022536,-0.021883
447692190.000,ZR,handheld,水平,right,recording,充电口朝内,5,0.060376,0.070769,9.818731,0.051935,-0.035245,-0.030834
447692200.000,ZR,handheld,水平,right,recording,充电口朝内,5,-0.070853,0.062171,9.655863,0.050456,-0.043466,-0.028860
447692210.000,ZR,handheld,水平,right,recording,充电口朝内,5,-0.143213,0.031949,9.535978,0.033410,-0.046592,-0.018339
447692220.000,ZR,handheld,水平,right,recording,充电口朝内,5,-0.132447,0.002258,9.435603,0.001765,-0.034583,-0.008868
447692230.000,ZR,handheld,水平,right,recording,充电口朝内,5,-0.090289,0.040329,9.476622,-0.036510,-0.006892,-0.003784
447692240.000,ZR,handheld,水平,right,recording,充电口朝内,5,-0.091625,0.008747,9.618103,-0.061625,0.015126,0.002340
447692250.000,ZR,handheld,水平,right,recording,充电口朝内,5,-0.106545,0.012027,9.852483,-0.058492,0.006847,0.006945
447692260.000,ZR,handheld,水平,right,recording,充电口朝内,5,-0.041153,0.012026,10.064054,-0.026790,-0.015870,0.005725
447692270.000,ZR,handheld,水平,right,recording,充电口朝内,5,-0.006609,0.035393,10.120281,0.009387,-0.030116,0.004885
447692280.000,ZR,handheld,水平,right,recording,充电口朝内,5,-0.011552,0.010431,9.994373,0.031142,-0.029559,0.004932
447692290.000,ZR,handheld,水平,right,recording,充电口朝内,5,-0.025674,-0.023211,9.709715,0.022302,-0.021244,0.009178
447692300.000,ZR,handheld,水平,right,recording,充电口朝内,5,0.038111,-0.042601,9.583332,-0.010267,-0.000232,0.010398
447692310.000,ZR,handheld,水平,right,recording,充电口朝内,5,0.061332,-0.021566,9.677747,-0.038374,0.034858,0.009986
447692320.000,ZR,handheld,水平,right,recording,充电口朝内,5,0.028358,-0.035550,9.823047,-0.050559,0.050005,0.011779
447692330.000,ZR,handheld,水平,right,recording,充电口朝内,5,-0.034910,-0.025653,9.977095,-0.041129,0.035476,0.011468
447692340.000,ZR,handheld,水平,right,recording,充电口朝内,5,-0.022199,-0.017358,10.115842,-0.013265,0.011233,0.009250
447692350.000,ZR,handheld,水平,right,recording,充电口朝内,5,0.013093,0.020804,10.143929,0.020746,-0.010270,0.004596
447692360.000,ZR,handheld,水平,right,recording,充电口朝内,5,0.059934,0.025332,9.990872,0.043275,-0.030434,-0.003234
447692370.000,ZR,handheld,水平,right,recording,充电口朝内,5,0.054450,0.051195,9.841210,0.050341,-0.041840,-0.008721
447692380.000,ZR,handheld,水平,right,recording,充电口朝内,5,0.017836,0.070041,9.694458,0.040114,-0.033886,-0.007029
447692390.000,ZR,handheld,水平,right,recording,充电口朝内,5,-0.001019,0.074293,9.576924,0.009824,-0.006032,-0.002619
447692400.000,ZR,handheld,水平,right,recording,充电口朝内,5,-0.048964,0.043500,9.625757,-0.017420,0.017203,0.004368
447692410.000,ZR,handheld,水平,right,recording,充电口朝内,5,-0.054789,0.038669,9.701124,-0.031682,0.027174,0.011612
447692420.000,ZR,handheld,水平,right,recording,充电口朝内,5,0.026624,0.022707,9.824287,-0.032931,0.015567,0.008974
447692430.000,ZR,handheld,水平,right,recording,充电口朝内,5,0.060366,0.055804,9.991193,-0.015113,0.007755,0.000572
447692440.000,ZR,handheld,水平,right,recording,充电口朝内,5,-0.000363,0.016376,10.047814,0.009313,0.002151,-0.002424
447692450.000,ZR,handheld,水平,right,recording,充电口朝内,5,-0.093985,-0.003503,9.966211,0.027860,-0.004202,-0.000745
447692460.000,ZR,handheld,水平,right,recording,充电口朝内,5,-0.121830,-0.013383,9.881315,0.034752,-0.007522,0.007405
447692470.000,ZR,handheld,水平,right,recording,充电口朝内,5,-0.073769,-0.003375,9.735806,0.029890,0.001256,0.013724
447692480.000,ZR,handheld,水平,right,recording,充电口朝内,5,-0.011073,0.017551,9.619143,0.011336,0.010585,0.014439
447692490.000,ZR,handheld,水平,right,recording,充电口朝内,5,-0.017843,0.040625,9.612597,-0.005093,0.012062,0.013955
447692500.000,ZR,handheld,水平,right,recording,充电口朝内,5,0.002106,0.088459,9.661910,-0.013440,0.006802,0.010055
447692510.000,ZR,handheld,水平,right,recording,充电口朝内,5,-0.058594,0.033628,9.732864,-0.015241,0.006559,0.012748
447692520.000,ZR,handheld,水平,right,recording,充电口朝内,5,-0.089985,0.056067,9.785910,-0.014853,0.002494,0.017548
447692530.000,ZR,handheld,水平,right,recording,充电口朝内,5,-0.034441,0.052764,9.780543,-0.015864,0.005602,0.018459
447692540.000,ZR,handheld,水平,right,recording,充电口朝内,5,0.029175,0.031582,9.802875,-0.016933,0.005598,0.015600
447692550.000,ZR,handheld,水平,right,recording,充电口朝内,5,0.088106,0.037934,9.871654,-0.009745,0.001322,0.010416
447692560.000,ZR,handheld,水平,right,recording,充电口朝内,5,0.112214,0.035058,9.867627,-0.004999,-0.009661,0.001471
447692570.000,ZR,handheld,水平,right,recording,充电口朝内,5,0.084623,0.031630,9.910443,0.001764,-0.013335,-0.002598
447692580.000,ZR,handheld,水平,right,recording,充电口朝内,5,0.040357,0.025508,9.897304,0.003776,-0.002746,-0.003407
447692590.000,ZR,handheld,水平,right,recording,充电口朝内,5,0.001378,0.011267,9.872815,-0.000421,0.009820,-0.002021
447692600.000,ZR,handheld,水平,right,recording,充电口朝内,5,-0.032542,0.021005,9.879728,-0.001304,0.019184,0.000264
447692610.000,ZR,handheld,水平,right,recording,充电口朝内,5,-0.052712,0.007412,9.907911,0.000807,0.019824,0.004479
447692620.000,ZR,handheld,水平,right,recording,充电口朝内,5,-0.017671,-0.003729,9.862974,0.004208,0.013963,0.003257
447692630.000,ZR,handheld,水平,right,recording,充电口朝内,5,-0.003083,0.004841,9.849216,0.006992,0.004206,-0.000964
447692640.000,ZR,handheld,水平,right,recording,充电口朝内,5,-0.032354,0.012754,9.865335,0.010934,0.002459,-0.000781
447692650.000,ZR,handheld,水平,right,recording,充电口朝内,5,-0.058384,-0.002756,9.893979,0.011977,0.009322,0.001148
447692660.000,ZR,handheld,水平,right,recording,充电口朝内,5,-0.069154,0.006619,9.854162,0.013019,0.016343,0.004990
447692670.000,ZR,handheld,水平,right,recording,充电口朝内,5,-0.096035,-0.012066,9.816638,0.013152,0.026556,0.014047
447692680.000,ZR,handheld,水平,right,recording,充电口朝内,5,-0.080269,-0.001746,9.792892,0.011321,0.035739,0.019123
447692690.000,ZR,handheld,水平,right,recording,充电口朝内,5,-0.056968,0.016930,9.687242,0.001391,0.042162,0.021997
447692700.000,ZR,handheld,水平,right,recording,充电口朝内,5,-0.037916,0.008939,9.684080,-0.009918,0.040372,0.020854
447692710.000,ZR,handheld,水平,right,recording,充电口朝内,5,-0.010377,0.046042,9.739738,-0.014912,0.028993,0.015517
447692720.000,ZR,handheld,水平,right,recording,充电口朝内,5,-0.005111,0.036923,9.841391,-0.008796,0.012802,0.011115
447692730.000,ZR,handheld,水平,right,recording,充电口朝内,5,0.007160,0.058339,9.900294,0.008077,-0.002936,0.004029
447692740.000,ZR,handheld,水平,right,recording,充电口朝内,5,0.027765,0.069174,9.892531,0.019653,-0.013789,-0.001842
447692750.000,ZR,handheld,水平,right,recording,充电口朝内,5,0.015796,0.064028,9.811959,0.023871,-0.014507,-0.004468
447692760.000,ZR,handheld,水平,right,recording,充电口朝内,5,-0.003039,0.039895,9.739960,0.017016,-0.001163,-0.005071
447692770.000,ZR,handheld,水平,right,recording,充电口朝内,5,-0.035225,0.047557,9.633125,-0.001338,0.009500,-0.002273
447692780.000,ZR,handheld,水平,right,recording,充电口朝内,5,-0.067041,0.031366,9.654132,-0.018658,0.015523,0.003472
447692790.000,ZR,handheld,水平,right,recording,充电口朝内,5,-0.070489,0.029927,9.764313,-0.025007,0.021436,0.008526
447692800.000,ZR,handheld,水平,right,recording,充电口朝内,5,-0.024657,0.036234,9.882310,-0.019269,0.022409,0.010115
447692810.000,ZR,handheld,水平,right,recording,充电口朝内,5,-0.004470,0.044850,9.946232,-0.007993,0.020921,0.005970
447692820.000,ZR,handheld,水平,right,recording,充电口朝内,5,0.010219,0.066925,9.899922,0.007603,0.006861,-0.000410
447692830.000,ZR,handheld,水平,right,recording,充电口朝内,5,-0.016588,0.037162,9.908547,0.021792,-0.003967,-0.003944
447692840.000,ZR,handheld,水平,right,recording,充电口朝内,5,-0.030630,0.019613,9.819070,0.024503,-0.006816,-0.005623
447692850.000,ZR,handheld,水平,right,recording,充电口朝内,5,-0.056967,0.027975,9.756894,0.019189,0.000020,-0.007015
447692860.000,ZR,handheld,水平,right,recording,充电口朝内,5,-0.098236,0.008245,9.700726,0.006723,0.003286,-0.003302
447692870.000,ZR,handheld,水平,right,recording,充电口朝内,5,-0.158382,0.007033,9.718137,-0.007289,0.010495,0.003731
447692880.000,ZR,handheld,水平,right,recording,充电口朝内,5,-0.133115,0.007934,9.748035,-0.015917,0.017293,0.010231
447692890.000,ZR,handheld,水平,right,recording,充电口朝内,5,-0.110504,0.009962,9.802046,-0.019473,0.015269,0.011991
447692900.000,ZR,handheld,水平,right,recording,充电口朝内,5,-0.122383,0.021913,9.908089,-0.013045,0.009016,0.014763
447692910.000,ZR,handheld,水平,right,recording,充电口朝内,5,-0.071174,0.007655,9.984117,-0.002617,0.011196,0.015303
447692920.000,ZR,handheld,水平,right,recording,充电口朝内,5,-0.039457,0.009824,9.983769,0.009231,0.016962,0.012399
447692930.000,ZR,handheld,水平,right,recording,充电口朝内,5,-0.036815,0.017927,9.913468,0.015981,0.018830,0.010132
447692940.000,ZR,handheld,水平,right,recording,充电口朝内,5,-0.067545,0.014744,9.829948,0.016342,0.017999,0.010618
447692950.000,ZR,handheld,水平,right,recording,充电口朝内,5,-0.103076,0.041599,9.762695,0.013336,0.011818,0.014214
447692960.000,ZR,handheld,水平,right,recording,充电口朝内,5,-0.021495,0.045133,9.728189,0.002148,0.015267,0.012992
447692970.000,ZR,handheld,水平,right,recording,充电口朝内,5,0.034064,0.069957,9.731842,-0.006029,0.024118,0.008191
447692980.000,ZR,handheld,水平,right,recording,充电口朝内,5,-0.035100,0.051915,9.817154,-0.007357,0.026089,0.008030
447692990.000,ZR,handheld,水平,right,recording,充电口朝内,5,-0.087915,0.052008,9.908137,0.000371,0.022392,0.010456
447693000.000,ZR,handheld,水平,right,recording,充电口朝内,5,-0.078200,0.026959,9.923450,0.015245,0.010334,0.012052
447693010.000,ZR,handheld,水平,right,recording,充电口朝内,5,-0.053827,0.045236,9.888542,0.027091,0.000819,0.012259
447693020.000,ZR,handheld,水平,right,recording,充电口朝内,5,-0.000332,0.060169,9.805930,0.032821,0.000000,0.010753
447693030.000,ZR,handheld,水平,right,recording,充电口朝内,5,0.025593,0.092439,9.726932,0.029433,0.004610,0.007098
447693040.000,ZR,handheld,水平,right,recording,充电口朝内,5,0.092299,0.106900,9.662004,0.013607,0.013636,-0.002001
447693050.000,ZR,handheld,水平,right,recording,充电口朝内,5,0.050874,0.097603,9.642494,-0.001808,0.017836,-0.011164
447693060.000,ZR,handheld,水平,right,recording,充电口朝内,5,0.000079,0.092685,9.728398,-0.006780,0.017841,-0.016555
447693070.000,ZR,handheld,水平,right,recording,充电口朝内,5,-0.098717,0.059651,9.792328,-0.007161,0.010117,-0.015880
447693080.000,ZR,handheld,水平,right,recording,充电口朝内,5,-0.130346,0.037512,9.839618,0.000350,-0.000802,-0.011391
447693090.000,ZR,handheld,水平,right,recording,充电口朝内,5,-0.114295,0.047364,9.835032,0.006749,-0.003016,-0.010745
447693100.000,ZR,handheld,水平,right,recording,充电口朝内,5,-0.099720,0.046110,9.736863,-0.001189,-0.003693,-0.011427
447693110.000,ZR,handheld,水平,right,recording,充电口朝内,5,-0.129384,0.010350,9.730567,-0.007157,-0.001226,-0.007554
447693120.000,ZR,handheld,水平,right,recording,充电口朝内,5,-0.125143,0.012909,9.763828,-0.007478,-0.009416,-0.001712
447693130.000,ZR,handheld,水平,right,recording,充电口朝内,5,-0.040184,0.043016,9.794599,-0.005298,-0.015015,-0.003793
447693140.000,ZR,handheld,水平,right,recording,充电口朝内,5,0.007126,0.052311,9.832932,-0.002702,-0.026913,-0.012404
447693150.000,ZR,handheld,水平,right,recording,充电口朝内,5,0.005302,0.055193,9.903209,0.006440,-0.026098,-0.017060
447693160.000,ZR,handheld,水平,right,recording,充电口朝内,5,-0.029274,0.029976,9.898949,0.011925,-0.017627,-0.017308
447693170.000,ZR,handheld,水平,right,recording,充电口朝内,5,-0.067072,0.005520,9.844686,0.013218,-0.011382,-0.015156
447693180.000,ZR,handheld,水平,right,recording,充电口朝内,5,-0.118298,-0.012257,9.816421,0.009620,-0.006610,-0.008639
447693190.000,ZR,handheld,水平,right,recording,充电口朝内,5,-0.164940,-0.025703,9.870347,0.009892,-0.003557,-0.002053
447693200.000,ZR,handheld,水平,right,recording,充电口朝内,5,-0.149653,-0.028051,9.847652,0.008948,0.000884,0.004438
447693210.000,ZR,handheld,水平,right,recording,充电口朝内,5,-0.138604,-0.012461,9.829794,0.006661,0.004730,0.008766
447693220.000,ZR,handheld,水平,right,recording,充电口朝内,5,-0.104752,-0.011071,9.817526,0.003779,0.006710,0.011686
447693230.000,ZR,handheld,水平,right,recording,充电口朝内,5,-0.111402,0.014832,9.830433,0.004019,0.007541,0.014011
447693240.000,ZR,handheld,水平,right,recording,充电口朝内,5,-0.109253,0.054228,9.809513,0.000842,0.009849,0.014474
447693250.000,ZR,handheld,水平,right,recording,充电口朝内,5,-0.125060,0.052268,9.802856,-0.000674,0.005770,0.015862
447693260.000,ZR,handheld,水平,right,recording,充电口朝内,5,-0.093068,0.078775,9.783256,-0.003287,0.003213,0.017987
447693270.000,ZR,handheld,水平,right,recording,充电口朝内,5,-0.035554,0.103435,9.821598,-0.004546,0.000436,0.013694
447693280.000,ZR,handheld,水平,right,recording,充电口朝内,5,0.020346,0.115969,9.863002,0.000502,-0.001824,0.007408
447693290.000,ZR,handheld,水平,right,recording,充电口朝内,5,0.038393,0.106950,9.883120,0.010348,-0.007817,0.001300
447693300.000,ZR,handheld,水平,right,recording,充电口朝内,5,0.025893,0.112706,9.850820,0.014009,-0.012170,-0.004129
447693310.000,ZR,handheld,水平,right,recording,充电口朝内,5,-0.021934,0.072717,9.828156,0.013944,-0.009933,-0.004135
447693320.000,ZR,handheld,水平,right,recording,充电口朝内,5,-0.067668,0.059612,9.833698,0.012194,-0.001045,-0.002091
447693330.000,ZR,handheld,水平,right,recording,充电口朝内,5,-0.090762,0.057961,9.864536,0.012829,-0.000470,0.001029
447693340.000,ZR,handheld,水平,right,recording,充电口朝内,5,-0.052419,0.052019,9.840780,0.016505,-0.002135,0.000534
447693350.000,ZR,handheld,水平,right,recording,充电口朝内,5,-0.015517,0.061011,9.783514,0.015500,-0.008383,-0.004548
447693360.000,ZR,handheld,水平,right,recording,充电口朝内,5,-0.026749,0.074969,9.799094,0.013568,-0.010002,-0.010669
447693370.000,ZR,handheld,水平,right,recording,充电口朝内,5,-0.087432,0.060964,9.797742,0.006936,-0.001176,-0.013522
447693380.000,ZR,handheld,水平,right,recording,充电口朝内,5,-0.112882,0.058485,9.787597,0.001615,0.004312,-0.011980
447693390.000,ZR,handheld,水平,right,recording,充电口朝内,5,-0.200550,0.041812,9.806892,-0.000936,0.009964,-0.004833
447693400.000,ZR,handheld,水平,right,recording,充电口朝内,5,-0.257999,0.036377,9.838957,-0.001390,0.009204,0.005001
447693410.000,ZR,handheld,水平,right,recording,充电口朝内,5,-0.216040,0.042522,9.835391,-0.000761,0.008252,0.014051
447693420.000,ZR,handheld,水平,right,recording,充电口朝内,5,-0.166314,0.045515,9.798245,0.000435,0.003846,0.017254
447693430.000,ZR,handheld,水平,right,recording,充电口朝内,5,-0.078042,0.070854,9.793308,-0.001882,-0.000041,0.013347
447693440.000,ZR,handheld,水平,right,recording,充电口朝内,5,-0.122496,0.041766,9.789598,-0.004556,-0.000339,0.012334
447693450.000,ZR,handheld,水平,right,recording,充电口朝内,5,-0.145397,0.042678,9.828893,-0.004154,0.002028,0.015239
447693460.000,ZR,handheld,水平,right,recording,充电口朝内,5,-0.138256,0.034956,9.886987,0.000982,0.000664,0.018501
447693470.000,ZR,handheld,水平,right,recording,充电口朝内,5,-0.099108,0.063990,9.915361,0.013247,-0.003429,0.020331
447693480.000,ZR,handheld,水平,right,recording,充电口朝内,5,-0.063834,0.077664,9.938372,0.030640,-0.010634,0.020743
447693490.000,ZR,handheld,水平,right,recording,充电口朝内,5,-0.017205,0.090282,9.894356,0.045601,-0.017876,0.016080
447693500.000,ZR,handheld,水平,right,recording,充电口朝内,5,0.012896,0.091192,9.719106,0.047098,-0.024145,0.008597
447693510.000,ZR,handheld,水平,right,recording,充电口朝内,5,0.035188,0.110982,9.579619,0.030067,-0.018813,0.000103
447693520.000,ZR,handheld,水平,right,recording,充电口朝内,5,-0.059600,0.087979,9.497443,0.000727,-0.004656,0.000631
447693530.000,ZR,handheld,水平,right,recording,充电口朝内,5,-0.119639,0.068947,9.508673,-0.028818,0.017666,0.006672
447693540.000,ZR,handheld,水平,right,recording,充电口朝内,5,-0.124914,0.064340,9.656484,-0.045309,0.019347,0.012140
447693550.000,ZR,handheld,水平,right,recording,充电口朝内,5,-0.141918,0.043263,9.838723,-0.038918,0.008581,0.017009
447693560.000,ZR,handheld,水平,right,recording,充电口朝内,5,-0.105559,0.060833,9.957971,-0.024286,0.004315,0.017418
447693570.000,ZR,handheld,水平,right,recording,充电口朝内,5,-0.076343,0.047002,9.942583,-0.008907,-0.003184,0.017018
447693580.000,ZR,handheld,水平,right,recording,充电口朝内,5,-0.062023,0.030939,9.970527,0.009397,-0.013843,0.015737
447693590.000,ZR,handheld,水平,right,recording,充电口朝内,5,-0.038202,0.055041,9.919866,0.017948,-0.019133,0.012904
447693600.000,ZR,handheld,水平,right,recording,充电口朝内,5,-0.009830,0.063745,9.813455,0.013708,-0.014965,0.011246
447693610.000,ZR,handheld,水平,right,recording,充电口朝内,5,0.031376,0.090864,9.749063,0.002246,-0.005981,0.007714
447693620.000,ZR,handheld,水平,right,recording,充电口朝内,5,0.030460,0.092238,9.707378,-0.013609,-0.002158,0.004072
447693630.000,ZR,handheld,水平,right,recording,充电口朝内,5,0.002345,0.102501,9.774473,-0.021404,0.003241,0.001168
447693640.000,ZR,handheld,水平,right,recording,充电口朝内,5,-0.023174,0.102718,9.906215,-0.014698,0.001546,0.000536
447693650.000,ZR,handheld,水平,right,recording,充电口朝内,5,-0.073512,0.081904,9.996182,0.003517,-0.006482,0.001828
447693660.000,ZR,handheld,水平,right,recording,充电口朝内,5,-0.066065,0.093485,9.966922,0.021981,-0.022083,0.003433
447693670.000,ZR,handheld,水平,right,recording,充电口朝内,5,-0.049521,0.067651,9.913284,0.030466,-0.028545,0.002821
447693680.000,ZR,handheld,水平,right,recording,充电口朝内,5,-0.026407,0.094255,9.845067,0.032723,-0.025716,0.001616
447693690.000,ZR,handheld,水平,right,recording,充电口朝内,5,-0.037603,0.072163,9.785717,0.028568,-0.017326,0.001585
447693700.000,ZR,handheld,水平,right,recording,充电口朝内,5,-0.055924,0.054004,9.694208,0.015258,-0.010325,0.004900
447693710.000,ZR,handheld,水平,right,recording,充电口朝内,5,-0.042033,0.059656,9.688956,0.000632,-0.010423,0.003609
447693720.000,ZR,handheld,水平,right,recording,充电口朝内,5,-0.017485,0.066794,9.771207,-0.004332,-0.011850,0.000815
447693730.000,ZR,handheld,水平,right,recording,充电口朝内,5,-0.030044,0.086477,9.825868,-0.005193,-0.005906,-0.002955
447693740.000,ZR,handheld,水平,right,recording,充电口朝内,5,-0.059411,0.079683,9.843576,-0.002221,-0.007851,-0.005057
447693750.000,ZR,handheld,水平,right,recording,充电口朝内,5,-0.099370,0.062635,9.867456,0.005219,-0.015155,-0.005570
447693760.000,ZR,handheld,水平,right,recording,充电口朝内,5,-0.125362,0.069991,9.883373,0.016989,-0.027840,-0.003300
447693770.000,ZR,handheld,水平,right,recording,充电口朝内,5,-0.155278,0.068229,9.890137,0.027736,-0.032521,-0.000688
447693780.000,ZR,handheld,水平,right,recording,充电口朝内,5,-0.124121,0.074390,9.797627,0.027965,-0.027994,0.005546
447693790.000,ZR,handheld,水平,right,recording,充电口朝内,5,-0.102120,0.076914,9.698240,0.016674,-0.018927,0.011709
447693800.000,ZR,handheld,水平,right,recording,充电口朝内,5,-0.082340,0.086231,9.656195,-0.001456,-0.008524,0.015551
447693810.000,ZR,handheld,水平,right,recording,充电口朝内,5,-0.060210,0.068716,9.712565,-0.017581,0.003531,0.017509
447693820.000,ZR,handheld,水平,right,recording,充电口朝内,5,-0.021476,0.058252,9.837767,-0.021329,0.009527,0.017480
447693830.000,ZR,handheld,水平,right,recording,充电口朝内,5,-0.014254,0.050494,9.976431,-0.006901,0.003406,0.015498
447693840.000,ZR,handheld,水平,right,recording,充电口朝内,5,0.035908,0.070283,9.980611,0.011105,-0.010226,0.008796
447693850.000,ZR,handheld,水平,right,recording,充电口朝内,5,0.079118,0.088102,9.933596,0.024463,-0.020480,-0.001052
447693860.000,ZR,handheld,水平,right,recording,充电口朝内,5,0.028121,0.075038,9.912765,0.034563,-0.018153,-0.004069
447693870.000,ZR,handheld,水平,right,recording,充电口朝内,5,-0.043483,0.088592,9.810818,0.035393,-0.015056,-0.002273
447693880.000,ZR,handheld,水平,right,recording,充电口朝内,5,-0.071404,0.069812,9.687620,0.025470,-0.006485,0.003087
447693890.000,ZR,handheld,水平,right,recording,充电口朝内,5,-0.046910,0.070734,9.610652,0.007517,0.001359,0.007929
447693900.000,ZR,handheld,水平,right,recording,充电口朝内,5,-0.001757,0.086866,9.658786,-0.004506,0.002449,0.008172
447693910.000,ZR,handheld,水平,right,recording,充电口朝内,5,0.005861,0.079148,9.754552,-0.002385,-0.003661,0.007676
447693920.000,ZR,handheld,水平,right,recording,充电口朝内,5,-0.005476,0.107190,9.844817,0.005880,-0.014968,0.004817
447693930.000,ZR,handheld,水平,right,recording,充电口朝内,5,0.016897,0.136982,9.883473,0.017955,-0.016971,0.000230
447693940.000,ZR,handheld,水平,right,recording,充电口朝内,5,0.006513,0.126405,9.867964,0.027601,-0.013576,-0.001222
447693950.000,ZR,handheld,水平,right,recording,充电口朝内,5,-0.015186,0.121121,9.737683,0.027355,-0.011507,-0.002656
447693960.000,ZR,handheld,水平,right,recording,充电口朝内,5,-0.027635,0.130500,9.633692,0.015543,-0.016820,-0.004287
447693970.000,ZR,handheld,水平,right,recording,充电口朝内,5,-0.025830,0.117083,9.642983,0.004141,-0.014793,-0.004525
447693980.000,ZR,handheld,水平,right,recording,充电口朝内,5,-0.005183,0.124688,9.658501,-0.005697,-0.012627,-0.005974
447693990.000,ZR,handheld,水平,right,recording,充电口朝内,5,0.012313,0.129323,9.685569,-0.014191,-0.011503,-0.009775
447694000.000,ZR,handheld,水平,right,recording,充电口朝内,5,-0.021325,0.121774,9.750393,-0.019730,-0.012047,-0.011369
447694010.000,ZR,handheld,水平,right,recording,充电口朝内,5,-0.058584,0.107449,9.863912,-0.013232,-0.023480,-0.009222
447694020.000,ZR,handheld,水平,right,recording,充电口朝内,5,-0.069796,0.080126,9.914391,-0.000456,-0.033732,-0.007752
447694030.000,ZR,handheld,水平,right,recording,充电口朝内,5,-0.058022,0.073376,9.894765,0.007723,-0.033446,-0.007064
447694040.000,ZR,handheld,水平,right,recording,充电口朝内,5,-0.064093,0.066081,9.884102,0.011962,-0.023150,-0.002174
447694050.000,ZR,handheld,水平,right,recording,充电口朝内,5,-0.029430,0.039250,9.811510,0.009159,-0.010152,0.000319
447694060.000,ZR,handheld,水平,right,recording,充电口朝内,5,-0.018334,0.062910,9.749218,0.002899,-0.008724,-0.000943
447694070.000,ZR,handheld,水平,right,recording,充电口朝内,5,-0.049376,0.042046,9.752479,-0.000921,-0.009718,0.000663
447694080.000,ZR,handheld,水平,right,recording,充电口朝内,5,-0.067271,0.055430,9.756719,-0.005835,-0.009406,0.004117
447694090.000,ZR,handheld,水平,right,recording,充电口朝内,5,-0.038456,0.083756,9.759145,-0.013303,-0.000609,0.006130
447694100.000,ZR,handheld,水平,right,recording,充电口朝内,5,-0.079318,0.065898,9.793718,-0.018163,0.001136,0.009587
447694110.000,ZR,handheld,水平,right,recording,充电口朝内,5,-0.085265,0.058997,9.922139,-0.010547,0.000097,0.016350
447694120.000,ZR,handheld,水平,right,recording,充电口朝内,5,-0.040041,0.075415,9.936254,-0.000950,-0.008002,0.019120
447694130.000,ZR,handheld,水平,right,recording,充电口朝内,5,0.027715,0.104875,9.969341,0.009935,-0.008598,0.017032
447694140.000,ZR,handheld,水平,right,recording,充电口朝内,5,0.055499,0.115560,9.917447,0.017012,-0.002275,0.012048
447694150.000,ZR,handheld,水平,right,recording,充电口朝内,5,0.050681,0.114669,9.850779,0.015992,-0.000536,0.009198
447694160.000,ZR,handheld,水平,right,recording,充电口朝内,5,0.007510,0.140354,9.773965,0.010649,0.001325,0.009288
447694170.000,ZR,handheld,水平,right,recording,充电口朝内,5,0.056078,0.148426,9.728887,0.000597,0.000388,0.008381
447694180.000,ZR,handheld,水平,right,recording,充电口朝内,5,0.095723,0.163577,9.741725,-0.009298,0.009675,0.005567
447694190.000,ZR,handheld,水平,right,recording,充电口朝内,5,0.123478,0.168620,9.807901,-0.011246,0.017755,-0.000811
447694200.000,ZR,handheld,水平,right,recording,充电口朝内,5,0.078440,0.152813,9.915497,-0.002247,0.019376,-0.006720
447694210.000,ZR,handheld,水平,right,recording,充电口朝内,5,0.028418,0.140025,9.928155,0.013140,0.010501,-0.008930
447694220.000,ZR,handheld,水平,right,recording,充电口朝内,5,-0.006306,0.118085,9.852050,0.025092,0.001814,-0.009739
447694230.000,ZR,handheld,水平,right,recording,充电口朝内,5,0.013558,0.096995,9.728821,0.025163,0.001059,-0.009647
447694240.000,ZR,handheld,水平,right,recording,充电口朝内,5,-0.023667,0.096803,9.660338,0.014973,0.006192,-0.009150
447694250.000,ZR,handheld,水平,right,recording,充电口朝内,5,-0.042015,0.111476,9.590629,0.001743,0.009505,-0.009224
447694260.000,ZR,handheld,水平,right,recording,充电口朝内,5,-0.082085,0.097774,9.602406,-0.009065,0.007718,-0.005007
447694270.000,ZR,handheld,水平,right,recording,充电口朝内,5,-0.066629,0.087114,9.646001,-0.015919,0.004768,-0.003002
447694280.000,ZR,handheld,水平,right,recording,充电口朝内,5,-0.041995,0.088933,9.694387,-0.023071,-0.001242,-0.003857
447694290.000,ZR,handheld,水平,right,recording,充电口朝内,5,-0.018522,0.080242,9.826612,-0.015966,-0.005739,-0.005682
447694300.000,ZR,handheld,水平,right,recording,充电口朝内,5,-0.056929,0.067322,9.926505,0.000090,-0.013414,-0.004507
447694310.000,ZR,handheld,水平,right,recording,充电口朝内,5,-0.057520,0.065485,9.907740,0.014747,-0.015911,-0.003577
447694320.000,ZR,handheld,水平,right,recording,充电口朝内,5,-0.040643,0.067820,9.793796,0.018531,-0.012408,-0.002929
447694330.000,ZR,handheld,水平,right,recording,充电口朝内,5,-0.033478,0.066401,9.722886,0.008872,0.002436,-0.000242
447694340.000,ZR,handheld,水平,right,recording,充电口朝内,5,-0.074130,0.053576,9.650211,-0.006752,0.022965,0.005902
447694350.000,ZR,handheld,水平,right,recording,充电口朝内,5,-0.082500,0.079587,9.597602,-0.025704,0.034251,0.009383
447694360.000,ZR,handheld,水平,right,recording,充电口朝内,5,-0.078821,0.097309,9.658484,-0.036761,0.033419,0.011860
447694370.000,ZR,handheld,水平,right,recording,充电口朝内,5,-0.048333,0.098410,9.748713,-0.037249,0.024412,0.008626
447694380.000,ZR,handheld,水平,right,recording,充电口朝内,5,-0.022248,0.092069,9.809167,-0.030331,0.013644,0.003400
447694390.000,ZR,handheld,水平,right,recording,充电口朝内,5,-0.020448,0.078337,9.804273,-0.024987,0.002076,-0.000938
447694400.000,ZR,handheld,水平,right,recording,充电口朝内,5,-0.058332,0.078433,9.878767,-0.015674,-0.002358,-0.000724
447694410.000,ZR,handheld,水平,right,recording,充电口朝内,5,-0.078793,0.057997,9.886159,-0.009101,-0.003636,0.001841
447694420.000,ZR,handheld,水平,right,recording,充电口朝内,5,-0.048295,0.053313,9.840548,-0.009743,-0.002841,0.003468
447694430.000,ZR,handheld,水平,right,recording,充电口朝内,5,0.023497,0.070691,9.813151,-0.014518,0.001503,0.000058
447694440.000,ZR,handheld,水平,right,recording,充电口朝内,5,-0.000921,0.072576,9.844906,-0.016673,0.000233,-0.002002
447694450.000,ZR,handheld,水平,right,recording,充电口朝内,5,-0.022783,0.060981,9.889980,-0.016278,-0.000424,-0.003241
447694460.000,ZR,handheld,水平,right,recording,充电口朝内,5,-0.001466,0.067566,9.892776,-0.016261,-0.000216,-0.002687
447694470.000,ZR,handheld,水平,right,recording,充电口朝内,5,-0.046878,0.074206,9.903406,-0.016815,0.006804,-0.002200
447694480.000,ZR,handheld,水平,right,recording,充电口朝内,5,-0.023087,0.061285,9.875722,-0.018326,0.008619,-0.000883
447694490.000,ZR,handheld,水平,right,recording,充电口朝内,5,-0.012616,0.113471,9.858460,-0.020102,0.008749,-0.001204
447694500.000,ZR,handheld,水平,right,recording,充电口朝内,5,-0.007664,0.120584,9.891999,-0.016164,0.006344,-0.001204
447694510.000,ZR,handheld,水平,right,recording,充电口朝内,5,-0.030174,0.106239,9.938136,-0.006182,0.000827,-0.001091
447694520.000,ZR,handheld,水平,right,recording,充电口朝内,5,-0.046366,0.081719,9.990322,0.005965,-0.000316,-0.000226
447694530.000,ZR,handheld,水平,right,recording,充电口朝内,5,-0.034837,0.069688,9.931698,0.015489,0.000028,0.001214
447694540.000,ZR,handheld,水平,right,recording,充电口朝内,5,0.002967,0.061518,9.869310,0.018399,0.001594,0.000609
447694550.000,ZR,handheld,水平,right,recording,充电口朝内,5,0.004755,0.072693,9.780238,0.010862,0.003911,-0.001921
447694560.000,ZR,handheld,水平,right,recording,充电口朝内,5,0.029147,0.084690,9.738002,0.000151,0.011779,-0.007881
447694570.000,ZR,handheld,水平,right,recording,充电口朝内,5,0.025129,0.078262,9.751225,-0.006072,0.019312,-0.014604
447694580.000,ZR,handheld,水平,right,recording,充电口朝内,5,-0.089828,0.067416,9.816823,-0.002295,0.007366,-0.013031
447694590.000,ZR,handheld,水平,right,recording,充电口朝内,5,-0.153268,0.054156,9.899074,0.016193,-0.014025,-0.006472
447694600.000,ZR,handheld,水平,right,recording,充电口朝内,5,-0.111245,0.087397,9.863492,0.029994,-0.028842,-0.005245
447694610.000,ZR,handheld,水平,right,recording,充电口朝内,5,-0.008059,0.106580,9.730284,0.032311,-0.033828,-0.007209
447694620.000,ZR,handheld,水平,right,recording,充电口朝内,5,0.042539,0.124166,9.645050,0.022623,-0.028205,-0.013783
447694630.000,ZR,handheld,水平,right,recording,充电口朝内,5,0.010026,0.104295,9.545999,0.000711,-0.012022,-0.014928
447694640.000,ZR,handheld,水平,right,recording,充电口朝内,5,-0.053006,0.095738,9.550732,-0.024750,0.001253,-0.013674
447694650.000,ZR,handheld,水平,right,recording,充电口朝内,5,-0.060265,0.071694,9.633148,-0.041691,0.009630,-0.012849
447694660.000,ZR,handheld,水平,right,recording,充电口朝内,5,-0.105176,0.040580,9.773708,-0.044648,0.006995,-0.008506
447694670.000,ZR,handheld,水平,right,recording,充电口朝内,5,-0.126597,0.025803,9.880488,-0.034158,-0.004543,-0.004102
447694680.000,ZR,handheld,水平,right,recording,充电口朝内,5,-0.123422,0.020304,9.974528,-0.016864,-0.012429,-0.000937
447694690.000,ZR,handheld,水平,right,recording,充电口朝内,5,-0.062339,0.028837,9.987705,-0.001246,-0.011809,0.003031
447694700.000,ZR,handheld,水平,right,recording,充电口朝内,5,-0.039421,0.025616,9.897487,0.003336,-0.004195,0.004763
447694710.000,ZR,handheld,水平,right,recording,充电口朝内,5,-0.029989,0.045172,9.780145,-0.003270,0.000076,0.006393
447694720.000,ZR,handheld,水平,right,recording,充电口朝内,5,-0.030268,0.066461,9.736284,-0.013711,0.003368,0.007880
447694730.000,ZR,handheld,水平,right,recording,充电口朝内,5,-0.027714,0.065541,9.715825,-0.025660,0.000128,0.007919
447694740.000,ZR,handheld,水平,right,recording,充电口朝内,5,-0.029680,0.075246,9.814078,-0.029382,0.007454,0.006344
447694750.000,ZR,handheld,水平,right,recording,充电口朝内,5,-0.019179,0.070670,9.898870,-0.023822,0.006034,0.004095
447694760.000,ZR,handheld,水平,right,recording,充电口朝内,5,0.024670,0.073158,9.916210,-0.012600,0.000459,-0.000196
447694770.000,ZR,handheld,水平,right,recording,充电口朝内,5,0.059060,0.082715,9.855736,-0.005462,-0.011409,-0.007035
447694780.000,ZR,handheld,水平,right,recording,充电口朝内,5,-0.012102,0.067919,9.901116,0.001673,-0.008714,-0.007524
447694790.000,ZR,handheld,水平,right,recording,充电口朝内,5,-0.063641,0.066474,9.869240,0.003624,0.000228,-0.003607
447694800.000,ZR,handheld,水平,right,recording,充电口朝内,5,-0.058494,0.071408,9.802092,-0.000083,0.006733,-0.001351
447694810.000,ZR,handheld,水平,right,recording,充电口朝内,5,-0.052778,0.048869,9.758362,-0.007341,0.008200,0.000436
447694820.000,ZR,handheld,水平,right,recording,充电口朝内,5,-0.028225,0.032146,9.753187,-0.012982,0.002513,-0.002688
447694830.000,ZR,handheld,水平,right,recording,充电口朝内,5,-0.036664,0.043483,9.827582,-0.013463,-0.003457,-0.005302
447694840.000,ZR,handheld,水平,right,recording,充电口朝内,5,-0.079234,0.016832,9.849668,-0.008276,-0.009418,-0.006747
447694850.000,ZR,handheld,水平,right,recording,充电口朝内,5,-0.136566,0.027202,9.869754,-0.004803,-0.019477,-0.002532
447694860.000,ZR,handheld,水平,right,recording,充电口朝内,5,-0.143257,0.012023,9.929626,0.005256,-0.022314,0.006121
447694870.000,ZR,handheld,水平,right,recording,充电口朝内,5,-0.111725,0.029526,9.853868,0.009451,-0.019874,0.013232
447694880.000,ZR,handheld,水平,right,recording,充电口朝内,5,-0.024549,0.051994,9.744936,0.003336,-0.018809,0.014911
447694890.000,ZR,handheld,水平,right,recording,充电口朝内,5,0.042787,0.080612,9.745628,-0.001704,-0.020085,0.012185
447694900.000,ZR,handheld,水平,right,recording,充电口朝内,5,0.078868,0.082750,9.756347,-0.005025,-0.013931,0.004658
447694910.000,ZR,handheld,水平,right,recording,充电口朝内,5,0.070495,0.112978,9.757323,-0.009828,-0.012164,-0.001546
447694920.000,ZR,handheld,水平,right,recording,充电口朝内,5,0.027869,0.056162,9.853964,-0.007296,-0.006025,-0.003917
447694930.000,ZR,handheld,水平,right,recording,充电口朝内,5,-0.010973,0.050915,9.833979,-0.003861,-0.012809,-0.004721
447694940.000,ZR,handheld,水平,right,recording,充电口朝内,5,-0.057943,0.025762,9.883216,0.001880,-0.019402,-0.002379
447694950.000,ZR,handheld,水平,right,recording,充电口朝内,5,-0.039466,0.025522,9.861194,0.004841,-0.016493,0.000547
447694960.000,ZR,handheld,水平,right,recording,充电口朝内,5,-0.053525,0.015593,9.839402,0.003562,-0.008142,0.006694
447694970.000,ZR,handheld,水平,right,recording,充电口朝内,5,-0.015680,0.001229,9.848446,0.002731,0.000207,0.010756
447694980.000,ZR,handheld,水平,right,recording,充电口朝内,5,-0.016338,0.024089,9.827969,-0.000576,0.007185,0.013394
447694990.000,ZR,handheld,水平,right,recording,充电口朝内,5,-0.008466,0.029889,9.756916,-0.006912,0.009802,0.014834
447695000.000,ZR,handheld,水平,right,recording,充电口朝内,5,0.027080,0.044480,9.750656,-0.011895,0.008791,0.010713
447695010.000,ZR,handheld,水平,right,recording,充电口朝内,5,0.015933,0.072054,9.821105,-0.013589,0.005481,0.007007
447695020.000,ZR,handheld,水平,right,recording,充电口朝内,5,-0.024804,0.065540,9.869174,-0.011021,0.005165,0.006602
447695030.000,ZR,handheld,水平,right,recording,充电口朝内,5,-0.032396,0.054149,9.893008,-0.006931,0.008297,0.009603
447695040.000,ZR,handheld,水平,right,recording,充电口朝内,5,-0.036676,0.086504,9.896023,-0.005651,0.011920,0.015155
447695050.000,ZR,handheld,水平,right,recording,充电口朝内,5,0.014403,0.082072,9.898199,-0.002948,0.017391,0.015371
447695060.000,ZR,handheld,水平,right,recording,充电口朝内,5,0.031370,0.096970,9.884084,0.002529,0.013052,0.009942
447695070.000,ZR,handheld,水平,right,recording,充电口朝内,5,0.047614,0.090952,9.878016,0.012365,0.003159,0.003651
447695080.000,ZR,handheld,水平,right,recording,充电口朝内,5,0.049957,0.074475,9.778610,0.012469,-0.002833,-0.000819
447695090.000,ZR,handheld,水平,right,recording,充电口朝内,5,0.025402,0.082523,9.707641,0.005231,-0.000872,-0.005287
447695100.000,ZR,handheld,水平,right,recording,充电口朝内,5,-0.005057,0.062409,9.760480,-0.002180,0.001536,-0.003967
447695110.000,ZR,handheld,水平,right,recording,充电口朝内,5,-0.035933,0.049850,9.800082,-0.002403,0.003153,-0.002371
447695120.000,ZR,handheld,水平,right,recording,充电口朝内,5,-0.059720,0.042713,9.836658,0.001928,0.001556,-0.000065
447695130.000,ZR,handheld,水平,right,recording,充电口朝内,5,-0.045353,0.027919,9.852405,0.005387,0.005742,0.001722
447695140.000,ZR,handheld,水平,right,recording,充电口朝内,5,-0.053534,0.037397,9.828474,0.006233,0.005508,0.003220
447695150.000,ZR,handheld,水平,right,recording,充电口朝内,5,-0.029575,0.023434,9.771540,0.001094,0.008369,0.002723
447695160.000,ZR,handheld,水平,right,recording,充电口朝内,5,-0.023995,0.030839,9.764861,-0.004259,0.010938,0.006689
447695170.000,ZR,handheld,水平,right,recording,充电口朝内,5,-0.071635,0.031693,9.804787,-0.003720,0.016554,0.013054
447695180.000,ZR,handheld,水平,right,recording,充电口朝内,5,-0.028632,0.030680,9.768670,-0.004999,0.020684,0.015727
447695190.000,ZR,handheld,水平,right,recording,充电口朝内,5,0.049170,0.055006,9.756671,-0.006605,0.019752,0.014406
447695200.000,ZR,handheld,水平,right,recording,充电口朝内,5,0.071815,0.076851,9.755903,-0.006119,0.010861,0.006390
447695210.000,ZR,handheld,水平,right,recording,充电口朝内,5,0.080684,0.091510,9.769698,-0.006109,0.004546,-0.003658
447695220.000,ZR,handheld,水平,right,recording,充电口朝内,5,0.060562,0.097132,9.773156,-0.006924,0.004031,-0.010678
447695230.000,ZR,handheld,水平,right,recording,充电口朝内,5,-0.015591,0.084478,9.833415,-0.004826,0.013006,-0.011672
447695240.000,ZR,handheld,水平,right,recording,充电口朝内,5,-0.059353,0.073870,9.765428,-0.006283,0.012966,-0.009912
447695250.000,ZR,handheld,水平,right,recording,充电口朝内,5,-0.071836,0.045269,9.740442,-0.011760,0.010204,-0.005447
447695260.000,ZR,handheld,水平,right,recording,充电口朝内,5,-0.032231,0.055340,9.748414,-0.017180,0.010192,-0.006459
447695270.000,ZR,handheld,水平,right,recording,充电口朝内,5,-0.007972,0.031691,9.800501,-0.017984,0.010996,-0.009806
447695280.000,ZR,handheld,水平,right,recording,充电口朝内,5,-0.026762,0.015751,9.843273,-0.014896,0.011040,-0.010758
447695290.000,ZR,handheld,水平,right,recording,充电口朝内,5,-0.051518,0.014091,9.877858,-0.007555,0.008391,-0.010038
447695300.000,ZR,handheld,水平,right,recording,充电口朝内,5,-0.085360,0.014315,9.845947,-0.003971,0.005072,-0.007972
447695310.000,ZR,handheld,水平,right,recording,充电口朝内,5,-0.082489,0.033646,9.836156,-0.002553,0.006806,-0.003833
447695320.000,ZR,handheld,水平,right,recording,充电口朝内,5,-0.054737,0.030280,9.816330,-0.004194,0.012033,-0.001451
447695330.000,ZR,handheld,水平,right,recording,充电口朝内,5,-0.069286,0.021038,9.816379,-0.004505,0.009659,-0.001349
447695340.000,ZR,handheld,水平,right,recording,充电口朝内,5,-0.045066,0.030675,9.815853,-0.003922,0.003303,-0.003783
447695350.000,ZR,handheld,水平,right,recording,充电口朝内,5,-0.054635,0.026153,9.817741,-0.005159,-0.000274,-0.003401
447695360.000,ZR,handheld,水平,right,recording,充电口朝内,5,-0.083955,0.025086,9.831226,-0.007366,0.006993,-0.001852
447695370.000,ZR,handheld,水平,right,recording,充电口朝内,5,-0.092381,0.019769,9.822364,-0.010094,0.009427,0.001159
447695380.000,ZR,handheld,水平,right,recording,充电口朝内,5,-0.073458,0.019303,9.855089,-0.007577,0.008142,0.005434
447695390.000,ZR,handheld,水平,right,recording,充电口朝内,5,-0.078287,0.026443,9.860710,-0.002041,0.001694,0.007825
447695400.000,ZR,handheld,水平,right,recording,充电口朝内,5,-0.039108,0.054170,9.854290,0.001615,-0.001295,0.009017
447695410.000,ZR,handheld,水平,right,recording,充电口朝内,5,0.018106,0.055721,9.801951,-0.001481,0.003570,0.005405
447695420.000,ZR,handheld,水平,right,recording,充电口朝内,5,0.010485,0.051687,9.791788,-0.007890,0.013189,0.001431
447695430.000,ZR,handheld,水平,right,recording,充电口朝内,5,-0.054061,0.043066,9.866109,-0.006983,0.015022,0.000055
447695440.000,ZR,handheld,水平,right,recording,充电口朝内,5,-0.047955,0.025252,9.900968,0.002482,0.004018,-0.001023
447695450.000,ZR,handheld,水平,right,recording,充电口朝内,5,-0.005143,0.046110,9.867731,0.009923,-0.005975,-0.003623
447695460.000,ZR,handheld,水平,right,recording,充电口朝内,5,0.007393,0.048310,9.823506,0.010955,-0.006361,-0.008776
447695470.000,ZR,handheld,水平,right,recording,充电口朝内,5,-0.043605,0.053452,9.777221,0.002150,0.002419,-0.011251
447695480.000,ZR,handheld,水平,right,recording,充电口朝内,5,-0.084074,0.031152,9.736685,-0.008502,0.010194,-0.008340
447695490.000,ZR,handheld,水平,right,recording,充电口朝内,5,-0.096431,0.039227,9.775953,-0.015244,0.017200,-0.005705
447695500.000,ZR,handheld,水平,right,recording,充电口朝内,5,-0.126473,0.025673,9.884183,-0.012307,0.016560,-0.002220
447695510.000,ZR,handheld,水平,right,recording,充电口朝内,5,-0.137690,0.042004,9.905355,-0.002598,0.008156,-0.001249
447695520.000,ZR,handheld,水平,right,recording,充电口朝内,5,-0.136747,0.037129,9.898202,0.008490,-0.000403,-0.000272
447695530.000,ZR,handheld,水平,right,recording,充电口朝内,5,-0.084597,0.034186,9.846651,0.014023,0.000146,-0.000366
447695540.000,ZR,handheld,水平,right,recording,充电口朝内,5,-0.090689,0.028246,9.761126,0.010284,0.000000,-0.001009
447695550.000,ZR,handheld,水平,right,recording,充电口朝内,5,-0.124734,-0.007858,9.746704,0.004739,-0.000267,0.002465
447695560.000,ZR,handheld,水平,right,recording,充电口朝内,5,-0.153075,0.015026,9.725120,-0.002030,-0.000898,0.008742
447695570.000,ZR,handheld,水平,right,recording,充电口朝内,5,-0.132811,0.000168,9.725767,-0.009844,0.002840,0.013642
447695580.000,ZR,handheld,水平,right,recording,充电口朝内,5,-0.073810,0.018341,9.800990,-0.015411,0.014502,0.015882
447695590.000,ZR,handheld,水平,right,recording,充电口朝内,5,-0.023885,0.046366,9.837251,-0.015308,0.022015,0.012231
447695600.000,ZR,handheld,水平,right,recording,充电口朝内,5,-0.019073,0.041663,9.895430,-0.003595,0.010319,0.006809
447695610.000,ZR,handheld,水平,right,recording,充电口朝内,5,-0.046771,0.054266,9.844203,0.007020,-0.008399,0.003469
447695620.000,ZR,handheld,水平,right,recording,充电口朝内,5,-0.041488,0.072575,9.838599,0.012754,-0.015333,0.000271
447695630.000,ZR,handheld,水平,right,recording,充电口朝内,5,-0.052187,0.044029,9.794599,0.009421,-0.004021,0.000485
447695640.000,ZR,handheld,水平,right,recording,充电口朝内,5,-0.073526,0.011500,9.764649,-0.000108,0.004398,0.003832
447695650.000,ZR,handheld,水平,right,recording,充电口朝内,5,-0.091074,0.006684,9.801788,-0.004640,0.015542,0.008675
447695660.000,ZR,handheld,水平,right,recording,充电口朝内,5,-0.040017,0.017643,9.806314,-0.007914,0.022435,0.008158
447695670.000,ZR,handheld,水平,right,recording,充电口朝内,5,-0.046250,0.039058,9.822792,-0.006786,0.028102,0.006636
447695680.000,ZR,handheld,水平,right,recording,充电口朝内,5,-0.037155,0.041786,9.794442,-0.004091,0.020517,0.000926
447695690.000,ZR,handheld,水平,right,recording,充电口朝内,5,-0.025113,0.063647,9.783585,0.002124,0.007284,-0.004799
447695700.000,ZR,handheld,水平,right,recording,充电口朝内,5,-0.031240,0.069022,9.763386,0.009283,-0.004309,-0.009078
447695710.000,ZR,handheld,水平,right,recording,充电口朝内,5,-0.064414,0.045191,9.744217,0.012552,-0.016311,-0.011767
447695720.000,ZR,handheld,水平,right,recording,充电口朝内,5,-0.103031,0.037695,9.701010,0.014591,-0.027311,-0.010558
447695730.000,ZR,handheld,水平,right,recording,充电口朝内,5,-0.130203,0.038090,9.635970,0.006471,-0.028511,-0.009523
447695740.000,ZR,handheld,水平,right,recording,充电口朝内,5,-0.103619,0.044399,9.530533,-0.014878,-0.023360,-0.010558
447695750.000,ZR,handheld,水平,right,recording,充电口朝内,5,-0.122834,0.025263,9.597798,-0.035539,-0.013905,-0.005629
447695760.000,ZR,handheld,水平,right,recording,充电口朝内,5,-0.156425,0.018263,9.728659,-0.044717,-0.007563,-0.000171
447695770.000,ZR,handheld,水平,right,recording,充电口朝内,5,-0.148833,0.028074,9.874108,-0.038066,-0.009098,0.004545
447695780.000,ZR,handheld,水平,right,recording,充电口朝内,5,-0.075701,0.006668,9.955974,-0.021922,-0.010331,0.007384
447695790.000,ZR,handheld,水平,right,recording,充电口朝内,5,-0.006371,0.025898,9.905537,-0.012075,-0.012963,0.002534
447695800.000,ZR,handheld,水平,right,recording,充电口朝内,5,-0.012572,-0.017913,9.838183,-0.009720,-0.012298,0.000576
447695810.000,ZR,handheld,水平,right,recording,充电口朝内,5,-0.023733,-0.000612,9.776072,-0.013656,-0.013593,-0.001141
447695820.000,ZR,handheld,水平,right,recording,充电口朝内,5,-0.077931,-0.013483,9.831063,-0.015802,-0.015594,-0.000223
447695830.000,ZR,handheld,水平,right,recording,充电口朝内,5,-0.081926,-0.007880,9.852081,-0.017690,-0.007921,0.003819
447695840.000,ZR,handheld,水平,right,recording,充电口朝内,5,-0.054935,0.021464,9.874959,-0.020321,-0.000200,0.006065
447695850.000,ZR,handheld,水平,right,recording,充电口朝内,5,-0.043357,-0.007427,9.909680,-0.020168,0.005210,0.008228
447695860.000,ZR,handheld,水平,right,recording,充电口朝内,5,-0.011391,-0.000347,9.933272,-0.015467,0.005482,0.008498
447695870.000,ZR,handheld,水平,right,recording,充电口朝内,5,0.015250,0.001838,9.983120,-0.005768,0.003404,0.006028
447695880.000,ZR,handheld,水平,right,recording,充电口朝内,5,0.006252,0.035979,9.993056,0.004091,0.006310,0.003195
447695890.000,ZR,handheld,水平,right,recording,充电口朝内,5,-0.004822,0.050179,9.946510,0.012756,0.006389,0.001958
447695900.000,ZR,handheld,水平,right,recording,充电口朝内,5,-0.032670,0.055880,9.871692,0.015457,0.004753,0.000770
447695910.000,ZR,handheld,水平,right,recording,充电口朝内,5,-0.036744,0.055032,9.743103,0.005735,0.005133,-0.000423
447695920.000,ZR,handheld,水平,right,recording,充电口朝内,5,-0.047937,0.040849,9.737027,-0.005502,0.009538,0.000212
447695930.000,ZR,handheld,水平,right,recording,充电口朝内,5,-0.054048,0.031438,9.764704,-0.012673,0.011271,0.001410
447695940.000,ZR,handheld,水平,right,recording,充电口朝内,5,-0.065438,0.020792,9.868196,-0.008335,0.009392,0.001564
447695950.000,ZR,handheld,水平,right,recording,充电口朝内,5,-0.057157,0.018392,9.919005,0.002665,0.003379,0.001046
447695960.000,ZR,handheld,水平,right,recording,充电口朝内,5,-0.056868,0.019026,9.916759,0.015337,-0.002725,-0.001759
447695970.000,ZR,handheld,水平,right,recording,充电口朝内,5,-0.057242,0.006018,9.847848,0.022031,-0.006018,-0.002788
447695980.000,ZR,handheld,水平,right,recording,充电口朝内,5,-0.082110,-0.015230,9.767549,0.021676,-0.006269,-0.001918
447695990.000,ZR,handheld,水平,right,recording,充电口朝内,5,-0.096235,-0.012297,9.710118,0.012816,-0.004751,-0.001093
447696000.000,ZR,handheld,水平,right,recording,充电口朝内,5,-0.093796,-0.023749,9.672591,-0.002943,0.007584,0.001815
447696010.000,ZR,handheld,水平,right,recording,充电口朝内,5,-0.099131,-0.007842,9.701222,-0.011509,0.009604,0.002502
447696020.000,ZR,handheld,水平,right,recording,充电口朝内,5,-0.098839,0.013387,9.801629,-0.009978,0.004609,0.002608
447696030.000,ZR,handheld,水平,right,recording,充电口朝内,5,-0.102085,0.006292,9.831807,-0.002477,-0.006905,0.002577
447696040.000,ZR,handheld,水平,right,recording,充电口朝内,5,-0.108158,0.016504,9.853281,0.005004,-0.013193,0.002176
447696050.000,ZR,handheld,水平,right,recording,充电口朝内,5,-0.096012,0.028945,9.849828,0.011028,-0.014841,0.005064
447696060.000,ZR,handheld,水平,right,recording,充电口朝内,5,-0.042052,0.005484,9.775119,0.005450,-0.001556,0.007183
447696070.000,ZR,handheld,水平,right,recording,充电口朝内,5,0.009716,0.022395,9.673952,-0.012074,0.013083,0.004534
447696080.000,ZR,handheld,水平,right,recording,充电口朝内,5,0.011265,-0.001876,9.766354,-0.021081,0.020319,0.003182
447696090.000,ZR,handheld,水平,right,recording,充电口朝内,5,-0.001031,0.030892,9.861493,-0.013883,0.013413,-0.000784
447696100.000,ZR,handheld,水平,right,recording,充电口朝内,5,-0.019359,0.029539,9.894154,-0.003324,0.005658,-0.005300
447696110.000,ZR,handheld,水平,right,recording,充电口朝内,5,-0.049454,0.022572,9.874841,0.004250,0.005143,-0.006391
447696120.000,ZR,handheld,水平,right,recording,充电口朝内,5,-0.087075,0.020145,9.803764,0.007488,0.005049,-0.005360
447696130.000,ZR,handheld,水平,right,recording,充电口朝内,5,-0.123598,0.022191,9.743024,0.003500,0.001808,-0.002579
447696140.000,ZR,handheld,水平,right,recording,充电口朝内,5,-0.111850,0.015992,9.717954,-0.002054,0.001131,-0.000691
447696150.000,ZR,handheld,水平,right,recording,充电口朝内,5,-0.057607,-0.010667,9.726978,-0.011009,0.001975,-0.000281
447696160.000,ZR,handheld,水平,right,recording,充电口朝内,5,-0.056958,-0.035717,9.777655,-0.016828,0.000479,-0.001178
447696170.000,ZR,handheld,水平,right,recording,充电口朝内,5,-0.090146,-0.018704,9.910442,-0.009894,0.001352,-0.001160
447696180.000,ZR,handheld,水平,right,recording,充电口朝内,5,-0.139240,-0.027852,9.959929,0.003502,0.001958,0.004052
447696190.000,ZR,handheld,水平,right,recording,充电口朝内,5,-0.106284,-0.032035,9.925542,0.014305,-0.000752,0.006968
447696200.000,ZR,handheld,水平,right,recording,充电口朝内,5,-0.027348,-0.020776,9.819323,0.018043,-0.004240,0.003852
447696210.000,ZR,handheld,水平,right,recording,充电口朝内,5,-0.014946,-0.002472,9.744032,0.012226,-0.008986,0.000752
447696220.000,ZR,handheld,水平,right,recording,充电口朝内,5,-0.009013,0.011658,9.698210,0.000955,-0.003054,-0.001656
447696230.000,ZR,handheld,水平,right,recording,充电口朝内,5,-0.056215,0.041831,9.744346,-0.007208,0.003569,-0.003444
447696240.000,ZR,handheld,水平,right,recording,充电口朝内,5,-0.114140,0.031553,9.743505,-0.013325,0.008226,-0.000822
447696250.000,ZR,handheld,水平,right,recording,充电口朝内,5,-0.128933,0.028148,9.790516,-0.013961,0.007530,0.004819
447696260.000,ZR,handheld,水平,right,recording,充电口朝内,5,-0.098798,0.044391,9.822878,-0.011092,0.001476,0.009066
447696270.000,ZR,handheld,水平,right,recording,充电口朝内,5,-0.007650,0.033441,9.769795,-0.011325,-0.003562,0.006184
447696280.000,ZR,handheld,水平,right,recording,充电口朝内,5,0.044468,0.034927,9.823410,-0.010826,-0.006356,-0.000589
447696290.000,ZR,handheld,水平,right,recording,充电口朝内,5,0.006131,0.026002,9.902351,-0.004297,-0.001633,-0.005051
447696300.000,ZR,handheld,水平,right,recording,充电口朝内,5,-0.039695,0.013922,9.889528,0.002979,0.000007,-0.006894
447696310.000,ZR,handheld,水平,right,recording,充电口朝内,5,-0.078369,-0.017085,9.840439,0.003423,-0.000699,-0.005182
447696320.000,ZR,handheld,水平,right,recording,充电口朝内,5,-0.077857,0.013800,9.787179,-0.001234,0.000929,-0.003621
447696330.000,ZR,handheld,水平,right,recording,充电口朝内,5,-0.068834,0.012998,9.805443,-0.006182,0.005876,-0.002146
447696340.000,ZR,handheld,水平,right,recording,充电口朝内,5,-0.088990,0.020640,9.852005,-0.005128,0.007128,-0.002470
447696350.000,ZR,handheld,水平,right,recording,充电口朝内,5,-0.105694,-0.010317,9.840852,0.001762,-0.000761,-0.001789
447696360.000,ZR,handheld,水平,right,recording,充电口朝内,5,-0.088752,0.041014,9.831658,0.007493,-0.010991,-0.004115
447696370.000,ZR,handheld,水平,right,recording,充电口朝内,5,-0.051111,0.010836,9.812334,0.009080,-0.010350,-0.006174
447696380.000,ZR,handheld,水平,right,recording,充电口朝内,5,-0.086259,0.015386,9.756494,0.003958,-0.001594,-0.007642
447696390.000,ZR,handheld,水平,right,recording,充电口朝内,5,-0.113484,0.011512,9.760207,-0.004803,0.000808,-0.006013
447696400.000,ZR,handheld,水平,right,recording,充电口朝内,5,-0.146248,-0.004538,9.807355,-0.004944,0.003015,-0.001591
447696410.000,ZR,handheld,水平,right,recording,充电口朝内,5,-0.141475,-0.021167,9.811872,-0.005173,0.004619,0.001595
447696420.000,ZR,handheld,水平,right,recording,充电口朝内,5,-0.121102,-0.010595,9.866772,-0.000540,0.005353,0.003248
447696430.000,ZR,handheld,水平,right,recording,充电口朝内,5,-0.108869,-0.021590,9.836090,0.007072,0.000957,0.001951
447696440.000,ZR,handheld,水平,right,recording,充电口朝内,5,-0.110096,-0.004049,9.773770,0.007264,-0.007156,0.001758
447696450.000,ZR,handheld,水平,right,recording,充电口朝内,5,-0.096017,0.002035,9.757794,0.002387,-0.005544,0.001055
447696460.000,ZR,handheld,水平,right,recording,充电口朝内,5,-0.092030,-0.007332,9.747394,-0.005525,0.002320,0.001468
447696470.000,ZR,handheld,水平,right,recording,充电口朝内,5,-0.108803,-0.023464,9.761377,-0.016195,0.015987,0.003925
447696480.000,ZR,handheld,水平,right,recording,充电口朝内,5,-0.150693,-0.028797,9.801264,-0.020360,0.017487,0.010072
447696490.000,ZR,handheld,水平,right,recording,充电口朝内,5,-0.165701,-0.045885,9.878853,-0.015756,0.016131,0.014784
447696500.000,ZR,handheld,水平,right,recording,充电口朝内,5,-0.152645,-0.023407,9.896366,-0.006699,0.006990,0.018026
447696510.000,ZR,handheld,水平,right,recording,充电口朝内,5,-0.060469,-0.004503,9.883849,0.001068,0.007355,0.017126
447696520.000,ZR,handheld,水平,right,recording,充电口朝内,5,0.009576,-0.004916,9.831260,0.003254,0.007024,0.011227
447696530.000,ZR,handheld,水平,right,recording,充电口朝内,5,-0.028635,0.009392,9.807494,0.005871,0.004058,0.006170
447696540.000,ZR,handheld,水平,right,recording,充电口朝内,5,-0.086307,0.008216,9.745024,0.004628,-0.005240,0.008156
447696550.000,ZR,handheld,水平,right,recording,充电口朝内,5,-0.062045,0.015520,9.718328,-0.001881,-0.004273,0.008745
447696560.000,ZR,handheld,水平,right,recording,充电口朝内,5,-0.043975,0.024180,9.742025,-0.009823,0.008858,0.009449
447696570.000,ZR,handheld,水平,right,recording,充电口朝内,5,-0.032928,0.019814,9.786280,-0.012671,0.016546,0.009155
447696580.000,ZR,handheld,水平,right,recording,充电口朝内,5,-0.041580,0.024975,9.836158,-0.006923,0.007858,0.006738
447696590.000,ZR,handheld,水平,right,recording,充电口朝内,5,0.009110,0.033007,9.856702,0.002660,0.000629,0.002000
447696600.000,ZR,handheld,水平,right,recording,充电口朝内,5,0.051345,0.060350,9.828685,0.007905,-0.000105,-0.006186
447696610.000,ZR,handheld,水平,right,recording,充电口朝内,5,0.031911,0.060378,9.805129,0.013177,0.001833,-0.013806
447696620.000,ZR,handheld,水平,right,recording,充电口朝内,5,-0.089062,0.016139,9.698183,0.007880,-0.001746,-0.012104
447696630.000,ZR,handheld,水平,right,recording,充电口朝内,5,-0.138913,0.012034,9.623019,-0.004348,-0.006013,-0.007486
447696640.000,ZR,handheld,水平,right,recording,充电口朝内,5,-0.141742,-0.002744,9.663108,-0.015442,-0.001665,-0.002285
447696650.000,ZR,handheld,水平,right,recording,充电口朝内,5,-0.135467,0.014485,9.715527,-0.025562,-0.001337,0.000394
447696660.000,ZR,handheld,水平,right,recording,充电口朝内,5,-0.150980,0.000433,9.777383,-0.027512,-0.008994,0.002663
447696670.000,ZR,handheld,水平,right,recording,充电口朝内,5,-0.138038,-0.011754,9.854371,-0.022787,-0.023230,0.006660
447696680.000,ZR,handheld,水平,right,recording,充电口朝内,5,-0.109953,-0.017467,9.890545,-0.017581,-0.032109,0.006493
447696690.000,ZR,handheld,水平,right,recording,充电口朝内,5,-0.059305,-0.007198,9.900474,-0.012579,-0.031561,0.004342
447696700.000,ZR,handheld,水平,right,recording,充电口朝内,5,-0.024981,-0.010039,9.960328,-0.004629,-0.029080,-0.000106
447696710.000,ZR,handheld,水平,right,recording,充电口朝内,5,-0.063757,-0.007621,9.946530,0.000095,-0.030763,0.001287
447696720.000,ZR,handheld,水平,right,recording,充电口朝内,5,-0.048564,-0.025944,9.911852,0.002906,-0.024430,0.003115
447696730.000,ZR,handheld,水平,right,recording,充电口朝内,5,-0.032068,-0.011282,9.861216,0.000788,-0.021030,0.001943
447696740.000,ZR,handheld,水平,right,recording,充电口朝内,5,-0.059730,-0.017801,9.878595,-0.001523,-0.015642,0.001853
447696750.000,ZR,handheld,水平,right,recording,充电口朝内,5,-0.080438,-0.014250,9.875219,0.000921,-0.007962,0.004094
447696760.000,ZR,handheld,水平,right,recording,充电口朝内,5,-0.071203,-0.030114,9.884506,-0.000240,-0.011925,0.003306
447696770.000,ZR,handheld,水平,right,recording,充电口朝内,5,-0.067733,-0.042777,9.954454,0.006041,-0.009532,0.003575
447696780.000,ZR,handheld,水平,right,recording,充电口朝内,5,-0.069497,-0.045843,9.959107,0.010508,-0.009673,0.004228
447696790.000,ZR,handheld,水平,right,recording,充电口朝内,5,-0.086763,-0.045016,9.975632,0.018606,-0.007309,0.004861
447696800.000,ZR,handheld,水平,right,recording,充电口朝内,5,-0.071025,-0.038269,9.949951,0.023264,-0.002769,0.009111
447696810.000,ZR,handheld,水平,right,recording,充电口朝内,5,-0.056616,-0.034718,9.895692,0.023481,0.008249,0.012014
447696820.000,ZR,handheld,水平,right,recording,充电口朝内,5,-0.048927,0.014430,9.824726,0.022818,0.011736,0.010124
447696830.000,ZR,handheld,水平,right,recording,充电口朝内,5,-0.055798,0.017150,9.771449,0.019977,0.006311,0.008964
447696840.000,ZR,handheld,水平,right,recording,充电口朝内,5,-0.062011,0.039390,9.757383,0.018930,0.000072,0.007576
447696850.000,ZR,handheld,水平,right,recording,充电口朝内,5,-0.074691,0.036397,9.751799,0.014809,-0.001862,0.006365
447696860.000,ZR,handheld,水平,right,recording,充电口朝内,5,-0.090404,0.035273,9.746580,0.009910,0.001238,0.007100
447696870.000,ZR,handheld,水平,right,recording,充电口朝内,5,-0.080071,0.018491,9.740038,0.001550,0.006042,0.008742
447696880.000,ZR,handheld,水平,right,recording,充电口朝内,5,-0.090613,-0.007785,9.786839,0.000112,0.005256,0.011534
447696890.000,ZR,handheld,水平,right,recording,充电口朝内,5,-0.101825,-0.005167,9.813765,0.005467,0.001031,0.013085
447696900.000,ZR,handheld,水平,right,recording,充电口朝内,5,-0.081063,-0.007029,9.853266,0.014324,-0.000954,0.013173
447696910.000,ZR,handheld,水平,right,recording,充电口朝内,5,-0.048459,-0.004820,9.824746,0.019707,-0.000595,0.012282
447696920.000,ZR,handheld,水平,right,recording,充电口朝内,5,-0.040137,-0.004493,9.748711,0.017699,0.003908,0.007541
447696930.000,ZR,handheld,水平,right,recording,充电口朝内,5,-0.083064,0.012020,9.731348,0.016112,0.003987,0.007508
447696940.000,ZR,handheld,水平,right,recording,充电口朝内,5,-0.131050,-0.006677,9.665222,0.011352,-0.000479,0.011819
447696950.000,ZR,handheld,水平,right,recording,充电口朝内,5,-0.063026,-0.007349,9.584884,-0.004232,-0.010018,0.012451
447696960.000,ZR,handheld,水平,right,recording,充电口朝内,5,-0.050240,0.017389,9.699489,-0.011538,-0.010214,0.010385
447696970.000,ZR,handheld,水平,right,recording,充电口朝内,5,-0.094557,0.000781,9.802963,-0.010213,-0.007587,0.011890
447696980.000,ZR,handheld,水平,right,recording,充电口朝内,5,-0.113853,0.000950,9.810063,-0.007753,-0.010591,0.014996
447696990.000,ZR,handheld,水平,right,recording,充电口朝内,5,-0.102055,-0.008853,9.847811,-0.004595,-0.010402,0.019203
447697000.000,ZR,handheld,水平,right,recording,充电口朝内,5,-0.076322,0.020118,9.884718,0.001153,-0.002968,0.022997
447697010.000,ZR,handheld,水平,right,recording,充电口朝内,5,-0.002590,0.045294,9.845635,0.003674,0.003562,0.020872
447697020.000,ZR,handheld,水平,right,recording,充电口朝内,5,0.016875,0.050002,9.811489,0.004784,0.000696,0.016880
447697030.000,ZR,handheld,水平,right,recording,充电口朝内,5,0.043391,0.061306,9.793976,0.003837,-0.004278,0.011397
447697040.000,ZR,handheld,水平,right,recording,充电口朝内,5,0.094640,0.076509,9.778003,-0.000017,-0.012229,0.001011
447697050.000,ZR,handheld,水平,right,recording,充电口朝内,5,0.084367,0.072491,9.821660,-0.000585,-0.009716,-0.009934
447697060.000,ZR,handheld,水平,right,recording,充电口朝内,5,-0.014802,0.023419,9.814193,-0.006085,-0.005316,-0.013738
447697070.000,ZR,handheld,水平,right,recording,充电口朝内,5,-0.100075,-0.009270,9.897385,-0.006263,0.007084,-0.007566
447697080.000,ZR,handheld,水平,right,recording,充电口朝内,5,-0.119796,-0.026550,9.903816,-0.004731,0.013627,-0.001070
447697090.000,ZR,handheld,水平,right,recording,充电口朝内,5,-0.137574,-0.051807,9.882311,0.000612,0.008428,0.006245
447697100.000,ZR,handheld,水平,right,recording,充电口朝内,5,-0.097915,-0.058235,9.890961,0.006758,-0.000690,0.010134
447697110.000,ZR,handheld,水平,right,recording,充电口朝内,5,-0.054620,-0.020539,9.876555,0.010441,-0.002786,0.008909
447697120.000,ZR,handheld,水平,right,recording,充电口朝内,5,-0.001709,-0.030954,9.871011,0.012222,0.002151,0.006425
447697130.000,ZR,handheld,水平,right,recording,充电口朝内,5,-0.027827,-0.013744,9.829486,0.013973,0.000334,0.004350
447697140.000,ZR,handheld,水平,right,recording,充电口朝内,5,-0.054228,-0.018177,9.812063,0.015659,-0.006925,0.005097
447697150.000,ZR,handheld,水平,right,recording,充电口朝内,5,-0.062297,0.002127,9.791061,0.014986,-0.009760,0.006936
447697160.000,ZR,handheld,水平,right,recording,充电口朝内,5,-0.023188,0.014498,9.736090,0.009361,-0.007537,0.006281
447697170.000,ZR,handheld,水平,right,recording,充电口朝内,5,-0.012607,0.040070,9.755043,0.002612,-0.002752,0.002645
447697180.000,ZR,handheld,水平,right,recording,充电口朝内,5,-0.045032,0.024405,9.809537,0.002810,-0.000841,0.002221
447697190.000,ZR,handheld,水平,right,recording,充电口朝内,5,-0.082340,0.032141,9.880535,0.013106,-0.010530,0.005809
447697200.000,ZR,handheld,水平,right,recording,充电口朝内,5,-0.062637,0.040281,9.880486,0.026827,-0.019018,0.007390
447697210.000,ZR,handheld,水平,right,recording,充电口朝内,5,-0.017414,0.060189,9.783890,0.030432,-0.021799,0.005779
447697220.000,ZR,handheld,水平,right,recording,充电口朝内,5,-0.021656,0.072383,9.692273,0.021124,-0.011797,0.004706
447697230.000,ZR,handheld,水平,right,recording,充电口朝内,5,-0.003736,0.053647,9.584857,-0.000050,-0.000657,0.000737
447697240.000,ZR,handheld,水平,right,recording,充电口朝内,5,0.001290,0.064716,9.601871,-0.020750,0.000300,-0.002017
447697250.000,ZR,handheld,水平,right,recording,充电口朝内,5,-0.040519,0.063029,9.753514,-0.027776,-0.002613,-0.004304
447697260.000,ZR,handheld,水平,right,recording,充电口朝内,5,-0.079660,0.039209,9.911449,-0.018032,-0.006722,-0.002647
447697270.000,ZR,handheld,水平,right,recording,充电口朝内,5,-0.117638,0.038515,9.995598,0.000418,-0.007523,0.000089
447697280.000,ZR,handheld,水平,right,recording,充电口朝内,5,-0.104457,0.004275,9.978042,0.015203,-0.009857,0.002978
447697290.000,ZR,handheld,水平,right,recording,充电口朝内,5,-0.062063,0.014906,9.872769,0.021431,-0.015693,-0.000574
447697300.000,ZR,handheld,水平,right,recording,充电口朝内,5,-0.081226,0.011500,9.815131,0.018219,-0.020642,-0.001196
447697310.000,ZR,handheld,水平,right,recording,充电口朝内,5,-0.102425,0.019737,9.791736,0.013020,-0.014481,-0.000383
447697320.000,ZR,handheld,水平,right,recording,充电口朝内,5,-0.112629,-0.001042,9.785631,0.004128,-0.003874,0.002273
447697330.000,ZR,handheld,水平,right,recording,充电口朝内,5,-0.133963,-0.003710,9.793772,-0.004094,0.003102,0.007233
447697340.000,ZR,handheld,水平,right,recording,充电口朝内,5,-0.149664,-0.001555,9.885157,-0.002447,0.006694,0.012886
447697350.000,ZR,handheld,水平,right,recording,充电口朝内,5,-0.156651,-0.012237,9.923186,0.006954,0.003693,0.019146
447697360.000,ZR,handheld,水平,right,recording,充电口朝内,5,-0.120450,0.001452,9.920103,0.016890,0.002283,0.022347
447697370.000,ZR,handheld,水平,right,recording,充电口朝内,5,-0.072510,0.026237,9.871353,0.021744,-0.002153,0.021380
447697380.000,ZR,handheld,水平,right,recording,充电口朝内,5,-0.028262,0.044531,9.849417,0.025367,-0.005235,0.020871
447697390.000,ZR,handheld,水平,right,recording,充电口朝内,5,0.012742,0.056062,9.793986,0.022126,-0.006990,0.015118
447697400.000,ZR,handheld,水平,right,recording,充电口朝内,5,0.029937,0.092360,9.758577,0.018087,-0.005505,0.009518
447697410.000,ZR,handheld,水平,right,recording,充电口朝内,5,0.019742,0.070472,9.788461,0.015958,-0.000033,0.007415
447697420.000,ZR,handheld,水平,right,recording,充电口朝内,5,-0.034555,0.070031,9.780321,0.015247,-0.006479,0.009546
447697430.000,ZR,handheld,水平,right,recording,充电口朝内,5,-0.023278,0.070370,9.771172,0.020051,-0.015326,0.010945
447697440.000,ZR,handheld,水平,right,recording,充电口朝内,5,0.034468,0.063892,9.763003,0.019368,-0.014758,0.007385
447697450.000,ZR,handheld,水平,right,recording,充电口朝内,5,0.043427,0.085384,9.720923,0.013926,-0.004847,0.003220
447697460.000,ZR,handheld,水平,right,recording,充电口朝内,5,0.013574,0.070083,9.704937,0.010443,0.003868,0.000913
447697470.000,ZR,handheld,水平,right,recording,充电口朝内,5,-0.046649,0.069734,9.636642,0.003862,0.000866,-0.001001
447697480.000,ZR,handheld,水平,right,recording,充电口朝内,5,-0.056436,0.050658,9.600077,-0.004871,-0.009263,-0.001204
447697490.000,ZR,handheld,水平,right,recording,充电口朝内,5,-0.054505,0.052530,9.668529,-0.010353,-0.011618,-0.001377
447697500.000,ZR,handheld,水平,right,recording,充电口朝内,5,-0.049996,0.032908,9.741053,-0.010334,-0.006995,-0.001255
447697510.000,ZR,handheld,水平,right,recording,充电口朝内,5,-0.101895,-0.000161,9.781261,-0.005776,-0.007175,0.000858
447697520.000,ZR,handheld,水平,right,recording,充电口朝内,5,-0.119399,-0.006928,9.777225,-0.003401,-0.004687,0.007188
447697530.000,ZR,handheld,水平,right,recording,充电口朝内,5,-0.091577,0.019110,9.740309,-0.007276,0.004660,0.012945
447697540.000,ZR,handheld,水平,right,recording,充电口朝内,5,-0.038882,0.028206,9.699177,-0.018833,0.012751,0.011911
447697550.000,ZR,handheld,水平,right,recording,充电口朝内,5,0.006378,0.054981,9.742117,-0.021860,0.016367,0.006582
447697560.000,ZR,handheld,水平,right,recording,充电口朝内,5,0.004098,0.036525,9.708015,-0.025884,0.001089,-0.000210
447697570.000,ZR,handheld,水平,right,recording,充电口朝内,5,-0.022544,0.037887,9.792929,-0.021691,-0.012760,-0.003577
447697580.000,ZR,handheld,水平,right,recording,充电口朝内,5,-0.048918,0.028831,9.826505,-0.017993,-0.017137,-0.004465
447697590.000,ZR,handheld,水平,right,recording,充电口朝内,5,-0.084394,0.028113,9.901177,-0.012733,-0.016022,-0.000926
447697600.000,ZR,handheld,水平,right,recording,充电口朝内,5,-0.111586,0.015046,9.930026,-0.006014,-0.015696,0.004927
447697610.000,ZR,handheld,水平,right,recording,充电口朝内,5,-0.092358,0.048225,9.869755,-0.004755,-0.023358,0.007111
447697620.000,ZR,handheld,水平,right,recording,充电口朝内,5,-0.030723,0.055546,9.851358,-0.004664,-0.027314,0.007313
447697630.000,ZR,handheld,水平,right,recording,充电口朝内,5,0.028521,0.061036,9.818541,-0.007477,-0.023904,0.004424
447697640.000,ZR,handheld,水平,right,recording,充电口朝内,5,0.028171,0.066247,9.892135,-0.005987,-0.020364,-0.000457
447697650.000,ZR,handheld,水平,right,recording,充电口朝内,5,-0.006170,0.053442,9.923639,-0.001075,-0.018596,-0.001179
447697660.000,ZR,handheld,水平,right,recording,充电口朝内,5,-0.002020,0.020206,9.883289,0.004043,-0.019778,-0.001772
447697670.000,ZR,handheld,水平,right,recording,充电口朝内,5,-0.011538,0.032403,9.920368,0.009696,-0.015441,-0.002034
447697680.000,ZR,handheld,水平,right,recording,充电口朝内,5,-0.031909,0.019655,9.825259,0.008756,-0.004711,-0.001830
447697690.000,ZR,handheld,水平,right,recording,充电口朝内,5,-0.035987,0.025989,9.756461,0.003501,0.002348,0.000139
447697700.000,ZR,handheld,水平,right,recording,充电口朝内,5,-0.038446,0.027291,9.760657,0.001765,0.004276,0.003746
447697710.000,ZR,handheld,水平,right,recording,充电口朝内,5,0.033536,0.025845,9.724821,-0.003519,0.001751,0.001190
447697720.000,ZR,handheld,水平,right,recording,充电口朝内,5,0.058493,0.033229,9.737558,-0.009011,-0.001313,-0.004483
447697730.000,ZR,handheld,水平,right,recording,充电口朝内,5,0.028093,0.018476,9.827799,-0.006427,-0.001086,-0.007221
447697740.000,ZR,handheld,水平,right,recording,充电口朝内,5,-0.037932,0.003786,9.842567,-0.004351,-0.001505,-0.004953
447697750.000,ZR,handheld,水平,right,recording,充电口朝内,5,-0.096806,-0.001588,9.870483,0.001498,-0.004803,-0.000435
447697760.000,ZR,handheld,水平,right,recording,充电口朝内,5,-0.075215,0.023864,9.856033,0.007598,-0.003004,0.003005
447697770.000,ZR,handheld,水平,right,recording,充电口朝内,5,-0.014067,0.023151,9.741443,0.004467,-0.002426,0.004174
447697780.000,ZR,handheld,水平,right,recording,充电口朝内,5,0.018157,0.024733,9.686656,-0.004991,0.002571,0.001823
447697790.000,ZR,handheld,水平,right,recording,充电口朝内,5,0.028885,0.012536,9.680159,-0.017217,0.006311,-0.000310
447697800.000,ZR,handheld,水平,right,recording,充电口朝内,5,-0.005286,0.011861,9.762371,-0.022031,0.011849,-0.000593
447697810.000,ZR,handheld,水平,right,recording,充电口朝内,5,-0.036180,-0.007474,9.856261,-0.017583,0.007927,-0.000425
447697820.000,ZR,handheld,水平,right,recording,充电口朝内,5,-0.021314,-0.008267,9.889207,-0.011012,0.003394,-0.000176
447697830.000,ZR,handheld,水平,right,recording,充电口朝内,5,-0.041497,-0.004448,9.927890,-0.002734,0.006014,-0.000786
447697840.000,ZR,handheld,水平,right,recording,充电口朝内,5,-0.047860,-0.002246,9.877508,0.004390,0.005941,-0.000226
447697850.000,ZR,handheld,水平,right,recording,充电口朝内,5,-0.047177,-0.009472,9.740010,-0.001995,0.002282,-0.001172
447697860.000,ZR,handheld,水平,right,recording,充电口朝内,5,-0.072374,-0.007489,9.680250,-0.013809,0.004047,-0.001204
447697870.000,ZR,handheld,水平,right,recording,充电口朝内,5,-0.112474,0.000622,9.745718,-0.024961,0.013478,0.003867
447697880.000,ZR,handheld,水平,right,recording,充电口朝内,5,-0.132543,0.003258,9.831187,-0.023878,0.016374,0.008960
447697890.000,ZR,handheld,水平,right,recording,充电口朝内,5,-0.088410,0.001717,9.870507,-0.016327,0.008194,0.011459
447697900.000,ZR,handheld,水平,right,recording,充电口朝内,5,-0.038565,0.019445,9.915309,-0.004695,0.001037,0.011220
447697910.000,ZR,handheld,水平,right,recording,充电口朝内,5,0.004866,0.047601,9.869961,0.002404,-0.001778,0.009537
447697920.000,ZR,handheld,水平,right,recording,充电口朝内,5,0.040547,0.028389,9.844668,0.003996,-0.000977,0.006337
447697930.000,ZR,handheld,水平,right,recording,充电口朝内,5,0.027771,0.046547,9.773313,0.000320,0.001209,0.005224
447697940.000,ZR,handheld,水平,right,recording,充电口朝内,5,-0.011129,0.039940,9.760038,-0.007364,0.007123,0.007110
447697950.000,ZR,handheld,水平,right,recording,充电口朝内,5,-0.008708,0.031996,9.765981,-0.013037,0.012778,0.009444
447697960.000,ZR,handheld,水平,right,recording,充电口朝内,5,0.008505,0.046098,9.835978,-0.011649,0.009980,0.006581
447697970.000,ZR,handheld,水平,right,recording,充电口朝内,5,0.036141,0.050961,9.899214,-0.004961,0.004816,0.000006
447697980.000,ZR,handheld,水平,right,recording,充电口朝内,5,0.045381,0.031921,9.913287,0.005208,0.000415,-0.008908
447697990.000,ZR,handheld,水平,right,recording,充电口朝内,5,0.007902,0.027848,9.890270,0.013799,-0.000541,-0.011927
447698000.000,ZR,handheld,水平,right,recording,充电口朝内,5,-0.023959,-0.010385,9.775531,0.010331,0.000787,-0.010092
447698010.000,ZR,handheld,水平,right,recording,充电口朝内,5,-0.043312,-0.015026,9.701630,-0.004200,0.008292,-0.006501
447698020.000,ZR,handheld,水平,right,recording,充电口朝内,5,-0.018885,-0.013826,9.694625,-0.018848,0.019823,-0.004202
447698030.000,ZR,handheld,水平,right,recording,充电口朝内,5,-0.013800,-0.005893,9.741831,-0.029946,0.028251,-0.006599
447698040.000,ZR,handheld,水平,right,recording,充电口朝内,5,-0.046882,-0.021488,9.844077,-0.026863,0.020613,-0.006530
447698050.000,ZR,handheld,水平,right,recording,充电口朝内,5,-0.059404,0.002901,9.952721,-0.011063,0.004813,-0.007336
447698060.000,ZR,handheld,水平,right,recording,充电口朝内,5,-0.046028,0.017412,9.940626,0.005711,-0.009156,-0.010852
447698070.000,ZR,handheld,水平,right,recording,充电口朝内,5,-0.023295,0.021981,9.900917,0.017077,-0.014810,-0.013241
447698080.000,ZR,handheld,水平,right,recording,充电口朝内,5,-0.048193,0.011237,9.801522,0.017675,-0.014050,-0.012448
447698090.000,ZR,handheld,水平,right,recording,充电口朝内,5,-0.073267,-0.019409,9.717503,0.006022,-0.001466,-0.009585
447698100.000,ZR,handheld,水平,right,recording,充电口朝内,5,-0.116913,-0.023176,9.646293,-0.015607,0.014560,-0.002791
447698110.000,ZR,handheld,水平,right,recording,充电口朝内,5,-0.121602,-0.041503,9.698763,-0.032425,0.027101,0.004432
447698120.000,ZR,handheld,水平,right,recording,充电口朝内,5,-0.040636,-0.029555,9.792154,-0.039491,0.028075,0.003450
447698130.000,ZR,handheld,水平,right,recording,充电口朝内,5,-0.039797,-0.012857,9.946700,-0.031331,0.024150,0.000059
447698140.000,ZR,handheld,水平,right,recording,充电口朝内,5,-0.048068,-0.028033,10.029485,-0.012976,0.013029,-0.002957
447698150.000,ZR,handheld,水平,right,recording,充电口朝内,5,-0.059748,-0.035401,10.019986,0.005142,0.003595,-0.003738
447698160.000,ZR,handheld,水平,right,recording,充电口朝内,5,-0.094920,-0.034449,9.931887,0.016422,-0.001075,-0.001930
447698170.000,ZR,handheld,水平,right,recording,充电口朝内,5,-0.113933,-0.017746,9.830474,0.014606,0.002060,0.001844
447698180.000,ZR,handheld,水平,right,recording,充电口朝内,5,-0.124230,-0.017888,9.765695,0.004635,0.014582,0.010903
447698190.000,ZR,handheld,水平,right,recording,充电口朝内,5,-0.126949,0.016243,9.743877,-0.005973,0.027422,0.017722
447698200.000,ZR,handheld,水平,right,recording,充电口朝内,5,-0.104319,0.033363,9.773857,-0.009464,0.030161,0.021141
447698210.000,ZR,handheld,水平,right,recording,充电口朝内,5,-0.085984,0.056081,9.808421,-0.005963,0.021859,0.019664
447698220.000,ZR,handheld,水平,right,recording,充电口朝内,5,-0.002236,0.092125,9.796131,0.000657,0.008172,0.009623
447698230.000,ZR,handheld,水平,right,recording,充电口朝内,5,0.038800,0.090995,9.723638,-0.000966,0.009131,-0.000668
447698240.000,ZR,handheld,水平,right,recording,充电口朝内,5,-0.044021,0.057179,9.660250,-0.012677,0.017007,-0.005156
447698250.000,ZR,handheld,水平,right,recording,充电口朝内,5,-0.082743,0.020672,9.685465,-0.021022,0.008638,-0.006541
447698260.000,ZR,handheld,水平,right,recording,充电口朝内,5,-0.119677,0.018767,9.845489,-0.014675,0.001963,-0.003002
447698270.000,ZR,handheld,水平,right,recording,充电口朝内,5,-0.126840,0.013482,9.911445,-0.006993,0.004673,-0.001401
447698280.000,ZR,handheld,水平,right,recording,充电口朝内,5,-0.104995,0.002092,9.881684,-0.001189,0.004518,-0.001222
447698290.000,ZR,handheld,水平,right,recording,充电口朝内,5,-0.121340,-0.016821,9.826954,0.003237,0.000565,-0.001601
447698300.000,ZR,handheld,水平,right,recording,充电口朝内,5,-0.144343,-0.020513,9.792344,0.001684,-0.000302,-0.000582
447698310.000,ZR,handheld,水平,right,recording,充电口朝内,5,-0.164864,-0.040863,9.790533,-0.003485,0.000796,0.003313
447698320.000,ZR,handheld,水平,right,recording,充电口朝内,5,-0.143771,-0.034013,9.767390,-0.010137,0.012705,0.008446
447698330.000,ZR,handheld,水平,right,recording,充电口朝内,5,-0.100054,-0.039892,9.744732,-0.019659,0.019584,0.012411
447698340.000,ZR,handheld,水平,right,recording,充电口朝内,5,-0.053164,-0.022386,9.794728,-0.022634,0.020283,0.010764
447698350.000,ZR,handheld,水平,right,recording,充电口朝内,5,-0.029037,-0.016280,9.847545,-0.019256,0.016728,0.006073
447698360.000,ZR,handheld,水平,right,recording,充电口朝内,5,-0.090401,-0.014279,9.878348,-0.010442,0.010393,0.004436
447698370.000,ZR,handheld,水平,right,recording,充电口朝内,5,-0.099914,-0.020802,9.910652,-0.000843,0.001266,0.005277
447698380.000,ZR,handheld,水平,right,recording,充电口朝内,5,-0.078923,-0.010264,9.861395,0.003177,0.003995,0.007954
447698390.000,ZR,handheld,水平,right,recording,充电口朝内,5,-0.039703,-0.017961,9.767671,-0.003465,0.006917,0.007673
447698400.000,ZR,handheld,水平,right,recording,充电口朝内,5,-0.008111,-0.005026,9.801516,-0.006531,0.018060,0.007411
447698410.000,ZR,handheld,水平,right,recording,充电口朝内,5,-0.022065,0.011575,9.809766,-0.006493,0.020581,0.006590
447698420.000,ZR,handheld,水平,right,recording,充电口朝内,5,0.001963,0.008982,9.843447,-0.005759,0.022592,0.004237
447698430.000,ZR,handheld,水平,right,recording,充电口朝内,5,0.015698,0.041363,9.852634,-0.000572,0.022399,-0.001376
447698440.000,ZR,handheld,水平,right,recording,充电口朝内,5,0.017135,0.030918,9.800591,0.005374,0.016208,-0.009487
447698450.000,ZR,handheld,水平,right,recording,充电口朝内,5,-0.018816,0.051185,9.749869,0.006686,0.004856,-0.017819
447698460.000,ZR,handheld,水平,right,recording,充电口朝内,5,-0.054100,0.038608,9.693941,0.005011,-0.005283,-0.018424
447698470.000,ZR,handheld,水平,right,recording,充电口朝内,5,-0.072575,0.005265,9.679616,-0.004935,-0.003566,-0.018235
447698480.000,ZR,handheld,水平,right,recording,充电口朝内,5,-0.092696,0.008046,9.692114,-0.014988,-0.002311,-0.017512
447698490.000,ZR,handheld,水平,right,recording,充电口朝内,5,-0.122574,-0.025341,9.742499,-0.018658,-0.003953,-0.012972
447698500.000,ZR,handheld,水平,right,recording,充电口朝内,5,-0.118564,-0.006499,9.756193,-0.019391,-0.017369,-0.013129
447698510.000,ZR,handheld,水平,right,recording,充电口朝内,5,-0.097433,0.000154,9.846068,-0.013664,-0.020410,-0.013422
447698520.000,ZR,handheld,水平,right,recording,充电口朝内,5,-0.086418,-0.018112,9.870983,-0.006985,-0.017642,-0.010747
447698530.000,ZR,handheld,水平,right,recording,充电口朝内,5,-0.103503,-0.025906,9.845754,-0.006133,-0.015349,-0.007033
447698540.000,ZR,handheld,水平,right,recording,充电口朝内,5,-0.072563,-0.020118,9.831148,-0.006109,-0.012034,-0.006133
447698550.000,ZR,handheld,水平,right,recording,充电口朝内,5,-0.070300,-0.024153,9.843370,-0.004602,-0.012287,-0.006754
447698560.000,ZR,handheld,水平,right,recording,充电口朝内,5,-0.052052,-0.034693,9.843323,-0.001853,-0.012127,-0.009961
447698570.000,ZR,handheld,水平,right,recording,充电口朝内,5,-0.050498,-0.046166,9.801748,-0.002645,-0.010717,-0.013287
447698580.000,ZR,handheld,水平,right,recording,充电口朝内,5,-0.064160,-0.041091,9.761020,-0.007592,-0.008115,-0.015029
447698590.000,ZR,handheld,水平,right,recording,充电口朝内,5,-0.105599,-0.060344,9.742970,-0.018013,-0.002126,-0.012491
447698600.000,ZR,handheld,水平,right,recording,充电口朝内,5,-0.128493,-0.061452,9.803847,-0.021724,0.000097,-0.007550
447698610.000,ZR,handheld,水平,right,recording,充电口朝内,5,-0.135899,-0.069020,9.860114,-0.016423,-0.002160,-0.003539
447698620.000,ZR,handheld,水平,right,recording,充电口朝内,5,-0.117446,-0.063854,9.906134,-0.007447,-0.002394,-0.001422
447698630.000,ZR,handheld,水平,right,recording,充电口朝内,5,-0.097760,-0.017621,9.896142,0.000363,-0.005498,-0.000907
447698640.000,ZR,handheld,水平,right,recording,充电口朝内,5,-0.056960,-0.000871,9.858038,0.004657,-0.005541,-0.001784
447698650.000,ZR,handheld,水平,right,recording,充电口朝内,5,-0.047242,0.011860,9.762349,0.000833,-0.006703,-0.003968
447698660.000,ZR,handheld,水平,right,recording,充电口朝内,5,-0.047156,0.017763,9.735842,-0.005953,-0.003076,-0.005770
447698670.000,ZR,handheld,水平,right,recording,充电口朝内,5,-0.042459,0.007832,9.755221,-0.012977,-0.000501,-0.009038
447698680.000,ZR,handheld,水平,right,recording,充电口朝内,5,-0.056422,-0.016543,9.796157,-0.015871,-0.000574,-0.010712
447698690.000,ZR,handheld,水平,right,recording,充电口朝内,5,-0.105389,-0.051232,9.861622,-0.015458,0.002350,-0.009029
447698700.000,ZR,handheld,水平,right,recording,充电口朝内,5,-0.112995,-0.053750,9.892919,-0.009826,0.007506,-0.006033
447698710.000,ZR,handheld,水平,right,recording,充电口朝内,5,-0.096511,-0.051436,9.876542,-0.005870,0.009697,-0.004041
447698720.000,ZR,handheld,水平,right,recording,充电口朝内,5,-0.077223,-0.054328,9.855228,-0.002646,0.004592,-0.005977
447698730.000,ZR,handheld,水平,right,recording,充电口朝内,5,-0.086957,-0.037090,9.813156,-0.000555,-0.003923,-0.008020
447698740.000,ZR,handheld,水平,right,recording,充电口朝内,5,-0.102734,-0.044289,9.759001,-0.004892,-0.009376,-0.009629
447698750.000,ZR,handheld,水平,right,recording,充电口朝内,5,-0.111152,-0.037411,9.788954,-0.009972,-0.007292,-0.011556
447698760.000,ZR,handheld,水平,right,recording,充电口朝内,5,-0.153854,-0.024187,9.845042,-0.011302,0.000181,-0.010118
447698770.000,ZR,handheld,水平,right,recording,充电口朝内,5,-0.200258,-0.035159,9.816605,-0.010521,-0.000994,-0.004574
447698780.000,ZR,handheld,水平,right,recording,充电口朝内,5,-0.179605,-0.049397,9.824521,-0.010271,0.000723,-0.000267
447698790.000,ZR,handheld,水平,right,recording,充电口朝内,5,-0.145393,-0.041181,9.792760,-0.012352,0.000144,0.003665
447698800.000,ZR,handheld,水平,right,recording,充电口朝内,5,-0.113668,-0.058843,9.818300,-0.011894,-0.000369,0.003866
447698810.000,ZR,handheld,水平,right,recording,充电口朝内,5,-0.067925,-0.052436,9.858332,-0.008793,-0.006382,0.001100
447698820.000,ZR,handheld,水平,right,recording,充电口朝内,5,-0.067216,-0.059657,9.867755,-0.006405,-0.009221,-0.001012
447698830.000,ZR,handheld,水平,right,recording,充电口朝内,5,-0.102666,-0.076233,9.877694,-0.004148,-0.012305,-0.000707
447698840.000,ZR,handheld,水平,right,recording,充电口朝内,5,-0.138842,-0.067034,9.932280,-0.000923,-0.004630,0.003795
447698850.000,ZR,handheld,水平,right,recording,充电口朝内,5,-0.147755,-0.076351,9.906788,-0.001191,0.005841,0.008700
447698860.000,ZR,handheld,水平,right,recording,充电口朝内,5,-0.096817,-0.073792,9.873174,-0.003395,0.014881,0.011960
447698870.000,ZR,handheld,水平,right,recording,充电口朝内,5,-0.060491,-0.040925,9.884463,-0.001457,0.013620,0.009577
447698880.000,ZR,handheld,水平,right,recording,充电口朝内,5,-0.036815,-0.032831,9.895907,0.002617,0.009362,0.003642
447698890.000,ZR,handheld,水平,right,recording,充电口朝内,5,-0.062987,-0.027016,9.906318,0.012817,0.000977,-0.003235
447698900.000,ZR,handheld,水平,right,recording,充电口朝内,5,-0.090206,-0.024428,9.906397,0.021315,-0.007391,-0.006540
447698910.000,ZR,handheld,水平,right,recording,充电口朝内,5,-0.136332,-0.040762,9.840267,0.024452,-0.002609,-0.006641
447698920.000,ZR,handheld,水平,right,recording,充电口朝内,5,-0.147084,-0.055420,9.747887,0.015123,0.007816,-0.001112
447698930.000,ZR,handheld,水平,right,recording,充电口朝内,5,-0.166524,-0.062374,9.703315,0.000807,0.014742,0.005507
447698940.000,ZR,handheld,水平,right,recording,充电口朝内,5,-0.156749,-0.055335,9.729116,-0.006315,0.012429,0.010814
447698950.000,ZR,handheld,水平,right,recording,充电口朝内,5,-0.078533,-0.048010,9.774240,-0.006706,0.005806,0.010519
447698960.000,ZR,handheld,水平,right,recording,充电口朝内,5,0.005938,-0.018813,9.842593,-0.000982,0.000246,0.001662
447698970.000,ZR,handheld,水平,right,recording,充电口朝内,5,-0.000366,-0.010470,9.881416,0.005940,-0.002135,-0.005657
447698980.000,ZR,handheld,水平,right,recording,充电口朝内,5,-0.071920,-0.046632,9.873409,0.011040,-0.002146,-0.005747
447698990.000,ZR,handheld,水平,right,recording,充电口朝内,5,-0.109301,-0.032210,9.831413,0.010514,0.000255,-0.002051
447699000.000,ZR,handheld,水平,right,recording,充电口朝内,5,-0.090747,-0.050699,9.786112,0.006244,0.007715,0.001526
447699010.000,ZR,handheld,水平,right,recording,充电口朝内,5,-0.075526,-0.036299,9.750112,0.004497,0.001877,0.001159
447699020.000,ZR,handheld,水平,right,recording,充电口朝内,5,-0.072957,-0.042823,9.802839,0.006056,-0.006682,0.000750
447699030.000,ZR,handheld,水平,right,recording,充电口朝内,5,-0.053066,-0.024381,9.817193,0.013057,-0.018814,-0.003026
447699040.000,ZR,handheld,水平,right,recording,充电口朝内,5,-0.067483,-0.032723,9.838483,0.020531,-0.023848,-0.004413
447699050.000,ZR,handheld,水平,right,recording,充电口朝内,5,-0.082550,-0.047503,9.783728,0.020283,-0.016430,-0.003951
447699060.000,ZR,handheld,水平,right,recording,充电口朝内,5,-0.120623,-0.052571,9.680872,0.008168,-0.007978,-0.001715
447699070.000,ZR,handheld,水平,right,recording,充电口朝内,5,-0.126617,-0.061714,9.696889,-0.002461,-0.002034,0.001330
447699080.000,ZR,handheld,水平,right,recording,充电口朝内,5,-0.112987,-0.064183,9.718807,-0.010024,0.008103,0.004583
447699090.000,ZR,handheld,水平,right,recording,充电口朝内,5,-0.094939,-0.050919,9.714526,-0.016826,0.009213,0.005369
447699100.000,ZR,handheld,水平,right,recording,充电口朝内,5,-0.099031,-0.030421,9.775903,-0.013425,0.003247,0.004893
447699110.000,ZR,handheld,水平,right,recording,充电口朝内,5,-0.080410,-0.012881,9.841261,-0.003135,-0.004469,0.003227
447699120.000,ZR,handheld,水平,right,recording,充电口朝内,5,-0.071571,-0.005881,9.844792,0.005117,-0.016522,-0.001127
447699130.000,ZR,handheld,水平,right,recording,充电口朝内,5,-0.075148,-0.026179,9.783504,0.008511,-0.023776,-0.005362
447699140.000,ZR,handheld,水平,right,recording,充电口朝内,5,-0.104449,-0.010909,9.774091,0.003647,-0.022927,-0.005521
447699150.000,ZR,handheld,水平,right,recording,充电口朝内,5,-0.128461,-0.054047,9.751339,-0.002357,-0.010062,-0.002164
447699160.000,ZR,handheld,水平,right,recording,充电口朝内,5,-0.141992,-0.049587,9.710507,-0.016950,-0.002170,0.002173
447699170.000,ZR,handheld,水平,right,recording,充电口朝内,5,-0.160803,-0.094454,9.780392,-0.025093,0.002944,0.010014
447699180.000,ZR,handheld,水平,right,recording,充电口朝内,5,-0.148186,-0.046688,9.932872,-0.018107,0.007870,0.015462
447699190.000,ZR,handheld,水平,right,recording,充电口朝内,5,-0.064691,-0.042699,9.972054,-0.005140,0.001699,0.013673
447699200.000,ZR,handheld,水平,right,recording,充电口朝内,5,0.026244,-0.047456,9.940264,0.005154,-0.004712,0.005639
447699210.000,ZR,handheld,水平,right,recording,充电口朝内,5,0.019759,-0.032469,9.871047,0.010415,-0.012387,-0.001937
447699220.000,ZR,handheld,水平,right,recording,充电口朝内,5,-0.059789,-0.038393,9.835050,0.008391,-0.010785,-0.003084
447699230.000,ZR,handheld,水平,right,recording,充电口朝内,5,-0.108708,-0.069759,9.839609,0.006136,-0.007405,0.001842
447699240.000,ZR,handheld,水平,right,recording,充电口朝内,5,-0.138886,-0.050023,9.864955,0.005209,0.000273,0.008891
447699250.000,ZR,handheld,水平,right,recording,充电口朝内,5,-0.080366,-0.026148,9.853457,0.001839,0.007227,0.011374
447699260.000,ZR,handheld,水平,right,recording,充电口朝内,5,-0.014684,0.004924,9.862006,0.005386,0.008165,0.007864
447699270.000,ZR,handheld,水平,right,recording,充电口朝内,5,0.005443,0.011115,9.849621,0.012821,-0.002281,0.000288
447699280.000,ZR,handheld,水平,right,recording,充电口朝内,5,-0.013442,0.006085,9.847753,0.017267,-0.007212,-0.002657
447699290.000,ZR,handheld,水平,right,recording,充电口朝内,5,-0.032160,-0.000181,9.797436,0.015034,-0.004989,-0.004917
447699300.000,ZR,handheld,水平,right,recording,充电口朝内,5,-0.057082,-0.028839,9.800015,0.011324,0.000071,-0.003310
447699310.000,ZR,handheld,水平,right,recording,充电口朝内,5,-0.072278,-0.029145,9.793785,0.009285,0.000377,-0.001762
447699320.000,ZR,handheld,水平,right,recording,充电口朝内,5,-0.054469,-0.020400,9.817478,0.008453,0.006677,-0.001668
447699330.000,ZR,handheld,水平,right,recording,充电口朝内,5,-0.052471,-0.001366,9.797626,0.008972,0.007429,-0.002566
447699340.000,ZR,handheld,水平,right,recording,充电口朝内,5,-0.043419,0.025343,9.806871,0.012276,0.010619,-0.004633
447699350.000,ZR,handheld,水平,right,recording,充电口朝内,5,-0.093790,0.022046,9.694512,0.008977,0.004543,-0.007659
447699360.000,ZR,handheld,水平,right,recording,充电口朝内,5,-0.114591,-0.002260,9.664772,0.002234,0.000047,-0.007189
447699370.000,ZR,handheld,水平,right,recording,充电口朝内,5,-0.149593,-0.018401,9.716239,-0.000588,-0.000582,-0.003184
447699380.000,ZR,handheld,水平,right,recording,充电口朝内,5,-0.178057,-0.041047,9.753003,-0.001422,-0.002760,0.001492
447699390.000,ZR,handheld,水平,right,recording,充电口朝内,5,-0.115187,-0.055057,9.739240,-0.007326,-0.008500,0.003084
447699400.000,ZR,handheld,水平,right,recording,充电口朝内,5,-0.086923,-0.034286,9.756214,-0.009109,-0.013080,0.003195
447699410.000,ZR,handheld,水平,right,recording,充电口朝内,5,-0.074856,-0.032910,9.829750,-0.005954,-0.018675,0.004195
447699420.000,ZR,handheld,水平,right,recording,充电口朝内,5,-0.081016,-0.023705,9.847130,-0.000153,-0.023774,0.004852
447699430.000,ZR,handheld,水平,right,recording,充电口朝内,5,-0.053244,-0.028248,9.814726,0.001707,-0.025916,0.003617
447699440.000,ZR,handheld,水平,right,recording,充电口朝内,5,-0.062981,-0.043859,9.822699,0.004414,-0.028655,0.005263
447699450.000,ZR,handheld,水平,right,recording,充电口朝内,5,-0.055840,-0.008671,9.807846,0.005426,-0.030385,0.006335
447699460.000,ZR,handheld,水平,right,recording,充电口朝内,5,-0.031307,0.017137,9.770963,0.001508,-0.029314,0.002888
447699470.000,ZR,handheld,水平,right,recording,充电口朝内,5,-0.039204,0.029542,9.755399,-0.004818,-0.022999,0.002020
447699480.000,ZR,handheld,水平,right,recording,充电口朝内,5,-0.029155,0.013118,9.744069,-0.010354,-0.017870,0.000454
447699490.000,ZR,handheld,水平,right,recording,充电口朝内,5,-0.002983,-0.006057,9.763925,-0.016502,-0.017432,-0.003048
447699500.000,ZR,handheld,水平,right,recording,充电口朝内,5,-0.027294,-0.013436,9.910478,-0.012512,-0.016204,-0.004103
447699510.000,ZR,handheld,水平,right,recording,充电口朝内,5,-0.076571,-0.055799,9.985708,-0.001079,-0.014578,-0.001814
447699520.000,ZR,handheld,水平,right,recording,充电口朝内,5,-0.092803,-0.068759,9.957313,0.008674,-0.014933,0.003573
447699530.000,ZR,handheld,水平,right,recording,充电口朝内,5,-0.078260,-0.075613,9.907069,0.012927,-0.012692,0.008945
447699540.000,ZR,handheld,水平,right,recording,充电口朝内,5,-0.051642,-0.037459,9.859780,0.013480,-0.005645,0.009714
447699550.000,ZR,handheld,水平,right,recording,充电口朝内,5,-0.046635,-0.017488,9.811150,0.011706,-0.006176,0.010297
447699560.000,ZR,handheld,水平,right,recording,充电口朝内,5,-0.041164,0.009775,9.785202,0.007973,-0.009882,0.006431
447699570.000,ZR,handheld,水平,right,recording,充电口朝内,5,-0.055139,-0.003626,9.761510,0.004261,-0.015202,0.003875
447699580.000,ZR,handheld,水平,right,recording,充电口朝内,5,-0.055945,-0.020683,9.843085,0.004403,-0.013532,0.002607
447699590.000,ZR,handheld,水平,right,recording,充电口朝内,5,-0.085292,0.001559,9.858502,0.006876,-0.014057,0.003700
447699600.000,ZR,handheld,水平,right,recording,充电口朝内,5,-0.046292,-0.042399,9.858015,0.007883,-0.007977,0.006801
447699610.000,ZR,handheld,水平,right,recording,充电口朝内,5,-0.034691,-0.017382,9.830423,0.008465,-0.004142,0.005649
447699620.000,ZR,handheld,水平,right,recording,充电口朝内,5,-0.020271,-0.036649,9.861521,0.014010,-0.004510,0.005108
447699630.000,ZR,handheld,水平,right,recording,充电口朝内,5,-0.019609,-0.023958,9.808679,0.016941,-0.005573,0.002937
447699640.000,ZR,handheld,水平,right,recording,充电口朝内,5,-0.017531,-0.017390,9.746337,0.011039,-0.003949,0.000884
447699650.000,ZR,handheld,水平,right,recording,充电口朝内,5,-0.070383,-0.004221,9.733242,0.006660,-0.000075,0.001229
447699660.000,ZR,handheld,水平,right,recording,充电口朝内,5,-0.102742,-0.016388,9.723693,0.004024,-0.001135,0.004766
447699670.000,ZR,handheld,水平,right,recording,充电口朝内,5,-0.080873,0.006417,9.703423,0.003139,-0.011412,0.005689
447699680.000,ZR,handheld,水平,right,recording,充电口朝内,5,-0.064909,-0.010939,9.723205,0.001792,-0.018180,0.005573
447699690.000,ZR,handheld,水平,right,recording,充电口朝内,5,-0.045084,-0.002838,9.723183,0.001670,-0.020288,0.004309
447699700.000,ZR,handheld,水平,right,recording,充电口朝内,5,-0.052289,-0.010080,9.709107,-0.001120,-0.023630,0.004079
447699710.000,ZR,handheld,水平,right,recording,充电口朝内,5,-0.036589,-0.026422,9.728364,-0.005378,-0.019678,0.004386
447699720.000,ZR,handheld,水平,right,recording,充电口朝内,5,-0.048408,-0.026793,9.755599,-0.012248,-0.012203,0.004791
447699730.000,ZR,handheld,水平,right,recording,充电口朝内,5,-0.073410,-0.044703,9.798518,-0.018225,-0.004551,0.009059
447699740.000,ZR,handheld,水平,right,recording,充电口朝内,5,-0.048888,-0.044165,9.841192,-0.019032,-0.000403,0.012156
447699750.000,ZR,handheld,水平,right,recording,充电口朝内,5,-0.033337,-0.026223,9.901753,-0.012201,-0.003548,0.011111
447699760.000,ZR,handheld,水平,right,recording,充电口朝内,5,-0.008041,-0.019317,9.890388,-0.005658,-0.006658,0.008589
447699770.000,ZR,handheld,水平,right,recording,充电口朝内,5,-0.017644,0.001901,9.862397,-0.003480,-0.004451,0.005126
447699780.000,ZR,handheld,水平,right,recording,充电口朝内,5,-0.022106,0.007887,9.792727,-0.006379,-0.000237,0.003442
447699790.000,ZR,handheld,水平,right,recording,充电口朝内,5,-0.051415,0.002639,9.784742,-0.014514,0.003008,0.002180
447699800.000,ZR,handheld,水平,right,recording,充电口朝内,5,-0.079467,-0.031031,9.816900,-0.017323,0.003971,0.004562
447699810.000,ZR,handheld,水平,right,recording,充电口朝内,5,-0.076766,-0.031106,9.868805,-0.016449,0.001861,0.007660
447699820.000,ZR,handheld,水平,right,recording,充电口朝内,5,-0.011974,-0.052622,9.920539,-0.008746,0.000963,0.006309
447699830.000,ZR,handheld,水平,right,recording,充电口朝内,5,-0.024136,-0.034456,9.947789,0.000373,0.000023,0.004933
447699840.000,ZR,handheld,水平,right,recording,充电口朝内,5,-0.020391,-0.058505,9.922625,0.008967,0.000432,0.006552
447699850.000,ZR,handheld,水平,right,recording,充电口朝内,5,-0.026115,-0.072048,9.842031,0.007843,0.002899,0.007826
447699860.000,ZR,handheld,水平,right,recording,充电口朝内,5,-0.058404,-0.063950,9.788530,0.000592,0.005648,0.010339
447699870.000,ZR,handheld,水平,right,recording,充电口朝内,5,-0.030867,-0.076559,9.804216,-0.004858,0.010270,0.011416
447699880.000,ZR,handheld,水平,right,recording,充电口朝内,5,-0.035067,-0.063764,9.846911,-0.006137,0.012025,0.010777
447699890.000,ZR,handheld,水平,right,recording,充电口朝内,5,-0.027083,-0.069159,9.885579,-0.000934,0.004452,0.009081
447699900.000,ZR,handheld,水平,right,recording,充电口朝内,5,-0.025582,-0.038628,9.912504,0.009301,-0.002721,0.007556
447699910.000,ZR,handheld,水平,right,recording,充电口朝内,5,-0.037262,-0.036179,9.902990,0.016307,-0.008186,0.007872
447699920.000,ZR,handheld,水平,right,recording,充电口朝内,5,-0.032067,-0.032594,9.824202,0.018142,-0.011130,0.011530
447699930.000,ZR,handheld,水平,right,recording,充电口朝内,5,-0.052851,-0.014130,9.794992,0.014898,-0.006344,0.015971
447699940.000,ZR,handheld,水平,right,recording,充电口朝内,5,-0.030133,0.006240,9.758629,0.009761,-0.000067,0.019370
447699950.000,ZR,handheld,水平,right,recording,充电口朝内,5,0.021290,-0.000419,9.730896,0.003178,0.000135,0.017584
447699960.000,ZR,handheld,水平,right,recording,充电口朝内,5,0.007156,0.014368,9.804705,0.003504,-0.002613,0.014468
447699970.000,ZR,handheld,水平,right,recording,充电口朝内,5,0.013605,0.036903,9.858962,0.011802,-0.007878,0.011548
447699980.000,ZR,handheld,水平,right,recording,充电口朝内,5,0.016629,0.014106,9.873091,0.020788,-0.010617,0.006661
447699990.000,ZR,handheld,水平,right,recording,充电口朝内,5,0.064590,-0.002517,9.835657,0.026267,-0.010303,0.000290
447700000.000,ZR,handheld,水平,right,recording,充电口朝内,5,0.058810,0.000041,9.771405,0.024739,-0.010137,-0.007464
447700010.000,ZR,handheld,水平,right,recording,充电口朝内,5,0.006423,-0.010435,9.743325,0.023510,-0.015320,-0.010047
447700020.000,ZR,handheld,水平,right,recording,充电口朝内,5,-0.027993,-0.027008,9.690734,0.014868,-0.011224,-0.008946
447700030.000,ZR,handheld,水平,right,recording,充电口朝内,5,-0.085401,-0.013014,9.676225,0.002808,-0.008779,-0.004776
447700040.000,ZR,handheld,水平,right,recording,充电口朝内,5,-0.096008,-0.032569,9.692137,-0.007876,-0.001040,0.003027
447700050.000,ZR,handheld,水平,right,recording,充电口朝内,5,-0.067496,-0.016020,9.705674,-0.017221,0.001742,0.003846
447700060.000,ZR,handheld,水平,right,recording,充电口朝内,5,-0.032093,-0.005478,9.769651,-0.017282,-0.006037,0.000464
447700070.000,ZR,handheld,水平,right,recording,充电口朝内,5,-0.001235,0.018147,9.873862,-0.007896,-0.016225,-0.002489
447700080.000,ZR,handheld,水平,right,recording,充电口朝内,5,-0.006798,-0.048030,9.878819,0.000239,-0.019617,-0.006314
447700090.000,ZR,handheld,水平,right,recording,充电口朝内,5,-0.023522,-0.041582,9.847484,0.002803,-0.019386,-0.007376
447700100.000,ZR,handheld,水平,right,recording,充电口朝内,5,-0.048674,-0.080800,9.806966,-0.000618,-0.012423,-0.002899
447700110.000,ZR,handheld,水平,right,recording,充电口朝内,5,-0.085203,-0.079023,9.799529,-0.005635,-0.011131,0.001658
447700120.000,ZR,handheld,水平,right,recording,充电口朝内,5,-0.057202,-0.082816,9.829379,-0.007148,-0.006871,0.004848
447700130.000,ZR,handheld,水平,right,recording,充电口朝内,5,-0.033540,-0.052862,9.890988,-0.005365,-0.004579,0.006252
447700140.000,ZR,handheld,水平,right,recording,充电口朝内,5,-0.019858,-0.039261,9.892374,-0.001814,-0.008165,0.004664
447700150.000,ZR,handheld,水平,right,recording,充电口朝内,5,0.006830,-0.035585,9.927367,0.004012,-0.009736,0.001265
447700160.000,ZR,handheld,水平,right,recording,充电口朝内,5,0.009285,-0.028596,9.911802,0.009808,-0.013555,-0.001269
447700170.000,ZR,handheld,水平,right,recording,充电口朝内,5,-0.036361,-0.022980,9.901374,0.014785,-0.013735,-0.002585
447700180.000,ZR,handheld,水平,right,recording,充电口朝内,5,-0.102825,-0.044704,9.908835,0.017445,-0.010084,0.000450
447700190.000,ZR,handheld,水平,right,recording,充电口朝内,5,-0.109043,-0.054749,9.832464,0.013811,0.000071,0.008902
447700200.000,ZR,handheld,水平,right,recording,充电口朝内,5,-0.122458,-0.046246,9.808772,0.006781,0.008377,0.018179
447700210.000,ZR,handheld,水平,right,recording,充电口朝内,5,-0.050021,-0.037994,9.791413,0.004014,0.006213,0.021955
447700220.000,ZR,handheld,水平,right,recording,充电口朝内,5,0.002147,-0.015899,9.860253,0.008438,0.000607,0.019591
447700230.000,ZR,handheld,水平,right,recording,充电口朝内,5,0.066176,0.059388,9.875352,0.017664,-0.005948,0.010333
447700240.000,ZR,handheld,水平,right,recording,充电口朝内,5,0.064747,0.062847,9.872365,0.031016,-0.018623,0.002047
447700250.000,ZR,handheld,水平,right,recording,充电口朝内,5,0.007973,0.061621,9.840483,0.039575,-0.029461,-0.003108
447700260.000,ZR,handheld,水平,right,recording,充电口朝内,5,0.013267,0.062239,9.722555,0.036737,-0.032783,-0.006792
447700270.000,ZR,handheld,水平,right,recording,充电口朝内,5,-0.035455,0.043065,9.643631,0.022522,-0.023980,-0.004198
447700280.000,ZR,handheld,水平,right,recording,充电口朝内,5,-0.034512,0.024646,9.644097,0.003661,-0.015193,-0.000741
447700290.000,ZR,handheld,水平,right,recording,充电口朝内,5,-0.013504,0.034934,9.699884,-0.006731,-0.015503,0.001968
447700300.000,ZR,handheld,水平,right,recording,充电口朝内,5,0.025022,0.028438,9.853384,-0.004479,-0.020227,-0.000270
447700310.000,ZR,handheld,水平,right,recording,充电口朝内,5,0.053426,0.055993,9.912196,0.005596,-0.031075,-0.004079
447700320.000,ZR,handheld,水平,right,recording,充电口朝内,5,0.054635,0.019406,9.923692,0.021864,-0.036298,-0.008882
447700330.000,ZR,handheld,水平,right,recording,充电口朝内,5,0.055804,0.039770,9.798208,0.024079,-0.042253,-0.015170
447700340.000,ZR,handheld,水平,right,recording,充电口朝内,5,0.025896,0.004012,9.746855,0.016467,-0.037998,-0.015015
447700350.000,ZR,handheld,水平,right,recording,充电口朝内,5,-0.040350,-0.000454,9.789196,0.008056,-0.021776,-0.008915
447700360.000,ZR,handheld,水平,right,recording,充电口朝内,5,-0.040244,-0.008784,9.816312,0.003611,-0.009018,-0.003310
447700370.000,ZR,handheld,水平,right,recording,充电口朝内,5,-0.045890,-0.027526,9.856517,0.005293,-0.003813,-0.001289
447700380.000,ZR,handheld,水平,right,recording,充电口朝内,5,-0.053002,-0.031757,9.866507,0.008998,-0.000776,-0.000100
447700390.000,ZR,handheld,水平,right,recording,充电口朝内,5,-0.013460,-0.035181,9.831103,0.010959,-0.001717,-0.000799
447700400.000,ZR,handheld,水平,right,recording,充电口朝内,5,-0.017400,-0.042936,9.762564,0.009135,-0.003373,-0.001199
447700410.000,ZR,handheld,水平,right,recording,充电口朝内,5,-0.038528,-0.042151,9.762049,0.003383,-0.006109,-0.000782
447700420.000,ZR,handheld,水平,right,recording,充电口朝内,5,-0.071479,-0.056939,9.794579,0.003279,-0.002274,0.003660
447700430.000,ZR,handheld,水平,right,recording,充电口朝内,5,-0.107767,-0.052583,9.853792,0.006531,-0.000805,0.008157
447700440.000,ZR,handheld,水平,right,recording,充电口朝内,5,-0.105322,-0.033330,9.832225,0.010408,-0.005192,0.015865
447700450.000,ZR,handheld,水平,right,recording,充电口朝内,5,-0.073202,-0.013404,9.836571,0.016504,-0.005812,0.019216
447700460.000,ZR,handheld,水平,right,recording,充电口朝内,5,-0.031388,0.009888,9.774117,0.016933,-0.009190,0.021507
447700470.000,ZR,handheld,水平,right,recording,充电口朝内,5,0.000401,-0.019946,9.717590,0.007829,-0.002693,0.022472
447700480.000,ZR,handheld,水平,right,recording,充电口朝内,5,-0.010256,0.005052,9.683281,-0.004596,0.005736,0.024707
447700490.000,ZR,handheld,水平,right,recording,充电口朝内,5,-0.008977,0.005029,9.767153,-0.009953,0.017342,0.027924
447700500.000,ZR,handheld,水平,right,recording,充电口朝内,5,0.003372,0.014048,9.822135,-0.004737,0.020803,0.031030
447700510.000,ZR,handheld,水平,right,recording,充电口朝内,5,0.042343,0.044115,9.832784,0.003732,0.011585,0.028510
447700520.000,ZR,handheld,水平,right,recording,充电口朝内,5,0.124666,0.046311,9.793732,0.009499,0.003743,0.019810
447700530.000,ZR,handheld,水平,right,recording,充电口朝内,5,0.162083,0.070665,9.744790,0.006079,-0.000258,0.007569
447700540.000,ZR,handheld,水平,right,recording,充电口朝内,5,0.169499,0.039047,9.716020,0.001977,-0.000218,-0.004417
447700550.000,ZR,handheld,水平,right,recording,充电口朝内,5,0.057710,0.057605,9.733832,-0.001839,-0.005842,-0.009645
447700560.000,ZR,handheld,水平,right,recording,充电口朝内,5,-0.041271,0.035220,9.758522,-0.001346,-0.009042,-0.005051
447700570.000,ZR,handheld,水平,right,recording,充电口朝内,5,-0.070221,0.040947,9.775445,-0.005001,-0.000722,0.000333
447700580.000,ZR,handheld,水平,right,recording,充电口朝内,5,-0.043035,0.034303,9.736022,-0.011938,0.012254,0.005198
447700590.000,ZR,handheld,水平,right,recording,充电口朝内,5,-0.011420,0.011592,9.715629,-0.020836,0.017996,0.007286
447700600.000,ZR,handheld,水平,right,recording,充电口朝内,5,-0.025968,0.018494,9.721826,-0.026174,0.009543,0.008383
447700610.000,ZR,handheld,水平,right,recording,充电口朝内,5,-0.004968,-0.020114,9.777460,-0.025495,0.000927,0.009470
447700620.000,ZR,handheld,水平,right,recording,充电口朝内,5,0.029902,-0.017493,9.859709,-0.019964,-0.002810,0.007452
447700630.000,ZR,handheld,水平,right,recording,充电口朝内,5,0.058519,-0.025665,9.930289,-0.011168,-0.000597,0.003753
447700640.000,ZR,handheld,水平,right,recording,充电口朝内,5,0.027957,0.005651,9.968260,0.000394,0.000967,0.002585
447700650.000,ZR,handheld,水平,right,recording,充电口朝内,5,0.014391,0.011417,9.913141,0.010755,-0.003343,0.003314
447700660.000,ZR,handheld,水平,right,recording,充电口朝内,5,-0.007048,0.034613,9.817768,0.010471,-0.004907,0.006368
447700670.000,ZR,handheld,水平,right,recording,充电口朝内,5,0.032427,0.045780,9.734618,0.001366,-0.003613,0.004632
447700680.000,ZR,handheld,水平,right,recording,充电口朝内,5,0.007386,0.038719,9.757284,-0.007337,0.000351,0.003799
447700690.000,ZR,handheld,水平,right,recording,充电口朝内,5,0.003969,-0.006725,9.797137,-0.014064,0.000744,0.004516
447700700.000,ZR,handheld,水平,right,recording,充电口朝内,5,0.016583,-0.012711,9.835565,-0.016076,0.003297,0.000273
447700710.000,ZR,handheld,水平,right,recording,充电口朝内,5,0.006192,-0.029502,9.873502,-0.016060,0.004302,0.000824
447700720.000,ZR,handheld,水平,right,recording,充电口朝内,5,-0.029778,-0.027140,9.934711,-0.013118,0.013821,0.005535
447700730.000,ZR,handheld,水平,right,recording,充电口朝内,5,0.017607,-0.032098,9.901926,-0.010512,0.017714,0.007180
447700740.000,ZR,handheld,水平,right,recording,充电口朝内,5,0.021427,-0.013372,9.935919,-0.000750,0.010016,0.007458
447700750.000,ZR,handheld,水平,right,recording,充电口朝内,5,0.024311,-0.000439,9.935143,0.012419,-0.000139,0.007141
447700760.000,ZR,handheld,水平,right,recording,充电口朝内,5,0.059127,0.011498,9.892702,0.020760,-0.010119,0.005729
447700770.000,ZR,handheld,水平,right,recording,充电口朝内,5,0.105460,0.047463,9.794595,0.023678,-0.007822,0.000243
447700780.000,ZR,handheld,水平,right,recording,充电口朝内,5,0.068109,0.049190,9.663089,0.010525,-0.003744,-0.002333
447700790.000,ZR,handheld,水平,right,recording,充电口朝内,5,0.051133,0.043204,9.615499,-0.010159,0.010609,-0.002581
447700800.000,ZR,handheld,水平,right,recording,充电口朝内,5,0.026241,0.039788,9.663853,-0.028432,0.023934,-0.001120
447700810.000,ZR,handheld,水平,right,recording,充电口朝内,5,0.000175,0.013075,9.775662,-0.032185,0.027150,0.001502
447700820.000,ZR,handheld,水平,right,recording,充电口朝内,5,0.001681,0.021162,9.897251,-0.021402,0.019796,0.001115
447700830.000,ZR,handheld,水平,right,recording,充电口朝内,5,0.030353,0.012983,9.931142,-0.004933,0.007940,-0.000502
447700840.000,ZR,handheld,水平,right,recording,充电口朝内,5,0.061729,0.025412,9.909523,0.009847,-0.000884,-0.004952
447700850.000,ZR,handheld,水平,right,recording,充电口朝内,5,0.076995,0.027352,9.858111,0.019677,-0.007965,-0.010117
447700860.000,ZR,handheld,水平,right,recording,充电口朝内,5,0.038637,0.004331,9.744547,0.016069,-0.008137,-0.012612
447700870.000,ZR,handheld,水平,right,recording,充电口朝内,5,0.021991,0.006850,9.686367,0.008800,-0.011233,-0.014052
447700880.000,ZR,handheld,水平,right,recording,充电口朝内,5,0.001710,0.007865,9.664065,-0.002221,-0.002382,-0.016777
447700890.000,ZR,handheld,水平,right,recording,充电口朝内,5,-0.027986,0.015641,9.633559,-0.015865,0.000806,-0.016236
447700900.000,ZR,handheld,水平,right,recording,充电口朝内,5,-0.074824,-0.007676,9.763245,-0.020157,0.007945,-0.012308
447700910.000,ZR,handheld,水平,right,recording,充电口朝内,5,-0.103127,-0.016147,9.775905,-0.019228,0.003081,-0.007267
447700920.000,ZR,handheld,水平,right,recording,充电口朝内,5,-0.120664,-0.037848,9.838390,-0.012444,-0.004020,-0.001685
447700930.000,ZR,handheld,水平,right,recording,充电口朝内,5,-0.134702,-0.047955,9.839191,-0.007357,-0.008402,0.002926
447700940.000,ZR,handheld,水平,right,recording,充电口朝内,5,-0.093263,-0.049407,9.828872,-0.005146,-0.011782,0.007440
447700950.000,ZR,handheld,水平,right,recording,充电口朝内,5,-0.064009,-0.046397,9.824989,-0.005146,-0.009752,0.010280
447700960.000,ZR,handheld,水平,right,recording,充电口朝内,5,-0.009655,-0.014498,9.809182,-0.008228,-0.004131,0.011022
447700970.000,ZR,handheld,水平,right,recording,充电口朝内,5,0.002260,0.003040,9.812192,-0.011200,0.003744,0.007598
447700980.000,ZR,handheld,水平,right,recording,充电口朝内,5,0.028383,0.002311,9.785953,-0.017829,0.011287,0.005019
447700990.000,ZR,handheld,水平,right,recording,充电口朝内,5,0.021552,-0.002286,9.811020,-0.024438,0.017393,0.004104
447701000.000,ZR,handheld,水平,right,recording,充电口朝内,5,0.008465,-0.015309,9.830934,-0.027426,0.021167,0.004479
447701010.000,ZR,handheld,水平,right,recording,充电口朝内,5,-0.021273,-0.024626,9.920434,-0.021244,0.020378,0.008102
447701020.000,ZR,handheld,水平,right,recording,充电口朝内,5,-0.018001,-0.028488,10.005338,-0.004856,0.015089,0.011431
447701030.000,ZR,handheld,水平,right,recording,充电口朝内,5,0.031455,-0.004263,9.953342,0.009899,0.004134,0.008134
447701040.000,ZR,handheld,水平,right,recording,充电口朝内,5,0.082890,0.023765,9.891103,0.018080,-0.002448,0.001733
447701050.000,ZR,handheld,水平,right,recording,充电口朝内,5,0.084835,0.034244,9.809176,0.018927,-0.004191,-0.005964
447701060.000,ZR,handheld,水平,right,recording,充电口朝内,5,0.036103,0.016280,9.706187,0.011421,-0.007949,-0.008156
