timestamp_ms,user_name,hold_state,scene_tag,hand_mode,phase,orientation_label,orientation_index,acc_x,acc_y,acc_z,gyro_x,gyro_y,gyro_z
232982570.000,ZR,handheld,水平,right,recording,充电口朝左,3,-1.329149,0.468004,9.776687,-0.003845,-0.006212,0.002604
232982580.000,ZR,handheld,水平,right,recording,充电口朝左,3,-1.362220,0.460472,9.803536,0.017561,0.006807,0.002285
232982590.000,ZR,handheld,水平,right,recording,充电口朝左,3,-1.374689,0.471159,9.741800,0.036365,0.007366,-0.000828
232982600.000,ZR,handheld,水平,right,recording,充电口朝左,3,-1.400205,0.477576,9.677128,0.041899,0.007758,-0.004244
232982610.000,ZR,handheld,水平,right,recording,充电口朝左,3,-1.408525,0.482938,9.631395,0.041473,0.012276,-0.006423
232982620.000,ZR,handheld,水平,right,recording,充电口朝左,3,-1.421510,0.503457,9.601939,0.035861,0.008334,-0.003309
232982630.000,ZR,handheld,水平,right,recording,充电口朝左,3,-1.437034,0.491465,9.563722,0.026514,0.006020,-0.002302
232982640.000,ZR,handheld,水平,right,recording,充电口朝左,3,-1.405288,0.490599,9.597942,0.016730,0.003578,-0.002146
232982650.000,ZR,handheld,水平,right,recording,充电口朝左,3,-1.394224,0.554219,9.584753,0.013374,-0.007261,-0.012905
232982660.000,ZR,handheld,水平,right,recording,充电口朝左,3,-1.469382,0.551854,9.563950,0.012503,-0.005339,-0.026971
232982670.000,ZR,handheld,水平,right,recording,充电口朝左,3,-1.410538,0.520516,9.651562,0.020210,-0.003031,-0.036837
232982680.000,ZR,handheld,水平,right,recording,充电口朝左,3,-1.450396,0.526268,9.640501,0.027781,-0.003210,-0.036056
232982690.000,ZR,handheld,水平,right,recording,充电口朝左,3,-1.411638,0.544961,9.635532,0.030036,-0.001264,-0.030939
232982700.000,ZR,handheld,水平,right,recording,充电口朝左,3,-1.417058,0.526523,9.616871,0.028327,-0.004236,-0.024039
232982710.000,ZR,handheld,水平,right,recording,充电口朝左,3,-1.362821,0.503579,9.627898,0.023966,-0.005802,-0.015407
232982720.000,ZR,handheld,水平,right,recording,充电口朝左,3,-1.372650,0.514513,9.666786,0.017866,-0.002946,-0.009161
232982730.000,ZR,handheld,水平,right,recording,充电口朝左,3,-1.339582,0.500668,9.659173,0.011913,-0.001094,-0.005806
232982740.000,ZR,handheld,水平,right,recording,充电口朝左,3,-1.339764,0.488169,9.637725,0.006043,-0.004309,-0.001394
232982750.000,ZR,handheld,水平,right,recording,充电口朝左,3,-1.315520,0.485206,9.607208,0.001183,-0.012616,0.001680
232982760.000,ZR,handheld,水平,right,recording,充电口朝左,3,-1.317764,0.504313,9.586376,0.000801,-0.026292,0.006946
232982770.000,ZR,handheld,水平,right,recording,充电口朝左,3,-1.310782,0.490763,9.619373,0.005144,-0.030657,0.008383
232982780.000,ZR,handheld,水平,right,recording,充电口朝左,3,-1.323374,0.486553,9.639449,0.013532,-0.029330,0.008599
232982790.000,ZR,handheld,水平,right,recording,充电口朝左,3,-1.302951,0.498736,9.650537,0.021326,-0.031466,0.007351
232982800.000,ZR,handheld,水平,right,recording,充电口朝左,3,-1.345735,0.480403,9.652380,0.029073,-0.028310,0.007367
232982810.000,ZR,handheld,水平,right,recording,充电口朝左,3,-1.325785,0.491345,9.669693,0.034400,-0.025452,0.009527
232982820.000,ZR,handheld,水平,right,recording,充电口朝左,3,-1.332035,0.505621,9.666963,0.034943,-0.024633,0.013494
232982830.000,ZR,handheld,水平,right,recording,充电口朝左,3,-1.329580,0.571217,9.659653,0.030400,-0.029607,0.013932
232982840.000,ZR,handheld,水平,right,recording,充电口朝左,3,-1.326917,0.565478,9.673427,0.025294,-0.026837,0.014663
232982850.000,ZR,handheld,水平,right,recording,充电口朝左,3,-1.352444,0.539098,9.699348,0.018263,-0.017281,0.015032
232982860.000,ZR,handheld,水平,right,recording,充电口朝左,3,-1.389567,0.540198,9.631079,0.008300,-0.018495,0.015593
232982870.000,ZR,handheld,水平,right,recording,充电口朝左,3,-1.396885,0.556125,9.615511,0.001812,-0.028193,0.017089
232982880.000,ZR,handheld,水平,right,recording,充电口朝左,3,-1.393669,0.538136,9.598463,-0.002578,-0.030976,0.019362
232982890.000,ZR,handheld,水平,right,recording,充电口朝左,3,-1.403372,0.510551,9.621190,0.000173,-0.030986,0.018030
232982900.000,ZR,handheld,水平,right,recording,充电口朝左,3,-1.408466,0.485205,9.667065,0.007571,-0.029428,0.015233
232982910.000,ZR,handheld,水平,right,recording,充电口朝左,3,-1.356694,0.500504,9.684733,0.017102,-0.027516,0.012025
232982920.000,ZR,handheld,水平,right,recording,充电口朝左,3,-1.336449,0.527479,9.735912,0.022131,-0.025563,0.007457
232982930.000,ZR,handheld,水平,right,recording,充电口朝左,3,-1.310253,0.557164,9.722217,0.017780,-0.021810,0.006647
232982940.000,ZR,handheld,水平,right,recording,充电口朝左,3,-1.327683,0.482946,9.732717,0.011070,-0.000535,0.004752
232982950.000,ZR,handheld,水平,right,recording,充电口朝左,3,-1.318378,0.502630,9.735673,-0.000446,0.001451,0.004452
232982960.000,ZR,handheld,水平,right,recording,充电口朝左,3,-1.301228,0.560711,9.641714,-0.011807,-0.015064,0.007340
232982970.000,ZR,handheld,水平,right,recording,充电口朝左,3,-1.312735,0.577220,9.662112,-0.016045,-0.015104,0.014068
232982980.000,ZR,handheld,水平,right,recording,充电口朝左,3,-1.317079,0.510052,9.733953,-0.010143,-0.007583,0.024031
232982990.000,ZR,handheld,水平,right,recording,充电口朝左,3,-1.342641,0.513543,9.696654,-0.000986,-0.005550,0.029304
232983000.000,ZR,handheld,水平,right,recording,充电口朝左,3,-1.326390,0.511733,9.658121,0.007758,-0.013188,0.031828
232983010.000,ZR,handheld,水平,right,recording,充电口朝左,3,-1.326662,0.533940,9.657703,0.017627,-0.015603,0.026850
232983020.000,ZR,handheld,水平,right,recording,充电口朝左,3,-1.314266,0.561577,9.689974,0.026697,-0.013380,0.016776
232983030.000,ZR,handheld,水平,right,recording,充电口朝左,3,-1.336428,0.589219,9.667791,0.028668,-0.014189,0.008293
232983040.000,ZR,handheld,水平,right,recording,充电口朝左,3,-1.312220,0.586127,9.661285,0.027529,-0.011274,-0.001974
232983050.000,ZR,handheld,水平,right,recording,充电口朝左,3,-1.324330,0.579271,9.700825,0.025935,-0.005138,-0.004925
232983060.000,ZR,handheld,水平,right,recording,充电口朝左,3,-1.313702,0.579101,9.670000,0.024110,-0.010170,-0.000343
232983070.000,ZR,handheld,水平,right,recording,充电口朝左,3,-1.317939,0.599953,9.679447,0.022458,-0.012983,0.008381
232983080.000,ZR,handheld,水平,right,recording,充电口朝左,3,-1.306017,0.574484,9.678267,0.022525,-0.015395,0.019383
232983090.000,ZR,handheld,水平,right,recording,充电口朝左,3,-1.292251,0.586319,9.679117,0.022571,-0.011737,0.026742
232983100.000,ZR,handheld,水平,right,recording,充电口朝左,3,-1.295120,0.576829,9.660326,0.022130,-0.012160,0.025850
232983110.000,ZR,handheld,水平,right,recording,充电口朝左,3,-1.296317,0.569421,9.665592,0.025906,-0.011876,0.021660
232983120.000,ZR,handheld,水平,right,recording,充电口朝左,3,-1.271189,0.555265,9.687251,0.030901,-0.011222,0.016613
232983130.000,ZR,handheld,水平,right,recording,充电口朝左,3,-1.298485,0.570995,9.666145,0.037107,-0.012373,0.012499
232983140.000,ZR,handheld,水平,right,recording,充电口朝左,3,-1.318622,0.568010,9.697821,0.044934,-0.014720,0.007777
232983150.000,ZR,handheld,水平,right,recording,充电口朝左,3,-1.294672,0.578020,9.706150,0.048165,-0.013193,0.007428
232983160.000,ZR,handheld,水平,right,recording,充电口朝左,3,-1.298416,0.596843,9.714828,0.050077,-0.004758,0.011418
232983170.000,ZR,handheld,水平,right,recording,充电口朝左,3,-1.310596,0.648648,9.693731,0.044918,0.002913,0.018050
232983180.000,ZR,handheld,水平,right,recording,充电口朝左,3,-1.319474,0.678778,9.618385,0.030304,-0.006585,0.021650
232983190.000,ZR,handheld,水平,right,recording,充电口朝左,3,-1.332284,0.683210,9.581080,0.012299,-0.017486,0.017795
232983200.000,ZR,handheld,水平,right,recording,充电口朝左,3,-1.323740,0.663559,9.566938,-0.002386,-0.027963,0.007759
232983210.000,ZR,handheld,水平,right,recording,充电口朝左,3,-1.311709,0.655937,9.597845,-0.008594,-0.025332,-0.004037
232983220.000,ZR,handheld,水平,right,recording,充电口朝左,3,-1.283571,0.641161,9.645726,-0.003797,-0.022684,-0.011118
232983230.000,ZR,handheld,水平,right,recording,充电口朝左,3,-1.273273,0.605380,9.643889,0.008108,-0.018726,-0.010638
232983240.000,ZR,handheld,水平,right,recording,充电口朝左,3,-1.248094,0.576968,9.670202,0.023285,-0.018140,-0.007433
232983250.000,ZR,handheld,水平,right,recording,充电口朝左,3,-1.249531,0.546472,9.659638,0.036426,-0.015129,-0.000131
232983260.000,ZR,handheld,水平,right,recording,充电口朝左,3,-1.233308,0.556472,9.668761,0.042865,-0.014382,0.008561
232983270.000,ZR,handheld,水平,right,recording,充电口朝左,3,-1.235087,0.585078,9.644658,0.038523,-0.024855,0.015495
232983280.000,ZR,handheld,水平,right,recording,充电口朝左,3,-1.235537,0.585506,9.655124,0.029096,-0.023562,0.020065
232983290.000,ZR,handheld,水平,right,recording,充电口朝左,3,-1.234253,0.619602,9.658548,0.016701,-0.023273,0.023936
232983300.000,ZR,handheld,水平,right,recording,充电口朝左,3,-1.256005,0.635097,9.662735,0.003156,-0.026536,0.027965
232983310.000,ZR,handheld,水平,right,recording,充电口朝左,3,-1.260143,0.652742,9.653258,-0.007645,-0.026468,0.030562
232983320.000,ZR,handheld,水平,right,recording,充电口朝左,3,-1.273132,0.652773,9.655989,-0.012054,-0.026125,0.036575
232983330.000,ZR,handheld,水平,right,recording,充电口朝左,3,-1.267132,0.649693,9.662525,-0.007812,-0.018735,0.041007
232983340.000,ZR,handheld,水平,right,recording,充电口朝左,3,-1.285455,0.658026,9.662937,-0.001404,-0.019893,0.041941
232983350.000,ZR,handheld,水平,right,recording,充电口朝左,3,-1.281987,0.663445,9.654350,0.008102,-0.023390,0.037617
232983360.000,ZR,handheld,水平,right,recording,充电口朝左,3,-1.299024,0.663052,9.697574,0.024801,-0.012054,0.028194
232983370.000,ZR,handheld,水平,right,recording,充电口朝左,3,-1.292626,0.662998,9.696335,0.037018,0.001097,0.018901
232983380.000,ZR,handheld,水平,right,recording,充电口朝左,3,-1.292682,0.652110,9.707614,0.048739,0.000952,0.011370
232983390.000,ZR,handheld,水平,right,recording,充电口朝左,3,-1.275052,0.649792,9.668566,0.052986,-0.004348,0.008632
232983400.000,ZR,handheld,水平,right,recording,充电口朝左,3,-1.261462,0.685718,9.657908,0.047290,-0.015813,0.011892
232983410.000,ZR,handheld,水平,right,recording,充电口朝左,3,-1.249185,0.692052,9.672579,0.039671,-0.022715,0.018707
232983420.000,ZR,handheld,水平,right,recording,充电口朝左,3,-1.223433,0.701113,9.700746,0.031099,-0.029916,0.025134
232983430.000,ZR,handheld,水平,right,recording,充电口朝左,3,-1.220264,0.701726,9.738992,0.022968,-0.027798,0.029873
232983440.000,ZR,handheld,水平,right,recording,充电口朝左,3,-1.204438,0.728715,9.773762,0.019180,-0.017085,0.032756
232983450.000,ZR,handheld,水平,right,recording,充电口朝左,3,-1.187308,0.747447,9.735453,0.019852,-0.006854,0.034392
232983460.000,ZR,handheld,水平,right,recording,充电口朝左,3,-1.215390,0.714355,9.740627,0.020460,-0.000924,0.035401
232983470.000,ZR,handheld,水平,right,recording,充电口朝左,3,-1.230205,0.743869,9.699447,0.022612,-0.001155,0.032425
232983480.000,ZR,handheld,水平,right,recording,充电口朝左,3,-1.250829,0.729732,9.648212,0.024771,-0.006293,0.025251
232983490.000,ZR,handheld,水平,right,recording,充电口朝左,3,-1.264302,0.721278,9.631122,0.023105,-0.013989,0.020165
232983500.000,ZR,handheld,水平,right,recording,充电口朝左,3,-1.276856,0.723158,9.631122,0.018038,-0.023573,0.019791
232983510.000,ZR,handheld,水平,right,recording,充电口朝左,3,-1.292992,0.713471,9.615441,0.015145,-0.028996,0.021875
232983520.000,ZR,handheld,水平,right,recording,充电口朝左,3,-1.260674,0.727910,9.645469,0.017154,-0.024586,0.021374
232983530.000,ZR,handheld,水平,right,recording,充电口朝左,3,-1.258006,0.721491,9.708906,0.028312,-0.015690,0.020730
232983540.000,ZR,handheld,水平,right,recording,充电口朝左,3,-1.249673,0.698465,9.695143,0.038155,-0.010661,0.020103
232983550.000,ZR,handheld,水平,right,recording,充电口朝左,3,-1.228872,0.721273,9.700039,0.045126,-0.012970,0.016128
232983560.000,ZR,handheld,水平,right,recording,充电口朝左,3,-1.216057,0.711607,9.660433,0.046669,-0.011753,0.012626
232983570.000,ZR,handheld,水平,right,recording,充电口朝左,3,-1.204664,0.726276,9.700061,0.046878,-0.014826,0.011093
232983580.000,ZR,handheld,水平,right,recording,充电口朝左,3,-1.214793,0.752757,9.679016,0.039755,-0.011114,0.009416
232983590.000,ZR,handheld,水平,right,recording,充电口朝左,3,-1.210276,0.744288,9.683770,0.030749,-0.001500,0.008892
232983600.000,ZR,handheld,水平,right,recording,充电口朝左,3,-1.211584,0.710097,9.652787,0.020732,-0.012220,0.009046
232983610.000,ZR,handheld,水平,right,recording,充电口朝左,3,-1.224932,0.724983,9.610634,0.011500,-0.030702,0.007213
232983620.000,ZR,handheld,水平,right,recording,充电口朝左,3,-1.222914,0.722154,9.612659,0.003108,-0.038366,0.009777
232983630.000,ZR,handheld,水平,right,recording,充电口朝左,3,-1.214464,0.715968,9.651908,0.004617,-0.039381,0.007990
232983640.000,ZR,handheld,水平,right,recording,充电口朝左,3,-1.205116,0.687826,9.707804,0.011040,-0.037885,0.007044
232983650.000,ZR,handheld,水平,right,recording,充电口朝左,3,-1.231592,0.648270,9.650615,0.006065,-0.048021,0.006395
232983660.000,ZR,handheld,水平,right,recording,充电口朝左,3,-1.188393,0.664492,9.551867,-0.006043,-0.053161,0.008469
232983670.000,ZR,handheld,水平,right,recording,充电口朝左,3,-1.181916,0.706319,9.656615,-0.018556,-0.054651,0.009956
232983680.000,ZR,handheld,水平,right,recording,充电口朝左,3,-1.201756,0.637979,9.472571,-0.040088,-0.072732,0.015976
232983690.000,ZR,handheld,水平,right,recording,充电口朝左,3,-1.155416,0.731801,9.619026,-0.037555,-0.060583,0.022617
232983700.000,ZR,handheld,水平,right,recording,充电口朝左,3,-1.156265,0.571184,9.692597,-0.032960,-0.067527,0.027164
232983710.000,ZR,handheld,水平,right,recording,充电口朝左,3,-1.153668,0.643968,9.601820,-0.019411,-0.067861,0.031166
232983720.000,ZR,handheld,水平,right,recording,充电口朝左,3,-1.083156,0.650667,9.818731,0.001500,-0.050649,0.030059
232983730.000,ZR,handheld,水平,right,recording,充电口朝左,3,-1.096731,0.631829,9.687573,0.016814,-0.034973,0.024699
232983740.000,ZR,handheld,水平,right,recording,充电口朝左,3,-1.097523,0.700428,9.806934,0.031024,-0.023031,0.017127
232983750.000,ZR,handheld,水平,right,recording,充电口朝左,3,-1.135635,0.677624,9.731856,0.034385,-0.010288,0.012573
232983760.000,ZR,handheld,水平,right,recording,充电口朝左,3,-1.158366,0.678408,9.665210,0.028409,-0.014707,0.012091
232983770.000,ZR,handheld,水平,right,recording,充电口朝左,3,-1.198388,0.685489,9.614849,0.015134,-0.034369,0.015782
232983780.000,ZR,handheld,水平,right,recording,充电口朝左,3,-1.222743,0.704826,9.576007,0.001083,-0.041145,0.017185
232983790.000,ZR,handheld,水平,right,recording,充电口朝左,3,-1.207174,0.709347,9.618603,-0.007832,-0.046993,0.020378
232983800.000,ZR,handheld,水平,right,recording,充电口朝左,3,-1.197956,0.739867,9.645006,-0.008475,-0.051229,0.015495
232983810.000,ZR,handheld,水平,right,recording,充电口朝左,3,-1.165974,0.709278,9.710529,-0.000718,-0.047607,0.007587
232983820.000,ZR,handheld,水平,right,recording,充电口朝左,3,-1.153912,0.730559,9.759180,0.013186,-0.045063,-0.000484
232983830.000,ZR,handheld,水平,right,recording,充电口朝左,3,-1.106663,0.720607,9.727495,0.020983,-0.040904,-0.004608
232983840.000,ZR,handheld,水平,right,recording,充电口朝左,3,-1.113130,0.702557,9.709971,0.024729,-0.042872,-0.000294
232983850.000,ZR,handheld,水平,right,recording,充电口朝左,3,-1.124026,0.717933,9.641733,0.015983,-0.050733,0.008905
232983860.000,ZR,handheld,水平,right,recording,充电口朝左,3,-1.099826,0.741308,9.589359,0.005632,-0.061745,0.020846
232983870.000,ZR,handheld,水平,right,recording,充电口朝左,3,-1.092682,0.746527,9.602756,-0.005575,-0.073006,0.028815
232983880.000,ZR,handheld,水平,right,recording,充电口朝左,3,-1.101470,0.696253,9.584378,-0.022358,-0.090450,0.035517
232983890.000,ZR,handheld,水平,right,recording,充电口朝左,3,-1.120069,0.674975,9.508223,-0.040500,-0.110614,0.040594
232983900.000,ZR,handheld,水平,right,recording,充电口朝左,3,-1.061171,0.747753,9.634033,-0.040970,-0.105865,0.044964
232983910.000,ZR,handheld,水平,right,recording,充电口朝左,3,-1.049178,0.692119,9.636324,-0.035057,-0.106987,0.049430
232983920.000,ZR,handheld,水平,right,recording,充电口朝左,3,-1.017246,0.714182,9.673414,-0.020112,-0.121161,0.050997
232983930.000,ZR,handheld,水平,right,recording,充电口朝左,3,-1.013927,0.714616,9.645399,-0.000074,-0.130089,0.056786
232983940.000,ZR,handheld,水平,right,recording,充电口朝左,3,-1.027639,0.707160,9.672423,0.009631,-0.131557,0.059541
232983950.000,ZR,handheld,水平,right,recording,充电口朝左,3,-0.991346,0.757972,9.587347,0.024499,-0.129072,0.062432
232983960.000,ZR,handheld,水平,right,recording,充电口朝左,3,-1.021169,0.734500,9.668603,0.037833,-0.142742,0.061316
232983970.000,ZR,handheld,水平,right,recording,充电口朝左,3,-0.994650,0.761525,9.621436,0.052189,-0.148252,0.054261
232983980.000,ZR,handheld,水平,right,recording,充电口朝左,3,-0.999788,0.781784,9.648943,0.055260,-0.146554,0.047302
232983990.000,ZR,handheld,水平,right,recording,充电口朝左,3,-0.948592,0.801617,9.708054,0.062156,-0.143204,0.038482
232984000.000,ZR,handheld,水平,right,recording,充电口朝左,3,-0.971953,0.775983,9.704706,0.049913,-0.144201,0.034451
232984010.000,ZR,handheld,水平,right,recording,充电口朝左,3,-0.905430,0.901292,9.646392,0.038044,-0.131108,0.022069
232984020.000,ZR,handheld,水平,right,recording,充电口朝左,3,-0.882319,0.878057,9.790940,0.023769,-0.131595,0.010188
232984030.000,ZR,handheld,水平,right,recording,充电口朝左,3,-0.932811,0.859581,9.646323,0.000732,-0.133576,-0.003346
232984040.000,ZR,handheld,水平,right,recording,充电口朝左,3,-0.903645,0.831605,9.768695,-0.015279,-0.123558,-0.012452
232984050.000,ZR,handheld,水平,right,recording,充电口朝左,3,-0.927005,0.851019,9.718090,-0.029814,-0.116982,-0.012436
232984060.000,ZR,handheld,水平,right,recording,充电口朝左,3,-0.868464,0.862191,9.699883,-0.032911,-0.122787,-0.010063
232984070.000,ZR,handheld,水平,right,recording,充电口朝左,3,-0.881015,0.811786,9.781944,-0.027007,-0.115922,-0.009581
232984080.000,ZR,handheld,水平,right,recording,充电口朝左,3,-0.851750,0.739628,9.717467,-0.025489,-0.117753,-0.009985
232984090.000,ZR,handheld,水平,right,recording,充电口朝左,3,-0.850230,0.757213,9.674327,-0.028423,-0.107739,-0.008654
232984100.000,ZR,handheld,水平,right,recording,充电口朝左,3,-0.807927,0.758603,9.765674,-0.026970,-0.091655,-0.010044
232984110.000,ZR,handheld,水平,right,recording,充电口朝左,3,-0.783964,0.693681,9.744575,-0.026913,-0.067193,-0.013176
232984120.000,ZR,handheld,水平,right,recording,充电口朝左,3,-0.732687,0.752588,9.786273,-0.020675,-0.042622,-0.014400
232984130.000,ZR,handheld,水平,right,recording,充电口朝左,3,-0.753368,0.709989,9.704271,-0.015985,-0.035782,-0.013513
232984140.000,ZR,handheld,水平,right,recording,充电口朝左,3,-0.755109,0.693677,9.660363,-0.005691,-0.047143,-0.017632
232984150.000,ZR,handheld,水平,right,recording,充电口朝左,3,-0.727427,0.680846,9.684735,0.006586,-0.062824,-0.023516
232984160.000,ZR,handheld,水平,right,recording,充电口朝左,3,-0.728986,0.679319,9.727878,0.016036,-0.057249,-0.027916
232984170.000,ZR,handheld,水平,right,recording,充电口朝左,3,-0.713026,0.690122,9.780327,0.024270,-0.040343,-0.025328
232984180.000,ZR,handheld,水平,right,recording,充电口朝左,3,-0.706201,0.704884,9.783412,0.024923,-0.031363,-0.019429
232984190.000,ZR,handheld,水平,right,recording,充电口朝左,3,-0.704426,0.709678,9.719087,0.015411,-0.033753,-0.009904
232984200.000,ZR,handheld,水平,right,recording,充电口朝左,3,-0.732740,0.736217,9.724480,0.003553,-0.033988,-0.001644
232984210.000,ZR,handheld,水平,right,recording,充电口朝左,3,-0.744448,0.730544,9.722050,-0.008321,-0.039637,0.002781
232984220.000,ZR,handheld,水平,right,recording,充电口朝左,3,-0.760845,0.716417,9.753514,-0.018785,-0.048257,0.003454
232984230.000,ZR,handheld,水平,right,recording,充电口朝左,3,-0.747114,0.732469,9.745789,-0.026081,-0.052754,-0.001182
232984240.000,ZR,handheld,水平,right,recording,充电口朝左,3,-0.760547,0.721611,9.787339,-0.027412,-0.041537,-0.004572
232984250.000,ZR,handheld,水平,right,recording,充电口朝左,3,-0.763802,0.727238,9.793781,-0.021879,-0.035122,-0.006579
232984260.000,ZR,handheld,水平,right,recording,充电口朝左,3,-0.784835,0.734742,9.766337,-0.011426,-0.034992,-0.006871
232984270.000,ZR,handheld,水平,right,recording,充电口朝左,3,-0.783774,0.740887,9.742171,-0.002317,-0.035193,-0.006863
232984280.000,ZR,handheld,水平,right,recording,充电口朝左,3,-0.777122,0.744122,9.753097,0.008670,-0.039773,-0.005278
232984290.000,ZR,handheld,水平,right,recording,充电口朝左,3,-0.758421,0.743060,9.794111,0.018094,-0.035853,-0.006542
232984300.000,ZR,handheld,水平,right,recording,充电口朝左,3,-0.768262,0.766019,9.801303,0.020979,-0.023501,-0.009459
232984310.000,ZR,handheld,水平,right,recording,充电口朝左,3,-0.725213,0.765849,9.795089,0.017745,-0.020885,-0.014139
232984320.000,ZR,handheld,水平,right,recording,充电口朝左,3,-0.720380,0.754105,9.800339,0.013804,-0.014353,-0.019096
232984330.000,ZR,handheld,水平,right,recording,充电口朝左,3,-0.722371,0.756603,9.789290,0.006424,-0.016726,-0.018349
232984340.000,ZR,handheld,水平,right,recording,充电口朝左,3,-0.729081,0.746485,9.765806,-0.000913,-0.022523,-0.014658
232984350.000,ZR,handheld,水平,right,recording,充电口朝左,3,-0.691892,0.749286,9.756977,-0.013562,-0.032168,-0.008895
232984360.000,ZR,handheld,水平,right,recording,充电口朝左,3,-0.684504,0.731394,9.739675,-0.023786,-0.035966,-0.005253
232984370.000,ZR,handheld,水平,right,recording,充电口朝左,3,-0.657866,0.727423,9.773592,-0.026944,-0.032356,-0.000919
232984380.000,ZR,handheld,水平,right,recording,充电口朝左,3,-0.672687,0.713087,9.814818,-0.025889,-0.021715,-0.001047
232984390.000,ZR,handheld,水平,right,recording,充电口朝左,3,-0.677332,0.713869,9.814015,-0.020909,-0.009609,0.001491
232984400.000,ZR,handheld,水平,right,recording,充电口朝左,3,-0.686934,0.730929,9.807177,-0.014541,-0.003866,0.000168
232984410.000,ZR,handheld,水平,right,recording,充电口朝左,3,-0.718879,0.723585,9.732691,-0.012618,-0.005765,0.003651
232984420.000,ZR,handheld,水平,right,recording,充电口朝左,3,-0.724438,0.724557,9.717174,-0.013111,-0.006465,0.004237
232984430.000,ZR,handheld,水平,right,recording,充电口朝左,3,-0.742689,0.711286,9.694068,-0.012026,-0.007331,0.007187
232984440.000,ZR,handheld,水平,right,recording,充电口朝左,3,-0.745172,0.744753,9.680599,-0.011837,-0.017581,0.006707
232984450.000,ZR,handheld,水平,right,recording,充电口朝左,3,-0.745947,0.737234,9.721602,-0.005163,-0.030173,0.002802
232984460.000,ZR,handheld,水平,right,recording,充电口朝左,3,-0.741179,0.742230,9.747182,0.000559,-0.027854,-0.003750
232984470.000,ZR,handheld,水平,right,recording,充电口朝左,3,-0.735419,0.742209,9.784414,0.004748,-0.018249,-0.013200
232984480.000,ZR,handheld,水平,right,recording,充电口朝左,3,-0.716663,0.760333,9.775764,0.006093,-0.005391,-0.018956
232984490.000,ZR,handheld,水平,right,recording,充电口朝左,3,-0.725721,0.783558,9.763812,0.007824,-0.003437,-0.022300
232984500.000,ZR,handheld,水平,right,recording,充电口朝左,3,-0.709766,0.766322,9.768005,0.006999,0.000286,-0.020062
232984510.000,ZR,handheld,水平,right,recording,充电口朝左,3,-0.721249,0.752267,9.734658,0.000667,0.005900,-0.013764
232984520.000,ZR,handheld,水平,right,recording,充电口朝左,3,-0.691814,0.771625,9.688105,-0.008294,-0.004116,-0.011045
232984530.000,ZR,handheld,水平,right,recording,充电口朝左,3,-0.709491,0.734479,9.640698,-0.020600,-0.019450,-0.009365
232984540.000,ZR,handheld,水平,right,recording,充电口朝左,3,-0.691903,0.728941,9.677992,-0.025686,-0.029475,-0.010270
232984550.000,ZR,handheld,水平,right,recording,充电口朝左,3,-0.673176,0.709123,9.677979,-0.026859,-0.037546,-0.012962
232984560.000,ZR,handheld,水平,right,recording,充电口朝左,3,-0.697538,0.701926,9.696665,-0.024346,-0.045043,-0.014424
232984570.000,ZR,handheld,水平,right,recording,充电口朝左,3,-0.668983,0.712368,9.712612,-0.020883,-0.044828,-0.019879
232984580.000,ZR,handheld,水平,right,recording,充电口朝左,3,-0.674933,0.709201,9.742592,-0.014464,-0.028263,-0.022580
232984590.000,ZR,handheld,水平,right,recording,充电口朝左,3,-0.666272,0.692885,9.783864,-0.006926,-0.003776,-0.023348
232984600.000,ZR,handheld,水平,right,recording,充电口朝左,3,-0.690627,0.675718,9.732678,-0.001160,-0.004713,-0.023665
232984610.000,ZR,handheld,水平,right,recording,充电口朝左,3,-0.656176,0.704644,9.708100,-0.002558,-0.015964,-0.019400
232984620.000,ZR,handheld,水平,right,recording,充电口朝左,3,-0.666891,0.719154,9.636967,-0.010078,-0.023722,-0.012704
232984630.000,ZR,handheld,水平,right,recording,充电口朝左,3,-0.655177,0.734936,9.706553,-0.014476,-0.025345,-0.013478
232984640.000,ZR,handheld,水平,right,recording,充电口朝左,3,-0.659842,0.717058,9.698671,-0.018590,-0.033528,-0.017175
232984650.000,ZR,handheld,水平,right,recording,充电口朝左,3,-0.669120,0.716935,9.715254,-0.016562,-0.039576,-0.021478
232984660.000,ZR,handheld,水平,right,recording,充电口朝左,3,-0.671568,0.733361,9.700946,-0.017901,-0.053351,-0.026462
232984670.000,ZR,handheld,水平,right,recording,充电口朝左,3,-0.671216,0.734714,9.645560,-0.023464,-0.077469,-0.023220
232984680.000,ZR,handheld,水平,right,recording,充电口朝左,3,-0.709951,0.692032,9.648684,-0.043135,-0.097910,-0.015836
232984690.000,ZR,handheld,水平,right,recording,充电口朝左,3,-0.659493,0.717533,9.586469,-0.067223,-0.110833,-0.007087
232984700.000,ZR,handheld,水平,right,recording,充电口朝左,3,-0.677513,0.718143,9.725753,-0.090741,-0.113699,0.006487
232984710.000,ZR,handheld,水平,right,recording,充电口朝左,3,-0.609545,0.680066,9.708926,-0.101153,-0.099269,0.015762
232984720.000,ZR,handheld,水平,right,recording,充电口朝左,3,-0.598098,0.690781,9.893676,-0.109229,-0.086753,0.022587
232984730.000,ZR,handheld,水平,right,recording,充电口朝左,3,-0.539693,0.699464,9.711063,-0.102076,-0.077591,0.026073
232984740.000,ZR,handheld,水平,right,recording,充电口朝左,3,-0.575419,0.669745,9.883264,-0.085970,-0.074968,0.019906
232984750.000,ZR,handheld,水平,right,recording,充电口朝左,3,-0.521650,0.675529,9.882749,-0.048053,-0.037108,0.012151
232984760.000,ZR,handheld,水平,right,recording,充电口朝左,3,-0.587228,0.601541,9.970356,-0.014858,-0.023785,-0.001566
232984770.000,ZR,handheld,水平,right,recording,充电口朝左,3,-0.581990,0.626693,9.776400,0.004718,-0.015814,-0.015668
232984780.000,ZR,handheld,水平,right,recording,充电口朝左,3,-0.609752,0.668070,9.832035,0.015202,-0.001743,-0.023454
232984790.000,ZR,handheld,水平,right,recording,充电口朝左,3,-0.621636,0.634114,9.752662,0.015175,0.003742,-0.028904
232984800.000,ZR,handheld,水平,right,recording,充电口朝左,3,-0.614853,0.627076,9.706723,0.006203,-0.003319,-0.026143
232984810.000,ZR,handheld,水平,right,recording,充电口朝左,3,-0.625702,0.666421,9.675580,-0.010820,-0.017476,-0.021251
232984820.000,ZR,handheld,水平,right,recording,充电口朝左,3,-0.612145,0.675597,9.637508,-0.026904,-0.034790,-0.016757
232984830.000,ZR,handheld,水平,right,recording,充电口朝左,3,-0.606192,0.655659,9.698600,-0.036148,-0.038859,-0.018072
232984840.000,ZR,handheld,水平,right,recording,充电口朝左,3,-0.607150,0.639478,9.731069,-0.042550,-0.037829,-0.022019
232984850.000,ZR,handheld,水平,right,recording,充电口朝左,3,-0.610221,0.653430,9.711505,-0.044400,-0.050927,-0.029676
232984860.000,ZR,handheld,水平,right,recording,充电口朝左,3,-0.589561,0.638609,9.722993,-0.040963,-0.059113,-0.035252
232984870.000,ZR,handheld,水平,right,recording,充电口朝左,3,-0.570310,0.619113,9.779441,-0.032144,-0.044986,-0.039212
232984880.000,ZR,handheld,水平,right,recording,充电口朝左,3,-0.555130,0.618298,9.795675,-0.015322,-0.038752,-0.036269
232984890.000,ZR,handheld,水平,right,recording,充电口朝左,3,-0.540218,0.596590,9.868754,0.007053,-0.013132,-0.031353
232984900.000,ZR,handheld,水平,right,recording,充电口朝左,3,-0.512551,0.593793,9.890442,0.027194,0.010772,-0.024064
232984910.000,ZR,handheld,水平,right,recording,充电口朝左,3,-0.521210,0.569838,9.812300,0.034488,0.017231,-0.018728
232984920.000,ZR,handheld,水平,right,recording,充电口朝左,3,-0.510405,0.604001,9.713798,0.024944,0.009876,-0.015201
232984930.000,ZR,handheld,水平,right,recording,充电口朝左,3,-0.527796,0.603966,9.635197,0.006323,-0.017037,-0.012112
232984940.000,ZR,handheld,水平,right,recording,充电口朝左,3,-0.507744,0.622210,9.691011,-0.009294,-0.030243,-0.011681
232984950.000,ZR,handheld,水平,right,recording,充电口朝左,3,-0.506483,0.603308,9.720382,-0.026675,-0.042957,-0.012439
232984960.000,ZR,handheld,水平,right,recording,充电口朝左,3,-0.545934,0.701798,9.615573,-0.037788,-0.060477,-0.000936
232984970.000,ZR,handheld,水平,right,recording,充电口朝左,3,-0.567365,0.591360,9.935839,-0.037165,-0.023016,-0.001895
232984980.000,ZR,handheld,水平,right,recording,充电口朝左,3,-0.555764,0.625413,9.679382,-0.032345,-0.019019,0.001270
232984990.000,ZR,handheld,水平,right,recording,充电口朝左,3,-0.552775,0.644758,9.845758,-0.019595,-0.025936,-0.004413
232985000.000,ZR,handheld,水平,right,recording,充电口朝左,3,-0.547476,0.626845,9.715229,-0.004359,-0.019514,-0.012072
232985010.000,ZR,handheld,水平,right,recording,充电口朝左,3,-0.541579,0.572256,9.852115,0.010682,0.003135,-0.019979
232985020.000,ZR,handheld,水平,right,recording,充电口朝左,3,-0.546202,0.600922,9.774227,0.020804,0.019348,-0.020390
232985030.000,ZR,handheld,水平,right,recording,充电口朝左,3,-0.542023,0.628177,9.727294,0.018968,0.016613,-0.018306
232985040.000,ZR,handheld,水平,right,recording,充电口朝左,3,-0.545804,0.639654,9.645078,0.005059,0.007317,-0.013317
232985050.000,ZR,handheld,水平,right,recording,充电口朝左,3,-0.560201,0.622753,9.576505,-0.014977,-0.011677,-0.010681
232985060.000,ZR,handheld,水平,right,recording,充电口朝左,3,-0.553671,0.629881,9.604565,-0.029607,-0.033042,-0.012081
232985070.000,ZR,handheld,水平,right,recording,充电口朝左,3,-0.553922,0.590250,9.643308,-0.034292,-0.044749,-0.015810
232985080.000,ZR,handheld,水平,right,recording,充电口朝左,3,-0.537050,0.622759,9.742380,-0.027965,-0.045243,-0.017633
232985090.000,ZR,handheld,水平,right,recording,充电口朝左,3,-0.521450,0.579514,9.782615,-0.010454,-0.036634,-0.021193
232985100.000,ZR,handheld,水平,right,recording,充电口朝左,3,-0.505348,0.575912,9.852148,0.008992,-0.016884,-0.020885
232985110.000,ZR,handheld,水平,right,recording,充电口朝左,3,-0.504196,0.556341,9.895626,0.027641,0.008903,-0.018607
232985120.000,ZR,handheld,水平,right,recording,充电口朝左,3,-0.492827,0.591107,9.821818,0.034925,0.016001,-0.013311
232985130.000,ZR,handheld,水平,right,recording,充电口朝左,3,-0.522007,0.609258,9.760423,0.029481,0.014235,-0.002701
232985140.000,ZR,handheld,水平,right,recording,充电口朝左,3,-0.528162,0.599852,9.697579,0.019719,0.000641,0.004355
232985150.000,ZR,handheld,水平,right,recording,充电口朝左,3,-0.542483,0.587836,9.735501,0.005988,-0.008740,0.007332
232985160.000,ZR,handheld,水平,right,recording,充电口朝左,3,-0.536899,0.572897,9.739644,-0.006595,-0.019933,0.007850
232985170.000,ZR,handheld,水平,right,recording,充电口朝左,3,-0.530588,0.615694,9.781826,-0.014268,-0.023974,0.007042
232985180.000,ZR,handheld,水平,right,recording,充电口朝左,3,-0.532257,0.639461,9.786508,-0.017368,-0.021411,0.004891
232985190.000,ZR,handheld,水平,right,recording,充电口朝左,3,-0.524446,0.635695,9.831565,-0.012053,-0.011830,0.002052
232985200.000,ZR,handheld,水平,right,recording,充电口朝左,3,-0.541733,0.624517,9.831470,-0.007608,-0.003643,-0.002628
232985210.000,ZR,handheld,水平,right,recording,充电口朝左,3,-0.545041,0.620239,9.828585,-0.003234,0.004330,-0.007213
232985220.000,ZR,handheld,水平,right,recording,充电口朝左,3,-0.521624,0.655457,9.811618,-0.001616,0.009192,-0.011904
232985230.000,ZR,handheld,水平,right,recording,充电口朝左,3,-0.526564,0.638575,9.789892,-0.005304,0.010868,-0.012823
232985240.000,ZR,handheld,水平,right,recording,充电口朝左,3,-0.520132,0.651735,9.729576,-0.014179,0.002215,-0.013893
232985250.000,ZR,handheld,水平,right,recording,充电口朝左,3,-0.548881,0.625810,9.705469,-0.023697,-0.005119,-0.010217
232985260.000,ZR,handheld,水平,right,recording,充电口朝左,3,-0.530904,0.610512,9.706882,-0.027772,-0.010018,-0.008895
232985270.000,ZR,handheld,水平,right,recording,充电口朝左,3,-0.527839,0.569527,9.748551,-0.022268,-0.006011,-0.005416
232985280.000,ZR,handheld,水平,right,recording,充电口朝左,3,-0.526235,0.576978,9.769815,-0.011645,0.003443,-0.005443
232985290.000,ZR,handheld,水平,right,recording,充电口朝左,3,-0.502430,0.584093,9.785735,-0.000761,0.012703,-0.004497
232985300.000,ZR,handheld,水平,right,recording,充电口朝左,3,-0.505294,0.582074,9.782184,0.009598,0.015130,-0.004031
232985310.000,ZR,handheld,水平,right,recording,充电口朝左,3,-0.488995,0.585501,9.808766,0.018575,0.024179,-0.002407
232985320.000,ZR,handheld,水平,right,recording,充电口朝左,3,-0.505680,0.602230,9.732712,0.015715,0.025561,0.005387
232985330.000,ZR,handheld,水平,right,recording,充电口朝左,3,-0.528872,0.594166,9.697577,0.009321,0.017927,0.011134
232985340.000,ZR,handheld,水平,right,recording,充电口朝左,3,-0.535005,0.584620,9.667773,0.001940,-0.001828,0.015077
232985350.000,ZR,handheld,水平,right,recording,充电口朝左,3,-0.545295,0.585205,9.664736,-0.003524,-0.012915,0.014013
232985360.000,ZR,handheld,水平,right,recording,充电口朝左,3,-0.528346,0.595852,9.713361,-0.005866,-0.015767,0.008702
232985370.000,ZR,handheld,水平,right,recording,充电口朝左,3,-0.539703,0.596286,9.734251,-0.002148,-0.016333,0.002684
232985380.000,ZR,handheld,水平,right,recording,充电口朝左,3,-0.514980,0.622322,9.781937,0.003346,-0.012160,-0.000924
232985390.000,ZR,handheld,水平,right,recording,充电口朝左,3,-0.530392,0.626844,9.786483,0.009376,-0.006513,-0.002733
232985400.000,ZR,handheld,水平,right,recording,充电口朝左,3,-0.521423,0.640309,9.847701,0.016131,0.006504,-0.004496
232985410.000,ZR,handheld,水平,right,recording,充电口朝左,3,-0.530536,0.637953,9.841049,0.017848,0.015190,-0.001951
232985420.000,ZR,handheld,水平,right,recording,充电口朝左,3,-0.526459,0.666648,9.782532,0.011172,0.013277,-0.000919
232985430.000,ZR,handheld,水平,right,recording,充电口朝左,3,-0.535610,0.649486,9.746759,0.001488,0.003101,-0.001288
232985440.000,ZR,handheld,水平,right,recording,充电口朝左,3,-0.554653,0.631749,9.712592,-0.010360,-0.004640,-0.000650
232985450.000,ZR,handheld,水平,right,recording,充电口朝左,3,-0.554897,0.631581,9.726000,-0.021986,-0.002024,0.000906
232985460.000,ZR,handheld,水平,right,recording,充电口朝左,3,-0.566891,0.616196,9.711148,-0.026537,-0.005892,0.004348
232985470.000,ZR,handheld,水平,right,recording,充电口朝左,3,-0.547168,0.599571,9.720446,-0.025957,-0.014978,0.006964
232985480.000,ZR,handheld,水平,right,recording,充电口朝左,3,-0.560222,0.592255,9.712625,-0.020763,-0.018577,0.003963
232985490.000,ZR,handheld,水平,right,recording,充电口朝左,3,-0.533023,0.605069,9.729270,-0.008756,-0.017315,-0.001986
232985500.000,ZR,handheld,水平,right,recording,充电口朝左,3,-0.530728,0.585942,9.764624,0.007448,-0.014750,-0.008185
232985510.000,ZR,handheld,水平,right,recording,充电口朝左,3,-0.530281,0.599334,9.768583,0.020730,-0.010908,-0.014079
232985520.000,ZR,handheld,水平,right,recording,充电口朝左,3,-0.547356,0.626928,9.789566,0.029288,0.001870,-0.019096
232985530.000,ZR,handheld,水平,right,recording,充电口朝左,3,-0.522467,0.611921,9.771760,0.028836,0.006518,-0.020233
232985540.000,ZR,handheld,水平,right,recording,充电口朝左,3,-0.523829,0.615322,9.767533,0.021471,0.005187,-0.018900
232985550.000,ZR,handheld,水平,right,recording,充电口朝左,3,-0.495521,0.602554,9.745403,0.013695,0.004997,-0.016184
232985560.000,ZR,handheld,水平,right,recording,充电口朝左,3,-0.482678,0.596488,9.763591,0.003608,0.000772,-0.007383
232985570.000,ZR,handheld,水平,right,recording,充电口朝左,3,-0.468241,0.574406,9.745546,-0.000590,-0.006511,0.004017
232985580.000,ZR,handheld,水平,right,recording,充电口朝左,3,-0.469820,0.560912,9.778524,-0.002562,-0.016983,0.013455
232985590.000,ZR,handheld,水平,right,recording,充电口朝左,3,-0.467729,0.559017,9.762151,-0.004185,-0.024778,0.020445
232985600.000,ZR,handheld,水平,right,recording,充电口朝左,3,-0.469375,0.578331,9.781117,-0.006760,-0.023975,0.022922
232985610.000,ZR,handheld,水平,right,recording,充电口朝左,3,-0.496770,0.628695,9.785853,-0.008929,-0.014579,0.021694
232985620.000,ZR,handheld,水平,right,recording,充电口朝左,3,-0.489464,0.624328,9.743947,-0.005721,-0.010782,0.018848
232985630.000,ZR,handheld,水平,right,recording,充电口朝左,3,-0.527222,0.556706,9.767984,-0.002308,-0.012803,0.016886
232985640.000,ZR,handheld,水平,right,recording,充电口朝左,3,-0.530908,0.566633,9.735001,0.001239,-0.009176,0.015052
232985650.000,ZR,handheld,水平,right,recording,充电口朝左,3,-0.549168,0.609716,9.737988,0.005172,-0.006202,0.017134
232985660.000,ZR,handheld,水平,right,recording,充电口朝左,3,-0.536650,0.639610,9.705670,0.007830,-0.012751,0.016531
232985670.000,ZR,handheld,水平,right,recording,充电口朝左,3,-0.537016,0.638194,9.718829,0.008468,-0.013648,0.016050
232985680.000,ZR,handheld,水平,right,recording,充电口朝左,3,-0.547199,0.656196,9.726825,0.007934,-0.010429,0.011173
232985690.000,ZR,handheld,水平,right,recording,充电口朝左,3,-0.549775,0.644649,9.731579,0.005769,-0.013569,0.003921
232985700.000,ZR,handheld,水平,right,recording,充电口朝左,3,-0.530356,0.662934,9.713543,0.000523,-0.015540,-0.003280
232985710.000,ZR,handheld,水平,right,recording,充电口朝左,3,-0.543254,0.650431,9.719607,-0.004106,-0.015491,-0.007413
232985720.000,ZR,handheld,水平,right,recording,充电口朝左,3,-0.515333,0.664414,9.729850,-0.007646,-0.018784,-0.008220
232985730.000,ZR,handheld,水平,right,recording,充电口朝左,3,-0.504909,0.632672,9.729341,-0.008423,-0.021684,-0.007818
232985740.000,ZR,handheld,水平,right,recording,充电口朝左,3,-0.497622,0.625943,9.789462,-0.006837,-0.016059,-0.007801
232985750.000,ZR,handheld,水平,right,recording,充电口朝左,3,-0.461402,0.603907,9.731943,-0.006633,-0.013682,-0.006398
232985760.000,ZR,handheld,水平,right,recording,充电口朝左,3,-0.447135,0.608859,9.778996,-0.005326,-0.013061,-0.004695
232985770.000,ZR,handheld,水平,right,recording,充电口朝左,3,-0.452065,0.621047,9.786618,0.002183,-0.015803,-0.001890
232985780.000,ZR,handheld,水平,right,recording,充电口朝左,3,-0.455832,0.585061,9.833525,0.009763,-0.003200,-0.002028
232985790.000,ZR,handheld,水平,right,recording,充电口朝左,3,-0.470082,0.597166,9.833307,0.014326,0.006604,0.003063
232985800.000,ZR,handheld,水平,right,recording,充电口朝左,3,-0.486118,0.623605,9.767709,0.012548,0.005907,0.005777
232985810.000,ZR,handheld,水平,right,recording,充电口朝左,3,-0.488388,0.622390,9.753684,0.010939,0.002298,0.008787
232985820.000,ZR,handheld,水平,right,recording,充电口朝左,3,-0.491456,0.622724,9.761861,0.008262,-0.006008,0.009630
232985830.000,ZR,handheld,水平,right,recording,充电口朝左,3,-0.492304,0.657944,9.721757,0.003709,-0.008251,0.008873
232985840.000,ZR,handheld,水平,right,recording,充电口朝左,3,-0.494967,0.636520,9.753420,0.002503,-0.015568,0.007077
232985850.000,ZR,handheld,水平,right,recording,充电口朝左,3,-0.507481,0.648796,9.778822,0.004613,-0.008060,0.002648
232985860.000,ZR,handheld,水平,right,recording,充电口朝左,3,-0.495360,0.652271,9.791732,0.006181,0.001063,-0.001914
232985870.000,ZR,handheld,水平,right,recording,充电口朝左,3,-0.498801,0.688114,9.790441,0.007683,0.004800,-0.005399
232985880.000,ZR,handheld,水平,right,recording,充电口朝左,3,-0.518159,0.654904,9.737455,0.007993,-0.003008,-0.005734
232985890.000,ZR,handheld,水平,right,recording,充电口朝左,3,-0.503284,0.651336,9.735775,0.006557,-0.016404,-0.007816
232985900.000,ZR,handheld,水平,right,recording,充电口朝左,3,-0.489877,0.636807,9.739889,0.008140,-0.015964,-0.009700
232985910.000,ZR,handheld,水平,right,recording,充电口朝左,3,-0.481316,0.640569,9.801899,0.011991,-0.003848,-0.009281
232985920.000,ZR,handheld,水平,right,recording,充电口朝左,3,-0.483548,0.619933,9.838632,0.018602,0.014461,-0.006639
232985930.000,ZR,handheld,水平,right,recording,充电口朝左,3,-0.445323,0.639221,9.817184,0.020599,0.023161,-0.000989
232985940.000,ZR,handheld,水平,right,recording,充电口朝左,3,-0.488049,0.633962,9.748221,0.015544,0.023128,0.006745
232985950.000,ZR,handheld,水平,right,recording,充电口朝左,3,-0.484936,0.633464,9.718053,0.005928,0.027463,0.011342
232985960.000,ZR,handheld,水平,right,recording,充电口朝左,3,-0.498843,0.634981,9.693591,-0.002550,0.010836,0.010131
232985970.000,ZR,handheld,水平,right,recording,充电口朝左,3,-0.479874,0.615487,9.701888,-0.006535,0.008091,0.003937
232985980.000,ZR,handheld,水平,right,recording,充电口朝左,3,-0.490248,0.615071,9.755755,-0.005669,0.011079,-0.000390
232985990.000,ZR,handheld,水平,right,recording,充电口朝左,3,-0.507049,0.586858,9.735015,-0.004307,0.015869,-0.001779
232986000.000,ZR,handheld,水平,right,recording,充电口朝左,3,-0.515089,0.593140,9.673790,-0.005005,0.014866,0.000406
232986010.000,ZR,handheld,水平,right,recording,充电口朝左,3,-0.524948,0.600602,9.650137,-0.006389,0.012232,0.003047
232986020.000,ZR,handheld,水平,right,recording,充电口朝左,3,-0.485807,0.606042,9.622346,-0.007200,0.009879,0.003421
232986030.000,ZR,handheld,水平,right,recording,充电口朝左,3,-0.474642,0.599029,9.639263,-0.004112,0.000431,-0.000915
232986040.000,ZR,handheld,水平,right,recording,充电口朝左,3,-0.445804,0.618050,9.703919,-0.000251,-0.006695,-0.007273
232986050.000,ZR,handheld,水平,right,recording,充电口朝左,3,-0.443713,0.632102,9.736486,0.005738,-0.006183,-0.010707
232986060.000,ZR,handheld,水平,right,recording,充电口朝左,3,-0.447490,0.612590,9.815105,0.012717,0.007022,-0.006357
232986070.000,ZR,handheld,水平,right,recording,充电口朝左,3,-0.460695,0.631090,9.791599,0.015870,0.015887,0.002485
232986080.000,ZR,handheld,水平,right,recording,充电口朝左,3,-0.484142,0.641025,9.779660,0.014235,0.018663,0.013431
232986090.000,ZR,handheld,水平,right,recording,充电口朝左,3,-0.500725,0.642911,9.777091,0.010900,0.029538,0.023900
232986100.000,ZR,handheld,水平,right,recording,充电口朝左,3,-0.505766,0.666782,9.721237,0.000857,0.034153,0.031759
232986110.000,ZR,handheld,水平,right,recording,充电口朝左,3,-0.548417,0.664470,9.686082,-0.006772,0.035239,0.032382
232986120.000,ZR,handheld,水平,right,recording,充电口朝左,3,-0.567997,0.669787,9.685538,-0.014029,0.033821,0.025518
232986130.000,ZR,handheld,水平,right,recording,充电口朝左,3,-0.592259,0.649525,9.712505,-0.015348,0.037977,0.012890
232986140.000,ZR,handheld,水平,right,recording,充电口朝左,3,-0.557759,0.655292,9.780499,-0.013774,0.055019,0.000878
232986150.000,ZR,handheld,水平,right,recording,充电口朝左,3,-0.587688,0.658554,9.769715,-0.014496,0.075945,-0.007756
232986160.000,ZR,handheld,水平,right,recording,充电口朝左,3,-0.563901,0.684159,9.734580,-0.012931,0.080374,-0.010768
232986170.000,ZR,handheld,水平,right,recording,充电口朝左,3,-0.544416,0.672641,9.723054,-0.012535,0.056925,-0.010992
232986180.000,ZR,handheld,水平,right,recording,充电口朝左,3,-0.548071,0.661685,9.726951,-0.008613,0.062409,-0.009305
232986190.000,ZR,handheld,水平,right,recording,充电口朝左,3,-0.558045,0.594148,9.840177,0.000420,0.091062,-0.008378
232986200.000,ZR,handheld,水平,right,recording,充电口朝左,3,-0.573036,0.556119,9.944365,0.006112,0.141056,-0.012012
232986210.000,ZR,handheld,水平,right,recording,充电口朝左,3,-0.562534,0.536292,9.928690,0.001978,0.184474,-0.017125
232986220.000,ZR,handheld,水平,right,recording,充电口朝左,3,-0.588794,0.565046,9.871111,-0.023051,0.199256,-0.026537
232986230.000,ZR,handheld,水平,right,recording,充电口朝左,3,-0.573763,0.612564,9.629464,-0.073774,0.183302,-0.031599
232986240.000,ZR,handheld,水平,right,recording,充电口朝左,3,-0.585397,0.650368,9.603359,-0.118277,0.161443,-0.027703
232986250.000,ZR,handheld,水平,right,recording,充电口朝左,3,-0.613279,0.642226,9.706697,-0.135068,0.147049,-0.020992
232986260.000,ZR,handheld,水平,right,recording,充电口朝左,3,-0.610838,0.566952,9.910827,-0.128603,0.169147,-0.010761
232986270.000,ZR,handheld,水平,right,recording,充电口朝左,3,-0.663008,0.573239,9.945491,-0.106206,0.216225,-0.009590
232986280.000,ZR,handheld,水平,right,recording,充电口朝左,3,-0.722320,0.592007,10.057858,-0.090624,0.298516,-0.010081
232986290.000,ZR,handheld,水平,right,recording,充电口朝左,3,-0.773452,0.590473,9.852632,-0.080805,0.362960,-0.032538
232986300.000,ZR,handheld,水平,right,recording,充电口朝左,3,-0.825469,0.605202,9.701130,-0.082534,0.374398,-0.056683
232986310.000,ZR,handheld,水平,right,recording,充电口朝左,3,-0.875336,0.685252,9.442244,-0.079463,0.314505,-0.072806
232986320.000,ZR,handheld,水平,right,recording,充电口朝左,3,-0.984953,0.603852,9.488784,-0.065029,0.252299,-0.075179
232986330.000,ZR,handheld,水平,right,recording,充电口朝左,3,-0.951080,0.576814,9.675856,-0.046124,0.246226,-0.056936
232986340.000,ZR,handheld,水平,right,recording,充电口朝左,3,-1.006145,0.579939,9.650375,-0.046262,0.302449,-0.044232
232986350.000,ZR,handheld,水平,right,recording,充电口朝左,3,-0.874501,0.466819,9.832792,-0.048803,0.347052,-0.034835
232986360.000,ZR,handheld,水平,right,recording,充电口朝左,3,-0.968228,0.531186,9.706555,-0.069218,0.362204,-0.034124
232986370.000,ZR,handheld,水平,right,recording,充电口朝左,3,-0.910504,0.519313,9.558444,-0.104884,0.311715,-0.038292
232986380.000,ZR,handheld,水平,right,recording,充电口朝左,3,-1.004076,0.551514,9.459673,-0.142507,0.243533,-0.038428
232986390.000,ZR,handheld,水平,right,recording,充电口朝左,3,-0.959779,0.502270,9.544491,-0.170633,0.202181,-0.037359
232986400.000,ZR,handheld,水平,right,recording,充电口朝左,3,-1.010269,0.487778,9.600678,-0.179893,0.178052,-0.026062
232986410.000,ZR,handheld,水平,right,recording,充电口朝左,3,-1.023498,0.486707,9.766273,-0.174736,0.192904,-0.017879
232986420.000,ZR,handheld,水平,right,recording,充电口朝左,3,-1.044395,0.439025,9.809712,-0.160535,0.222812,-0.012945
232986430.000,ZR,handheld,水平,right,recording,充电口朝左,3,-1.100513,0.414985,9.867328,-0.148047,0.261991,-0.014085
232986440.000,ZR,handheld,水平,right,recording,充电口朝左,3,-1.091660,0.404956,9.768529,-0.137986,0.286759,-0.021769
232986450.000,ZR,handheld,水平,right,recording,充电口朝左,3,-1.146483,0.400200,9.696972,-0.137596,0.271646,-0.027769
232986460.000,ZR,handheld,水平,right,recording,充电口朝左,3,-1.141621,0.382305,9.565364,-0.140825,0.236276,-0.028244
232986470.000,ZR,handheld,水平,right,recording,充电口朝左,3,-1.170277,0.380927,9.525231,-0.136431,0.189807,-0.018781
232986480.000,ZR,handheld,水平,right,recording,充电口朝左,3,-1.196555,0.363387,9.586133,-0.121197,0.140261,-0.008699
232986490.000,ZR,handheld,水平,right,recording,充电口朝左,3,-1.214854,0.332663,9.700384,-0.100531,0.132871,-0.001636
232986500.000,ZR,handheld,水平,right,recording,充电口朝左,3,-1.195669,0.310756,9.847558,-0.076105,0.165282,-0.006344
232986510.000,ZR,handheld,水平,right,recording,充电口朝左,3,-1.238959,0.249406,9.922999,-0.058397,0.215157,-0.018029
232986520.000,ZR,handheld,水平,right,recording,充电口朝左,3,-1.224783,0.299926,9.917362,-0.053733,0.255518,-0.031724
232986530.000,ZR,handheld,水平,right,recording,充电口朝左,3,-1.343441,0.338839,9.713307,-0.065699,0.268786,-0.040803
232986540.000,ZR,handheld,水平,right,recording,充电口朝左,3,-1.294791,0.387446,9.665727,-0.075414,0.258633,-0.044375
232986550.000,ZR,handheld,水平,right,recording,充电口朝左,3,-1.415001,0.378124,9.570676,-0.078718,0.221049,-0.041506
232986560.000,ZR,handheld,水平,right,recording,充电口朝左,3,-1.402989,0.371351,9.666999,-0.074695,0.194686,-0.018074
232986570.000,ZR,handheld,水平,right,recording,充电口朝左,3,-1.560519,0.290134,9.656314,-0.070286,0.150354,-0.010054
232986580.000,ZR,handheld,水平,right,recording,充电口朝左,3,-1.394949,0.253025,9.866639,-0.074077,0.164804,-0.001562
232986590.000,ZR,handheld,水平,right,recording,充电口朝左,3,-1.551293,0.272238,9.709312,-0.089266,0.222598,-0.011698
232986600.000,ZR,handheld,水平,right,recording,充电口朝左,3,-1.433122,0.275318,9.811303,-0.091308,0.238308,-0.018502
232986610.000,ZR,handheld,水平,right,recording,充电口朝左,3,-1.607386,0.287287,9.671861,-0.090115,0.243447,-0.026103
232986620.000,ZR,handheld,水平,right,recording,充电口朝左,3,-1.515877,0.287619,9.579337,-0.078799,0.218620,-0.032084
232986630.000,ZR,handheld,水平,right,recording,充电口朝左,3,-1.648361,0.270513,9.643099,-0.055977,0.199078,-0.039699
232986640.000,ZR,handheld,水平,right,recording,充电口朝左,3,-1.587027,0.187158,9.672735,-0.038916,0.193898,-0.043667
232986650.000,ZR,handheld,水平,right,recording,充电口朝左,3,-1.618323,0.185493,9.667157,-0.023089,0.208608,-0.048185
232986660.000,ZR,handheld,水平,right,recording,充电口朝左,3,-1.559587,0.236945,9.793748,-0.007804,0.243909,-0.049295
232986670.000,ZR,handheld,水平,right,recording,充电口朝左,3,-1.611187,0.208433,9.693864,-0.008293,0.261798,-0.048649
232986680.000,ZR,handheld,水平,right,recording,充电口朝左,3,-1.601353,0.246440,9.608685,-0.001368,0.270528,-0.046828
232986690.000,ZR,handheld,水平,right,recording,充电口朝左,3,-1.687986,0.187411,9.623805,-0.004812,0.242103,-0.045459
232986700.000,ZR,handheld,水平,right,recording,充电口朝左,3,-1.641739,0.187812,9.353006,-0.019108,0.207787,-0.046783
232986710.000,ZR,handheld,水平,right,recording,充电口朝左,3,-1.693407,0.242258,9.610019,-0.020295,0.211637,-0.034998
232986720.000,ZR,handheld,水平,right,recording,充电口朝左,3,-1.824653,0.151990,9.428644,-0.022254,0.198958,-0.033678
232986730.000,ZR,handheld,水平,right,recording,充电口朝左,3,-1.608720,0.189269,9.673125,-0.002040,0.214921,-0.034009
232986740.000,ZR,handheld,水平,right,recording,充电口朝左,3,-1.792563,0.140908,9.517397,-0.003955,0.192707,-0.032382
232986750.000,ZR,handheld,水平,right,recording,充电口朝左,3,-1.697909,0.193517,9.472993,0.001462,0.173091,-0.027547
232986760.000,ZR,handheld,水平,right,recording,充电口朝左,3,-1.765330,0.168673,9.667799,0.002645,0.165907,-0.027028
232986770.000,ZR,handheld,水平,right,recording,充电口朝左,3,-1.753083,0.196559,9.497528,-0.004104,0.167294,-0.030230
232986780.000,ZR,handheld,水平,right,recording,充电口朝左,3,-1.773506,0.201613,9.701600,0.005008,0.199208,-0.030528
232986790.000,ZR,handheld,水平,right,recording,充电口朝左,3,-1.792225,0.167564,9.583561,0.011969,0.203020,-0.039010
232986800.000,ZR,handheld,水平,right,recording,充电口朝左,3,-1.835435,0.136021,9.574712,0.025853,0.171443,-0.043212
232986810.000,ZR,handheld,水平,right,recording,充电口朝左,3,-1.865472,0.126181,9.472847,0.023100,0.123605,-0.042431
232986820.000,ZR,handheld,水平,right,recording,充电口朝左,3,-1.848962,0.235145,9.422251,0.014612,0.106988,-0.033770
232986830.000,ZR,handheld,水平,right,recording,充电口朝左,3,-1.858329,0.198456,9.600054,0.007742,0.104050,-0.022113
232986840.000,ZR,handheld,水平,right,recording,充电口朝左,3,-1.882695,0.162730,9.609489,-0.001954,0.109672,-0.010961
232986850.000,ZR,handheld,水平,right,recording,充电口朝左,3,-1.859793,0.214883,9.589647,-0.022408,0.112044,-0.003060
232986860.000,ZR,handheld,水平,right,recording,充电口朝左,3,-1.885498,0.240726,9.473992,-0.038871,0.091387,-0.000357
232986870.000,ZR,handheld,水平,right,recording,充电口朝左,3,-1.931389,0.198411,9.511652,-0.048969,0.074482,-0.002430
232986880.000,ZR,handheld,水平,right,recording,充电口朝左,3,-1.916613,0.182075,9.552797,-0.040440,0.072621,-0.005897
232986890.000,ZR,handheld,水平,right,recording,充电口朝左,3,-1.956573,0.173999,9.637426,-0.030974,0.070631,-0.008992
232986900.000,ZR,handheld,水平,right,recording,充电口朝左,3,-1.981297,0.179149,9.489916,-0.029673,0.057152,-0.014621
232986910.000,ZR,handheld,水平,right,recording,充电口朝左,3,-1.998397,0.175619,9.517966,-0.023627,0.045801,-0.014392
232986920.000,ZR,handheld,水平,right,recording,充电口朝左,3,-1.992056,0.139899,9.595570,-0.015039,0.063733,-0.008775
232986930.000,ZR,handheld,水平,right,recording,充电口朝左,3,-1.991571,0.147683,9.596149,-0.007529,0.086345,-0.000722
232986940.000,ZR,handheld,水平,right,recording,充电口朝左,3,-2.027426,0.169182,9.585201,-0.006739,0.095366,0.004967
232986950.000,ZR,handheld,水平,right,recording,充电口朝左,3,-2.026801,0.165201,9.440830,-0.011404,0.079005,0.003104
232986960.000,ZR,handheld,水平,right,recording,充电口朝左,3,-2.041638,0.187037,9.462438,-0.011562,0.058269,-0.004421
232986970.000,ZR,handheld,水平,right,recording,充电口朝左,3,-2.005060,0.220774,9.494498,-0.007703,0.041013,-0.015108
232986980.000,ZR,handheld,水平,right,recording,充电口朝左,3,-2.039675,0.179915,9.519540,0.001332,0.023093,-0.020220
232986990.000,ZR,handheld,水平,right,recording,充电口朝左,3,-2.047473,0.174189,9.622647,0.009813,0.032897,-0.021928
232987000.000,ZR,handheld,水平,right,recording,充电口朝左,3,-2.031807,0.208936,9.648446,0.017717,0.049329,-0.019332
232987010.000,ZR,handheld,水平,right,recording,充电口朝左,3,-2.038442,0.206369,9.610620,0.015876,0.049471,-0.015165
232987020.000,ZR,handheld,水平,right,recording,充电口朝左,3,-2.047360,0.184309,9.609590,0.010815,0.051884,-0.011579
232987030.000,ZR,handheld,水平,right,recording,充电口朝左,3,-2.068011,0.195991,9.552239,-0.001526,0.050599,-0.005583
232987040.000,ZR,handheld,水平,right,recording,充电口朝左,3,-2.066415,0.198198,9.542871,-0.009883,0.041078,-0.004420
232987050.000,ZR,handheld,水平,right,recording,充电口朝左,3,-2.044703,0.198656,9.597700,-0.009832,0.019446,-0.003728
232987060.000,ZR,handheld,水平,right,recording,充电口朝左,3,-2.085794,0.162131,9.572426,-0.010220,0.000341,-0.005339
232987070.000,ZR,handheld,水平,right,recording,充电口朝左,3,-2.068008,0.129387,9.623031,-0.011318,0.008719,-0.007499
232987080.000,ZR,handheld,水平,right,recording,充电口朝左,3,-2.068008,0.137865,9.579339,-0.013162,0.008000,-0.008317
232987090.000,ZR,handheld,水平,right,recording,充电口朝左,3,-2.078516,0.122205,9.589310,-0.011235,0.005840,-0.004473
232987100.000,ZR,handheld,水平,right,recording,充电口朝左,3,-2.069895,0.111887,9.538488,-0.009619,0.009122,0.003956
232987110.000,ZR,handheld,水平,right,recording,充电口朝左,3,-2.087196,0.133112,9.556030,-0.004037,0.016480,0.010029
232987120.000,ZR,handheld,水平,right,recording,充电口朝左,3,-2.085869,0.123161,9.524358,0.000437,0.011696,0.018035
232987130.000,ZR,handheld,水平,right,recording,充电口朝左,3,-2.071739,0.124665,9.502773,0.007896,0.003114,0.018708
232987140.000,ZR,handheld,水平,right,recording,充电口朝左,3,-2.040835,0.148350,9.554910,0.013180,-0.000107,0.013298
232987150.000,ZR,handheld,水平,right,recording,充电口朝左,3,-2.059294,0.160460,9.518555,0.016761,0.004160,0.006744
232987160.000,ZR,handheld,水平,right,recording,充电口朝左,3,-2.017460,0.167870,9.547805,0.016213,-0.000356,0.002056
232987170.000,ZR,handheld,水平,right,recording,充电口朝左,3,-2.065688,0.170648,9.530738,0.011030,-0.013853,-0.007686
232987180.000,ZR,handheld,水平,right,recording,充电口朝左,3,-2.038361,0.156000,9.504333,0.000066,-0.010890,-0.012703
232987190.000,ZR,handheld,水平,right,recording,充电口朝左,3,-2.051151,0.177835,9.513268,-0.009338,-0.008413,-0.009351
232987200.000,ZR,handheld,水平,right,recording,充电口朝左,3,-2.045616,0.179400,9.511573,-0.015397,-0.009614,0.000136
232987210.000,ZR,handheld,水平,right,recording,充电口朝左,3,-2.050035,0.185597,9.530701,-0.017541,-0.004995,0.011699
232987220.000,ZR,handheld,水平,right,recording,充电口朝左,3,-2.038549,0.168885,9.521975,-0.018127,-0.001528,0.021459
232987230.000,ZR,handheld,水平,right,recording,充电口朝左,3,-2.049150,0.190947,9.498336,-0.017896,-0.001961,0.022726
232987240.000,ZR,handheld,水平,right,recording,充电口朝左,3,-2.051431,0.170051,9.510826,-0.011236,-0.012222,0.016063
232987250.000,ZR,handheld,水平,right,recording,充电口朝左,3,-2.067740,0.174028,9.524051,-0.008456,-0.023265,0.007114
232987260.000,ZR,handheld,水平,right,recording,充电口朝左,3,-2.062254,0.189360,9.491578,-0.006941,-0.023362,-0.002420
232987270.000,ZR,handheld,水平,right,recording,充电口朝左,3,-2.081444,0.235586,9.501483,-0.007906,-0.029257,-0.003011
232987280.000,ZR,handheld,水平,right,recording,充电口朝左,3,-2.087441,0.219324,9.494817,-0.007604,-0.035133,-0.001752
232987290.000,ZR,handheld,水平,right,recording,充电口朝左,3,-2.086605,0.220407,9.531596,-0.006805,-0.033412,-0.000093
232987300.000,ZR,handheld,水平,right,recording,充电口朝左,3,-2.078829,0.210789,9.527320,-0.003337,-0.027287,-0.000714
232987310.000,ZR,handheld,水平,right,recording,充电口朝左,3,-2.075308,0.213489,9.567303,0.001266,-0.019887,-0.001620
232987320.000,ZR,handheld,水平,right,recording,充电口朝左,3,-2.065865,0.203139,9.548996,0.002282,-0.017589,-0.006438
232987330.000,ZR,handheld,水平,right,recording,充电口朝左,3,-2.054060,0.202997,9.499134,0.000004,-0.021164,-0.010646
232987340.000,ZR,handheld,水平,right,recording,充电口朝左,3,-2.082130,0.185779,9.495970,-0.003928,-0.024842,-0.011757
232987350.000,ZR,handheld,水平,right,recording,充电口朝左,3,-2.064163,0.192535,9.504756,-0.007858,-0.024114,-0.011522
232987360.000,ZR,handheld,水平,right,recording,充电口朝左,3,-2.042369,0.189797,9.522687,-0.009240,-0.033819,-0.012602
232987370.000,ZR,handheld,水平,right,recording,充电口朝左,3,-2.055230,0.149072,9.531229,-0.007150,-0.037038,-0.012609
232987380.000,ZR,handheld,水平,right,recording,充电口朝左,3,-2.039015,0.139364,9.571310,-0.004671,-0.021199,-0.015026
232987390.000,ZR,handheld,水平,right,recording,充电口朝左,3,-2.016116,0.157894,9.578331,-0.001373,-0.006865,-0.016172
232987400.000,ZR,handheld,水平,right,recording,充电口朝左,3,-2.020872,0.132818,9.542425,-0.003137,-0.002317,-0.012928
232987410.000,ZR,handheld,水平,right,recording,充电口朝左,3,-2.002578,0.131505,9.501711,-0.006812,-0.006994,-0.009754
232987420.000,ZR,handheld,水平,right,recording,充电口朝左,3,-2.026476,0.122431,9.495834,-0.008748,-0.011695,-0.006483
232987430.000,ZR,handheld,水平,right,recording,充电口朝左,3,-2.013761,0.133084,9.505153,-0.003023,-0.010226,-0.006663
232987440.000,ZR,handheld,水平,right,recording,充电口朝左,3,-2.006353,0.112071,9.561499,0.006656,0.001057,-0.007600
232987450.000,ZR,handheld,水平,right,recording,充电口朝左,3,-1.988427,0.129658,9.573250,0.015151,0.016614,-0.011224
232987460.000,ZR,handheld,水平,right,recording,充电口朝左,3,-2.004362,0.110498,9.547674,0.017510,0.018739,-0.010022
232987470.000,ZR,handheld,水平,right,recording,充电口朝左,3,-2.005111,0.125101,9.507684,0.016540,0.010303,-0.001765
232987480.000,ZR,handheld,水平,right,recording,充电口朝左,3,-2.008933,0.135882,9.483738,0.007516,-0.021222,0.007056
232987490.000,ZR,handheld,水平,right,recording,充电口朝左,3,-2.026949,0.154586,9.510464,-0.003396,-0.041997,0.011074
232987500.000,ZR,handheld,水平,right,recording,充电口朝左,3,-2.010735,0.151149,9.540720,-0.017089,-0.038574,0.011773
232987510.000,ZR,handheld,水平,right,recording,充电口朝左,3,-2.021664,0.169238,9.596301,-0.026822,-0.035389,0.012214
232987520.000,ZR,handheld,水平,right,recording,充电口朝左,3,-2.029818,0.179806,9.595032,-0.030445,-0.033654,0.009863
232987530.000,ZR,handheld,水平,right,recording,充电口朝左,3,-2.019460,0.191879,9.640624,-0.028254,-0.018214,0.010173
232987540.000,ZR,handheld,水平,right,recording,充电口朝左,3,-2.033367,0.200034,9.615814,-0.021812,-0.006296,0.010286
232987550.000,ZR,handheld,水平,right,recording,充电口朝左,3,-2.049590,0.205833,9.604855,-0.014352,-0.000294,0.009907
232987560.000,ZR,handheld,水平,right,recording,充电口朝左,3,-2.048252,0.221191,9.594052,-0.006748,-0.003106,0.007294
232987570.000,ZR,handheld,水平,right,recording,充电口朝左,3,-2.060957,0.190720,9.565666,0.000990,-0.013788,0.002492
232987580.000,ZR,handheld,水平,right,recording,充电口朝左,3,-2.067287,0.196524,9.600591,0.005569,-0.021798,-0.003401
232987590.000,ZR,handheld,水平,right,recording,充电口朝左,3,-2.040565,0.172980,9.618716,0.009596,-0.004050,-0.009700
232987600.000,ZR,handheld,水平,right,recording,充电口朝左,3,-2.014205,0.180916,9.610202,0.005297,0.008079,-0.009247
232987610.000,ZR,handheld,水平,right,recording,充电口朝左,3,-2.025848,0.179700,9.523013,-0.002368,-0.005432,-0.003030
232987620.000,ZR,handheld,水平,right,recording,充电口朝左,3,-2.003654,0.186569,9.516009,-0.009039,-0.017846,0.006237
232987630.000,ZR,handheld,水平,right,recording,充电口朝左,3,-1.985082,0.190775,9.568858,-0.006789,-0.014344,0.011352
232987640.000,ZR,handheld,水平,right,recording,充电口朝左,3,-1.993800,0.149124,9.615601,-0.004616,-0.014544,0.012944
232987650.000,ZR,handheld,水平,right,recording,充电口朝左,3,-2.004045,0.164913,9.531243,-0.008805,-0.009357,0.013152
232987660.000,ZR,handheld,水平,right,recording,充电口朝左,3,-2.008043,0.186421,9.554234,-0.011227,-0.004571,0.007080
232987670.000,ZR,handheld,水平,right,recording,充电口朝左,3,-1.966855,0.181857,9.564308,-0.010555,-0.005354,-0.001137
232987680.000,ZR,handheld,水平,right,recording,充电口朝左,3,-2.014383,0.150697,9.557032,-0.007511,-0.003643,-0.005776
232987690.000,ZR,handheld,水平,right,recording,充电口朝左,3,-2.002507,0.138193,9.584471,-0.000398,-0.002373,-0.004946
232987700.000,ZR,handheld,水平,right,recording,充电口朝左,3,-2.017442,0.166744,9.538213,0.003821,-0.014858,0.000364
232987710.000,ZR,handheld,水平,right,recording,充电口朝左,3,-2.014662,0.151785,9.556613,0.007587,-0.016464,0.004450
232987720.000,ZR,handheld,水平,right,recording,充电口朝左,3,-1.982782,0.171595,9.565853,0.011574,-0.013152,0.006303
232987730.000,ZR,handheld,水平,right,recording,充电口朝左,3,-1.995222,0.145496,9.566154,0.011610,-0.010212,0.003684
232987740.000,ZR,handheld,水平,right,recording,充电口朝左,3,-1.997089,0.156578,9.553121,0.008237,-0.013226,0.003524
232987750.000,ZR,handheld,水平,right,recording,充电口朝左,3,-1.989061,0.113035,9.539532,0.007014,-0.011326,0.000785
232987760.000,ZR,handheld,水平,right,recording,充电口朝左,3,-1.984275,0.135320,9.562524,0.005966,-0.005630,0.004673
232987770.000,ZR,handheld,水平,right,recording,充电口朝左,3,-1.977835,0.153067,9.525674,0.006049,-0.008223,0.010197
232987780.000,ZR,handheld,水平,right,recording,充电口朝左,3,-1.971747,0.158765,9.544410,0.008373,-0.010353,0.017072
232987790.000,ZR,handheld,水平,right,recording,充电口朝左,3,-1.958857,0.154445,9.523708,0.007965,-0.006519,0.018165
232987800.000,ZR,handheld,水平,right,recording,充电口朝左,3,-1.945720,0.180082,9.526613,0.004539,-0.019499,0.017995
232987810.000,ZR,handheld,水平,right,recording,充电口朝左,3,-1.958627,0.196077,9.452153,-0.002978,-0.035212,0.011034
232987820.000,ZR,handheld,水平,right,recording,充电口朝左,3,-1.986772,0.193472,9.490050,-0.011403,-0.043967,0.004405
232987830.000,ZR,handheld,水平,right,recording,充电口朝左,3,-2.004253,0.189591,9.525960,-0.019637,-0.040848,-0.002788
232987840.000,ZR,handheld,水平,right,recording,充电口朝左,3,-2.003803,0.210174,9.553202,-0.019771,-0.028996,-0.006798
232987850.000,ZR,handheld,水平,right,recording,充电口朝左,3,-1.984881,0.183789,9.602274,-0.013313,-0.006576,-0.009169
232987860.000,ZR,handheld,水平,right,recording,充电口朝左,3,-1.985040,0.194604,9.606690,-0.002196,0.007513,-0.009537
232987870.000,ZR,handheld,水平,right,recording,充电口朝左,3,-1.979958,0.170524,9.523342,0.003838,0.013138,-0.008446
232987880.000,ZR,handheld,水平,right,recording,充电口朝左,3,-1.981109,0.144233,9.486253,0.009797,0.001936,-0.005253
232987890.000,ZR,handheld,水平,right,recording,充电口朝左,3,-1.995729,0.098981,9.447156,0.013332,-0.026607,-0.007097
232987900.000,ZR,handheld,水平,right,recording,充电口朝左,3,-1.963242,0.079825,9.418171,0.012315,-0.042954,-0.006415
232987910.000,ZR,handheld,水平,right,recording,充电口朝左,3,-1.932666,0.112677,9.508443,0.015054,-0.055682,-0.004891
232987920.000,ZR,handheld,水平,right,recording,充电口朝左,3,-1.924213,0.095515,9.577235,0.024038,-0.052055,-0.004886
232987930.000,ZR,handheld,水平,right,recording,充电口朝左,3,-1.887339,0.120733,9.678790,0.029505,-0.032364,-0.000782
232987940.000,ZR,handheld,水平,right,recording,充电口朝左,3,-1.890611,0.161151,9.611557,0.028885,-0.029117,0.001035
232987950.000,ZR,handheld,水平,right,recording,充电口朝左,3,-1.892095,0.185264,9.621487,0.025714,-0.033843,0.002540
232987960.000,ZR,handheld,水平,right,recording,充电口朝左,3,-1.912723,0.176833,9.577955,0.018692,-0.045021,0.006067
232987970.000,ZR,handheld,水平,right,recording,充电口朝左,3,-1.921638,0.202999,9.610870,0.011776,-0.051177,0.011134
232987980.000,ZR,handheld,水平,right,recording,充电口朝左,3,-1.939977,0.218649,9.597007,0.004727,-0.048177,0.015247
232987990.000,ZR,handheld,水平,right,recording,充电口朝左,3,-1.952604,0.159036,9.648758,0.004354,-0.040983,0.016249
232988000.000,ZR,handheld,水平,right,recording,充电口朝左,3,-1.940162,0.142807,9.668426,0.004004,-0.024063,0.014414
232988010.000,ZR,handheld,水平,right,recording,充电口朝左,3,-1.946561,0.166108,9.583228,0.002918,-0.023616,0.016049
232988020.000,ZR,handheld,水平,right,recording,充电口朝左,3,-1.930779,0.193865,9.585835,0.006762,-0.032925,0.017477
232988030.000,ZR,handheld,水平,right,recording,充电口朝左,3,-1.951304,0.192458,9.606572,0.010946,-0.036019,0.017618
232988040.000,ZR,handheld,水平,right,recording,充电口朝左,3,-1.942333,0.230227,9.577928,0.010199,-0.031623,0.011758
232988050.000,ZR,handheld,水平,right,recording,充电口朝左,3,-1.950408,0.256371,9.557267,0.006416,-0.029195,0.004962
232988060.000,ZR,handheld,水平,right,recording,充电口朝左,3,-1.935806,0.243612,9.534941,-0.003530,-0.030010,-0.003744
232988070.000,ZR,handheld,水平,right,recording,充电口朝左,3,-1.957370,0.231215,9.534008,-0.015271,-0.032345,-0.010466
232988080.000,ZR,handheld,水平,right,recording,充电口朝左,3,-1.929197,0.195594,9.552133,-0.024621,-0.026135,-0.012430
232988090.000,ZR,handheld,水平,right,recording,充电口朝左,3,-1.918050,0.198362,9.595057,-0.025828,-0.024379,-0.009841
232988100.000,ZR,handheld,水平,right,recording,充电口朝左,3,-1.906773,0.157134,9.598964,-0.016074,-0.016827,-0.007241
232988110.000,ZR,handheld,水平,right,recording,充电口朝左,3,-1.887062,0.125199,9.642783,-0.001545,-0.012916,-0.005151
232988120.000,ZR,handheld,水平,right,recording,充电口朝左,3,-1.871944,0.115045,9.636172,0.010725,-0.013224,-0.003402
232988130.000,ZR,handheld,水平,right,recording,充电口朝左,3,-1.855490,0.126452,9.643723,0.016237,-0.000614,-0.004307
232988140.000,ZR,handheld,水平,right,recording,充电口朝左,3,-1.855914,0.134579,9.580330,0.011956,-0.002821,-0.005081
232988150.000,ZR,handheld,水平,right,recording,充电口朝左,3,-1.856167,0.152842,9.544039,0.005205,-0.009630,-0.006011
232988160.000,ZR,handheld,水平,right,recording,充电口朝左,3,-1.836747,0.171772,9.549077,-0.005407,-0.007515,-0.003423
232988170.000,ZR,handheld,水平,right,recording,充电口朝左,3,-1.862385,0.155497,9.572519,-0.011114,-0.001382,0.002951
232988180.000,ZR,handheld,水平,right,recording,充电口朝左,3,-1.864510,0.152482,9.579948,-0.010840,-0.000498,0.009122
232988190.000,ZR,handheld,水平,right,recording,充电口朝左,3,-1.862493,0.189948,9.582622,-0.008895,-0.014287,0.012692
232988200.000,ZR,handheld,水平,right,recording,充电口朝左,3,-1.863117,0.203152,9.587162,-0.007597,-0.019189,0.013046
232988210.000,ZR,handheld,水平,right,recording,充电口朝左,3,-1.857715,0.168095,9.616773,-0.002391,-0.018309,0.010184
232988220.000,ZR,handheld,水平,right,recording,充电口朝左,3,-1.880113,0.167335,9.691829,0.003544,-0.004407,0.007723
232988230.000,ZR,handheld,水平,right,recording,充电口朝左,3,-1.883631,0.189300,9.661806,0.004922,0.010886,0.008667
232988240.000,ZR,handheld,水平,right,recording,充电口朝左,3,-1.895608,0.194311,9.650521,0.006576,0.016095,0.011453
232988250.000,ZR,handheld,水平,right,recording,充电口朝左,3,-1.915252,0.206911,9.561690,0.002354,0.014004,0.017407
232988260.000,ZR,handheld,水平,right,recording,充电口朝左,3,-1.919903,0.228883,9.540615,-0.002612,0.018951,0.022012
232988270.000,ZR,handheld,水平,right,recording,充电口朝左,3,-1.911942,0.273456,9.536270,-0.007507,0.015162,0.018755
232988280.000,ZR,handheld,水平,right,recording,充电口朝左,3,-1.932105,0.217263,9.518314,-0.009291,0.001285,0.011004
232988290.000,ZR,handheld,水平,right,recording,充电口朝左,3,-1.934528,0.213768,9.560373,-0.010400,-0.005098,-0.001237
232988300.000,ZR,handheld,水平,right,recording,充电口朝左,3,-1.925611,0.170182,9.538758,-0.012327,0.000046,-0.010747
232988310.000,ZR,handheld,水平,right,recording,充电口朝左,3,-1.929860,0.174907,9.577837,-0.010133,0.006649,-0.013616
232988320.000,ZR,handheld,水平,right,recording,充电口朝左,3,-1.912605,0.172217,9.548945,-0.005927,0.005271,-0.008517
232988330.000,ZR,handheld,水平,right,recording,充电口朝左,3,-1.931899,0.176272,9.535570,0.000294,0.006562,-0.002958
232988340.000,ZR,handheld,水平,right,recording,充电口朝左,3,-1.916771,0.176741,9.519442,0.002334,0.002624,0.001501
232988350.000,ZR,handheld,水平,right,recording,充电口朝左,3,-1.907131,0.177948,9.517514,0.002970,-0.006377,0.000451
232988360.000,ZR,handheld,水平,right,recording,充电口朝左,3,-1.909964,0.177242,9.508387,0.004486,-0.011020,-0.003117
232988370.000,ZR,handheld,水平,right,recording,充电口朝左,3,-1.891279,0.178631,9.532404,0.003794,-0.017042,-0.006289
232988380.000,ZR,handheld,水平,right,recording,充电口朝左,3,-1.896261,0.170395,9.562304,0.006943,-0.017048,-0.009141
232988390.000,ZR,handheld,水平,right,recording,充电口朝左,3,-1.881205,0.167164,9.578388,0.011718,-0.020326,-0.007605
232988400.000,ZR,handheld,水平,right,recording,充电口朝左,3,-1.905884,0.198342,9.559855,0.016415,-0.032009,-0.002391
232988410.000,ZR,handheld,水平,right,recording,充电口朝左,3,-1.890054,0.221197,9.517057,0.017225,-0.052287,0.003675
232988420.000,ZR,handheld,水平,right,recording,充电口朝左,3,-1.879903,0.203378,9.510021,0.018997,-0.073081,0.005974
232988430.000,ZR,handheld,水平,right,recording,充电口朝左,3,-1.870068,0.168719,9.545533,0.027271,-0.094362,0.006963
232988440.000,ZR,handheld,水平,right,recording,充电口朝左,3,-1.855580,0.158282,9.615541,0.040129,-0.097690,0.008676
232988450.000,ZR,handheld,水平,right,recording,充电口朝左,3,-1.793719,0.170187,9.711326,0.059275,-0.091600,0.008253
232988460.000,ZR,handheld,水平,right,recording,充电口朝左,3,-1.826710,0.141811,9.736019,0.071168,-0.064248,0.010706
232988470.000,ZR,handheld,水平,right,recording,充电口朝左,3,-1.804459,0.148535,9.715434,0.074229,-0.047395,0.012536
232988480.000,ZR,handheld,水平,right,recording,充电口朝左,3,-1.780763,0.217796,9.569446,0.076016,-0.077217,0.015780
232988490.000,ZR,handheld,水平,right,recording,充电口朝左,3,-1.792604,0.239280,9.576866,0.075691,-0.123974,0.026430
232988500.000,ZR,handheld,水平,right,recording,充电口朝左,3,-1.835217,0.204145,9.553279,0.070434,-0.135874,0.033418
232988510.000,ZR,handheld,水平,right,recording,充电口朝左,3,-1.821278,0.207948,9.603549,0.071240,-0.138242,0.038806
232988520.000,ZR,handheld,水平,right,recording,充电口朝左,3,-1.797652,0.211822,9.608677,0.072367,-0.157160,0.041815
232988530.000,ZR,handheld,水平,right,recording,充电口朝左,3,-1.840315,0.209535,9.518554,0.073395,-0.170464,0.044761
232988540.000,ZR,handheld,水平,right,recording,充电口朝左,3,-1.777229,0.265309,9.571179,0.085580,-0.175674,0.048157
232988550.000,ZR,handheld,水平,right,recording,充电口朝左,3,-1.813645,0.272378,9.532293,0.092420,-0.173257,0.051782
232988560.000,ZR,handheld,水平,right,recording,充电口朝左,3,-1.771150,0.229917,9.575166,0.102554,-0.159695,0.046950
232988570.000,ZR,handheld,水平,right,recording,充电口朝左,3,-1.769451,0.242149,9.664759,0.104782,-0.118326,0.033660
232988580.000,ZR,handheld,水平,right,recording,充电口朝左,3,-1.742692,0.352229,9.576437,0.091384,-0.097354,0.017131
232988590.000,ZR,handheld,水平,right,recording,充电口朝左,3,-1.760301,0.366772,9.473698,0.070487,-0.103345,0.006659
232988600.000,ZR,handheld,水平,right,recording,充电口朝左,3,-1.759525,0.394698,9.446915,0.053342,-0.125230,0.006205
232988610.000,ZR,handheld,水平,right,recording,充电口朝左,3,-1.778965,0.361888,9.443356,0.040948,-0.142739,0.010498
232988620.000,ZR,handheld,水平,right,recording,充电口朝左,3,-1.729991,0.359751,9.487112,0.036291,-0.162606,0.016350
232988630.000,ZR,handheld,水平,right,recording,充电口朝左,3,-1.717081,0.371229,9.497199,0.040788,-0.163507,0.017184
232988640.000,ZR,handheld,水平,right,recording,充电口朝左,3,-1.681007,0.338552,9.589926,0.051183,-0.151694,0.014648
232988650.000,ZR,handheld,水平,right,recording,充电口朝左,3,-1.634879,0.310247,9.567493,0.059879,-0.152783,0.010537
232988660.000,ZR,handheld,水平,right,recording,充电口朝左,3,-1.591787,0.311014,9.624136,0.067728,-0.141245,0.006981
232988670.000,ZR,handheld,水平,right,recording,充电口朝左,3,-1.563641,0.313606,9.618929,0.069330,-0.135150,0.004419
232988680.000,ZR,handheld,水平,right,recording,充电口朝左,3,-1.497846,0.348556,9.610804,0.073483,-0.138630,0.002980
232988690.000,ZR,handheld,水平,right,recording,充电口朝左,3,-1.483486,0.337027,9.668827,0.077672,-0.153896,0.006246
232988700.000,ZR,handheld,水平,right,recording,充电口朝左,3,-1.481743,0.353038,9.651322,0.077703,-0.152523,0.010920
232988710.000,ZR,handheld,水平,right,recording,充电口朝左,3,-1.442151,0.363459,9.747332,0.081769,-0.127095,0.015134
232988720.000,ZR,handheld,水平,right,recording,充电口朝左,3,-1.449566,0.390902,9.783820,0.085285,-0.125131,0.021813
232988730.000,ZR,handheld,水平,right,recording,充电口朝左,3,-1.482631,0.360750,9.679753,0.074392,-0.136589,0.025719
232988740.000,ZR,handheld,水平,right,recording,充电口朝左,3,-1.424890,0.389772,9.604412,0.049168,-0.150962,0.030010
232988750.000,ZR,handheld,水平,right,recording,充电口朝左,3,-1.413325,0.481053,9.561871,0.026518,-0.172911,0.037203
232988760.000,ZR,handheld,水平,right,recording,充电口朝左,3,-1.404522,0.455850,9.585443,0.004048,-0.199839,0.044816
232988770.000,ZR,handheld,水平,right,recording,充电口朝左,3,-1.418512,0.420342,9.528716,-0.015005,-0.233699,0.046808
232988780.000,ZR,handheld,水平,right,recording,充电口朝左,3,-1.422302,0.444631,9.627887,-0.038305,-0.253638,0.048540
232988790.000,ZR,handheld,水平,right,recording,充电口朝左,3,-1.389342,0.468340,9.468502,-0.056933,-0.265831,0.044502
232988800.000,ZR,handheld,水平,right,recording,充电口朝左,3,-1.395421,0.473180,9.655045,-0.065068,-0.291993,0.044263
232988810.000,ZR,handheld,水平,right,recording,充电口朝左,3,-1.376323,0.418515,9.585418,-0.055283,-0.269044,0.042798
232988820.000,ZR,handheld,水平,right,recording,充电口朝左,3,-1.333114,0.341121,9.828985,-0.035156,-0.244338,0.041456
232988830.000,ZR,handheld,水平,right,recording,充电口朝左,3,-1.255432,0.402868,9.801377,-0.007872,-0.205589,0.041714
232988840.000,ZR,handheld,水平,right,recording,充电口朝左,3,-1.207713,0.419112,9.774111,0.018730,-0.157195,0.037759
232988850.000,ZR,handheld,水平,right,recording,充电口朝左,3,-1.170199,0.453188,9.833520,0.055036,-0.134691,0.027679
232988860.000,ZR,handheld,水平,right,recording,充电口朝左,3,-1.172669,0.391108,9.707649,0.082767,-0.131706,0.013164
232988870.000,ZR,handheld,水平,right,recording,充电口朝左,3,-1.200899,0.395417,9.792936,0.108548,-0.113786,-0.001453
232988880.000,ZR,handheld,水平,right,recording,充电口朝左,3,-1.182227,0.421500,9.730957,0.118708,-0.107698,-0.007186
232988890.000,ZR,handheld,水平,right,recording,充电口朝左,3,-1.226891,0.456523,9.613480,0.117611,-0.130113,-0.010795
232988900.000,ZR,handheld,水平,right,recording,充电口朝左,3,-1.175380,0.501353,9.534375,0.107923,-0.166676,-0.003658
232988910.000,ZR,handheld,水平,right,recording,充电口朝左,3,-1.201402,0.470364,9.593915,0.103445,-0.185478,0.007779
232988920.000,ZR,handheld,水平,right,recording,充电口朝左,3,-1.169296,0.454309,9.793631,0.103499,-0.156206,0.013318
232988930.000,ZR,handheld,水平,right,recording,充电口朝左,3,-1.130351,0.501105,9.775367,0.093368,-0.123840,0.018304
232988940.000,ZR,handheld,水平,right,recording,充电口朝左,3,-1.099957,0.555309,9.741723,0.078905,-0.132356,0.015353
232988950.000,ZR,handheld,水平,right,recording,充电口朝左,3,-1.118227,0.513076,9.714196,0.060459,-0.138121,0.009816
232988960.000,ZR,handheld,水平,right,recording,充电口朝左,3,-1.097943,0.448136,9.795113,0.045187,-0.119787,0.003265
232988970.000,ZR,handheld,水平,right,recording,充电口朝左,3,-1.076776,0.476187,9.876163,0.034745,-0.090952,0.004640
232988980.000,ZR,handheld,水平,right,recording,充电口朝左,3,-1.065140,0.526259,9.874948,0.025019,-0.071636,0.009662
232988990.000,ZR,handheld,水平,right,recording,充电口朝左,3,-1.058243,0.530157,9.807176,0.017092,-0.059493,0.019762
232989000.000,ZR,handheld,水平,right,recording,充电口朝左,3,-1.044199,0.551174,9.795305,0.013968,-0.058388,0.028462
232989010.000,ZR,handheld,水平,right,recording,充电口朝左,3,-1.067187,0.522733,9.703592,0.005314,-0.077016,0.032901
232989020.000,ZR,handheld,水平,right,recording,充电口朝左,3,-1.061302,0.494544,9.681849,-0.003145,-0.086852,0.033939
232989030.000,ZR,handheld,水平,right,recording,充电口朝左,3,-1.066370,0.486507,9.691857,-0.007264,-0.092284,0.031091
232989040.000,ZR,handheld,水平,right,recording,充电口朝左,3,-1.057809,0.458287,9.721278,-0.015805,-0.093537,0.028345
232989050.000,ZR,handheld,水平,right,recording,充电口朝左,3,-1.025160,0.424502,9.598129,-0.039815,-0.126827,0.025118
232989060.000,ZR,handheld,水平,right,recording,充电口朝左,3,-0.983470,0.540005,9.581176,-0.048770,-0.130787,0.030088
232989070.000,ZR,handheld,水平,right,recording,充电口朝左,3,-0.950005,0.552477,9.845093,-0.040730,-0.117705,0.035108
232989080.000,ZR,handheld,水平,right,recording,充电口朝左,3,-0.921652,0.490884,9.715287,-0.034224,-0.104707,0.032880
232989090.000,ZR,handheld,水平,right,recording,充电口朝左,3,-0.927328,0.527410,9.819874,-0.017605,-0.098896,0.029181
232989100.000,ZR,handheld,水平,right,recording,充电口朝左,3,-0.914865,0.470185,9.689027,-0.013261,-0.108839,0.023510
232989110.000,ZR,handheld,水平,right,recording,充电口朝左,3,-0.902822,0.528637,9.774406,0.000382,-0.098257,0.019225
232989120.000,ZR,handheld,水平,right,recording,充电口朝左,3,-0.909100,0.518451,9.872315,0.009880,-0.068238,0.019061
232989130.000,ZR,handheld,水平,right,recording,充电口朝左,3,-0.931433,0.528587,9.699280,0.008046,-0.064996,0.018062
232989140.000,ZR,handheld,水平,right,recording,充电口朝左,3,-0.907195,0.559830,9.762095,0.012561,-0.054021,0.019681
232989150.000,ZR,handheld,水平,right,recording,充电口朝左,3,-0.960113,0.518782,9.729468,0.015986,-0.059107,0.017813
232989160.000,ZR,handheld,水平,right,recording,充电口朝左,3,-0.924274,0.535202,9.662609,0.016574,-0.083770,0.018399
232989170.000,ZR,handheld,水平,right,recording,充电口朝左,3,-0.944917,0.561025,9.669120,0.010561,-0.092846,0.016489
232989180.000,ZR,handheld,水平,right,recording,充电口朝左,3,-0.906729,0.597455,9.694503,0.002320,-0.091997,0.013762
232989190.000,ZR,handheld,水平,right,recording,充电口朝左,3,-0.912964,0.538954,9.753870,-0.001166,-0.069135,0.006797
232989200.000,ZR,handheld,水平,right,recording,充电口朝左,3,-0.891264,0.563296,9.792417,-0.002106,-0.037513,0.000401
232989210.000,ZR,handheld,水平,right,recording,充电口朝左,3,-0.911803,0.563724,9.730767,-0.002836,-0.037516,-0.002619
232989220.000,ZR,handheld,水平,right,recording,充电口朝左,3,-0.889348,0.587678,9.654914,-0.003062,-0.059570,-0.003283
232989230.000,ZR,handheld,水平,right,recording,充电口朝左,3,-0.896581,0.559247,9.672934,-0.003059,-0.074545,-0.000095
232989240.000,ZR,handheld,水平,right,recording,充电口朝左,3,-0.915811,0.501140,9.653712,-0.016725,-0.084939,0.005030
232989250.000,ZR,handheld,水平,right,recording,充电口朝左,3,-0.839692,0.543719,9.581719,-0.032239,-0.095447,0.004839
232989260.000,ZR,handheld,水平,right,recording,充电口朝左,3,-0.829567,0.591320,9.659774,-0.038375,-0.108165,-0.000149
232989270.000,ZR,handheld,水平,right,recording,充电口朝左,3,-0.806033,0.472177,9.631821,-0.046433,-0.138431,-0.007427
232989280.000,ZR,handheld,水平,right,recording,充电口朝左,3,-0.805466,0.415227,9.724058,-0.036149,-0.125210,-0.011907
232989290.000,ZR,handheld,水平,right,recording,充电口朝左,3,-0.769694,0.409120,9.916965,-0.023829,-0.086634,-0.006160
232989300.000,ZR,handheld,水平,right,recording,充电口朝左,3,-0.736701,0.494124,9.874059,-0.004835,-0.046303,0.002632
232989310.000,ZR,handheld,水平,right,recording,充电口朝左,3,-0.739742,0.473725,9.917447,0.018193,-0.023615,0.011884
232989320.000,ZR,handheld,水平,right,recording,充电口朝左,3,-0.753922,0.449157,9.776350,0.031653,-0.022669,0.015222
232989330.000,ZR,handheld,水平,right,recording,充电口朝左,3,-0.796767,0.440882,9.702923,0.034788,-0.033870,0.016894
232989340.000,ZR,handheld,水平,right,recording,充电口朝左,3,-0.795059,0.476193,9.674027,0.026845,-0.047016,0.012189
232989350.000,ZR,handheld,水平,right,recording,充电口朝左,3,-0.778588,0.471936,9.628549,0.009078,-0.063826,0.005856
232989360.000,ZR,handheld,水平,right,recording,充电口朝左,3,-0.784112,0.511533,9.644105,-0.012240,-0.079029,0.001372
232989370.000,ZR,handheld,水平,right,recording,充电口朝左,3,-0.772362,0.533363,9.622166,-0.031058,-0.095412,-0.000708
232989380.000,ZR,handheld,水平,right,recording,充电口朝左,3,-0.771382,0.541000,9.685544,-0.043218,-0.098869,0.000312
232989390.000,ZR,handheld,水平,right,recording,充电口朝左,3,-0.769729,0.461670,9.703941,-0.056344,-0.102011,0.002489
232989400.000,ZR,handheld,水平,right,recording,充电口朝左,3,-0.736101,0.513001,9.707635,-0.061327,-0.087455,0.005343
232989410.000,ZR,handheld,水平,right,recording,充电口朝左,3,-0.722805,0.516247,9.840334,-0.057068,-0.059860,0.008891
232989420.000,ZR,handheld,水平,right,recording,充电口朝左,3,-0.682050,0.514044,9.685451,-0.052046,-0.065628,0.004284
232989430.000,ZR,handheld,水平,right,recording,充电口朝左,3,-0.680138,0.505705,9.731950,-0.033776,-0.069711,-0.003495
232989440.000,ZR,handheld,水平,right,recording,充电口朝左,3,-0.679870,0.447656,9.791739,-0.013538,-0.057925,-0.014180
232989450.000,ZR,handheld,水平,right,recording,充电口朝左,3,-0.712333,0.454526,9.759306,0.000391,-0.038973,-0.019690
232989460.000,ZR,handheld,水平,right,recording,充电口朝左,3,-0.699609,0.463582,9.776234,0.014428,-0.036073,-0.020250
232989470.000,ZR,handheld,水平,right,recording,充电口朝左,3,-0.680561,0.457272,9.776124,0.018653,-0.021095,-0.019238
232989480.000,ZR,handheld,水平,right,recording,充电口朝左,3,-0.687939,0.450070,9.743586,0.016337,-0.014791,-0.011039
232989490.000,ZR,handheld,水平,right,recording,充电口朝左,3,-0.680204,0.476641,9.688496,0.003755,-0.018713,-0.002725
232989500.000,ZR,handheld,水平,right,recording,充电口朝左,3,-0.671129,0.482501,9.635007,-0.012382,-0.023455,0.002110
232989510.000,ZR,handheld,水平,right,recording,充电口朝左,3,-0.687250,0.466739,9.664617,-0.024879,-0.026294,0.006793
232989520.000,ZR,handheld,水平,right,recording,充电口朝左,3,-0.693658,0.460965,9.700132,-0.029851,-0.028632,0.003671
232989530.000,ZR,handheld,水平,right,recording,充电口朝左,3,-0.691961,0.503814,9.664127,-0.029382,-0.048936,-0.002361
232989540.000,ZR,handheld,水平,right,recording,充电口朝左,3,-0.704909,0.492036,9.675185,-0.021213,-0.067207,-0.007348
232989550.000,ZR,handheld,水平,right,recording,充电口朝左,3,-0.688986,0.472599,9.739565,-0.004436,-0.067305,-0.014664
232989560.000,ZR,handheld,水平,right,recording,充电口朝左,3,-0.689224,0.473251,9.756956,0.010590,-0.078010,-0.018761
232989570.000,ZR,handheld,水平,right,recording,充电口朝左,3,-0.704375,0.448770,9.750174,0.014474,-0.073752,-0.020697
232989580.000,ZR,handheld,水平,right,recording,充电口朝左,3,-0.647419,0.504185,9.799278,0.017448,-0.044485,-0.020758
232989590.000,ZR,handheld,水平,right,recording,充电口朝左,3,-0.634659,0.494590,9.957793,0.022579,-0.001947,-0.018474
232989600.000,ZR,handheld,水平,right,recording,充电口朝左,3,-0.638444,0.488497,9.838465,0.020617,0.010397,-0.013437
232989610.000,ZR,handheld,水平,right,recording,充电口朝左,3,-0.630983,0.463078,9.734563,0.013621,-0.012428,-0.011294
232989620.000,ZR,handheld,水平,right,recording,充电口朝左,3,-0.629243,0.490497,9.706298,0.001614,-0.027762,-0.008155
232989630.000,ZR,handheld,水平,right,recording,充电口朝左,3,-0.610775,0.476613,9.751305,-0.004747,-0.029587,-0.004935
232989640.000,ZR,handheld,水平,right,recording,充电口朝左,3,-0.610163,0.466795,9.838340,-0.003768,-0.016012,-0.003903
232989650.000,ZR,handheld,水平,right,recording,充电口朝左,3,-0.614693,0.469639,9.859862,-0.000918,-0.008191,-0.003776
232989660.000,ZR,handheld,水平,right,recording,充电口朝左,3,-0.611925,0.496135,9.796629,-0.002657,-0.011627,-0.000924
232989670.000,ZR,handheld,水平,right,recording,充电口朝左,3,-0.614213,0.509230,9.789501,-0.006604,-0.005195,-0.002362
232989680.000,ZR,handheld,水平,right,recording,充电口朝左,3,-0.635071,0.485213,9.746238,-0.010065,0.001871,-0.003926
232989690.000,ZR,handheld,水平,right,recording,充电口朝左,3,-0.654233,0.490979,9.749568,-0.009075,0.002501,-0.007195
232989700.000,ZR,handheld,水平,right,recording,充电口朝左,3,-0.651074,0.486909,9.687766,-0.007245,-0.004657,-0.013406
232989710.000,ZR,handheld,水平,right,recording,充电口朝左,3,-0.671570,0.496581,9.686814,-0.002160,-0.020216,-0.019955
232989720.000,ZR,handheld,水平,right,recording,充电口朝左,3,-0.675257,0.482986,9.654112,0.002941,-0.028805,-0.023207
232989730.000,ZR,handheld,水平,right,recording,充电口朝左,3,-0.652646,0.463074,9.719653,0.011380,-0.026212,-0.028051
232989740.000,ZR,handheld,水平,right,recording,充电口朝左,3,-0.629180,0.483360,9.729731,0.019641,-0.016382,-0.027358
232989750.000,ZR,handheld,水平,right,recording,充电口朝左,3,-0.629208,0.445180,9.760558,0.024022,0.002297,-0.022171
232989760.000,ZR,handheld,水平,right,recording,充电口朝左,3,-0.618426,0.456189,9.737982,0.021679,0.011958,-0.011588
232989770.000,ZR,handheld,水平,right,recording,充电口朝左,3,-0.609246,0.453510,9.632530,0.011242,-0.000880,-0.003544
232989780.000,ZR,handheld,水平,right,recording,充电口朝左,3,-0.602460,0.428114,9.628334,-0.003115,-0.021683,-0.001072
232989790.000,ZR,handheld,水平,right,recording,充电口朝左,3,-0.563171,0.440128,9.636958,-0.014881,-0.034328,-0.001226
232989800.000,ZR,handheld,水平,right,recording,充电口朝左,3,-0.579151,0.443907,9.735223,-0.016761,-0.033885,-0.003435
232989810.000,ZR,handheld,水平,right,recording,充电口朝左,3,-0.564274,0.466659,9.813152,-0.008598,-0.030143,-0.007800
232989820.000,ZR,handheld,水平,right,recording,充电口朝左,3,-0.569935,0.460827,9.824571,0.004059,-0.027099,-0.012186
232989830.000,ZR,handheld,水平,right,recording,充电口朝左,3,-0.558984,0.463312,9.876969,0.019185,-0.014653,-0.014881
232989840.000,ZR,handheld,水平,right,recording,充电口朝左,3,-0.615305,0.442567,9.847271,0.023113,-0.001268,-0.013670
232989850.000,ZR,handheld,水平,right,recording,充电口朝左,3,-0.608714,0.500134,9.769947,0.019974,-0.010126,-0.007461
232989860.000,ZR,handheld,水平,right,recording,充电口朝左,3,-0.656935,0.482292,9.736473,0.009043,-0.012411,0.000157
232989870.000,ZR,handheld,水平,right,recording,充电口朝左,3,-0.654864,0.475706,9.712670,-0.002290,-0.011982,0.002050
232989880.000,ZR,handheld,水平,right,recording,充电口朝左,3,-0.665467,0.473270,9.729846,-0.006907,-0.024666,0.000883
232989890.000,ZR,handheld,水平,right,recording,充电口朝左,3,-0.654098,0.471318,9.779014,-0.003830,-0.025157,-0.003693
232989900.000,ZR,handheld,水平,right,recording,充电口朝左,3,-0.627602,0.471323,9.860782,0.005469,-0.015341,-0.007393
232989910.000,ZR,handheld,水平,right,recording,充电口朝左,3,-0.638035,0.487331,9.881845,0.009534,0.001403,-0.011783
232989920.000,ZR,handheld,水平,right,recording,充电口朝左,3,-0.622314,0.495484,9.836837,0.009744,0.008379,-0.012960
232989930.000,ZR,handheld,水平,right,recording,充电口朝左,3,-0.624883,0.500325,9.800439,0.000388,0.004376,-0.011637
232989940.000,ZR,handheld,水平,right,recording,充电口朝左,3,-0.637464,0.499814,9.762591,-0.017516,0.005892,-0.006608
232989950.000,ZR,handheld,水平,right,recording,充电口朝左,3,-0.633037,0.484066,9.733081,-0.031112,-0.001363,0.001587
232989960.000,ZR,handheld,水平,right,recording,充电口朝左,3,-0.606239,0.489473,9.738592,-0.038008,-0.021401,0.005035
232989970.000,ZR,handheld,水平,right,recording,充电口朝左,3,-0.610400,0.465890,9.757543,-0.035164,-0.025498,0.007006
232989980.000,ZR,handheld,水平,right,recording,充电口朝左,3,-0.582217,0.455482,9.830421,-0.024155,-0.015217,0.003603
232989990.000,ZR,handheld,水平,right,recording,充电口朝左,3,-0.556658,0.454059,9.866855,-0.009161,-0.003682,-0.003013
232990000.000,ZR,handheld,水平,right,recording,充电口朝左,3,-0.582598,0.458326,9.817922,0.003634,0.006660,-0.007335
232990010.000,ZR,handheld,水平,right,recording,充电口朝左,3,-0.578669,0.456532,9.806399,0.009920,0.010152,-0.008066
232990020.000,ZR,handheld,水平,right,recording,充电口朝左,3,-0.617770,0.464147,9.726111,0.008694,0.004189,-0.004515
232990030.000,ZR,handheld,水平,right,recording,充电口朝左,3,-0.617800,0.477880,9.718617,0.003421,0.006403,0.002728
232990040.000,ZR,handheld,水平,right,recording,充电口朝左,3,-0.635426,0.477730,9.708816,-0.003894,0.007163,0.008210
232990050.000,ZR,handheld,水平,right,recording,充电口朝左,3,-0.600999,0.478510,9.686163,-0.008815,-0.010306,0.009777
232990060.000,ZR,handheld,水平,right,recording,充电口朝左,3,-0.615866,0.473725,9.670405,-0.014288,-0.013541,0.008144
232990070.000,ZR,handheld,水平,right,recording,充电口朝左,3,-0.577825,0.485180,9.662401,-0.013672,-0.025356,0.001915
232990080.000,ZR,handheld,水平,right,recording,充电口朝左,3,-0.594413,0.459076,9.741131,-0.007127,-0.024792,-0.003573
232990090.000,ZR,handheld,水平,right,recording,充电口朝左,3,-0.575584,0.440842,9.770906,0.001281,-0.019096,-0.005967
232990100.000,ZR,handheld,水平,right,recording,充电口朝左,3,-0.598095,0.473910,9.764711,0.007707,-0.018456,-0.000370
232990110.000,ZR,handheld,水平,right,recording,充电口朝左,3,-0.576800,0.493436,9.756112,0.016278,-0.023140,0.005964
232990120.000,ZR,handheld,水平,right,recording,充电口朝左,3,-0.580676,0.479844,9.807493,0.020246,-0.012770,0.009442
232990130.000,ZR,handheld,水平,right,recording,充电口朝左,3,-0.579764,0.491783,9.773393,0.017651,-0.000967,0.011000
232990140.000,ZR,handheld,水平,right,recording,充电口朝左,3,-0.589820,0.508049,9.750913,0.011139,-0.000044,0.011171
232990150.000,ZR,handheld,水平,right,recording,充电口朝左,3,-0.562901,0.525524,9.706213,-0.001107,-0.005829,0.009549
232990160.000,ZR,handheld,水平,right,recording,充电口朝左,3,-0.610298,0.505355,9.661806,-0.011637,-0.022684,0.009202
232990170.000,ZR,handheld,水平,right,recording,充电口朝左,3,-0.608813,0.488978,9.752731,-0.010898,-0.031106,0.009354
232990180.000,ZR,handheld,水平,right,recording,充电口朝左,3,-0.616660,0.487540,9.763476,-0.006857,-0.033288,0.009091
232990190.000,ZR,handheld,水平,right,recording,充电口朝左,3,-0.598643,0.500144,9.791408,-0.001298,-0.030422,0.004008
232990200.000,ZR,handheld,水平,right,recording,充电口朝左,3,-0.576903,0.484502,9.795764,-0.001512,-0.019666,-0.007659
232990210.000,ZR,handheld,水平,right,recording,充电口朝左,3,-0.582940,0.473186,9.811705,-0.000946,-0.005875,-0.012789
232990220.000,ZR,handheld,水平,right,recording,充电口朝左,3,-0.574789,0.436820,9.783289,0.000680,0.000734,-0.014690
232990230.000,ZR,handheld,水平,right,recording,充电口朝左,3,-0.552081,0.423575,9.756954,0.002237,-0.015398,-0.013257
232990240.000,ZR,handheld,水平,right,recording,充电口朝左,3,-0.524995,0.452323,9.791658,0.011042,-0.018449,-0.012594
232990250.000,ZR,handheld,水平,right,recording,充电口朝左,3,-0.494042,0.398218,9.928533,0.019955,-0.013108,-0.003183
232990260.000,ZR,handheld,水平,right,recording,充电口朝左,3,-0.561384,0.369205,9.796408,0.012682,-0.005119,0.008912
232990270.000,ZR,handheld,水平,right,recording,充电口朝左,3,-0.519009,0.491153,9.763719,-0.002854,-0.015996,0.019805
232990280.000,ZR,handheld,水平,right,recording,充电口朝左,3,-0.545812,0.522154,9.681113,-0.016900,-0.032142,0.026184
232990290.000,ZR,handheld,水平,right,recording,充电口朝左,3,-0.562750,0.453192,9.779044,-0.022108,-0.027820,0.023400
232990300.000,ZR,handheld,水平,right,recording,充电口朝左,3,-0.560777,0.435096,9.837175,-0.020064,-0.010134,0.017259
232990310.000,ZR,handheld,水平,right,recording,充电口朝左,3,-0.568418,0.474208,9.797778,-0.018684,-0.009643,0.009384
232990320.000,ZR,handheld,水平,right,recording,充电口朝左,3,-0.576652,0.508046,9.764228,-0.018728,-0.010176,0.004058
232990330.000,ZR,handheld,水平,right,recording,充电口朝左,3,-0.579245,0.500688,9.756825,-0.016621,-0.003097,0.002908
232990340.000,ZR,handheld,水平,right,recording,充电口朝左,3,-0.602978,0.503846,9.745886,-0.013902,-0.006703,0.007669
232990350.000,ZR,handheld,水平,right,recording,充电口朝左,3,-0.592290,0.505839,9.701609,-0.010393,-0.016188,0.007016
232990360.000,ZR,handheld,水平,right,recording,充电口朝左,3,-0.592524,0.496807,9.705972,-0.003030,-0.035230,0.007250
232990370.000,ZR,handheld,水平,right,recording,充电口朝左,3,-0.588832,0.479865,9.749603,0.001800,-0.034328,0.001787
232990380.000,ZR,handheld,水平,right,recording,充电口朝左,3,-0.583422,0.478499,9.758204,0.002720,-0.019770,-0.002284
232990390.000,ZR,handheld,水平,right,recording,充电口朝左,3,-0.572673,0.483746,9.726465,0.002677,-0.012141,-0.007493
232990400.000,ZR,handheld,水平,right,recording,充电口朝左,3,-0.576767,0.506099,9.707769,0.002420,-0.019375,-0.006286
232990410.000,ZR,handheld,水平,right,recording,充电口朝左,3,-0.575962,0.498815,9.658132,0.002850,-0.035911,-0.007093
232990420.000,ZR,handheld,水平,right,recording,充电口朝左,3,-0.535021,0.481487,9.673959,0.002926,-0.061362,-0.010184
232990430.000,ZR,handheld,水平,right,recording,充电口朝左,3,-0.544962,0.467101,9.711855,0.002393,-0.077452,-0.011714
232990440.000,ZR,handheld,水平,right,recording,充电口朝左,3,-0.493394,0.451496,9.781466,0.002877,-0.070870,-0.010934
232990450.000,ZR,handheld,水平,right,recording,充电口朝左,3,-0.497202,0.467629,9.814680,-0.000238,-0.055841,-0.008722
232990460.000,ZR,handheld,水平,right,recording,充电口朝左,3,-0.481214,0.444093,9.827496,-0.000773,-0.025808,-0.006733
232990470.000,ZR,handheld,水平,right,recording,充电口朝左,3,-0.468198,0.462697,9.819703,0.000952,-0.010629,-0.006443
232990480.000,ZR,handheld,水平,right,recording,充电口朝左,3,-0.476989,0.436606,9.771038,0.008372,-0.019261,-0.004249
232990490.000,ZR,handheld,水平,right,recording,充电口朝左,3,-0.495586,0.439644,9.722546,0.010892,-0.027807,-0.000671
232990500.000,ZR,handheld,水平,right,recording,充电口朝左,3,-0.495702,0.451707,9.727496,0.016904,-0.031301,0.005187
232990510.000,ZR,handheld,水平,right,recording,充电口朝左,3,-0.501737,0.442085,9.765968,0.022356,-0.035196,0.011840
232990520.000,ZR,handheld,水平,right,recording,充电口朝左,3,-0.492224,0.436827,9.690238,0.022726,-0.052663,0.015532
232990530.000,ZR,handheld,水平,right,recording,充电口朝左,3,-0.474837,0.498833,9.722536,0.012956,-0.078315,0.014942
232990540.000,ZR,handheld,水平,right,recording,充电口朝左,3,-0.450889,0.525056,9.674496,0.002627,-0.091771,0.011514
232990550.000,ZR,handheld,水平,right,recording,充电口朝左,3,-0.462151,0.502541,9.853265,0.007224,-0.073744,0.013228
232990560.000,ZR,handheld,水平,right,recording,充电口朝左,3,-0.441144,0.427085,9.968867,0.016947,-0.029494,0.010880
232990570.000,ZR,handheld,水平,right,recording,充电口朝左,3,-0.452234,0.479759,9.946110,0.025703,-0.006158,0.009485
232990580.000,ZR,handheld,水平,right,recording,充电口朝左,3,-0.444141,0.534423,9.808000,0.021177,-0.002650,0.008247
232990590.000,ZR,handheld,水平,right,recording,充电口朝左,3,-0.446615,0.552153,9.713381,0.018782,-0.012454,0.007034
232990600.000,ZR,handheld,水平,right,recording,充电口朝左,3,-0.500385,0.492967,9.718128,0.019142,-0.020966,0.003368
232990610.000,ZR,handheld,水平,right,recording,充电口朝左,3,-0.466688,0.433923,9.700632,0.031813,-0.046055,-0.006846
232990620.000,ZR,handheld,水平,right,recording,充电口朝左,3,-0.503751,0.617058,9.790117,0.038375,-0.051344,-0.003837
232990630.000,ZR,handheld,水平,right,recording,充电口朝左,3,-0.424581,0.587087,9.750997,0.039324,-0.032571,0.002992
232990640.000,ZR,handheld,水平,right,recording,充电口朝左,3,-0.476863,0.483833,9.919284,0.044787,-0.009550,-0.003446
232990650.000,ZR,handheld,水平,right,recording,充电口朝左,3,-0.484624,0.421201,9.821036,0.029986,0.016247,-0.004665
232990660.000,ZR,handheld,水平,right,recording,充电口朝左,3,-0.485749,0.542279,9.688957,0.006706,0.006216,-0.007947
232990670.000,ZR,handheld,水平,right,recording,充电口朝左,3,-0.504743,0.543617,9.631277,-0.016378,-0.005945,-0.007310
232990680.000,ZR,handheld,水平,right,recording,充电口朝左,3,-0.475510,0.513767,9.640578,-0.029944,-0.022092,-0.005659
232990690.000,ZR,handheld,水平,right,recording,充电口朝左,3,-0.491329,0.476912,9.651846,-0.033732,-0.050582,0.000948
232990700.000,ZR,handheld,水平,right,recording,充电口朝左,3,-0.462816,0.519345,9.645184,-0.031819,-0.063462,0.005425
232990710.000,ZR,handheld,水平,right,recording,充电口朝左,3,-0.420540,0.476274,9.747922,-0.021315,-0.060596,-0.001610
232990720.000,ZR,handheld,水平,right,recording,充电口朝左,3,-0.423895,0.439585,9.791365,-0.007995,-0.043538,-0.011392
232990730.000,ZR,handheld,水平,right,recording,充电口朝左,3,-0.406566,0.413124,9.805809,0.000135,-0.016156,-0.019965
232990740.000,ZR,handheld,水平,right,recording,充电口朝左,3,-0.412471,0.461859,9.819497,0.009590,0.014572,-0.017609
232990750.000,ZR,handheld,水平,right,recording,充电口朝左,3,-0.387960,0.485843,9.769134,0.020748,0.018761,-0.010263
232990760.000,ZR,handheld,水平,right,recording,充电口朝左,3,-0.419530,0.454503,9.748364,0.031283,-0.009026,-0.000626
232990770.000,ZR,handheld,水平,right,recording,充电口朝左,3,-0.425342,0.454884,9.703542,0.029857,-0.019527,0.003222
232990780.000,ZR,handheld,水平,right,recording,充电口朝左,3,-0.423951,0.479333,9.728378,0.025075,-0.010241,-0.000965
232990790.000,ZR,handheld,水平,right,recording,充电口朝左,3,-0.411956,0.458127,9.778838,0.024532,-0.024810,-0.000271
232990800.000,ZR,handheld,水平,right,recording,充电口朝左,3,-0.474551,0.676687,9.741279,0.019963,-0.030464,0.007839
232990810.000,ZR,handheld,水平,right,recording,充电口朝左,3,-0.435184,0.533932,9.790615,0.021151,-0.015160,0.012258
232990820.000,ZR,handheld,水平,right,recording,充电口朝左,3,-0.486289,0.501407,9.896455,0.017945,0.000678,0.008017
232990830.000,ZR,handheld,水平,right,recording,充电口朝左,3,-0.445531,0.511774,9.803791,0.005823,0.015080,-0.003186
232990840.000,ZR,handheld,水平,right,recording,充电口朝左,3,-0.452060,0.574991,9.776193,-0.003272,0.009235,-0.009647
232990850.000,ZR,handheld,水平,right,recording,充电口朝左,3,-0.438666,0.539182,9.800456,-0.008874,-0.001705,-0.011545
232990860.000,ZR,handheld,水平,right,recording,充电口朝左,3,-0.435104,0.531097,9.800229,-0.011266,0.000323,-0.006029
232990870.000,ZR,handheld,水平,right,recording,充电口朝左,3,-0.415634,0.551370,9.845281,-0.010693,0.000469,0.002647
232990880.000,ZR,handheld,水平,right,recording,充电口朝左,3,-0.426875,0.532916,9.827172,-0.007460,0.004354,0.009130
232990890.000,ZR,handheld,水平,right,recording,充电口朝左,3,-0.395935,0.515058,9.846225,-0.003330,0.015787,0.012410
232990900.000,ZR,handheld,水平,right,recording,充电口朝左,3,-0.410120,0.516619,9.830718,0.000948,0.020269,0.012093
232990910.000,ZR,handheld,水平,right,recording,充电口朝左,3,-0.428240,0.539599,9.749963,0.000004,0.014902,0.008653
232990920.000,ZR,handheld,水平,right,recording,充电口朝左,3,-0.443767,0.530966,9.710473,0.003009,0.003113,0.000180
232990930.000,ZR,handheld,水平,right,recording,充电口朝左,3,-0.460785,0.475226,9.774077,0.013194,0.004905,-0.008391
232990940.000,ZR,handheld,水平,right,recording,充电口朝左,3,-0.437590,0.495646,9.788516,0.022896,0.009350,-0.013598
232990950.000,ZR,handheld,水平,right,recording,充电口朝左,3,-0.420010,0.518919,9.749093,0.023319,0.010242,-0.013567
232990960.000,ZR,handheld,水平,right,recording,充电口朝左,3,-0.422040,0.533174,9.750647,0.021712,0.016971,-0.006365
232990970.000,ZR,handheld,水平,right,recording,充电口朝左,3,-0.432338,0.504706,9.762159,0.015604,0.019564,-0.001833
232990980.000,ZR,handheld,水平,right,recording,充电口朝左,3,-0.432862,0.518323,9.691011,0.007016,0.013463,0.005885
232990990.000,ZR,handheld,水平,right,recording,充电口朝左,3,-0.410759,0.529591,9.698539,0.003738,0.013988,0.012476
232991000.000,ZR,handheld,水平,right,recording,充电口朝左,3,-0.440234,0.518222,9.707209,0.005996,0.011693,0.016918
232991010.000,ZR,handheld,水平,right,recording,充电口朝左,3,-0.434005,0.513962,9.727630,0.007358,-0.002009,0.018418
232991020.000,ZR,handheld,水平,right,recording,充电口朝左,3,-0.444606,0.512589,9.712631,0.009086,-0.008770,0.012628
232991030.000,ZR,handheld,水平,right,recording,充电口朝左,3,-0.436245,0.530661,9.773442,0.011920,-0.004829,0.007396
232991040.000,ZR,handheld,水平,right,recording,充电口朝左,3,-0.453640,0.562040,9.787574,0.008270,0.000639,0.001442
232991050.000,ZR,handheld,水平,right,recording,充电口朝左,3,-0.454797,0.591313,9.787163,0.010893,0.003528,-0.000953
232991060.000,ZR,handheld,水平,right,recording,充电口朝左,3,-0.462307,0.573965,9.838083,0.015761,0.003168,0.000218
232991070.000,ZR,handheld,水平,right,recording,充电口朝左,3,-0.473547,0.580591,9.835178,0.017941,0.016366,0.000244
232991080.000,ZR,handheld,水平,right,recording,充电口朝左,3,-0.501534,0.599083,9.785795,0.015251,0.019794,0.001176
232991090.000,ZR,handheld,水平,right,recording,充电口朝左,3,-0.480081,0.598121,9.753625,0.009892,0.019068,-0.003059
232991100.000,ZR,handheld,水平,right,recording,充电口朝左,3,-0.485548,0.594378,9.722721,0.003161,0.008886,-0.005377
232991110.000,ZR,handheld,水平,right,recording,充电口朝左,3,-0.473194,0.559723,9.743849,0.000871,0.012600,-0.012461
232991120.000,ZR,handheld,水平,right,recording,充电口朝左,3,-0.467086,0.565876,9.774082,-0.001384,0.013129,-0.016954
232991130.000,ZR,handheld,水平,right,recording,充电口朝左,3,-0.469340,0.531272,9.764936,0.002013,0.014164,-0.016747
232991140.000,ZR,handheld,水平,right,recording,充电口朝左,3,-0.461234,0.518928,9.788181,0.008149,0.022222,-0.014692
232991150.000,ZR,handheld,水平,right,recording,充电口朝左,3,-0.460086,0.468090,9.717284,0.010739,0.016083,-0.012784
232991160.000,ZR,handheld,水平,right,recording,充电口朝左,3,-0.450643,0.480945,9.717815,0.015434,0.008326,-0.005610
232991170.000,ZR,handheld,水平,right,recording,充电口朝左,3,-0.435561,0.475488,9.714252,0.015866,0.008963,0.001885
232991180.000,ZR,handheld,水平,right,recording,充电口朝左,3,-0.453394,0.486284,9.709425,0.017423,0.004198,0.005722
232991190.000,ZR,handheld,水平,right,recording,充电口朝左,3,-0.412956,0.528973,9.703200,0.014010,-0.002227,0.006251
232991200.000,ZR,handheld,水平,right,recording,充电口朝左,3,-0.424589,0.524521,9.708617,0.008306,-0.000246,0.001031
232991210.000,ZR,handheld,水平,right,recording,充电口朝左,3,-0.435957,0.523756,9.758963,0.006068,0.004856,-0.001262
232991220.000,ZR,handheld,水平,right,recording,充电口朝左,3,-0.428689,0.529006,9.748324,0.006748,0.001853,0.001801
232991230.000,ZR,handheld,水平,right,recording,充电口朝左,3,-0.460245,0.549528,9.732257,0.006342,-0.008027,0.005957
232991240.000,ZR,handheld,水平,right,recording,充电口朝左,3,-0.461931,0.536388,9.737012,0.007932,-0.007198,0.007265
232991250.000,ZR,handheld,水平,right,recording,充电口朝左,3,-0.467862,0.539627,9.789879,0.012537,-0.000029,0.007918
232991260.000,ZR,handheld,水平,right,recording,充电口朝左,3,-0.455377,0.533561,9.779608,0.011791,-0.000940,0.008677
232991270.000,ZR,handheld,水平,right,recording,充电口朝左,3,-0.443649,0.567710,9.762134,0.009310,-0.001422,0.005946
232991280.000,ZR,handheld,水平,right,recording,充电口朝左,3,-0.441729,0.591179,9.810176,0.006817,-0.001431,0.008040
232991290.000,ZR,handheld,水平,right,recording,充电口朝左,3,-0.471312,0.558260,9.780466,0.002619,-0.001834,0.008339
232991300.000,ZR,handheld,水平,right,recording,充电口朝左,3,-0.455542,0.562003,9.785077,-0.000898,-0.005008,0.007551
232991310.000,ZR,handheld,水平,right,recording,充电口朝左,3,-0.459623,0.556949,9.755656,-0.004730,-0.009132,0.006645
232991320.000,ZR,handheld,水平,right,recording,充电口朝左,3,-0.475263,0.544855,9.787135,-0.003554,-0.000566,0.008322
232991330.000,ZR,handheld,水平,right,recording,充电口朝左,3,-0.473209,0.558820,9.771322,0.001136,0.005623,0.008228
232991340.000,ZR,handheld,水平,right,recording,充电口朝左,3,-0.468490,0.577024,9.781819,0.010211,0.000505,0.009580
232991350.000,ZR,handheld,水平,right,recording,充电口朝左,3,-0.476042,0.578097,9.784611,0.020305,0.002163,0.008540
232991360.000,ZR,handheld,水平,right,recording,充电口朝左,3,-0.480740,0.570842,9.769234,0.024837,0.010525,0.005753
232991370.000,ZR,handheld,水平,right,recording,充电口朝左,3,-0.480674,0.577354,9.770953,0.026333,0.014840,0.000248
232991380.000,ZR,handheld,水平,right,recording,充电口朝左,3,-0.470509,0.595986,9.716748,0.018557,0.009448,-0.002457
232991390.000,ZR,handheld,水平,right,recording,充电口朝左,3,-0.483254,0.600672,9.717777,0.008783,0.001028,-0.002747
232991400.000,ZR,handheld,水平,right,recording,充电口朝左,3,-0.479767,0.550706,9.722373,0.001148,-0.009474,-0.000758
232991410.000,ZR,handheld,水平,right,recording,充电口朝左,3,-0.456185,0.577621,9.771719,-0.001968,-0.005442,0.003642
232991420.000,ZR,handheld,水平,right,recording,充电口朝左,3,-0.439578,0.592683,9.801591,0.002666,-0.002704,0.008288
232991430.000,ZR,handheld,水平,right,recording,充电口朝左,3,-0.439342,0.554463,9.856466,0.009997,0.001095,0.007001
232991440.000,ZR,handheld,水平,right,recording,充电口朝左,3,-0.417840,0.531501,9.844032,0.015960,0.008926,0.003569
232991450.000,ZR,handheld,水平,right,recording,充电口朝左,3,-0.441493,0.531299,9.843997,0.015896,0.017656,-0.001399
232991460.000,ZR,handheld,水平,right,recording,充电口朝左,3,-0.452226,0.541424,9.793594,0.010459,0.026409,-0.001212
232991470.000,ZR,handheld,水平,right,recording,充电口朝左,3,-0.451654,0.569885,9.749606,0.005078,0.021659,0.004630
232991480.000,ZR,handheld,水平,right,recording,充电口朝左,3,-0.456708,0.549439,9.703504,0.004629,0.001621,0.008725
232991490.000,ZR,handheld,水平,right,recording,充电口朝左,3,-0.478618,0.557392,9.744380,0.008889,-0.006949,0.015265
232991500.000,ZR,handheld,水平,right,recording,充电口朝左,3,-0.457338,0.568835,9.770286,0.012699,-0.001681,0.016375
232991510.000,ZR,handheld,水平,right,recording,充电口朝左,3,-0.442764,0.586214,9.796460,0.015476,0.003555,0.016527
232991520.000,ZR,handheld,水平,right,recording,充电口朝左,3,-0.432655,0.619927,9.765182,0.019003,0.006442,0.009487
232991530.000,ZR,handheld,水平,right,recording,充电口朝左,3,-0.415891,0.621004,9.814316,0.023191,0.007421,0.002268
232991540.000,ZR,handheld,水平,right,recording,充电口朝左,3,-0.458594,0.607381,9.744693,0.020033,0.012634,-0.001811
232991550.000,ZR,handheld,水平,right,recording,充电口朝左,3,-0.453028,0.628106,9.777837,0.018807,0.014590,-0.003240
232991560.000,ZR,handheld,水平,right,recording,充电口朝左,3,-0.469011,0.647620,9.735060,0.020383,0.016568,-0.003678
232991570.000,ZR,handheld,水平,right,recording,充电口朝左,3,-0.473588,0.641649,9.737937,0.027242,0.017136,-0.004229
232991580.000,ZR,handheld,水平,right,recording,充电口朝左,3,-0.480810,0.647850,9.761935,0.045257,0.024072,-0.008064
232991590.000,ZR,handheld,水平,right,recording,充电口朝左,3,-0.465717,0.631128,9.810084,0.063030,0.033633,-0.013240
232991600.000,ZR,handheld,水平,right,recording,充电口朝左,3,-0.491079,0.607238,9.754219,0.077679,0.029662,-0.020091
232991610.000,ZR,handheld,水平,right,recording,充电口朝左,3,-0.466000,0.625596,9.768623,0.087129,0.037640,-0.025651
232991620.000,ZR,handheld,水平,right,recording,充电口朝左,3,-0.468745,0.636441,9.742477,0.094693,0.055210,-0.027365
232991630.000,ZR,handheld,水平,right,recording,充电口朝左,3,-0.477701,0.652970,9.761471,0.099349,0.063236,-0.025569
232991640.000,ZR,handheld,水平,right,recording,充电口朝左,3,-0.481103,0.658912,9.663486,0.105569,0.061804,-0.022633
232991650.000,ZR,handheld,水平,right,recording,充电口朝左,3,-0.495999,0.653779,9.724998,0.106653,0.068731,-0.023233
232991660.000,ZR,handheld,水平,right,recording,充电口朝左,3,-0.480244,0.680848,9.642689,0.116140,0.063716,-0.030090
232991670.000,ZR,handheld,水平,right,recording,充电口朝左,3,-0.509303,0.664954,9.696482,0.128380,0.051589,-0.043508
232991680.000,ZR,handheld,水平,right,recording,充电口朝左,3,-0.469920,0.691601,9.749828,0.140644,0.057523,-0.055729
232991690.000,ZR,handheld,水平,right,recording,充电口朝左,3,-0.516728,0.672097,9.722879,0.151338,0.065349,-0.059024
232991700.000,ZR,handheld,水平,right,recording,充电口朝左,3,-0.502367,0.681650,9.785748,0.144145,0.061977,-0.056233
232991710.000,ZR,handheld,水平,right,recording,充电口朝左,3,-0.513630,0.750574,9.634734,0.135635,0.066926,-0.044850
232991720.000,ZR,handheld,水平,right,recording,充电口朝左,3,-0.513138,0.753180,9.785265,0.129714,0.067115,-0.035714
232991730.000,ZR,handheld,水平,right,recording,充电口朝左,3,-0.538379,0.758510,9.714157,0.127532,0.065940,-0.029165
232991740.000,ZR,handheld,水平,right,recording,充电口朝左,3,-0.541659,0.747653,9.785389,0.122128,0.047735,-0.024766
232991750.000,ZR,handheld,水平,right,recording,充电口朝左,3,-0.562633,0.751385,9.637633,0.116374,0.057307,-0.025625
232991760.000,ZR,handheld,水平,right,recording,充电口朝左,3,-0.536747,0.822920,9.848020,0.127601,0.062474,-0.031231
232991770.000,ZR,handheld,水平,right,recording,充电口朝左,3,-0.575017,0.728920,9.757181,0.132029,0.060688,-0.041186
232991780.000,ZR,handheld,水平,right,recording,充电口朝左,3,-0.572311,0.784873,9.813632,0.148490,0.082217,-0.049784
232991790.000,ZR,handheld,水平,right,recording,充电口朝左,3,-0.611380,0.740199,9.823903,0.149164,0.074059,-0.052910
232991800.000,ZR,handheld,水平,right,recording,充电口朝左,3,-0.601747,0.824261,9.700336,0.152472,0.088419,-0.048824
232991810.000,ZR,handheld,水平,right,recording,充电口朝左,3,-0.611336,0.837124,9.744893,0.144457,0.079402,-0.043234
232991820.000,ZR,handheld,水平,right,recording,充电口朝左,3,-0.658161,0.912603,9.622821,0.134024,0.088390,-0.034810
232991830.000,ZR,handheld,水平,right,recording,充电口朝左,3,-0.659086,0.893540,9.733118,0.122794,0.069410,-0.034083
232991840.000,ZR,handheld,水平,right,recording,充电口朝左,3,-0.668166,0.858402,9.584057,0.102831,0.047456,-0.036948
232991850.000,ZR,handheld,水平,right,recording,充电口朝左,3,-0.655863,0.916266,9.700394,0.089332,0.044631,-0.040545
232991860.000,ZR,handheld,水平,right,recording,充电口朝左,3,-0.624845,0.891276,9.643824,0.072789,0.034002,-0.039447
232991870.000,ZR,handheld,水平,right,recording,充电口朝左,3,-0.653285,0.878828,9.686780,0.055793,0.020654,-0.032013
232991880.000,ZR,handheld,水平,right,recording,充电口朝左,3,-0.579427,0.921853,9.721705,0.050026,0.030835,-0.024949
232991890.000,ZR,handheld,水平,right,recording,充电口朝左,3,-0.610156,0.854318,9.792273,0.040314,0.018651,-0.020340
232991900.000,ZR,handheld,水平,right,recording,充电口朝左,3,-0.582696,0.865949,9.677852,0.024994,0.021583,-0.014763
232991910.000,ZR,handheld,水平,right,recording,充电口朝左,3,-0.624080,0.914936,9.730178,0.007565,0.014671,-0.007650
232991920.000,ZR,handheld,水平,right,recording,充电口朝左,3,-0.623918,0.907044,9.628454,-0.005456,-0.004143,0.003174
232991930.000,ZR,handheld,水平,right,recording,充电口朝左,3,-0.644458,0.923720,9.685742,-0.010873,-0.010062,0.008459
232991940.000,ZR,handheld,水平,right,recording,充电口朝左,3,-0.660672,0.906069,9.727212,-0.008564,-0.002104,0.010249
232991950.000,ZR,handheld,水平,right,recording,充电口朝左,3,-0.678999,0.904082,9.718123,0.001313,0.001553,0.010407
232991960.000,ZR,handheld,水平,right,recording,充电口朝左,3,-0.678845,0.923172,9.719863,0.012869,-0.000430,0.006614
232991970.000,ZR,handheld,水平,right,recording,充电口朝左,3,-0.646741,0.962086,9.698414,0.025628,0.000244,0.001856
232991980.000,ZR,handheld,水平,right,recording,充电口朝左,3,-0.688919,0.942154,9.717224,0.038087,0.006672,-0.009506
232991990.000,ZR,handheld,水平,right,recording,充电口朝左,3,-0.682194,0.952327,9.739691,0.044224,0.006690,-0.018938
232992000.000,ZR,handheld,水平,right,recording,充电口朝左,3,-0.678029,0.956249,9.720622,0.044024,-0.000311,-0.024859
232992010.000,ZR,handheld,水平,right,recording,充电口朝左,3,-0.666157,1.007195,9.725022,0.032794,0.004777,-0.024647
232992020.000,ZR,handheld,水平,right,recording,充电口朝左,3,-0.677182,0.989745,9.730957,0.020732,0.017957,-0.018713
232992030.000,ZR,handheld,水平,right,recording,充电口朝左,3,-0.651171,0.990247,9.754225,0.007122,0.021765,-0.012864
232992040.000,ZR,handheld,水平,right,recording,充电口朝左,3,-0.646089,0.981784,9.708492,-0.004321,0.017896,-0.004653
232992050.000,ZR,handheld,水平,right,recording,充电口朝左,3,-0.652075,0.993111,9.704701,-0.014897,0.010997,-0.001511
232992060.000,ZR,handheld,水平,right,recording,充电口朝左,3,-0.676697,0.943459,9.711087,-0.021402,0.008474,-0.002904
232992070.000,ZR,handheld,水平,right,recording,充电口朝左,3,-0.664916,0.930224,9.681921,-0.025869,0.001687,-0.007602
232992080.000,ZR,handheld,水平,right,recording,充电口朝左,3,-0.679874,0.943565,9.657462,-0.023360,-0.012957,-0.015746
232992090.000,ZR,handheld,水平,right,recording,充电口朝左,3,-0.675489,0.935478,9.699169,-0.013997,-0.009598,-0.022751
232992100.000,ZR,handheld,水平,right,recording,充电口朝左,3,-0.692745,0.897992,9.746550,0.002174,0.006378,-0.027158
232992110.000,ZR,handheld,水平,right,recording,充电口朝左,3,-0.681126,0.885300,9.738800,0.015174,0.009944,-0.027459
232992120.000,ZR,handheld,水平,right,recording,充电口朝左,3,-0.685152,0.894187,9.706252,0.022742,0.010932,-0.024606
232992130.000,ZR,handheld,水平,right,recording,充电口朝左,3,-0.662460,0.875675,9.682513,0.019878,0.007270,-0.019340
232992140.000,ZR,handheld,水平,right,recording,充电口朝左,3,-0.661846,0.897174,9.675559,0.014339,0.011464,-0.014383
232992150.000,ZR,handheld,水平,right,recording,充电口朝左,3,-0.637059,0.909661,9.654101,0.002477,0.008211,-0.008456
232992160.000,ZR,handheld,水平,right,recording,充电口朝左,3,-0.657586,0.916425,9.645050,-0.005304,-0.002943,-0.003439
232992170.000,ZR,handheld,水平,right,recording,充电口朝左,3,-0.635787,0.911248,9.721647,-0.005532,-0.004785,-0.002518
232992180.000,ZR,handheld,水平,right,recording,充电口朝左,3,-0.659901,0.908206,9.744074,-0.003259,-0.001178,-0.002689
232992190.000,ZR,handheld,水平,right,recording,充电口朝左,3,-0.657911,0.901017,9.732386,-0.003903,-0.000142,-0.003514
232992200.000,ZR,handheld,水平,right,recording,充电口朝左,3,-0.669528,0.906778,9.711094,-0.006923,-0.007409,-0.004316
232992210.000,ZR,handheld,水平,right,recording,充电口朝左,3,-0.652134,0.905776,9.711406,-0.010134,-0.004677,-0.003888
232992220.000,ZR,handheld,水平,right,recording,充电口朝左,3,-0.666716,0.926493,9.734135,-0.007571,-0.000157,0.003124
232992230.000,ZR,handheld,水平,right,recording,充电口朝左,3,-0.671430,0.903349,9.731287,-0.003922,0.004719,0.010111
232992240.000,ZR,handheld,水平,right,recording,充电口朝左,3,-0.677842,0.921702,9.722337,0.001816,-0.001453,0.013279
232992250.000,ZR,handheld,水平,right,recording,充电口朝左,3,-0.677000,0.918421,9.731222,0.003385,-0.003576,0.010131
232992260.000,ZR,handheld,水平,right,recording,充电口朝左,3,-0.679886,0.929052,9.737025,0.001443,0.002198,0.006578
232992270.000,ZR,handheld,水平,right,recording,充电口朝左,3,-0.678665,0.941623,9.742404,-0.003609,0.006657,0.001562
232992280.000,ZR,handheld,水平,right,recording,充电口朝左,3,-0.667082,0.975438,9.701430,-0.009708,-0.002121,-0.001594
232992290.000,ZR,handheld,水平,right,recording,充电口朝左,3,-0.669723,0.978913,9.695877,-0.013125,-0.017739,-0.005724
232992300.000,ZR,handheld,水平,right,recording,充电口朝左,3,-0.670116,0.943080,9.722582,-0.014945,-0.013180,-0.007946
232992310.000,ZR,handheld,水平,right,recording,充电口朝左,3,-0.686295,0.958421,9.749586,-0.011269,-0.005321,-0.005298
232992320.000,ZR,handheld,水平,right,recording,充电口朝左,3,-0.708081,0.966736,9.730734,-0.008708,-0.003287,-0.001693
232992330.000,ZR,handheld,水平,right,recording,充电口朝左,3,-0.698906,0.960285,9.722835,-0.004155,-0.005880,0.000711
232992340.000,ZR,handheld,水平,right,recording,充电口朝左,3,-0.706980,0.921817,9.711340,0.000369,0.001388,-0.001913
232992350.000,ZR,handheld,水平,right,recording,充电口朝左,3,-0.670157,0.926303,9.717547,0.007312,0.008417,-0.007291
232992360.000,ZR,handheld,水平,right,recording,充电口朝左,3,-0.684150,0.914636,9.727164,0.015185,0.014983,-0.011370
232992370.000,ZR,handheld,水平,right,recording,充电口朝左,3,-0.683787,0.917125,9.714148,0.018637,0.013874,-0.012824
232992380.000,ZR,handheld,水平,right,recording,充电口朝左,3,-0.662423,0.907658,9.699964,0.017101,0.001753,-0.010924
232992390.000,ZR,handheld,水平,right,recording,充电口朝左,3,-0.635277,0.952060,9.727111,0.010202,0.000562,-0.007817
232992400.000,ZR,handheld,水平,right,recording,充电口朝左,3,-0.614876,0.943788,9.752679,0.000662,-0.004786,-0.002975
232992410.000,ZR,handheld,水平,right,recording,充电口朝左,3,-0.620673,0.954971,9.740677,-0.013975,-0.000434,0.001628
232992420.000,ZR,handheld,水平,right,recording,充电口朝左,3,-0.626400,0.940853,9.719469,-0.021726,0.002681,0.004665
232992430.000,ZR,handheld,水平,right,recording,充电口朝左,3,-0.651286,0.927414,9.741207,-0.020176,0.002105,0.008831
232992440.000,ZR,handheld,水平,right,recording,充电口朝左,3,-0.650811,0.914513,9.772089,-0.009142,0.007925,0.009158
232992450.000,ZR,handheld,水平,right,recording,充电口朝左,3,-0.637213,0.928596,9.785904,0.005965,0.018948,0.004514
232992460.000,ZR,handheld,水平,right,recording,充电口朝左,3,-0.655308,0.908659,9.779594,0.019894,0.022353,-0.000973
232992470.000,ZR,handheld,水平,right,recording,充电口朝左,3,-0.624087,0.930382,9.692001,0.020136,0.014559,-0.005664
232992480.000,ZR,handheld,水平,right,recording,充电口朝左,3,-0.635681,0.966364,9.689299,0.009980,0.007237,-0.008926
232992490.000,ZR,handheld,水平,right,recording,充电口朝左,3,-0.666605,0.989548,9.646909,-0.000674,-0.000807,-0.007164
232992500.000,ZR,handheld,水平,right,recording,充电口朝左,3,-0.663362,0.983800,9.730019,-0.005039,-0.000829,-0.002880
232992510.000,ZR,handheld,水平,right,recording,充电口朝左,3,-0.660442,0.979086,9.730424,-0.005934,0.003504,-0.001357
232992520.000,ZR,handheld,水平,right,recording,充电口朝左,3,-0.671816,0.961070,9.762698,-0.002004,0.020913,0.001665
232992530.000,ZR,handheld,水平,right,recording,充电口朝左,3,-0.702691,0.975311,9.742988,-0.001134,0.037082,0.001535
232992540.000,ZR,handheld,水平,right,recording,充电口朝左,3,-0.703193,0.963151,9.672015,-0.002774,0.044644,-0.001371
232992550.000,ZR,handheld,水平,right,recording,充电口朝左,3,-0.725450,0.933322,9.618947,-0.008978,0.038306,-0.005535
232992560.000,ZR,handheld,水平,right,recording,充电口朝左,3,-0.707022,0.910104,9.611612,-0.014931,0.023698,-0.010208
232992570.000,ZR,handheld,水平,right,recording,充电口朝左,3,-0.687892,0.919017,9.587404,-0.021654,0.006027,-0.011791
232992580.000,ZR,handheld,水平,right,recording,充电口朝左,3,-0.672726,0.932707,9.632384,-0.020831,-0.002292,-0.008353
232992590.000,ZR,handheld,水平,right,recording,充电口朝左,3,-0.651196,0.896703,9.745633,-0.014318,0.011187,-0.004456
232992600.000,ZR,handheld,水平,right,recording,充电口朝左,3,-0.642932,0.895824,9.776240,-0.007053,0.027672,-0.003309
232992610.000,ZR,handheld,水平,right,recording,充电口朝左,3,-0.644141,0.874546,9.715588,-0.009426,0.033309,-0.004168
232992620.000,ZR,handheld,水平,right,recording,充电口朝左,3,-0.650856,0.869492,9.636851,-0.018776,0.035448,-0.005930
232992630.000,ZR,handheld,水平,right,recording,充电口朝左,3,-0.655158,0.879459,9.584648,-0.027372,0.017414,-0.011291
232992640.000,ZR,handheld,水平,right,recording,充电口朝左,3,-0.666688,0.864418,9.585800,-0.032011,-0.001813,-0.013796
232992650.000,ZR,handheld,水平,right,recording,充电口朝左,3,-0.655039,0.882765,9.632725,-0.032525,-0.005452,-0.012583
232992660.000,ZR,handheld,水平,right,recording,充电口朝左,3,-0.699146,0.850669,9.734513,-0.019423,0.004309,-0.010062
232992670.000,ZR,handheld,水平,right,recording,充电口朝左,3,-0.669208,0.887286,9.782923,-0.007763,0.022308,-0.009668
232992680.000,ZR,handheld,水平,right,recording,充电口朝左,3,-0.653659,0.916108,9.770037,0.001891,0.035743,-0.009444
232992690.000,ZR,handheld,水平,right,recording,充电口朝左,3,-0.674429,0.925506,9.776117,0.008048,0.041911,-0.008147
232992700.000,ZR,handheld,水平,right,recording,充电口朝左,3,-0.718366,0.899373,9.760583,0.005014,0.048858,-0.006285
232992710.000,ZR,handheld,水平,right,recording,充电口朝左,3,-0.733942,0.935862,9.702486,-0.012686,0.043575,-0.006174
232992720.000,ZR,handheld,水平,right,recording,充电口朝左,3,-0.751471,0.927380,9.600922,-0.034474,0.024173,-0.007045
232992730.000,ZR,handheld,水平,right,recording,充电口朝左,3,-0.761801,0.921492,9.671174,-0.047214,0.015779,-0.004618
232992740.000,ZR,handheld,水平,right,recording,充电口朝左,3,-0.735074,0.879089,9.779264,-0.044602,0.012463,-0.000769
232992750.000,ZR,handheld,水平,right,recording,充电口朝左,3,-0.743305,0.910487,9.859560,-0.037744,0.028438,-0.000221
232992760.000,ZR,handheld,水平,right,recording,充电口朝左,3,-0.711681,0.906374,9.922572,-0.031556,0.059677,-0.000998
232992770.000,ZR,handheld,水平,right,recording,充电口朝左,3,-0.761973,0.879956,9.900795,-0.037978,0.086575,-0.005536
232992780.000,ZR,handheld,水平,right,recording,充电口朝左,3,-0.746230,0.932132,9.773195,-0.053473,0.096927,-0.006989
232992790.000,ZR,handheld,水平,right,recording,充电口朝左,3,-0.749848,0.979529,9.603169,-0.066227,0.052073,-0.002893
232992800.000,ZR,handheld,水平,right,recording,充电口朝左,3,-0.783067,0.973576,9.649239,-0.060488,0.018088,0.007443
232992810.000,ZR,handheld,水平,right,recording,充电口朝左,3,-0.793013,0.891376,9.829729,-0.034815,0.048607,0.011635
232992820.000,ZR,handheld,水平,right,recording,充电口朝左,3,-0.774380,0.837177,9.919909,-0.003920,0.092646,0.008697
232992830.000,ZR,handheld,水平,right,recording,充电口朝左,3,-0.752591,0.878453,9.866301,0.021486,0.130925,-0.007146
232992840.000,ZR,handheld,水平,right,recording,充电口朝左,3,-0.776861,0.877660,9.937990,0.048807,0.183645,-0.023716
232992850.000,ZR,handheld,水平,right,recording,充电口朝左,3,-0.815453,0.784345,9.740757,0.045859,0.178162,-0.037420
232992860.000,ZR,handheld,水平,right,recording,充电口朝左,3,-0.811932,0.853678,9.602734,0.029239,0.151540,-0.038505
232992870.000,ZR,handheld,水平,right,recording,充电口朝左,3,-0.838489,0.857456,9.691020,-0.002991,0.141378,-0.037475
232992880.000,ZR,handheld,水平,right,recording,充电口朝左,3,-0.805442,0.837328,9.619169,-0.042604,0.138452,-0.032452
232992890.000,ZR,handheld,水平,right,recording,充电口朝左,3,-0.784469,0.905287,9.683925,-0.080848,0.142216,-0.025829
232992900.000,ZR,handheld,水平,right,recording,充电口朝左,3,-0.787291,0.915823,9.655733,-0.107918,0.123970,-0.011601
232992910.000,ZR,handheld,水平,right,recording,充电口朝左,3,-0.879735,0.804667,9.715102,-0.109392,0.134137,0.003372
232992920.000,ZR,handheld,水平,right,recording,充电口朝左,3,-0.843711,0.782614,9.839859,-0.091349,0.154568,0.015871
232992930.000,ZR,handheld,水平,right,recording,充电口朝左,3,-0.926411,0.812499,9.717640,-0.073027,0.155286,0.026484
232992940.000,ZR,handheld,水平,right,recording,充电口朝左,3,-0.918502,0.801079,9.659013,-0.048892,0.159624,0.024124
232992950.000,ZR,handheld,水平,right,recording,充电口朝左,3,-0.944477,0.790543,9.767354,-0.011349,0.179174,0.013086
232992960.000,ZR,handheld,水平,right,recording,充电口朝左,3,-1.029753,0.750383,9.724276,0.003614,0.185489,-0.001830
232992970.000,ZR,handheld,水平,right,recording,充电口朝左,3,-1.018553,0.823862,9.600261,0.002583,0.195606,-0.016967
232992980.000,ZR,handheld,水平,right,recording,充电口朝左,3,-1.049838,0.848463,9.624512,-0.001162,0.191579,-0.026046
232992990.000,ZR,handheld,水平,right,recording,充电口朝左,3,-1.065441,0.890358,9.618811,-0.016800,0.194820,-0.025683
232993000.000,ZR,handheld,水平,right,recording,充电口朝左,3,-1.091624,0.897918,9.572710,-0.024843,0.191298,-0.017657
232993010.000,ZR,handheld,水平,right,recording,充电口朝左,3,-1.056157,0.909133,9.615996,-0.021212,0.171090,-0.005027
232993020.000,ZR,handheld,水平,right,recording,充电口朝左,3,-1.114967,0.833708,9.603164,-0.015148,0.124957,0.003816
232993030.000,ZR,handheld,水平,right,recording,充电口朝左,3,-1.113892,0.834293,9.490564,-0.018825,0.103371,0.003668
232993040.000,ZR,handheld,水平,right,recording,充电口朝左,3,-1.121043,0.846546,9.543296,-0.020208,0.085440,-0.002504
232993050.000,ZR,handheld,水平,right,recording,充电口朝左,3,-1.112753,0.812175,9.622386,-0.021704,0.083360,-0.008554
232993060.000,ZR,handheld,水平,right,recording,充电口朝左,3,-1.138100,0.785272,9.689810,-0.022969,0.104856,-0.018716
232993070.000,ZR,handheld,水平,right,recording,充电口朝左,3,-1.136040,0.802500,9.671773,-0.029685,0.104529,-0.022546
232993080.000,ZR,handheld,水平,right,recording,充电口朝左,3,-1.150737,0.821544,9.597608,-0.036606,0.086174,-0.022144
232993090.000,ZR,handheld,水平,right,recording,充电口朝左,3,-1.139172,0.853574,9.572917,-0.040857,0.069756,-0.014825
232993100.000,ZR,handheld,水平,right,recording,充电口朝左,3,-1.125750,0.826213,9.598722,-0.036733,0.055994,-0.006471
232993110.000,ZR,handheld,水平,right,recording,充电口朝左,3,-1.145251,0.811389,9.678561,-0.020190,0.054207,0.004068
232993120.000,ZR,handheld,水平,right,recording,充电口朝左,3,-1.145350,0.772444,9.726595,-0.003738,0.072208,0.012305
232993130.000,ZR,handheld,水平,right,recording,充电口朝左,3,-1.184925,0.735868,9.749101,0.011397,0.093763,0.016884
232993140.000,ZR,handheld,水平,right,recording,充电口朝左,3,-1.163055,0.771702,9.660319,0.019484,0.097523,0.014003
232993150.000,ZR,handheld,水平,right,recording,充电口朝左,3,-1.181789,0.815896,9.636499,0.030344,0.094673,0.009530
232993160.000,ZR,handheld,水平,right,recording,充电口朝左,3,-1.221417,0.757209,9.629401,0.035958,0.071776,0.002269
232993170.000,ZR,handheld,水平,right,recording,充电口朝左,3,-1.205209,0.812166,9.597214,0.031712,0.045448,0.000916
232993180.000,ZR,handheld,水平,right,recording,充电口朝左,3,-1.239228,0.854474,9.654917,0.018180,0.052487,0.001259
232993190.000,ZR,handheld,水平,right,recording,充电口朝左,3,-1.217443,0.881816,9.707317,0.001192,0.073019,0.002818
232993200.000,ZR,handheld,水平,right,recording,充电口朝左,3,-1.263460,0.879902,9.720271,-0.018521,0.076334,-0.000116
232993210.000,ZR,handheld,水平,right,recording,充电口朝左,3,-1.244524,0.891715,9.614125,-0.037976,0.063981,-0.000917
232993220.000,ZR,handheld,水平,right,recording,充电口朝左,3,-1.274644,0.871315,9.644291,-0.046207,0.051839,0.000475
232993230.000,ZR,handheld,水平,right,recording,充电口朝左,3,-1.244899,0.847999,9.648776,-0.041207,0.048186,0.002671
232993240.000,ZR,handheld,水平,right,recording,充电口朝左,3,-1.281416,0.829933,9.704947,-0.025232,0.055111,0.003134
232993250.000,ZR,handheld,水平,right,recording,充电口朝左,3,-1.269977,0.810808,9.720346,-0.003816,0.062800,0.002285
232993260.000,ZR,handheld,水平,right,recording,充电口朝左,3,-1.305981,0.768254,9.732069,0.010913,0.069080,-0.000974
232993270.000,ZR,handheld,水平,right,recording,充电口朝左,3,-1.305121,0.761072,9.727748,0.016822,0.080434,-0.007901
232993280.000,ZR,handheld,水平,right,recording,充电口朝左,3,-1.298835,0.773080,9.623803,0.011813,0.086306,-0.013486
232993290.000,ZR,handheld,水平,right,recording,充电口朝左,3,-1.282217,0.805854,9.699463,0.018000,0.099940,-0.013885
232993300.000,ZR,handheld,水平,right,recording,充电口朝左,3,-1.337924,0.779572,9.659612,0.013829,0.085023,-0.013468
232993310.000,ZR,handheld,水平,right,recording,充电口朝左,3,-1.309985,0.793885,9.539862,0.012329,0.064353,-0.015097
232993320.000,ZR,handheld,水平,right,recording,充电口朝左,3,-1.311526,0.788820,9.615639,0.014224,0.036118,-0.012981
232993330.000,ZR,handheld,水平,right,recording,充电口朝左,3,-1.341144,0.727645,9.582195,0.012296,0.022218,-0.009422
232993340.000,ZR,handheld,水平,right,recording,充电口朝左,3,-1.311351,0.758826,9.647502,0.012579,0.038721,0.000095
232993350.000,ZR,handheld,水平,right,recording,充电口朝左,3,-1.339448,0.771666,9.689450,0.013365,0.055446,0.007351
232993360.000,ZR,handheld,水平,right,recording,充电口朝左,3,-1.320171,0.766931,9.632476,0.009700,0.054516,0.008521
232993370.000,ZR,handheld,水平,right,recording,充电口朝左,3,-1.301500,0.749185,9.603021,0.007498,0.037344,0.009699
232993380.000,ZR,handheld,水平,right,recording,充电口朝左,3,-1.320916,0.780338,9.625929,0.004045,0.033256,0.010105
232993390.000,ZR,handheld,水平,right,recording,充电口朝左,3,-1.310085,0.779339,9.662168,0.004431,0.043765,0.008850
232993400.000,ZR,handheld,水平,right,recording,充电口朝左,3,-1.330607,0.793307,9.699481,0.005825,0.054337,0.006448
232993410.000,ZR,handheld,水平,right,recording,充电口朝左,3,-1.306003,0.786592,9.653378,0.006023,0.053093,0.003722
232993420.000,ZR,handheld,水平,right,recording,充电口朝左,3,-1.324657,0.816861,9.623392,0.005918,0.052151,0.001862
232993430.000,ZR,handheld,水平,right,recording,充电口朝左,3,-1.301651,0.842959,9.701675,0.019665,0.056097,0.001372
232993440.000,ZR,handheld,水平,right,recording,充电口朝左,3,-1.333207,0.784146,9.707967,0.027363,0.041075,0.004408
232993450.000,ZR,handheld,水平,right,recording,充电口朝左,3,-1.346427,0.842628,9.610005,0.023406,0.037185,0.009002
232993460.000,ZR,handheld,水平,right,recording,充电口朝左,3,-1.346906,0.869934,9.681171,0.015925,0.036433,0.011118
232993470.000,ZR,handheld,水平,right,recording,充电口朝左,3,-1.367184,0.863946,9.656706,0.002432,0.035916,0.013331
232993480.000,ZR,handheld,水平,right,recording,充电口朝左,3,-1.374783,0.877451,9.638028,-0.009989,0.022843,0.012316
232993490.000,ZR,handheld,水平,right,recording,充电口朝左,3,-1.381762,0.863573,9.602953,-0.020661,0.020523,0.009822
232993500.000,ZR,handheld,水平,right,recording,充电口朝左,3,-1.343994,0.867432,9.657458,-0.020141,0.027931,0.009356
232993510.000,ZR,handheld,水平,right,recording,充电口朝左,3,-1.384630,0.871122,9.677782,-0.017131,0.034256,0.007782
232993520.000,ZR,handheld,水平,right,recording,充电口朝左,3,-1.366325,0.882465,9.635492,-0.008089,0.028650,0.004091
232993530.000,ZR,handheld,水平,right,recording,充电口朝左,3,-1.378899,0.884931,9.662355,-0.001248,0.024397,-0.001365
232993540.000,ZR,handheld,水平,right,recording,充电口朝左,3,-1.377072,0.877218,9.631276,0.002616,0.028154,-0.001536
232993550.000,ZR,handheld,水平,right,recording,充电口朝左,3,-1.416467,0.861113,9.631457,0.002849,0.035408,-0.000272
232993560.000,ZR,handheld,水平,right,recording,充电口朝左,3,-1.421421,0.865502,9.606172,0.002300,0.038665,0.001294
232993570.000,ZR,handheld,水平,right,recording,充电口朝左,3,-1.440764,0.871077,9.559309,-0.000702,0.030191,0.002456
232993580.000,ZR,handheld,水平,right,recording,充电口朝左,3,-1.423753,0.843592,9.522686,-0.001460,0.021379,0.000248
232993590.000,ZR,handheld,水平,right,recording,充电口朝左,3,-1.418509,0.811607,9.552973,0.001229,0.020953,-0.003513
232993600.000,ZR,handheld,水平,right,recording,充电口朝左,3,-1.409420,0.833303,9.536354,0.006892,0.025188,-0.006088
232993610.000,ZR,handheld,水平,right,recording,充电口朝左,3,-1.397921,0.831734,9.543396,0.013524,0.027555,-0.007551
232993620.000,ZR,handheld,水平,right,recording,充电口朝左,3,-1.407996,0.804614,9.544382,0.022472,0.027102,-0.011550
232993630.000,ZR,handheld,水平,right,recording,充电口朝左,3,-1.423491,0.795816,9.543538,0.028866,0.010526,-0.013597
232993640.000,ZR,handheld,水平,right,recording,充电口朝左,3,-1.414105,0.796505,9.555272,0.031107,-0.000980,-0.017391
232993650.000,ZR,handheld,水平,right,recording,充电口朝左,3,-1.369211,0.811016,9.606266,0.025103,-0.005648,-0.018812
232993660.000,ZR,handheld,水平,right,recording,充电口朝左,3,-1.361516,0.800210,9.668057,0.020204,0.004448,-0.017551
232993670.000,ZR,handheld,水平,right,recording,充电口朝左,3,-1.340876,0.824875,9.691435,0.015628,0.016180,-0.010902
232993680.000,ZR,handheld,水平,right,recording,充电口朝左,3,-1.369384,0.807529,9.665587,0.011034,0.019586,0.002321
232993690.000,ZR,handheld,水平,right,recording,充电口朝左,3,-1.351089,0.833223,9.658612,0.007393,0.017283,0.012301
232993700.000,ZR,handheld,水平,right,recording,充电口朝左,3,-1.402635,0.846656,9.624145,0.008425,0.003975,0.021055
232993710.000,ZR,handheld,水平,right,recording,充电口朝左,3,-1.410037,0.839222,9.659718,0.008065,0.004066,0.017970
232993720.000,ZR,handheld,水平,right,recording,充电口朝左,3,-1.432118,0.864554,9.626767,0.006309,-0.001311,0.011191
232993730.000,ZR,handheld,水平,right,recording,充电口朝左,3,-1.451850,0.835102,9.663123,0.003264,-0.005763,0.003019
232993740.000,ZR,handheld,水平,right,recording,充电口朝左,3,-1.463216,0.830047,9.667898,-0.000227,0.004368,-0.005202
232993750.000,ZR,handheld,水平,right,recording,充电口朝左,3,-1.454412,0.843845,9.640441,-0.004305,-0.001316,-0.003593
232993760.000,ZR,handheld,水平,right,recording,充电口朝左,3,-1.476860,0.848188,9.630892,-0.007026,-0.001116,-0.000518
232993770.000,ZR,handheld,水平,right,recording,充电口朝左,3,-1.457939,0.868788,9.656551,-0.007002,0.001866,0.006626
232993780.000,ZR,handheld,水平,right,recording,充电口朝左,3,-1.480370,0.879429,9.660712,-0.006226,0.002342,0.009520
232993790.000,ZR,handheld,水平,right,recording,充电口朝左,3,-1.442003,0.865771,9.645668,-0.006168,0.013104,0.005514
232993800.000,ZR,handheld,水平,right,recording,充电口朝左,3,-1.447390,0.864330,9.654407,-0.006666,0.017568,-0.001714
232993810.000,ZR,handheld,水平,right,recording,充电口朝左,3,-1.419632,0.860693,9.621089,-0.004825,0.013883,-0.012846
232993820.000,ZR,handheld,水平,right,recording,充电口朝左,3,-1.421476,0.877037,9.642120,-0.004959,0.015913,-0.023739
232993830.000,ZR,handheld,水平,right,recording,充电口朝左,3,-1.419833,0.822275,9.595300,-0.007741,0.023423,-0.027915
232993840.000,ZR,handheld,水平,right,recording,充电口朝左,3,-1.418158,0.795083,9.621041,-0.006501,0.018900,-0.024582
232993850.000,ZR,handheld,水平,right,recording,充电口朝左,3,-1.418796,0.804679,9.572206,-0.006821,-0.001354,-0.013448
232993860.000,ZR,handheld,水平,right,recording,充电口朝左,3,-1.388093,0.813256,9.552754,-0.008954,-0.013837,-0.002453
232993870.000,ZR,handheld,水平,right,recording,充电口朝左,3,-1.370868,0.817017,9.604729,-0.007379,-0.008034,0.004364
232993880.000,ZR,handheld,水平,right,recording,充电口朝左,3,-1.360153,0.828458,9.617200,-0.005591,0.004218,0.004806
232993890.000,ZR,handheld,水平,right,recording,充电口朝左,3,-1.370489,0.816040,9.632747,-0.004085,0.005867,0.003609
232993900.000,ZR,handheld,水平,right,recording,充电口朝左,3,-1.389927,0.827891,9.587368,-0.003782,0.003688,0.002165
232993910.000,ZR,handheld,水平,right,recording,充电口朝左,3,-1.398600,0.839376,9.562601,-0.003140,0.008384,0.003325
232993920.000,ZR,handheld,水平,right,recording,充电口朝左,3,-1.424270,0.832934,9.570337,0.001307,0.009848,0.006488
232993930.000,ZR,handheld,水平,right,recording,充电口朝左,3,-1.432169,0.838282,9.589461,0.008061,0.007865,0.010378
232993940.000,ZR,handheld,水平,right,recording,充电口朝左,3,-1.449312,0.830663,9.573106,0.012336,0.000663,0.014585
232993950.000,ZR,handheld,水平,right,recording,充电口朝左,3,-1.467648,0.866905,9.578870,0.016632,-0.000641,0.013789
232993960.000,ZR,handheld,水平,right,recording,充电口朝左,3,-1.434744,0.871893,9.611085,0.019051,0.006361,0.007339
232993970.000,ZR,handheld,水平,right,recording,充电口朝左,3,-1.465381,0.887120,9.614981,0.017243,0.006977,-0.001979
232993980.000,ZR,handheld,水平,right,recording,充电口朝左,3,-1.474297,0.892282,9.623259,0.015939,0.006321,-0.014309
232993990.000,ZR,handheld,水平,right,recording,充电口朝左,3,-1.458891,0.905710,9.621390,0.011980,0.008318,-0.019887
232994000.000,ZR,handheld,水平,right,recording,充电口朝左,3,-1.457615,0.926411,9.624007,0.008583,0.002619,-0.020138
232994010.000,ZR,handheld,水平,right,recording,充电口朝左,3,-1.465943,0.903638,9.623911,0.000938,-0.006289,-0.018634
232994020.000,ZR,handheld,水平,right,recording,充电口朝左,3,-1.452865,0.876759,9.590366,-0.016211,-0.011692,-0.016662
232994030.000,ZR,handheld,水平,right,recording,充电口朝左,3,-1.438820,0.854037,9.553328,-0.029832,-0.019533,-0.012713
232994040.000,ZR,handheld,水平,right,recording,充电口朝左,3,-1.432789,0.835910,9.603975,-0.035394,-0.017865,-0.010786
232994050.000,ZR,handheld,水平,right,recording,充电口朝左,3,-1.429490,0.788837,9.654147,-0.030264,-0.011037,-0.010408
232994060.000,ZR,handheld,水平,right,recording,充电口朝左,3,-1.417802,0.780324,9.721894,-0.014759,0.000283,-0.009073
232994070.000,ZR,handheld,水平,right,recording,充电口朝左,3,-1.437725,0.763140,9.700595,-0.002696,0.010623,-0.010939
232994080.000,ZR,handheld,水平,right,recording,充电口朝左,3,-1.436414,0.767111,9.658021,0.007768,0.007418,-0.015154
232994090.000,ZR,handheld,水平,right,recording,充电口朝左,3,-1.446752,0.762552,9.625876,0.009166,0.002996,-0.017322
232994100.000,ZR,handheld,水平,right,recording,充电口朝左,3,-1.436347,0.785128,9.594752,0.006122,-0.000173,-0.018532
232994110.000,ZR,handheld,水平,right,recording,充电口朝左,3,-1.464202,0.801324,9.593947,0.000254,0.000102,-0.010300
232994120.000,ZR,handheld,水平,right,recording,充电口朝左,3,-1.422242,0.803529,9.602142,-0.005332,0.001693,-0.004395
232994130.000,ZR,handheld,水平,right,recording,充电口朝左,3,-1.422201,0.798067,9.612336,-0.011980,-0.001144,0.003683
232994140.000,ZR,handheld,水平,right,recording,充电口朝左,3,-1.413421,0.825869,9.589341,-0.015828,-0.005448,0.006465
232994150.000,ZR,handheld,水平,right,recording,充电口朝左,3,-1.393988,0.816106,9.631880,-0.015487,-0.002769,0.004169
232994160.000,ZR,handheld,水平,right,recording,充电口朝左,3,-1.405290,0.803804,9.695559,-0.007608,0.012448,0.000066
232994170.000,ZR,handheld,水平,right,recording,充电口朝左,3,-1.396405,0.814513,9.706004,0.002862,0.021319,-0.005303
232994180.000,ZR,handheld,水平,right,recording,充电口朝左,3,-1.419687,0.840203,9.677995,0.012871,0.015098,-0.007577
232994190.000,ZR,handheld,水平,right,recording,充电口朝左,3,-1.417506,0.841508,9.639875,0.017133,0.007808,-0.005928
232994200.000,ZR,handheld,水平,right,recording,充电口朝左,3,-1.431190,0.854173,9.612686,0.013918,-0.003684,-0.000473
232994210.000,ZR,handheld,水平,right,recording,充电口朝左,3,-1.443016,0.841836,9.607886,0.004634,0.001801,0.004408
232994220.000,ZR,handheld,水平,right,recording,充电口朝左,3,-1.446522,0.827333,9.587937,-0.004381,0.004510,0.008382
232994230.000,ZR,handheld,水平,right,recording,充电口朝左,3,-1.452618,0.858003,9.579784,-0.010123,-0.009773,0.009829
232994240.000,ZR,handheld,水平,right,recording,充电口朝左,3,-1.456180,0.874613,9.619577,-0.012576,-0.012712,0.007481
232994250.000,ZR,handheld,水平,right,recording,充电口朝左,3,-1.471548,0.892317,9.633915,-0.014237,-0.005245,0.001223
232994260.000,ZR,handheld,水平,right,recording,充电口朝左,3,-1.456232,0.890312,9.659754,-0.012716,-0.002266,-0.008465
232994270.000,ZR,handheld,水平,right,recording,充电口朝左,3,-1.469771,0.901548,9.653353,-0.008373,0.001493,-0.020452
232994280.000,ZR,handheld,水平,right,recording,充电口朝左,3,-1.457200,0.897101,9.653528,-0.000509,0.006390,-0.022737
232994290.000,ZR,handheld,水平,right,recording,充电口朝左,3,-1.478074,0.851655,9.662275,0.003314,0.004768,-0.018636
232994300.000,ZR,handheld,水平,right,recording,充电口朝左,3,-1.468900,0.852778,9.587993,0.002694,0.000378,-0.010686
232994310.000,ZR,handheld,水平,right,recording,充电口朝左,3,-1.476821,0.834168,9.585014,0.002144,-0.003709,-0.000540
232994320.000,ZR,handheld,水平,right,recording,充电口朝左,3,-1.449113,0.795373,9.598210,0.003518,-0.007102,0.001774
232994330.000,ZR,handheld,水平,right,recording,充电口朝左,3,-1.407044,0.794696,9.623817,0.007976,-0.004675,0.001432
232994340.000,ZR,handheld,水平,right,recording,充电口朝左,3,-1.411091,0.790865,9.635841,0.012149,-0.009224,0.001037
232994350.000,ZR,handheld,水平,right,recording,充电口朝左,3,-1.421997,0.807520,9.651736,0.014524,-0.013382,-0.002705
232994360.000,ZR,handheld,水平,right,recording,充电口朝左,3,-1.368152,0.830809,9.630471,0.012675,-0.017157,-0.007189
232994370.000,ZR,handheld,水平,right,recording,充电口朝左,3,-1.396410,0.828405,9.638924,0.010155,-0.018088,-0.007972
232994380.000,ZR,handheld,水平,right,recording,充电口朝左,3,-1.378394,0.841288,9.678247,0.013017,-0.018320,-0.005221
232994390.000,ZR,handheld,水平,right,recording,充电口朝左,3,-1.427835,0.829536,9.680552,0.017121,-0.024171,-0.001080
232994400.000,ZR,handheld,水平,right,recording,充电口朝左,3,-1.412932,0.826226,9.661109,0.022577,-0.034421,0.000948
232994410.000,ZR,handheld,水平,right,recording,充电口朝左,3,-1.409293,0.846198,9.688025,0.024651,-0.040820,0.004847
232994420.000,ZR,handheld,水平,right,recording,充电口朝左,3,-1.431680,0.859239,9.656220,0.024770,-0.036737,0.007703
232994430.000,ZR,handheld,水平,right,recording,充电口朝左,3,-1.403722,0.885566,9.643975,0.030345,-0.047676,0.008864
232994440.000,ZR,handheld,水平,right,recording,充电口朝左,3,-1.419055,0.877366,9.660486,0.036711,-0.059193,0.010278
232994450.000,ZR,handheld,水平,right,recording,充电口朝左,3,-1.397352,0.888747,9.673751,0.040739,-0.064934,0.005856
232994460.000,ZR,handheld,水平,right,recording,充电口朝左,3,-1.412521,0.895202,9.676979,0.040912,-0.059699,-0.000621
232994470.000,ZR,handheld,水平,right,recording,充电口朝左,3,-1.376892,0.894461,9.724130,0.044055,-0.041456,-0.009848
232994480.000,ZR,handheld,水平,right,recording,充电口朝左,3,-1.367379,0.881072,9.748854,0.046525,-0.036608,-0.010632
232994490.000,ZR,handheld,水平,right,recording,充电口朝左,3,-1.413632,0.885440,9.637865,0.043683,-0.042800,-0.005061
232994500.000,ZR,handheld,水平,right,recording,充电口朝左,3,-1.373261,0.902609,9.680642,0.045413,-0.029604,0.005497
232994510.000,ZR,handheld,水平,right,recording,充电口朝左,3,-1.351660,0.918154,9.649825,0.051509,-0.028490,0.011439
232994520.000,ZR,handheld,水平,right,recording,充电口朝左,3,-1.344634,0.882229,9.677250,0.060418,-0.048553,0.014863
232994530.000,ZR,handheld,水平,right,recording,充电口朝左,3,-1.358012,0.856719,9.574138,0.061332,-0.064697,0.011877
232994540.000,ZR,handheld,水平,right,recording,充电口朝左,3,-1.353172,0.869061,9.532804,0.054785,-0.080197,0.009717
232994550.000,ZR,handheld,水平,right,recording,充电口朝左,3,-1.356302,0.910049,9.466747,0.054810,-0.108790,0.012645
232994560.000,ZR,handheld,水平,right,recording,充电口朝左,3,-1.362434,0.869809,9.609768,0.068172,-0.118708,0.019852
232994570.000,ZR,handheld,水平,right,recording,充电口朝左,3,-1.321757,0.868181,9.665245,0.079374,-0.081283,0.023982
232994580.000,ZR,handheld,水平,right,recording,充电口朝左,3,-1.338164,0.880670,9.680566,0.086889,-0.031249,0.019754
232994590.000,ZR,handheld,水平,right,recording,充电口朝左,3,-1.321646,0.857423,9.635268,0.083407,-0.018493,0.010005
232994600.000,ZR,handheld,水平,right,recording,充电口朝左,3,-1.342897,0.871944,9.497017,0.066551,-0.040327,0.003655
232994610.000,ZR,handheld,水平,right,recording,充电口朝左,3,-1.318063,0.917713,9.463231,0.048688,-0.066841,-0.000119
232994620.000,ZR,handheld,水平,right,recording,充电口朝左,3,-1.325778,0.926232,9.468230,0.033467,-0.100156,0.006255
232994630.000,ZR,handheld,水平,right,recording,充电口朝左,3,-1.299536,0.942853,9.514979,0.026401,-0.114134,0.013801
232994640.000,ZR,handheld,水平,right,recording,充电口朝左,3,-1.271754,0.962725,9.586355,0.021693,-0.104424,0.017082
232994650.000,ZR,handheld,水平,right,recording,充电口朝左,3,-1.275986,0.984604,9.578546,0.022464,-0.116097,0.014820
232994660.000,ZR,handheld,水平,right,recording,充电口朝左,3,-1.262903,0.986818,9.591444,0.027580,-0.120940,0.011603
232994670.000,ZR,handheld,水平,right,recording,充电口朝左,3,-1.262683,1.009616,9.680100,0.037984,-0.102167,0.009786
232994680.000,ZR,handheld,水平,right,recording,充电口朝左,3,-1.269431,0.999196,9.678931,0.044363,-0.081519,0.007474
232994690.000,ZR,handheld,水平,right,recording,充电口朝左,3,-1.259647,1.028160,9.667781,0.044375,-0.069320,0.002533
232994700.000,ZR,handheld,水平,right,recording,充电口朝左,3,-1.265271,1.017922,9.648463,0.036064,-0.059250,-0.005534
232994710.000,ZR,handheld,水平,right,recording,充电口朝左,3,-1.250766,0.976922,9.594647,0.023311,-0.061340,-0.011946
232994720.000,ZR,handheld,水平,right,recording,充电口朝左,3,-1.246368,1.001568,9.543931,0.005866,-0.085134,-0.012197
232994730.000,ZR,handheld,水平,right,recording,充电口朝左,3,-1.264250,1.017295,9.550844,-0.006435,-0.104657,-0.008473
232994740.000,ZR,handheld,水平,right,recording,充电口朝左,3,-1.224166,1.017837,9.561651,-0.016008,-0.118294,-0.002408
232994750.000,ZR,handheld,水平,right,recording,充电口朝左,3,-1.219979,1.022781,9.676203,-0.016835,-0.114632,0.001155
232994760.000,ZR,handheld,水平,right,recording,充电口朝左,3,-1.199850,0.993299,9.652420,-0.021852,-0.108345,-0.000718
232994770.000,ZR,handheld,水平,right,recording,充电口朝左,3,-1.177532,1.015915,9.678210,-0.020803,-0.094169,-0.005094
232994780.000,ZR,handheld,水平,right,recording,充电口朝左,3,-1.149315,0.983641,9.710684,-0.015765,-0.076822,-0.012642
232994790.000,ZR,handheld,水平,right,recording,充电口朝左,3,-1.137016,0.968532,9.709323,-0.004279,-0.063376,-0.014037
232994800.000,ZR,handheld,水平,right,recording,充电口朝左,3,-1.130148,0.985145,9.714141,0.002953,-0.061774,-0.015725
232994810.000,ZR,handheld,水平,right,recording,充电口朝左,3,-1.127099,0.967142,9.640250,0.000238,-0.069065,-0.015956
232994820.000,ZR,handheld,水平,right,recording,充电口朝左,3,-1.122115,0.942876,9.612394,-0.009024,-0.084741,-0.017461
232994830.000,ZR,handheld,水平,right,recording,充电口朝左,3,-1.107627,0.949161,9.585124,-0.024185,-0.102010,-0.014701
232994840.000,ZR,handheld,水平,right,recording,充电口朝左,3,-1.096593,0.954286,9.576222,-0.037357,-0.120964,-0.008672
232994850.000,ZR,handheld,水平,right,recording,充电口朝左,3,-1.117116,0.951996,9.602100,-0.052122,-0.139013,-0.001287
232994860.000,ZR,handheld,水平,right,recording,充电口朝左,3,-1.064075,0.945335,9.575238,-0.064197,-0.155468,0.004991
232994870.000,ZR,handheld,水平,right,recording,充电口朝左,3,-1.061018,0.908377,9.701281,-0.062768,-0.121591,0.007230
232994880.000,ZR,handheld,水平,right,recording,充电口朝左,3,-0.992802,0.911973,9.847298,-0.047412,-0.075138,0.008864
232994890.000,ZR,handheld,水平,right,recording,充电口朝左,3,-1.021618,0.871659,9.732898,-0.032576,-0.069926,0.012551
232994900.000,ZR,handheld,水平,right,recording,充电口朝左,3,-1.002667,0.938868,9.718678,-0.011432,-0.068378,0.017461
232994910.000,ZR,handheld,水平,right,recording,充电口朝左,3,-1.026085,0.912418,9.711031,0.001616,-0.070175,0.017408
232994920.000,ZR,handheld,水平,right,recording,充电口朝左,3,-1.040611,0.888964,9.639777,0.009867,-0.075023,0.017143
232994930.000,ZR,handheld,水平,right,recording,充电口朝左,3,-1.020551,0.926834,9.660389,0.009822,-0.087901,0.014811
232994940.000,ZR,handheld,水平,right,recording,充电口朝左,3,-1.054637,0.920772,9.619536,-0.001261,-0.104852,0.016039
232994950.000,ZR,handheld,水平,right,recording,充电口朝左,3,-1.038730,0.929825,9.578432,-0.026313,-0.129213,0.019505
232994960.000,ZR,handheld,水平,right,recording,充电口朝左,3,-1.025734,1.004015,9.685366,-0.048110,-0.114171,0.023802
232994970.000,ZR,handheld,水平,right,recording,充电口朝左,3,-0.999279,0.935063,9.710336,-0.071093,-0.108223,0.025597
232994980.000,ZR,handheld,水平,right,recording,充电口朝左,3,-0.971053,0.998258,9.667595,-0.080717,-0.104263,0.031621
232994990.000,ZR,handheld,水平,right,recording,充电口朝左,3,-0.962546,0.973966,9.727491,-0.075209,-0.101414,0.034622
232995000.000,ZR,handheld,水平,right,recording,充电口朝左,3,-0.964938,0.944126,9.725889,-0.068297,-0.119613,0.034816
232995010.000,ZR,handheld,水平,right,recording,充电口朝左,3,-0.928531,0.912517,9.688743,-0.055087,-0.108016,0.029942
232995020.000,ZR,handheld,水平,right,recording,充电口朝左,3,-0.936104,0.890680,9.810907,-0.043366,-0.089798,0.017886
232995030.000,ZR,handheld,水平,right,recording,充电口朝左,3,-0.872632,0.920315,9.727904,-0.026585,-0.065867,0.008043
232995040.000,ZR,handheld,水平,right,recording,充电口朝左,3,-0.925060,0.870602,9.809422,-0.008085,-0.048117,0.003629
232995050.000,ZR,handheld,水平,right,recording,充电口朝左,3,-0.872412,0.856312,9.703714,0.006568,-0.039770,-0.002095
232995060.000,ZR,handheld,水平,right,recording,充电口朝左,3,-0.909931,0.875560,9.726613,0.021403,-0.042545,0.001998
232995070.000,ZR,handheld,水平,right,recording,充电口朝左,3,-0.896722,0.858303,9.666813,0.025235,-0.045824,0.007306
232995080.000,ZR,handheld,水平,right,recording,充电口朝左,3,-0.925735,0.873294,9.643623,0.021146,-0.056273,0.013412
232995090.000,ZR,handheld,水平,right,recording,充电口朝左,3,-0.903113,0.904697,9.593741,0.003291,-0.075486,0.021366
232995100.000,ZR,handheld,水平,right,recording,充电口朝左,3,-0.881833,0.904212,9.558810,-0.016000,-0.098428,0.020815
232995110.000,ZR,handheld,水平,right,recording,充电口朝左,3,-0.861784,0.960476,9.610325,-0.036221,-0.107754,0.023260
232995120.000,ZR,handheld,水平,right,recording,充电口朝左,3,-0.872793,0.837549,9.701455,-0.053741,-0.092275,0.024042
232995130.000,ZR,handheld,水平,right,recording,充电口朝左,3,-0.832937,0.867905,9.705236,-0.056412,-0.077368,0.025984
232995140.000,ZR,handheld,水平,right,recording,充电口朝左,3,-0.825320,0.891647,9.751678,-0.049470,-0.065066,0.029342
232995150.000,ZR,handheld,水平,right,recording,充电口朝左,3,-0.786275,0.925495,9.757085,-0.024204,-0.040430,0.026333
232995160.000,ZR,handheld,水平,right,recording,充电口朝左,3,-0.793883,0.863295,9.815897,0.000956,-0.027537,0.022463
232995170.000,ZR,handheld,水平,right,recording,充电口朝左,3,-0.805470,0.887565,9.694616,0.021609,-0.028382,0.015792
232995180.000,ZR,handheld,水平,right,recording,充电口朝左,3,-0.813003,0.895222,9.684286,0.030209,-0.043366,0.014313
232995190.000,ZR,handheld,水平,right,recording,充电口朝左,3,-0.816558,0.893543,9.623909,0.031711,-0.059346,0.014631
232995200.000,ZR,handheld,水平,right,recording,充电口朝左,3,-0.810515,0.903745,9.683828,0.022413,-0.064641,0.012952
232995210.000,ZR,handheld,水平,right,recording,充电口朝左,3,-0.813953,0.915701,9.679716,0.007013,-0.059255,0.017236
232995220.000,ZR,handheld,水平,right,recording,充电口朝左,3,-0.824327,0.922372,9.706434,-0.007616,-0.048116,0.018680
232995230.000,ZR,handheld,水平,right,recording,充电口朝左,3,-0.819043,0.930780,9.730594,-0.017322,-0.040049,0.018081
232995240.000,ZR,handheld,水平,right,recording,充电口朝左,3,-0.803665,0.917368,9.774715,-0.026542,-0.031531,0.015584
232995250.000,ZR,handheld,水平,right,recording,充电口朝左,3,-0.777051,0.891339,9.665672,-0.040604,-0.042831,0.016400
232995260.000,ZR,handheld,水平,right,recording,充电口朝左,3,-0.779673,0.962283,9.669423,-0.038717,-0.038978,0.018846
232995270.000,ZR,handheld,水平,right,recording,充电口朝左,3,-0.765086,0.895417,9.776993,-0.027922,-0.036098,0.016619
232995280.000,ZR,handheld,水平,right,recording,充电口朝左,3,-0.779772,0.884207,9.743168,-0.015256,-0.037201,0.012729
232995290.000,ZR,handheld,水平,right,recording,充电口朝左,3,-0.805826,0.890623,9.666490,-0.005371,-0.041661,0.007982
232995300.000,ZR,handheld,水平,right,recording,充电口朝左,3,-0.783315,0.900933,9.672979,0.003129,-0.040603,0.003190
232995310.000,ZR,handheld,水平,right,recording,充电口朝左,3,-0.812620,0.884663,9.705772,0.015277,-0.034123,-0.000890
232995320.000,ZR,handheld,水平,right,recording,充电口朝左,3,-0.793099,0.867781,9.765058,0.023752,-0.015187,-0.001597
232995330.000,ZR,handheld,水平,right,recording,充电口朝左,3,-0.792734,0.875458,9.759678,0.029505,-0.001851,-0.001978
232995340.000,ZR,handheld,水平,right,recording,充电口朝左,3,-0.757868,0.891094,9.675645,0.024516,-0.011320,-0.000573
232995350.000,ZR,handheld,水平,right,recording,充电口朝左,3,-0.774109,0.905968,9.634241,0.020559,-0.026847,0.001628
232995360.000,ZR,handheld,水平,right,recording,充电口朝左,3,-0.759118,0.873617,9.697094,0.019092,-0.034874,0.006798
232995370.000,ZR,handheld,水平,right,recording,充电口朝左,3,-0.744988,0.874741,9.732632,0.021348,-0.034640,0.009525
232995380.000,ZR,handheld,水平,right,recording,充电口朝左,3,-0.729160,0.871369,9.771779,0.022956,-0.037658,0.012778
232995390.000,ZR,handheld,水平,right,recording,充电口朝左,3,-0.739944,0.877834,9.799369,0.021876,-0.024316,0.014268
232995400.000,ZR,handheld,水平,right,recording,充电口朝左,3,-0.748511,0.883467,9.780994,0.017928,-0.014561,0.011724
232995410.000,ZR,handheld,水平,right,recording,充电口朝左,3,-0.744413,0.885494,9.762370,0.009505,-0.010588,0.010175
232995420.000,ZR,handheld,水平,right,recording,充电口朝左,3,-0.736001,0.909190,9.737419,0.000566,-0.005370,0.011204
232995430.000,ZR,handheld,水平,right,recording,充电口朝左,3,-0.761831,0.920813,9.690763,-0.009253,-0.013051,0.014300
232995440.000,ZR,handheld,水平,right,recording,充电口朝左,3,-0.764573,0.936773,9.677447,-0.011768,-0.019411,0.018760
232995450.000,ZR,handheld,水平,right,recording,充电口朝左,3,-0.752876,0.917820,9.710438,-0.008545,-0.020379,0.019956
232995460.000,ZR,handheld,水平,right,recording,充电口朝左,3,-0.745706,0.886134,9.749999,-0.001906,-0.012410,0.017606
232995470.000,ZR,handheld,水平,right,recording,充电口朝左,3,-0.743763,0.891635,9.682657,-0.007540,-0.017429,0.016694
232995480.000,ZR,handheld,水平,right,recording,充电口朝左,3,-0.703157,0.953572,9.660963,-0.008484,-0.021169,0.016343
232995490.000,ZR,handheld,水平,right,recording,充电口朝左,3,-0.710188,0.949130,9.730510,-0.004691,-0.014071,0.013101
232995500.000,ZR,handheld,水平,right,recording,充电口朝左,3,-0.715452,0.918705,9.665143,0.000026,-0.015821,0.010071
232995510.000,ZR,handheld,水平,right,recording,充电口朝左,3,-0.731951,0.909149,9.679251,0.004507,-0.013755,0.006097
232995520.000,ZR,handheld,水平,right,recording,充电口朝左,3,-0.714400,0.911027,9.667022,0.007976,-0.010867,0.002334
232995530.000,ZR,handheld,水平,right,recording,充电口朝左,3,-0.742033,0.887515,9.665116,0.005820,-0.015196,0.000744
232995540.000,ZR,handheld,水平,right,recording,充电口朝左,3,-0.709808,0.903336,9.635856,0.000780,-0.014860,0.001206
232995550.000,ZR,handheld,水平,right,recording,充电口朝左,3,-0.736141,0.894544,9.618848,-0.002914,-0.021274,0.005283
232995560.000,ZR,handheld,水平,right,recording,充电口朝左,3,-0.692445,0.879748,9.683864,-0.000731,-0.019144,0.012341
232995570.000,ZR,handheld,水平,right,recording,充电口朝左,3,-0.684162,0.868250,9.714665,0.003113,-0.002853,0.015497
232995580.000,ZR,handheld,水平,right,recording,充电口朝左,3,-0.676551,0.881068,9.672336,0.010039,-0.008220,0.016360
232995590.000,ZR,handheld,水平,right,recording,充电口朝左,3,-0.693167,0.877838,9.658083,0.014040,-0.024257,0.012052
232995600.000,ZR,handheld,水平,right,recording,充电口朝左,3,-0.677920,0.884791,9.672908,0.019942,-0.033531,0.006882
232995610.000,ZR,handheld,水平,right,recording,充电口朝左,3,-0.664831,0.888812,9.749766,0.023557,-0.024050,0.000813
232995620.000,ZR,handheld,水平,right,recording,充电口朝左,3,-0.664422,0.949628,9.759411,0.026363,-0.010030,0.002513
232995630.000,ZR,handheld,水平,right,recording,充电口朝左,3,-0.679853,0.964659,9.777495,0.025539,0.002375,0.008252
232995640.000,ZR,handheld,水平,right,recording,充电口朝左,3,-0.700301,0.963728,9.737633,0.021969,0.006232,0.013767
232995650.000,ZR,handheld,水平,right,recording,充电口朝左,3,-0.743647,0.965175,9.727276,0.016448,-0.009496,0.018691
232995660.000,ZR,handheld,水平,right,recording,充电口朝左,3,-0.736352,0.959351,9.703638,0.008649,-0.019102,0.015605
232995670.000,ZR,handheld,水平,right,recording,充电口朝左,3,-0.742390,0.981018,9.753716,0.004129,-0.018752,0.014984
232995680.000,ZR,handheld,水平,right,recording,充电口朝左,3,-0.713918,0.968957,9.770329,0.000055,-0.011144,0.010801
232995690.000,ZR,handheld,水平,right,recording,充电口朝左,3,-0.724568,0.956833,9.764546,-0.003499,-0.013759,0.009909
232995700.000,ZR,handheld,水平,right,recording,充电口朝左,3,-0.740757,0.910925,9.805787,-0.001478,-0.011896,0.008610
232995710.000,ZR,handheld,水平,right,recording,充电口朝左,3,-0.728677,0.918313,9.795937,0.000113,-0.002061,0.007169
232995720.000,ZR,handheld,水平,right,recording,充电口朝左,3,-0.717510,0.949467,9.774226,0.002220,0.001047,0.006618
232995730.000,ZR,handheld,水平,right,recording,充电口朝左,3,-0.734971,0.950971,9.772044,0.008869,0.001225,0.008296
232995740.000,ZR,handheld,水平,right,recording,充电口朝左,3,-0.735551,0.942470,9.792729,0.015571,0.009921,0.008960
232995750.000,ZR,handheld,水平,right,recording,充电口朝左,3,-0.722114,0.956385,9.786425,0.020306,0.018719,0.007972
232995760.000,ZR,handheld,水平,right,recording,充电口朝左,3,-0.711536,0.961677,9.782871,0.019356,0.021472,0.002243
232995770.000,ZR,handheld,水平,right,recording,充电口朝左,3,-0.715989,0.958613,9.723022,0.008458,0.020698,-0.001983
232995780.000,ZR,handheld,水平,right,recording,充电口朝左,3,-0.696127,0.938996,9.709361,-0.004861,0.018205,-0.004180
232995790.000,ZR,handheld,水平,right,recording,充电口朝左,3,-0.736722,0.923276,9.682214,-0.015619,0.015938,-0.001994
232995800.000,ZR,handheld,水平,right,recording,充电口朝左,3,-0.694652,0.905739,9.711666,-0.015977,0.017060,0.003262
232995810.000,ZR,handheld,水平,right,recording,充电口朝左,3,-0.707995,0.883531,9.716317,-0.010327,0.010739,0.009346
232995820.000,ZR,handheld,水平,right,recording,充电口朝左,3,-0.670854,0.903481,9.694926,0.001590,-0.001039,0.009271
232995830.000,ZR,handheld,水平,right,recording,充电口朝左,3,-0.663954,0.912918,9.717776,0.012077,-0.006398,0.008814
232995840.000,ZR,handheld,水平,right,recording,充电口朝左,3,-0.663002,0.918604,9.747017,0.021818,0.005977,0.008283
232995850.000,ZR,handheld,水平,right,recording,充电口朝左,3,-0.672382,0.940361,9.748760,0.025737,0.017797,0.006578
232995860.000,ZR,handheld,水平,right,recording,充电口朝左,3,-0.671445,0.926235,9.708797,0.021508,0.016739,0.004563
232995870.000,ZR,handheld,水平,right,recording,充电口朝左,3,-0.695002,0.927743,9.663843,0.009720,0.020201,0.004079
232995880.000,ZR,handheld,水平,right,recording,充电口朝左,3,-0.702488,0.936727,9.663004,0.000961,0.014714,0.009974
232995890.000,ZR,handheld,水平,right,recording,充电口朝左,3,-0.720144,0.963515,9.612919,-0.009133,0.005235,0.014834
232995900.000,ZR,handheld,水平,right,recording,充电口朝左,3,-0.705131,0.965406,9.615953,-0.011467,-0.003881,0.017183
232995910.000,ZR,handheld,水平,right,recording,充电口朝左,3,-0.741723,0.951165,9.665747,-0.009584,-0.008114,0.019330
232995920.000,ZR,handheld,水平,right,recording,充电口朝左,3,-0.725864,0.975690,9.650256,-0.002685,-0.008390,0.015227
232995930.000,ZR,handheld,水平,right,recording,充电口朝左,3,-0.720820,0.967121,9.675545,0.005256,-0.013157,0.010820
232995940.000,ZR,handheld,水平,right,recording,充电口朝左,3,-0.722905,0.993430,9.696106,0.014848,-0.008337,0.003244
232995950.000,ZR,handheld,水平,right,recording,充电口朝左,3,-0.725827,1.010215,9.746179,0.023951,0.008811,-0.005655
232995960.000,ZR,handheld,水平,right,recording,充电口朝左,3,-0.718360,1.007513,9.749676,0.026449,0.017997,-0.012471
232995970.000,ZR,handheld,水平,right,recording,充电口朝左,3,-0.716543,1.019882,9.691374,0.022349,0.008762,-0.015353
232995980.000,ZR,handheld,水平,right,recording,充电口朝左,3,-0.697913,1.012662,9.662266,0.014322,-0.000084,-0.014366
232995990.000,ZR,handheld,水平,right,recording,充电口朝左,3,-0.720865,0.966078,9.697499,0.006983,-0.003987,-0.012235
232996000.000,ZR,handheld,水平,right,recording,充电口朝左,3,-0.719485,0.962988,9.702235,-0.001643,0.002351,-0.007801
232996010.000,ZR,handheld,水平,right,recording,充电口朝左,3,-0.706473,0.976703,9.637122,-0.015267,0.004484,-0.006630
232996020.000,ZR,handheld,水平,right,recording,充电口朝左,3,-0.738630,0.925428,9.645101,-0.017748,-0.005724,-0.007102
232996030.000,ZR,handheld,水平,right,recording,充电口朝左,3,-0.712409,0.892075,9.652660,-0.017835,-0.003082,-0.007559
232996040.000,ZR,handheld,水平,right,recording,充电口朝左,3,-0.714075,0.887222,9.650230,-0.011529,-0.008834,-0.006982
232996050.000,ZR,handheld,水平,right,recording,充电口朝左,3,-0.703044,0.895492,9.663350,-0.004115,-0.017777,-0.006932
232996060.000,ZR,handheld,水平,right,recording,充电口朝左,3,-0.680682,0.906140,9.686895,0.004662,-0.017357,-0.007534
232996070.000,ZR,handheld,水平,right,recording,充电口朝左,3,-0.671612,0.896149,9.695724,0.010593,-0.016609,-0.005890
232996080.000,ZR,handheld,水平,right,recording,充电口朝左,3,-0.661164,0.921598,9.681547,0.009916,-0.017957,-0.004608
232996090.000,ZR,handheld,水平,right,recording,充电口朝左,3,-0.660915,0.931129,9.686876,0.002941,-0.016677,-0.004782
232996100.000,ZR,handheld,水平,right,recording,充电口朝左,3,-0.674271,0.925744,9.665103,-0.008931,-0.019986,-0.002460
232996110.000,ZR,handheld,水平,right,recording,充电口朝左,3,-0.670642,0.930779,9.681203,-0.020289,-0.025408,-0.000385
232996120.000,ZR,handheld,水平,right,recording,充电口朝左,3,-0.675372,0.952763,9.660912,-0.027410,-0.031439,0.002626
232996130.000,ZR,handheld,水平,right,recording,充电口朝左,3,-0.695802,0.953070,9.721391,-0.023692,-0.029936,0.005526
232996140.000,ZR,handheld,水平,right,recording,充电口朝左,3,-0.679627,0.983973,9.723665,-0.016719,-0.029169,0.005888
232996150.000,ZR,handheld,水平,right,recording,充电口朝左,3,-0.720459,0.964660,9.771290,-0.006224,-0.026908,0.004487
232996160.000,ZR,handheld,水平,right,recording,充电口朝左,3,-0.688425,0.974152,9.762655,0.000377,-0.015986,-0.000819
232996170.000,ZR,handheld,水平,right,recording,充电口朝左,3,-0.725026,0.978176,9.732596,0.004019,-0.011899,-0.005852
232996180.000,ZR,handheld,水平,right,recording,充电口朝左,3,-0.729760,0.974203,9.710561,0.003899,-0.012790,-0.015092
232996190.000,ZR,handheld,水平,right,recording,充电口朝左,3,-0.731765,0.979805,9.705468,0.001485,-0.012325,-0.018683
232996200.000,ZR,handheld,水平,right,recording,充电口朝左,3,-0.741340,0.970748,9.699030,-0.003497,-0.010260,-0.019201
232996210.000,ZR,handheld,水平,right,recording,充电口朝左,3,-0.716826,0.977122,9.711443,-0.005908,-0.010273,-0.016398
232996220.000,ZR,handheld,水平,right,recording,充电口朝左,3,-0.703447,0.990937,9.736644,-0.006075,-0.013152,-0.012827
232996230.000,ZR,handheld,水平,right,recording,充电口朝左,3,-0.701186,0.961095,9.767700,-0.002787,-0.007953,-0.009304
232996240.000,ZR,handheld,水平,right,recording,充电口朝左,3,-0.686733,0.960371,9.775187,0.001739,-0.007119,-0.011138
232996250.000,ZR,handheld,水平,right,recording,充电口朝左,3,-0.668748,0.937459,9.759781,0.002213,-0.004103,-0.012427
232996260.000,ZR,handheld,水平,right,recording,充电口朝左,3,-0.658621,0.929496,9.747976,0.001216,-0.005587,-0.012361
232996270.000,ZR,handheld,水平,right,recording,充电口朝左,3,-0.655711,0.932936,9.754428,-0.000650,-0.001225,-0.009041
232996280.000,ZR,handheld,水平,right,recording,充电口朝左,3,-0.658184,0.945102,9.715606,-0.004050,-0.004620,-0.002167
232996290.000,ZR,handheld,水平,right,recording,充电口朝左,3,-0.659558,0.930516,9.711032,-0.005779,-0.006413,0.002628
232996300.000,ZR,handheld,水平,right,recording,充电口朝左,3,-0.654645,0.919962,9.729702,-0.007130,-0.003723,0.002394
232996310.000,ZR,handheld,水平,right,recording,充电口朝左,3,-0.676541,0.906413,9.741268,-0.003712,0.007063,0.003377
232996320.000,ZR,handheld,水平,right,recording,充电口朝左,3,-0.667640,0.910823,9.725154,-0.005563,0.013344,0.001957
232996330.000,ZR,handheld,水平,right,recording,充电口朝左,3,-0.664127,0.924349,9.616214,-0.007071,-0.000062,0.001004
232996340.000,ZR,handheld,水平,right,recording,充电口朝左,3,-0.667977,0.902568,9.688709,-0.002213,-0.010517,-0.001242
232996350.000,ZR,handheld,水平,right,recording,充电口朝左,3,-0.669352,0.886691,9.706004,0.007380,-0.003988,-0.002277
232996360.000,ZR,handheld,水平,right,recording,充电口朝左,3,-0.665538,0.916547,9.746825,0.016441,-0.004104,-0.000986
232996370.000,ZR,handheld,水平,right,recording,充电口朝左,3,-0.669038,0.938555,9.722513,0.019015,-0.006025,-0.000393
232996380.000,ZR,handheld,水平,right,recording,充电口朝左,3,-0.644513,0.978347,9.735971,0.014588,-0.009499,-0.000067
232996390.000,ZR,handheld,水平,right,recording,充电口朝左,3,-0.666902,0.966611,9.699654,0.002709,-0.012589,0.001991
232996400.000,ZR,handheld,水平,right,recording,充电口朝左,3,-0.663630,0.980815,9.726469,-0.008923,-0.013278,0.002059
232996410.000,ZR,handheld,水平,right,recording,充电口朝左,3,-0.664837,1.000876,9.741406,-0.015403,-0.014439,0.005149
232996420.000,ZR,handheld,水平,right,recording,充电口朝左,3,-0.655596,0.967767,9.761204,-0.018815,-0.011105,0.003371
232996430.000,ZR,handheld,水平,right,recording,充电口朝左,3,-0.661665,0.970185,9.757677,-0.015107,-0.000743,0.002955
232996440.000,ZR,handheld,水平,right,recording,充电口朝左,3,-0.656585,0.977264,9.740721,-0.010841,-0.000983,0.003332
232996450.000,ZR,handheld,水平,right,recording,充电口朝左,3,-0.699824,0.971409,9.710264,-0.004853,0.000280,0.005029
232996460.000,ZR,handheld,水平,right,recording,充电口朝左,3,-0.710966,0.948724,9.697966,0.001256,-0.002622,0.004247
232996470.000,ZR,handheld,水平,right,recording,充电口朝左,3,-0.722398,0.920494,9.659648,0.003880,-0.012563,0.000842
232996480.000,ZR,handheld,水平,right,recording,充电口朝左,3,-0.712854,0.947589,9.656681,0.004382,-0.013546,-0.007306
232996490.000,ZR,handheld,水平,right,recording,充电口朝左,3,-0.722723,0.955607,9.673168,-0.001268,-0.009173,-0.014972
232996500.000,ZR,handheld,水平,right,recording,充电口朝左,3,-0.696767,0.981969,9.638506,-0.006190,-0.012063,-0.016369
232996510.000,ZR,handheld,水平,right,recording,充电口朝左,3,-0.673939,0.973348,9.669675,-0.007999,-0.015785,-0.016826
232996520.000,ZR,handheld,水平,right,recording,充电口朝左,3,-0.670158,0.943920,9.707274,-0.005764,-0.008040,-0.015656
232996530.000,ZR,handheld,水平,right,recording,充电口朝左,3,-0.675216,0.941232,9.725550,-0.007551,-0.000450,-0.013745
232996540.000,ZR,handheld,水平,right,recording,充电口朝左,3,-0.647986,0.919803,9.666107,-0.014241,-0.000918,-0.013769
232996550.000,ZR,handheld,水平,right,recording,充电口朝左,3,-0.648604,0.910453,9.644065,-0.018530,-0.012128,-0.017582
232996560.000,ZR,handheld,水平,right,recording,充电口朝左,3,-0.631172,0.871631,9.688166,-0.017827,-0.019626,-0.018606
232996570.000,ZR,handheld,水平,right,recording,充电口朝左,3,-0.640959,0.872366,9.706800,-0.011016,-0.017968,-0.017119
232996580.000,ZR,handheld,水平,right,recording,充电口朝左,3,-0.622108,0.862229,9.748626,0.000617,-0.013751,-0.014442
232996590.000,ZR,handheld,水平,right,recording,充电口朝左,3,-0.631492,0.876253,9.736993,0.010804,-0.013244,-0.008508
232996600.000,ZR,handheld,水平,right,recording,充电口朝左,3,-0.636924,0.896070,9.722932,0.014068,-0.008374,-0.000782
232996610.000,ZR,handheld,水平,right,recording,充电口朝左,3,-0.642942,0.939775,9.717881,0.014614,-0.006719,0.003641
232996620.000,ZR,handheld,水平,right,recording,充电口朝左,3,-0.663942,0.967635,9.707812,0.008266,-0.010403,0.006210
232996630.000,ZR,handheld,水平,right,recording,充电口朝左,3,-0.690944,0.942945,9.676246,-0.000749,-0.014313,0.000789
232996640.000,ZR,handheld,水平,right,recording,充电口朝左,3,-0.678097,0.953838,9.720593,-0.003301,-0.018497,-0.002075
232996650.000,ZR,handheld,水平,right,recording,充电口朝左,3,-0.659455,0.942854,9.778897,-0.000681,-0.015641,-0.005494
232996660.000,ZR,handheld,水平,right,recording,充电口朝左,3,-0.641943,0.957848,9.825728,0.004828,-0.004550,-0.005324
232996670.000,ZR,handheld,水平,right,recording,充电口朝左,3,-0.656278,0.944738,9.829693,0.006825,0.002672,-0.004238
232996680.000,ZR,handheld,水平,right,recording,充电口朝左,3,-0.672981,0.917897,9.774062,0.005065,-0.000472,-0.002387
232996690.000,ZR,handheld,水平,right,recording,充电口朝左,3,-0.690451,0.942792,9.740422,-0.001741,-0.004948,-0.003128
232996700.000,ZR,handheld,水平,right,recording,充电口朝左,3,-0.679966,0.931359,9.731143,-0.009760,-0.006602,-0.002612
232996710.000,ZR,handheld,水平,right,recording,充电口朝左,3,-0.675423,0.934576,9.745927,-0.019972,0.002958,-0.002302
232996720.000,ZR,handheld,水平,right,recording,充电口朝左,3,-0.657340,0.940739,9.685873,-0.023968,0.002979,-0.002277
232996730.000,ZR,handheld,水平,right,recording,充电口朝左,3,-0.682239,0.898923,9.716304,-0.018800,-0.005983,-0.000529
232996740.000,ZR,handheld,水平,right,recording,充电口朝左,3,-0.660367,0.891858,9.754499,-0.009106,0.004670,-0.000486
232996750.000,ZR,handheld,水平,right,recording,充电口朝左,3,-0.660313,0.897421,9.754378,0.001237,0.017128,-0.001210
232996760.000,ZR,handheld,水平,right,recording,充电口朝左,3,-0.659688,0.873597,9.707966,0.011244,0.007613,-0.003790
232996770.000,ZR,handheld,水平,right,recording,充电口朝左,3,-0.641900,0.872895,9.697391,0.017570,-0.008278,-0.006002
232996780.000,ZR,handheld,水平,right,recording,充电口朝左,3,-0.621990,0.879096,9.690092,0.015027,-0.003230,-0.005804
232996790.000,ZR,handheld,水平,right,recording,充电口朝左,3,-0.622749,0.920598,9.687774,0.008845,-0.006013,-0.001335
232996800.000,ZR,handheld,水平,right,recording,充电口朝左,3,-0.610607,0.917768,9.683902,0.000421,-0.011089,0.006744
232996810.000,ZR,handheld,水平,right,recording,充电口朝左,3,-0.630454,0.924699,9.671390,-0.008725,-0.023521,0.017171
232996820.000,ZR,handheld,水平,right,recording,充电口朝左,3,-0.650107,0.928500,9.673206,-0.016213,-0.029615,0.027472
232996830.000,ZR,handheld,水平,right,recording,充电口朝左,3,-0.661836,0.950323,9.656419,-0.022101,-0.029529,0.031528
232996840.000,ZR,handheld,水平,right,recording,充电口朝左,3,-0.692472,0.935133,9.672027,-0.019487,-0.031673,0.025758
232996850.000,ZR,handheld,水平,right,recording,充电口朝左,3,-0.658060,0.940818,9.703087,-0.012667,-0.021879,0.012957
232996860.000,ZR,handheld,水平,right,recording,充电口朝左,3,-0.651209,0.929331,9.730236,0.001820,-0.005626,-0.001421
232996870.000,ZR,handheld,水平,right,recording,充电口朝左,3,-0.644740,0.926335,9.775556,0.017197,0.005769,-0.007215
232996880.000,ZR,handheld,水平,right,recording,充电口朝左,3,-0.632360,0.960194,9.730625,0.028931,0.006555,-0.009470
232996890.000,ZR,handheld,水平,right,recording,充电口朝左,3,-0.644219,1.005609,9.741479,0.035200,0.006244,-0.006984
232996900.000,ZR,handheld,水平,right,recording,充电口朝左,3,-0.636105,1.008366,9.728643,0.027895,0.007629,-0.001265
232996910.000,ZR,handheld,水平,right,recording,充电口朝左,3,-0.672822,0.997434,9.697139,0.008941,0.002127,0.004226
232996920.000,ZR,handheld,水平,right,recording,充电口朝左,3,-0.651649,0.968202,9.698858,-0.013271,-0.007191,0.004470
232996930.000,ZR,handheld,水平,right,recording,充电口朝左,3,-0.650020,0.983686,9.666052,-0.036135,-0.013515,0.003651
232996940.000,ZR,handheld,水平,right,recording,充电口朝左,3,-0.657302,0.972183,9.694875,-0.047945,-0.015601,0.003516
232996950.000,ZR,handheld,水平,right,recording,充电口朝左,3,-0.635822,0.926645,9.684491,-0.045409,-0.016670,-0.000268
232996960.000,ZR,handheld,水平,right,recording,充电口朝左,3,-0.617153,0.903751,9.798723,-0.028075,-0.009191,-0.003170
232996970.000,ZR,handheld,水平,right,recording,充电口朝左,3,-0.631241,0.882356,9.781757,-0.007509,0.006766,-0.004220
232996980.000,ZR,handheld,水平,right,recording,充电口朝左,3,-0.623083,0.883518,9.727344,0.010122,0.006223,-0.004479
232996990.000,ZR,handheld,水平,right,recording,充电口朝左,3,-0.638524,0.848800,9.704819,0.022281,0.001848,-0.002385
232997000.000,ZR,handheld,水平,right,recording,充电口朝左,3,-0.640101,0.866226,9.683149,0.022967,0.002708,-0.001565
232997010.000,ZR,handheld,水平,right,recording,充电口朝左,3,-0.633593,0.884551,9.680875,0.016855,0.004745,0.003340
232997020.000,ZR,handheld,水平,right,recording,充电口朝左,3,-0.642657,0.903397,9.654113,0.003938,0.005470,0.008062
232997030.000,ZR,handheld,水平,right,recording,充电口朝左,3,-0.647998,0.927508,9.629344,-0.008605,-0.002260,0.012144
232997040.000,ZR,handheld,水平,right,recording,充电口朝左,3,-0.639100,0.956942,9.595515,-0.018067,-0.018311,0.009573
232997050.000,ZR,handheld,水平,right,recording,充电口朝左,3,-0.625869,0.944190,9.667149,-0.012864,-0.028931,0.005056
232997060.000,ZR,handheld,水平,right,recording,充电口朝左,3,-0.649036,0.917984,9.753118,-0.002029,-0.016871,-0.000888
232997070.000,ZR,handheld,水平,right,recording,充电口朝左,3,-0.628622,0.915121,9.791011,0.012447,-0.010672,-0.007608
232997080.000,ZR,handheld,水平,right,recording,充电口朝左,3,-0.630328,0.930102,9.772283,0.020003,-0.009116,-0.011345
232997090.000,ZR,handheld,水平,right,recording,充电口朝左,3,-0.607664,0.925355,9.770658,0.023115,0.001067,-0.007872
232997100.000,ZR,handheld,水平,right,recording,充电口朝左,3,-0.637030,0.918144,9.766550,0.014616,0.008163,-0.001180
232997110.000,ZR,handheld,水平,right,recording,充电口朝左,3,-0.644257,0.922932,9.685310,0.001973,0.001243,0.005123
232997120.000,ZR,handheld,水平,right,recording,充电口朝左,3,-0.637352,0.939517,9.682743,-0.008073,-0.010170,0.011214
232997130.000,ZR,handheld,水平,right,recording,充电口朝左,3,-0.648272,0.938952,9.718463,-0.013091,-0.015643,0.011989
232997140.000,ZR,handheld,水平,right,recording,充电口朝左,3,-0.620849,0.927881,9.740611,-0.014194,-0.015258,0.009160
232997150.000,ZR,handheld,水平,right,recording,充电口朝左,3,-0.632251,0.937347,9.748030,-0.009644,-0.013906,0.003138
232997160.000,ZR,handheld,水平,right,recording,充电口朝左,3,-0.612745,0.927340,9.767542,-0.002092,-0.009445,-0.003255
232997170.000,ZR,handheld,水平,right,recording,充电口朝左,3,-0.610272,0.904007,9.782117,0.006028,0.001267,-0.006843
232997180.000,ZR,handheld,水平,right,recording,充电口朝左,3,-0.588326,0.930532,9.817781,0.015303,0.011522,-0.006681
232997190.000,ZR,handheld,水平,right,recording,充电口朝左,3,-0.600263,0.926122,9.796130,0.019835,0.017361,-0.001791
232997200.000,ZR,handheld,水平,right,recording,充电口朝左,3,-0.613899,0.934290,9.754289,0.015501,0.014050,0.004002
232997210.000,ZR,handheld,水平,right,recording,充电口朝左,3,-0.614527,0.940948,9.719720,0.002521,0.005250,0.008682
232997220.000,ZR,handheld,水平,right,recording,充电口朝左,3,-0.623175,0.946178,9.682143,-0.014601,-0.004888,0.011782
232997230.000,ZR,handheld,水平,right,recording,充电口朝左,3,-0.621387,0.938317,9.708615,-0.026244,-0.001530,0.013682
232997240.000,ZR,handheld,水平,right,recording,充电口朝左,3,-0.651445,0.934594,9.728635,-0.030182,0.007120,0.014346
232997250.000,ZR,handheld,水平,right,recording,充电口朝左,3,-0.640034,0.929667,9.722141,-0.024076,0.004209,0.013970
232997260.000,ZR,handheld,水平,right,recording,充电口朝左,3,-0.649193,0.913392,9.719653,-0.011526,-0.001001,0.009667
232997270.000,ZR,handheld,水平,right,recording,充电口朝左,3,-0.651113,0.904214,9.724359,0.001469,0.004347,0.005983
232997280.000,ZR,handheld,水平,right,recording,充电口朝左,3,-0.656502,0.915968,9.720264,0.012293,0.009437,0.003214
232997290.000,ZR,handheld,水平,right,recording,充电口朝左,3,-0.635879,0.946046,9.699402,0.019772,0.003446,-0.001585
232997300.000,ZR,handheld,水平,right,recording,充电口朝左,3,-0.615708,0.953565,9.701472,0.022527,0.000313,-0.007110
232997310.000,ZR,handheld,水平,right,recording,充电口朝左,3,-0.609439,0.950981,9.742832,0.020076,0.007503,-0.008909
232997320.000,ZR,handheld,水平,right,recording,充电口朝左,3,-0.611464,0.963058,9.739954,0.014320,0.017326,-0.009100
232997330.000,ZR,handheld,水平,right,recording,充电口朝左,3,-0.604167,0.985183,9.720370,0.005209,0.013861,-0.005799
232997340.000,ZR,handheld,水平,right,recording,充电口朝左,3,-0.619152,0.972813,9.709701,-0.001097,0.007210,0.001285
232997350.000,ZR,handheld,水平,right,recording,充电口朝左,3,-0.624672,0.967035,9.705039,-0.006777,0.001154,0.003822
232997360.000,ZR,handheld,水平,right,recording,充电口朝左,3,-0.608297,0.953887,9.699842,-0.007114,-0.002484,0.004502
232997370.000,ZR,handheld,水平,right,recording,充电口朝左,3,-0.599179,0.958914,9.717396,-0.003088,0.000251,0.004178
232997380.000,ZR,handheld,水平,right,recording,充电口朝左,3,-0.613227,0.947413,9.752600,0.001593,-0.005069,0.002334
232997390.000,ZR,handheld,水平,right,recording,充电口朝左,3,-0.618009,0.944622,9.741180,0.003441,-0.001262,-0.003254
232997400.000,ZR,handheld,水平,right,recording,充电口朝左,3,-0.616019,0.962421,9.756591,0.004951,0.000513,-0.006725
232997410.000,ZR,handheld,水平,right,recording,充电口朝左,3,-0.630314,0.974802,9.722397,0.002995,0.000238,-0.006553
232997420.000,ZR,handheld,水平,right,recording,充电口朝左,3,-0.629753,0.989013,9.730265,0.002144,0.000969,-0.005211
232997430.000,ZR,handheld,水平,right,recording,充电口朝左,3,-0.627257,0.971002,9.735111,0.001122,0.006868,-0.003465
232997440.000,ZR,handheld,水平,right,recording,充电口朝左,3,-0.648380,0.957424,9.726605,-0.000077,0.012739,-0.001940
232997450.000,ZR,handheld,水平,right,recording,充电口朝左,3,-0.670076,0.965449,9.685630,-0.002639,0.013033,-0.002550
232997460.000,ZR,handheld,水平,right,recording,充电口朝左,3,-0.679977,0.938336,9.666376,-0.002855,0.011994,-0.005905
232997470.000,ZR,handheld,水平,right,recording,充电口朝左,3,-0.678624,0.911952,9.657663,-0.001236,0.006150,-0.010760
232997480.000,ZR,handheld,水平,right,recording,充电口朝左,3,-0.665365,0.901010,9.665639,-0.000507,0.010834,-0.011113
232997490.000,ZR,handheld,水平,right,recording,充电口朝左,3,-0.671866,0.899086,9.675930,0.004318,0.011761,-0.010898
232997500.000,ZR,handheld,水平,right,recording,充电口朝左,3,-0.657365,0.888066,9.668350,0.008485,0.009342,-0.011661
232997510.000,ZR,handheld,水平,right,recording,充电口朝左,3,-0.618292,0.876261,9.649962,0.009533,0.004646,-0.016007
232997520.000,ZR,handheld,水平,right,recording,充电口朝左,3,-0.613761,0.868114,9.668012,0.011257,0.003749,-0.017280
232997530.000,ZR,handheld,水平,right,recording,充电口朝左,3,-0.585129,0.889298,9.687767,0.010671,0.001085,-0.016964
232997540.000,ZR,handheld,水平,right,recording,充电口朝左,3,-0.587751,0.879078,9.695127,0.011885,-0.007408,-0.010609
232997550.000,ZR,handheld,水平,right,recording,充电口朝左,3,-0.563225,0.884730,9.746008,0.010637,-0.003619,-0.001531
232997560.000,ZR,handheld,水平,right,recording,充电口朝左,3,-0.577793,0.912322,9.732504,0.008461,0.001184,0.007441
232997570.000,ZR,handheld,水平,right,recording,充电口朝左,3,-0.595732,0.942963,9.725215,0.004675,-0.000661,0.018044
232997580.000,ZR,handheld,水平,right,recording,充电口朝左,3,-0.620015,0.931517,9.702077,-0.000760,-0.010461,0.022991
232997590.000,ZR,handheld,水平,right,recording,充电口朝左,3,-0.636597,0.965307,9.710773,-0.007231,-0.013794,0.020217
232997600.000,ZR,handheld,水平,right,recording,充电口朝左,3,-0.659102,0.974506,9.712424,-0.012230,-0.013174,0.013662
232997610.000,ZR,handheld,水平,right,recording,充电口朝左,3,-0.678421,0.952324,9.713808,-0.014693,-0.009178,0.003683
232997620.000,ZR,handheld,水平,right,recording,充电口朝左,3,-0.677409,0.933881,9.725570,-0.013775,-0.001524,-0.004719
232997630.000,ZR,handheld,水平,right,recording,充电口朝左,3,-0.713289,0.954913,9.707753,-0.007745,-0.008355,-0.003981
232997640.000,ZR,handheld,水平,right,recording,充电口朝左,3,-0.687497,0.964420,9.735313,0.004756,-0.003519,-0.000842
232997650.000,ZR,handheld,水平,right,recording,充电口朝左,3,-0.692054,0.956455,9.767811,0.013376,0.007671,0.002911
232997660.000,ZR,handheld,水平,right,recording,充电口朝左,3,-0.673546,0.952728,9.733501,0.020228,0.006837,0.003161
232997670.000,ZR,handheld,水平,right,recording,充电口朝左,3,-0.677045,0.988616,9.734522,0.015544,0.005118,-0.002170
232997680.000,ZR,handheld,水平,right,recording,充电口朝左,3,-0.635598,0.998130,9.690651,0.005486,0.003988,-0.007315
232997690.000,ZR,handheld,水平,right,recording,充电口朝左,3,-0.643900,0.988043,9.734447,-0.003873,0.010766,-0.014429
232997700.000,ZR,handheld,水平,right,recording,充电口朝左,3,-0.610527,0.969031,9.746083,-0.010502,0.012406,-0.015061
232997710.000,ZR,handheld,水平,right,recording,充电口朝左,3,-0.632790,0.963612,9.731304,-0.011165,0.011078,-0.012850
232997720.000,ZR,handheld,水平,right,recording,充电口朝左,3,-0.605791,0.918792,9.747054,-0.010133,0.012251,-0.009451
232997730.000,ZR,handheld,水平,right,recording,充电口朝左,3,-0.628814,0.898166,9.705455,-0.010392,0.005798,-0.006047
232997740.000,ZR,handheld,水平,right,recording,充电口朝左,3,-0.611060,0.890754,9.696280,-0.006013,0.005082,-0.002020
232997750.000,ZR,handheld,水平,right,recording,充电口朝左,3,-0.587594,0.914900,9.674037,-0.002804,-0.000354,0.003315
232997760.000,ZR,handheld,水平,right,recording,充电口朝左,3,-0.598073,0.909590,9.685776,0.001541,-0.003298,0.005611
232997770.000,ZR,handheld,水平,right,recording,充电口朝左,3,-0.588395,0.921705,9.701984,0.004743,-0.004321,0.008109
232997780.000,ZR,handheld,水平,right,recording,充电口朝左,3,-0.608558,0.935825,9.688156,0.004683,-0.002395,0.006303
232997790.000,ZR,handheld,水平,right,recording,充电口朝左,3,-0.634733,0.940397,9.686612,0.002954,-0.002464,0.003919
232997800.000,ZR,handheld,水平,right,recording,充电口朝左,3,-0.646868,0.935406,9.717967,0.001689,0.001268,0.000744
232997810.000,ZR,handheld,水平,right,recording,充电口朝左,3,-0.667143,0.946896,9.693696,-0.000127,0.003765,0.001430
232997820.000,ZR,handheld,水平,right,recording,充电口朝左,3,-0.649191,0.952545,9.705877,0.001078,0.002401,0.004864
232997830.000,ZR,handheld,水平,right,recording,充电口朝左,3,-0.657809,0.970257,9.694331,0.001409,-0.005190,0.007244
232997840.000,ZR,handheld,水平,right,recording,充电口朝左,3,-0.672094,0.975592,9.701866,0.001957,-0.006600,0.010672
232997850.000,ZR,handheld,水平,right,recording,充电口朝左,3,-0.669230,1.002083,9.724227,0.001190,-0.007556,0.009555
232997860.000,ZR,handheld,水平,right,recording,充电口朝左,3,-0.678170,0.981449,9.716810,-0.003033,-0.006833,0.003404
232997870.000,ZR,handheld,水平,right,recording,充电口朝左,3,-0.679878,1.007489,9.731714,-0.006924,-0.005727,-0.005696
232997880.000,ZR,handheld,水平,right,recording,充电口朝左,3,-0.684698,0.990505,9.745246,-0.005583,0.003373,-0.013595
232997890.000,ZR,handheld,水平,right,recording,充电口朝左,3,-0.695304,0.968720,9.747993,-0.006177,0.012549,-0.019431
232997900.000,ZR,handheld,水平,right,recording,充电口朝左,3,-0.685117,0.957283,9.700776,-0.002795,0.011950,-0.021361
232997910.000,ZR,handheld,水平,right,recording,充电口朝左,3,-0.684535,0.943445,9.682288,-0.001900,0.005515,-0.016361
232997920.000,ZR,handheld,水平,right,recording,充电口朝左,3,-0.671257,0.913223,9.672994,0.000835,-0.004032,-0.014174
232997930.000,ZR,handheld,水平,right,recording,充电口朝左,3,-0.652669,0.916429,9.687359,-0.000685,-0.012115,-0.013083
232997940.000,ZR,handheld,水平,right,recording,充电口朝左,3,-0.627827,0.915708,9.695322,-0.003936,-0.014594,-0.011852
232997950.000,ZR,handheld,水平,right,recording,充电口朝左,3,-0.619135,0.887718,9.757603,-0.006184,-0.007783,-0.009841
232997960.000,ZR,handheld,水平,right,recording,充电口朝左,3,-0.612162,0.882044,9.746515,-0.005961,0.000444,-0.007542
232997970.000,ZR,handheld,水平,right,recording,充电口朝左,3,-0.606646,0.880976,9.752068,-0.003914,-0.001360,-0.003201
232997980.000,ZR,handheld,水平,right,recording,充电口朝左,3,-0.609908,0.898902,9.707547,-0.000765,-0.002866,0.004130
232997990.000,ZR,handheld,水平,right,recording,充电口朝左,3,-0.626472,0.889547,9.732177,0.001524,-0.008477,0.010317
232998000.000,ZR,handheld,水平,right,recording,充电口朝左,3,-0.637160,0.901010,9.696619,0.002067,-0.009790,0.014827
232998010.000,ZR,handheld,水平,right,recording,充电口朝左,3,-0.615474,0.938817,9.690664,0.002035,-0.011524,0.012811
232998020.000,ZR,handheld,水平,right,recording,充电口朝左,3,-0.619117,0.944270,9.710263,-0.001072,-0.007160,0.005151
232998030.000,ZR,handheld,水平,right,recording,充电口朝左,3,-0.627870,0.945371,9.722797,-0.000163,-0.007335,-0.000569
232998040.000,ZR,handheld,水平,right,recording,充电口朝左,3,-0.631193,0.945975,9.762405,0.001291,-0.004237,-0.003422
232998050.000,ZR,handheld,水平,right,recording,充电口朝左,3,-0.648348,0.950943,9.734771,0.002640,-0.000942,0.001163
232998060.000,ZR,handheld,水平,right,recording,充电口朝左,3,-0.649644,0.968150,9.721743,0.007486,-0.004274,0.008415
232998070.000,ZR,handheld,水平,right,recording,充电口朝左,3,-0.660321,0.960160,9.731082,0.010142,-0.012937,0.014418
232998080.000,ZR,handheld,水平,right,recording,充电口朝左,3,-0.644034,0.974219,9.701774,0.005974,-0.016407,0.014735
232998090.000,ZR,handheld,水平,right,recording,充电口朝左,3,-0.644912,0.938643,9.726267,0.003048,-0.018100,0.011966
232998100.000,ZR,handheld,水平,right,recording,充电口朝左,3,-0.627093,0.951317,9.713341,0.001138,-0.015005,0.009504
232998110.000,ZR,handheld,水平,right,recording,充电口朝左,3,-0.642574,0.935016,9.732490,-0.002095,-0.022906,0.007420
232998120.000,ZR,handheld,水平,right,recording,充电口朝左,3,-0.617300,0.950204,9.711451,-0.004146,-0.015569,0.007609
232998130.000,ZR,handheld,水平,right,recording,充电口朝左,3,-0.638684,0.964469,9.777566,-0.002974,-0.010171,0.009983
232998140.000,ZR,handheld,水平,right,recording,充电口朝左,3,-0.630239,0.955242,9.736164,-0.002355,-0.012632,0.009804
232998150.000,ZR,handheld,水平,right,recording,充电口朝左,3,-0.612427,0.957913,9.745307,0.000010,-0.017382,0.011110
232998160.000,ZR,handheld,水平,right,recording,充电口朝左,3,-0.620453,0.941565,9.732998,0.001740,-0.018328,0.010087
232998170.000,ZR,handheld,水平,right,recording,充电口朝左,3,-0.592751,0.929754,9.724471,0.001482,-0.019729,0.010027
232998180.000,ZR,handheld,水平,right,recording,充电口朝左,3,-0.595585,0.918385,9.690921,0.001654,-0.023760,0.009457
232998190.000,ZR,handheld,水平,right,recording,充电口朝左,3,-0.607876,0.922573,9.711963,0.001586,-0.019371,0.012156
232998200.000,ZR,handheld,水平,right,recording,充电口朝左,3,-0.609755,0.915989,9.661157,0.002386,-0.021145,0.019403
232998210.000,ZR,handheld,水平,right,recording,充电口朝左,3,-0.611474,0.918993,9.653910,0.002669,-0.035965,0.026208
232998220.000,ZR,handheld,水平,right,recording,充电口朝左,3,-0.601472,0.909973,9.591145,0.004741,-0.056220,0.032281
232998230.000,ZR,handheld,水平,right,recording,充电口朝左,3,-0.611449,0.916930,9.669940,0.009325,-0.057918,0.034874
232998240.000,ZR,handheld,水平,right,recording,充电口朝左,3,-0.602245,0.919787,9.711080,0.015201,-0.045159,0.034083
232998250.000,ZR,handheld,水平,right,recording,充电口朝左,3,-0.572547,0.931506,9.714303,0.021905,-0.044015,0.030325
232998260.000,ZR,handheld,水平,right,recording,充电口朝左,3,-0.579450,0.978791,9.682263,0.022879,-0.054297,0.024724
232998270.000,ZR,handheld,水平,right,recording,充电口朝左,3,-0.590086,0.948006,9.697824,0.022182,-0.056197,0.017274
232998280.000,ZR,handheld,水平,right,recording,充电口朝左,3,-0.610355,0.948031,9.761316,0.016891,-0.048630,0.012503
232998290.000,ZR,handheld,水平,right,recording,充电口朝左,3,-0.659885,0.863645,9.626379,-0.026122,-0.086520,0.014407
232998300.000,ZR,handheld,水平,right,recording,充电口朝左,3,-0.569510,0.979918,9.408708,-0.061958,-0.095483,0.021334
232998310.000,ZR,handheld,水平,right,recording,充电口朝左,3,-0.557264,1.070858,9.960767,-0.057082,-0.050139,0.031239
232998320.000,ZR,handheld,水平,right,recording,充电口朝左,3,-0.489423,0.838677,9.793346,-0.053196,-0.064624,0.038693
232998330.000,ZR,handheld,水平,right,recording,充电口朝左,3,-0.521948,0.932544,9.672710,-0.038500,-0.080197,0.041909
232998340.000,ZR,handheld,水平,right,recording,充电口朝左,3,-0.484762,0.987251,9.897362,-0.026997,-0.073705,0.042997
232998350.000,ZR,handheld,水平,right,recording,充电口朝左,3,-0.505117,0.914478,9.679636,-0.025641,-0.076392,0.040685
232998360.000,ZR,handheld,水平,right,recording,充电口朝左,3,-0.499996,1.005736,9.838848,-0.021438,-0.064936,0.032719
232998370.000,ZR,handheld,水平,right,recording,充电口朝左,3,-0.495470,0.997792,9.716092,-0.022771,-0.045277,0.022446
232998380.000,ZR,handheld,水平,right,recording,充电口朝左,3,-0.529014,0.964407,9.730804,-0.023017,-0.053792,0.013876
232998390.000,ZR,handheld,水平,right,recording,充电口朝左,3,-0.536019,0.953327,9.578759,-0.027806,-0.063747,0.009874
232998400.000,ZR,handheld,水平,right,recording,充电口朝左,3,-0.525203,1.006279,9.676500,-0.020720,-0.064391,0.008041
232998410.000,ZR,handheld,水平,right,recording,充电口朝左,3,-0.520553,0.962105,9.684523,-0.016653,-0.068416,0.007129
232998420.000,ZR,handheld,水平,right,recording,充电口朝左,3,-0.548137,0.896747,9.632923,-0.025987,-0.079544,0.003679
232998430.000,ZR,handheld,水平,right,recording,充电口朝左,3,-0.508039,0.957323,9.667133,-0.030221,-0.068520,0.002586
232998440.000,ZR,handheld,水平,right,recording,充电口朝左,3,-0.496133,0.908383,9.724641,-0.038703,-0.059285,0.000296
232998450.000,ZR,handheld,水平,right,recording,充电口朝左,3,-0.443678,0.929205,9.662171,-0.039069,-0.053755,-0.001572
232998460.000,ZR,handheld,水平,right,recording,充电口朝左,3,-0.464385,0.875702,9.720340,-0.040013,-0.066984,0.001611
232998470.000,ZR,handheld,水平,right,recording,充电口朝左,3,-0.443479,0.854560,9.599111,-0.037308,-0.074656,0.005458
232998480.000,ZR,handheld,水平,right,recording,充电口朝左,3,-0.424663,0.864651,9.732902,-0.029655,-0.077680,0.008486
232998490.000,ZR,handheld,水平,right,recording,充电口朝左,3,-0.450379,0.811630,9.613772,-0.036430,-0.098194,0.009090
232998500.000,ZR,handheld,水平,right,recording,充电口朝左,3,-0.418133,0.864700,9.625446,-0.037974,-0.108639,0.005812
232998510.000,ZR,handheld,水平,right,recording,充电口朝左,3,-0.394567,0.818090,9.724704,-0.043670,-0.107769,0.003007
232998520.000,ZR,handheld,水平,right,recording,充电口朝左,3,-0.378910,0.853282,9.757370,-0.036871,-0.073775,0.002989
232998530.000,ZR,handheld,水平,right,recording,充电口朝左,3,-0.352789,0.865518,9.865817,-0.022377,-0.047118,0.002213
232998540.000,ZR,handheld,水平,right,recording,充电口朝左,3,-0.318221,0.871044,9.839927,-0.002073,-0.037979,0.005174
232998550.000,ZR,handheld,水平,right,recording,充电口朝左,3,-0.349430,0.845679,9.851125,0.019196,-0.035773,0.005200
232998560.000,ZR,handheld,水平,right,recording,充电口朝左,3,-0.351904,0.886072,9.844554,0.032330,-0.025123,0.008538
232998570.000,ZR,handheld,水平,right,recording,充电口朝左,3,-0.368797,0.887114,9.834628,0.035511,-0.013063,0.012187
232998580.000,ZR,handheld,水平,right,recording,充电口朝左,3,-0.385017,0.933803,9.823437,0.026963,-0.014170,0.012221
232998590.000,ZR,handheld,水平,right,recording,充电口朝左,3,-0.429792,0.934161,9.751612,0.009424,-0.015980,0.012860
232998600.000,ZR,handheld,水平,right,recording,充电口朝左,3,-0.408865,0.953939,9.753049,-0.007854,-0.019038,0.009373
232998610.000,ZR,handheld,水平,right,recording,充电口朝左,3,-0.415886,0.919218,9.788512,-0.020121,-0.026187,0.008427
232998620.000,ZR,handheld,水平,right,recording,充电口朝左,3,-0.405251,0.938949,9.795035,-0.022179,-0.031245,0.008314
232998630.000,ZR,handheld,水平,right,recording,充电口朝左,3,-0.432990,0.937546,9.820943,-0.019074,-0.021274,0.007911
232998640.000,ZR,handheld,水平,right,recording,充电口朝左,3,-0.392493,0.927040,9.839290,-0.011340,-0.016515,0.005778
232998650.000,ZR,handheld,水平,right,recording,充电口朝左,3,-0.416716,0.926935,9.825223,-0.004792,-0.001096,0.002379
232998660.000,ZR,handheld,水平,right,recording,充电口朝左,3,-0.391303,0.915974,9.831169,0.001196,0.012986,-0.001233
232998670.000,ZR,handheld,水平,right,recording,充电口朝左,3,-0.396929,0.926969,9.789049,0.006996,0.016170,-0.003418
232998680.000,ZR,handheld,水平,right,recording,充电口朝左,3,-0.377918,0.895310,9.773600,0.009240,0.019087,-0.007935
232998690.000,ZR,handheld,水平,right,recording,充电口朝左,3,-0.382233,0.856725,9.770661,0.014040,0.018971,-0.013011
232998700.000,ZR,handheld,水平,right,recording,充电口朝左,3,-0.348892,0.843775,9.761179,0.011568,0.015252,-0.014209
232998710.000,ZR,handheld,水平,right,recording,充电口朝左,3,-0.342282,0.854881,9.723703,0.006132,0.016630,-0.011511
232998720.000,ZR,handheld,水平,right,recording,充电口朝左,3,-0.337158,0.851377,9.711911,0.000710,0.013292,-0.001965
232998730.000,ZR,handheld,水平,right,recording,充电口朝左,3,-0.330926,0.857621,9.722326,-0.002423,0.006572,0.006617
232998740.000,ZR,handheld,水平,right,recording,充电口朝左,3,-0.330227,0.849859,9.711284,-0.002589,0.012548,0.014603
232998750.000,ZR,handheld,水平,right,recording,充电口朝左,3,-0.327878,0.885707,9.738148,0.000103,0.020268,0.020408
232998760.000,ZR,handheld,水平,right,recording,充电口朝左,3,-0.353904,0.885557,9.692563,0.005022,0.020675,0.021100
232998770.000,ZR,handheld,水平,right,recording,充电口朝左,3,-0.354778,0.883995,9.699871,0.013619,0.013759,0.021247
232998780.000,ZR,handheld,水平,right,recording,充电口朝左,3,-0.403458,0.879538,9.687526,0.018491,0.008619,0.017668
232998790.000,ZR,handheld,水平,right,recording,充电口朝左,3,-0.399532,0.907996,9.670889,0.018293,0.009172,0.013815
232998800.000,ZR,handheld,水平,right,recording,充电口朝左,3,-0.390315,0.911845,9.674598,0.015223,0.003141,0.009830
232998810.000,ZR,handheld,水平,right,recording,充电口朝左,3,-0.422388,0.920420,9.690220,0.013323,-0.000048,0.007808
232998820.000,ZR,handheld,水平,right,recording,充电口朝左,3,-0.401439,0.936341,9.729717,0.012573,0.010086,0.005805
232998830.000,ZR,handheld,水平,right,recording,充电口朝左,3,-0.418007,0.949842,9.735140,0.016209,0.018134,0.005019
232998840.000,ZR,handheld,水平,right,recording,充电口朝左,3,-0.398729,0.955812,9.749374,0.022311,0.016784,0.005856
232998850.000,ZR,handheld,水平,right,recording,充电口朝左,3,-0.381629,0.952155,9.710745,0.021837,0.016757,0.001564
232998860.000,ZR,handheld,水平,right,recording,充电口朝左,3,-0.393536,0.963769,9.711675,0.019620,0.013903,-0.001751
232998870.000,ZR,handheld,水平,right,recording,充电口朝左,3,-0.411261,0.964990,9.674513,0.014656,0.006374,-0.003229
232998880.000,ZR,handheld,水平,right,recording,充电口朝左,3,-0.420460,0.966844,9.702826,0.009167,0.008007,-0.005539
232998890.000,ZR,handheld,水平,right,recording,充电口朝左,3,-0.420164,0.958658,9.705315,0.003334,0.010321,-0.007040
232998900.000,ZR,handheld,水平,right,recording,充电口朝左,3,-0.419317,0.971541,9.724943,-0.000822,0.012628,-0.008252
232998910.000,ZR,handheld,水平,right,recording,充电口朝左,3,-0.433946,0.936388,9.704460,-0.004111,0.009192,-0.014941
232998920.000,ZR,handheld,水平,right,recording,充电口朝左,3,-0.406539,0.920326,9.722645,-0.003233,0.003210,-0.020472
232998930.000,ZR,handheld,水平,right,recording,充电口朝左,3,-0.407862,0.882185,9.711539,-0.001797,0.003447,-0.020207
232998940.000,ZR,handheld,水平,right,recording,充电口朝左,3,-0.419975,0.885913,9.742853,0.001111,0.007248,-0.017627
232998950.000,ZR,handheld,水平,right,recording,充电口朝左,3,-0.382840,0.881997,9.725242,0.003479,0.007002,-0.014625
232998960.000,ZR,handheld,水平,right,recording,充电口朝左,3,-0.378619,0.878195,9.713210,0.004225,0.003113,-0.010794
232998970.000,ZR,handheld,水平,right,recording,充电口朝左,3,-0.358533,0.864395,9.723236,0.005233,0.002457,-0.005574
232998980.000,ZR,handheld,水平,right,recording,充电口朝左,3,-0.378247,0.882164,9.716883,0.003040,0.000155,-0.000670
232998990.000,ZR,handheld,水平,right,recording,充电口朝左,3,-0.380026,0.898616,9.707678,0.003296,-0.004054,0.001958
232999000.000,ZR,handheld,水平,right,recording,充电口朝左,3,-0.386126,0.876696,9.783081,0.006289,0.000330,0.002111
232999010.000,ZR,handheld,水平,right,recording,充电口朝左,3,-0.393198,0.899906,9.763064,0.010489,0.008962,-0.000338
232999020.000,ZR,handheld,水平,right,recording,充电口朝左,3,-0.381423,0.926058,9.794678,0.012219,0.007882,-0.004005
232999030.000,ZR,handheld,水平,right,recording,充电口朝左,3,-0.395388,0.912695,9.741284,0.013244,0.003430,-0.004548
232999040.000,ZR,handheld,水平,right,recording,充电口朝左,3,-0.393159,0.910349,9.794637,0.013830,0.008657,0.000946
232999050.000,ZR,handheld,水平,right,recording,充电口朝左,3,-0.421329,0.920063,9.769589,0.009280,0.016835,0.008957
232999060.000,ZR,handheld,水平,right,recording,充电口朝左,3,-0.397666,0.979038,9.696452,0.003093,0.007678,0.016083
232999070.000,ZR,handheld,水平,right,recording,充电口朝左,3,-0.419292,0.926975,9.719971,-0.003506,-0.004219,0.015361
232999080.000,ZR,handheld,水平,right,recording,充电口朝左,3,-0.440030,0.932368,9.713963,-0.010534,0.002765,0.012696
232999090.000,ZR,handheld,水平,right,recording,充电口朝左,3,-0.435492,0.943864,9.740179,-0.015846,0.007750,0.007829
232999100.000,ZR,handheld,水平,right,recording,充电口朝左,3,-0.419561,0.938529,9.742021,-0.015513,0.006140,-0.001817
232999110.000,ZR,handheld,水平,right,recording,充电口朝左,3,-0.425903,0.951105,9.740664,-0.010909,0.007419,-0.010757
232999120.000,ZR,handheld,水平,right,recording,充电口朝左,3,-0.423722,0.936283,9.763649,-0.005507,0.013005,-0.014753
232999130.000,ZR,handheld,水平,right,recording,充电口朝左,3,-0.401140,0.927666,9.754304,0.003017,0.021444,-0.012690
232999140.000,ZR,handheld,水平,right,recording,充电口朝左,3,-0.414749,0.926902,9.740544,0.012971,0.018422,-0.007640
232999150.000,ZR,handheld,水平,right,recording,充电口朝左,3,-0.421574,0.928555,9.743197,0.017942,0.017134,-0.003032
232999160.000,ZR,handheld,水平,right,recording,充电口朝左,3,-0.404994,0.930742,9.685405,0.015499,0.014722,-0.001891
232999170.000,ZR,handheld,水平,right,recording,充电口朝左,3,-0.410263,0.924028,9.710231,0.009393,0.011440,-0.000958
232999180.000,ZR,handheld,水平,right,recording,充电口朝左,3,-0.396477,0.940950,9.698403,0.002335,0.013694,-0.000369
232999190.000,ZR,handheld,水平,right,recording,充电口朝左,3,-0.416815,0.954374,9.742195,-0.000942,0.014444,0.002332
232999200.000,ZR,handheld,水平,right,recording,充电口朝左,3,-0.398711,0.951505,9.730083,-0.002526,0.012671,0.003625
232999210.000,ZR,handheld,水平,right,recording,充电口朝左,3,-0.421457,0.933443,9.763827,0.000533,0.013650,0.003695
232999220.000,ZR,handheld,水平,right,recording,充电口朝左,3,-0.426790,0.935017,9.774878,0.006712,0.018081,-0.000169
232999230.000,ZR,handheld,水平,right,recording,充电口朝左,3,-0.413929,0.939287,9.755437,0.011124,0.022133,-0.003710
232999240.000,ZR,handheld,水平,right,recording,充电口朝左,3,-0.426369,0.939022,9.745740,0.016193,0.028039,-0.007430
232999250.000,ZR,handheld,水平,right,recording,充电口朝左,3,-0.435970,0.933924,9.762829,0.021199,0.038920,-0.007842
232999260.000,ZR,handheld,水平,right,recording,充电口朝左,3,-0.443590,0.944903,9.771721,0.028133,0.042868,-0.007585
232999270.000,ZR,handheld,水平,right,recording,充电口朝左,3,-0.427784,0.942051,9.755546,0.034522,0.049896,-0.009046
232999280.000,ZR,handheld,水平,right,recording,充电口朝左,3,-0.447211,0.961404,9.769907,0.039525,0.052266,-0.007844
232999290.000,ZR,handheld,水平,right,recording,充电口朝左,3,-0.429783,0.950395,9.757103,0.042625,0.047425,-0.010396
232999300.000,ZR,handheld,水平,right,recording,充电口朝左,3,-0.432555,0.967952,9.767003,0.041336,0.046791,-0.011189
232999310.000,ZR,handheld,水平,right,recording,充电口朝左,3,-0.435983,0.978945,9.770081,0.038531,0.053249,-0.011309
232999320.000,ZR,handheld,水平,right,recording,充电口朝左,3,-0.437605,0.994452,9.792665,0.037813,0.063928,-0.012676
232999330.000,ZR,handheld,水平,right,recording,充电口朝左,3,-0.437863,0.978064,9.787797,0.048259,0.078477,-0.017811
232999340.000,ZR,handheld,水平,right,recording,充电口朝左,3,-0.443663,1.003572,9.903116,0.074107,0.103735,-0.021812
232999350.000,ZR,handheld,水平,right,recording,充电口朝左,3,-0.455333,0.975676,9.826347,0.099427,0.131157,-0.030381
232999360.000,ZR,handheld,水平,right,recording,充电口朝左,3,-0.462558,1.056772,9.914373,0.127881,0.148321,-0.039808
232999370.000,ZR,handheld,水平,right,recording,充电口朝左,3,-0.471920,0.960728,9.726570,0.149285,0.162390,-0.048745
232999380.000,ZR,handheld,水平,right,recording,充电口朝左,3,-0.538538,1.011746,9.892149,0.165860,0.182675,-0.053725
232999390.000,ZR,handheld,水平,right,recording,充电口朝左,3,-0.512359,1.000769,9.735115,0.168355,0.188713,-0.055428
232999400.000,ZR,handheld,水平,right,recording,充电口朝左,3,-0.595860,1.046564,9.654750,0.159943,0.176071,-0.056293
232999410.000,ZR,handheld,水平,right,recording,充电口朝左,3,-0.578280,1.029032,9.599462,0.145472,0.152166,-0.050890
232999420.000,ZR,handheld,水平,right,recording,充电口朝左,3,-0.639356,1.029932,9.593007,0.121137,0.135514,-0.045934
232999430.000,ZR,handheld,水平,right,recording,充电口朝左,3,-0.646702,1.080669,9.540929,0.098634,0.126480,-0.039359
232999440.000,ZR,handheld,水平,right,recording,充电口朝左,3,-0.639430,1.105167,9.652930,0.095929,0.145651,-0.040173
232999450.000,ZR,handheld,水平,right,recording,充电口朝左,3,-0.627552,1.099597,9.757497,0.115863,0.159400,-0.047999
232999460.000,ZR,handheld,水平,right,recording,充电口朝左,3,-0.622502,1.083328,9.760391,0.148880,0.174882,-0.063121
232999470.000,ZR,handheld,水平,right,recording,充电口朝左,3,-0.627918,1.081393,9.798431,0.185407,0.183186,-0.080686
232999480.000,ZR,handheld,水平,right,recording,充电口朝左,3,-0.659748,1.096474,9.748043,0.212547,0.187284,-0.093153
232999490.000,ZR,handheld,水平,right,recording,充电口朝左,3,-0.675255,1.094770,9.721807,0.227283,0.193838,-0.096352
232999500.000,ZR,handheld,水平,right,recording,充电口朝左,3,-0.720566,1.138296,9.674906,0.224109,0.195734,-0.088526
232999510.000,ZR,handheld,水平,right,recording,充电口朝左,3,-0.742585,1.194146,9.590951,0.201171,0.178039,-0.073814
232999520.000,ZR,handheld,水平,right,recording,充电口朝左,3,-0.813309,1.190205,9.519175,0.164662,0.150625,-0.056196
232999530.000,ZR,handheld,水平,right,recording,充电口朝左,3,-0.828472,1.213594,9.510186,0.119629,0.119672,-0.035562
232999540.000,ZR,handheld,水平,right,recording,充电口朝左,3,-0.877572,1.232966,9.468380,0.078285,0.090354,-0.020848
232999550.000,ZR,handheld,水平,right,recording,充电口朝左,3,-0.854975,1.180571,9.512676,0.036927,0.043570,-0.011518
232999560.000,ZR,handheld,水平,right,recording,充电口朝左,3,-0.815994,1.263595,9.548932,0.012082,0.033239,-0.003845
232999570.000,ZR,handheld,水平,right,recording,充电口朝左,3,-0.843228,1.192611,9.675398,-0.007280,0.018736,0.002186
232999580.000,ZR,handheld,水平,right,recording,充电口朝左,3,-0.806467,1.244169,9.644851,-0.013631,0.025811,0.006677
232999590.000,ZR,handheld,水平,right,recording,充电口朝左,3,-0.785095,1.250516,9.804402,-0.000904,0.042710,0.011205
232999600.000,ZR,handheld,水平,right,recording,充电口朝左,3,-0.804056,1.282104,9.798020,0.025100,0.067592,0.009050
232999610.000,ZR,handheld,水平,right,recording,充电口朝左,3,-0.773841,1.291653,9.865723,0.059337,0.090452,-0.001538
232999620.000,ZR,handheld,水平,right,recording,充电口朝左,3,-0.813059,1.287958,9.780111,0.093395,0.107504,-0.017718
232999630.000,ZR,handheld,水平,right,recording,充电口朝左,3,-0.816283,1.327936,9.829239,0.121698,0.115880,-0.039350
232999640.000,ZR,handheld,水平,right,recording,充电口朝左,3,-0.881690,1.244967,9.598949,0.122891,0.111552,-0.051978
232999650.000,ZR,handheld,水平,right,recording,充电口朝左,3,-0.939585,1.348738,9.634391,0.104439,0.097090,-0.049393
232999660.000,ZR,handheld,水平,right,recording,充电口朝左,3,-0.946321,1.313654,9.480756,0.072118,0.080840,-0.035709
232999670.000,ZR,handheld,水平,right,recording,充电口朝左,3,-0.962892,1.363787,9.504022,0.037324,0.056458,-0.022933
232999680.000,ZR,handheld,水平,right,recording,充电口朝左,3,-0.942522,1.340165,9.511888,0.000219,0.023096,-0.009397
232999690.000,ZR,handheld,水平,right,recording,充电口朝左,3,-0.935342,1.312920,9.439385,-0.037909,-0.001158,0.000783
232999700.000,ZR,handheld,水平,right,recording,充电口朝左,3,-0.924872,1.374934,9.579640,-0.058286,-0.005512,0.006164
232999710.000,ZR,handheld,水平,right,recording,充电口朝左,3,-0.891369,1.332508,9.604115,-0.062170,-0.001517,0.004117
232999720.000,ZR,handheld,水平,right,recording,充电口朝左,3,-0.895149,1.302013,9.647147,-0.050020,-0.000846,-0.000399
232999730.000,ZR,handheld,水平,right,recording,充电口朝左,3,-0.875677,1.296485,9.649978,-0.029554,-0.000363,-0.005095
232999740.000,ZR,handheld,水平,right,recording,充电口朝左,3,-0.902269,1.277074,9.672029,-0.006467,-0.003565,-0.010663
232999750.000,ZR,handheld,水平,right,recording,充电口朝左,3,-0.869984,1.251162,9.639297,0.008618,0.002497,-0.012341
232999760.000,ZR,handheld,水平,right,recording,充电口朝左,3,-0.889233,1.283283,9.622102,0.014465,0.001711,-0.011139
232999770.000,ZR,handheld,水平,right,recording,充电口朝左,3,-0.906335,1.293545,9.574382,0.010323,-0.003691,-0.005726
232999780.000,ZR,handheld,水平,right,recording,充电口朝左,3,-0.923856,1.288082,9.568869,0.001856,-0.006479,-0.002994
232999790.000,ZR,handheld,水平,right,recording,充电口朝左,3,-0.911484,1.303896,9.603768,-0.010307,-0.007393,0.003512
232999800.000,ZR,handheld,水平,right,recording,充电口朝左,3,-0.916716,1.326830,9.565666,-0.021202,-0.009394,0.007238
232999810.000,ZR,handheld,水平,right,recording,充电口朝左,3,-0.918593,1.333712,9.596245,-0.027287,-0.013817,0.006715
232999820.000,ZR,handheld,水平,right,recording,充电口朝左,3,-0.931868,1.350759,9.572059,-0.030829,-0.022370,0.004008
232999830.000,ZR,handheld,水平,right,recording,充电口朝左,3,-0.906139,1.315455,9.646131,-0.023049,-0.023820,-0.006119
232999840.000,ZR,handheld,水平,right,recording,充电口朝左,3,-0.894428,1.322562,9.660146,-0.017243,-0.015244,-0.016777
232999850.000,ZR,handheld,水平,right,recording,充电口朝左,3,-0.886537,1.290911,9.661044,-0.010385,-0.009372,-0.025442
232999860.000,ZR,handheld,水平,right,recording,充电口朝左,3,-0.925255,1.281889,9.649355,-0.007303,-0.009284,-0.030255
232999870.000,ZR,handheld,水平,right,recording,充电口朝左,3,-0.907692,1.255905,9.636845,-0.005660,-0.008900,-0.025286
232999880.000,ZR,handheld,水平,right,recording,充电口朝左,3,-0.919285,1.255297,9.640580,-0.003448,-0.004701,-0.017370
232999890.000,ZR,handheld,水平,right,recording,充电口朝左,3,-0.901080,1.241460,9.633828,-0.005381,-0.007044,-0.009286
232999900.000,ZR,handheld,水平,right,recording,充电口朝左,3,-0.868089,1.214743,9.624920,-0.009382,-0.017235,-0.005608
232999910.000,ZR,handheld,水平,right,recording,充电口朝左,3,-0.858662,1.229746,9.659149,-0.012300,-0.017388,-0.002019
232999920.000,ZR,handheld,水平,right,recording,充电口朝左,3,-0.850618,1.237379,9.658557,-0.015655,-0.017403,-0.001382
232999930.000,ZR,handheld,水平,right,recording,充电口朝左,3,-0.846003,1.235836,9.725072,-0.012415,-0.012376,0.001999
232999940.000,ZR,handheld,水平,right,recording,充电口朝左,3,-0.865317,1.231870,9.705451,-0.006918,-0.007586,0.005055
232999950.000,ZR,handheld,水平,right,recording,充电口朝左,3,-0.870806,1.235108,9.725904,-0.000507,-0.004304,0.006036
232999960.000,ZR,handheld,水平,right,recording,充电口朝左,3,-0.868865,1.248547,9.694438,0.000246,-0.004604,0.003833
232999970.000,ZR,handheld,水平,right,recording,充电口朝左,3,-0.866868,1.264751,9.647849,-0.003404,-0.005524,0.002069
232999980.000,ZR,handheld,水平,right,recording,充电口朝左,3,-0.906777,1.289200,9.647514,-0.008188,-0.009122,0.002096
232999990.000,ZR,handheld,水平,right,recording,充电口朝左,3,-0.880488,1.265367,9.661774,-0.007742,-0.011545,-0.001201
233000000.000,ZR,handheld,水平,right,recording,充电口朝左,3,-0.887440,1.282328,9.712341,-0.005643,-0.011997,0.000873
233000010.000,ZR,handheld,水平,right,recording,充电口朝左,3,-0.913422,1.295028,9.698371,-0.004609,-0.009228,0.000502
233000020.000,ZR,handheld,水平,right,recording,充电口朝左,3,-0.888546,1.290403,9.686591,-0.007689,-0.003943,0.003015
233000030.000,ZR,handheld,水平,right,recording,充电口朝左,3,-0.891780,1.293144,9.692775,-0.011970,-0.002524,0.004656
233000040.000,ZR,handheld,水平,right,recording,充电口朝左,3,-0.893075,1.278374,9.647195,-0.018029,-0.002104,0.005879
233000050.000,ZR,handheld,水平,right,recording,充电口朝左,3,-0.889598,1.275911,9.665132,-0.021223,0.004829,0.007583
233000060.000,ZR,handheld,水平,right,recording,充电口朝左,3,-0.889944,1.264892,9.661649,-0.018205,0.010373,0.008040
233000070.000,ZR,handheld,水平,right,recording,充电口朝左,3,-0.885821,1.272157,9.661006,-0.013189,0.006184,0.005305
233000080.000,ZR,handheld,水平,right,recording,充电口朝左,3,-0.901772,1.277884,9.643873,-0.012180,0.011503,0.001115
233000090.000,ZR,handheld,水平,right,recording,充电口朝左,3,-0.923901,1.297348,9.589428,-0.014261,0.018126,-0.003973
233000100.000,ZR,handheld,水平,right,recording,充电口朝左,3,-0.909097,1.278287,9.588947,-0.020179,0.016955,-0.010894
233000110.000,ZR,handheld,水平,right,recording,充电口朝左,3,-0.901501,1.295778,9.523926,-0.028670,0.014564,-0.016067
233000120.000,ZR,handheld,水平,right,recording,充电口朝左,3,-0.903796,1.248598,9.542766,-0.032598,0.012508,-0.018002
233000130.000,ZR,handheld,水平,right,recording,充电口朝左,3,-0.895992,1.228906,9.566742,-0.034937,0.014502,-0.020819
233000140.000,ZR,handheld,水平,right,recording,充电口朝左,3,-0.867049,1.213112,9.579207,-0.038755,0.019377,-0.018279
233000150.000,ZR,handheld,水平,right,recording,充电口朝左,3,-0.867823,1.196977,9.596984,-0.049909,0.033643,-0.016352
233000160.000,ZR,handheld,水平,right,recording,充电口朝左,3,-0.859227,1.211782,9.538883,-0.071339,0.031684,-0.015431
233000170.000,ZR,handheld,水平,right,recording,充电口朝左,3,-0.876030,1.162451,9.496215,-0.093315,0.017209,-0.012499
233000180.000,ZR,handheld,水平,right,recording,充电口朝左,3,-0.845608,1.163339,9.546085,-0.116707,0.005152,-0.010872
233000190.000,ZR,handheld,水平,right,recording,充电口朝左,3,-0.858291,1.106850,9.601737,-0.137145,-0.005561,-0.006341
233000200.000,ZR,handheld,水平,right,recording,充电口朝左,3,-0.851882,1.126745,9.670452,-0.162140,0.011083,0.000303
233000210.000,ZR,handheld,水平,right,recording,充电口朝左,3,-0.855698,1.124214,9.765012,-0.194038,0.037920,0.002055
233000220.000,ZR,handheld,水平,right,recording,充电口朝左,3,-0.877915,1.142711,9.780588,-0.244720,0.063314,-0.004525
233000230.000,ZR,handheld,水平,right,recording,充电口朝左,3,-0.956124,1.149703,9.647481,-0.325539,0.069072,-0.016645
233000240.000,ZR,handheld,水平,right,recording,充电口朝左,3,-0.963045,1.174335,9.501671,-0.414460,0.052751,-0.029712
233000250.000,ZR,handheld,水平,right,recording,充电口朝左,3,-1.033015,1.149271,9.481433,-0.491636,0.023437,-0.030920
233000260.000,ZR,handheld,水平,right,recording,充电口朝左,3,-1.069647,1.082008,9.514179,-0.541881,-0.002014,-0.021038
233000270.000,ZR,handheld,水平,right,recording,充电口朝左,3,-1.035153,1.033083,9.647485,-0.565851,-0.012719,-0.008930
233000280.000,ZR,handheld,水平,right,recording,充电口朝左,3,-1.018553,0.959135,9.711839,-0.581251,-0.009630,-0.005424
233000290.000,ZR,handheld,水平,right,recording,充电口朝左,3,-0.949366,0.910444,9.756203,-0.599290,0.001610,-0.004298
233000300.000,ZR,handheld,水平,right,recording,充电口朝左,3,-0.930505,0.878450,9.802028,-0.614456,0.025757,-0.006790
233000310.000,ZR,handheld,水平,right,recording,充电口朝左,3,-0.883346,0.834987,9.859239,-0.624350,0.046895,-0.008238
233000320.000,ZR,handheld,水平,right,recording,充电口朝左,3,-0.892338,0.694593,9.808668,-0.624142,0.074815,-0.014447
233000330.000,ZR,handheld,水平,right,recording,充电口朝左,3,-0.781082,0.647648,9.838087,-0.609960,0.085072,-0.018125
233000340.000,ZR,handheld,水平,right,recording,充电口朝左,3,-0.875931,0.630086,9.725281,-0.584138,0.071713,-0.017694
233000350.000,ZR,handheld,水平,right,recording,充电口朝左,3,-0.832826,0.622142,9.746380,-0.548984,0.038970,-0.011890
233000360.000,ZR,handheld,水平,right,recording,充电口朝左,3,-0.935878,0.488158,9.751196,-0.507968,0.052829,-0.009959
233000370.000,ZR,handheld,水平,right,recording,充电口朝左,3,-0.851237,0.265062,9.892451,-0.467778,0.079718,-0.018974
233000380.000,ZR,handheld,水平,right,recording,充电口朝左,3,-0.969522,0.354545,9.682358,-0.448999,0.071914,-0.020103
233000390.000,ZR,handheld,水平,right,recording,充电口朝左,3,-0.976079,0.296060,9.701725,-0.432154,0.088465,-0.019569
233000400.000,ZR,handheld,水平,right,recording,充电口朝左,3,-0.969031,0.247703,9.710376,-0.429586,0.082715,-0.011126
233000410.000,ZR,handheld,水平,right,recording,充电口朝左,3,-1.040155,0.191598,9.572041,-0.439952,0.062364,0.002472
233000420.000,ZR,handheld,水平,right,recording,充电口朝左,3,-0.997398,0.205472,9.613995,-0.461360,0.031933,0.021221
233000430.000,ZR,handheld,水平,right,recording,充电口朝左,3,-0.980560,0.168476,9.527200,-0.481749,0.020574,0.028918
233000440.000,ZR,handheld,水平,right,recording,充电口朝左,3,-0.832807,0.179630,9.705520,-0.492542,-0.004924,0.043908
233000450.000,ZR,handheld,水平,right,recording,充电口朝左,3,-1.280426,0.118095,9.781983,-0.492548,-0.010136,0.033211
233000460.000,ZR,handheld,水平,right,recording,充电口朝左,3,-0.722457,-0.063686,9.843969,-0.478548,0.002232,0.013230
233000470.000,ZR,handheld,水平,right,recording,充电口朝左,3,-1.139953,-0.014565,9.921307,-0.457091,-0.000239,0.006842
233000480.000,ZR,handheld,水平,right,recording,充电口朝左,3,-0.826132,-0.003361,9.800136,-0.426316,0.007379,0.002905
233000490.000,ZR,handheld,水平,right,recording,充电口朝左,3,-1.024978,-0.142737,9.916221,-0.374687,0.005475,0.005132
233000500.000,ZR,handheld,水平,right,recording,充电口朝左,3,-0.942358,-0.148302,9.913720,-0.317445,0.000289,0.013213
233000510.000,ZR,handheld,水平,right,recording,充电口朝左,3,-1.044482,-0.204759,9.875639,-0.278821,0.004838,0.026702
233000520.000,ZR,handheld,水平,right,recording,充电口朝左,3,-1.024608,-0.194446,9.728570,-0.259826,0.004236,0.039319
233000530.000,ZR,handheld,水平,right,recording,充电口朝左,3,-1.038526,-0.208352,9.670243,-0.255793,-0.019101,0.048602
233000540.000,ZR,handheld,水平,right,recording,充电口朝左,3,-1.065032,-0.329236,9.604933,-0.262030,-0.034486,0.053002
233000550.000,ZR,handheld,水平,right,recording,充电口朝左,3,-0.985018,-0.288021,9.644949,-0.267746,-0.041252,0.057699
233000560.000,ZR,handheld,水平,right,recording,充电口朝左,3,-1.012249,-0.314822,9.681109,-0.259152,-0.047423,0.057290
233000570.000,ZR,handheld,水平,right,recording,充电口朝左,3,-0.923198,-0.278074,9.815555,-0.237766,-0.048773,0.048112
233000580.000,ZR,handheld,水平,right,recording,充电口朝左,3,-0.940624,-0.339909,9.818789,-0.207425,-0.031052,0.037425
233000590.000,ZR,handheld,水平,right,recording,充电口朝左,3,-0.960724,-0.344598,9.921824,-0.178197,-0.022761,0.028788
233000600.000,ZR,handheld,水平,right,recording,充电口朝左,3,-0.993367,-0.391100,9.799668,-0.174270,-0.023758,0.022779
233000610.000,ZR,handheld,水平,right,recording,充电口朝左,3,-0.990870,-0.407620,9.677491,-0.179203,-0.032133,0.021657
233000620.000,ZR,handheld,水平,right,recording,充电口朝左,3,-0.989820,-0.431758,9.784625,-0.190161,-0.055821,0.031095
233000630.000,ZR,handheld,水平,right,recording,充电口朝左,3,-0.962274,-0.464006,9.662449,-0.192190,-0.048068,0.037015
233000640.000,ZR,handheld,水平,right,recording,充电口朝左,3,-0.938515,-0.487924,9.910276,-0.183683,-0.025051,0.042264
233000650.000,ZR,handheld,水平,right,recording,充电口朝左,3,-0.940749,-0.502294,9.812984,-0.178199,-0.014125,0.041923
233000660.000,ZR,handheld,水平,right,recording,充电口朝左,3,-0.945411,-0.551715,9.773370,-0.179707,-0.021829,0.032549
233000670.000,ZR,handheld,水平,right,recording,充电口朝左,3,-0.892052,-0.434751,9.821788,-0.173019,-0.015923,0.021466
233000680.000,ZR,handheld,水平,right,recording,充电口朝左,3,-0.936005,-0.504294,9.811656,-0.170014,-0.001391,0.010738
233000690.000,ZR,handheld,水平,right,recording,充电口朝左,3,-0.928841,-0.513829,9.870400,-0.153265,0.014970,0.003662
233000700.000,ZR,handheld,水平,right,recording,充电口朝左,3,-1.002485,-0.615413,9.843172,-0.144858,0.016360,0.001053
233000710.000,ZR,handheld,水平,right,recording,充电口朝左,3,-0.967898,-0.590770,9.775970,-0.152632,0.035328,0.002790
233000720.000,ZR,handheld,水平,right,recording,充电口朝左,3,-0.949633,-0.570679,9.756966,-0.166848,0.048092,0.007539
233000730.000,ZR,handheld,水平,right,recording,充电口朝左,3,-0.961402,-0.546814,9.621372,-0.175169,0.029464,0.009338
233000740.000,ZR,handheld,水平,right,recording,充电口朝左,3,-0.929423,-0.558877,9.785710,-0.160698,0.013531,0.009717
233000750.000,ZR,handheld,水平,right,recording,充电口朝左,3,-1.009605,-0.710191,9.683042,-0.136091,0.004893,0.008953
233000760.000,ZR,handheld,水平,right,recording,充电口朝左,3,-0.989269,-0.691226,9.857161,-0.095840,0.007413,0.009277
233000770.000,ZR,handheld,水平,right,recording,充电口朝左,3,-1.005497,-0.685502,9.768143,-0.077561,0.003041,0.015830
233000780.000,ZR,handheld,水平,right,recording,充电口朝左,3,-1.044623,-0.699697,9.603514,-0.078479,-0.009072,0.024814
233000790.000,ZR,handheld,水平,right,recording,充电口朝左,3,-1.008882,-0.643919,9.685224,-0.078893,0.006178,0.027793
233000800.000,ZR,handheld,水平,right,recording,充电口朝左,3,-1.017538,-0.699977,9.663764,-0.089226,-0.004975,0.025620
233000810.000,ZR,handheld,水平,right,recording,充电口朝左,3,-0.991698,-0.663785,9.581730,-0.090637,-0.014890,0.023131
233000820.000,ZR,handheld,水平,right,recording,充电口朝左,3,-1.018952,-0.666098,9.678411,-0.090255,-0.007830,0.023156
233000830.000,ZR,handheld,水平,right,recording,充电口朝左,3,-0.965676,-0.624981,9.629729,-0.069761,0.004686,0.022399
233000840.000,ZR,handheld,水平,right,recording,充电口朝左,3,-0.962711,-0.695098,9.740615,-0.040372,-0.000690,0.018169
233000850.000,ZR,handheld,水平,right,recording,充电口朝左,3,-0.965780,-0.702124,9.650198,-0.009241,0.005556,0.011691
233000860.000,ZR,handheld,水平,right,recording,充电口朝左,3,-0.960858,-0.733329,9.715791,0.015222,0.017315,0.003439
233000870.000,ZR,handheld,水平,right,recording,充电口朝左,3,-0.971840,-0.745169,9.666180,0.037293,0.016060,-0.002489
233000880.000,ZR,handheld,水平,right,recording,充电口朝左,3,-0.964523,-0.728274,9.661896,0.046348,0.021200,-0.005872
233000890.000,ZR,handheld,水平,right,recording,充电口朝左,3,-0.989068,-0.737108,9.627511,0.048819,0.030453,-0.005385
233000900.000,ZR,handheld,水平,right,recording,充电口朝左,3,-0.974535,-0.741210,9.628057,0.048656,0.025105,0.001443
233000910.000,ZR,handheld,水平,right,recording,充电口朝左,3,-1.000606,-0.761303,9.597282,0.041760,0.001760,0.012872
233000920.000,ZR,handheld,水平,right,recording,充电口朝左,3,-0.964453,-0.702768,9.592919,0.029519,-0.011019,0.019832
233000930.000,ZR,handheld,水平,right,recording,充电口朝左,3,-0.965264,-0.665688,9.652343,0.013644,-0.021786,0.026338
233000940.000,ZR,handheld,水平,right,recording,充电口朝左,3,-0.982474,-0.675972,9.695676,0.004074,-0.013327,0.030592
233000950.000,ZR,handheld,水平,right,recording,充电口朝左,3,-0.961397,-0.674955,9.767619,0.001601,-0.000213,0.027262
233000960.000,ZR,handheld,水平,right,recording,充电口朝左,3,-0.971352,-0.673080,9.779802,0.005004,0.004661,0.025857
233000970.000,ZR,handheld,水平,right,recording,充电口朝左,3,-0.985576,-0.691152,9.774069,0.017301,0.009319,0.025746
233000980.000,ZR,handheld,水平,right,recording,充电口朝左,3,-0.955570,-0.663674,9.781635,0.029706,0.015064,0.024422
233000990.000,ZR,handheld,水平,right,recording,充电口朝左,3,-0.995705,-0.662794,9.746108,0.040729,0.012741,0.020466
233001000.000,ZR,handheld,水平,right,recording,充电口朝左,3,-0.996417,-0.697812,9.750323,0.043019,0.015626,0.018323
233001010.000,ZR,handheld,水平,right,recording,充电口朝左,3,-1.002445,-0.685333,9.693429,0.039161,0.017983,0.019834
233001020.000,ZR,handheld,水平,right,recording,充电口朝左,3,-0.993676,-0.656149,9.700967,0.036328,0.009867,0.024314
233001030.000,ZR,handheld,水平,right,recording,充电口朝左,3,-1.006765,-0.622107,9.709874,0.031442,0.010552,0.028852
233001040.000,ZR,handheld,水平,right,recording,充电口朝左,3,-0.992973,-0.628253,9.740017,0.025944,0.017293,0.030161
233001050.000,ZR,handheld,水平,right,recording,充电口朝左,3,-1.007774,-0.602901,9.766667,0.019450,0.011821,0.023633
233001060.000,ZR,handheld,水平,right,recording,充电口朝左,3,-1.006133,-0.597786,9.730571,0.010140,0.006098,0.014909
233001070.000,ZR,handheld,水平,right,recording,充电口朝左,3,-1.027764,-0.586618,9.762016,0.003662,0.005685,0.009236
233001080.000,ZR,handheld,水平,right,recording,充电口朝左,3,-1.014537,-0.610259,9.741373,-0.002585,0.003501,0.005922
233001090.000,ZR,handheld,水平,right,recording,充电口朝左,3,-1.009809,-0.602870,9.759679,-0.006923,-0.003641,0.009381
233001100.000,ZR,handheld,水平,right,recording,充电口朝左,3,-1.018593,-0.596912,9.759932,-0.009952,-0.000904,0.013475
233001110.000,ZR,handheld,水平,right,recording,充电口朝左,3,-0.985670,-0.617015,9.753054,-0.011493,0.015729,0.016919
233001120.000,ZR,handheld,水平,right,recording,充电口朝左,3,-0.989361,-0.619164,9.727759,-0.010986,0.015883,0.016042
233001130.000,ZR,handheld,水平,right,recording,充电口朝左,3,-0.981818,-0.634384,9.687567,-0.009498,0.011597,0.014683
233001140.000,ZR,handheld,水平,right,recording,充电口朝左,3,-0.980056,-0.625408,9.700974,-0.005266,0.012962,0.014294
233001150.000,ZR,handheld,水平,right,recording,充电口朝左,3,-1.007846,-0.643499,9.702557,0.001753,0.016789,0.014027
233001160.000,ZR,handheld,水平,right,recording,充电口朝左,3,-0.977009,-0.616218,9.715057,0.009059,0.021904,0.011913
233001170.000,ZR,handheld,水平,right,recording,充电口朝左,3,-0.990239,-0.604811,9.711181,0.012185,0.021574,0.006243
233001180.000,ZR,handheld,水平,right,recording,充电口朝左,3,-0.984447,-0.619263,9.659761,0.007559,0.018328,-0.001191
233001190.000,ZR,handheld,水平,right,recording,充电口朝左,3,-1.027441,-0.615081,9.638744,0.000188,0.010128,-0.006406
233001200.000,ZR,handheld,水平,right,recording,充电口朝左,3,-1.025089,-0.622046,9.642593,-0.006811,0.006219,-0.004730
233001210.000,ZR,handheld,水平,right,recording,充电口朝左,3,-1.031277,-0.662866,9.654380,-0.007965,0.005152,0.000456
233001220.000,ZR,handheld,水平,right,recording,充电口朝左,3,-1.015414,-0.650951,9.671873,-0.005787,0.001735,0.008717
233001230.000,ZR,handheld,水平,right,recording,充电口朝左,3,-0.985185,-0.649231,9.685889,-0.002503,0.004848,0.016882
233001240.000,ZR,handheld,水平,right,recording,充电口朝左,3,-0.981858,-0.677743,9.682402,0.001892,0.011420,0.020825
233001250.000,ZR,handheld,水平,right,recording,充电口朝左,3,-0.968741,-0.658939,9.686736,0.009634,0.019450,0.022228
233001260.000,ZR,handheld,水平,right,recording,充电口朝左,3,-0.954083,-0.632223,9.702647,0.018221,0.016923,0.018796
233001270.000,ZR,handheld,水平,right,recording,充电口朝左,3,-0.977009,-0.619315,9.705642,0.022904,0.013840,0.014848
233001280.000,ZR,handheld,水平,right,recording,充电口朝左,3,-0.978387,-0.614845,9.695769,0.024231,0.015116,0.008515
233001290.000,ZR,handheld,水平,right,recording,充电口朝左,3,-0.981605,-0.597164,9.688335,0.019451,0.012211,0.004429
233001300.000,ZR,handheld,水平,right,recording,充电口朝左,3,-0.996667,-0.541949,9.685928,0.009678,0.009366,0.000899
233001310.000,ZR,handheld,水平,right,recording,充电口朝左,3,-1.014199,-0.523550,9.693635,-0.000457,0.010373,0.001322
233001320.000,ZR,handheld,水平,right,recording,充电口朝左,3,-1.005987,-0.558071,9.674932,-0.011006,0.010274,0.001241
233001330.000,ZR,handheld,水平,right,recording,充电口朝左,3,-1.027078,-0.568476,9.659457,-0.019027,0.004679,0.004159
233001340.000,ZR,handheld,水平,right,recording,充电口朝左,3,-1.037712,-0.585802,9.653587,-0.019754,0.003267,0.006551
233001350.000,ZR,handheld,水平,right,recording,充电口朝左,3,-1.056730,-0.610505,9.653216,-0.014291,0.002727,0.007249
233001360.000,ZR,handheld,水平,right,recording,充电口朝左,3,-1.041388,-0.624708,9.627915,-0.009386,-0.003108,0.004067
233001370.000,ZR,handheld,水平,right,recording,充电口朝左,3,-1.059991,-0.612134,9.630445,-0.004089,-0.000513,-0.001722
233001380.000,ZR,handheld,水平,right,recording,充电口朝左,3,-1.051242,-0.621201,9.657088,0.004378,0.007186,-0.008539
233001390.000,ZR,handheld,水平,right,recording,充电口朝左,3,-1.046023,-0.637731,9.656717,0.009498,0.008343,-0.010709
233001400.000,ZR,handheld,水平,right,recording,充电口朝左,3,-1.040338,-0.650647,9.649116,0.013338,0.012283,-0.008350
233001410.000,ZR,handheld,水平,right,recording,充电口朝左,3,-1.024722,-0.628543,9.636280,0.011575,0.009344,-0.008358
233001420.000,ZR,handheld,水平,right,recording,充电口朝左,3,-1.020947,-0.650470,9.630889,0.004118,-0.000573,-0.011611
233001430.000,ZR,handheld,水平,right,recording,充电口朝左,3,-1.002681,-0.641651,9.662352,-0.003917,-0.012141,-0.016403
233001440.000,ZR,handheld,水平,right,recording,充电口朝左,3,-0.983314,-0.640954,9.689952,-0.018046,-0.013458,-0.019731
233001450.000,ZR,handheld,水平,right,recording,充电口朝左,3,-0.972334,-0.637806,9.714242,-0.025918,-0.016038,-0.023020
233001460.000,ZR,handheld,水平,right,recording,充电口朝左,3,-0.959787,-0.646302,9.756331,-0.027255,-0.017394,-0.024518
233001470.000,ZR,handheld,水平,right,recording,充电口朝左,3,-0.984242,-0.672760,9.758069,-0.022818,-0.007123,-0.022341
233001480.000,ZR,handheld,水平,right,recording,充电口朝左,3,-0.972835,-0.656675,9.831930,-0.010715,0.004735,-0.016975
233001490.000,ZR,handheld,水平,right,recording,充电口朝左,3,-0.983581,-0.648195,9.804515,-0.001492,0.017997,-0.011442
233001500.000,ZR,handheld,水平,right,recording,充电口朝左,3,-0.987482,-0.618356,9.816433,-0.000519,0.024748,-0.011414
233001510.000,ZR,handheld,水平,right,recording,充电口朝左,3,-1.036372,-0.657071,9.731094,-0.015156,0.029720,-0.014070
233001520.000,ZR,handheld,水平,right,recording,充电口朝左,3,-1.057185,-0.660195,9.700467,-0.040122,0.036889,-0.019781
233001530.000,ZR,handheld,水平,right,recording,充电口朝左,3,-1.053351,-0.639848,9.653535,-0.065065,0.033084,-0.021662
233001540.000,ZR,handheld,水平,right,recording,充电口朝左,3,-1.076430,-0.644335,9.626122,-0.080012,0.022206,-0.018908
233001550.000,ZR,handheld,水平,right,recording,充电口朝左,3,-1.067394,-0.638689,9.714138,-0.077530,0.019629,-0.014023
233001560.000,ZR,handheld,水平,right,recording,充电口朝左,3,-1.046727,-0.625086,9.760753,-0.070710,0.033194,-0.011257
233001570.000,ZR,handheld,水平,right,recording,充电口朝左,3,-1.023645,-0.617892,9.720821,-0.052525,0.038241,-0.014570
233001580.000,ZR,handheld,水平,right,recording,充电口朝左,3,-1.046026,-0.645385,9.831595,-0.025862,0.041404,-0.016366
233001590.000,ZR,handheld,水平,right,recording,充电口朝左,3,-1.037375,-0.700048,9.808121,-0.003928,0.053188,-0.022390
233001600.000,ZR,handheld,水平,right,recording,充电口朝左,3,-1.075704,-0.692566,9.734703,0.003605,0.057518,-0.022718
233001610.000,ZR,handheld,水平,right,recording,充电口朝左,3,-1.034551,-0.686660,9.664155,0.001182,0.042096,-0.019459
233001620.000,ZR,handheld,水平,right,recording,充电口朝左,3,-1.055755,-0.705340,9.647765,-0.006369,0.024912,-0.015313
233001630.000,ZR,handheld,水平,right,recording,充电口朝左,3,-1.052113,-0.727990,9.601069,-0.016497,0.012943,-0.011147
233001640.000,ZR,handheld,水平,right,recording,充电口朝左,3,-1.039960,-0.695944,9.646753,-0.028241,0.004205,-0.009761
233001650.000,ZR,handheld,水平,right,recording,充电口朝左,3,-1.006019,-0.720844,9.666687,-0.030128,0.009141,-0.011774
233001660.000,ZR,handheld,水平,right,recording,充电口朝左,3,-1.031218,-0.645256,9.723066,-0.032830,0.007425,-0.013821
233001670.000,ZR,handheld,水平,right,recording,充电口朝左,3,-1.015834,-0.702670,9.665302,-0.028077,0.004462,-0.014614
233001680.000,ZR,handheld,水平,right,recording,充电口朝左,3,-1.042693,-0.710090,9.761429,-0.014163,0.007388,-0.011545
233001690.000,ZR,handheld,水平,right,recording,充电口朝左,3,-1.061761,-0.733396,9.695618,-0.003659,0.015881,-0.008154
233001700.000,ZR,handheld,水平,right,recording,充电口朝左,3,-1.018655,-0.724799,9.743236,0.004690,0.023194,-0.007044
233001710.000,ZR,handheld,水平,right,recording,充电口朝左,3,-1.103784,-0.710872,9.656818,0.004176,0.023425,-0.007206
233001720.000,ZR,handheld,水平,right,recording,充电口朝左,3,-1.044537,-0.703453,9.625134,-0.001880,0.020832,-0.009512
233001730.000,ZR,handheld,水平,right,recording,充电口朝左,3,-1.141152,-0.679878,9.576489,-0.008846,0.007121,-0.009383
233001740.000,ZR,handheld,水平,right,recording,充电口朝左,3,-1.117583,-0.668492,9.569790,-0.017653,-0.010778,-0.009125
233001750.000,ZR,handheld,水平,right,recording,充电口朝左,3,-1.136168,-0.686892,9.622454,-0.014519,-0.012110,-0.011383
233001760.000,ZR,handheld,水平,right,recording,充电口朝左,3,-1.060828,-0.694313,9.724382,-0.005422,-0.007086,-0.018112
233001770.000,ZR,handheld,水平,right,recording,充电口朝左,3,-1.072956,-0.687144,9.722358,0.004750,0.007548,-0.028630
233001780.000,ZR,handheld,水平,right,recording,充电口朝左,3,-0.972101,-0.663726,9.891977,0.017694,0.062220,-0.021401
233001790.000,ZR,handheld,水平,right,recording,充电口朝左,3,-1.267506,-0.631861,9.622283,0.008335,0.029251,-0.027251
233001800.000,ZR,handheld,水平,right,recording,充电口朝左,3,-0.907988,-0.629531,9.693777,-0.007121,0.022234,-0.038958
233001810.000,ZR,handheld,水平,right,recording,充电口朝左,3,-1.212494,-0.658027,9.632623,-0.022576,0.042255,-0.044377
233001820.000,ZR,handheld,水平,right,recording,充电口朝左,3,-1.162199,-0.649334,9.682345,-0.036549,0.006764,-0.040347
233001830.000,ZR,handheld,水平,right,recording,充电口朝左,3,-1.137997,-0.713881,9.590471,-0.046772,-0.024097,-0.043112
233001840.000,ZR,handheld,水平,right,recording,充电口朝左,3,-1.145890,-0.739892,9.659260,-0.051736,-0.037197,-0.038031
233001850.000,ZR,handheld,水平,right,recording,充电口朝左,3,-1.086218,-0.731482,9.750307,-0.039494,-0.028530,-0.025727
233001860.000,ZR,handheld,水平,right,recording,充电口朝左,3,-1.081287,-0.762305,9.774061,-0.023513,-0.014523,-0.015528
233001870.000,ZR,handheld,水平,right,recording,充电口朝左,3,-1.014125,-0.848579,9.812131,-0.002966,0.000646,-0.013642
233001880.000,ZR,handheld,水平,right,recording,充电口朝左,3,-1.066771,-0.810689,9.760103,0.005396,0.003303,-0.012439
233001890.000,ZR,handheld,水平,right,recording,充电口朝左,3,-1.060782,-0.767406,9.659478,0.008240,-0.001080,-0.010770
233001900.000,ZR,handheld,水平,right,recording,充电口朝左,3,-1.079530,-0.815643,9.731437,0.012468,0.007053,-0.009822
233001910.000,ZR,handheld,水平,right,recording,充电口朝左,3,-1.096861,-0.820667,9.706782,0.008747,0.000219,-0.011654
233001920.000,ZR,handheld,水平,right,recording,充电口朝左,3,-1.076897,-0.798974,9.651958,0.000349,-0.007057,-0.012275
233001930.000,ZR,handheld,水平,right,recording,充电口朝左,3,-1.053002,-0.729625,9.739022,-0.008768,-0.002353,-0.008500
233001940.000,ZR,handheld,水平,right,recording,充电口朝左,3,-1.076681,-0.730048,9.691461,-0.022217,0.002396,-0.002656
233001950.000,ZR,handheld,水平,right,recording,充电口朝左,3,-1.005589,-0.780606,9.746790,-0.022926,0.037699,0.003051
233001960.000,ZR,handheld,水平,right,recording,充电口朝左,3,-1.118208,-0.778684,9.756984,-0.029302,0.020923,0.017345
233001970.000,ZR,handheld,水平,right,recording,充电口朝左,3,-1.055283,-0.770401,9.659705,-0.026532,0.008196,0.021974
233001980.000,ZR,handheld,水平,right,recording,充电口朝左,3,-1.086427,-0.770625,9.763872,-0.025789,0.009428,0.023055
233001990.000,ZR,handheld,水平,right,recording,充电口朝左,3,-1.084708,-0.746623,9.711745,-0.029132,0.008799,0.019715
233002000.000,ZR,handheld,水平,right,recording,充电口朝左,3,-1.107661,-0.661413,9.751804,-0.031498,-0.003816,0.018550
233002010.000,ZR,handheld,水平,right,recording,充电口朝左,3,-1.097020,-0.618623,9.692874,-0.042419,0.004392,0.016750
233002020.000,ZR,handheld,水平,right,recording,充电口朝左,3,-1.175553,-0.854633,9.735443,-0.045745,0.012840,0.008078
233002030.000,ZR,handheld,水平,right,recording,充电口朝左,3,-1.116927,-0.718703,9.746229,-0.047306,0.007231,-0.001473
233002040.000,ZR,handheld,水平,right,recording,充电口朝左,3,-1.138683,-0.746004,9.638811,-0.048338,0.007012,-0.007856
233002050.000,ZR,handheld,水平,right,recording,充电口朝左,3,-1.113302,-0.730767,9.754794,-0.039674,0.019385,-0.011742
233002060.000,ZR,handheld,水平,right,recording,充电口朝左,3,-1.113620,-0.786107,9.731568,-0.030401,0.030138,-0.010286
233002070.000,ZR,handheld,水平,right,recording,充电口朝左,3,-1.094965,-0.779687,9.733750,-0.024029,0.040271,-0.008944
233002080.000,ZR,handheld,水平,right,recording,充电口朝左,3,-1.097430,-0.759961,9.663074,-0.021784,0.034701,-0.008188
233002090.000,ZR,handheld,水平,right,recording,充电口朝左,3,-1.114685,-0.789154,9.657999,-0.020318,0.018591,-0.004326
233002100.000,ZR,handheld,水平,right,recording,充电口朝左,3,-1.102814,-0.819331,9.649536,-0.025600,0.008578,-0.001572
233002110.000,ZR,handheld,水平,right,recording,充电口朝左,3,-1.092219,-0.771645,9.648244,-0.029998,0.002535,0.000079
233002120.000,ZR,handheld,水平,right,recording,充电口朝左,3,-1.111978,-0.783020,9.701037,-0.028169,0.008570,0.005326
233002130.000,ZR,handheld,水平,right,recording,充电口朝左,3,-1.104769,-0.803730,9.721880,-0.017745,0.024590,0.012961
233002140.000,ZR,handheld,水平,right,recording,充电口朝左,3,-1.114970,-0.815650,9.710150,-0.007188,0.026619,0.024175
233002150.000,ZR,handheld,水平,right,recording,充电口朝左,3,-1.131216,-0.813914,9.642995,0.004024,0.022713,0.031003
233002160.000,ZR,handheld,水平,right,recording,充电口朝左,3,-1.106842,-0.799414,9.653983,0.013297,0.021148,0.029903
233002170.000,ZR,handheld,水平,right,recording,充电口朝左,3,-1.121576,-0.807155,9.659203,0.019918,0.017395,0.018971
233002180.000,ZR,handheld,水平,right,recording,充电口朝左,3,-1.116516,-0.808624,9.653093,0.018528,0.014892,0.008450
233002190.000,ZR,handheld,水平,right,recording,充电口朝左,3,-1.145133,-0.801533,9.636819,0.013249,0.010872,-0.000968
233002200.000,ZR,handheld,水平,right,recording,充电口朝左,3,-1.130492,-0.755531,9.659104,0.007669,-0.000914,-0.002105
233002210.000,ZR,handheld,水平,right,recording,充电口朝左,3,-1.122747,-0.731920,9.687171,0.003368,0.001619,0.003348
233002220.000,ZR,handheld,水平,right,recording,充电口朝左,3,-1.097813,-0.715137,9.701193,-0.002276,0.005971,0.008803
233002230.000,ZR,handheld,水平,right,recording,充电口朝左,3,-1.133593,-0.756975,9.676385,-0.005230,-0.000369,0.013444
233002240.000,ZR,handheld,水平,right,recording,充电口朝左,3,-1.096787,-0.734506,9.716806,-0.005917,-0.002738,0.010245
233002250.000,ZR,handheld,水平,right,recording,充电口朝左,3,-1.104810,-0.727515,9.714846,-0.008069,-0.000125,0.001930
233002260.000,ZR,handheld,水平,right,recording,充电口朝左,3,-1.123552,-0.750970,9.719630,-0.005265,0.003284,-0.012251
233002270.000,ZR,handheld,水平,right,recording,充电口朝左,3,-1.126916,-0.779620,9.747970,-0.004446,-0.001326,-0.021865
233002280.000,ZR,handheld,水平,right,recording,充电口朝左,3,-1.124986,-0.757648,9.712955,-0.001065,0.002212,-0.023408
233002290.000,ZR,handheld,水平,right,recording,充电口朝左,3,-1.121900,-0.710543,9.720937,-0.001065,0.015237,-0.014259
233002300.000,ZR,handheld,水平,right,recording,充电口朝左,3,-1.149275,-0.746738,9.689774,-0.001373,0.022537,-0.000581
233002310.000,ZR,handheld,水平,right,recording,充电口朝左,3,-1.148978,-0.757391,9.646066,-0.004831,0.019258,0.010722
233002320.000,ZR,handheld,水平,right,recording,充电口朝左,3,-1.135197,-0.765747,9.607178,-0.011214,0.005379,0.015438
233002330.000,ZR,handheld,水平,right,recording,充电口朝左,3,-1.144761,-0.767643,9.597927,-0.020191,0.001073,0.011053
233002340.000,ZR,handheld,水平,right,recording,充电口朝左,3,-1.122045,-0.780737,9.622734,-0.022394,0.002016,0.002047
233002350.000,ZR,handheld,水平,right,recording,充电口朝左,3,-1.107943,-0.806085,9.662160,-0.016572,0.008694,-0.007996
233002360.000,ZR,handheld,水平,right,recording,充电口朝左,3,-1.109636,-0.805628,9.656078,-0.007126,0.011336,-0.010510
233002370.000,ZR,handheld,水平,right,recording,充电口朝左,3,-1.126188,-0.807442,9.657090,0.001661,0.011924,-0.008506
233002380.000,ZR,handheld,水平,right,recording,充电口朝左,3,-1.115505,-0.807106,9.646278,0.009154,0.011312,-0.006948
233002390.000,ZR,handheld,水平,right,recording,充电口朝左,3,-1.107812,-0.821969,9.672438,0.014594,0.007431,-0.008777
233002400.000,ZR,handheld,水平,right,recording,充电口朝左,3,-1.111277,-0.829863,9.660534,0.012996,0.006684,-0.012316
233002410.000,ZR,handheld,水平,right,recording,充电口朝左,3,-1.102309,-0.834357,9.677503,0.009341,0.006929,-0.014059
233002420.000,ZR,handheld,水平,right,recording,充电口朝左,3,-1.095916,-0.815233,9.693149,0.006377,0.000500,-0.009505
233002430.000,ZR,handheld,水平,right,recording,充电口朝左,3,-1.124415,-0.825315,9.705056,0.005825,-0.005492,-0.003270
233002440.000,ZR,handheld,水平,right,recording,充电口朝左,3,-1.097903,-0.823714,9.756600,0.006516,-0.001098,0.005791
233002450.000,ZR,handheld,水平,right,recording,充电口朝左,3,-1.123258,-0.794107,9.761982,0.003256,0.008092,0.011201
233002460.000,ZR,handheld,水平,right,recording,充电口朝左,3,-1.135202,-0.774788,9.716685,-0.001563,0.007080,0.018715
233002470.000,ZR,handheld,水平,right,recording,充电口朝左,3,-1.141627,-0.777568,9.701318,-0.003370,0.001313,0.021597
233002480.000,ZR,handheld,水平,right,recording,充电口朝左,3,-1.176671,-0.805097,9.690705,-0.004103,0.006560,0.020070
233002490.000,ZR,handheld,水平,right,recording,充电口朝左,3,-1.164564,-0.801418,9.707802,-0.001103,0.009463,0.012431
233002500.000,ZR,handheld,水平,right,recording,充电口朝左,3,-1.156557,-0.795567,9.722099,0.003183,0.004283,0.004689
233002510.000,ZR,handheld,水平,right,recording,充电口朝左,3,-1.142035,-0.783143,9.726749,0.009170,0.007831,-0.003701
233002520.000,ZR,handheld,水平,right,recording,充电口朝左,3,-1.166417,-0.771095,9.772938,0.013191,0.015594,-0.007988
233002530.000,ZR,handheld,水平,right,recording,充电口朝左,3,-1.178773,-0.742905,9.686273,0.009251,0.018654,-0.007861
233002540.000,ZR,handheld,水平,right,recording,充电口朝左,3,-1.168166,-0.706426,9.675055,0.002853,0.008165,-0.006724
233002550.000,ZR,handheld,水平,right,recording,充电口朝左,3,-1.171520,-0.727409,9.656300,-0.006524,0.005702,-0.005829
233002560.000,ZR,handheld,水平,right,recording,充电口朝左,3,-1.157908,-0.741330,9.669117,-0.012092,0.004728,-0.002527
233002570.000,ZR,handheld,水平,right,recording,充电口朝左,3,-1.178228,-0.752818,9.672200,-0.017084,0.003071,0.003857
233002580.000,ZR,handheld,水平,right,recording,充电口朝左,3,-1.138851,-0.750488,9.634872,-0.016802,0.000040,0.005879
233002590.000,ZR,handheld,水平,right,recording,充电口朝左,3,-1.132122,-0.759722,9.667272,-0.014454,0.003296,0.006272
233002600.000,ZR,handheld,水平,right,recording,充电口朝左,3,-1.127357,-0.807210,9.675450,-0.009266,0.014809,-0.000321
233002610.000,ZR,handheld,水平,right,recording,充电口朝左,3,-1.116980,-0.808095,9.699212,-0.003339,0.024405,-0.007617
233002620.000,ZR,handheld,水平,right,recording,充电口朝左,3,-1.098776,-0.819148,9.681700,0.003260,0.022096,-0.011282
233002630.000,ZR,handheld,水平,right,recording,充电口朝左,3,-1.127931,-0.795377,9.684421,0.006385,0.014962,-0.013695
233002640.000,ZR,handheld,水平,right,recording,充电口朝左,3,-1.101227,-0.767843,9.687818,0.010567,0.010831,-0.010357
233002650.000,ZR,handheld,水平,right,recording,充电口朝左,3,-1.139468,-0.788696,9.694773,0.009045,0.010091,-0.003596
233002660.000,ZR,handheld,水平,right,recording,充电口朝左,3,-1.134686,-0.782584,9.651291,0.004700,0.007821,0.003287
233002670.000,ZR,handheld,水平,right,recording,充电口朝左,3,-1.131647,-0.770400,9.645186,0.001527,0.000905,0.008167
233002680.000,ZR,handheld,水平,right,recording,充电口朝左,3,-1.141294,-0.768443,9.635378,-0.004185,-0.005086,0.011370
233002690.000,ZR,handheld,水平,right,recording,充电口朝左,3,-1.140047,-0.780555,9.647109,-0.005785,-0.003893,0.010459
233002700.000,ZR,handheld,水平,right,recording,充电口朝左,3,-1.166387,-0.785342,9.673219,-0.005970,-0.000939,0.007836
233002710.000,ZR,handheld,水平,right,recording,充电口朝左,3,-1.155759,-0.785376,9.674917,-0.000639,-0.005729,0.005477
233002720.000,ZR,handheld,水平,right,recording,充电口朝左,3,-1.187427,-0.768580,9.720392,0.009393,-0.007205,0.002610
233002730.000,ZR,handheld,水平,right,recording,充电口朝左,3,-1.170979,-0.717837,9.728907,0.016646,0.000931,0.001157
233002740.000,ZR,handheld,水平,right,recording,充电口朝左,3,-1.198297,-0.729014,9.724399,0.023960,0.011832,-0.000072
233002750.000,ZR,handheld,水平,right,recording,充电口朝左,3,-1.188704,-0.723153,9.727720,0.025652,0.014164,-0.003995
233002760.000,ZR,handheld,水平,right,recording,充电口朝左,3,-1.199829,-0.721260,9.672703,0.020095,0.006753,-0.006732
233002770.000,ZR,handheld,水平,right,recording,充电口朝左,3,-1.225875,-0.705892,9.646068,0.008328,0.004289,-0.009259
233002780.000,ZR,handheld,水平,right,recording,充电口朝左,3,-1.228549,-0.753446,9.662482,0.000101,0.008452,-0.011345
233002790.000,ZR,handheld,水平,right,recording,充电口朝左,3,-1.180758,-0.774053,9.683384,-0.007710,0.014771,-0.011113
233002800.000,ZR,handheld,水平,right,recording,充电口朝左,3,-1.199097,-0.806589,9.668359,-0.011872,0.011572,-0.009496
233002810.000,ZR,handheld,水平,right,recording,充电口朝左,3,-1.178501,-0.798594,9.696803,-0.007133,0.002356,-0.007922
233002820.000,ZR,handheld,水平,right,recording,充电口朝左,3,-1.176607,-0.851914,9.681582,0.001606,0.006843,-0.008091
233002830.000,ZR,handheld,水平,right,recording,充电口朝左,3,-1.108492,-0.880541,9.773050,0.015570,0.006659,-0.008249
233002840.000,ZR,handheld,水平,right,recording,充电口朝左,3,-1.136141,-0.881174,9.749797,0.021855,0.001724,-0.005694
233002850.000,ZR,handheld,水平,right,recording,充电口朝左,3,-1.126275,-0.852516,9.759731,0.022229,0.015666,0.002363
233002860.000,ZR,handheld,水平,right,recording,充电口朝左,3,-1.156379,-0.803102,9.760350,0.013549,0.018863,0.008717
233002870.000,ZR,handheld,水平,right,recording,充电口朝左,3,-1.157821,-0.807304,9.681440,-0.000267,0.006840,0.013665
233002880.000,ZR,handheld,水平,right,recording,充电口朝左,3,-1.170133,-0.817988,9.676377,-0.017240,0.004508,0.015188
233002890.000,ZR,handheld,水平,right,recording,充电口朝左,3,-1.199160,-0.789109,9.629869,-0.030452,-0.000489,0.019773
233002900.000,ZR,handheld,水平,right,recording,充电口朝左,3,-1.189443,-0.792565,9.636840,-0.032463,-0.004793,0.021823
233002910.000,ZR,handheld,水平,right,recording,充电口朝左,3,-1.154749,-0.763924,9.687556,-0.024153,-0.010360,0.018116
233002920.000,ZR,handheld,水平,right,recording,充电口朝左,3,-1.192393,-0.800228,9.689384,-0.009988,-0.007357,0.013479
233002930.000,ZR,handheld,水平,right,recording,充电口朝左,3,-1.187397,-0.813604,9.750087,0.010619,0.005019,0.009082
233002940.000,ZR,handheld,水平,right,recording,充电口朝左,3,-1.175614,-0.797461,9.725008,0.024771,0.013117,0.008426
233002950.000,ZR,handheld,水平,right,recording,充电口朝左,3,-1.201151,-0.774042,9.643381,0.028619,0.013055,0.010833
233002960.000,ZR,handheld,水平,right,recording,充电口朝左,3,-1.181727,-0.762503,9.656002,0.027633,0.008214,0.016278
233002970.000,ZR,handheld,水平,right,recording,充电口朝左,3,-1.224510,-0.768488,9.598499,0.017771,0.006753,0.024189
233002980.000,ZR,handheld,水平,right,recording,充电口朝左,3,-1.189910,-0.757328,9.595425,0.008619,-0.005803,0.026079
233002990.000,ZR,handheld,水平,right,recording,充电口朝左,3,-1.191590,-0.762273,9.630252,0.000220,-0.016549,0.025535
233003000.000,ZR,handheld,水平,right,recording,充电口朝左,3,-1.162750,-0.752474,9.699907,-0.002465,-0.004778,0.017997
233003010.000,ZR,handheld,水平,right,recording,充电口朝左,3,-1.159561,-0.749474,9.740517,-0.001970,0.013467,0.011122
233003020.000,ZR,handheld,水平,right,recording,充电口朝左,3,-1.165586,-0.764278,9.717657,0.002803,0.016837,0.004436
233003030.000,ZR,handheld,水平,right,recording,充电口朝左,3,-1.176353,-0.748111,9.704661,0.010866,0.009721,0.000237
233003040.000,ZR,handheld,水平,right,recording,充电口朝左,3,-1.166679,-0.753721,9.658221,0.015778,0.009830,0.001328
233003050.000,ZR,handheld,水平,right,recording,充电口朝左,3,-1.166220,-0.766544,9.687173,0.022792,0.015386,0.006152
233003060.000,ZR,handheld,水平,right,recording,充电口朝左,3,-1.180487,-0.768205,9.671072,0.024678,0.019674,0.011340
233003070.000,ZR,handheld,水平,right,recording,充电口朝左,3,-1.152638,-0.765532,9.669256,0.025047,0.019686,0.017451
233003080.000,ZR,handheld,水平,right,recording,充电口朝左,3,-1.130644,-0.758320,9.663347,0.022163,0.010213,0.020962
233003090.000,ZR,handheld,水平,right,recording,充电口朝左,3,-1.153408,-0.778721,9.612201,0.013080,0.010827,0.021100
233003100.000,ZR,handheld,水平,right,recording,充电口朝左,3,-1.145713,-0.773719,9.662009,0.003748,0.013284,0.019801
233003110.000,ZR,handheld,水平,right,recording,充电口朝左,3,-1.168300,-0.780004,9.636011,-0.001883,0.000627,0.018928
233003120.000,ZR,handheld,水平,right,recording,充电口朝左,3,-1.184127,-0.763588,9.625256,-0.003407,-0.000660,0.020626
233003130.000,ZR,handheld,水平,right,recording,充电口朝左,3,-1.151155,-0.760244,9.675269,0.005530,0.004487,0.024358
233003140.000,ZR,handheld,水平,right,recording,充电口朝左,3,-1.174295,-0.738994,9.698054,0.023231,0.004978,0.029627
233003150.000,ZR,handheld,水平,right,recording,充电口朝左,3,-1.157356,-0.715562,9.741495,0.050909,0.012167,0.027149
233003160.000,ZR,handheld,水平,right,recording,充电口朝左,3,-1.174758,-0.759281,9.778723,0.064793,0.017290,0.025240
233003170.000,ZR,handheld,水平,right,recording,充电口朝左,3,-1.200068,-0.717786,9.647951,0.063492,0.016243,0.021651
233003180.000,ZR,handheld,水平,right,recording,充电口朝左,3,-1.190135,-0.683350,9.650469,0.051253,0.011031,0.019491
233003190.000,ZR,handheld,水平,right,recording,充电口朝左,3,-1.206322,-0.678169,9.623423,0.031683,0.006708,0.017117
233003200.000,ZR,handheld,水平,right,recording,充电口朝左,3,-1.231958,-0.655911,9.649868,0.014986,0.006648,0.017324
233003210.000,ZR,handheld,水平,right,recording,充电口朝左,3,-1.242243,-0.685530,9.684359,0.008141,0.006561,0.016617
233003220.000,ZR,handheld,水平,right,recording,充电口朝左,3,-1.231371,-0.656706,9.695746,0.015044,0.007156,0.020239
233003230.000,ZR,handheld,水平,right,recording,充电口朝左,3,-1.231754,-0.650468,9.743119,0.032818,0.008669,0.020900
233003240.000,ZR,handheld,水平,right,recording,充电口朝左,3,-1.193900,-0.679468,9.766438,0.052658,0.011376,0.022293
233003250.000,ZR,handheld,水平,right,recording,充电口朝左,3,-1.204884,-0.654969,9.750690,0.066099,0.021011,0.020861
233003260.000,ZR,handheld,水平,right,recording,充电口朝左,3,-1.167519,-0.648338,9.755181,0.073143,0.032017,0.012843
233003270.000,ZR,handheld,水平,right,recording,充电口朝左,3,-1.204203,-0.629408,9.678828,0.070238,0.037474,0.005529
233003280.000,ZR,handheld,水平,right,recording,充电口朝左,3,-1.230337,-0.671834,9.613548,0.063008,0.036446,-0.000727
233003290.000,ZR,handheld,水平,right,recording,充电口朝左,3,-1.218435,-0.649786,9.589797,0.067691,0.020302,-0.001331
233003300.000,ZR,handheld,水平,right,recording,充电口朝左,3,-1.242771,-0.664718,9.605649,0.078532,-0.008404,0.004396
233003310.000,ZR,handheld,水平,right,recording,充电口朝左,3,-1.229271,-0.706803,9.628320,0.089984,-0.008947,0.008537
233003320.000,ZR,handheld,水平,right,recording,充电口朝左,3,-1.184615,-0.676818,9.683785,0.099062,0.000888,0.014068
233003330.000,ZR,handheld,水平,right,recording,充电口朝左,3,-1.215749,-0.656972,9.672467,0.099611,0.008118,0.019850
233003340.000,ZR,handheld,水平,right,recording,充电口朝左,3,-1.204259,-0.618736,9.601366,0.086474,0.006573,0.020480
233003350.000,ZR,handheld,水平,right,recording,充电口朝左,3,-1.207228,-0.599928,9.559673,0.077842,-0.000351,0.021452
233003360.000,ZR,handheld,水平,right,recording,充电口朝左,3,-1.205906,-0.568128,9.561443,0.078738,-0.017552,0.018910
233003370.000,ZR,handheld,水平,right,recording,充电口朝左,3,-1.205814,-0.586320,9.626610,0.093500,-0.036898,0.013531
233003380.000,ZR,handheld,水平,right,recording,充电口朝左,3,-1.211207,-0.604491,9.699230,0.119836,-0.040461,0.006398
233003390.000,ZR,handheld,水平,right,recording,充电口朝左,3,-1.171079,-0.604014,9.792491,0.153230,-0.027890,-0.000575
233003400.000,ZR,handheld,水平,right,recording,充电口朝左,3,-1.169019,-0.586470,9.783478,0.180394,-0.009326,-0.005398
233003410.000,ZR,handheld,水平,right,recording,充电口朝左,3,-1.137465,-0.535136,9.768087,0.207582,-0.008036,-0.007544
233003420.000,ZR,handheld,水平,right,recording,充电口朝左,3,-1.109706,-0.534352,9.791459,0.230943,-0.003780,-0.002770
233003430.000,ZR,handheld,水平,right,recording,充电口朝左,3,-1.120121,-0.478247,9.826615,0.252632,0.027083,0.005523
233003440.000,ZR,handheld,水平,right,recording,充电口朝左,3,-1.130594,-0.485154,9.874496,0.276700,0.064055,0.010466
233003450.000,ZR,handheld,水平,right,recording,充电口朝左,3,-1.189463,-0.486657,9.862841,0.290459,0.085389,0.009660
233003460.000,ZR,handheld,水平,right,recording,充电口朝左,3,-1.195317,-0.502191,9.733567,0.300612,0.074997,0.002260
233003470.000,ZR,handheld,水平,right,recording,充电口朝左,3,-1.250322,-0.507375,9.717331,0.299540,0.060348,-0.000772
233003480.000,ZR,handheld,水平,right,recording,充电口朝左,3,-1.255491,-0.436483,9.624181,0.277028,0.054829,-0.002390
233003490.000,ZR,handheld,水平,right,recording,充电口朝左,3,-1.236192,-0.365463,9.634317,0.251671,0.035497,0.003826
233003500.000,ZR,handheld,水平,right,recording,充电口朝左,3,-1.256630,-0.359837,9.618159,0.213673,0.001287,0.014309
233003510.000,ZR,handheld,水平,right,recording,充电口朝左,3,-1.227234,-0.238075,9.604114,0.186241,0.008912,0.022103
233003520.000,ZR,handheld,水平,right,recording,充电口朝左,3,-1.259480,-0.305315,9.733937,0.159963,0.006763,0.028464
233003530.000,ZR,handheld,水平,right,recording,充电口朝左,3,-1.233969,-0.249730,9.553010,0.146754,-0.000565,0.031623
233003540.000,ZR,handheld,水平,right,recording,充电口朝左,3,-1.230446,-0.192731,9.717840,0.154324,-0.004747,0.029120
233003550.000,ZR,handheld,水平,right,recording,充电口朝左,3,-1.256339,-0.246171,9.689945,0.162651,0.008048,0.019332
233003560.000,ZR,handheld,水平,right,recording,充电口朝左,3,-1.253980,-0.270053,9.613991,0.185134,0.021747,0.008114
233003570.000,ZR,handheld,水平,right,recording,充电口朝左,3,-1.223331,-0.243349,9.832478,0.222104,0.035452,-0.002622
233003580.000,ZR,handheld,水平,right,recording,充电口朝左,3,-1.225498,-0.251610,9.608129,0.253545,0.041424,-0.017025
233003590.000,ZR,handheld,水平,right,recording,充电口朝左,3,-1.206220,-0.200911,9.782693,0.287756,0.045528,-0.025943
233003600.000,ZR,handheld,水平,right,recording,充电口朝左,3,-1.225071,-0.199439,9.687798,0.316411,0.072084,-0.029792
233003610.000,ZR,handheld,水平,right,recording,充电口朝左,3,-1.219372,-0.133825,9.829341,0.333938,0.087867,-0.024724
233003620.000,ZR,handheld,水平,right,recording,充电口朝左,3,-1.270835,-0.098232,9.640018,0.333933,0.106567,-0.019435
233003630.000,ZR,handheld,水平,right,recording,充电口朝左,3,-1.231028,-0.048315,9.728223,0.321230,0.102614,-0.008183
233003640.000,ZR,handheld,水平,right,recording,充电口朝左,3,-1.298556,-0.056978,9.582236,0.294428,0.076112,0.001607
233003650.000,ZR,handheld,水平,right,recording,充电口朝左,3,-1.295231,-0.006551,9.529897,0.250959,0.037290,0.012526
233003660.000,ZR,handheld,水平,right,recording,充电口朝左,3,-1.323877,0.037260,9.533128,0.199256,-0.005539,0.022937
233003670.000,ZR,handheld,水平,right,recording,充电口朝左,3,-1.350246,0.077209,9.482709,0.139502,-0.018262,0.030728
233003680.000,ZR,handheld,水平,right,recording,充电口朝左,3,-1.264646,0.128777,9.617192,0.097943,-0.027649,0.036032
233003690.000,ZR,handheld,水平,right,recording,充电口朝左,3,-1.330815,0.118141,9.594073,0.069830,-0.040125,0.041558
233003700.000,ZR,handheld,水平,right,recording,充电口朝左,3,-1.290376,0.189924,9.691222,0.058690,-0.026169,0.045028
233003710.000,ZR,handheld,水平,right,recording,充电口朝左,3,-1.323892,0.208462,9.659226,0.053580,-0.011695,0.040988
233003720.000,ZR,handheld,水平,right,recording,充电口朝左,3,-1.292820,0.227482,9.695604,0.070194,-0.012783,0.026495
233003730.000,ZR,handheld,水平,right,recording,充电口朝左,3,-1.363213,0.188698,9.708869,0.080403,-0.000428,0.009117
233003740.000,ZR,handheld,水平,right,recording,充电口朝左,3,-1.311147,0.192383,9.609787,0.098843,0.006476,-0.008995
233003750.000,ZR,handheld,水平,right,recording,充电口朝左,3,-1.369717,0.169657,9.781931,0.134729,0.013726,-0.023127
233003760.000,ZR,handheld,水平,right,recording,充电口朝左,3,-1.308230,0.146467,9.683936,0.154921,0.021368,-0.034056
233003770.000,ZR,handheld,水平,right,recording,充电口朝左,3,-1.335625,0.187054,9.649187,0.171825,0.023393,-0.034695
233003780.000,ZR,handheld,水平,right,recording,充电口朝左,3,-1.317110,0.154153,9.586683,0.180282,0.016267,-0.031541
233003790.000,ZR,handheld,水平,right,recording,充电口朝左,3,-1.326259,0.127061,9.662015,0.181310,0.019129,-0.022164
233003800.000,ZR,handheld,水平,right,recording,充电口朝左,3,-1.298199,0.150945,9.602337,0.175982,0.017634,-0.014668
233003810.000,ZR,handheld,水平,right,recording,充电口朝左,3,-1.297824,0.168732,9.598006,0.153967,-0.002274,-0.006685
233003820.000,ZR,handheld,水平,right,recording,充电口朝左,3,-1.280127,0.241560,9.526367,0.130151,-0.022298,-0.002966
233003830.000,ZR,handheld,水平,right,recording,充电口朝左,3,-1.284688,0.243200,9.681416,0.106983,-0.029375,-0.000167
233003840.000,ZR,handheld,水平,right,recording,充电口朝左,3,-1.280515,0.206251,9.632530,0.077798,-0.022592,-0.000152
233003850.000,ZR,handheld,水平,right,recording,充电口朝左,3,-1.257648,0.280302,9.672740,0.055135,-0.020828,0.002627
233003860.000,ZR,handheld,水平,right,recording,充电口朝左,3,-1.292922,0.317106,9.637951,0.036865,-0.027588,0.007496
233003870.000,ZR,handheld,水平,right,recording,充电口朝左,3,-1.278085,0.302711,9.640429,0.032740,-0.045313,0.011358
233003880.000,ZR,handheld,水平,right,recording,充电口朝左,3,-1.299121,0.250723,9.737508,0.051322,-0.044006,0.016326
233003890.000,ZR,handheld,水平,right,recording,充电口朝左,3,-1.286716,0.268338,9.832916,0.068577,-0.020640,0.013126
233003900.000,ZR,handheld,水平,right,recording,充电口朝左,3,-1.274889,0.278288,9.740421,0.083157,-0.014510,0.009686
233003910.000,ZR,handheld,水平,right,recording,充电口朝左,3,-1.271198,0.317817,9.835372,0.096983,0.013191,0.003328
233003920.000,ZR,handheld,水平,right,recording,充电口朝左,3,-1.284049,0.277406,9.765392,0.093888,0.014823,-0.004992
233003930.000,ZR,handheld,水平,right,recording,充电口朝左,3,-1.269779,0.359365,9.707924,0.086173,0.017210,-0.012393
233003940.000,ZR,handheld,水平,right,recording,充电口朝左,3,-1.301268,0.349997,9.755273,0.071384,0.022588,-0.017436
233003950.000,ZR,handheld,水平,right,recording,充电口朝左,3,-1.283741,0.376220,9.687312,0.055959,0.023717,-0.017074
233003960.000,ZR,handheld,水平,right,recording,充电口朝左,3,-1.289736,0.360988,9.724676,0.035202,-0.001146,-0.012570
233003970.000,ZR,handheld,水平,right,recording,充电口朝左,3,-1.300894,0.336188,9.629665,0.006907,-0.010130,-0.004972
233003980.000,ZR,handheld,水平,right,recording,充电口朝左,3,-1.318711,0.364259,9.656654,-0.019270,-0.012544,0.003304
233003990.000,ZR,handheld,水平,right,recording,充电口朝左,3,-1.301460,0.370457,9.646353,-0.033994,-0.017750,0.011968
233004000.000,ZR,handheld,水平,right,recording,充电口朝左,3,-1.289706,0.341881,9.684344,-0.035493,-0.018469,0.014905
233004010.000,ZR,handheld,水平,right,recording,充电口朝左,3,-1.290523,0.328643,9.687315,-0.022952,-0.014781,0.014880
233004020.000,ZR,handheld,水平,right,recording,充电口朝左,3,-1.297157,0.287000,9.696966,-0.000329,-0.016754,0.010106
233004030.000,ZR,handheld,水平,right,recording,充电口朝左,3,-1.299493,0.301398,9.709861,0.022586,-0.015971,0.003578
233004040.000,ZR,handheld,水平,right,recording,充电口朝左,3,-1.349744,0.299117,9.617914,0.030598,-0.041727,-0.004463
233004050.000,ZR,handheld,水平,right,recording,充电口朝左,3,-1.262335,0.324276,9.602595,0.040763,-0.019805,-0.016564
233004060.000,ZR,handheld,水平,right,recording,充电口朝左,3,-1.260355,0.297450,9.864243,0.037520,0.005543,-0.016370
233004070.000,ZR,handheld,水平,right,recording,充电口朝左,3,-1.329127,0.361715,9.518097,0.022885,-0.010849,-0.012425
233004080.000,ZR,handheld,水平,right,recording,充电口朝左,3,-1.247318,0.410899,9.676369,0.008534,-0.009286,-0.001814
233004090.000,ZR,handheld,水平,right,recording,充电口朝左,3,-1.245308,0.367598,9.586345,-0.003842,-0.014089,0.006874
233004100.000,ZR,handheld,水平,right,recording,充电口朝左,3,-1.274033,0.343673,9.639903,-0.006356,-0.020470,0.013897
233004110.000,ZR,handheld,水平,right,recording,充电口朝左,3,-1.216356,0.330265,9.714529,-0.000982,-0.024204,0.017313
233004120.000,ZR,handheld,水平,right,recording,充电口朝左,3,-1.236837,0.356558,9.749115,0.005392,-0.018962,0.014975
233004130.000,ZR,handheld,水平,right,recording,充电口朝左,3,-1.208705,0.371169,9.796717,0.012139,-0.005247,0.007303
233004140.000,ZR,handheld,水平,right,recording,充电口朝左,3,-1.203274,0.379461,9.786539,0.012015,-0.001111,-0.002891
233004150.000,ZR,handheld,水平,right,recording,充电口朝左,3,-1.236187,0.373002,9.733439,0.003044,-0.002782,-0.010018
233004160.000,ZR,handheld,水平,right,recording,充电口朝左,3,-1.235780,0.370312,9.703501,-0.006981,-0.001291,-0.011872
233004170.000,ZR,handheld,水平,right,recording,充电口朝左,3,-1.259716,0.387920,9.717582,-0.013460,-0.010712,-0.005523
233004180.000,ZR,handheld,水平,right,recording,充电口朝左,3,-1.274112,0.390241,9.702137,-0.014859,-0.014689,0.003941
233004190.000,ZR,handheld,水平,right,recording,充电口朝左,3,-1.252275,0.382361,9.735386,-0.012192,-0.008963,0.010000
233004200.000,ZR,handheld,水平,right,recording,充电口朝左,3,-1.258270,0.398741,9.692442,-0.007959,-0.003445,0.011946
233004210.000,ZR,handheld,水平,right,recording,充电口朝左,3,-1.251498,0.421633,9.688232,-0.000940,-0.001769,0.008981
233004220.000,ZR,handheld,水平,right,recording,充电口朝左,3,-1.279899,0.388605,9.708103,0.003443,-0.001161,-0.003398
233004230.000,ZR,handheld,水平,right,recording,充电口朝左,3,-1.282431,0.386561,9.662710,0.003822,-0.002655,-0.014917
233004240.000,ZR,handheld,水平,right,recording,充电口朝左,3,-1.293381,0.366245,9.672951,0.001065,0.002930,-0.025882
233004250.000,ZR,handheld,水平,right,recording,充电口朝左,3,-1.269725,0.367322,9.631688,-0.007083,-0.001486,-0.027772
233004260.000,ZR,handheld,水平,right,recording,充电口朝左,3,-1.289702,0.356346,9.600244,-0.013643,-0.002508,-0.018689
233004270.000,ZR,handheld,水平,right,recording,充电口朝左,3,-1.276825,0.353792,9.614997,-0.015364,-0.001026,-0.004743
233004280.000,ZR,handheld,水平,right,recording,充电口朝左,3,-1.261877,0.340484,9.600181,-0.014078,-0.005953,0.008570
233004290.000,ZR,handheld,水平,right,recording,充电口朝左,3,-1.257933,0.329806,9.636048,-0.010417,-0.011590,0.012559
233004300.000,ZR,handheld,水平,right,recording,充电口朝左,3,-1.240307,0.306955,9.619961,-0.007675,-0.017431,0.005840
233004310.000,ZR,handheld,水平,right,recording,充电口朝左,3,-1.231448,0.297643,9.668557,-0.002736,-0.018844,-0.007387
233004320.000,ZR,handheld,水平,right,recording,充电口朝左,3,-1.211592,0.291903,9.682097,0.001075,-0.015499,-0.022784
233004330.000,ZR,handheld,水平,right,recording,充电口朝左,3,-1.220393,0.284068,9.719700,0.010667,-0.013349,-0.025800
233004340.000,ZR,handheld,水平,right,recording,充电口朝左,3,-1.212320,0.279554,9.762919,0.021121,-0.008284,-0.020291
233004350.000,ZR,handheld,水平,right,recording,充电口朝左,3,-1.222343,0.299407,9.739166,0.027815,0.001097,-0.007125
233004360.000,ZR,handheld,水平,right,recording,充电口朝左,3,-1.216350,0.327179,9.733398,0.027658,-0.002875,0.005666
233004370.000,ZR,handheld,水平,right,recording,充电口朝左,3,-1.237367,0.339006,9.677621,0.020546,-0.006060,0.014782
233004380.000,ZR,handheld,水平,right,recording,充电口朝左,3,-1.245312,0.349813,9.673708,0.006582,-0.005310,0.017290
233004390.000,ZR,handheld,水平,right,recording,充电口朝左,3,-1.242823,0.362764,9.693040,-0.007980,-0.003487,0.013677
233004400.000,ZR,handheld,水平,right,recording,充电口朝左,3,-1.270090,0.353111,9.698491,-0.021743,0.001235,0.009814
233004410.000,ZR,handheld,水平,right,recording,充电口朝左,3,-1.269123,0.358053,9.699123,-0.029328,-0.000878,0.004859
233004420.000,ZR,handheld,水平,right,recording,充电口朝左,3,-1.288651,0.371454,9.719934,-0.027825,-0.006746,-0.000349
233004430.000,ZR,handheld,水平,right,recording,充电口朝左,3,-1.282575,0.370034,9.732014,-0.018818,-0.009977,-0.002052
233004440.000,ZR,handheld,水平,right,recording,充电口朝左,3,-1.287823,0.369811,9.752682,-0.007751,0.002960,-0.002258
233004450.000,ZR,handheld,水平,right,recording,充电口朝左,3,-1.298513,0.379356,9.741530,-0.000449,0.010288,-0.002207
233004460.000,ZR,handheld,水平,right,recording,充电口朝左,3,-1.265965,0.365144,9.708363,0.005276,0.007133,-0.003574
233004470.000,ZR,handheld,水平,right,recording,充电口朝左,3,-1.283421,0.365548,9.689308,0.006292,0.002362,-0.007086
233004480.000,ZR,handheld,水平,right,recording,充电口朝左,3,-1.262924,0.343114,9.643511,0.002395,0.004222,-0.007319
233004490.000,ZR,handheld,水平,right,recording,充电口朝左,3,-1.256156,0.341796,9.680210,0.000063,0.003406,-0.008016
233004500.000,ZR,handheld,水平,right,recording,充电口朝左,3,-1.232897,0.352389,9.671997,-0.004995,0.001948,-0.007059
233004510.000,ZR,handheld,水平,right,recording,充电口朝左,3,-1.233989,0.348475,9.668257,-0.010124,0.005500,-0.006605
233004520.000,ZR,handheld,水平,right,recording,充电口朝左,3,-1.218686,0.328773,9.660652,-0.012345,-0.005161,-0.003954
233004530.000,ZR,handheld,水平,right,recording,充电口朝左,3,-1.216047,0.321484,9.649951,-0.014092,-0.014537,-0.004281
233004540.000,ZR,handheld,水平,right,recording,充电口朝左,3,-1.196673,0.313200,9.679869,-0.011683,-0.020826,-0.003784
233004550.000,ZR,handheld,水平,right,recording,充电口朝左,3,-1.206827,0.293084,9.739536,-0.004791,-0.008093,0.001850
233004560.000,ZR,handheld,水平,right,recording,充电口朝左,3,-1.192811,0.334377,9.771549,0.003304,0.006319,0.004914
233004570.000,ZR,handheld,水平,right,recording,充电口朝左,3,-1.225283,0.335483,9.733030,0.008725,0.010320,0.007410
233004580.000,ZR,handheld,水平,right,recording,充电口朝左,3,-1.232395,0.340776,9.716307,0.009913,0.016430,0.008856
233004590.000,ZR,handheld,水平,right,recording,充电口朝左,3,-1.261017,0.340243,9.675465,0.009701,0.016346,0.009055
233004600.000,ZR,handheld,水平,right,recording,充电口朝左,3,-1.293706,0.386190,9.603723,0.001665,0.008470,0.009046
233004610.000,ZR,handheld,水平,right,recording,充电口朝左,3,-1.303029,0.394737,9.585757,-0.000617,-0.004352,0.009321
233004620.000,ZR,handheld,水平,right,recording,充电口朝左,3,-1.323384,0.387035,9.622865,0.002390,-0.011753,0.006260
233004630.000,ZR,handheld,水平,right,recording,充电口朝左,3,-1.281760,0.388973,9.687958,0.014330,-0.013014,0.000874
233004640.000,ZR,handheld,水平,right,recording,充电口朝左,3,-1.313197,0.382235,9.722250,0.026882,-0.006071,-0.006316
233004650.000,ZR,handheld,水平,right,recording,充电口朝左,3,-1.249826,0.404764,9.726594,0.040661,-0.000271,-0.011645
233004660.000,ZR,handheld,水平,right,recording,充电口朝左,3,-1.304032,0.396215,9.725168,0.048628,0.006557,-0.012096
233004670.000,ZR,handheld,水平,right,recording,充电口朝左,3,-1.244076,0.445348,9.699627,0.053559,0.008813,-0.011517
233004680.000,ZR,handheld,水平,right,recording,充电口朝左,3,-1.271900,0.425289,9.690240,0.055341,-0.003878,-0.014133
233004690.000,ZR,handheld,水平,right,recording,充电口朝左,3,-1.254979,0.419673,9.686315,0.060309,-0.000950,-0.017099
233004700.000,ZR,handheld,水平,right,recording,充电口朝左,3,-1.244059,0.419960,9.773233,0.070308,0.003457,-0.022080
233004710.000,ZR,handheld,水平,right,recording,充电口朝左,3,-1.270514,0.345182,9.713831,0.073494,-0.005568,-0.024015
233004720.000,ZR,handheld,水平,right,recording,充电口朝左,3,-1.246676,0.450532,9.693868,0.081318,0.021364,-0.030735
233004730.000,ZR,handheld,水平,right,recording,充电口朝左,3,-1.235985,0.362721,9.751688,0.087664,-0.010869,-0.034729
233004740.000,ZR,handheld,水平,right,recording,充电口朝左,3,-1.285057,0.324640,9.564317,0.097596,-0.030302,-0.033965
233004750.000,ZR,handheld,水平,right,recording,充电口朝左,3,-1.197749,0.362831,9.885157,0.121985,-0.004105,-0.027842
233004760.000,ZR,handheld,水平,right,recording,充电口朝左,3,-1.219688,0.354213,9.809303,0.148454,0.017697,-0.020020
233004770.000,ZR,handheld,水平,right,recording,充电口朝左,3,-1.148320,0.347865,9.879810,0.172981,0.053579,-0.014839
233004780.000,ZR,handheld,水平,right,recording,充电口朝左,3,-1.189954,0.386288,9.778644,0.183055,0.066627,-0.012931
233004790.000,ZR,handheld,水平,right,recording,充电口朝左,3,-1.231748,0.413279,9.651611,0.184364,0.073240,-0.011410
233004800.000,ZR,handheld,水平,right,recording,充电口朝左,3,-1.226570,0.510444,9.623097,0.186554,0.041550,-0.017408
233004810.000,ZR,handheld,水平,right,recording,充电口朝左,3,-1.249444,0.398517,9.592899,0.183352,-0.003107,-0.016111
233004820.000,ZR,handheld,水平,right,recording,充电口朝左,3,-1.266193,0.496288,9.581090,0.179692,-0.003458,-0.014945
233004830.000,ZR,handheld,水平,right,recording,充电口朝左,3,-1.246887,0.533997,9.686203,0.177777,0.003516,-0.005318
233004840.000,ZR,handheld,水平,right,recording,充电口朝左,3,-1.252299,0.565277,9.647267,0.185995,-0.004159,0.003734
233004850.000,ZR,handheld,水平,right,recording,充电口朝左,3,-1.262725,0.544549,9.689584,0.188992,-0.016286,0.009613
233004860.000,ZR,handheld,水平,right,recording,充电口朝左,3,-1.248871,0.566628,9.632863,0.186337,-0.021777,0.010114
233004870.000,ZR,handheld,水平,right,recording,充电口朝左,3,-1.287247,0.600877,9.657202,0.174611,-0.016443,0.007371
233004880.000,ZR,handheld,水平,right,recording,充电口朝左,3,-1.238203,0.659543,9.638854,0.163078,-0.005193,-0.001506
233004890.000,ZR,handheld,水平,right,recording,充电口朝左,3,-1.269093,0.664048,9.625958,0.157325,-0.009038,-0.008495
233004900.000,ZR,handheld,水平,right,recording,充电口朝左,3,-1.287185,0.677412,9.618231,0.163655,-0.020211,-0.010261
233004910.000,ZR,handheld,水平,right,recording,充电口朝左,3,-1.311513,0.682407,9.751934,0.177970,-0.018621,-0.008542
233004920.000,ZR,handheld,水平,right,recording,充电口朝左,3,-1.287814,0.659678,9.779629,0.193426,0.013291,-0.008411
233004930.000,ZR,handheld,水平,right,recording,充电口朝左,3,-1.288660,0.692097,9.780989,0.200144,0.024670,-0.009487
233004940.000,ZR,handheld,水平,right,recording,充电口朝左,3,-1.272183,0.737013,9.595662,0.191172,0.014278,-0.009840
233004950.000,ZR,handheld,水平,right,recording,充电口朝左,3,-1.278160,0.813818,9.596653,0.184991,0.021397,-0.010132
233004960.000,ZR,handheld,水平,right,recording,充电口朝左,3,-1.302075,0.779002,9.699083,0.181275,0.030445,-0.009099
233004970.000,ZR,handheld,水平,right,recording,充电口朝左,3,-1.313104,0.726695,9.693166,0.176846,0.030958,-0.011472
233004980.000,ZR,handheld,水平,right,recording,充电口朝左,3,-1.329320,0.745507,9.653543,0.166007,0.024651,-0.014426
233004990.000,ZR,handheld,水平,right,recording,充电口朝左,3,-1.319595,0.803856,9.621178,0.151651,0.026697,-0.013985
233005000.000,ZR,handheld,水平,right,recording,充电口朝左,3,-1.290489,0.804596,9.630916,0.139504,0.011933,-0.009665
233005010.000,ZR,handheld,水平,right,recording,充电口朝左,3,-1.322329,0.834221,9.627101,0.117763,0.018579,0.000299
233005020.000,ZR,handheld,水平,right,recording,充电口朝左,3,-1.279534,0.893759,9.488589,0.099826,0.013488,0.006480
233005030.000,ZR,handheld,水平,right,recording,充电口朝左,3,-1.291329,0.864398,9.658864,0.093193,-0.002469,0.009967
233005040.000,ZR,handheld,水平,right,recording,充电口朝左,3,-1.320817,0.836216,9.545857,0.086514,-0.001194,0.007868
233005050.000,ZR,handheld,水平,right,recording,充电口朝左,3,-1.300776,0.825169,9.645547,0.085573,-0.008265,0.006234
233005060.000,ZR,handheld,水平,right,recording,充电口朝左,3,-1.298800,0.859810,9.653237,0.087149,0.002411,0.004351
233005070.000,ZR,handheld,水平,right,recording,充电口朝左,3,-1.280913,0.844402,9.663037,0.082772,0.009469,0.003926
233005080.000,ZR,handheld,水平,right,recording,充电口朝左,3,-1.290944,0.900153,9.574244,0.083619,0.008330,0.007446
233005090.000,ZR,handheld,水平,right,recording,充电口朝左,3,-1.276088,0.898040,9.624535,0.093892,-0.000064,0.007803
233005100.000,ZR,handheld,水平,right,recording,充电口朝左,3,-1.260773,0.908588,9.675237,0.114504,0.007318,0.003186
233005110.000,ZR,handheld,水平,right,recording,充电口朝左,3,-1.297807,0.866843,9.713972,0.126774,0.019843,-0.000579
233005120.000,ZR,handheld,水平,right,recording,充电口朝左,3,-1.267305,0.933277,9.698553,0.128566,0.037627,-0.003206
233005130.000,ZR,handheld,水平,right,recording,充电口朝左,3,-1.272964,1.012460,9.573440,0.109150,0.045191,0.000043
233005140.000,ZR,handheld,水平,right,recording,充电口朝左,3,-1.304083,1.062151,9.533292,0.087556,0.033719,0.003133
233005150.000,ZR,handheld,水平,right,recording,充电口朝左,3,-1.320068,1.003870,9.501030,0.068615,0.016300,0.008039
233005160.000,ZR,handheld,水平,right,recording,充电口朝左,3,-1.320194,1.000919,9.530521,0.058186,-0.007318,0.010387
233005170.000,ZR,handheld,水平,right,recording,充电口朝左,3,-1.315431,0.994765,9.533956,0.054006,-0.014121,0.013651
233005180.000,ZR,handheld,水平,right,recording,充电口朝左,3,-1.285496,1.025309,9.629858,0.062323,-0.019684,0.011436
233005190.000,ZR,handheld,水平,right,recording,充电口朝左,3,-1.293360,0.976453,9.681813,0.066923,-0.022688,0.011094
233005200.000,ZR,handheld,水平,right,recording,充电口朝左,3,-1.299408,0.975246,9.659058,0.060749,-0.009336,0.010148
233005210.000,ZR,handheld,水平,right,recording,充电口朝左,3,-1.282335,1.022066,9.630454,0.044232,0.002632,0.009450
233005220.000,ZR,handheld,水平,right,recording,充电口朝左,3,-1.266533,1.022149,9.547690,0.028244,-0.008178,0.010775
233005230.000,ZR,handheld,水平,right,recording,充电口朝左,3,-1.304424,0.993114,9.540813,0.014511,-0.016544,0.015360
233005240.000,ZR,handheld,水平,right,recording,充电口朝左,3,-1.288092,1.006429,9.545879,0.010479,-0.023462,0.017415
233005250.000,ZR,handheld,水平,right,recording,充电口朝左,3,-1.294537,1.004772,9.611924,0.014015,-0.025522,0.018942
233005260.000,ZR,handheld,水平,right,recording,充电口朝左,3,-1.280834,0.971786,9.611068,0.020465,-0.023310,0.017876
233005270.000,ZR,handheld,水平,right,recording,充电口朝左,3,-1.272564,0.945326,9.679497,0.025854,-0.019717,0.012794
233005280.000,ZR,handheld,水平,right,recording,充电口朝左,3,-1.263925,1.005363,9.655967,0.027517,-0.013846,0.009778
233005290.000,ZR,handheld,水平,right,recording,充电口朝左,3,-1.253568,0.998996,9.682061,0.025918,-0.011242,0.006456
233005300.000,ZR,handheld,水平,right,recording,充电口朝左,3,-1.245378,1.017743,9.652263,0.021206,-0.003686,0.007892
233005310.000,ZR,handheld,水平,right,recording,充电口朝左,3,-1.266570,1.030564,9.659909,0.016307,-0.011261,0.015261
233005320.000,ZR,handheld,水平,right,recording,充电口朝左,3,-1.276354,1.038502,9.661094,0.013958,-0.014027,0.025130
233005330.000,ZR,handheld,水平,right,recording,充电口朝左,3,-1.272342,1.061261,9.683866,0.011327,-0.008342,0.033290
233005340.000,ZR,handheld,水平,right,recording,充电口朝左,3,-1.259268,1.079936,9.663440,0.008554,-0.003769,0.036406
233005350.000,ZR,handheld,水平,right,recording,充电口朝左,3,-1.300947,1.089891,9.661783,0.010101,-0.003487,0.032847
233005360.000,ZR,handheld,水平,right,recording,充电口朝左,3,-1.331402,1.044505,9.683296,0.013035,0.002444,0.028109
233005370.000,ZR,handheld,水平,right,recording,充电口朝左,3,-1.335643,1.067463,9.675892,0.019059,0.007115,0.016568
233005380.000,ZR,handheld,水平,right,recording,充电口朝左,3,-1.357080,1.069955,9.650179,0.016213,-0.000325,0.010657
233005390.000,ZR,handheld,水平,right,recording,充电口朝左,3,-1.343317,1.094167,9.611098,0.014207,-0.009522,0.006293
233005400.000,ZR,handheld,水平,right,recording,充电口朝左,3,-1.330368,1.089016,9.640163,0.011560,-0.012197,0.002758
233005410.000,ZR,handheld,水平,right,recording,充电口朝左,3,-1.315333,1.105894,9.653903,0.007024,-0.004592,0.000735
233005420.000,ZR,handheld,水平,right,recording,充电口朝左,3,-1.289224,1.108775,9.672633,0.004811,0.000555,0.000038
233005430.000,ZR,handheld,水平,right,recording,充电口朝左,3,-1.280738,1.088608,9.664362,0.002146,-0.002284,-0.000576
233005440.000,ZR,handheld,水平,right,recording,充电口朝左,3,-1.251023,1.070958,9.650267,-0.005421,0.002713,0.002077
233005450.000,ZR,handheld,水平,right,recording,充电口朝左,3,-1.252208,1.079797,9.623116,-0.011855,0.007286,0.001861
233005460.000,ZR,handheld,水平,right,recording,充电口朝左,3,-1.232346,1.059092,9.617268,-0.008847,0.002985,0.002436
233005470.000,ZR,handheld,水平,right,recording,充电口朝左,3,-1.252855,1.014384,9.661169,0.001098,-0.003239,0.006222
233005480.000,ZR,handheld,水平,right,recording,充电口朝左,3,-1.231387,1.011087,9.698872,0.012406,0.010037,0.008914
233005490.000,ZR,handheld,水平,right,recording,充电口朝左,3,-1.215004,1.037597,9.664017,0.018301,0.025685,0.011771
233005500.000,ZR,handheld,水平,right,recording,充电口朝左,3,-1.229141,1.059382,9.626738,0.021194,0.018486,0.013537
233005510.000,ZR,handheld,水平,right,recording,充电口朝左,3,-1.237878,1.046033,9.575968,0.017075,0.004377,0.012788
233005520.000,ZR,handheld,水平,right,recording,充电口朝左,3,-1.272150,1.047531,9.588050,0.008480,0.008779,0.012343
233005530.000,ZR,handheld,水平,right,recording,充电口朝左,3,-1.274462,1.073318,9.588602,-0.000845,0.012647,0.016359
233005540.000,ZR,handheld,水平,right,recording,充电口朝左,3,-1.293249,1.062824,9.508630,-0.010802,0.001260,0.019902
233005550.000,ZR,handheld,水平,right,recording,充电口朝左,3,-1.292405,1.067128,9.548334,-0.012992,-0.008838,0.024745
233005560.000,ZR,handheld,水平,right,recording,充电口朝左,3,-1.275740,1.056609,9.571994,-0.007436,-0.006973,0.029299
233005570.000,ZR,handheld,水平,right,recording,充电口朝左,3,-1.288945,1.083789,9.629628,0.002543,-0.000444,0.028258
233005580.000,ZR,handheld,水平,right,recording,充电口朝左,3,-1.264880,1.081175,9.637056,0.012423,0.002338,0.018491
233005590.000,ZR,handheld,水平,right,recording,充电口朝左,3,-1.274253,1.077657,9.626576,0.014904,0.000592,0.003630
233005600.000,ZR,handheld,水平,right,recording,充电口朝左,3,-1.278969,1.072733,9.639691,0.017164,0.001217,-0.005417
233005610.000,ZR,handheld,水平,right,recording,充电口朝左,3,-1.277271,1.119961,9.650957,0.019018,0.009133,-0.006357
233005620.000,ZR,handheld,水平,right,recording,充电口朝左,3,-1.285872,1.143984,9.616358,0.014845,0.011742,-0.000877
233005630.000,ZR,handheld,水平,right,recording,充电口朝左,3,-1.303145,1.156958,9.604468,0.009849,0.007795,0.003031
233005640.000,ZR,handheld,水平,right,recording,充电口朝左,3,-1.288279,1.126077,9.565179,0.002722,0.002889,0.004047
233005650.000,ZR,handheld,水平,right,recording,充电口朝左,3,-1.297921,1.113586,9.582453,-0.003968,0.006611,0.001115
233005660.000,ZR,handheld,水平,right,recording,充电口朝左,3,-1.295941,1.105494,9.540319,-0.010373,0.001673,-0.005260
233005670.000,ZR,handheld,水平,right,recording,充电口朝左,3,-1.297672,1.096967,9.560164,-0.008077,-0.011064,-0.011350
233005680.000,ZR,handheld,水平,right,recording,充电口朝左,3,-1.255773,1.085817,9.647498,0.000204,-0.012996,-0.017941
233005690.000,ZR,handheld,水平,right,recording,充电口朝左,3,-1.275242,1.064654,9.682077,0.006245,-0.004572,-0.022882
233005700.000,ZR,handheld,水平,right,recording,充电口朝左,3,-1.257537,1.046926,9.701289,0.010827,0.009184,-0.023975
233005710.000,ZR,handheld,水平,right,recording,充电口朝左,3,-1.279772,1.052116,9.618819,0.006594,0.006988,-0.022396
233005720.000,ZR,handheld,水平,right,recording,充电口朝左,3,-1.276678,1.072597,9.597288,0.000343,-0.001057,-0.016206
233005730.000,ZR,handheld,水平,right,recording,充电口朝左,3,-1.299137,1.040772,9.600303,-0.006749,-0.004297,-0.009642
233005740.000,ZR,handheld,水平,right,recording,充电口朝左,3,-1.269056,1.056969,9.608588,-0.013538,0.001356,-0.004282
233005750.000,ZR,handheld,水平,right,recording,充电口朝左,3,-1.261930,1.055295,9.575781,-0.016629,-0.000826,-0.006137
233005760.000,ZR,handheld,水平,right,recording,充电口朝左,3,-1.262370,1.048346,9.619503,-0.010161,-0.007971,-0.009354
233005770.000,ZR,handheld,水平,right,recording,充电口朝左,3,-1.256865,1.023760,9.630555,-0.004030,0.000338,-0.014036
233005780.000,ZR,handheld,水平,right,recording,充电口朝左,3,-1.254841,1.020069,9.618047,0.004119,-0.001061,-0.016274
233005790.000,ZR,handheld,水平,right,recording,充电口朝左,3,-1.260107,1.030843,9.617669,0.011589,-0.013577,-0.016457
233005800.000,ZR,handheld,水平,right,recording,充电口朝左,3,-1.273927,1.019434,9.597587,0.013527,-0.014672,-0.011734
233005810.000,ZR,handheld,水平,right,recording,充电口朝左,3,-1.273760,1.036464,9.640381,0.014698,-0.009763,-0.006349
233005820.000,ZR,handheld,水平,right,recording,充电口朝左,3,-1.265802,1.071745,9.644116,0.007956,-0.004304,-0.000257
233005830.000,ZR,handheld,水平,right,recording,充电口朝左,3,-1.249583,1.086906,9.614805,0.001226,-0.004063,0.003633
233005840.000,ZR,handheld,水平,right,recording,充电口朝左,3,-1.272311,1.065422,9.597107,-0.005235,-0.008559,0.005787
233005850.000,ZR,handheld,水平,right,recording,充电口朝左,3,-1.276272,1.055659,9.600689,-0.007020,-0.011618,0.004195
233005860.000,ZR,handheld,水平,right,recording,充电口朝左,3,-1.285540,1.048027,9.610655,-0.004259,-0.009388,0.004126
233005870.000,ZR,handheld,水平,right,recording,充电口朝左,3,-1.283664,1.062361,9.617036,0.001117,-0.014709,0.003462
233005880.000,ZR,handheld,水平,right,recording,充电口朝左,3,-1.285768,1.068934,9.594929,0.009615,-0.027942,0.002415
233005890.000,ZR,handheld,水平,right,recording,充电口朝左,3,-1.294759,1.075628,9.628746,0.019640,-0.034151,-0.000361
233005900.000,ZR,handheld,水平,right,recording,充电口朝左,3,-1.289619,1.057976,9.644045,0.028761,-0.030230,-0.004142
233005910.000,ZR,handheld,水平,right,recording,充电口朝左,3,-1.289403,1.064899,9.659020,0.032034,-0.025693,-0.004600
233005920.000,ZR,handheld,水平,right,recording,充电口朝左,3,-1.271276,1.098628,9.633432,0.033189,-0.033116,-0.003474
233005930.000,ZR,handheld,水平,right,recording,充电口朝左,3,-1.283131,1.087192,9.639968,0.026462,-0.033866,-0.000980
233005940.000,ZR,handheld,水平,right,recording,充电口朝左,3,-1.251827,1.101188,9.596467,0.016557,-0.041052,0.005052
233005950.000,ZR,handheld,水平,right,recording,充电口朝左,3,-1.277557,1.092599,9.610508,0.011533,-0.059236,0.012097
233005960.000,ZR,handheld,水平,right,recording,充电口朝左,3,-1.242963,1.078522,9.681480,0.010165,-0.054797,0.015499
233005970.000,ZR,handheld,水平,right,recording,充电口朝左,3,-1.230839,1.089359,9.693122,0.003826,-0.045341,0.013763
233005980.000,ZR,handheld,水平,right,recording,充电口朝左,3,-1.215701,1.096388,9.602280,-0.004253,-0.054850,0.011318
233005990.000,ZR,handheld,水平,right,recording,充电口朝左,3,-1.225852,1.085822,9.615746,-0.008044,-0.060722,0.009045
233006000.000,ZR,handheld,水平,right,recording,充电口朝左,3,-1.230127,1.078129,9.606776,-0.002764,-0.077237,0.010767
233006010.000,ZR,handheld,水平,right,recording,充电口朝左,3,-1.260187,1.081451,9.596767,0.004504,-0.087170,0.016098
233006020.000,ZR,handheld,水平,right,recording,充电口朝左,3,-1.225265,1.110006,9.629762,0.013320,-0.077447,0.020341
233006030.000,ZR,handheld,水平,right,recording,充电口朝左,3,-1.252928,1.160247,9.548288,0.011538,-0.082581,0.019718
233006040.000,ZR,handheld,水平,right,recording,充电口朝左,3,-1.238171,1.158435,9.539273,0.013475,-0.099672,0.010735
233006050.000,ZR,handheld,水平,right,recording,充电口朝左,3,-1.234780,1.144019,9.587345,0.014274,-0.095330,0.001308
233006060.000,ZR,handheld,水平,right,recording,充电口朝左,3,-1.185622,1.124583,9.675121,0.020184,-0.080266,-0.010334
233006070.000,ZR,handheld,水平,right,recording,充电口朝左,3,-1.174055,1.150060,9.666088,0.020667,-0.086987,-0.017958
233006080.000,ZR,handheld,水平,right,recording,充电口朝左,3,-1.163323,1.184416,9.600725,0.021295,-0.105112,-0.020799
233006090.000,ZR,handheld,水平,right,recording,充电口朝左,3,-1.137060,1.143511,9.615610,0.022525,-0.103419,-0.021509
233006100.000,ZR,handheld,水平,right,recording,充电口朝左,3,-1.146676,1.126476,9.663570,0.019698,-0.087576,-0.016174
233006110.000,ZR,handheld,水平,right,recording,充电口朝左,3,-1.126532,1.081505,9.625342,0.013208,-0.078225,-0.010908
233006120.000,ZR,handheld,水平,right,recording,充电口朝左,3,-1.101437,1.069201,9.609813,-0.000054,-0.077712,-0.006501
233006130.000,ZR,handheld,水平,right,recording,充电口朝左,3,-1.077915,1.102344,9.574780,-0.011791,-0.079678,-0.001694
233006140.000,ZR,handheld,水平,right,recording,充电口朝左,3,-1.073020,1.083325,9.570806,-0.013928,-0.091959,0.003995
233006150.000,ZR,handheld,水平,right,recording,充电口朝左,3,-1.054631,1.059579,9.610845,-0.014538,-0.108362,0.006800
233006160.000,ZR,handheld,水平,right,recording,充电口朝左,3,-1.060460,1.064238,9.610534,-0.015498,-0.109365,0.010921
233006170.000,ZR,handheld,水平,right,recording,充电口朝左,3,-1.043891,1.082897,9.606809,-0.022244,-0.112657,0.010889
233006180.000,ZR,handheld,水平,right,recording,充电口朝左,3,-1.028132,1.090019,9.581597,-0.027655,-0.116545,0.009700
233006190.000,ZR,handheld,水平,right,recording,充电口朝左,3,-1.028820,1.079784,9.574647,-0.040291,-0.130004,0.010053
233006200.000,ZR,handheld,水平,right,recording,充电口朝左,3,-1.025079,1.076570,9.530078,-0.052397,-0.147464,0.012735
233006210.000,ZR,handheld,水平,right,recording,充电口朝左,3,-1.038709,1.085427,9.516589,-0.068720,-0.174155,0.015487
233006220.000,ZR,handheld,水平,right,recording,充电口朝左,3,-1.014866,1.106078,9.497433,-0.089429,-0.198505,0.023360
233006230.000,ZR,handheld,水平,right,recording,充电口朝左,3,-1.029000,1.067059,9.360420,-0.118199,-0.242509,0.028783
233006240.000,ZR,handheld,水平,right,recording,充电口朝左,3,-1.032005,1.086240,9.462633,-0.142299,-0.286546,0.038114
233006250.000,ZR,handheld,水平,right,recording,充电口朝左,3,-0.995574,0.999733,9.414315,-0.167667,-0.315276,0.049408
233006260.000,ZR,handheld,水平,right,recording,充电口朝左,3,-0.960163,1.003892,9.579579,-0.179051,-0.306317,0.059124
233006270.000,ZR,handheld,水平,right,recording,充电口朝左,3,-0.853314,1.048651,9.716261,-0.168757,-0.269911,0.065667
233006280.000,ZR,handheld,水平,right,recording,充电口朝左,3,-0.851924,1.005486,9.839290,-0.149534,-0.224962,0.062987
233006290.000,ZR,handheld,水平,right,recording,充电口朝左,3,-0.763322,1.013998,9.848707,-0.107672,-0.180954,0.044930
233006300.000,ZR,handheld,水平,right,recording,充电口朝左,3,-0.711774,1.027984,10.070223,-0.039109,-0.120557,0.016337
233006310.000,ZR,handheld,水平,right,recording,充电口朝左,3,-0.716586,0.923757,10.043666,0.022028,-0.084896,-0.013467
233006320.000,ZR,handheld,水平,right,recording,充电口朝左,3,-0.747669,0.971668,9.994435,0.074693,-0.043273,-0.032187
233006330.000,ZR,handheld,水平,right,recording,充电口朝左,3,-0.756375,0.990924,9.909355,0.102908,-0.027473,-0.038936
233006340.000,ZR,handheld,水平,right,recording,充电口朝左,3,-0.775176,1.017544,9.729357,0.095247,-0.050069,-0.038872
233006350.000,ZR,handheld,水平,right,recording,充电口朝左,3,-0.816903,1.037847,9.587374,0.062253,-0.105894,-0.030451
233006360.000,ZR,handheld,水平,right,recording,充电口朝左,3,-0.836096,1.061367,9.561551,0.012147,-0.132891,-0.019240
233006370.000,ZR,handheld,水平,right,recording,充电口朝左,3,-0.795055,1.042975,9.633034,-0.029773,-0.134803,-0.006462
233006380.000,ZR,handheld,水平,right,recording,充电口朝左,3,-0.802252,0.999517,9.837301,-0.051312,-0.099259,0.001197
233006390.000,ZR,handheld,水平,right,recording,充电口朝左,3,-0.689033,1.014134,9.875695,-0.060694,-0.069361,0.006771
233006400.000,ZR,handheld,水平,right,recording,充电口朝左,3,-0.716293,1.004239,9.746932,-0.062756,-0.077566,0.009321
233006410.000,ZR,handheld,水平,right,recording,充电口朝左,3,-0.634039,1.013400,9.819404,-0.046824,-0.067253,0.008284
233006420.000,ZR,handheld,水平,right,recording,充电口朝左,3,-0.613880,0.945709,9.901294,-0.020640,-0.043734,0.002578
233006430.000,ZR,handheld,水平,right,recording,充电口朝左,3,-0.616162,0.954764,9.829788,0.000176,-0.033136,0.000633
233006440.000,ZR,handheld,水平,right,recording,充电口朝左,3,-0.631724,0.955177,9.776393,0.013687,-0.032903,-0.000969
233006450.000,ZR,handheld,水平,right,recording,充电口朝左,3,-0.668624,0.962575,9.744604,0.019241,-0.036520,0.001919
233006460.000,ZR,handheld,水平,right,recording,充电口朝左,3,-0.715992,0.983881,9.672799,0.011028,-0.041869,0.008449
233006470.000,ZR,handheld,水平,right,recording,充电口朝左,3,-0.711253,0.980262,9.636095,0.002129,-0.038709,0.015515
233006480.000,ZR,handheld,水平,right,recording,充电口朝左,3,-0.717799,0.994419,9.696076,-0.000993,-0.039629,0.021621
233006490.000,ZR,handheld,水平,right,recording,充电口朝左,3,-0.707827,1.033600,9.614929,-0.009054,-0.045218,0.029314
233006500.000,ZR,handheld,水平,right,recording,充电口朝左,3,-0.702920,1.023952,9.656817,-0.006312,-0.051547,0.027761
233006510.000,ZR,handheld,水平,right,recording,充电口朝左,3,-0.705182,0.989418,9.691901,-0.008737,-0.052192,0.019410
233006520.000,ZR,handheld,水平,right,recording,充电口朝左,3,-0.691541,1.005295,9.654037,-0.008031,-0.054483,0.008639
233006530.000,ZR,handheld,水平,right,recording,充电口朝左,3,-0.689458,1.021563,9.744353,-0.007617,-0.049943,-0.001283
233006540.000,ZR,handheld,水平,right,recording,充电口朝左,3,-0.661447,0.983447,9.630921,-0.014582,-0.056065,-0.009786
233006550.000,ZR,handheld,水平,right,recording,充电口朝左,3,-0.655577,1.044129,9.781646,-0.011608,-0.037459,-0.012327
233006560.000,ZR,handheld,水平,right,recording,充电口朝左,3,-0.584532,0.945618,9.770617,0.000923,-0.021063,-0.020574
233006570.000,ZR,handheld,水平,right,recording,充电口朝左,3,-0.634148,1.164978,9.810231,0.004770,-0.015321,-0.004984
233006580.000,ZR,handheld,水平,right,recording,充电口朝左,3,-0.611648,1.035068,9.645701,0.005276,-0.002439,0.003275
233006590.000,ZR,handheld,水平,right,recording,充电口朝左,3,-0.606470,0.910365,9.792660,0.002954,-0.007053,-0.001232
233006600.000,ZR,handheld,水平,right,recording,充电口朝左,3,-0.619047,0.907072,9.666527,-0.009767,-0.012907,-0.005863
233006610.000,ZR,handheld,水平,right,recording,充电口朝左,3,-0.638573,0.989214,9.641297,-0.024565,-0.014483,-0.008771
233006620.000,ZR,handheld,水平,right,recording,充电口朝左,3,-0.649184,0.985496,9.629376,-0.033638,-0.017558,-0.006691
233006630.000,ZR,handheld,水平,right,recording,充电口朝左,3,-0.646118,0.944303,9.660841,-0.031481,-0.028055,-0.004111
233006640.000,ZR,handheld,水平,right,recording,充电口朝左,3,-0.656989,0.891129,9.678843,-0.024849,-0.030945,0.001782
233006650.000,ZR,handheld,水平,right,recording,充电口朝左,3,-0.630952,0.900117,9.712223,-0.013641,-0.016322,0.004005
233006660.000,ZR,handheld,水平,right,recording,充电口朝左,3,-0.588143,0.917269,9.733112,0.002464,-0.001367,0.004554
233006670.000,ZR,handheld,水平,right,recording,充电口朝左,3,-0.597566,0.896419,9.752540,0.017814,0.003879,-0.001930
233006680.000,ZR,handheld,水平,right,recording,充电口朝左,3,-0.586382,0.887922,9.714583,0.028829,0.007477,-0.006301
233006690.000,ZR,handheld,水平,right,recording,充电口朝左,3,-0.615701,1.032376,9.665331,0.034046,-0.005261,-0.008355
233006700.000,ZR,handheld,水平,right,recording,充电口朝左,3,-0.629020,0.952976,9.706530,0.033170,-0.010008,-0.004721
233006710.000,ZR,handheld,水平,right,recording,充电口朝左,3,-0.621855,0.946082,9.692706,0.024975,-0.009463,-0.000806
233006720.000,ZR,handheld,水平,right,recording,充电口朝左,3,-0.630910,1.007719,9.668650,0.011959,-0.019415,0.002134
233006730.000,ZR,handheld,水平,right,recording,充电口朝左,3,-0.611085,1.037102,9.670413,-0.000536,-0.026141,0.006026
233006740.000,ZR,handheld,水平,right,recording,充电口朝左,3,-0.637584,1.046177,9.744642,-0.008798,-0.020619,0.009896
233006750.000,ZR,handheld,水平,right,recording,充电口朝左,3,-0.613682,1.026984,9.753084,-0.015743,-0.015671,0.009915
233006760.000,ZR,handheld,水平,right,recording,充电口朝左,3,-0.610052,1.041854,9.754990,-0.018049,-0.013690,0.011343
233006770.000,ZR,handheld,水平,right,recording,充电口朝左,3,-0.609504,0.984498,9.766407,-0.016079,-0.014338,0.010449
233006780.000,ZR,handheld,水平,right,recording,充电口朝左,3,-0.610547,0.995404,9.759430,-0.007840,-0.008769,0.009700
233006790.000,ZR,handheld,水平,right,recording,充电口朝左,3,-0.609112,1.026564,9.782848,0.000887,-0.011618,0.009949
233006800.000,ZR,handheld,水平,right,recording,充电口朝左,3,-0.624669,1.010280,9.745108,0.003872,-0.005220,0.005410
233006810.000,ZR,handheld,水平,right,recording,充电口朝左,3,-0.599868,1.018553,9.745840,0.005208,-0.004354,0.000291
233006820.000,ZR,handheld,水平,right,recording,充电口朝左,3,-0.652838,0.999307,9.732005,0.003359,-0.008871,-0.005512
233006830.000,ZR,handheld,水平,right,recording,充电口朝左,3,-0.725738,1.043807,9.654909,-0.015992,-0.037054,-0.001829
233006840.000,ZR,handheld,水平,right,recording,充电口朝左,3,-0.595783,1.045568,9.594934,-0.018626,-0.011986,-0.017972
233006850.000,ZR,handheld,水平,right,recording,充电口朝左,3,-0.656272,1.019488,9.917408,-0.014522,0.025436,-0.007925
233006860.000,ZR,handheld,水平,right,recording,充电口朝左,3,-0.679180,1.026519,9.628944,-0.008856,0.016133,-0.001641
233006870.000,ZR,handheld,水平,right,recording,充电口朝左,3,-0.648515,1.039299,9.744041,0.002491,0.008130,-0.002454
233006880.000,ZR,handheld,水平,right,recording,充电口朝左,3,-0.611623,0.965605,9.722370,0.013005,0.007328,-0.005748
233006890.000,ZR,handheld,水平,right,recording,充电口朝左,3,-0.661544,0.940941,9.787601,0.024772,0.024944,-0.014076
233006900.000,ZR,handheld,水平,right,recording,充电口朝左,3,-0.559784,0.989669,9.772954,0.024499,0.023342,-0.023593
233006910.000,ZR,handheld,水平,right,recording,充电口朝左,3,-0.600110,1.017575,9.706855,0.018640,0.015098,-0.026702
233006920.000,ZR,handheld,水平,right,recording,充电口朝左,3,-0.585104,0.997623,9.725993,0.011078,0.013651,-0.023015
233006930.000,ZR,handheld,水平,right,recording,充电口朝左,3,-0.624420,0.952031,9.745629,0.004857,0.011347,-0.014066
233006940.000,ZR,handheld,水平,right,recording,充电口朝左,3,-0.618270,0.940079,9.707886,-0.005149,0.007217,-0.004870
233006950.000,ZR,handheld,水平,right,recording,充电口朝左,3,-0.613501,0.963229,9.706109,-0.012392,0.003192,0.004016
233006960.000,ZR,handheld,水平,right,recording,充电口朝左,3,-0.623651,0.954270,9.716215,-0.017729,0.001280,0.010061
233006970.000,ZR,handheld,水平,right,recording,充电口朝左,3,-0.608121,0.936133,9.725907,-0.019607,0.003787,0.009511
233006980.000,ZR,handheld,水平,right,recording,充电口朝左,3,-0.602344,0.949907,9.739722,-0.016107,0.013863,0.006500
233006990.000,ZR,handheld,水平,right,recording,充电口朝左,3,-0.584330,0.964596,9.730116,-0.007816,0.018278,0.004350
233007000.000,ZR,handheld,水平,right,recording,充电口朝左,3,-0.605158,0.944438,9.739073,0.004753,0.026158,0.003187
233007010.000,ZR,handheld,水平,right,recording,充电口朝左,3,-0.576559,0.948976,9.709529,0.014030,0.032445,0.003134
233007020.000,ZR,handheld,水平,right,recording,充电口朝左,3,-0.607114,0.961927,9.667339,0.017485,0.021083,0.003144
233007030.000,ZR,handheld,水平,right,recording,充电口朝左,3,-0.593665,0.979388,9.603477,0.012658,0.008292,0.005840
233007040.000,ZR,handheld,水平,right,recording,充电口朝左,3,-0.630784,0.984707,9.627132,0.003852,0.001798,0.008365
233007050.000,ZR,handheld,水平,right,recording,充电口朝左,3,-0.613758,1.010940,9.632011,-0.006651,-0.004624,0.010595
233007060.000,ZR,handheld,水平,right,recording,充电口朝左,3,-0.635218,1.028643,9.631065,-0.014211,-0.013425,0.011885
233007070.000,ZR,handheld,水平,right,recording,充电口朝左,3,-0.632867,1.001249,9.734219,-0.009742,-0.001560,0.012841
233007080.000,ZR,handheld,水平,right,recording,充电口朝左,3,-0.643412,1.013130,9.766527,-0.001525,0.013510,0.011130
233007090.000,ZR,handheld,水平,right,recording,充电口朝左,3,-0.678135,1.018069,9.718274,0.005349,0.014900,0.009890
233007100.000,ZR,handheld,水平,right,recording,充电口朝左,3,-0.692574,1.020914,9.697243,0.012492,0.008277,0.006331
233007110.000,ZR,handheld,水平,right,recording,充电口朝左,3,-0.693509,1.016256,9.668785,0.014568,0.007997,-0.003295
233007120.000,ZR,handheld,水平,right,recording,充电口朝左,3,-0.680356,1.004475,9.648634,0.013116,0.008764,-0.012829
233007130.000,ZR,handheld,水平,right,recording,充电口朝左,3,-0.687699,1.031226,9.633330,0.009114,0.005148,-0.018468
233007140.000,ZR,handheld,水平,right,recording,充电口朝左,3,-0.665369,1.014389,9.627949,0.003970,-0.010159,-0.018917
233007150.000,ZR,handheld,水平,right,recording,充电口朝左,3,-0.659556,1.002162,9.647380,-0.001518,-0.016719,-0.017508
233007160.000,ZR,handheld,水平,right,recording,充电口朝左,3,-0.627212,0.983397,9.658577,-0.005521,-0.016180,-0.012438
233007170.000,ZR,handheld,水平,right,recording,充电口朝左,3,-0.610352,0.967293,9.701887,-0.003372,-0.010949,-0.011209
233007180.000,ZR,handheld,水平,right,recording,充电口朝左,3,-0.576131,0.955840,9.739014,0.001425,-0.007832,-0.008755
233007190.000,ZR,handheld,水平,right,recording,充电口朝左,3,-0.567747,0.956117,9.779386,0.013832,-0.006157,-0.007469
233007200.000,ZR,handheld,水平,right,recording,充电口朝左,3,-0.573745,0.959659,9.802989,0.024845,-0.002800,-0.003475
233007210.000,ZR,handheld,水平,right,recording,充电口朝左,3,-0.577096,0.968699,9.822562,0.033623,0.003032,0.003829
233007220.000,ZR,handheld,水平,right,recording,充电口朝左,3,-0.632979,0.980229,9.801293,0.034487,0.009665,0.010207
233007230.000,ZR,handheld,水平,right,recording,充电口朝左,3,-0.619530,1.029158,9.785343,0.029148,0.015502,0.014182
233007240.000,ZR,handheld,水平,right,recording,充电口朝左,3,-0.644465,1.048532,9.743753,0.017070,0.009001,0.017295
233007250.000,ZR,handheld,水平,right,recording,充电口朝左,3,-0.697302,1.037250,9.733973,0.003809,0.003183,0.015741
233007260.000,ZR,handheld,水平,right,recording,充电口朝左,3,-0.691626,1.020242,9.735984,-0.006576,0.000195,0.009796
233007270.000,ZR,handheld,水平,right,recording,充电口朝左,3,-0.691726,1.042096,9.760655,-0.014562,-0.004448,0.004747
233007280.000,ZR,handheld,水平,right,recording,充电口朝左,3,-0.692059,1.041754,9.775392,-0.016525,-0.007069,-0.000364
233007290.000,ZR,handheld,水平,right,recording,充电口朝左,3,-0.689927,1.011526,9.792374,-0.013303,-0.003357,-0.004703
233007300.000,ZR,handheld,水平,right,recording,充电口朝左,3,-0.691176,1.010370,9.794485,-0.007873,0.000030,-0.004812
233007310.000,ZR,handheld,水平,right,recording,充电口朝左,3,-0.665623,1.029678,9.784028,0.000256,0.006781,-0.006929
233007320.000,ZR,handheld,水平,right,recording,充电口朝左,3,-0.653780,1.022458,9.811825,0.010686,0.023427,-0.007446
233007330.000,ZR,handheld,水平,right,recording,充电口朝左,3,-0.665706,1.007044,9.790915,0.014483,0.034274,-0.006362
233007340.000,ZR,handheld,水平,right,recording,充电口朝左,3,-0.658844,0.967765,9.718517,0.014078,0.033116,-0.007834
233007350.000,ZR,handheld,水平,right,recording,充电口朝左,3,-0.665458,0.976105,9.697253,0.010291,0.030958,-0.008231
233007360.000,ZR,handheld,水平,right,recording,充电口朝左,3,-0.647714,0.971231,9.659174,0.002000,0.024924,-0.006166
233007370.000,ZR,handheld,水平,right,recording,充电口朝左,3,-0.640383,0.973603,9.675423,-0.003402,0.021182,-0.004462
233007380.000,ZR,handheld,水平,right,recording,充电口朝左,3,-0.634985,0.966913,9.664860,-0.005425,0.016492,-0.003206
233007390.000,ZR,handheld,水平,right,recording,充电口朝左,3,-0.619002,0.968520,9.680878,-0.007158,0.010541,-0.003532
233007400.000,ZR,handheld,水平,right,recording,充电口朝左,3,-0.594127,0.970469,9.686513,-0.003450,0.011489,-0.002587
233007410.000,ZR,handheld,水平,right,recording,充电口朝左,3,-0.596133,0.947163,9.730201,0.002219,0.024643,0.002339
233007420.000,ZR,handheld,水平,right,recording,充电口朝左,3,-0.628856,0.961194,9.698584,0.008233,0.029706,0.010358
233007430.000,ZR,handheld,水平,right,recording,充电口朝左,3,-0.607886,0.983870,9.664316,0.016055,0.023661,0.018670
233007440.000,ZR,handheld,水平,right,recording,充电口朝左,3,-0.637624,0.970833,9.636972,0.015281,0.018299,0.025771
233007450.000,ZR,handheld,水平,right,recording,充电口朝左,3,-0.626709,0.974108,9.610835,0.012978,0.009682,0.028645
233007460.000,ZR,handheld,水平,right,recording,充电口朝左,3,-0.664459,1.017590,9.614556,0.007147,-0.002869,0.026632
233007470.000,ZR,handheld,水平,right,recording,充电口朝左,3,-0.660302,1.035639,9.604508,-0.002008,-0.013466,0.021928
233007480.000,ZR,handheld,水平,right,recording,充电口朝左,3,-0.697200,1.016642,9.644467,-0.009196,-0.014053,0.016535
233007490.000,ZR,handheld,水平,right,recording,充电口朝左,3,-0.672904,1.041132,9.709373,-0.003220,-0.008741,0.010271
233007500.000,ZR,handheld,水平,right,recording,充电口朝左,3,-0.671233,1.048891,9.755501,0.004556,0.008060,0.007490
233007510.000,ZR,handheld,水平,right,recording,充电口朝左,3,-0.678864,1.069066,9.762307,0.015380,0.019478,0.005803
233007520.000,ZR,handheld,水平,right,recording,充电口朝左,3,-0.671233,1.061987,9.730290,0.026274,0.015084,0.005966
233007530.000,ZR,handheld,水平,right,recording,充电口朝左,3,-0.705997,1.086885,9.712254,0.028793,0.009626,0.004771
233007540.000,ZR,handheld,水平,right,recording,充电口朝左,3,-0.686708,1.075149,9.673215,0.023365,0.007158,0.001734
233007550.000,ZR,handheld,水平,right,recording,充电口朝左,3,-0.707039,1.074247,9.662620,0.011281,-0.002743,-0.001818
233007560.000,ZR,handheld,水平,right,recording,充电口朝左,3,-0.705189,1.064524,9.635282,-0.002487,-0.005232,-0.003955
233007570.000,ZR,handheld,水平,right,recording,充电口朝左,3,-0.704107,1.045558,9.667095,-0.013943,-0.009406,-0.004401
233007580.000,ZR,handheld,水平,right,recording,充电口朝左,3,-0.685912,0.999952,9.720646,-0.013199,-0.006597,-0.001744
233007590.000,ZR,handheld,水平,right,recording,充电口朝左,3,-0.685905,1.012120,9.751896,-0.005580,0.003349,-0.002599
233007600.000,ZR,handheld,水平,right,recording,充电口朝左,3,-0.660854,0.985146,9.766289,0.003267,0.007609,-0.003024
233007610.000,ZR,handheld,水平,right,recording,充电口朝左,3,-0.637286,0.997230,9.769981,0.013558,0.014457,-0.004108
233007620.000,ZR,handheld,水平,right,recording,充电口朝左,3,-0.635924,0.974820,9.772561,0.020708,0.025369,-0.004815
233007630.000,ZR,handheld,水平,right,recording,充电口朝左,3,-0.650054,0.981601,9.704898,0.020841,0.019192,-0.003301
233007640.000,ZR,handheld,水平,right,recording,充电口朝左,3,-0.660298,0.988784,9.672324,0.014596,0.000065,0.001791
233007650.000,ZR,handheld,水平,right,recording,充电口朝左,3,-0.668386,0.999581,9.687375,0.004842,-0.007318,0.004974
233007660.000,ZR,handheld,水平,right,recording,充电口朝左,3,-0.660003,1.002467,9.698875,-0.004356,0.001818,0.009425
233007670.000,ZR,handheld,水平,right,recording,充电口朝左,3,-0.669022,1.028123,9.732895,-0.010471,0.002103,0.012466
233007680.000,ZR,handheld,水平,right,recording,充电口朝左,3,-0.670918,1.040661,9.712616,-0.008379,-0.002342,0.014098
233007690.000,ZR,handheld,水平,right,recording,充电口朝左,3,-0.658926,1.036822,9.732238,-0.004243,0.002442,0.011370
233007700.000,ZR,handheld,水平,right,recording,充电口朝左,3,-0.677925,1.021052,9.760030,0.002640,0.013109,0.005867
233007710.000,ZR,handheld,水平,right,recording,充电口朝左,3,-0.679287,1.018198,9.748144,0.009662,0.010270,-0.000519
233007720.000,ZR,handheld,水平,right,recording,充电口朝左,3,-0.672838,1.021340,9.709971,0.012530,0.008791,-0.004924
233007730.000,ZR,handheld,水平,right,recording,充电口朝左,3,-0.701802,1.027229,9.682596,0.010533,0.008403,-0.005436
233007740.000,ZR,handheld,水平,right,recording,充电口朝左,3,-0.673571,1.071490,9.678537,0.005028,0.006305,-0.002347
233007750.000,ZR,handheld,水平,right,recording,充电口朝左,3,-0.691488,1.073796,9.658023,0.001131,0.007208,0.004157
233007760.000,ZR,handheld,水平,right,recording,充电口朝左,3,-0.659468,1.076934,9.687802,-0.000634,0.007303,0.007187
233007770.000,ZR,handheld,水平,right,recording,充电口朝左,3,-0.676024,1.048884,9.671836,-0.002277,0.006211,0.007584
233007780.000,ZR,handheld,水平,right,recording,充电口朝左,3,-0.670892,1.050493,9.646952,-0.005615,0.003520,0.007349
233007790.000,ZR,handheld,水平,right,recording,充电口朝左,3,-0.684144,1.065117,9.670915,-0.007131,-0.002860,0.005811
233007800.000,ZR,handheld,水平,right,recording,充电口朝左,3,-0.662721,1.053624,9.658500,-0.009918,-0.012976,0.005048
233007810.000,ZR,handheld,水平,right,recording,充电口朝左,3,-0.658798,1.063025,9.680280,-0.006866,-0.008018,0.001925
233007820.000,ZR,handheld,水平,right,recording,充电口朝左,3,-0.656877,1.022576,9.718433,-0.002555,-0.000633,-0.001019
233007830.000,ZR,handheld,水平,right,recording,充电口朝左,3,-0.671647,1.016316,9.723971,0.001241,0.003389,-0.001433
233007840.000,ZR,handheld,水平,right,recording,充电口朝左,3,-0.666019,1.031396,9.685913,0.003546,0.004228,-0.000825
233007850.000,ZR,handheld,水平,right,recording,充电口朝左,3,-0.675202,1.027527,9.702915,0.005422,0.010466,0.001025
233007860.000,ZR,handheld,水平,right,recording,充电口朝左,3,-0.668841,1.013188,9.695357,0.007910,0.010694,0.003987
233007870.000,ZR,handheld,水平,right,recording,充电口朝左,3,-0.663417,1.026620,9.684992,0.007971,0.004312,0.004021
233007880.000,ZR,handheld,水平,right,recording,充电口朝左,3,-0.673231,1.023911,9.666302,0.003496,-0.000019,0.004682
233007890.000,ZR,handheld,水平,right,recording,充电口朝左,3,-0.684445,1.013493,9.699947,0.000693,0.000900,0.007121
233007900.000,ZR,handheld,水平,right,recording,充电口朝左,3,-0.658312,1.019209,9.693261,-0.004135,-0.000364,0.004373
233007910.000,ZR,handheld,水平,right,recording,充电口朝左,3,-0.680459,1.038597,9.715366,-0.008721,-0.001706,0.005931
233007920.000,ZR,handheld,水平,right,recording,充电口朝左,3,-0.665526,1.027184,9.707841,-0.008854,0.000827,0.005224
233007930.000,ZR,handheld,水平,right,recording,充电口朝左,3,-0.667477,1.014269,9.769831,-0.003777,0.014902,0.006010
233007940.000,ZR,handheld,水平,right,recording,充电口朝左,3,-0.679162,0.996009,9.735929,0.000860,0.018112,0.007420
233007950.000,ZR,handheld,水平,right,recording,充电口朝左,3,-0.675189,1.030398,9.686804,0.004931,0.011608,0.007919
233007960.000,ZR,handheld,水平,right,recording,充电口朝左,3,-0.681760,1.036083,9.706001,0.007262,0.002848,0.009158
233007970.000,ZR,handheld,水平,right,recording,充电口朝左,3,-0.677445,1.049804,9.704923,0.006819,0.001561,0.009719
233007980.000,ZR,handheld,水平,right,recording,充电口朝左,3,-0.664487,1.068947,9.705558,0.001590,0.000931,0.007033
233007990.000,ZR,handheld,水平,right,recording,充电口朝左,3,-0.704805,1.091000,9.707805,-0.006335,-0.004701,0.005503
233008000.000,ZR,handheld,水平,right,recording,充电口朝左,3,-0.682151,1.084101,9.735884,-0.014494,-0.002622,0.002025
233008010.000,ZR,handheld,水平,right,recording,充电口朝左,3,-0.710985,1.091668,9.761892,-0.017952,0.006113,0.000960
233008020.000,ZR,handheld,水平,right,recording,充电口朝左,3,-0.703615,1.079703,9.735646,-0.019486,0.008068,-0.001603
233008030.000,ZR,handheld,水平,right,recording,充电口朝左,3,-0.692569,1.080503,9.722870,-0.016381,0.008152,-0.007496
233008040.000,ZR,handheld,水平,right,recording,充电口朝左,3,-0.682061,1.060235,9.702994,-0.011949,0.009969,-0.010096
233008050.000,ZR,handheld,水平,right,recording,充电口朝左,3,-0.695104,1.062877,9.718591,-0.003848,0.010279,-0.011689
233008060.000,ZR,handheld,水平,right,recording,充电口朝左,3,-0.679068,1.050312,9.687568,0.000647,0.006347,-0.011044
233008070.000,ZR,handheld,水平,right,recording,充电口朝左,3,-0.671908,1.043358,9.663662,-0.000616,0.004866,-0.011105
233008080.000,ZR,handheld,水平,right,recording,充电口朝左,3,-0.702090,1.021686,9.645355,-0.005785,0.005393,-0.009704
233008090.000,ZR,handheld,水平,right,recording,充电口朝左,3,-0.703869,1.025564,9.617003,-0.012555,0.001712,-0.007618
233008100.000,ZR,handheld,水平,right,recording,充电口朝左,3,-0.688538,1.027534,9.621166,-0.015476,-0.004344,-0.007380
233008110.000,ZR,handheld,水平,right,recording,充电口朝左,3,-0.690452,1.018383,9.636060,-0.013448,-0.005296,-0.007037
233008120.000,ZR,handheld,水平,right,recording,充电口朝左,3,-0.682128,1.012483,9.666556,-0.007489,-0.004655,-0.007645
233008130.000,ZR,handheld,水平,right,recording,充电口朝左,3,-0.700299,1.001168,9.690783,-0.000672,-0.008432,-0.008123
233008140.000,ZR,handheld,水平,right,recording,充电口朝左,3,-0.677820,0.988481,9.653586,0.002841,-0.006923,-0.010930
233008150.000,ZR,handheld,水平,right,recording,充电口朝左,3,-0.684175,0.987664,9.648733,0.003228,-0.008174,-0.014999
233008160.000,ZR,handheld,水平,right,recording,充电口朝左,3,-0.663764,0.981578,9.659934,0.002988,-0.013432,-0.016377
233008170.000,ZR,handheld,水平,right,recording,充电口朝左,3,-0.664165,0.986565,9.669950,0.001001,-0.008349,-0.015132
233008180.000,ZR,handheld,水平,right,recording,充电口朝左,3,-0.649320,0.967827,9.681093,0.000578,-0.009773,-0.010942
233008190.000,ZR,handheld,水平,right,recording,充电口朝左,3,-0.642155,0.978137,9.726880,0.001490,-0.012057,-0.005850
233008200.000,ZR,handheld,水平,right,recording,充电口朝左,3,-0.635719,0.994612,9.769657,0.007744,-0.010053,-0.001283
233008210.000,ZR,handheld,水平,right,recording,充电口朝左,3,-0.637358,0.989418,9.797318,0.013399,-0.005028,0.006670
233008220.000,ZR,handheld,水平,right,recording,充电口朝左,3,-0.649440,0.999561,9.789672,0.008059,-0.002244,0.007736
233008230.000,ZR,handheld,水平,right,recording,充电口朝左,3,-0.659646,1.034471,9.713418,-0.001730,-0.010179,0.008916
233008240.000,ZR,handheld,水平,right,recording,充电口朝左,3,-0.689348,1.049347,9.730876,-0.015168,-0.009220,0.010715
233008250.000,ZR,handheld,水平,right,recording,充电口朝左,3,-0.717800,1.029336,9.708243,-0.028309,-0.003520,0.010828
233008260.000,ZR,handheld,水平,right,recording,充电口朝左,3,-0.725304,1.014328,9.704531,-0.034903,-0.010642,0.008300
233008270.000,ZR,handheld,水平,right,recording,充电口朝左,3,-0.712531,1.015803,9.685079,-0.032273,-0.018602,0.002752
233008280.000,ZR,handheld,水平,right,recording,充电口朝左,3,-0.693353,1.022870,9.715448,-0.021045,-0.015957,-0.003651
233008290.000,ZR,handheld,水平,right,recording,充电口朝左,3,-0.726993,1.003127,9.794828,-0.001748,-0.001107,-0.006835
233008300.000,ZR,handheld,水平,right,recording,充电口朝左,3,-0.695266,0.990723,9.784801,0.014270,0.011378,-0.008962
233008310.000,ZR,handheld,水平,right,recording,充电口朝左,3,-0.708983,1.002778,9.757388,0.023362,0.015467,-0.005246
233008320.000,ZR,handheld,水平,right,recording,充电口朝左,3,-0.696630,1.024614,9.705973,0.016872,0.014839,-0.004185
233008330.000,ZR,handheld,水平,right,recording,充电口朝左,3,-0.703938,1.029878,9.669638,0.001584,0.013118,-0.004995
233008340.000,ZR,handheld,水平,right,recording,充电口朝左,3,-0.694186,1.022835,9.620535,-0.017894,0.004890,-0.007017
233008350.000,ZR,handheld,水平,right,recording,充电口朝左,3,-0.689571,1.005844,9.641567,-0.032138,-0.006417,-0.007731
233008360.000,ZR,handheld,水平,right,recording,充电口朝左,3,-0.666800,0.995491,9.684044,-0.036291,-0.007716,-0.010165
233008370.000,ZR,handheld,水平,right,recording,充电口朝左,3,-0.661933,0.984119,9.727912,-0.027852,0.005303,-0.008833
233008380.000,ZR,handheld,水平,right,recording,充电口朝左,3,-0.639319,0.968860,9.767601,-0.010563,0.005757,-0.009780
233008390.000,ZR,handheld,水平,right,recording,充电口朝左,3,-0.625723,0.932394,9.754308,0.003361,0.004588,-0.008131
233008400.000,ZR,handheld,水平,right,recording,充电口朝左,3,-0.633442,0.956107,9.714605,0.011724,0.008312,0.000051
233008410.000,ZR,handheld,水平,right,recording,充电口朝左,3,-0.630049,0.979377,9.700290,0.016316,-0.003868,0.008114
233008420.000,ZR,handheld,水平,right,recording,充电口朝左,3,-0.676282,0.993460,9.676334,0.011490,-0.005537,0.014121
233008430.000,ZR,handheld,水平,right,recording,充电口朝左,3,-0.672536,1.001724,9.701358,0.002414,0.000764,0.017555
233008440.000,ZR,handheld,水平,right,recording,充电口朝左,3,-0.699796,1.006409,9.682340,-0.007116,-0.003242,0.015068
233008450.000,ZR,handheld,水平,right,recording,充电口朝左,3,-0.682587,1.028506,9.685438,-0.019816,-0.010936,0.013421
233008460.000,ZR,handheld,水平,right,recording,充电口朝左,3,-0.709660,1.029719,9.679705,-0.026400,-0.011619,0.008530
233008470.000,ZR,handheld,水平,right,recording,充电口朝左,3,-0.692982,1.040011,9.716029,-0.023618,-0.009439,0.004453
233008480.000,ZR,handheld,水平,right,recording,充电口朝左,3,-0.719433,1.049271,9.745279,-0.014011,-0.011577,0.001372
233008490.000,ZR,handheld,水平,right,recording,充电口朝左,3,-0.688373,1.040713,9.773925,0.001794,-0.002512,0.001033
233008500.000,ZR,handheld,水平,right,recording,充电口朝左,3,-0.710478,1.047089,9.788893,0.010977,0.007823,0.004002
233008510.000,ZR,handheld,水平,right,recording,充电口朝左,3,-0.703330,1.062658,9.752074,0.011774,0.010099,0.004007
233008520.000,ZR,handheld,水平,right,recording,充电口朝左,3,-0.711606,1.073250,9.679814,0.004841,0.009230,-0.000174
233008530.000,ZR,handheld,水平,right,recording,充电口朝左,3,-0.694838,1.064237,9.664547,-0.006712,0.006659,-0.005595
233008540.000,ZR,handheld,水平,right,recording,充电口朝左,3,-0.732186,1.052681,9.660257,-0.019223,0.001557,-0.009426
233008550.000,ZR,handheld,水平,right,recording,充电口朝左,3,-0.696988,1.021491,9.647495,-0.026014,-0.001784,-0.010723
233008560.000,ZR,handheld,水平,right,recording,充电口朝左,3,-0.702478,1.003219,9.640736,-0.026241,-0.010726,-0.011122
233008570.000,ZR,handheld,水平,right,recording,充电口朝左,3,-0.683415,0.995362,9.687567,-0.018080,-0.018915,-0.012795
233008580.000,ZR,handheld,水平,right,recording,充电口朝左,3,-0.686516,0.969111,9.701856,-0.006438,-0.011106,-0.013384
233008590.000,ZR,handheld,水平,right,recording,充电口朝左,3,-0.657243,0.961601,9.741546,0.005544,0.000339,-0.014169
233008600.000,ZR,handheld,水平,right,recording,充电口朝左,3,-0.674363,0.936220,9.725692,0.012569,0.003386,-0.010743
233008610.000,ZR,handheld,水平,right,recording,充电口朝左,3,-0.644679,0.946326,9.705989,0.014971,0.004336,-0.007570
233008620.000,ZR,handheld,水平,right,recording,充电口朝左,3,-0.672258,0.951144,9.693597,0.014862,-0.003286,-0.003872
233008630.000,ZR,handheld,水平,right,recording,充电口朝左,3,-0.646699,0.959787,9.684952,0.008953,-0.007171,0.002256
233008640.000,ZR,handheld,水平,right,recording,充电口朝左,3,-0.646236,0.942964,9.722316,0.003143,-0.000721,0.003668
233008650.000,ZR,handheld,水平,right,recording,充电口朝左,3,-0.639559,0.962740,9.728403,-0.000290,0.003783,0.006800
233008660.000,ZR,handheld,水平,right,recording,充电口朝左,3,-0.650192,0.967454,9.736270,-0.000974,-0.000447,0.008538
233008670.000,ZR,handheld,水平,right,recording,充电口朝左,3,-0.641963,0.977191,9.785421,0.003983,-0.000350,0.008916
233008680.000,ZR,handheld,水平,right,recording,充电口朝左,3,-0.656319,0.990066,9.810941,0.012397,0.014188,0.011464
233008690.000,ZR,handheld,水平,right,recording,充电口朝左,3,-0.661119,1.013248,9.812432,0.018440,0.024781,0.012249
233008700.000,ZR,handheld,水平,right,recording,充电口朝左,3,-0.673399,1.033273,9.749657,0.016282,0.023051,0.011789
233008710.000,ZR,handheld,水平,right,recording,充电口朝左,3,-0.713261,1.036240,9.698498,0.008879,0.009456,0.012968
233008720.000,ZR,handheld,水平,right,recording,充电口朝左,3,-0.729838,1.051759,9.655000,-0.003193,0.003966,0.014175
233008730.000,ZR,handheld,水平,right,recording,充电口朝左,3,-0.729491,1.051290,9.643108,-0.015230,-0.002822,0.010811
233008740.000,ZR,handheld,水平,right,recording,充电口朝左,3,-0.746137,1.063405,9.650810,-0.023606,-0.007779,0.007363
233008750.000,ZR,handheld,水平,right,recording,充电口朝左,3,-0.733635,1.033818,9.694098,-0.022526,-0.008503,0.002905
233008760.000,ZR,handheld,水平,right,recording,充电口朝左,3,-0.712869,1.003409,9.738080,-0.012221,-0.003439,-0.001939
233008770.000,ZR,handheld,水平,right,recording,充电口朝左,3,-0.695794,0.985392,9.756455,-0.000493,0.007249,-0.003799
233008780.000,ZR,handheld,水平,right,recording,充电口朝左,3,-0.690643,0.980094,9.752535,0.012852,0.008437,-0.003637
233008790.000,ZR,handheld,水平,right,recording,充电口朝左,3,-0.678344,0.977562,9.732564,0.021715,0.014841,-0.001624
233008800.000,ZR,handheld,水平,right,recording,充电口朝左,3,-0.674992,0.987103,9.721431,0.024809,0.018756,-0.001460
233008810.000,ZR,handheld,水平,right,recording,充电口朝左,3,-0.703298,0.989040,9.675587,0.018186,0.013930,0.002240
233008820.000,ZR,handheld,水平,right,recording,充电口朝左,3,-0.681189,0.984473,9.638885,0.010166,0.005695,0.001911
233008830.000,ZR,handheld,水平,right,recording,充电口朝左,3,-0.689432,1.017041,9.666077,0.001485,0.003602,0.003694
233008840.000,ZR,handheld,水平,right,recording,充电口朝左,3,-0.643259,1.037801,9.676922,-0.004522,0.007379,0.002447
233008850.000,ZR,handheld,水平,right,recording,充电口朝左,3,-0.632017,1.017105,9.704393,-0.006890,0.010828,0.002085
233008860.000,ZR,handheld,水平,right,recording,充电口朝左,3,-0.660568,1.000971,9.699208,-0.003578,0.011820,0.001818
233008870.000,ZR,handheld,水平,right,recording,充电口朝左,3,-0.652646,0.968365,9.733648,0.002683,0.005222,0.004596
233008880.000,ZR,handheld,水平,right,recording,充电口朝左,3,-0.680622,0.979441,9.706556,0.005018,0.005882,0.005045
233008890.000,ZR,handheld,水平,right,recording,充电口朝左,3,-0.681714,0.965252,9.662102,0.002300,0.005874,0.006862
233008900.000,ZR,handheld,水平,right,recording,充电口朝左,3,-0.685350,0.992931,9.678053,0.000107,0.008187,0.005897
233008910.000,ZR,handheld,水平,right,recording,充电口朝左,3,-0.684630,1.020632,9.643818,-0.003361,0.008339,0.005680
233008920.000,ZR,handheld,水平,right,recording,充电口朝左,3,-0.675483,1.005253,9.661314,-0.005952,-0.000780,0.007430
233008930.000,ZR,handheld,水平,right,recording,充电口朝左,3,-0.670885,1.003149,9.649636,-0.004534,-0.009664,0.004539
233008940.000,ZR,handheld,水平,right,recording,充电口朝左,3,-0.659700,1.003568,9.701497,0.000629,-0.008823,0.003126
233008950.000,ZR,handheld,水平,right,recording,充电口朝左,3,-0.666268,1.016424,9.712671,0.005523,-0.002682,0.004616
233008960.000,ZR,handheld,水平,right,recording,充电口朝左,3,-0.677159,1.042974,9.719606,0.008837,0.003663,0.005114
233008970.000,ZR,handheld,水平,right,recording,充电口朝左,3,-0.673871,1.032599,9.687032,0.008600,0.001952,0.003282
233008980.000,ZR,handheld,水平,right,recording,充电口朝左,3,-0.680422,1.051906,9.669646,0.007720,-0.001144,0.003783
233008990.000,ZR,handheld,水平,right,recording,充电口朝左,3,-0.665481,1.059319,9.726114,0.007031,-0.007298,0.002270
233009000.000,ZR,handheld,水平,right,recording,充电口朝左,3,-0.690397,1.056981,9.700185,0.002749,-0.006656,-0.003772
233009010.000,ZR,handheld,水平,right,recording,充电口朝左,3,-0.656047,1.074609,9.710678,-0.002266,-0.002066,-0.007687
233009020.000,ZR,handheld,水平,right,recording,充电口朝左,3,-0.682156,1.057957,9.724134,-0.006245,-0.003564,-0.011363
233009030.000,ZR,handheld,水平,right,recording,充电口朝左,3,-0.679471,1.039390,9.700907,-0.008628,-0.004219,-0.010942
233009040.000,ZR,handheld,水平,right,recording,充电口朝左,3,-0.677199,1.034297,9.683678,-0.008964,-0.001629,-0.006457
233009050.000,ZR,handheld,水平,right,recording,充电口朝左,3,-0.675670,1.045121,9.688915,-0.006494,0.000616,-0.003501
233009060.000,ZR,handheld,水平,right,recording,充电口朝左,3,-0.689666,1.015338,9.679241,-0.004122,0.001866,-0.001278
233009070.000,ZR,handheld,水平,right,recording,充电口朝左,3,-0.706124,0.995624,9.680455,0.000990,0.002413,-0.000719
233009080.000,ZR,handheld,水平,right,recording,充电口朝左,3,-0.704096,0.977130,9.673082,0.005575,0.010567,-0.002816
233009090.000,ZR,handheld,水平,right,recording,充电口朝左,3,-0.687099,1.012141,9.671270,0.009267,0.012840,-0.007135
233009100.000,ZR,handheld,水平,right,recording,充电口朝左,3,-0.697198,0.987374,9.653759,0.015031,-0.000394,-0.010742
233009110.000,ZR,handheld,水平,right,recording,充电口朝左,3,-0.700869,0.996348,9.685112,0.016727,-0.001234,-0.012540
233009120.000,ZR,handheld,水平,right,recording,充电口朝左,3,-0.676788,0.995822,9.683600,0.016788,-0.000703,-0.013279
233009130.000,ZR,handheld,水平,right,recording,充电口朝左,3,-0.696499,1.008921,9.698546,0.013556,-0.005248,-0.013899
233009140.000,ZR,handheld,水平,right,recording,充电口朝左,3,-0.692745,1.004535,9.659348,0.006396,-0.011976,-0.013686
233009150.000,ZR,handheld,水平,right,recording,充电口朝左,3,-0.708321,0.962495,9.693488,0.001544,-0.021966,-0.012876
233009160.000,ZR,handheld,水平,right,recording,充电口朝左,3,-0.666634,0.968881,9.694390,-0.003654,-0.017317,-0.013583
233009170.000,ZR,handheld,水平,right,recording,充电口朝左,3,-0.640889,0.992196,9.771550,-0.000388,-0.013814,-0.007586
233009180.000,ZR,handheld,水平,right,recording,充电口朝左,3,-0.646712,0.996207,9.830999,0.005127,-0.004552,-0.001108
233009190.000,ZR,handheld,水平,right,recording,充电口朝左,3,-0.634237,1.006663,9.847538,0.012930,0.012421,0.005084
233009200.000,ZR,handheld,水平,right,recording,充电口朝左,3,-0.646313,1.030954,9.828387,0.016023,0.020114,0.011081
233009210.000,ZR,handheld,水平,right,recording,充电口朝左,3,-0.685260,1.042139,9.774020,0.015086,0.015487,0.014672
233009220.000,ZR,handheld,水平,right,recording,充电口朝左,3,-0.704632,1.037610,9.751555,0.006933,0.008593,0.013281
233009230.000,ZR,handheld,水平,right,recording,充电口朝左,3,-0.737992,1.047959,9.677511,-0.007917,0.005138,0.009048
233009240.000,ZR,handheld,水平,right,recording,充电口朝左,3,-0.747924,1.067167,9.680993,-0.019694,-0.004594,0.005566
233009250.000,ZR,handheld,水平,right,recording,充电口朝左,3,-0.742657,1.062205,9.679781,-0.028200,-0.009010,-0.002542
233009260.000,ZR,handheld,水平,right,recording,充电口朝左,3,-0.731784,1.041619,9.707697,-0.025522,-0.008541,-0.005106
233009270.000,ZR,handheld,水平,right,recording,充电口朝左,3,-0.737093,1.036367,9.789263,-0.009633,0.006583,-0.005203
233009280.000,ZR,handheld,水平,right,recording,充电口朝左,3,-0.705472,1.045433,9.809798,0.005854,0.015996,-0.003361
233009290.000,ZR,handheld,水平,right,recording,充电口朝左,3,-0.705228,1.031198,9.794001,0.019942,0.022887,-0.001914
233009300.000,ZR,handheld,水平,right,recording,充电口朝左,3,-0.666914,1.052050,9.755324,0.023242,0.026962,-0.005812
233009310.000,ZR,handheld,水平,right,recording,充电口朝左,3,-0.699811,1.021924,9.683849,0.015134,0.021327,-0.007257
233009320.000,ZR,handheld,水平,right,recording,充电口朝左,3,-0.684695,1.029559,9.612405,-0.001117,0.016959,-0.014458
233009330.000,ZR,handheld,水平,right,recording,充电口朝左,3,-0.699982,1.017147,9.580531,-0.021260,0.002147,-0.013557
233009340.000,ZR,handheld,水平,right,recording,充电口朝左,3,-0.700408,1.027832,9.577332,-0.033308,-0.010040,-0.009229
233009350.000,ZR,handheld,水平,right,recording,充电口朝左,3,-0.675594,1.001796,9.626276,-0.034572,-0.012377,-0.002520
233009360.000,ZR,handheld,水平,right,recording,充电口朝左,3,-0.688891,0.976587,9.691053,-0.021057,-0.003445,0.001415
233009370.000,ZR,handheld,水平,right,recording,充电口朝左,3,-0.676820,0.983568,9.720590,-0.003636,-0.001788,0.000830
233009380.000,ZR,handheld,水平,right,recording,充电口朝左,3,-0.642073,0.962973,9.729583,0.014938,-0.000980,-0.001657
233009390.000,ZR,handheld,水平,right,recording,充电口朝左,3,-0.648975,0.959637,9.748449,0.029775,0.012133,-0.004049
233009400.000,ZR,handheld,水平,right,recording,充电口朝左,3,-0.667349,0.981865,9.709935,0.033868,0.013609,-0.004523
233009410.000,ZR,handheld,水平,right,recording,充电口朝左,3,-0.648457,1.016652,9.681353,0.027162,0.014204,-0.000918
233009420.000,ZR,handheld,水平,right,recording,充电口朝左,3,-0.678811,1.024899,9.644568,0.010995,0.005895,0.004733
233009430.000,ZR,handheld,水平,right,recording,充电口朝左,3,-0.694040,1.031117,9.627256,-0.003950,-0.002212,0.010868
233009440.000,ZR,handheld,水平,right,recording,充电口朝左,3,-0.712600,1.034237,9.641368,-0.020453,-0.003915,0.013561
233009450.000,ZR,handheld,水平,right,recording,充电口朝左,3,-0.704838,1.035547,9.658415,-0.026239,-0.010049,0.011182
233009460.000,ZR,handheld,水平,right,recording,充电口朝左,3,-0.721525,1.029128,9.691040,-0.022355,-0.012641,0.004094
233009470.000,ZR,handheld,水平,right,recording,充电口朝左,3,-0.716110,1.013351,9.726272,-0.010811,-0.009141,-0.002025
233009480.000,ZR,handheld,水平,right,recording,充电口朝左,3,-0.715502,1.035051,9.743995,0.003490,-0.004556,-0.007652
233009490.000,ZR,handheld,水平,right,recording,充电口朝左,3,-0.726521,1.057056,9.742051,0.016189,0.002420,-0.004738
233009500.000,ZR,handheld,水平,right,recording,充电口朝左,3,-0.733315,1.076926,9.742921,0.022173,0.007738,-0.004255
233009510.000,ZR,handheld,水平,right,recording,充电口朝左,3,-0.733655,1.076682,9.704112,0.018703,0.008335,-0.002404
233009520.000,ZR,handheld,水平,right,recording,充电口朝左,3,-0.742078,1.069981,9.670305,0.008655,0.007853,-0.003936
233009530.000,ZR,handheld,水平,right,recording,充电口朝左,3,-0.715677,1.086707,9.653491,-0.004759,0.006048,-0.006561
233009540.000,ZR,handheld,水平,right,recording,充电口朝左,3,-0.760727,1.059689,9.639944,-0.016006,0.002160,-0.007522
233009550.000,ZR,handheld,水平,right,recording,充电口朝左,3,-0.736714,1.039457,9.662578,-0.020594,-0.004043,-0.014104
233009560.000,ZR,handheld,水平,right,recording,充电口朝左,3,-0.728680,0.988866,9.684237,-0.018870,-0.009840,-0.019024
233009570.000,ZR,handheld,水平,right,recording,充电口朝左,3,-0.703690,0.955073,9.736578,-0.010844,-0.000711,-0.023175
233009580.000,ZR,handheld,水平,right,recording,充电口朝左,3,-0.697967,0.937628,9.735579,0.000515,0.000006,-0.021232
233009590.000,ZR,handheld,水平,right,recording,充电口朝左,3,-0.685306,0.938326,9.730334,0.010641,-0.000096,-0.013140
233009600.000,ZR,handheld,水平,right,recording,充电口朝左,3,-0.691776,0.948343,9.722789,0.015617,-0.001816,-0.005428
233009610.000,ZR,handheld,水平,right,recording,充电口朝左,3,-0.683799,0.937161,9.719742,0.015096,-0.001407,0.001636
233009620.000,ZR,handheld,水平,right,recording,充电口朝左,3,-0.701281,0.960668,9.681281,0.006362,0.001064,0.005709
233009630.000,ZR,handheld,水平,right,recording,充电口朝左,3,-0.686355,0.978077,9.697453,-0.001131,-0.003829,0.004992
233009640.000,ZR,handheld,水平,right,recording,充电口朝左,3,-0.693693,0.965847,9.695435,-0.007144,-0.005371,0.007763
233009650.000,ZR,handheld,水平,right,recording,充电口朝左,3,-0.667784,0.990721,9.709942,-0.007665,-0.006230,0.008175
233009660.000,ZR,handheld,水平,right,recording,充电口朝左,3,-0.685769,1.010049,9.746659,-0.003168,-0.008873,0.009993
233009670.000,ZR,handheld,水平,right,recording,充电口朝左,3,-0.666622,1.008282,9.770364,0.002815,-0.006781,0.009442
233009680.000,ZR,handheld,水平,right,recording,充电口朝左,3,-0.669378,1.038001,9.771476,0.002583,-0.005492,0.009107
233009690.000,ZR,handheld,水平,right,recording,充电口朝左,3,-0.680507,1.029238,9.752929,0.000544,-0.001953,0.007887
233009700.000,ZR,handheld,水平,right,recording,充电口朝左,3,-0.690380,1.017743,9.766827,-0.005079,0.007650,0.004812
233009710.000,ZR,handheld,水平,right,recording,充电口朝左,3,-0.732409,1.051441,9.719902,-0.011121,0.011424,0.004762
233009720.000,ZR,handheld,水平,right,recording,充电口朝左,3,-0.735216,1.037843,9.693813,-0.013789,0.009953,0.007021
233009730.000,ZR,handheld,水平,right,recording,充电口朝左,3,-0.753851,1.047546,9.656518,-0.012863,0.006110,0.012059
233009740.000,ZR,handheld,水平,right,recording,充电口朝左,3,-0.725912,1.036939,9.674050,-0.007915,0.001858,0.011422
233009750.000,ZR,handheld,水平,right,recording,充电口朝左,3,-0.736524,1.041155,9.665062,-0.001730,0.000223,0.009100
233009760.000,ZR,handheld,水平,right,recording,充电口朝左,3,-0.719608,1.021473,9.685447,0.002761,-0.002840,0.002365
233009770.000,ZR,handheld,水平,right,recording,充电口朝左,3,-0.676731,1.027650,9.672184,0.004372,-0.006213,-0.006113
233009780.000,ZR,handheld,水平,right,recording,充电口朝左,3,-0.718270,1.027508,9.692778,0.004760,-0.005460,-0.006691
233009790.000,ZR,handheld,水平,right,recording,充电口朝左,3,-0.689981,1.021178,9.712020,0.002909,0.001271,-0.005676
233009800.000,ZR,handheld,水平,right,recording,充电口朝左,3,-0.666391,1.046850,9.711498,0.003615,-0.000211,-0.003044
233009810.000,ZR,handheld,水平,right,recording,充电口朝左,3,-0.667163,1.047808,9.720901,0.002351,0.008467,0.000690
233009820.000,ZR,handheld,水平,right,recording,充电口朝左,3,-0.668908,1.031426,9.706051,0.000578,0.014334,0.004176
233009830.000,ZR,handheld,水平,right,recording,充电口朝左,3,-0.684819,1.010130,9.666778,-0.000220,0.001312,0.004889
233009840.000,ZR,handheld,水平,right,recording,充电口朝左,3,-0.692563,1.009920,9.649325,-0.003129,-0.006930,0.007238
233009850.000,ZR,handheld,水平,right,recording,充电口朝左,3,-0.689047,1.004441,9.677865,-0.005333,-0.002868,0.006998
233009860.000,ZR,handheld,水平,right,recording,充电口朝左,3,-0.688374,1.004982,9.671921,-0.004423,-0.000780,0.007154
233009870.000,ZR,handheld,水平,right,recording,充电口朝左,3,-0.691476,1.020404,9.682057,-0.000885,-0.000001,0.005492
233009880.000,ZR,handheld,水平,right,recording,充电口朝左,3,-0.691403,1.025145,9.700829,0.004576,-0.001277,0.001967
233009890.000,ZR,handheld,水平,right,recording,充电口朝左,3,-0.694361,1.011726,9.748043,0.010144,0.001802,-0.002504
233009900.000,ZR,handheld,水平,right,recording,充电口朝左,3,-0.685658,1.021153,9.713616,0.011945,0.004126,-0.007737
233009910.000,ZR,handheld,水平,right,recording,充电口朝左,3,-0.657661,1.018308,9.725694,0.010380,0.001649,-0.010589
233009920.000,ZR,handheld,水平,right,recording,充电口朝左,3,-0.672564,1.016949,9.710077,0.008065,-0.002237,-0.005418
233009930.000,ZR,handheld,水平,right,recording,充电口朝左,3,-0.676777,1.008364,9.726890,0.004143,-0.004285,0.000740
233009940.000,ZR,handheld,水平,right,recording,充电口朝左,3,-0.684455,1.054371,9.717878,0.000821,-0.003617,0.009578
233009950.000,ZR,handheld,水平,right,recording,充电口朝左,3,-0.675516,1.056201,9.725758,-0.003077,-0.006606,0.011369
233009960.000,ZR,handheld,水平,right,recording,充电口朝左,3,-0.682791,1.064278,9.727098,-0.006019,-0.010870,0.009606
233009970.000,ZR,handheld,水平,right,recording,充电口朝左,3,-0.690445,1.047579,9.737150,-0.009050,-0.004374,0.003431
233009980.000,ZR,handheld,水平,right,recording,充电口朝左,3,-0.704207,1.050509,9.745276,-0.007666,-0.002051,-0.003994
233009990.000,ZR,handheld,水平,right,recording,充电口朝左,3,-0.696985,1.056775,9.722915,-0.002815,-0.000787,-0.008048
233010000.000,ZR,handheld,水平,right,recording,充电口朝左,3,-0.697608,1.063333,9.719964,0.001934,0.004347,-0.008430
233010010.000,ZR,handheld,水平,right,recording,充电口朝左,3,-0.712056,1.067112,9.736980,0.007976,0.009471,-0.005350
233010020.000,ZR,handheld,水平,right,recording,充电口朝左,3,-0.692200,1.050822,9.710696,0.010784,0.011540,-0.002258
233010030.000,ZR,handheld,水平,right,recording,充电口朝左,3,-0.712458,1.048083,9.664367,0.005435,0.010207,-0.002234
233010040.000,ZR,handheld,水平,right,recording,充电口朝左,3,-0.711445,1.026896,9.638007,-0.000417,-0.005043,-0.003324
233010050.000,ZR,handheld,水平,right,recording,充电口朝左,3,-0.707290,1.009151,9.665367,-0.007695,0.001491,-0.006957
233010060.000,ZR,handheld,水平,right,recording,充电口朝左,3,-0.700578,1.002568,9.691643,-0.009617,0.004826,-0.006667
233010070.000,ZR,handheld,水平,right,recording,充电口朝左,3,-0.699988,0.979739,9.691957,-0.005145,0.003671,-0.005055
233010080.000,ZR,handheld,水平,right,recording,充电口朝左,3,-0.680544,0.978750,9.721140,0.002268,0.009682,-0.002347
233010090.000,ZR,handheld,水平,right,recording,充电口朝左,3,-0.660392,0.997783,9.730846,0.010023,0.013414,0.000589
233010100.000,ZR,handheld,水平,right,recording,充电口朝左,3,-0.693520,0.983784,9.675493,0.011653,0.009816,-0.000141
233010110.000,ZR,handheld,水平,right,recording,充电口朝左,3,-0.670442,0.992076,9.651220,0.009193,0.006290,-0.005475
233010120.000,ZR,handheld,水平,right,recording,充电口朝左,3,-0.689199,0.967636,9.654600,0.003385,-0.002012,-0.013141
233010130.000,ZR,handheld,水平,right,recording,充电口朝左,3,-0.671447,0.997183,9.653342,0.001679,-0.008028,-0.015081
233010140.000,ZR,handheld,水平,right,recording,充电口朝左,3,-0.666587,1.005849,9.700309,0.002735,-0.009115,-0.008242
233010150.000,ZR,handheld,水平,right,recording,充电口朝左,3,-0.672569,1.006864,9.743321,0.009936,-0.005846,0.004378
233010160.000,ZR,handheld,水平,right,recording,充电口朝左,3,-0.659381,1.007719,9.769689,0.015538,-0.003608,0.014938
233010170.000,ZR,handheld,水平,right,recording,充电口朝左,3,-0.676366,1.026128,9.761003,0.016033,-0.001942,0.018416
233010180.000,ZR,handheld,水平,right,recording,充电口朝左,3,-0.694470,1.041948,9.738566,0.011637,0.006033,0.019529
233010190.000,ZR,handheld,水平,right,recording,充电口朝左,3,-0.733160,1.052893,9.746180,0.004651,0.012294,0.015374
233010200.000,ZR,handheld,水平,right,recording,充电口朝左,3,-0.741179,1.066503,9.691373,0.000401,0.006031,0.011801
233010210.000,ZR,handheld,水平,right,recording,充电口朝左,3,-0.746444,1.061926,9.687087,-0.005212,0.003293,0.007775
233010220.000,ZR,handheld,水平,right,recording,充电口朝左,3,-0.761045,1.039399,9.688451,-0.004523,-0.000549,0.003267
233010230.000,ZR,handheld,水平,right,recording,充电口朝左,3,-0.755339,1.036190,9.712583,-0.001315,-0.005390,-0.001416
233010240.000,ZR,handheld,水平,right,recording,充电口朝左,3,-0.728472,1.046409,9.731873,0.005223,0.000149,-0.004401
233010250.000,ZR,handheld,水平,right,recording,充电口朝左,3,-0.711842,1.048723,9.769425,0.013730,0.008049,-0.004051
233010260.000,ZR,handheld,水平,right,recording,充电口朝左,3,-0.734226,1.037265,9.772239,0.018920,0.012049,-0.002405
233010270.000,ZR,handheld,水平,right,recording,充电口朝左,3,-0.717357,1.034734,9.760367,0.019200,0.016604,-0.002672
233010280.000,ZR,handheld,水平,right,recording,充电口朝左,3,-0.714678,1.043355,9.715316,0.009472,0.011570,-0.000454
233010290.000,ZR,handheld,水平,right,recording,充电口朝左,3,-0.724971,1.043240,9.661136,-0.003870,0.014006,0.000813
233010300.000,ZR,handheld,水平,right,recording,充电口朝左,3,-0.713209,1.029363,9.666778,-0.013306,0.012707,0.002472
233010310.000,ZR,handheld,水平,right,recording,充电口朝左,3,-0.714921,1.003914,9.661365,-0.017901,0.008226,0.002610
233010320.000,ZR,handheld,水平,right,recording,充电口朝左,3,-0.695932,0.996909,9.663701,-0.013939,0.001995,0.001632
233010330.000,ZR,handheld,水平,right,recording,充电口朝左,3,-0.689479,0.978579,9.704834,-0.004700,0.002163,-0.003330
233010340.000,ZR,handheld,水平,right,recording,充电口朝左,3,-0.657811,0.950531,9.722327,0.003981,0.011857,-0.008746
233010350.000,ZR,handheld,水平,right,recording,充电口朝左,3,-0.654147,0.931196,9.744259,0.016028,0.018786,-0.008679
233010360.000,ZR,handheld,水平,right,recording,充电口朝左,3,-0.649356,0.957897,9.713449,0.022217,0.021832,0.001117
233010370.000,ZR,handheld,水平,right,recording,充电口朝左,3,-0.685512,0.991459,9.668025,0.021289,0.018509,0.015234
233010380.000,ZR,handheld,水平,right,recording,充电口朝左,3,-0.686191,1.019630,9.655162,0.013952,0.005103,0.026860
233010390.000,ZR,handheld,水平,right,recording,充电口朝左,3,-0.726234,1.032363,9.623892,0.001955,0.000670,0.032197
233010400.000,ZR,handheld,水平,right,recording,充电口朝左,3,-0.735334,1.023357,9.569934,-0.013406,0.001254,0.034113
233010410.000,ZR,handheld,水平,right,recording,充电口朝左,3,-0.743721,1.064113,9.591363,-0.023088,-0.004077,0.025432
233010420.000,ZR,handheld,水平,right,recording,充电口朝左,3,-0.750252,1.067446,9.595231,-0.024497,-0.011945,0.015539
233010430.000,ZR,handheld,水平,right,recording,充电口朝左,3,-0.742022,1.040899,9.682781,-0.008162,-0.006511,0.004946
233010440.000,ZR,handheld,水平,right,recording,充电口朝左,3,-0.723266,1.040056,9.737997,0.011497,0.004279,-0.000631
233010450.000,ZR,handheld,水平,right,recording,充电口朝左,3,-0.727749,1.031147,9.696054,0.030997,0.007054,-0.002268
233010460.000,ZR,handheld,水平,right,recording,充电口朝左,3,-0.710165,1.069375,9.684276,0.038750,-0.002357,-0.000809
233010470.000,ZR,handheld,水平,right,recording,充电口朝左,3,-0.727301,1.100645,9.645669,0.037439,-0.005492,0.004508
233010480.000,ZR,handheld,水平,right,recording,充电口朝左,3,-0.707073,1.135131,9.654924,0.027146,-0.006445,0.008573
233010490.000,ZR,handheld,水平,right,recording,充电口朝左,3,-0.730225,1.149113,9.661453,0.008332,-0.011136,0.006931
233010500.000,ZR,handheld,水平,right,recording,充电口朝左,3,-0.743545,1.130621,9.655951,-0.009424,-0.011480,0.001511
233010510.000,ZR,handheld,水平,right,recording,充电口朝左,3,-0.720583,1.103323,9.726606,-0.017781,-0.010845,-0.004984
233010520.000,ZR,handheld,水平,right,recording,充电口朝左,3,-0.738803,1.092443,9.738528,-0.020828,-0.006850,-0.007894
233010530.000,ZR,handheld,水平,right,recording,充电口朝左,3,-0.719410,1.090818,9.721738,-0.019298,-0.010765,-0.012212
233010540.000,ZR,handheld,水平,right,recording,充电口朝左,3,-0.731159,1.040302,9.718698,-0.012933,-0.008042,-0.015386
233010550.000,ZR,handheld,水平,right,recording,充电口朝左,3,-0.732525,1.005809,9.735339,-0.005658,-0.001613,-0.016714
233010560.000,ZR,handheld,水平,right,recording,充电口朝左,3,-0.728562,1.003250,9.704745,0.001790,-0.001714,-0.016352
233010570.000,ZR,handheld,水平,right,recording,充电口朝左,3,-0.722954,1.015389,9.676630,0.003271,-0.003117,-0.015570
233010580.000,ZR,handheld,水平,right,recording,充电口朝左,3,-0.714642,0.982056,9.674477,0.002300,-0.003960,-0.012002
233010590.000,ZR,handheld,水平,right,recording,充电口朝左,3,-0.717892,0.991763,9.709723,0.001524,0.002154,-0.008756
233010600.000,ZR,handheld,水平,right,recording,充电口朝左,3,-0.664673,1.020628,9.711161,0.000733,0.003399,-0.006270
233010610.000,ZR,handheld,水平,right,recording,充电口朝左,3,-0.710631,1.006231,9.703902,0.001610,0.000076,-0.002905
233010620.000,ZR,handheld,水平,right,recording,充电口朝左,3,-0.677285,1.022401,9.718837,0.001955,0.000643,-0.000668
233010630.000,ZR,handheld,水平,right,recording,充电口朝左,3,-0.684292,1.032815,9.725551,0.001654,-0.000185,0.004082
233010640.000,ZR,handheld,水平,right,recording,充电口朝左,3,-0.683097,1.026090,9.719452,-0.000546,0.000006,0.005113
233010650.000,ZR,handheld,水平,right,recording,充电口朝左,3,-0.689241,1.019790,9.704546,-0.003410,-0.005366,0.006119
233010660.000,ZR,handheld,水平,right,recording,充电口朝左,3,-0.703838,1.002208,9.708944,-0.007803,-0.012924,0.009028
233010670.000,ZR,handheld,水平,right,recording,充电口朝左,3,-0.719967,1.022107,9.705527,-0.009977,-0.010589,0.012235
233010680.000,ZR,handheld,水平,right,recording,充电口朝左,3,-0.707351,1.074146,9.684097,-0.012518,-0.008491,0.016024
233010690.000,ZR,handheld,水平,right,recording,充电口朝左,3,-0.731596,1.067208,9.701711,-0.012447,-0.012927,0.014823
233010700.000,ZR,handheld,水平,right,recording,充电口朝左,3,-0.704357,1.059378,9.703523,-0.009000,-0.006242,0.009995
233010710.000,ZR,handheld,水平,right,recording,充电口朝左,3,-0.723295,1.066819,9.721382,-0.002444,-0.002532,0.003422
233010720.000,ZR,handheld,水平,right,recording,充电口朝左,3,-0.702773,1.059462,9.719571,0.001911,0.000202,-0.005062
233010730.000,ZR,handheld,水平,right,recording,充电口朝左,3,-0.703890,1.057456,9.710159,0.007625,0.004445,-0.010577
233010740.000,ZR,handheld,水平,right,recording,充电口朝左,3,-0.726635,1.051284,9.748512,0.010747,0.008920,-0.010021
233010750.000,ZR,handheld,水平,right,recording,充电口朝左,3,-0.713047,1.069928,9.709161,0.012831,0.008216,-0.005091
233010760.000,ZR,handheld,水平,right,recording,充电口朝左,3,-0.718932,1.078857,9.691167,0.009391,0.005168,-0.000944
233010770.000,ZR,handheld,水平,right,recording,充电口朝左,3,-0.707018,1.070697,9.670763,0.002131,0.006372,0.004073
233010780.000,ZR,handheld,水平,right,recording,充电口朝左,3,-0.720427,1.063598,9.682099,-0.007196,0.004322,0.003952
233010790.000,ZR,handheld,水平,right,recording,充电口朝左,3,-0.698865,1.081235,9.657251,-0.015559,-0.008754,0.001078
233010800.000,ZR,handheld,水平,right,recording,充电口朝左,3,-0.700794,1.064284,9.688025,-0.021068,-0.013591,0.000005
233010810.000,ZR,handheld,水平,right,recording,充电口朝左,3,-0.679873,1.043848,9.721134,-0.018491,-0.005203,-0.002585
233010820.000,ZR,handheld,水平,right,recording,充电口朝左,3,-0.670982,1.037765,9.755812,-0.011256,-0.000912,-0.002359
233010830.000,ZR,handheld,水平,right,recording,充电口朝左,3,-0.657544,1.042416,9.737239,-0.003754,-0.002738,-0.004812
233010840.000,ZR,handheld,水平,right,recording,充电口朝左,3,-0.646728,1.012188,9.767325,0.003459,0.004956,-0.008326
233010850.000,ZR,handheld,水平,right,recording,充电口朝左,3,-0.652277,1.014326,9.757181,0.006300,0.012266,-0.007617
233010860.000,ZR,handheld,水平,right,recording,充电口朝左,3,-0.648354,1.025820,9.713927,0.004478,0.011115,-0.008368
233010870.000,ZR,handheld,水平,right,recording,充电口朝左,3,-0.656384,1.058170,9.722318,-0.001276,0.004707,-0.004944
233010880.000,ZR,handheld,水平,right,recording,充电口朝左,3,-0.691582,1.042643,9.673887,-0.008306,0.000856,-0.001168
233010890.000,ZR,handheld,水平,right,recording,充电口朝左,3,-0.665168,1.053551,9.707888,-0.015932,0.000955,0.001566
233010900.000,ZR,handheld,水平,right,recording,充电口朝左,3,-0.697626,1.060676,9.690828,-0.018565,-0.002153,0.005096
233010910.000,ZR,handheld,水平,right,recording,充电口朝左,3,-0.676808,1.068422,9.702048,-0.015359,-0.000528,0.007099
233010920.000,ZR,handheld,水平,right,recording,充电口朝左,3,-0.693912,1.049495,9.722584,-0.009704,0.003817,0.005649
233010930.000,ZR,handheld,水平,right,recording,充电口朝左,3,-0.689984,1.058972,9.704060,-0.002679,0.001902,-0.000063
233010940.000,ZR,handheld,水平,right,recording,充电口朝左,3,-0.699569,1.069253,9.705639,0.003219,-0.007299,-0.005786
233010950.000,ZR,handheld,水平,right,recording,充电口朝左,3,-0.693888,1.085091,9.700974,0.004570,-0.002157,-0.011179
233010960.000,ZR,handheld,水平,right,recording,充电口朝左,3,-0.696542,1.068315,9.721671,0.006533,0.003876,-0.016944
233010970.000,ZR,handheld,水平,right,recording,充电口朝左,3,-0.707405,1.099632,9.704182,0.003677,0.006622,-0.017248
233010980.000,ZR,handheld,水平,right,recording,充电口朝左,3,-0.724730,1.085284,9.662684,-0.001554,0.006443,-0.012965
233010990.000,ZR,handheld,水平,right,recording,充电口朝左,3,-0.708595,1.067880,9.640791,-0.005898,0.000900,-0.009816
233011000.000,ZR,handheld,水平,right,recording,充电口朝左,3,-0.747276,1.026347,9.633649,-0.007903,-0.005999,-0.007095
233011010.000,ZR,handheld,水平,right,recording,充电口朝左,3,-0.716450,1.038149,9.665966,-0.006796,-0.003478,-0.007617
233011020.000,ZR,handheld,水平,right,recording,充电口朝左,3,-0.709830,1.045103,9.673771,-0.006091,-0.005054,-0.010516
233011030.000,ZR,handheld,水平,right,recording,充电口朝左,3,-0.728670,1.034616,9.688608,-0.003231,-0.002227,-0.016274
233011040.000,ZR,handheld,水平,right,recording,充电口朝左,3,-0.695619,1.014456,9.711395,-0.000266,0.003635,-0.020479
233011050.000,ZR,handheld,水平,right,recording,充电口朝左,3,-0.700884,1.015100,9.686864,0.000209,0.006054,-0.023656
233011060.000,ZR,handheld,水平,right,recording,充电口朝左,3,-0.694507,1.007126,9.691014,0.000664,0.005150,-0.022764
233011070.000,ZR,handheld,水平,right,recording,充电口朝左,3,-0.713873,0.972804,9.682162,-0.001640,0.004861,-0.017893
233011080.000,ZR,handheld,水平,right,recording,充电口朝左,3,-0.681558,0.973623,9.649366,-0.004755,-0.003447,-0.014953
233011090.000,ZR,handheld,水平,right,recording,充电口朝左,3,-0.680079,0.978893,9.666177,-0.006193,-0.010559,-0.013127
233011100.000,ZR,handheld,水平,right,recording,充电口朝左,3,-0.678736,0.942219,9.692742,-0.003596,-0.008015,-0.012113
233011110.000,ZR,handheld,水平,right,recording,充电口朝左,3,-0.659109,0.949266,9.732087,0.001145,-0.002248,-0.008825
233011120.000,ZR,handheld,水平,right,recording,充电口朝左,3,-0.676717,0.950720,9.714516,0.004703,-0.001539,0.000004
233011130.000,ZR,handheld,水平,right,recording,充电口朝左,3,-0.680301,1.037080,9.739505,0.010354,-0.007631,0.019014
233011140.000,ZR,handheld,水平,right,recording,充电口朝左,3,-0.691817,1.057804,9.690147,0.007825,-0.004306,0.038684
233011150.000,ZR,handheld,水平,right,recording,充电口朝左,3,-0.718064,0.940008,9.756707,0.002302,-0.004746,0.035888
233011160.000,ZR,handheld,水平,right,recording,充电口朝左,3,-0.714905,1.020530,9.682124,-0.010584,-0.013712,0.024892
233011170.000,ZR,handheld,水平,right,recording,充电口朝左,3,-0.741704,1.082344,9.660603,-0.017248,-0.019183,0.010299
233011180.000,ZR,handheld,水平,right,recording,充电口朝左,3,-0.746519,1.042223,9.776730,-0.014912,-0.007933,-0.001868
233011190.000,ZR,handheld,水平,right,recording,充电口朝左,3,-0.760259,1.010572,9.797104,-0.005888,0.003541,-0.008281
233011200.000,ZR,handheld,水平,right,recording,充电口朝左,3,-0.774875,1.049093,9.783439,0.000508,0.003584,-0.008257
233011210.000,ZR,handheld,水平,right,recording,充电口朝左,3,-0.754518,1.072086,9.759098,0.006134,0.005830,-0.007250
233011220.000,ZR,handheld,水平,right,recording,充电口朝左,3,-0.766739,1.077993,9.796276,0.009124,0.012674,-0.006061
233011230.000,ZR,handheld,水平,right,recording,充电口朝左,3,-0.739531,1.068237,9.733470,0.005967,0.020542,-0.008186
233011240.000,ZR,handheld,水平,right,recording,充电口朝左,3,-0.735751,1.054755,9.716247,-0.001396,0.019806,-0.009434
233011250.000,ZR,handheld,水平,right,recording,充电口朝左,3,-0.725023,1.070239,9.656947,-0.010913,0.013601,-0.013461
233011260.000,ZR,handheld,水平,right,recording,充电口朝左,3,-0.727334,1.054209,9.667687,-0.017082,0.010746,-0.014167
233011270.000,ZR,handheld,水平,right,recording,充电口朝左,3,-0.703081,1.035594,9.684344,-0.016346,0.005084,-0.014217
233011280.000,ZR,handheld,水平,right,recording,充电口朝左,3,-0.709419,1.000901,9.709270,-0.011460,0.006939,-0.012464
233011290.000,ZR,handheld,水平,right,recording,充电口朝左,3,-0.707559,0.960196,9.704305,-0.001999,0.010561,-0.011614
233011300.000,ZR,handheld,水平,right,recording,充电口朝左,3,-0.697875,0.954628,9.717732,0.005718,0.014837,-0.008275
233011310.000,ZR,handheld,水平,right,recording,充电口朝左,3,-0.689415,0.972758,9.678528,0.012501,0.015598,-0.001875
233011320.000,ZR,handheld,水平,right,recording,充电口朝左,3,-0.674827,0.979048,9.675215,0.014871,0.013720,0.005121
233011330.000,ZR,handheld,水平,right,recording,充电口朝左,3,-0.673460,0.993895,9.645185,0.012110,0.010719,0.009226
233011340.000,ZR,handheld,水平,right,recording,充电口朝左,3,-0.678956,0.987319,9.628395,0.005640,0.009194,0.010825
233011350.000,ZR,handheld,水平,right,recording,充电口朝左,3,-0.694484,1.002074,9.656615,-0.000246,0.009955,0.014578
233011360.000,ZR,handheld,水平,right,recording,充电口朝左,3,-0.710696,0.986207,9.607300,-0.004739,-0.003068,0.015549
233011370.000,ZR,handheld,水平,right,recording,充电口朝左,3,-0.724400,1.019859,9.633682,-0.007533,-0.012144,0.017916
233011380.000,ZR,handheld,水平,right,recording,充电口朝左,3,-0.748461,1.003486,9.627569,-0.005437,-0.006854,0.018985
233011390.000,ZR,handheld,水平,right,recording,充电口朝左,3,-0.723588,1.048272,9.689087,0.000465,-0.003133,0.015571
233011400.000,ZR,handheld,水平,right,recording,充电口朝左,3,-0.742564,1.056084,9.627096,0.003277,-0.006875,0.008987
233011410.000,ZR,handheld,水平,right,recording,充电口朝左,3,-0.707486,1.074915,9.706961,0.012466,-0.010547,0.000379
233011420.000,ZR,handheld,水平,right,recording,充电口朝左,3,-0.725309,1.073026,9.699950,0.015231,-0.010807,-0.008831
233011430.000,ZR,handheld,水平,right,recording,充电口朝左,3,-0.717367,1.100518,9.686703,0.014009,0.002094,-0.015344
233011440.000,ZR,handheld,水平,right,recording,充电口朝左,3,-0.736385,1.087393,9.718304,0.008550,0.002409,-0.015788
233011450.000,ZR,handheld,水平,right,recording,充电口朝左,3,-0.761820,1.051679,9.655762,-0.004012,-0.002475,-0.009781
233011460.000,ZR,handheld,水平,right,recording,充电口朝左,3,-0.755536,1.062323,9.608500,-0.016985,-0.013489,-0.002546
233011470.000,ZR,handheld,水平,right,recording,充电口朝左,3,-0.759536,1.032854,9.657564,-0.023968,-0.017693,0.004735
233011480.000,ZR,handheld,水平,right,recording,充电口朝左,3,-0.728416,1.017148,9.681773,-0.022420,-0.014312,0.005252
233011490.000,ZR,handheld,水平,right,recording,充电口朝左,3,-0.693529,1.006916,9.727303,-0.013966,-0.011179,0.000785
233011500.000,ZR,handheld,水平,right,recording,充电口朝左,3,-0.694905,0.990651,9.734608,-0.004209,-0.007713,-0.007248
233011510.000,ZR,handheld,水平,right,recording,充电口朝左,3,-0.696669,1.003585,9.760442,0.006322,0.001681,-0.009821
233011520.000,ZR,handheld,水平,right,recording,充电口朝左,3,-0.683862,1.017591,9.763375,0.015357,0.005489,-0.013411
233011530.000,ZR,handheld,水平,right,recording,充电口朝左,3,-0.712793,1.009353,9.727489,0.018895,0.001847,-0.008886
233011540.000,ZR,handheld,水平,right,recording,充电口朝左,3,-0.698469,1.031529,9.713765,0.015198,0.001202,-0.001567
233011550.000,ZR,handheld,水平,right,recording,充电口朝左,3,-0.716233,1.038264,9.694656,0.007121,-0.002177,0.006514
233011560.000,ZR,handheld,水平,right,recording,充电口朝左,3,-0.717649,1.036552,9.725585,-0.000785,-0.002342,0.012005
233011570.000,ZR,handheld,水平,right,recording,充电口朝左,3,-0.728890,1.062408,9.691544,-0.009956,-0.006857,0.011818
233011580.000,ZR,handheld,水平,right,recording,充电口朝左,3,-0.727635,1.034508,9.686242,-0.017060,-0.011479,0.007378
233011590.000,ZR,handheld,水平,right,recording,充电口朝左,3,-0.726441,1.043169,9.743955,-0.014270,-0.012095,0.001248
233011600.000,ZR,handheld,水平,right,recording,充电口朝左,3,-0.715878,1.047576,9.763513,-0.004116,-0.003903,-0.003659
233011610.000,ZR,handheld,水平,right,recording,充电口朝左,3,-0.736768,1.073323,9.775687,0.006471,0.000590,-0.005992
233011620.000,ZR,handheld,水平,right,recording,充电口朝左,3,-0.739946,1.076260,9.722259,0.011702,0.006140,-0.007050
233011630.000,ZR,handheld,水平,right,recording,充电口朝左,3,-0.734449,1.043764,9.708341,0.015281,0.007406,-0.005683
233011640.000,ZR,handheld,水平,right,recording,充电口朝左,3,-0.734532,1.041279,9.691038,0.012696,0.003313,-0.008005
233011650.000,ZR,handheld,水平,right,recording,充电口朝左,3,-0.704955,1.026694,9.663150,0.004435,-0.003106,-0.005565
233011660.000,ZR,handheld,水平,right,recording,充电口朝左,3,-0.731281,1.017488,9.699503,-0.002011,-0.003258,-0.001279
233011670.000,ZR,handheld,水平,right,recording,充电口朝左,3,-0.693868,1.013550,9.716745,-0.003318,0.004540,0.002041
233011680.000,ZR,handheld,水平,right,recording,充电口朝左,3,-0.697510,1.000998,9.715139,-0.007043,0.001351,0.004554
233011690.000,ZR,handheld,水平,right,recording,充电口朝左,3,-0.687512,1.005686,9.676782,-0.008876,-0.000467,0.005639
233011700.000,ZR,handheld,水平,right,recording,充电口朝左,3,-0.681746,1.001860,9.682418,-0.010755,0.002122,0.001295
233011710.000,ZR,handheld,水平,right,recording,充电口朝左,3,-0.683775,0.995351,9.682420,-0.004552,0.003386,-0.003086
233011720.000,ZR,handheld,水平,right,recording,充电口朝左,3,-0.682453,0.973371,9.701984,0.002638,0.006081,-0.002576
233011730.000,ZR,handheld,水平,right,recording,充电口朝左,3,-0.656334,0.962250,9.701328,0.012199,0.008022,-0.000568
233011740.000,ZR,handheld,水平,right,recording,充电口朝左,3,-0.675177,0.979432,9.714366,0.018309,0.013478,0.005931
233011750.000,ZR,handheld,水平,right,recording,充电口朝左,3,-0.658286,1.010847,9.685316,0.019766,0.014125,0.011323
233011760.000,ZR,handheld,水平,right,recording,充电口朝左,3,-0.687769,0.986025,9.674188,0.013962,0.009483,0.013986
233011770.000,ZR,handheld,水平,right,recording,充电口朝左,3,-0.682655,1.005102,9.663097,0.003954,-0.000806,0.014708
233011780.000,ZR,handheld,水平,right,recording,充电口朝左,3,-0.684445,1.037142,9.691472,-0.006117,-0.008588,0.013505
233011790.000,ZR,handheld,水平,right,recording,充电口朝左,3,-0.700417,1.033647,9.681602,-0.015910,-0.006310,0.010552
233011800.000,ZR,handheld,水平,right,recording,充电口朝左,3,-0.694718,1.043232,9.729726,-0.019469,-0.005071,0.009967
233011810.000,ZR,handheld,水平,right,recording,充电口朝左,3,-0.703222,1.047843,9.714696,-0.017138,-0.003702,0.010837
233011820.000,ZR,handheld,水平,right,recording,充电口朝左,3,-0.693678,1.052271,9.728782,-0.009903,-0.005166,0.013968
233011830.000,ZR,handheld,水平,right,recording,充电口朝左,3,-0.699745,1.058391,9.737539,-0.003659,-0.004210,0.014567
233011840.000,ZR,handheld,水平,right,recording,充电口朝左,3,-0.694879,1.074193,9.726018,0.002212,0.000546,0.015024
233011850.000,ZR,handheld,水平,right,recording,充电口朝左,3,-0.719946,1.081885,9.719616,0.001784,-0.000964,0.013779
233011860.000,ZR,handheld,水平,right,recording,充电口朝左,3,-0.714243,1.089302,9.696718,0.001905,-0.002870,0.010347
233011870.000,ZR,handheld,水平,right,recording,充电口朝左,3,-0.723127,1.106335,9.719864,0.000656,0.002432,0.005134
233011880.000,ZR,handheld,水平,right,recording,充电口朝左,3,-0.742868,1.107017,9.718656,-0.000266,0.001271,-0.002661
233011890.000,ZR,handheld,水平,right,recording,充电口朝左,3,-0.749853,1.111689,9.720132,-0.000481,0.003675,-0.005455
233011900.000,ZR,handheld,水平,right,recording,充电口朝左,3,-0.715415,1.139812,9.727870,0.002718,0.012549,-0.009720
233011910.000,ZR,handheld,水平,right,recording,充电口朝左,3,-0.712261,1.128245,9.762853,0.006558,0.009619,-0.011970
233011920.000,ZR,handheld,水平,right,recording,充电口朝左,3,-0.717174,1.121712,9.711002,0.003900,0.005437,-0.017082
233011930.000,ZR,handheld,水平,right,recording,充电口朝左,3,-0.713607,1.089585,9.683087,-0.000874,-0.000538,-0.021787
233011940.000,ZR,handheld,水平,right,recording,充电口朝左,3,-0.712864,1.086395,9.695019,-0.004882,0.006644,-0.026962
233011950.000,ZR,handheld,水平,right,recording,充电口朝左,3,-0.693965,1.051919,9.690813,-0.009623,0.009335,-0.023236
233011960.000,ZR,handheld,水平,right,recording,充电口朝左,3,-0.716983,1.031840,9.656800,-0.013600,0.007629,-0.018523
233011970.000,ZR,handheld,水平,right,recording,充电口朝左,3,-0.714326,1.005651,9.655212,-0.014693,0.005324,-0.010564
233011980.000,ZR,handheld,水平,right,recording,充电口朝左,3,-0.690250,0.985363,9.633536,-0.011176,-0.000223,-0.004756
233011990.000,ZR,handheld,水平,right,recording,充电口朝左,3,-0.678163,0.948982,9.641932,-0.005990,-0.004793,-0.001632
233012000.000,ZR,handheld,水平,right,recording,充电口朝左,3,-0.677853,0.961460,9.651063,0.001194,-0.002758,0.000589
233012010.000,ZR,handheld,水平,right,recording,充电口朝左,3,-0.660855,0.959184,9.707520,0.010299,0.001657,-0.000338
233012020.000,ZR,handheld,水平,right,recording,充电口朝左,3,-0.686146,0.955972,9.687611,0.011375,-0.000073,-0.002034
233012030.000,ZR,handheld,水平,right,recording,充电口朝左,3,-0.676760,0.946634,9.687053,0.009977,-0.001138,-0.003651
233012040.000,ZR,handheld,水平,right,recording,充电口朝左,3,-0.692165,0.957295,9.659366,0.002025,-0.005859,-0.005005
233012050.000,ZR,handheld,水平,right,recording,充电口朝左,3,-0.696946,0.965292,9.679250,-0.003902,-0.008159,-0.004263
233012060.000,ZR,handheld,水平,right,recording,充电口朝左,3,-0.680326,0.975243,9.696979,-0.006597,-0.006921,-0.000969
233012070.000,ZR,handheld,水平,right,recording,充电口朝左,3,-0.661154,0.986127,9.713677,-0.004192,-0.004495,0.002719
233012080.000,ZR,handheld,水平,right,recording,充电口朝左,3,-0.696184,1.006872,9.769342,0.002502,0.000899,0.010368
233012090.000,ZR,handheld,水平,right,recording,充电口朝左,3,-0.702566,1.031007,9.746311,0.008190,0.003749,0.015848
233012100.000,ZR,handheld,水平,right,recording,充电口朝左,3,-0.708153,1.057788,9.745322,0.009896,0.001426,0.019775
233012110.000,ZR,handheld,水平,right,recording,充电口朝左,3,-0.727545,1.089976,9.731406,0.004512,0.000512,0.015897
233012120.000,ZR,handheld,水平,right,recording,充电口朝左,3,-0.733176,1.098111,9.713026,-0.000769,0.005855,0.012148
233012130.000,ZR,handheld,水平,right,recording,充电口朝左,3,-0.770716,1.102233,9.724714,-0.010800,0.007703,0.006552
233012140.000,ZR,handheld,水平,right,recording,充电口朝左,3,-0.783259,1.083184,9.689606,-0.018296,-0.007241,0.003343
233012150.000,ZR,handheld,水平,right,recording,充电口朝左,3,-0.804799,1.074197,9.693911,-0.023589,-0.018267,-0.000150
233012160.000,ZR,handheld,水平,right,recording,充电口朝左,3,-0.789421,1.049547,9.713953,-0.020787,-0.013593,-0.000805
233012170.000,ZR,handheld,水平,right,recording,充电口朝左,3,-0.756469,1.061889,9.761983,-0.008615,0.001032,-0.001915
233012180.000,ZR,handheld,水平,right,recording,充电口朝左,3,-0.735763,1.059845,9.776951,0.004745,0.011500,-0.005656
233012190.000,ZR,handheld,水平,right,recording,充电口朝左,3,-0.727467,1.073080,9.750932,0.015967,0.014596,-0.006981
233012200.000,ZR,handheld,水平,right,recording,充电口朝左,3,-0.720263,1.064213,9.734622,0.020994,0.016181,-0.013047
233012210.000,ZR,handheld,水平,right,recording,充电口朝左,3,-0.710434,1.079559,9.711806,0.019287,0.015106,-0.017076
233012220.000,ZR,handheld,水平,right,recording,充电口朝左,3,-0.706336,1.088802,9.663797,0.010754,0.010418,-0.019742
233012230.000,ZR,handheld,水平,right,recording,充电口朝左,3,-0.718374,1.037120,9.666772,-0.001741,0.004500,-0.016836
233012240.000,ZR,handheld,水平,right,recording,充电口朝左,3,-0.709755,1.021926,9.681180,-0.011472,0.002046,-0.014083
233012250.000,ZR,handheld,水平,right,recording,充电口朝左,3,-0.673031,0.995084,9.693736,-0.015843,0.000503,-0.008329
233012260.000,ZR,handheld,水平,right,recording,充电口朝左,3,-0.652543,1.002841,9.719781,-0.013310,0.005126,-0.001420
233012270.000,ZR,handheld,水平,right,recording,充电口朝左,3,-0.661136,0.984662,9.704715,-0.007726,0.003138,0.002917
233012280.000,ZR,handheld,水平,right,recording,充电口朝左,3,-0.646175,0.955671,9.719600,-0.003089,0.003533,0.005768
233012290.000,ZR,handheld,水平,right,recording,充电口朝左,3,-0.666439,0.976087,9.695487,0.002443,0.004877,0.008724
233012300.000,ZR,handheld,水平,right,recording,充电口朝左,3,-0.698396,0.999732,9.673415,0.005190,0.005298,0.011514
233012310.000,ZR,handheld,水平,right,recording,充电口朝左,3,-0.707155,1.013007,9.657069,0.007204,0.005555,0.010802
233012320.000,ZR,handheld,水平,right,recording,充电口朝左,3,-0.728918,1.014910,9.634404,0.004434,0.003106,0.009426
233012330.000,ZR,handheld,水平,right,recording,充电口朝左,3,-0.736992,1.005591,9.590556,0.001034,-0.005369,0.007171
233012340.000,ZR,handheld,水平,right,recording,充电口朝左,3,-0.748414,1.028466,9.612047,0.001016,-0.005718,0.006043
233012350.000,ZR,handheld,水平,right,recording,充电口朝左,3,-0.746642,1.031524,9.643635,0.002870,-0.004141,0.005335
233012360.000,ZR,handheld,水平,right,recording,充电口朝左,3,-0.741110,1.029062,9.662631,0.012799,-0.004347,0.008452
233012370.000,ZR,handheld,水平,right,recording,充电口朝左,3,-0.733360,1.041443,9.692273,0.024080,-0.009026,0.009356
233012380.000,ZR,handheld,水平,right,recording,充电口朝左,3,-0.719895,1.070920,9.713756,0.032934,-0.009694,0.008729
233012390.000,ZR,handheld,水平,right,recording,充电口朝左,3,-0.737594,1.085516,9.740401,0.034058,-0.000031,0.004498
233012400.000,ZR,handheld,水平,right,recording,充电口朝左,3,-0.745567,1.101630,9.723800,0.029810,0.000868,0.001226
233012410.000,ZR,handheld,水平,right,recording,充电口朝左,3,-0.764264,1.084980,9.742859,0.021672,-0.001705,-0.002824
233012420.000,ZR,handheld,水平,right,recording,充电口朝左,3,-0.765879,1.119075,9.725440,0.009041,-0.000106,-0.006524
233012430.000,ZR,handheld,水平,right,recording,充电口朝左,3,-0.756227,1.087704,9.716061,-0.003580,0.002459,-0.008918
233012440.000,ZR,handheld,水平,right,recording,充电口朝左,3,-0.756628,1.065554,9.699014,-0.012479,-0.003774,-0.008221
233012450.000,ZR,handheld,水平,right,recording,充电口朝左,3,-0.748733,1.023627,9.684108,-0.018564,-0.009397,-0.006907
233012460.000,ZR,handheld,水平,right,recording,充电口朝左,3,-0.708395,0.989309,9.694130,-0.016415,-0.011463,-0.003429
233012470.000,ZR,handheld,水平,right,recording,充电口朝左,3,-0.703145,0.965418,9.723525,-0.007928,-0.009383,-0.000534
233012480.000,ZR,handheld,水平,right,recording,充电口朝左,3,-0.690758,0.981152,9.742161,0.003715,-0.002526,0.002369
233012490.000,ZR,handheld,水平,right,recording,充电口朝左,3,-0.683844,0.971277,9.741974,0.010984,0.005624,0.004210
233012500.000,ZR,handheld,水平,right,recording,充电口朝左,3,-0.687871,0.968282,9.704109,0.016037,0.005790,0.003598
233012510.000,ZR,handheld,水平,right,recording,充电口朝左,3,-0.725113,0.957944,9.707156,0.019463,0.002949,0.007213
233012520.000,ZR,handheld,水平,right,recording,充电口朝左,3,-0.707634,1.013256,9.685391,0.018553,0.000936,0.009251
233012530.000,ZR,handheld,水平,right,recording,充电口朝左,3,-0.715020,0.996362,9.698449,0.017417,0.002319,0.014206
233012540.000,ZR,handheld,水平,right,recording,充电口朝左,3,-0.709161,1.048586,9.704363,0.012374,0.003422,0.018741
233012550.000,ZR,handheld,水平,right,recording,充电口朝左,3,-0.714792,1.025989,9.695674,0.009193,-0.001164,0.021643
233012560.000,ZR,handheld,水平,right,recording,充电口朝左,3,-0.713513,1.059661,9.686506,0.003764,-0.000406,0.021822
233012570.000,ZR,handheld,水平,right,recording,充电口朝左,3,-0.719257,1.052613,9.692257,0.001414,-0.001102,0.020774
233012580.000,ZR,handheld,水平,right,recording,充电口朝左,3,-0.725984,1.043615,9.683110,0.000741,-0.007769,0.016945
233012590.000,ZR,handheld,水平,right,recording,充电口朝左,3,-0.699268,1.043451,9.706307,0.002815,-0.006426,0.011782
233012600.000,ZR,handheld,水平,right,recording,充电口朝左,3,-0.713829,1.059572,9.727035,0.007434,-0.000157,0.009967
233012610.000,ZR,handheld,水平,right,recording,充电口朝左,3,-0.709365,1.067696,9.732188,0.013429,0.000084,0.009563
233012620.000,ZR,handheld,水平,right,recording,充电口朝左,3,-0.722484,1.065025,9.748543,0.018354,0.005234,0.009965
233012630.000,ZR,handheld,水平,right,recording,充电口朝左,3,-0.712483,1.094916,9.732867,0.019490,0.008460,0.011706
233012640.000,ZR,handheld,水平,right,recording,充电口朝左,3,-0.705442,1.095007,9.709750,0.015516,0.005461,0.011583
233012650.000,ZR,handheld,水平,right,recording,充电口朝左,3,-0.709810,1.100545,9.694387,0.008902,0.008189,0.011387
233012660.000,ZR,handheld,水平,right,recording,充电口朝左,3,-0.723271,1.084935,9.692736,0.001443,0.001138,0.009631
233012670.000,ZR,handheld,水平,right,recording,充电口朝左,3,-0.719680,1.062989,9.682295,-0.007835,-0.001357,0.008884
233012680.000,ZR,handheld,水平,right,recording,充电口朝左,3,-0.704013,1.070983,9.704534,-0.010521,0.003396,0.007567
233012690.000,ZR,handheld,水平,right,recording,充电口朝左,3,-0.734403,1.054729,9.720253,-0.008303,0.004084,0.009390
233012700.000,ZR,handheld,水平,right,recording,充电口朝左,3,-0.695610,1.054153,9.722048,-0.001396,0.006756,0.008961
233012710.000,ZR,handheld,水平,right,recording,充电口朝左,3,-0.720398,1.064174,9.705623,0.008101,0.013365,0.009174
233012720.000,ZR,handheld,水平,right,recording,充电口朝左,3,-0.704673,1.064899,9.684619,0.016888,0.014624,0.009924
233012730.000,ZR,handheld,水平,right,recording,充电口朝左,3,-0.721146,1.079686,9.681437,0.023558,0.013238,0.008092
233012740.000,ZR,handheld,水平,right,recording,充电口朝左,3,-0.724837,1.098353,9.666591,0.021410,0.010772,0.005322
233012750.000,ZR,handheld,水平,right,recording,充电口朝左,3,-0.731249,1.087364,9.638629,0.015405,0.003924,0.002103
233012760.000,ZR,handheld,水平,right,recording,充电口朝左,3,-0.730061,1.087399,9.634347,0.007860,-0.004997,-0.001774
233012770.000,ZR,handheld,水平,right,recording,充电口朝左,3,-0.701883,1.081637,9.662169,0.003314,-0.008358,-0.002500
233012780.000,ZR,handheld,水平,right,recording,充电口朝左,3,-0.691111,1.089132,9.745650,0.004604,-0.001092,-0.003104
233012790.000,ZR,handheld,水平,right,recording,充电口朝左,3,-0.679113,1.085249,9.777610,0.010040,0.011417,0.002418
233012800.000,ZR,handheld,水平,right,recording,充电口朝左,3,-0.655281,1.085344,9.775802,0.017878,0.012285,0.005473
233012810.000,ZR,handheld,水平,right,recording,充电口朝左,3,-0.686115,1.105183,9.759076,0.021268,0.008788,0.009218
233012820.000,ZR,handheld,水平,right,recording,充电口朝左,3,-0.681476,1.098965,9.771133,0.022536,0.017279,0.011842
233012830.000,ZR,handheld,水平,right,recording,充电口朝左,3,-0.698989,1.129335,9.762901,0.018417,0.018068,0.012797
233012840.000,ZR,handheld,水平,right,recording,充电口朝左,3,-0.704374,1.127427,9.713998,0.010572,0.012270,0.011233
233012850.000,ZR,handheld,水平,right,recording,充电口朝左,3,-0.712955,1.144911,9.681640,-0.000380,0.005319,0.009175
233012860.000,ZR,handheld,水平,right,recording,充电口朝左,3,-0.736903,1.128437,9.667633,-0.010249,0.000457,0.003128
233012870.000,ZR,handheld,水平,right,recording,充电口朝左,3,-0.736011,1.128838,9.659245,-0.015409,-0.001827,0.001399
233012880.000,ZR,handheld,水平,right,recording,充电口朝左,3,-0.742396,1.102829,9.701803,-0.011144,0.003445,-0.000312
233012890.000,ZR,handheld,水平,right,recording,充电口朝左,3,-0.742621,1.119616,9.721235,0.000864,0.009261,-0.003497
233012900.000,ZR,handheld,水平,right,recording,充电口朝左,3,-0.725394,1.097154,9.696617,0.009834,0.016051,-0.007258
233012910.000,ZR,handheld,水平,right,recording,充电口朝左,3,-0.758743,1.078945,9.654398,0.016149,0.014183,-0.008832
233012920.000,ZR,handheld,水平,right,recording,充电口朝左,3,-0.751209,1.065126,9.645243,0.018749,0.014831,-0.009348
233012930.000,ZR,handheld,水平,right,recording,充电口朝左,3,-0.728828,1.079172,9.636414,0.017495,0.013291,-0.009080
233012940.000,ZR,handheld,水平,right,recording,充电口朝左,3,-0.731688,1.067725,9.635459,0.012814,0.012436,-0.008756
233012950.000,ZR,handheld,水平,right,recording,充电口朝左,3,-0.706180,1.066465,9.625483,0.011387,0.013551,-0.007062
233012960.000,ZR,handheld,水平,right,recording,充电口朝左,3,-0.704505,1.052430,9.645450,0.008031,0.012784,-0.001726
233012970.000,ZR,handheld,水平,right,recording,充电口朝左,3,-0.714745,1.062090,9.624364,0.006843,0.010454,0.002712
233012980.000,ZR,handheld,水平,right,recording,充电口朝左,3,-0.705919,1.065824,9.644206,0.007074,0.006529,0.006336
233012990.000,ZR,handheld,水平,right,recording,充电口朝左,3,-0.708630,1.042363,9.634889,0.008541,0.002094,0.004840
233013000.000,ZR,handheld,水平,right,recording,充电口朝左,3,-0.703901,1.023667,9.678964,0.011039,-0.002999,-0.000012
233013010.000,ZR,handheld,水平,right,recording,充电口朝左,3,-0.672060,1.053497,9.679263,0.009561,-0.006731,-0.004580
233013020.000,ZR,handheld,水平,right,recording,充电口朝左,3,-0.670767,1.074830,9.710107,0.008322,-0.006396,-0.003680
233013030.000,ZR,handheld,水平,right,recording,充电口朝左,3,-0.682120,1.064800,9.724343,0.007613,-0.005919,0.001245
233013040.000,ZR,handheld,水平,right,recording,充电口朝左,3,-0.666168,1.098162,9.736674,0.005358,-0.008924,0.010308
233013050.000,ZR,handheld,水平,right,recording,充电口朝左,3,-0.715128,1.123288,9.684860,-0.002533,-0.007044,0.019203
233013060.000,ZR,handheld,水平,right,recording,充电口朝左,3,-0.738490,1.157818,9.710516,-0.010062,-0.000720,0.022682
233013070.000,ZR,handheld,水平,right,recording,充电口朝左,3,-0.776057,1.129722,9.671869,-0.013986,0.001082,0.019141
233013080.000,ZR,handheld,水平,right,recording,充电口朝左,3,-0.759034,1.139735,9.662910,-0.015743,0.002056,0.011682
233013090.000,ZR,handheld,水平,right,recording,充电口朝左,3,-0.793999,1.112897,9.652237,-0.008530,0.000945,0.005462
233013100.000,ZR,handheld,水平,right,recording,充电口朝左,3,-0.794346,1.092355,9.701738,0.001743,0.000057,0.000091
233013110.000,ZR,handheld,水平,right,recording,充电口朝左,3,-0.793576,1.107218,9.723860,0.013524,0.003723,-0.002620
233013120.000,ZR,handheld,水平,right,recording,充电口朝左,3,-0.772383,1.116971,9.734559,0.020529,0.009251,-0.004298
233013130.000,ZR,handheld,水平,right,recording,充电口朝左,3,-0.779710,1.129635,9.736252,0.022854,0.015596,-0.005272
233013140.000,ZR,handheld,水平,right,recording,充电口朝左,3,-0.764785,1.137938,9.712187,0.016937,0.016541,-0.005965
233013150.000,ZR,handheld,水平,right,recording,充电口朝左,3,-0.753825,1.160161,9.690938,0.005718,0.016598,-0.007833
233013160.000,ZR,handheld,水平,right,recording,充电口朝左,3,-0.750838,1.118314,9.672522,-0.003204,0.010936,-0.008399
233013170.000,ZR,handheld,水平,right,recording,充电口朝左,3,-0.718580,1.100697,9.681083,-0.010844,0.006158,-0.009838
233013180.000,ZR,handheld,水平,right,recording,充电口朝左,3,-0.727021,1.090005,9.680497,-0.011407,0.005876,-0.010131
233013190.000,ZR,handheld,水平,right,recording,充电口朝左,3,-0.680891,1.066840,9.711486,-0.007133,-0.000876,-0.009119
233013200.000,ZR,handheld,水平,right,recording,充电口朝左,3,-0.684052,1.069734,9.682433,-0.001137,-0.002962,-0.005322
233013210.000,ZR,handheld,水平,right,recording,充电口朝左,3,-0.682464,1.045945,9.716244,0.002572,0.001845,-0.001495
233013220.000,ZR,handheld,水平,right,recording,充电口朝左,3,-0.686957,1.055522,9.746371,0.007882,0.004581,0.000646
233013230.000,ZR,handheld,水平,right,recording,充电口朝左,3,-0.691370,1.079899,9.732511,0.006784,0.011748,0.008614
233013240.000,ZR,handheld,水平,right,recording,充电口朝左,3,-0.728619,1.118335,9.681569,0.001320,0.010488,0.011075
233013250.000,ZR,handheld,水平,right,recording,充电口朝左,3,-0.732733,1.131658,9.657584,-0.006196,0.005780,0.012592
233013260.000,ZR,handheld,水平,right,recording,充电口朝左,3,-0.751065,1.126325,9.634761,-0.012987,0.004474,0.010208
233013270.000,ZR,handheld,水平,right,recording,充电口朝左,3,-0.766973,1.113794,9.643689,-0.018332,0.001332,0.007946
233013280.000,ZR,handheld,水平,right,recording,充电口朝左,3,-0.762837,1.118816,9.621511,-0.018825,0.000510,0.003316
233013290.000,ZR,handheld,水平,right,recording,充电口朝左,3,-0.775049,1.093768,9.608086,-0.015145,-0.010452,0.000798
233013300.000,ZR,handheld,水平,right,recording,充电口朝左,3,-0.764541,1.094281,9.629757,-0.008150,-0.013467,-0.002069
233013310.000,ZR,handheld,水平,right,recording,充电口朝左,3,-0.781282,1.107781,9.644988,-0.000199,-0.011008,-0.005200
233013320.000,ZR,handheld,水平,right,recording,充电口朝左,3,-0.779015,1.115975,9.667708,0.006924,-0.005253,-0.009280
233013330.000,ZR,handheld,水平,right,recording,充电口朝左,3,-0.766787,1.089459,9.687426,0.014602,0.000517,-0.010597
233013340.000,ZR,handheld,水平,right,recording,充电口朝左,3,-0.768204,1.127373,9.677417,0.016246,0.010217,-0.009089
233013350.000,ZR,handheld,水平,right,recording,充电口朝左,3,-0.765312,1.136997,9.654923,0.011207,0.006555,-0.008515
233013360.000,ZR,handheld,水平,right,recording,充电口朝左,3,-0.753337,1.132068,9.632193,0.004066,-0.002375,-0.007104
233013370.000,ZR,handheld,水平,right,recording,充电口朝左,3,-0.748675,1.130716,9.652281,-0.003780,-0.006445,-0.002938
233013380.000,ZR,handheld,水平,right,recording,充电口朝左,3,-0.747155,1.120115,9.660226,-0.013106,-0.009019,-0.003068
233013390.000,ZR,handheld,水平,right,recording,充电口朝左,3,-0.757131,1.103688,9.659617,-0.016945,-0.005261,-0.005862
233013400.000,ZR,handheld,水平,right,recording,充电口朝左,3,-0.736666,1.076584,9.673543,-0.019899,-0.005061,-0.008798
233013410.000,ZR,handheld,水平,right,recording,充电口朝左,3,-0.736138,1.054359,9.670141,-0.016254,-0.005199,-0.008719
233013420.000,ZR,handheld,水平,right,recording,充电口朝左,3,-0.734350,1.034456,9.696764,-0.006714,-0.000958,-0.007251
233013430.000,ZR,handheld,水平,right,recording,充电口朝左,3,-0.726855,1.048341,9.704915,0.002029,-0.002437,-0.005030
233013440.000,ZR,handheld,水平,right,recording,充电口朝左,3,-0.723884,1.035012,9.701874,0.009318,-0.002231,-0.002139
233013450.000,ZR,handheld,水平,right,recording,充电口朝左,3,-0.734141,1.049880,9.702709,0.008815,-0.003649,-0.002758
233013460.000,ZR,handheld,水平,right,recording,充电口朝左,3,-0.725555,1.071438,9.683553,-0.000045,-0.005208,-0.003420
233013470.000,ZR,handheld,水平,right,recording,充电口朝左,3,-0.732278,1.097453,9.670682,-0.011308,-0.003040,-0.005829
233013480.000,ZR,handheld,水平,right,recording,充电口朝左,3,-0.729093,1.100861,9.681662,-0.016963,-0.002369,-0.005278
233013490.000,ZR,handheld,水平,right,recording,充电口朝左,3,-0.731438,1.091916,9.726475,-0.015727,-0.000374,-0.001557
233013500.000,ZR,handheld,水平,right,recording,充电口朝左,3,-0.735138,1.078524,9.693067,-0.011685,-0.001846,0.003789
233013510.000,ZR,handheld,水平,right,recording,充电口朝左,3,-0.748712,1.077353,9.716358,-0.005336,-0.010832,0.006312
233013520.000,ZR,handheld,水平,right,recording,充电口朝左,3,-0.722593,1.068085,9.700574,-0.000086,-0.010405,0.003886
233013530.000,ZR,handheld,水平,right,recording,充电口朝左,3,-0.721340,1.077367,9.719778,0.001861,-0.005276,0.001235
233013540.000,ZR,handheld,水平,right,recording,充电口朝左,3,-0.737024,1.125944,9.707649,-0.000933,-0.005583,0.001181
233013550.000,ZR,handheld,水平,right,recording,充电口朝左,3,-0.746723,1.124567,9.684509,-0.003826,-0.005193,0.001259
233013560.000,ZR,handheld,水平,right,recording,充电口朝左,3,-0.748215,1.121099,9.738459,-0.001985,0.000153,0.001303
233013570.000,ZR,handheld,水平,right,recording,充电口朝左,3,-0.747456,1.125289,9.720518,-0.003414,-0.003875,-0.000675
233013580.000,ZR,handheld,水平,right,recording,充电口朝左,3,-0.740400,1.132423,9.730029,-0.003560,0.002488,-0.000770
233013590.000,ZR,handheld,水平,right,recording,充电口朝左,3,-0.739840,1.122603,9.713577,-0.004669,0.008772,-0.002147
233013600.000,ZR,handheld,水平,right,recording,充电口朝左,3,-0.759776,1.109097,9.674950,-0.008000,0.007932,-0.001767
233013610.000,ZR,handheld,水平,right,recording,充电口朝左,3,-0.748271,1.107151,9.666547,-0.008626,0.000895,-0.001630
233013620.000,ZR,handheld,水平,right,recording,充电口朝左,3,-0.742965,1.099741,9.668285,-0.008903,-0.002541,-0.001553
233013630.000,ZR,handheld,水平,right,recording,充电口朝左,3,-0.748737,1.084530,9.692738,-0.008732,0.003516,-0.002880
233013640.000,ZR,handheld,水平,right,recording,充电口朝左,3,-0.734691,1.100791,9.678215,-0.008869,0.002701,-0.001408
233013650.000,ZR,handheld,水平,right,recording,充电口朝左,3,-0.738206,1.077098,9.672222,-0.008063,0.001366,-0.003205
233013660.000,ZR,handheld,水平,right,recording,充电口朝左,3,-0.703343,1.085960,9.694813,-0.005358,0.001993,-0.002520
233013670.000,ZR,handheld,水平,right,recording,充电口朝左,3,-0.725394,1.076920,9.660338,-0.005082,0.000141,-0.002851
233013680.000,ZR,handheld,水平,right,recording,充电口朝左,3,-0.717197,1.065536,9.672690,-0.005892,-0.002204,-0.002965
233013690.000,ZR,handheld,水平,right,recording,充电口朝左,3,-0.731931,1.073234,9.683868,-0.005186,-0.001723,-0.001193
233013700.000,ZR,handheld,水平,right,recording,充电口朝左,3,-0.731968,1.083974,9.682803,-0.004575,0.000529,-0.001072
233013710.000,ZR,handheld,水平,right,recording,充电口朝左,3,-0.736431,1.094981,9.682810,-0.005414,0.001754,-0.000830
233013720.000,ZR,handheld,水平,right,recording,充电口朝左,3,-0.738927,1.077002,9.690931,-0.001221,-0.002283,-0.004202
233013730.000,ZR,handheld,水平,right,recording,充电口朝左,3,-0.716177,1.091570,9.703969,0.001216,0.000356,-0.008778
233013740.000,ZR,handheld,水平,right,recording,充电口朝左,3,-0.709734,1.106701,9.724231,0.003633,0.006388,-0.011127
233013750.000,ZR,handheld,水平,right,recording,充电口朝左,3,-0.714940,1.115843,9.707445,0.004301,0.006424,-0.010813
233013760.000,ZR,handheld,水平,right,recording,充电口朝左,3,-0.701283,1.080435,9.693392,0.000392,0.004258,-0.010624
233013770.000,ZR,handheld,水平,right,recording,充电口朝左,3,-0.729913,1.098768,9.656669,-0.009082,-0.000173,-0.005901
233013780.000,ZR,handheld,水平,right,recording,充电口朝左,3,-0.725672,1.116006,9.666522,-0.015369,-0.002179,-0.000704
233013790.000,ZR,handheld,水平,right,recording,充电口朝左,3,-0.743215,1.123669,9.673425,-0.022106,-0.007057,0.003237
233013800.000,ZR,handheld,水平,right,recording,充电口朝左,3,-0.748034,1.096152,9.664342,-0.027393,-0.007788,0.003911
233013810.000,ZR,handheld,水平,right,recording,充电口朝左,3,-0.745453,1.076780,9.669089,-0.024298,-0.005199,0.000669
233013820.000,ZR,handheld,水平,right,recording,充电口朝左,3,-0.742193,1.074996,9.678009,-0.016323,-0.008044,-0.002816
233013830.000,ZR,handheld,水平,right,recording,充电口朝左,3,-0.742304,1.063411,9.690518,-0.007781,-0.010897,-0.008443
233013840.000,ZR,handheld,水平,right,recording,充电口朝左,3,-0.732952,1.080036,9.700495,0.001274,-0.005194,-0.011497
233013850.000,ZR,handheld,水平,right,recording,充电口朝左,3,-0.742494,1.074481,9.671154,0.003211,-0.000088,-0.016013
233013860.000,ZR,handheld,水平,right,recording,充电口朝左,3,-0.735653,1.076854,9.645676,-0.000803,-0.004122,-0.018538
233013870.000,ZR,handheld,水平,right,recording,充电口朝左,3,-0.764066,1.078473,9.612276,-0.009973,-0.007953,-0.016259
233013880.000,ZR,handheld,水平,right,recording,充电口朝左,3,-0.762677,1.068109,9.594901,-0.018886,-0.009637,-0.011423
233013890.000,ZR,handheld,水平,right,recording,充电口朝左,3,-0.733902,1.053037,9.639056,-0.020991,-0.012924,-0.012285
233013900.000,ZR,handheld,水平,right,recording,充电口朝左,3,-0.706327,1.024653,9.666601,-0.015067,-0.013675,-0.011102
233013910.000,ZR,handheld,水平,right,recording,充电口朝左,3,-0.683789,1.063741,9.708946,-0.003050,-0.009409,-0.010812
233013920.000,ZR,handheld,水平,right,recording,充电口朝左,3,-0.687641,1.051179,9.756105,0.011649,-0.001785,-0.010665
233013930.000,ZR,handheld,水平,right,recording,充电口朝左,3,-0.691791,1.031906,9.738668,0.018605,0.000369,-0.011077
233013940.000,ZR,handheld,水平,right,recording,充电口朝左,3,-0.662790,1.071388,9.703975,0.017325,-0.005615,-0.011731
233013950.000,ZR,handheld,水平,right,recording,充电口朝左,3,-0.706650,1.066598,9.714516,0.005667,-0.012402,-0.009291
233013960.000,ZR,handheld,水平,right,recording,充电口朝左,3,-0.731740,1.103777,9.662150,-0.007337,-0.009239,-0.003646
233013970.000,ZR,handheld,水平,right,recording,充电口朝左,3,-0.741658,1.073186,9.686578,-0.018914,-0.017387,0.001552
233013980.000,ZR,handheld,水平,right,recording,充电口朝左,3,-0.743585,1.052809,9.680527,-0.027089,-0.020378,0.002948
233013990.000,ZR,handheld,水平,right,recording,充电口朝左,3,-0.718999,1.035746,9.722980,-0.024823,-0.014450,0.002068
233014000.000,ZR,handheld,水平,right,recording,充电口朝左,3,-0.733349,1.037144,9.786248,-0.016514,-0.007044,-0.000468
233014010.000,ZR,handheld,水平,right,recording,充电口朝左,3,-0.744242,1.050326,9.763274,-0.007876,0.000108,-0.002033
233014020.000,ZR,handheld,水平,right,recording,充电口朝左,3,-0.740155,1.048605,9.757119,0.000784,0.003016,-0.002439
233014030.000,ZR,handheld,水平,right,recording,充电口朝左,3,-0.745843,1.063061,9.756729,0.003882,0.007515,-0.004805
233014040.000,ZR,handheld,水平,right,recording,充电口朝左,3,-0.761390,1.054704,9.732701,0.003204,0.009410,-0.007343
233014050.000,ZR,handheld,水平,right,recording,充电口朝左,3,-0.764036,1.062639,9.739704,-0.000399,0.007165,-0.008262
233014060.000,ZR,handheld,水平,right,recording,充电口朝左,3,-0.752974,1.073396,9.688323,-0.012683,0.000749,-0.010706
233014070.000,ZR,handheld,水平,right,recording,充电口朝左,3,-0.744644,1.056693,9.662065,-0.023878,-0.003796,-0.013382
233014080.000,ZR,handheld,水平,right,recording,充电口朝左,3,-0.751599,1.050291,9.680705,-0.030678,-0.006058,-0.014089
233014090.000,ZR,handheld,水平,right,recording,充电口朝左,3,-0.721917,1.009835,9.709570,-0.028172,-0.005346,-0.011794
233014100.000,ZR,handheld,水平,right,recording,充电口朝左,3,-0.716639,1.012356,9.745277,-0.017991,0.000496,-0.010684
233014110.000,ZR,handheld,水平,right,recording,充电口朝左,3,-0.680052,1.013477,9.755870,-0.007144,0.005491,-0.007715
233014120.000,ZR,handheld,水平,right,recording,充电口朝左,3,-0.683552,1.004165,9.745472,0.002554,0.016695,-0.005607
233014130.000,ZR,handheld,水平,right,recording,充电口朝左,3,-0.667460,1.010219,9.759408,0.006712,0.020253,-0.002442
233014140.000,ZR,handheld,水平,right,recording,充电口朝左,3,-0.689896,1.004304,9.699584,0.006137,0.014661,0.002228
233014150.000,ZR,handheld,水平,right,recording,充电口朝左,3,-0.707793,1.030186,9.698622,0.003518,0.011121,0.009238
233014160.000,ZR,handheld,水平,right,recording,充电口朝左,3,-0.712010,1.053540,9.640504,-0.003953,0.009464,0.012961
233014170.000,ZR,handheld,水平,right,recording,充电口朝左,3,-0.732150,1.067508,9.676895,-0.012246,-0.002974,0.013597
233014180.000,ZR,handheld,水平,right,recording,充电口朝左,3,-0.751099,1.066972,9.632897,-0.020962,-0.005949,0.010725
233014190.000,ZR,handheld,水平,right,recording,充电口朝左,3,-0.734903,1.086714,9.657607,-0.025206,-0.001207,0.007799
233014200.000,ZR,handheld,水平,right,recording,充电口朝左,3,-0.748084,1.090773,9.667544,-0.023693,-0.004267,0.005065
233014210.000,ZR,handheld,水平,right,recording,充电口朝左,3,-0.732034,1.105654,9.676531,-0.014896,-0.007865,0.000341
233014220.000,ZR,handheld,水平,right,recording,充电口朝左,3,-0.761145,1.071970,9.709044,-0.004037,-0.004902,-0.006696
233014230.000,ZR,handheld,水平,right,recording,充电口朝左,3,-0.714718,1.091913,9.720633,0.005730,0.005466,-0.013726
233014240.000,ZR,handheld,水平,right,recording,充电口朝左,3,-0.752521,1.095078,9.696485,0.008779,0.011219,-0.016421
233014250.000,ZR,handheld,水平,right,recording,充电口朝左,3,-0.726833,1.093227,9.634179,0.003092,0.004099,-0.015871
233014260.000,ZR,handheld,水平,right,recording,充电口朝左,3,-0.755079,1.079413,9.611932,-0.003117,-0.004861,-0.011709
233014270.000,ZR,handheld,水平,right,recording,充电口朝左,3,-0.753955,1.078669,9.593150,-0.013362,-0.007184,-0.008756
233014280.000,ZR,handheld,水平,right,recording,充电口朝左,3,-0.736284,1.079398,9.595530,-0.021120,-0.011203,-0.006561
233014290.000,ZR,handheld,水平,right,recording,充电口朝左,3,-0.733295,1.044532,9.671435,-0.018165,-0.017156,-0.008547
233014300.000,ZR,handheld,水平,right,recording,充电口朝左,3,-0.694163,1.020569,9.710530,-0.011565,-0.014829,-0.012643
233014310.000,ZR,handheld,水平,right,recording,充电口朝左,3,-0.705103,1.004217,9.734061,-0.000922,-0.006502,-0.012574
233014320.000,ZR,handheld,水平,right,recording,充电口朝左,3,-0.701687,0.976058,9.742014,0.002213,0.000054,-0.014064
233014330.000,ZR,handheld,水平,right,recording,充电口朝左,3,-0.719898,0.973783,9.701310,0.002737,0.002132,-0.013684
233014340.000,ZR,handheld,水平,right,recording,充电口朝左,3,-0.716975,0.960738,9.701701,0.003288,-0.000492,-0.010788
233014350.000,ZR,handheld,水平,right,recording,充电口朝左,3,-0.733109,0.980769,9.702658,0.004681,-0.001208,-0.004694
233014360.000,ZR,handheld,水平,right,recording,充电口朝左,3,-0.737389,1.002733,9.708591,0.005612,0.001227,-0.000386
233014370.000,ZR,handheld,水平,right,recording,充电口朝左,3,-0.738949,0.991137,9.705468,0.004243,-0.000964,0.003186
233014380.000,ZR,handheld,水平,right,recording,充电口朝左,3,-0.707856,1.008193,9.718788,0.001879,-0.003081,0.002251
233014390.000,ZR,handheld,水平,right,recording,充电口朝左,3,-0.702573,1.011471,9.697283,-0.002036,-0.005207,0.001148
233014400.000,ZR,handheld,水平,right,recording,充电口朝左,3,-0.696188,1.034898,9.742583,-0.006338,-0.008939,0.000503
233014410.000,ZR,handheld,水平,right,recording,充电口朝左,3,-0.713821,1.024653,9.727735,-0.011310,-0.006820,0.001484
233014420.000,ZR,handheld,水平,right,recording,充电口朝左,3,-0.725558,1.025408,9.725270,-0.013204,-0.001962,0.004403
233014430.000,ZR,handheld,水平,right,recording,充电口朝左,3,-0.744820,1.029667,9.728509,-0.015965,-0.005508,0.009682
233014440.000,ZR,handheld,水平,right,recording,充电口朝左,3,-0.750336,1.044346,9.687569,-0.018275,-0.005390,0.011740
233014450.000,ZR,handheld,水平,right,recording,充电口朝左,3,-0.749370,1.030153,9.711429,-0.015376,-0.006814,0.013228
233014460.000,ZR,handheld,水平,right,recording,充电口朝左,3,-0.749996,1.010170,9.716152,-0.009293,-0.008436,0.009581
233014470.000,ZR,handheld,水平,right,recording,充电口朝左,3,-0.738415,1.027631,9.722090,-0.002367,-0.002705,0.004635
233014480.000,ZR,handheld,水平,right,recording,充电口朝左,3,-0.732939,1.021795,9.718786,0.001987,-0.003030,-0.000304
233014490.000,ZR,handheld,水平,right,recording,充电口朝左,3,-0.744756,1.047674,9.722903,0.006197,-0.002997,-0.002387
233014500.000,ZR,handheld,水平,right,recording,充电口朝左,3,-0.723745,1.040279,9.741403,0.005661,0.001731,-0.003161
233014510.000,ZR,handheld,水平,right,recording,充电口朝左,3,-0.746350,1.056422,9.739301,0.003728,0.005639,-0.004215
233014520.000,ZR,handheld,水平,right,recording,充电口朝左,3,-0.729255,1.056954,9.703347,-0.000356,0.004042,-0.001683
233014530.000,ZR,handheld,水平,right,recording,充电口朝左,3,-0.715862,1.064577,9.668358,-0.007550,0.002917,0.000382
233014540.000,ZR,handheld,水平,right,recording,充电口朝左,3,-0.749614,1.053195,9.687685,-0.011233,-0.002145,0.001097
233014550.000,ZR,handheld,水平,right,recording,充电口朝左,3,-0.700026,1.034371,9.699607,-0.011520,-0.000305,0.000891
233014560.000,ZR,handheld,水平,right,recording,充电口朝左,3,-0.706273,1.025949,9.728820,-0.008490,0.005992,-0.001132
233014570.000,ZR,handheld,水平,right,recording,充电口朝左,3,-0.684142,1.007060,9.714058,-0.006169,0.011620,-0.001434
233014580.000,ZR,handheld,水平,right,recording,充电口朝左,3,-0.698828,1.024641,9.694916,-0.004153,0.009232,-0.000626
233014590.000,ZR,handheld,水平,right,recording,充电口朝左,3,-0.715926,0.999563,9.658916,-0.005073,0.004582,0.001097
233014600.000,ZR,handheld,水平,right,recording,充电口朝左,3,-0.709130,1.010091,9.678258,-0.005092,0.006314,0.000365
233014610.000,ZR,handheld,水平,right,recording,充电口朝左,3,-0.699995,0.993155,9.673342,-0.005353,0.004401,0.002050
233014620.000,ZR,handheld,水平,right,recording,充电口朝左,3,-0.718206,0.982909,9.703205,-0.000095,0.006974,0.004494
233014630.000,ZR,handheld,水平,right,recording,充电口朝左,3,-0.697698,1.003591,9.733496,0.003305,0.011913,0.006205
233014640.000,ZR,handheld,水平,right,recording,充电口朝左,3,-0.696046,1.031380,9.723487,0.008063,0.008734,0.008006
233014650.000,ZR,handheld,水平,right,recording,充电口朝左,3,-0.704826,1.038225,9.694857,0.008142,0.000047,0.005520
233014660.000,ZR,handheld,水平,right,recording,充电口朝左,3,-0.706169,1.025375,9.720661,0.003032,-0.008625,0.004315
233014670.000,ZR,handheld,水平,right,recording,充电口朝左,3,-0.699908,1.036476,9.684103,-0.005809,-0.005069,0.000760
233014680.000,ZR,handheld,水平,right,recording,充电口朝左,3,-0.692011,1.067427,9.697660,-0.014329,-0.006757,0.002325
233014690.000,ZR,handheld,水平,right,recording,充电口朝左,3,-0.712729,1.070427,9.676213,-0.019956,-0.004586,0.006909
233014700.000,ZR,handheld,水平,right,recording,充电口朝左,3,-0.711751,1.063400,9.702210,-0.019942,-0.009147,0.013097
233014710.000,ZR,handheld,水平,right,recording,充电口朝左,3,-0.730416,1.059143,9.692235,-0.014256,-0.009840,0.014207
233014720.000,ZR,handheld,水平,right,recording,充电口朝左,3,-0.725315,1.064236,9.715815,-0.008458,0.000320,0.012912
233014730.000,ZR,handheld,水平,right,recording,充电口朝左,3,-0.727365,1.057243,9.704745,-0.005419,0.007775,0.005452
233014740.000,ZR,handheld,水平,right,recording,充电口朝左,3,-0.738887,1.037967,9.657401,-0.004662,0.002497,-0.003993
233014750.000,ZR,handheld,水平,right,recording,充电口朝左,3,-0.757556,1.021689,9.674423,-0.001863,-0.003332,-0.014174
233014760.000,ZR,handheld,水平,right,recording,充电口朝左,3,-0.736122,1.059551,9.660810,-0.003327,-0.000805,-0.017616
233014770.000,ZR,handheld,水平,right,recording,充电口朝左,3,-0.747881,1.031154,9.646643,-0.004755,0.004094,-0.016681
233014780.000,ZR,handheld,水平,right,recording,充电口朝左,3,-0.749967,1.042139,9.633280,-0.006097,-0.002863,-0.012182
233014790.000,ZR,handheld,水平,right,recording,充电口朝左,3,-0.728617,1.019847,9.601791,-0.009374,-0.008895,-0.007612
233014800.000,ZR,handheld,水平,right,recording,充电口朝左,3,-0.738913,1.007088,9.595716,-0.008154,-0.013200,-0.004711
233014810.000,ZR,handheld,水平,right,recording,充电口朝左,3,-0.708577,0.976363,9.656426,-0.005668,-0.015370,-0.007031
233014820.000,ZR,handheld,水平,right,recording,充电口朝左,3,-0.703165,0.967778,9.668566,-0.002358,-0.016127,-0.014706
233014830.000,ZR,handheld,水平,right,recording,充电口朝左,3,-0.686495,0.968209,9.727553,0.005882,-0.009411,-0.018707
233014840.000,ZR,handheld,水平,right,recording,充电口朝左,3,-0.677921,0.971455,9.768402,0.014848,0.000484,-0.017093
233014850.000,ZR,handheld,水平,right,recording,充电口朝左,3,-0.677233,0.974453,9.755241,0.022783,0.002761,-0.010583
233014860.000,ZR,handheld,水平,right,recording,充电口朝左,3,-0.691181,1.011816,9.762724,0.027801,-0.000027,-0.001344
233014870.000,ZR,handheld,水平,right,recording,充电口朝左,3,-0.690623,1.020251,9.738307,0.024190,-0.001086,0.008459
233014880.000,ZR,handheld,水平,right,recording,充电口朝左,3,-0.721501,1.048129,9.737404,0.012966,-0.003761,0.015403
233014890.000,ZR,handheld,水平,right,recording,充电口朝左,3,-0.730808,1.063539,9.708289,-0.003574,-0.006120,0.017194
233014900.000,ZR,handheld,水平,right,recording,充电口朝左,3,-0.738142,1.042922,9.705845,-0.018859,-0.006892,0.013161
233014910.000,ZR,handheld,水平,right,recording,充电口朝左,3,-0.733822,1.039238,9.714780,-0.030504,-0.009276,0.007518
233014920.000,ZR,handheld,水平,right,recording,充电口朝左,3,-0.738458,1.027164,9.766230,-0.027190,-0.005601,-0.000218
233014930.000,ZR,handheld,水平,right,recording,充电口朝左,3,-0.757477,1.014376,9.815489,-0.014237,0.006567,-0.003557
233014940.000,ZR,handheld,水平,right,recording,充电口朝左,3,-0.766363,1.004387,9.828612,0.003427,0.012126,-0.004394
233014950.000,ZR,handheld,水平,right,recording,充电口朝左,3,-0.748877,1.042223,9.812850,0.014713,0.010469,-0.003249
233014960.000,ZR,handheld,水平,right,recording,充电口朝左,3,-0.759969,1.067539,9.751666,0.015800,0.010853,-0.005003
233014970.000,ZR,handheld,水平,right,recording,充电口朝左,3,-0.758592,1.059268,9.722028,0.006177,0.018683,-0.009227
233014980.000,ZR,handheld,水平,right,recording,充电口朝左,3,-0.743504,1.058346,9.709905,-0.008094,0.023142,-0.013968
233014990.000,ZR,handheld,水平,right,recording,充电口朝左,3,-0.745487,1.046743,9.670103,-0.021874,0.016312,-0.013781
233015000.000,ZR,handheld,水平,right,recording,充电口朝左,3,-0.724229,0.998969,9.705143,-0.030333,0.013866,-0.008689
233015010.000,ZR,handheld,水平,right,recording,充电口朝左,3,-0.718491,0.996647,9.706141,-0.029623,0.014272,-0.001129
233015020.000,ZR,handheld,水平,right,recording,充电口朝左,3,-0.708770,0.974207,9.716191,-0.022906,0.013504,0.006447
233015030.000,ZR,handheld,水平,right,recording,充电口朝左,3,-0.690846,0.964104,9.721175,-0.015445,0.015398,0.009082
233015040.000,ZR,handheld,水平,right,recording,充电口朝左,3,-0.674655,0.942631,9.714053,-0.005697,0.015742,0.005451
233015050.000,ZR,handheld,水平,right,recording,充电口朝左,3,-0.677687,0.942684,9.723563,0.001136,0.014641,0.002009
233015060.000,ZR,handheld,水平,right,recording,充电口朝左,3,-0.669698,0.936870,9.708543,0.004062,0.013710,-0.001193
233015070.000,ZR,handheld,水平,right,recording,充电口朝左,3,-0.714967,0.959492,9.732568,0.005363,0.018949,0.002745
233015080.000,ZR,handheld,水平,right,recording,充电口朝左,3,-0.746967,0.986421,9.683004,0.002672,0.024244,0.010344
233015090.000,ZR,handheld,水平,right,recording,充电口朝左,3,-0.726922,1.012622,9.659621,-0.005721,0.015552,0.018290
233015100.000,ZR,handheld,水平,right,recording,充电口朝左,3,-0.772650,1.023031,9.613144,-0.016951,0.006177,0.025046
233015110.000,ZR,handheld,水平,right,recording,充电口朝左,3,-0.742121,1.036321,9.624790,-0.025103,0.005969,0.027484
233015120.000,ZR,handheld,水平,right,recording,充电口朝左,3,-0.788153,1.030512,9.645743,-0.023085,0.001411,0.021956
233015130.000,ZR,handheld,水平,right,recording,充电口朝左,3,-0.760582,1.028836,9.686868,-0.013347,-0.003463,0.012397
233015140.000,ZR,handheld,水平,right,recording,充电口朝左,3,-0.767063,1.013789,9.750557,0.003513,0.006967,0.002039
233015150.000,ZR,handheld,水平,right,recording,充电口朝左,3,-0.750632,1.066116,9.822546,0.020458,0.025115,-0.009190
233015160.000,ZR,handheld,水平,right,recording,充电口朝左,3,-0.777422,1.040976,9.770014,0.026459,0.037938,-0.015436
233015170.000,ZR,handheld,水平,right,recording,充电口朝左,3,-0.775647,1.068359,9.725045,0.023505,0.037787,-0.019105
233015180.000,ZR,handheld,水平,right,recording,充电口朝左,3,-0.764103,1.093853,9.657290,0.006258,0.030089,-0.015785
233015190.000,ZR,handheld,水平,right,recording,充电口朝左,3,-0.817536,1.073144,9.590572,-0.012701,0.018700,-0.010634
233015200.000,ZR,handheld,水平,right,recording,充电口朝左,3,-0.813189,1.059881,9.608155,-0.031266,0.006583,-0.004515
233015210.000,ZR,handheld,水平,right,recording,充电口朝左,3,-0.808265,1.036582,9.624746,-0.040098,-0.001077,-0.002981
233015220.000,ZR,handheld,水平,right,recording,充电口朝左,3,-0.766422,1.012897,9.660076,-0.036378,-0.000511,-0.005509
233015230.000,ZR,handheld,水平,right,recording,充电口朝左,3,-0.736895,0.962300,9.742063,-0.021145,0.006723,-0.013586
233015240.000,ZR,handheld,水平,right,recording,充电口朝左,3,-0.722227,0.924660,9.747422,-0.000619,0.017064,-0.020565
233015250.000,ZR,handheld,水平,right,recording,充电口朝左,3,-0.702924,0.943954,9.777618,0.017978,0.023938,-0.023156
233015260.000,ZR,handheld,水平,right,recording,充电口朝左,3,-0.729206,0.928253,9.724718,0.027540,0.030409,-0.019366
233015270.000,ZR,handheld,水平,right,recording,充电口朝左,3,-0.707305,0.923671,9.708441,0.027717,0.035652,-0.010016
233015280.000,ZR,handheld,水平,right,recording,充电口朝左,3,-0.744871,0.937248,9.668043,0.017835,0.026750,0.004050
233015290.000,ZR,handheld,水平,right,recording,充电口朝左,3,-0.749055,0.952649,9.614895,-0.000152,0.018449,0.015812
233015300.000,ZR,handheld,水平,right,recording,充电口朝左,3,-0.788756,0.976746,9.601226,-0.020587,0.008331,0.022269
233015310.000,ZR,handheld,水平,right,recording,充电口朝左,3,-0.766949,0.969840,9.581821,-0.035134,-0.003939,0.021824
233015320.000,ZR,handheld,水平,right,recording,充电口朝左,3,-0.780313,0.957807,9.669056,-0.034977,-0.006413,0.015304
233015330.000,ZR,handheld,水平,right,recording,充电口朝左,3,-0.757403,0.971024,9.724391,-0.024508,-0.005069,0.007442
233015340.000,ZR,handheld,水平,right,recording,充电口朝左,3,-0.749027,0.968409,9.767638,-0.009294,0.000662,-0.001620
233015350.000,ZR,handheld,水平,right,recording,充电口朝左,3,-0.764209,0.961817,9.758561,0.001220,0.015964,-0.003858
233015360.000,ZR,handheld,水平,right,recording,充电口朝左,3,-0.759984,0.972060,9.721041,0.008794,0.017946,-0.003183
233015370.000,ZR,handheld,水平,right,recording,充电口朝左,3,-0.764130,0.975558,9.690573,0.008090,0.015863,0.003374
233015380.000,ZR,handheld,水平,right,recording,充电口朝左,3,-0.777274,0.989343,9.645719,0.005115,0.016323,0.010334
233015390.000,ZR,handheld,水平,right,recording,充电口朝左,3,-0.785436,1.014682,9.639437,-0.000056,0.005244,0.014345
233015400.000,ZR,handheld,水平,right,recording,充电口朝左,3,-0.794557,1.012126,9.663702,-0.006362,-0.000010,0.012496
233015410.000,ZR,handheld,水平,right,recording,充电口朝左,3,-0.776541,1.011637,9.692037,-0.010715,-0.000840,0.011268
233015420.000,ZR,handheld,水平,right,recording,充电口朝左,3,-0.799502,1.037798,9.698325,-0.017117,0.005306,0.007913
233015430.000,ZR,handheld,水平,right,recording,充电口朝左,3,-0.814819,1.035577,9.683173,-0.023199,0.000947,0.004615
233015440.000,ZR,handheld,水平,right,recording,充电口朝左,3,-0.825497,1.058521,9.642485,-0.028209,-0.009634,0.008905
233015450.000,ZR,handheld,水平,right,recording,充电口朝左,3,-0.766221,1.110479,9.636734,-0.026370,-0.018074,0.020588
233015460.000,ZR,handheld,水平,right,recording,充电口朝左,3,-0.830667,0.966082,9.703845,-0.015782,-0.002885,0.019769
233015470.000,ZR,handheld,水平,right,recording,充电口朝左,3,-0.712196,0.936825,9.806976,-0.002161,0.012293,0.011244
233015480.000,ZR,handheld,水平,right,recording,充电口朝左,3,-0.780155,1.005386,9.710265,0.002763,0.009082,0.001858
233015490.000,ZR,handheld,水平,right,recording,充电口朝左,3,-0.748423,1.031470,9.707839,0.005069,0.015996,-0.006592
233015500.000,ZR,handheld,水平,right,recording,充电口朝左,3,-0.785773,0.974187,9.746538,0.002379,0.023453,-0.009563
233015510.000,ZR,handheld,水平,right,recording,充电口朝左,3,-0.802093,0.985723,9.651346,-0.007200,0.016830,-0.008586
233015520.000,ZR,handheld,水平,right,recording,充电口朝左,3,-0.801557,1.022155,9.618678,-0.020102,0.005836,-0.004921
233015530.000,ZR,handheld,水平,right,recording,充电口朝左,3,-0.789727,1.039977,9.643002,-0.028758,-0.001380,0.000605
233015540.000,ZR,handheld,水平,right,recording,充电口朝左,3,-0.781292,1.025464,9.671978,-0.032632,0.007659,0.000557
233015550.000,ZR,handheld,水平,right,recording,充电口朝左,3,-0.747641,0.978178,9.735332,-0.031920,0.010271,-0.005094
233015560.000,ZR,handheld,水平,right,recording,充电口朝左,3,-0.756263,0.978663,9.727043,-0.030980,0.012778,-0.013210
233015570.000,ZR,handheld,水平,right,recording,充电口朝左,3,-0.745496,0.970991,9.737396,-0.033361,0.019862,-0.019131
233015580.000,ZR,handheld,水平,right,recording,充电口朝左,3,-0.734737,0.982333,9.720640,-0.037920,0.021482,-0.018599
233015590.000,ZR,handheld,水平,right,recording,充电口朝左,3,-0.754923,0.962059,9.710666,-0.044630,0.013768,-0.013045
233015600.000,ZR,handheld,水平,right,recording,充电口朝左,3,-0.743859,0.955131,9.755456,-0.055589,0.014440,-0.007458
233015610.000,ZR,handheld,水平,right,recording,充电口朝左,3,-0.783143,0.954054,9.736017,-0.074275,0.028782,-0.001735
233015620.000,ZR,handheld,水平,right,recording,充电口朝左,3,-0.762484,0.935845,9.765902,-0.095894,0.034146,-0.001698
233015630.000,ZR,handheld,水平,right,recording,充电口朝左,3,-0.778178,0.941987,9.713459,-0.119435,0.040189,-0.005878
233015640.000,ZR,handheld,水平,right,recording,充电口朝左,3,-0.756948,0.999953,9.674402,-0.129279,0.034496,-0.010452
233015650.000,ZR,handheld,水平,right,recording,充电口朝左,3,-0.792924,0.955746,9.791619,-0.111590,0.033178,-0.010215
233015660.000,ZR,handheld,水平,right,recording,充电口朝左,3,-0.800367,0.903618,9.923493,-0.091963,0.062882,-0.013486
233015670.000,ZR,handheld,水平,right,recording,充电口朝左,3,-0.851877,0.850382,9.737755,-0.076834,0.079401,-0.016531
233015680.000,ZR,handheld,水平,right,recording,充电口朝左,3,-0.848020,0.923876,9.729539,-0.067898,0.073907,-0.018700
233015690.000,ZR,handheld,水平,right,recording,充电口朝左,3,-0.876692,0.908297,9.584445,-0.069198,0.065028,-0.018459
233015700.000,ZR,handheld,水平,right,recording,充电口朝左,3,-0.921118,0.844017,9.641130,-0.066340,0.065794,-0.022208
233015710.000,ZR,handheld,水平,right,recording,充电口朝左,3,-0.905899,0.828875,9.628349,-0.068480,0.068833,-0.029118
233015720.000,ZR,handheld,水平,right,recording,充电口朝左,3,-0.899952,0.791721,9.582681,-0.077678,0.053416,-0.032673
233015730.000,ZR,handheld,水平,right,recording,充电口朝左,3,-0.884071,0.857136,9.584901,-0.091279,0.042166,-0.031471
233015740.000,ZR,handheld,水平,right,recording,充电口朝左,3,-0.861535,0.849587,9.589048,-0.104613,0.040194,-0.027789
233015750.000,ZR,handheld,水平,right,recording,充电口朝左,3,-0.877279,0.793724,9.650471,-0.122252,0.029225,-0.021808
233015760.000,ZR,handheld,水平,right,recording,充电口朝左,3,-0.825545,0.794677,9.642095,-0.131388,0.016167,-0.020662
233015770.000,ZR,handheld,水平,right,recording,充电口朝左,3,-0.813208,0.747685,9.791638,-0.147040,0.015715,-0.019547
233015780.000,ZR,handheld,水平,right,recording,充电口朝左,3,-0.836446,0.755678,9.740399,-0.181850,0.024585,-0.014013
233015790.000,ZR,handheld,水平,right,recording,充电口朝左,3,-0.834094,0.813600,9.751151,-0.211424,0.053164,-0.011725
233015800.000,ZR,handheld,水平,right,recording,充电口朝左,3,-0.829241,0.741853,9.869598,-0.234246,0.065852,-0.009206
233015810.000,ZR,handheld,水平,right,recording,充电口朝左,3,-0.834002,0.786788,9.562541,-0.254325,0.057621,-0.004267
233015820.000,ZR,handheld,水平,right,recording,充电口朝左,3,-0.809630,0.845798,9.712623,-0.237730,0.021553,0.009435
233015830.000,ZR,handheld,水平,right,recording,充电口朝左,3,-0.905321,0.638109,9.705847,-0.207876,-0.007159,0.023010
233015840.000,ZR,handheld,水平,right,recording,充电口朝左,3,-0.869385,0.631459,9.826544,-0.169104,0.012852,0.030066
233015850.000,ZR,handheld,水平,right,recording,充电口朝左,3,-0.906873,0.567367,9.872423,-0.141273,0.031685,0.028803
233015860.000,ZR,handheld,水平,right,recording,充电口朝左,3,-0.851424,0.637108,9.851063,-0.125733,0.062510,0.020648
233015870.000,ZR,handheld,水平,right,recording,充电口朝左,3,-0.917808,0.545442,9.745303,-0.131477,0.061467,0.013507
233015880.000,ZR,handheld,水平,right,recording,充电口朝左,3,-0.875802,0.602579,9.752933,-0.137892,0.078913,0.005864
233015890.000,ZR,handheld,水平,right,recording,充电口朝左,3,-0.921018,0.545770,9.700233,-0.157497,0.059433,0.001761
233015900.000,ZR,handheld,水平,right,recording,充电口朝左,3,-0.924751,0.584364,9.614175,-0.175713,0.051992,0.002521
233015910.000,ZR,handheld,水平,right,recording,充电口朝左,3,-0.923747,0.568832,9.599599,-0.197265,0.025898,0.009850
233015920.000,ZR,handheld,水平,right,recording,充电口朝左,3,-0.914360,0.595332,9.431436,-0.209068,-0.018907,0.023324
233015930.000,ZR,handheld,水平,right,recording,充电口朝左,3,-0.861394,0.679454,9.499364,-0.196452,-0.068176,0.046573
233015940.000,ZR,handheld,水平,right,recording,充电口朝左,3,-1.044862,0.533583,9.952787,-0.141347,-0.011516,0.055346
233015950.000,ZR,handheld,水平,right,recording,充电口朝左,3,-0.766397,0.380593,9.868678,-0.091806,0.017766,0.050107
233015960.000,ZR,handheld,水平,right,recording,充电口朝左,3,-1.010838,0.428403,9.751189,-0.052644,0.020046,0.036344
233015970.000,ZR,handheld,水平,right,recording,充电口朝左,3,-0.791701,0.585287,9.777324,-0.020855,0.032708,0.020703
233015980.000,ZR,handheld,水平,right,recording,充电口朝左,3,-0.907037,0.484745,9.760014,-0.004158,0.035729,0.007434
233015990.000,ZR,handheld,水平,right,recording,充电口朝左,3,-0.895446,0.499634,9.695406,-0.001938,0.033649,-0.004336
233016000.000,ZR,handheld,水平,right,recording,充电口朝左,3,-0.933280,0.518941,9.676969,-0.012251,0.030035,-0.006168
233016010.000,ZR,handheld,水平,right,recording,充电口朝左,3,-0.966667,0.606235,9.651427,-0.031574,0.024589,-0.000870
233016020.000,ZR,handheld,水平,right,recording,充电口朝左,3,-0.968673,0.604173,9.625922,-0.051656,0.015134,0.007640
233016030.000,ZR,handheld,水平,right,recording,充电口朝左,3,-0.990337,0.575904,9.687680,-0.065268,0.000370,0.012390
233016040.000,ZR,handheld,水平,right,recording,充电口朝左,3,-0.960374,0.557444,9.750976,-0.075906,0.000597,0.013754
233016050.000,ZR,handheld,水平,right,recording,充电口朝左,3,-0.952503,0.565308,9.751787,-0.077697,0.005574,0.009866
233016060.000,ZR,handheld,水平,right,recording,充电口朝左,3,-0.908113,0.558448,9.825129,-0.074455,0.002478,0.003015
233016070.000,ZR,handheld,水平,right,recording,充电口朝左,3,-0.918985,0.484334,9.795684,-0.077290,-0.010419,0.000976
233016080.000,ZR,handheld,水平,right,recording,充电口朝左,3,-0.926669,0.529901,9.731381,-0.068892,-0.011552,0.002066
233016090.000,ZR,handheld,水平,right,recording,充电口朝左,3,-0.927815,0.536182,9.925383,-0.057398,0.003520,0.002464
233016100.000,ZR,handheld,水平,right,recording,充电口朝左,3,-0.948464,0.488853,9.756100,-0.053608,0.002969,0.001415
233016110.000,ZR,handheld,水平,right,recording,充电口朝左,3,-1.004163,0.520053,9.736580,-0.054640,-0.004216,-0.000286
233016120.000,ZR,handheld,水平,right,recording,充电口朝左,3,-0.990285,0.531392,9.723739,-0.055450,0.000190,-0.007074
233016130.000,ZR,handheld,水平,right,recording,充电口朝左,3,-1.020418,0.510681,9.744867,-0.052330,0.011563,-0.016295
233016140.000,ZR,handheld,水平,right,recording,充电口朝左,3,-0.997357,0.456399,9.798451,-0.043484,0.022793,-0.027274
233016150.000,ZR,handheld,水平,right,recording,充电口朝左,3,-0.996440,0.432618,9.763046,-0.036068,0.030067,-0.037230
233016160.000,ZR,handheld,水平,right,recording,充电口朝左,3,-0.968975,0.412851,9.710791,-0.027189,0.029938,-0.042507
233016170.000,ZR,handheld,水平,right,recording,充电口朝左,3,-0.968383,0.383676,9.680463,-0.019671,0.022157,-0.039791
233016180.000,ZR,handheld,水平,right,recording,充电口朝左,3,-0.955729,0.345684,9.693084,-0.013233,0.018161,-0.031274
233016190.000,ZR,handheld,水平,right,recording,充电口朝左,3,-0.932531,0.318888,9.712823,-0.007192,0.014848,-0.023542
233016200.000,ZR,handheld,水平,right,recording,充电口朝左,3,-0.914944,0.316653,9.718273,-0.006011,0.016791,-0.011451
233016210.000,ZR,handheld,水平,right,recording,充电口朝左,3,-0.902766,0.338505,9.730174,-0.007990,0.017567,-0.006631
233016220.000,ZR,handheld,水平,right,recording,充电口朝左,3,-0.918444,0.345092,9.690994,-0.013408,0.014564,-0.004092
233016230.000,ZR,handheld,水平,right,recording,充电口朝左,3,-0.909574,0.349031,9.721464,-0.015287,0.010524,-0.005529
233016240.000,ZR,handheld,水平,right,recording,充电口朝左,3,-0.932501,0.341081,9.743213,-0.014769,0.003287,-0.005090
233016250.000,ZR,handheld,水平,right,recording,充电口朝左,3,-0.932045,0.358734,9.689312,-0.016593,-0.000585,-0.002288
233016260.000,ZR,handheld,水平,right,recording,充电口朝左,3,-0.951519,0.338445,9.701129,-0.018503,-0.009350,0.000724
233016270.000,ZR,handheld,水平,right,recording,充电口朝左,3,-0.942956,0.348005,9.698200,-0.020577,-0.012791,0.002774
233016280.000,ZR,handheld,水平,right,recording,充电口朝左,3,-0.923722,0.378879,9.710617,-0.021439,-0.007017,0.000407
233016290.000,ZR,handheld,水平,right,recording,充电口朝左,3,-0.939891,0.383314,9.728748,-0.020547,-0.001948,-0.001391
233016300.000,ZR,handheld,水平,right,recording,充电口朝左,3,-0.943178,0.395564,9.739916,-0.016510,-0.003116,-0.002344
233016310.000,ZR,handheld,水平,right,recording,充电口朝左,3,-0.950859,0.418728,9.768887,-0.011253,-0.003043,-0.003559
233016320.000,ZR,handheld,水平,right,recording,充电口朝左,3,-0.953989,0.406246,9.765929,-0.010469,0.005356,-0.004047
233016330.000,ZR,handheld,水平,right,recording,充电口朝左,3,-0.973025,0.410678,9.725533,-0.009658,0.003407,-0.003765
233016340.000,ZR,handheld,水平,right,recording,充电口朝左,3,-0.964901,0.410466,9.699189,-0.013823,-0.002652,-0.001658
233016350.000,ZR,handheld,水平,right,recording,充电口朝左,3,-0.973166,0.403312,9.703232,-0.016877,0.000665,-0.000800
233016360.000,ZR,handheld,水平,right,recording,充电口朝左,3,-0.959725,0.411991,9.721224,-0.019046,0.004746,0.002129
233016370.000,ZR,handheld,水平,right,recording,充电口朝左,3,-0.965785,0.421938,9.701434,-0.018077,0.004068,0.002360
233016380.000,ZR,handheld,水平,right,recording,充电口朝左,3,-0.967106,0.389883,9.736994,-0.011469,0.006953,0.001646
233016390.000,ZR,handheld,水平,right,recording,充电口朝左,3,-0.986308,0.378957,9.726389,-0.005493,0.011061,0.000295
233016400.000,ZR,handheld,水平,right,recording,充电口朝左,3,-1.005245,0.385414,9.724649,0.001988,0.007083,0.002199
233016410.000,ZR,handheld,水平,right,recording,充电口朝左,3,-0.992130,0.396079,9.676364,0.003175,0.001761,0.002147
233016420.000,ZR,handheld,水平,right,recording,充电口朝左,3,-1.003360,0.390187,9.700295,0.005191,0.005865,-0.001516
233016430.000,ZR,handheld,水平,right,recording,充电口朝左,3,-0.992356,0.389777,9.673796,0.005482,0.000164,-0.007941
233016440.000,ZR,handheld,水平,right,recording,充电口朝左,3,-0.980552,0.393892,9.705975,0.006859,-0.001140,-0.018389
233016450.000,ZR,handheld,水平,right,recording,充电口朝左,3,-0.957038,0.367951,9.736810,0.007824,0.001368,-0.023423
233016460.000,ZR,handheld,水平,right,recording,充电口朝左,3,-0.977687,0.349737,9.747199,0.005571,-0.003769,-0.022151
233016470.000,ZR,handheld,水平,right,recording,充电口朝左,3,-0.928466,0.361615,9.745010,0.000066,-0.006168,-0.017008
233016480.000,ZR,handheld,水平,right,recording,充电口朝左,3,-0.944307,0.363595,9.750809,-0.009392,-0.014026,-0.007004
233016490.000,ZR,handheld,水平,right,recording,充电口朝左,3,-0.909736,0.355052,9.788494,-0.011911,-0.010049,0.002064
233016500.000,ZR,handheld,水平,right,recording,充电口朝左,3,-0.898276,0.338372,9.822918,-0.011724,-0.000050,0.008648
233016510.000,ZR,handheld,水平,right,recording,充电口朝左,3,-0.912962,0.372771,9.804936,-0.012396,0.008823,0.011679
233016520.000,ZR,handheld,水平,right,recording,充电口朝左,3,-0.889874,0.380718,9.788755,-0.010331,0.013804,0.008978
233016530.000,ZR,handheld,水平,right,recording,充电口朝左,3,-0.910825,0.379467,9.778126,-0.005695,0.021614,0.003809
233016540.000,ZR,handheld,水平,right,recording,充电口朝左,3,-0.957164,0.366268,9.754744,-0.001556,0.024419,-0.000049
233016550.000,ZR,handheld,水平,right,recording,充电口朝左,3,-0.978247,0.393440,9.721807,0.001532,0.012280,0.001484
233016560.000,ZR,handheld,水平,right,recording,充电口朝左,3,-0.980647,0.396452,9.671869,0.001818,0.003698,0.002378
233016570.000,ZR,handheld,水平,right,recording,充电口朝左,3,-0.989977,0.419993,9.663613,-0.000091,-0.000714,0.006654
233016580.000,ZR,handheld,水平,right,recording,充电口朝左,3,-0.977988,0.441753,9.653180,-0.003549,-0.006040,0.005967
233016590.000,ZR,handheld,水平,right,recording,充电口朝左,3,-0.963528,0.451497,9.661985,-0.004538,-0.008047,0.004986
233016600.000,ZR,handheld,水平,right,recording,充电口朝左,3,-1.019060,0.412939,9.715301,-0.005176,-0.004780,0.001514
233016610.000,ZR,handheld,水平,right,recording,充电口朝左,3,-0.985565,0.398210,9.705160,-0.006005,-0.003630,-0.008011
233016620.000,ZR,handheld,水平,right,recording,充电口朝左,3,-0.972468,0.399433,9.714465,-0.007737,-0.002456,-0.018825
233016630.000,ZR,handheld,水平,right,recording,充电口朝左,3,-0.957014,0.392704,9.675887,-0.011716,0.003264,-0.026127
233016640.000,ZR,handheld,水平,right,recording,充电口朝左,3,-0.970604,0.368841,9.658456,-0.014899,0.008231,-0.022241
233016650.000,ZR,handheld,水平,right,recording,充电口朝左,3,-0.978670,0.347259,9.615621,-0.014196,-0.002592,-0.015048
233016660.000,ZR,handheld,水平,right,recording,充电口朝左,3,-0.958863,0.352065,9.621035,-0.009670,-0.018938,-0.008973
233016670.000,ZR,handheld,水平,right,recording,充电口朝左,3,-0.944042,0.330859,9.674126,-0.002134,-0.013774,-0.000701
233016680.000,ZR,handheld,水平,right,recording,充电口朝左,3,-0.932436,0.306638,9.695396,0.004798,-0.002456,-0.001681
233016690.000,ZR,handheld,水平,right,recording,充电口朝左,3,-0.913699,0.300200,9.744676,0.012234,-0.007025,-0.007134
233016700.000,ZR,handheld,水平,right,recording,充电口朝左,3,-0.931851,0.289591,9.721524,0.014971,-0.013887,-0.013474
233016710.000,ZR,handheld,水平,right,recording,充电口朝左,3,-0.926536,0.316465,9.750765,0.015461,-0.006572,-0.016902
233016720.000,ZR,handheld,水平,right,recording,充电口朝左,3,-0.929536,0.317897,9.794158,0.014349,-0.003956,-0.012853
233016730.000,ZR,handheld,水平,right,recording,充电口朝左,3,-0.929979,0.361581,9.738779,0.007231,-0.014791,-0.006447
233016740.000,ZR,handheld,水平,right,recording,充电口朝左,3,-0.929210,0.389113,9.774666,0.001151,-0.012190,0.005600
233016750.000,ZR,handheld,水平,right,recording,充电口朝左,3,-0.967807,0.363117,9.786381,-0.006396,-0.005225,0.015219
233016760.000,ZR,handheld,水平,right,recording,充电口朝左,3,-0.968199,0.339684,9.770132,-0.015523,-0.009702,0.021324
233016770.000,ZR,handheld,水平,right,recording,充电口朝左,3,-0.976403,0.342546,9.713682,-0.024807,-0.020822,0.018934
233016780.000,ZR,handheld,水平,right,recording,充电口朝左,3,-0.987990,0.336781,9.744423,-0.028648,-0.018201,0.014056
233016790.000,ZR,handheld,水平,right,recording,充电口朝左,3,-0.988871,0.334331,9.791178,-0.024350,-0.013318,0.009685
233016800.000,ZR,handheld,水平,right,recording,充电口朝左,3,-0.979450,0.350346,9.811567,-0.014259,-0.001781,0.005013
233016810.000,ZR,handheld,水平,right,recording,充电口朝左,3,-0.999727,0.377165,9.824186,-0.001837,0.009089,0.002558
233016820.000,ZR,handheld,水平,right,recording,充电口朝左,3,-0.998516,0.410945,9.793932,0.005179,0.011511,0.003815
233016830.000,ZR,handheld,水平,right,recording,充电口朝左,3,-1.005301,0.404567,9.768015,0.008227,0.008080,0.004159
233016840.000,ZR,handheld,水平,right,recording,充电口朝左,3,-1.026037,0.415934,9.735377,0.003402,0.004626,0.005122
233016850.000,ZR,handheld,水平,right,recording,充电口朝左,3,-0.995811,0.423610,9.705520,-0.005018,0.003303,0.001881
233016860.000,ZR,handheld,水平,right,recording,充电口朝左,3,-0.973131,0.404270,9.672637,-0.016334,0.001176,-0.002721
233016870.000,ZR,handheld,水平,right,recording,充电口朝左,3,-0.956147,0.380048,9.723096,-0.018927,0.005878,-0.010214
233016880.000,ZR,handheld,水平,right,recording,充电口朝左,3,-0.921026,0.374631,9.783201,-0.015979,0.016393,-0.014621
233016890.000,ZR,handheld,水平,right,recording,充电口朝左,3,-0.926440,0.363887,9.784544,-0.011012,0.016838,-0.016770
233016900.000,ZR,handheld,水平,right,recording,充电口朝左,3,-0.912674,0.321896,9.768914,-0.005018,0.012976,-0.019226
233016910.000,ZR,handheld,水平,right,recording,充电口朝左,3,-0.916781,0.318358,9.741442,-0.002020,0.004714,-0.019054
233016920.000,ZR,handheld,水平,right,recording,充电口朝左,3,-0.907157,0.309829,9.726059,-0.000842,0.005810,-0.014772
233016930.000,ZR,handheld,水平,right,recording,充电口朝左,3,-0.929605,0.334257,9.745163,-0.002683,0.013881,-0.006432
233016940.000,ZR,handheld,水平,right,recording,充电口朝左,3,-0.923034,0.317666,9.719408,-0.004511,0.016382,0.001934
233016950.000,ZR,handheld,水平,right,recording,充电口朝左,3,-0.938208,0.343358,9.675188,-0.011475,0.006135,0.009226
233016960.000,ZR,handheld,水平,right,recording,充电口朝左,3,-0.935413,0.339444,9.658139,-0.017710,-0.003544,0.013474
233016970.000,ZR,handheld,水平,right,recording,充电口朝左,3,-0.963418,0.325347,9.672807,-0.022678,-0.003506,0.016146
233016980.000,ZR,handheld,水平,right,recording,充电口朝左,3,-0.936332,0.357383,9.696645,-0.022704,-0.003800,0.012620
233016990.000,ZR,handheld,水平,right,recording,充电口朝左,3,-0.957214,0.352773,9.689607,-0.018722,-0.011082,0.007260
233017000.000,ZR,handheld,水平,right,recording,充电口朝左,3,-0.950949,0.348314,9.728668,-0.007608,-0.007064,0.002398
233017010.000,ZR,handheld,水平,right,recording,充电口朝左,3,-0.953288,0.358457,9.781939,0.001971,0.004340,-0.002627
233017020.000,ZR,handheld,水平,right,recording,充电口朝左,3,-0.959499,0.356184,9.751891,0.008141,0.010139,-0.004987
233017030.000,ZR,handheld,水平,right,recording,充电口朝左,3,-0.961995,0.379356,9.746243,0.007170,0.017342,-0.005924
233017040.000,ZR,handheld,水平,right,recording,充电口朝左,3,-0.989280,0.405601,9.690312,0.000496,0.014393,-0.004995
233017050.000,ZR,handheld,水平,right,recording,充电口朝左,3,-1.000195,0.385379,9.675152,-0.009612,0.008992,-0.006276
233017060.000,ZR,handheld,水平,right,recording,充电口朝左,3,-1.000043,0.392932,9.672132,-0.019085,0.003297,-0.005580
233017070.000,ZR,handheld,水平,right,recording,充电口朝左,3,-1.003057,0.373767,9.658511,-0.029178,-0.004679,-0.007196
233017080.000,ZR,handheld,水平,right,recording,充电口朝左,3,-0.978126,0.386265,9.682855,-0.032174,-0.012570,-0.011989
233017090.000,ZR,handheld,水平,right,recording,充电口朝左,3,-0.979596,0.366901,9.699944,-0.033809,-0.009474,-0.014593
233017100.000,ZR,handheld,水平,right,recording,充电口朝左,3,-0.982595,0.344656,9.720805,-0.031911,0.003944,-0.020746
233017110.000,ZR,handheld,水平,right,recording,充电口朝左,3,-0.959650,0.310119,9.747800,-0.025726,0.009004,-0.025446
233017120.000,ZR,handheld,水平,right,recording,充电口朝左,3,-0.968596,0.306642,9.742178,-0.017097,0.014304,-0.025102
233017130.000,ZR,handheld,水平,right,recording,充电口朝左,3,-0.939041,0.295283,9.739858,-0.013514,0.018119,-0.024992
233017140.000,ZR,handheld,水平,right,recording,充电口朝左,3,-0.931975,0.269019,9.704950,-0.014391,0.012716,-0.022573
233017150.000,ZR,handheld,水平,right,recording,充电口朝左,3,-0.917937,0.275302,9.722379,-0.017847,0.012838,-0.018709
233017160.000,ZR,handheld,水平,right,recording,充电口朝左,3,-0.920308,0.271076,9.716926,-0.025007,0.007991,-0.012517
233017170.000,ZR,handheld,水平,right,recording,充电口朝左,3,-0.923416,0.278370,9.747547,-0.030133,0.012747,-0.007174
233017180.000,ZR,handheld,水平,right,recording,充电口朝左,3,-0.918749,0.289815,9.772137,-0.035538,0.018425,-0.002150
233017190.000,ZR,handheld,水平,right,recording,充电口朝左,3,-0.966332,0.272978,9.736492,-0.039856,0.020028,0.003015
233017200.000,ZR,handheld,水平,right,recording,充电口朝左,3,-0.946024,0.280143,9.756112,-0.040116,0.017653,0.003683
233017210.000,ZR,handheld,水平,right,recording,充电口朝左,3,-0.963181,0.307857,9.733671,-0.042303,0.015286,0.006612
233017220.000,ZR,handheld,水平,right,recording,充电口朝左,3,-0.997876,0.305985,9.762729,-0.039035,0.021715,0.006931
233017230.000,ZR,handheld,水平,right,recording,充电口朝左,3,-1.007228,0.316759,9.733706,-0.039026,0.021398,0.001729
233017240.000,ZR,handheld,水平,right,recording,充电口朝左,3,-0.986932,0.311121,9.686752,-0.030393,-0.001976,-0.002793
233017250.000,ZR,handheld,水平,right,recording,充电口朝左,3,-1.031470,0.302710,9.777412,-0.017145,0.005829,-0.004384
233017260.000,ZR,handheld,水平,right,recording,充电口朝左,3,-0.979343,0.307470,9.827205,-0.001921,0.029152,-0.005820
233017270.000,ZR,handheld,水平,right,recording,充电口朝左,3,-1.028403,0.301433,9.766212,0.004396,0.025496,-0.004855
233017280.000,ZR,handheld,水平,right,recording,充电口朝左,3,-1.001666,0.316003,9.743803,0.006028,0.014636,-0.005614
233017290.000,ZR,handheld,水平,right,recording,充电口朝左,3,-1.003526,0.308747,9.715921,-0.003251,0.009867,-0.005205
233017300.000,ZR,handheld,水平,right,recording,充电口朝左,3,-1.033046,0.309359,9.724721,-0.017490,0.008979,-0.000410
233017310.000,ZR,handheld,水平,right,recording,充电口朝左,3,-1.025092,0.323604,9.732691,-0.030334,0.009289,0.001845
233017320.000,ZR,handheld,水平,right,recording,充电口朝左,3,-1.000398,0.285395,9.776746,-0.033717,0.010622,0.001413
233017330.000,ZR,handheld,水平,right,recording,充电口朝左,3,-0.993967,0.281579,9.797716,-0.029621,0.015566,0.005044
233017340.000,ZR,handheld,水平,right,recording,充电口朝左,3,-0.991061,0.269757,9.782494,-0.026603,0.023957,0.004978
233017350.000,ZR,handheld,水平,right,recording,充电口朝左,3,-0.993860,0.270412,9.776186,-0.019454,0.025347,0.004530
233017360.000,ZR,handheld,水平,right,recording,充电口朝左,3,-0.992099,0.244946,9.761313,-0.012071,0.018764,0.005031
233017370.000,ZR,handheld,水平,right,recording,充电口朝左,3,-0.984672,0.273887,9.738280,-0.009489,0.018256,0.004424
233017380.000,ZR,handheld,水平,right,recording,充电口朝左,3,-1.001486,0.261943,9.721373,-0.011829,0.019303,0.008203
233017390.000,ZR,handheld,水平,right,recording,充电口朝左,3,-1.010528,0.256734,9.721487,-0.012637,0.020122,0.010578
233017400.000,ZR,handheld,水平,right,recording,充电口朝左,3,-1.009596,0.243555,9.725353,-0.012018,0.018435,0.008953
233017410.000,ZR,handheld,水平,right,recording,充电口朝左,3,-1.002992,0.259252,9.721655,-0.013986,0.019147,0.007033
233017420.000,ZR,handheld,水平,right,recording,充电口朝左,3,-0.987657,0.261686,9.720824,-0.015210,0.020157,0.005760
233017430.000,ZR,handheld,水平,right,recording,充电口朝左,3,-1.026586,0.262711,9.730146,-0.012251,0.018439,0.004588
233017440.000,ZR,handheld,水平,right,recording,充电口朝左,3,-1.034605,0.254561,9.717474,-0.010048,0.014322,0.006998
233017450.000,ZR,handheld,水平,right,recording,充电口朝左,3,-1.016289,0.291141,9.696415,-0.010202,0.014873,0.006741
233017460.000,ZR,handheld,水平,right,recording,充电口朝左,3,-1.027526,0.296154,9.700391,-0.008507,0.017086,0.004986
233017470.000,ZR,handheld,水平,right,recording,充电口朝左,3,-1.029366,0.298144,9.699071,-0.008000,0.014848,0.000453
233017480.000,ZR,handheld,水平,right,recording,充电口朝左,3,-1.046552,0.277029,9.708726,-0.007295,0.015183,0.000830
233017490.000,ZR,handheld,水平,right,recording,充电口朝左,3,-1.038734,0.278422,9.701473,-0.001620,0.018054,0.001767
233017500.000,ZR,handheld,水平,right,recording,充电口朝左,3,-1.007193,0.296592,9.743510,0.004112,0.022512,0.004340
233017510.000,ZR,handheld,水平,right,recording,充电口朝左,3,-1.028977,0.287038,9.741585,0.007755,0.022031,0.007161
233017520.000,ZR,handheld,水平,right,recording,充电口朝左,3,-1.015315,0.291531,9.708548,0.004960,0.022112,0.005435
233017530.000,ZR,handheld,水平,right,recording,充电口朝左,3,-1.021109,0.288653,9.707450,-0.001577,0.016767,-0.000639
233017540.000,ZR,handheld,水平,right,recording,充电口朝左,3,-1.034222,0.286324,9.692388,-0.009811,0.012106,-0.004624
233017550.000,ZR,handheld,水平,right,recording,充电口朝左,3,-1.015852,0.294306,9.701293,-0.014037,0.005851,-0.006047
233017560.000,ZR,handheld,水平,right,recording,充电口朝左,3,-1.021516,0.292531,9.705786,-0.015054,0.000490,-0.001357
233017570.000,ZR,handheld,水平,right,recording,充电口朝左,3,-1.003987,0.303563,9.699051,-0.015356,0.000316,0.004783
233017580.000,ZR,handheld,水平,right,recording,充电口朝左,3,-1.023776,0.294500,9.706202,-0.014479,0.000065,0.011213
233017590.000,ZR,handheld,水平,right,recording,充电口朝左,3,-1.043373,0.287917,9.684863,-0.015262,0.003776,0.011757
233017600.000,ZR,handheld,水平,right,recording,充电口朝左,3,-1.026685,0.258742,9.639940,-0.015030,-0.000656,0.008886
233017610.000,ZR,handheld,水平,right,recording,充电口朝左,3,-1.026275,0.252455,9.645644,-0.009989,-0.001014,0.000722
233017620.000,ZR,handheld,水平,right,recording,充电口朝左,3,-1.009958,0.239689,9.667174,-0.000029,0.009888,-0.004340
233017630.000,ZR,handheld,水平,right,recording,充电口朝左,3,-1.044999,0.207312,9.670598,0.011121,0.011631,-0.006553
233017640.000,ZR,handheld,水平,right,recording,充电口朝左,3,-1.030698,0.217373,9.666175,0.021450,0.004095,-0.003713
233017650.000,ZR,handheld,水平,right,recording,充电口朝左,3,-1.036891,0.198048,9.613653,0.026001,0.000078,-0.001901
233017660.000,ZR,handheld,水平,right,recording,充电口朝左,3,-1.043760,0.191509,9.620370,0.022992,-0.007527,0.002325
233017670.000,ZR,handheld,水平,right,recording,充电口朝左,3,-0.999340,0.223121,9.627046,0.019217,-0.013955,0.005227
233017680.000,ZR,handheld,水平,right,recording,充电口朝左,3,-1.002554,0.259634,9.666488,0.016452,-0.024020,0.005827
233017690.000,ZR,handheld,水平,right,recording,充电口朝左,3,-0.988846,0.241379,9.742755,0.019419,-0.025644,0.006200
233017700.000,ZR,handheld,水平,right,recording,充电口朝左,3,-0.973202,0.260075,9.807224,0.023662,-0.016934,0.004236
233017710.000,ZR,handheld,水平,right,recording,充电口朝左,3,-0.986756,0.264506,9.826167,0.026158,-0.013107,0.005731
233017720.000,ZR,handheld,水平,right,recording,充电口朝左,3,-1.010544,0.294601,9.820827,0.021900,-0.010388,0.009131
233017730.000,ZR,handheld,水平,right,recording,充电口朝左,3,-1.029721,0.314744,9.812129,0.016173,-0.006138,0.016837
233017740.000,ZR,handheld,水平,right,recording,充电口朝左,3,-1.045254,0.306478,9.793243,0.007198,-0.000411,0.019878
233017750.000,ZR,handheld,水平,right,recording,充电口朝左,3,-1.056958,0.322715,9.794108,-0.002773,0.000689,0.019026
233017760.000,ZR,handheld,水平,right,recording,充电口朝左,3,-1.090317,0.322355,9.772471,-0.012012,-0.000441,0.015339
233017770.000,ZR,handheld,水平,right,recording,充电口朝左,3,-1.085205,0.309964,9.767465,-0.014138,-0.000063,0.009684
233017780.000,ZR,handheld,水平,right,recording,充电口朝左,3,-1.107660,0.297815,9.803234,-0.006886,0.003265,0.008900
233017790.000,ZR,handheld,水平,right,recording,充电口朝左,3,-1.100439,0.274443,9.802959,0.008406,0.009520,0.008573
233017800.000,ZR,handheld,水平,right,recording,充电口朝左,3,-1.072304,0.288215,9.812123,0.022531,0.012723,0.009477
233017810.000,ZR,handheld,水平,right,recording,充电口朝左,3,-1.087594,0.299008,9.758800,0.028798,0.011750,0.011935
233017820.000,ZR,handheld,水平,right,recording,充电口朝左,3,-1.067277,0.307913,9.724549,0.026204,0.011991,0.012667
233017830.000,ZR,handheld,水平,right,recording,充电口朝左,3,-1.054852,0.323091,9.667956,0.013748,0.007804,0.008929
233017840.000,ZR,handheld,水平,right,recording,充电口朝左,3,-1.025347,0.311746,9.686033,0.003646,0.002828,-0.001808
233017850.000,ZR,handheld,水平,right,recording,充电口朝左,3,-1.039318,0.264931,9.720369,-0.005346,0.003713,-0.008692
233017860.000,ZR,handheld,水平,right,recording,充电口朝左,3,-1.012006,0.282894,9.691388,-0.009300,0.001788,-0.012154
233017870.000,ZR,handheld,水平,right,recording,充电口朝左,3,-1.005907,0.277643,9.747536,-0.003968,-0.002464,-0.009928
233017880.000,ZR,handheld,水平,right,recording,充电口朝左,3,-1.003327,0.248483,9.748543,0.004498,0.005139,-0.000517
233017890.000,ZR,handheld,水平,right,recording,充电口朝左,3,-0.965256,0.229094,9.767201,0.015464,0.012685,0.007382
233017900.000,ZR,handheld,水平,right,recording,充电口朝左,3,-0.960320,0.222199,9.781716,0.027711,0.017141,0.014152
233017910.000,ZR,handheld,水平,right,recording,充电口朝左,3,-0.965220,0.232677,9.776955,0.033640,0.025410,0.019979
233017920.000,ZR,handheld,水平,right,recording,充电口朝左,3,-0.978773,0.246066,9.727463,0.029475,0.026979,0.024075
233017930.000,ZR,handheld,水平,right,recording,充电口朝左,3,-0.997514,0.277745,9.660374,0.017301,0.020507,0.024458
233017940.000,ZR,handheld,水平,right,recording,充电口朝左,3,-1.007654,0.291956,9.642108,0.003956,0.007074,0.022029
233017950.000,ZR,handheld,水平,right,recording,充电口朝左,3,-1.034041,0.305433,9.637477,-0.005561,0.003369,0.020670
233017960.000,ZR,handheld,水平,right,recording,充电口朝左,3,-1.022766,0.335604,9.683374,-0.011033,0.004035,0.018227
233017970.000,ZR,handheld,水平,right,recording,充电口朝左,3,-1.038046,0.332843,9.646610,-0.013601,-0.002418,0.015626
233017980.000,ZR,handheld,水平,right,recording,充电口朝左,3,-1.043270,0.332123,9.688388,-0.007118,-0.010634,0.015007
233017990.000,ZR,handheld,水平,right,recording,充电口朝左,3,-1.037959,0.335084,9.696915,0.001802,-0.011466,0.015478
233018000.000,ZR,handheld,水平,right,recording,充电口朝左,3,-1.057434,0.335276,9.711424,0.010605,-0.002422,0.017642
233018010.000,ZR,handheld,水平,right,recording,充电口朝左,3,-1.045565,0.364884,9.705539,0.018282,-0.003244,0.016343
233018020.000,ZR,handheld,水平,right,recording,充电口朝左,3,-1.083878,0.365669,9.730465,0.023113,0.000044,0.012956
233018030.000,ZR,handheld,水平,right,recording,充电口朝左,3,-1.060505,0.366476,9.723000,0.022890,0.011490,0.006409
233018040.000,ZR,handheld,水平,right,recording,充电口朝左,3,-1.074288,0.372141,9.694669,0.016087,0.009071,-0.001112
233018050.000,ZR,handheld,水平,right,recording,充电口朝左,3,-1.062831,0.377054,9.643837,0.005917,-0.004689,-0.008110
233018060.000,ZR,handheld,水平,right,recording,充电口朝左,3,-1.065263,0.337204,9.647308,-0.001991,-0.008932,-0.010283
233018070.000,ZR,handheld,水平,right,recording,充电口朝左,3,-1.033089,0.331180,9.680355,-0.008773,-0.009468,-0.012120
233018080.000,ZR,handheld,水平,right,recording,充电口朝左,3,-1.038866,0.300842,9.689808,-0.007873,-0.004308,-0.012574
233018090.000,ZR,handheld,水平,right,recording,充电口朝左,3,-1.013630,0.311672,9.751295,-0.002368,-0.001938,-0.011201
233018100.000,ZR,handheld,水平,right,recording,充电口朝左,3,-1.025672,0.275039,9.714881,0.003767,0.000924,-0.009022
233018110.000,ZR,handheld,水平,right,recording,充电口朝左,3,-1.007670,0.247516,9.761940,0.010805,0.004857,-0.006483
233018120.000,ZR,handheld,水平,right,recording,充电口朝左,3,-1.007903,0.257252,9.725045,0.014970,0.005503,-0.003129
233018130.000,ZR,handheld,水平,right,recording,充电口朝左,3,-1.011485,0.278767,9.753828,0.016521,0.011152,-0.000546
233018140.000,ZR,handheld,水平,right,recording,充电口朝左,3,-1.014254,0.289123,9.730982,0.013080,0.010926,0.001200
233018150.000,ZR,handheld,水平,right,recording,充电口朝左,3,-1.014872,0.300877,9.713169,0.007852,0.007104,0.004434
233018160.000,ZR,handheld,水平,right,recording,充电口朝左,3,-1.035468,0.302843,9.697821,0.002328,0.003271,0.005622
233018170.000,ZR,handheld,水平,right,recording,充电口朝左,3,-1.033903,0.322305,9.705642,-0.002378,-0.003100,0.005121
233018180.000,ZR,handheld,水平,right,recording,充电口朝左,3,-1.050556,0.332080,9.710146,-0.006226,0.001312,0.004660
233018190.000,ZR,handheld,水平,right,recording,充电口朝左,3,-1.055344,0.305167,9.694517,-0.007416,0.000871,0.004206
233018200.000,ZR,handheld,水平,right,recording,充电口朝左,3,-1.088062,0.295251,9.707248,-0.003837,-0.004200,0.000392
233018210.000,ZR,handheld,水平,right,recording,充电口朝左,3,-1.066572,0.291640,9.712557,0.000784,-0.000341,0.002249
233018220.000,ZR,handheld,水平,right,recording,充电口朝左,3,-1.060030,0.303540,9.715600,0.003312,0.003552,0.004794
233018230.000,ZR,handheld,水平,right,recording,充电口朝左,3,-1.058330,0.306908,9.708828,0.003573,0.000064,0.005829
233018240.000,ZR,handheld,水平,right,recording,充电口朝左,3,-1.048304,0.315362,9.678841,-0.000141,-0.001929,0.006602
233018250.000,ZR,handheld,水平,right,recording,充电口朝左,3,-1.040481,0.332329,9.691554,-0.007307,-0.003553,0.003919
233018260.000,ZR,handheld,水平,right,recording,充电口朝左,3,-1.040657,0.330827,9.673630,-0.014639,-0.007795,-0.001192
233018270.000,ZR,handheld,水平,right,recording,充电口朝左,3,-1.049339,0.322490,9.700533,-0.017670,-0.013087,-0.005003
233018280.000,ZR,handheld,水平,right,recording,充电口朝左,3,-1.033659,0.306495,9.720455,-0.012597,-0.009298,-0.005736
233018290.000,ZR,handheld,水平,right,recording,充电口朝左,3,-1.019024,0.308482,9.765660,-0.004055,0.001291,-0.004970
233018300.000,ZR,handheld,水平,right,recording,充电口朝左,3,-1.021523,0.307203,9.762052,0.003027,0.007930,-0.002535
233018310.000,ZR,handheld,水平,right,recording,充电口朝左,3,-1.015261,0.310708,9.738433,0.007958,0.014019,0.003322
233018320.000,ZR,handheld,水平,right,recording,充电口朝左,3,-1.022438,0.291662,9.728032,0.007722,0.015347,0.009552
233018330.000,ZR,handheld,水平,right,recording,充电口朝左,3,-1.035908,0.301233,9.674319,0.000928,0.009696,0.014147
233018340.000,ZR,handheld,水平,right,recording,充电口朝左,3,-1.034180,0.313842,9.665587,-0.011050,0.002644,0.012833
233018350.000,ZR,handheld,水平,right,recording,充电口朝左,3,-1.062438,0.304844,9.643160,-0.020470,-0.007304,0.010372
233018360.000,ZR,handheld,水平,right,recording,充电口朝左,3,-1.056074,0.309043,9.674504,-0.023392,-0.008737,0.006475
233018370.000,ZR,handheld,水平,right,recording,充电口朝左,3,-1.054921,0.353745,9.711688,-0.019857,-0.007282,0.001984
233018380.000,ZR,handheld,水平,right,recording,充电口朝左,3,-1.052682,0.324094,9.704904,-0.011945,-0.002553,-0.004081
233018390.000,ZR,handheld,水平,right,recording,充电口朝左,3,-1.031980,0.322047,9.775389,0.000891,0.004733,-0.007919
233018400.000,ZR,handheld,水平,right,recording,充电口朝左,3,-1.028919,0.318428,9.728513,0.010625,-0.006847,-0.010708
233018410.000,ZR,handheld,水平,right,recording,充电口朝左,3,-1.045983,0.345116,9.745555,0.017053,-0.001944,-0.009754
233018420.000,ZR,handheld,水平,right,recording,充电口朝左,3,-1.026980,0.330366,9.795309,0.016224,0.009881,-0.008840
233018430.000,ZR,handheld,水平,right,recording,充电口朝左,3,-1.030251,0.332902,9.739815,0.007122,0.010882,-0.007361
233018440.000,ZR,handheld,水平,right,recording,充电口朝左,3,-1.025927,0.357507,9.715637,-0.005436,0.007348,-0.005203
233018450.000,ZR,handheld,水平,right,recording,充电口朝左,3,-1.039381,0.330732,9.680174,-0.018965,0.000296,-0.000625
233018460.000,ZR,handheld,水平,right,recording,充电口朝左,3,-1.044640,0.312748,9.695364,-0.028284,-0.009620,0.002395
233018470.000,ZR,handheld,水平,right,recording,充电口朝左,3,-1.015186,0.310616,9.663888,-0.032415,-0.014832,0.005310
233018480.000,ZR,handheld,水平,right,recording,充电口朝左,3,-1.004883,0.316619,9.709951,-0.029821,-0.019655,0.005467
233018490.000,ZR,handheld,水平,right,recording,充电口朝左,3,-1.014056,0.326785,9.709588,-0.023501,-0.016904,0.001799
233018500.000,ZR,handheld,水平,right,recording,充电口朝左,3,-1.024204,0.322219,9.730028,-0.012695,-0.010321,-0.003615
233018510.000,ZR,handheld,水平,right,recording,充电口朝左,3,-1.031462,0.300039,9.738565,-0.000216,-0.001381,-0.008563
233018520.000,ZR,handheld,水平,right,recording,充电口朝左,3,-1.074372,0.278642,9.729996,0.008225,0.006251,-0.010018
233018530.000,ZR,handheld,水平,right,recording,充电口朝左,3,-1.067674,0.304031,9.697430,0.013037,0.010157,-0.008762
233018540.000,ZR,handheld,水平,right,recording,充电口朝左,3,-1.074789,0.322349,9.660294,0.011189,0.008302,-0.007292
233018550.000,ZR,handheld,水平,right,recording,充电口朝左,3,-1.059149,0.321847,9.629801,0.006536,0.002468,-0.005922
233018560.000,ZR,handheld,水平,right,recording,充电口朝左,3,-1.032365,0.306343,9.661900,0.001664,0.000761,-0.009952
233018570.000,ZR,handheld,水平,right,recording,充电口朝左,3,-1.050007,0.295796,9.667411,-0.004943,0.003749,-0.008721
233018580.000,ZR,handheld,水平,right,recording,充电口朝左,3,-1.034428,0.295360,9.678403,-0.008818,-0.002190,-0.009631
233018590.000,ZR,handheld,水平,right,recording,充电口朝左,3,-0.995621,0.287095,9.698847,-0.010028,-0.015683,-0.012591
233018600.000,ZR,handheld,水平,right,recording,充电口朝左,3,-0.999739,0.281522,9.716376,-0.009628,-0.016677,-0.014036
233018610.000,ZR,handheld,水平,right,recording,充电口朝左,3,-0.977822,0.276727,9.758536,-0.008027,-0.013176,-0.015456
233018620.000,ZR,handheld,水平,right,recording,充电口朝左,3,-0.997309,0.275799,9.773832,-0.000473,-0.007979,-0.015038
233018630.000,ZR,handheld,水平,right,recording,充电口朝左,3,-0.972014,0.292889,9.760796,0.001086,-0.006471,-0.011305
233018640.000,ZR,handheld,水平,right,recording,充电口朝左,3,-1.010162,0.303580,9.730612,-0.002989,-0.007962,-0.004990
233018650.000,ZR,handheld,水平,right,recording,充电口朝左,3,-1.045112,0.301052,9.720324,-0.008985,-0.004451,-0.001923
233018660.000,ZR,handheld,水平,right,recording,充电口朝左,3,-1.039675,0.286620,9.689086,-0.018194,-0.010100,0.000306
233018670.000,ZR,handheld,水平,right,recording,充电口朝左,3,-1.061672,0.287085,9.693676,-0.021946,-0.014334,-0.000306
233018680.000,ZR,handheld,水平,right,recording,充电口朝左,3,-1.044218,0.273986,9.728522,-0.021766,-0.015026,-0.000227
233018690.000,ZR,handheld,水平,right,recording,充电口朝左,3,-1.073290,0.241644,9.768621,-0.016284,-0.009396,0.001327
233018700.000,ZR,handheld,水平,right,recording,充电口朝左,3,-1.043450,0.262094,9.790501,-0.005243,-0.000511,-0.000064
233018710.000,ZR,handheld,水平,right,recording,充电口朝左,3,-1.039276,0.275158,9.807972,0.004672,-0.001337,-0.001965
233018720.000,ZR,handheld,水平,right,recording,充电口朝左,3,-1.045854,0.301002,9.797602,0.010049,0.004795,-0.005278
233018730.000,ZR,handheld,水平,right,recording,充电口朝左,3,-1.053152,0.318740,9.796584,0.010663,0.010872,-0.009588
233018740.000,ZR,handheld,水平,right,recording,充电口朝左,3,-1.041544,0.324416,9.743430,0.006174,0.006908,-0.013882
233018750.000,ZR,handheld,水平,right,recording,充电口朝左,3,-1.055790,0.341360,9.751964,-0.002531,0.005159,-0.014855
233018760.000,ZR,handheld,水平,right,recording,充电口朝左,3,-1.032655,0.334048,9.713134,-0.016358,0.003965,-0.014218
233018770.000,ZR,handheld,水平,right,recording,充电口朝左,3,-1.046549,0.300792,9.713072,-0.028525,0.002234,-0.010389
233018780.000,ZR,handheld,水平,right,recording,充电口朝左,3,-1.039784,0.280481,9.710513,-0.033733,0.001960,-0.008205
233018790.000,ZR,handheld,水平,right,recording,充电口朝左,3,-1.019558,0.282468,9.721518,-0.034053,-0.002849,-0.005399
233018800.000,ZR,handheld,水平,right,recording,充电口朝左,3,-1.025037,0.247008,9.741158,-0.028756,-0.002542,-0.005330
233018810.000,ZR,handheld,水平,right,recording,充电口朝左,3,-0.990863,0.232803,9.767213,-0.014972,0.001577,-0.006991
233018820.000,ZR,handheld,水平,right,recording,充电口朝左,3,-1.005343,0.235925,9.779819,-0.001447,0.008231,-0.006071
233018830.000,ZR,handheld,水平,right,recording,充电口朝左,3,-1.006124,0.242262,9.770698,0.006187,0.011017,-0.003954
233018840.000,ZR,handheld,水平,right,recording,充电口朝左,3,-1.024313,0.256222,9.746742,0.006929,0.012713,-0.002871
233018850.000,ZR,handheld,水平,right,recording,充电口朝左,3,-1.026256,0.277772,9.686880,0.001349,0.008871,-0.004332
233018860.000,ZR,handheld,水平,right,recording,充电口朝左,3,-1.028257,0.280893,9.654595,-0.008718,0.006831,-0.003583
233018870.000,ZR,handheld,水平,right,recording,充电口朝左,3,-1.047894,0.293384,9.677852,-0.014081,0.002220,-0.001555
233018880.000,ZR,handheld,水平,right,recording,充电口朝左,3,-1.064947,0.274440,9.686302,-0.015854,0.000297,-0.000607
233018890.000,ZR,handheld,水平,right,recording,充电口朝左,3,-1.051353,0.279897,9.696029,-0.014806,0.006354,0.000235
233018900.000,ZR,handheld,水平,right,recording,充电口朝左,3,-1.053696,0.287559,9.726231,-0.007453,0.008172,0.001044
233018910.000,ZR,handheld,水平,right,recording,充电口朝左,3,-1.034080,0.291839,9.713772,0.000318,0.004918,0.001449
233018920.000,ZR,handheld,水平,right,recording,充电口朝左,3,-1.028291,0.282648,9.692902,0.004422,0.006993,-0.000425
233018930.000,ZR,handheld,水平,right,recording,充电口朝左,3,-1.012616,0.305325,9.724287,0.007433,0.004163,-0.003333
233018940.000,ZR,handheld,水平,right,recording,充电口朝左,3,-1.034466,0.320469,9.713013,0.006138,0.005813,-0.006757
233018950.000,ZR,handheld,水平,right,recording,充电口朝左,3,-1.045773,0.335014,9.697681,-0.001420,0.001388,-0.012453
233018960.000,ZR,handheld,水平,right,recording,充电口朝左,3,-1.071632,0.306395,9.647335,-0.013094,-0.005660,-0.015336
233018970.000,ZR,handheld,水平,right,recording,充电口朝左,3,-1.083526,0.298655,9.645285,-0.027113,-0.005864,-0.016352
233018980.000,ZR,handheld,水平,right,recording,充电口朝左,3,-1.096528,0.269306,9.646182,-0.033234,-0.002265,-0.015778
233018990.000,ZR,handheld,水平,right,recording,充电口朝左,3,-1.066986,0.253582,9.670362,-0.028961,-0.003633,-0.013754
233019000.000,ZR,handheld,水平,right,recording,充电口朝左,3,-1.054521,0.225863,9.702944,-0.015977,-0.002635,-0.013287
233019010.000,ZR,handheld,水平,right,recording,充电口朝左,3,-1.012771,0.193515,9.745166,0.001102,-0.000659,-0.014890
233019020.000,ZR,handheld,水平,right,recording,充电口朝左,3,-1.018199,0.160438,9.761366,0.018363,0.000975,-0.009927
233019030.000,ZR,handheld,水平,right,recording,充电口朝左,3,-1.007405,0.207992,9.760749,0.026847,0.007292,-0.006569
233019040.000,ZR,handheld,水平,right,recording,充电口朝左,3,-0.999498,0.232841,9.733922,0.025601,0.009015,-0.004540
233019050.000,ZR,handheld,水平,right,recording,充电口朝左,3,-1.025302,0.238579,9.730239,0.016129,0.009403,-0.001951
233019060.000,ZR,handheld,水平,right,recording,充电口朝左,3,-1.012971,0.261682,9.686006,0.004238,0.006726,-0.001512
233019070.000,ZR,handheld,水平,right,recording,充电口朝左,3,-1.038965,0.289084,9.704157,-0.004812,0.005462,0.001664
233019080.000,ZR,handheld,水平,right,recording,充电口朝左,3,-1.036422,0.277434,9.686793,-0.014036,-0.000522,0.005252
233019090.000,ZR,handheld,水平,right,recording,充电口朝左,3,-1.062132,0.252003,9.707735,-0.015856,-0.004810,0.005507
233019100.000,ZR,handheld,水平,right,recording,充电口朝左,3,-1.055930,0.257951,9.723103,-0.013902,-0.008327,0.005406
233019110.000,ZR,handheld,水平,right,recording,充电口朝左,3,-1.062990,0.277434,9.724361,-0.008744,-0.013194,0.005382
233019120.000,ZR,handheld,水平,right,recording,充电口朝左,3,-1.043544,0.261087,9.750527,-0.002178,-0.007114,0.003181
233019130.000,ZR,handheld,水平,right,recording,充电口朝左,3,-1.051581,0.272634,9.746904,0.002590,-0.002223,-0.002008
233019140.000,ZR,handheld,水平,right,recording,充电口朝左,3,-1.038261,0.258282,9.721493,0.006806,-0.003047,-0.004882
233019150.000,ZR,handheld,水平,right,recording,充电口朝左,3,-1.051703,0.282739,9.720881,0.009544,-0.003392,-0.006980
233019160.000,ZR,handheld,水平,right,recording,充电口朝左,3,-1.043740,0.287247,9.730553,0.008994,-0.004150,-0.010182
233019170.000,ZR,handheld,水平,right,recording,充电口朝左,3,-1.061891,0.283411,9.747304,0.007280,-0.001073,-0.011484
233019180.000,ZR,handheld,水平,right,recording,充电口朝左,3,-1.060609,0.295678,9.763525,0.004030,0.007814,-0.008737
233019190.000,ZR,handheld,水平,right,recording,充电口朝左,3,-1.077284,0.291267,9.751149,-0.000828,0.009003,-0.007331
233019200.000,ZR,handheld,水平,right,recording,充电口朝左,3,-1.062560,0.283311,9.696093,-0.006381,-0.002150,-0.004103
233019210.000,ZR,handheld,水平,right,recording,充电口朝左,3,-1.067324,0.271472,9.728153,-0.012504,-0.002884,0.000278
233019220.000,ZR,handheld,水平,right,recording,充电口朝左,3,-1.080349,0.265585,9.702908,-0.017473,-0.005497,0.001142
233019230.000,ZR,handheld,水平,right,recording,充电口朝左,3,-1.049763,0.247891,9.725824,-0.015943,-0.009149,-0.000340
233019240.000,ZR,handheld,水平,right,recording,充电口朝左,3,-1.037879,0.253594,9.732805,-0.011814,-0.002399,-0.000469
233019250.000,ZR,handheld,水平,right,recording,充电口朝左,3,-1.017630,0.244189,9.763021,-0.002529,0.007275,-0.002716
233019260.000,ZR,handheld,水平,right,recording,充电口朝左,3,-1.034813,0.244678,9.725796,0.001206,0.007423,-0.004013
233019270.000,ZR,handheld,水平,right,recording,充电口朝左,3,-1.038944,0.228663,9.683761,0.001035,0.004463,-0.005640
233019280.000,ZR,handheld,水平,right,recording,充电口朝左,3,-1.064377,0.221641,9.695259,0.001086,0.003105,-0.007706
233019290.000,ZR,handheld,水平,right,recording,充电口朝左,3,-1.038567,0.240817,9.694292,0.001576,0.000576,-0.006931
233019300.000,ZR,handheld,水平,right,recording,充电口朝左,3,-1.043798,0.240416,9.717153,0.001731,-0.000219,-0.005341
233019310.000,ZR,handheld,水平,right,recording,充电口朝左,3,-1.019382,0.219009,9.725472,0.003725,0.000083,-0.001916
233019320.000,ZR,handheld,水平,right,recording,充电口朝左,3,-1.014465,0.220751,9.751843,0.005498,0.005485,0.000441
233019330.000,ZR,handheld,水平,right,recording,充电口朝左,3,-0.988882,0.245754,9.732843,0.005285,0.010115,0.005905
233019340.000,ZR,handheld,水平,right,recording,充电口朝左,3,-1.008328,0.239539,9.716612,0.003385,0.010916,0.009879
233019350.000,ZR,handheld,水平,right,recording,充电口朝左,3,-1.008553,0.254247,9.696250,-0.000020,0.004458,0.011506
233019360.000,ZR,handheld,水平,right,recording,充电口朝左,3,-1.021415,0.286695,9.666786,-0.005813,-0.002926,0.010330
233019370.000,ZR,handheld,水平,right,recording,充电口朝左,3,-1.008637,0.278679,9.697617,-0.008436,-0.005962,0.007748
233019380.000,ZR,handheld,水平,right,recording,充电口朝左,3,-1.014450,0.264518,9.719659,-0.010477,-0.007376,0.001201
233019390.000,ZR,handheld,水平,right,recording,充电口朝左,3,-1.018781,0.285218,9.733640,-0.009558,-0.005758,-0.001621
233019400.000,ZR,handheld,水平,right,recording,充电口朝左,3,-1.031885,0.292737,9.753202,-0.004097,-0.001391,-0.001804
233019410.000,ZR,handheld,水平,right,recording,充电口朝左,3,-1.054815,0.277066,9.770467,0.002701,0.003557,0.001316
233019420.000,ZR,handheld,水平,right,recording,充电口朝左,3,-1.049055,0.290793,9.741157,0.007385,0.005779,0.007065
233019430.000,ZR,handheld,水平,right,recording,充电口朝左,3,-1.062637,0.294737,9.703650,0.004214,0.000801,0.008890
233019440.000,ZR,handheld,水平,right,recording,充电口朝左,3,-1.058983,0.318708,9.690675,-0.000923,-0.000047,0.009515
233019450.000,ZR,handheld,水平,right,recording,充电口朝左,3,-1.069365,0.305762,9.698042,-0.008607,0.001038,0.002313
233019460.000,ZR,handheld,水平,right,recording,充电口朝左,3,-1.066218,0.293098,9.694577,-0.011155,-0.000053,-0.006341
233019470.000,ZR,handheld,水平,right,recording,充电口朝左,3,-1.062940,0.268225,9.695832,-0.011925,0.003264,-0.012798
233019480.000,ZR,handheld,水平,right,recording,充电口朝左,3,-1.063405,0.281102,9.720014,-0.005483,0.004395,-0.014261
233019490.000,ZR,handheld,水平,right,recording,充电口朝左,3,-1.061349,0.252813,9.707313,0.001754,0.003337,-0.013068
233019500.000,ZR,handheld,水平,right,recording,充电口朝左,3,-1.061529,0.268022,9.686186,0.006333,-0.000059,-0.009855
233019510.000,ZR,handheld,水平,right,recording,充电口朝左,3,-1.073967,0.239914,9.684824,0.008393,-0.005885,-0.006913
233019520.000,ZR,handheld,水平,right,recording,充电口朝左,3,-1.041168,0.222116,9.688747,0.007995,-0.006490,-0.009272
233019530.000,ZR,handheld,水平,right,recording,充电口朝左,3,-1.023627,0.218316,9.734349,0.009293,-0.005097,-0.009634
233019540.000,ZR,handheld,水平,right,recording,充电口朝左,3,-1.000806,0.217788,9.739782,0.012983,-0.004054,-0.009299
233019550.000,ZR,handheld,水平,right,recording,充电口朝左,3,-0.985939,0.221178,9.769318,0.017070,-0.001878,-0.005392
233019560.000,ZR,handheld,水平,right,recording,充电口朝左,3,-0.983140,0.236396,9.773832,0.019921,0.003395,-0.001753
233019570.000,ZR,handheld,水平,right,recording,充电口朝左,3,-1.011115,0.245662,9.776264,0.017634,0.005839,0.003786
233019580.000,ZR,handheld,水平,right,recording,充电口朝左,3,-1.037467,0.256980,9.747367,0.011285,0.008937,0.009011
233019590.000,ZR,handheld,水平,right,recording,充电口朝左,3,-1.052935,0.272840,9.712706,0.002552,0.008697,0.013210
233019600.000,ZR,handheld,水平,right,recording,充电口朝左,3,-1.085093,0.281652,9.699826,-0.003892,0.002832,0.012332
233019610.000,ZR,handheld,水平,right,recording,充电口朝左,3,-1.079207,0.256410,9.703651,-0.009092,-0.004576,0.012944
233019620.000,ZR,handheld,水平,right,recording,充电口朝左,3,-1.058932,0.261995,9.736436,-0.010521,-0.009389,0.009572
233019630.000,ZR,handheld,水平,right,recording,充电口朝左,3,-1.069043,0.268710,9.746825,-0.007702,-0.007216,0.003226
233019640.000,ZR,handheld,水平,right,recording,充电口朝左,3,-1.032701,0.233245,9.821753,0.001461,0.008163,-0.004046
233019650.000,ZR,handheld,水平,right,recording,充电口朝左,3,-1.045958,0.243595,9.838170,0.009572,0.015577,-0.005777
233019660.000,ZR,handheld,水平,right,recording,充电口朝左,3,-1.042023,0.253038,9.807735,0.016718,0.015163,-0.002133
233019670.000,ZR,handheld,水平,right,recording,充电口朝左,3,-1.055642,0.286049,9.768529,0.015249,0.020233,0.006100
233019680.000,ZR,handheld,水平,right,recording,充电口朝左,3,-1.053148,0.297459,9.715345,0.008910,0.017936,0.012804
233019690.000,ZR,handheld,水平,right,recording,充电口朝左,3,-1.065942,0.317454,9.682345,-0.002271,0.017864,0.018526
233019700.000,ZR,handheld,水平,right,recording,充电口朝左,3,-1.076255,0.291923,9.628801,-0.013795,0.006928,0.018357
233019710.000,ZR,handheld,水平,right,recording,充电口朝左,3,-1.064317,0.259669,9.647708,-0.019443,0.000026,0.012654
233019720.000,ZR,handheld,水平,right,recording,充电口朝左,3,-1.064480,0.273524,9.653184,-0.014884,-0.000234,0.007071
233019730.000,ZR,handheld,水平,right,recording,充电口朝左,3,-1.063071,0.266281,9.713137,-0.003774,0.004383,0.001358
233019740.000,ZR,handheld,水平,right,recording,充电口朝左,3,-1.053231,0.244177,9.719184,0.013194,0.009271,-0.004415
233019750.000,ZR,handheld,水平,right,recording,充电口朝左,3,-1.043806,0.217816,9.717770,0.027715,0.010602,-0.008658
233019760.000,ZR,handheld,水平,right,recording,充电口朝左,3,-1.056347,0.213783,9.735785,0.040393,0.014596,-0.008395
233019770.000,ZR,handheld,水平,right,recording,充电口朝左,3,-1.050861,0.257248,9.748462,0.044380,0.018742,-0.000895
233019780.000,ZR,handheld,水平,right,recording,充电口朝左,3,-1.057107,0.292524,9.718579,0.037880,0.019710,0.005893
233019790.000,ZR,handheld,水平,right,recording,充电口朝左,3,-1.042935,0.298555,9.677797,0.022617,0.014995,0.011790
233019800.000,ZR,handheld,水平,right,recording,充电口朝左,3,-1.072622,0.287572,9.670610,0.004131,0.011245,0.013217
233019810.000,ZR,handheld,水平,right,recording,充电口朝左,3,-1.046557,0.313417,9.658852,-0.010921,0.005310,0.017272
233019820.000,ZR,handheld,水平,right,recording,充电口朝左,3,-1.060409,0.310217,9.678210,-0.017919,-0.003282,0.017477
233019830.000,ZR,handheld,水平,right,recording,充电口朝左,3,-1.027725,0.297734,9.720996,-0.015351,-0.012496,0.015653
233019840.000,ZR,handheld,水平,right,recording,充电口朝左,3,-1.049704,0.283035,9.761021,-0.002721,-0.003510,0.014863
233019850.000,ZR,handheld,水平,right,recording,充电口朝左,3,-1.045681,0.285236,9.785544,0.008342,0.007824,0.012566
233019860.000,ZR,handheld,水平,right,recording,充电口朝左,3,-1.054523,0.277039,9.771445,0.019229,0.008620,0.009847
233019870.000,ZR,handheld,水平,right,recording,充电口朝左,3,-1.059552,0.279598,9.731718,0.020264,0.007938,0.007412
233019880.000,ZR,handheld,水平,right,recording,充电口朝左,3,-1.092412,0.304046,9.708020,0.016834,0.014218,0.007378
233019890.000,ZR,handheld,水平,right,recording,充电口朝左,3,-1.103114,0.333263,9.681587,0.005953,0.014067,0.010164
233019900.000,ZR,handheld,水平,right,recording,充电口朝左,3,-1.094998,0.321746,9.635895,-0.004536,0.006867,0.009105
233019910.000,ZR,handheld,水平,right,recording,充电口朝左,3,-1.101126,0.303493,9.637717,-0.014372,-0.001695,0.008051
233019920.000,ZR,handheld,水平,right,recording,充电口朝左,3,-1.083479,0.284552,9.648432,-0.015745,-0.005223,0.005200
233019930.000,ZR,handheld,水平,right,recording,充电口朝左,3,-1.083651,0.279425,9.707150,-0.007349,-0.000891,0.004153
233019940.000,ZR,handheld,水平,right,recording,充电口朝左,3,-1.058726,0.288084,9.723679,0.001926,0.003448,0.001267
233019950.000,ZR,handheld,水平,right,recording,充电口朝左,3,-1.080153,0.274789,9.704516,0.013746,0.002766,0.000768
233019960.000,ZR,handheld,水平,right,recording,充电口朝左,3,-1.071032,0.303778,9.709664,0.019090,0.006227,0.002207
233019970.000,ZR,handheld,水平,right,recording,充电口朝左,3,-1.065976,0.285796,9.701925,0.021006,0.005066,0.000168
233019980.000,ZR,handheld,水平,right,recording,充电口朝左,3,-1.094049,0.283124,9.674086,0.015142,0.001719,0.000815
233019990.000,ZR,handheld,水平,right,recording,充电口朝左,3,-1.071089,0.296934,9.666363,0.004480,-0.002296,0.000819
233020000.000,ZR,handheld,水平,right,recording,充电口朝左,3,-1.071528,0.280620,9.664903,-0.000562,-0.011854,0.003314
233020010.000,ZR,handheld,水平,right,recording,充电口朝左,3,-1.058821,0.262734,9.723427,-0.001549,-0.010073,0.007340
233020020.000,ZR,handheld,水平,right,recording,充电口朝左,3,-1.048692,0.244567,9.779136,0.006039,-0.002525,0.010282
233020030.000,ZR,handheld,水平,right,recording,充电口朝左,3,-1.034162,0.286365,9.779431,0.013454,-0.004913,0.012523
233020040.000,ZR,handheld,水平,right,recording,充电口朝左,3,-1.049275,0.295805,9.774081,0.020692,-0.002554,0.010931
233020050.000,ZR,handheld,水平,right,recording,充电口朝左,3,-1.043341,0.291190,9.814067,0.025805,0.009414,0.009296
233020060.000,ZR,handheld,水平,right,recording,充电口朝左,3,-1.053251,0.295764,9.784313,0.023905,0.014633,0.006369
233020070.000,ZR,handheld,水平,right,recording,充电口朝左,3,-1.071227,0.325893,9.738667,0.014119,0.011521,0.008081
233020080.000,ZR,handheld,水平,right,recording,充电口朝左,3,-1.094770,0.338225,9.688183,0.003928,0.007029,0.009682
233020090.000,ZR,handheld,水平,right,recording,充电口朝左,3,-1.094196,0.344089,9.691560,-0.005176,0.003130,0.014344
233020100.000,ZR,handheld,水平,right,recording,充电口朝左,3,-1.095383,0.355650,9.692288,-0.007742,0.000291,0.016902
233020110.000,ZR,handheld,水平,right,recording,充电口朝左,3,-1.102993,0.340795,9.729206,-0.004931,0.004080,0.016199
233020120.000,ZR,handheld,水平,right,recording,充电口朝左,3,-1.086777,0.320515,9.761959,0.003112,0.010931,0.011182
233020130.000,ZR,handheld,水平,right,recording,充电口朝左,3,-1.087448,0.316731,9.764515,0.010034,0.012585,0.004506
233020140.000,ZR,handheld,水平,right,recording,充电口朝左,3,-1.081918,0.296900,9.731362,0.011762,0.009933,-0.000089
233020150.000,ZR,handheld,水平,right,recording,充电口朝左,3,-1.076872,0.287473,9.730852,0.011240,0.010796,-0.002130
233020160.000,ZR,handheld,水平,right,recording,充电口朝左,3,-1.087421,0.290448,9.706386,0.009140,0.010314,-0.001650
233020170.000,ZR,handheld,水平,right,recording,充电口朝左,3,-1.090744,0.300511,9.705621,0.006611,0.007191,0.005318
233020180.000,ZR,handheld,水平,right,recording,充电口朝左,3,-1.052721,0.309458,9.702845,0.002849,0.007165,0.008908
233020190.000,ZR,handheld,水平,right,recording,充电口朝左,3,-1.059026,0.311764,9.712282,0.002068,0.009040,0.010850
233020200.000,ZR,handheld,水平,right,recording,充电口朝左,3,-1.083809,0.294853,9.706424,0.000767,0.010217,0.010682
233020210.000,ZR,handheld,水平,right,recording,充电口朝左,3,-1.062067,0.298417,9.702143,0.002970,0.011217,0.009150
233020220.000,ZR,handheld,水平,right,recording,充电口朝左,3,-1.074557,0.294811,9.703033,0.003477,0.011483,0.007239
233020230.000,ZR,handheld,水平,right,recording,充电口朝左,3,-1.051022,0.289508,9.686887,0.005036,0.009762,0.006516
233020240.000,ZR,handheld,水平,right,recording,充电口朝左,3,-1.037353,0.280893,9.724248,0.009938,0.007260,0.007401
233020250.000,ZR,handheld,水平,right,recording,充电口朝左,3,-1.039733,0.305316,9.746962,0.010584,0.010370,0.012432
233020260.000,ZR,handheld,水平,right,recording,充电口朝左,3,-1.033068,0.297262,9.738891,0.011995,0.016852,0.015671
233020270.000,ZR,handheld,水平,right,recording,充电口朝左,3,-1.038581,0.342917,9.718882,0.010210,0.017730,0.017813
233020280.000,ZR,handheld,水平,right,recording,充电口朝左,3,-1.052547,0.365581,9.712634,0.003867,0.015300,0.016996
233020290.000,ZR,handheld,水平,right,recording,充电口朝左,3,-1.051570,0.386703,9.695373,0.000247,0.009314,0.015484
233020300.000,ZR,handheld,水平,right,recording,充电口朝左,3,-1.071227,0.373727,9.718078,-0.003789,0.011400,0.011940
233020310.000,ZR,handheld,水平,right,recording,充电口朝左,3,-1.066080,0.373668,9.695137,-0.009435,0.007555,0.009262
233020320.000,ZR,handheld,水平,right,recording,充电口朝左,3,-1.077199,0.380107,9.677253,-0.010495,0.002640,0.007532
233020330.000,ZR,handheld,水平,right,recording,充电口朝左,3,-1.059525,0.411575,9.690425,-0.009075,0.002330,0.006612
233020340.000,ZR,handheld,水平,right,recording,充电口朝左,3,-1.082855,0.348093,9.676676,-0.007527,0.000417,0.005761
233020350.000,ZR,handheld,水平,right,recording,充电口朝左,3,-1.095597,0.340031,9.690117,-0.005643,0.007370,0.004660
233020360.000,ZR,handheld,水平,right,recording,充电口朝左,3,-1.054768,0.325493,9.663391,-0.005313,-0.002364,-0.002509
233020370.000,ZR,handheld,水平,right,recording,充电口朝左,3,-1.084553,0.396843,9.595913,-0.004082,-0.011848,0.012692
233020380.000,ZR,handheld,水平,right,recording,充电口朝左,3,-1.211843,0.303694,9.781895,0.002317,0.002026,0.005023
233020390.000,ZR,handheld,水平,right,recording,充电口朝左,3,-0.962975,0.318958,9.637130,0.002444,0.015677,-0.002324
233020400.000,ZR,handheld,水平,right,recording,充电口朝左,3,-1.152337,0.319922,9.689121,0.005399,0.000545,-0.009907
233020410.000,ZR,handheld,水平,right,recording,充电口朝左,3,-1.053754,0.358670,9.590539,0.001714,-0.005096,-0.010838
233020420.000,ZR,handheld,水平,right,recording,充电口朝左,3,-1.072063,0.311098,9.659025,0.000838,-0.000744,-0.009049
233020430.000,ZR,handheld,水平,right,recording,充电口朝左,3,-1.115820,0.309777,9.625032,-0.001419,-0.001529,-0.005855
233020440.000,ZR,handheld,水平,right,recording,充电口朝左,3,-1.042554,0.295498,9.621273,-0.000446,-0.012217,-0.007413
233020450.000,ZR,handheld,水平,right,recording,充电口朝左,3,-1.053482,0.290934,9.687952,0.001590,-0.011166,-0.007508
233020460.000,ZR,handheld,水平,right,recording,充电口朝左,3,-1.036560,0.287597,9.719690,0.009343,-0.002182,-0.005815
233020470.000,ZR,handheld,水平,right,recording,充电口朝左,3,-1.028901,0.293419,9.757117,0.018541,0.000053,-0.001588
233020480.000,ZR,handheld,水平,right,recording,充电口朝左,3,-1.017909,0.326160,9.736092,0.021312,-0.007991,0.000259
233020490.000,ZR,handheld,水平,right,recording,充电口朝左,3,-1.045675,0.306261,9.711032,0.019639,-0.012223,0.002719
233020500.000,ZR,handheld,水平,right,recording,充电口朝左,3,-1.084542,0.337723,9.741603,0.011916,-0.007531,0.007368
233020510.000,ZR,handheld,水平,right,recording,充电口朝左,3,-1.120506,0.336691,9.706284,-0.003724,-0.008285,0.006525
233020520.000,ZR,handheld,水平,right,recording,充电口朝左,3,-1.130189,0.336305,9.660806,-0.021648,-0.013775,0.003706
233020530.000,ZR,handheld,水平,right,recording,充电口朝左,3,-1.110262,0.308931,9.686072,-0.030228,-0.020365,-0.001389
233020540.000,ZR,handheld,水平,right,recording,充电口朝左,3,-1.129377,0.292782,9.737198,-0.028858,-0.020140,-0.006336
233020550.000,ZR,handheld,水平,right,recording,充电口朝左,3,-1.109200,0.299476,9.783824,-0.017791,-0.009591,-0.010966
233020560.000,ZR,handheld,水平,right,recording,充电口朝左,3,-1.124367,0.284249,9.835196,-0.000493,0.000984,-0.011327
233020570.000,ZR,handheld,水平,right,recording,充电口朝左,3,-1.109831,0.305734,9.845322,0.010485,0.006373,-0.010261
233020580.000,ZR,handheld,水平,right,recording,充电口朝左,3,-1.116685,0.311823,9.797050,0.014277,0.007457,-0.006985
233020590.000,ZR,handheld,水平,right,recording,充电口朝左,3,-1.098452,0.322344,9.767886,0.009446,0.006840,-0.002672
233020600.000,ZR,handheld,水平,right,recording,充电口朝左,3,-1.070687,0.340390,9.758306,0.001505,0.008472,-0.001914
233020610.000,ZR,handheld,水平,right,recording,充电口朝左,3,-1.082237,0.345893,9.717586,-0.012865,0.010091,-0.002489
233020620.000,ZR,handheld,水平,right,recording,充电口朝左,3,-1.078806,0.353175,9.733827,-0.021995,0.010237,-0.007154
233020630.000,ZR,handheld,水平,right,recording,充电口朝左,3,-1.091970,0.317701,9.713800,-0.028131,0.006995,-0.006249
233020640.000,ZR,handheld,水平,right,recording,充电口朝左,3,-1.057836,0.313287,9.708166,-0.027532,0.002957,-0.008102
233020650.000,ZR,handheld,水平,right,recording,充电口朝左,3,-1.065094,0.309779,9.732006,-0.021614,0.006271,-0.005204
233020660.000,ZR,handheld,水平,right,recording,充电口朝左,3,-1.046031,0.301425,9.709601,-0.011780,-0.001103,-0.000651
233020670.000,ZR,handheld,水平,right,recording,充电口朝左,3,-1.031724,0.303405,9.723680,-0.002256,0.002653,0.001510
233020680.000,ZR,handheld,水平,right,recording,充电口朝左,3,-1.035486,0.310712,9.730862,0.002831,0.010251,0.000942
233020690.000,ZR,handheld,水平,right,recording,充电口朝左,3,-1.063945,0.331638,9.712698,0.004379,0.010135,0.000109
233020700.000,ZR,handheld,水平,right,recording,充电口朝左,3,-1.068544,0.324599,9.690221,0.003306,0.008961,-0.002585
233020710.000,ZR,handheld,水平,right,recording,充电口朝左,3,-1.077261,0.339527,9.689783,-0.000616,0.010039,-0.003402
233020720.000,ZR,handheld,水平,right,recording,充电口朝左,3,-1.086024,0.337570,9.650227,-0.007068,0.008216,-0.001967
233020730.000,ZR,handheld,水平,right,recording,充电口朝左,3,-1.093310,0.349757,9.652625,-0.009916,0.003337,0.000586
233020740.000,ZR,handheld,水平,right,recording,充电口朝左,3,-1.116361,0.326347,9.625967,-0.010391,-0.001662,0.006947
233020750.000,ZR,handheld,水平,right,recording,充电口朝左,3,-1.109423,0.341153,9.660895,-0.008544,-0.002503,0.006096
233020760.000,ZR,handheld,水平,right,recording,充电口朝左,3,-1.104394,0.323990,9.669757,-0.004266,-0.008681,0.003808
233020770.000,ZR,handheld,水平,right,recording,充电口朝左,3,-1.096923,0.334570,9.672532,0.001022,-0.012135,-0.002292
233020780.000,ZR,handheld,水平,right,recording,充电口朝左,3,-1.105262,0.329191,9.713484,0.008405,-0.008309,-0.007324
233020790.000,ZR,handheld,水平,right,recording,充电口朝左,3,-1.079820,0.319539,9.727175,0.014858,-0.000280,-0.009562
233020800.000,ZR,handheld,水平,right,recording,充电口朝左,3,-1.077617,0.341946,9.711117,0.015018,0.000668,-0.009780
233020810.000,ZR,handheld,水平,right,recording,充电口朝左,3,-1.084130,0.347503,9.673490,0.008257,-0.001240,-0.008367
233020820.000,ZR,handheld,水平,right,recording,充电口朝左,3,-1.091167,0.322344,9.658356,0.000616,-0.005565,-0.007318
233020830.000,ZR,handheld,水平,right,recording,充电口朝左,3,-1.092117,0.317940,9.661518,-0.009301,-0.011720,-0.008463
233020840.000,ZR,handheld,水平,right,recording,充电口朝左,3,-1.092532,0.300990,9.646259,-0.017806,-0.012692,-0.008978
233020850.000,ZR,handheld,水平,right,recording,充电口朝左,3,-1.081323,0.285240,9.708515,-0.017868,-0.015351,-0.011645
233020860.000,ZR,handheld,水平,right,recording,充电口朝左,3,-1.089354,0.272328,9.731406,-0.011248,-0.012911,-0.012289
233020870.000,ZR,handheld,水平,right,recording,充电口朝左,3,-1.063923,0.265622,9.786921,0.000681,-0.000503,-0.014023
233020880.000,ZR,handheld,水平,right,recording,充电口朝左,3,-1.082533,0.280671,9.793534,0.010993,0.008383,-0.011731
233020890.000,ZR,handheld,水平,right,recording,充电口朝左,3,-1.066389,0.300806,9.762347,0.014558,0.010771,-0.009309
233020900.000,ZR,handheld,水平,right,recording,充电口朝左,3,-1.078921,0.296109,9.732371,0.012558,0.007880,-0.003043
233020910.000,ZR,handheld,水平,right,recording,充电口朝左,3,-1.093863,0.300145,9.696449,0.003499,0.002272,-0.000196
233020920.000,ZR,handheld,水平,right,recording,充电口朝左,3,-1.101711,0.302784,9.672320,-0.007063,-0.003035,0.000907
233020930.000,ZR,handheld,水平,right,recording,充电口朝左,3,-1.089349,0.315753,9.681002,-0.018217,-0.011236,0.000520
233020940.000,ZR,handheld,水平,right,recording,充电口朝左,3,-1.080113,0.294516,9.703811,-0.022367,-0.012833,0.000359
233020950.000,ZR,handheld,水平,right,recording,充电口朝左,3,-1.071931,0.304939,9.741023,-0.019736,-0.010678,-0.003610
233020960.000,ZR,handheld,水平,right,recording,充电口朝左,3,-1.071929,0.281503,9.757474,-0.011195,-0.007240,-0.004608
233020970.000,ZR,handheld,水平,right,recording,充电口朝左,3,-1.077729,0.280004,9.782866,-0.001189,-0.004100,-0.003989
233020980.000,ZR,handheld,水平,right,recording,充电口朝左,3,-1.077606,0.285616,9.761536,0.007115,-0.000160,-0.003351
233020990.000,ZR,handheld,水平,right,recording,充电口朝左,3,-1.087393,0.304210,9.764432,0.012443,0.005433,0.000026
233021000.000,ZR,handheld,水平,right,recording,充电口朝左,3,-1.091924,0.309063,9.733356,0.011600,0.005344,0.001970
233021010.000,ZR,handheld,水平,right,recording,充电口朝左,3,-1.102796,0.330423,9.719620,0.008729,0.002173,0.001346
233021020.000,ZR,handheld,水平,right,recording,充电口朝左,3,-1.080345,0.349509,9.709158,0.001898,0.000483,-0.000451
233021030.000,ZR,handheld,水平,right,recording,充电口朝左,3,-1.079825,0.347534,9.707237,-0.004805,-0.003107,-0.002783
233021040.000,ZR,handheld,水平,right,recording,充电口朝左,3,-1.084379,0.353290,9.756289,-0.007816,0.000950,-0.006165
233021050.000,ZR,handheld,水平,right,recording,充电口朝左,3,-1.106743,0.328341,9.744938,-0.012696,0.006199,-0.005985
233021060.000,ZR,handheld,水平,right,recording,充电口朝左,3,-1.089586,0.324371,9.753668,-0.013066,0.007990,-0.004910
233021070.000,ZR,handheld,水平,right,recording,充电口朝左,3,-1.100335,0.315810,9.710629,-0.013453,0.004412,-0.004202
233021080.000,ZR,handheld,水平,right,recording,充电口朝左,3,-1.101233,0.324586,9.682344,-0.014640,0.003481,-0.006286
233021090.000,ZR,handheld,水平,right,recording,充电口朝左,3,-1.086110,0.312982,9.698837,-0.012709,0.003389,-0.006601
233021100.000,ZR,handheld,水平,right,recording,充电口朝左,3,-1.079384,0.258989,9.730866,-0.004906,0.009905,-0.009752
233021110.000,ZR,handheld,水平,right,recording,充电口朝左,3,-1.066836,0.289491,9.741109,0.004162,0.011446,-0.009953
233021120.000,ZR,handheld,水平,right,recording,充电口朝左,3,-1.067037,0.282127,9.709862,0.006024,0.006468,-0.008463
233021130.000,ZR,handheld,水平,right,recording,充电口朝左,3,-1.054288,0.300860,9.697794,0.005131,0.008110,-0.005600
233021140.000,ZR,handheld,水平,right,recording,充电口朝左,3,-1.065945,0.289679,9.692702,0.001234,0.008379,0.000777
233021150.000,ZR,handheld,水平,right,recording,充电口朝左,3,-1.074011,0.301018,9.690054,-0.003989,0.004309,0.002239
233021160.000,ZR,handheld,水平,right,recording,充电口朝左,3,-1.064743,0.316065,9.709395,-0.007421,0.002062,0.005764
233021170.000,ZR,handheld,水平,right,recording,充电口朝左,3,-1.056161,0.289066,9.720770,-0.007199,0.007804,0.008496
233021180.000,ZR,handheld,水平,right,recording,充电口朝左,3,-1.061535,0.281957,9.726547,-0.004507,0.014343,0.008763
233021190.000,ZR,handheld,水平,right,recording,充电口朝左,3,-1.055429,0.280198,9.680105,-0.002830,0.004641,0.006889
233021200.000,ZR,handheld,水平,right,recording,充电口朝左,3,-1.058643,0.272885,9.695453,0.001378,-0.002908,0.004351
233021210.000,ZR,handheld,水平,right,recording,充电口朝左,3,-1.075527,0.308479,9.721218,0.004130,-0.003213,0.001259
233021220.000,ZR,handheld,水平,right,recording,充电口朝左,3,-1.100161,0.317938,9.718453,0.005429,0.003031,0.001587
233021230.000,ZR,handheld,水平,right,recording,充电口朝左,3,-1.092067,0.352907,9.727068,0.006532,0.007776,0.002793
233021240.000,ZR,handheld,水平,right,recording,充电口朝左,3,-1.105319,0.353730,9.698308,0.004649,0.005256,0.000711
233021250.000,ZR,handheld,水平,right,recording,充电口朝左,3,-1.136785,0.327229,9.703185,0.001940,0.005358,-0.002371
233021260.000,ZR,handheld,水平,right,recording,充电口朝左,3,-1.137058,0.339749,9.667864,-0.004901,0.003288,-0.004726
233021270.000,ZR,handheld,水平,right,recording,充电口朝左,3,-1.130585,0.321611,9.665465,-0.009496,-0.001188,-0.010698
233021280.000,ZR,handheld,水平,right,recording,充电口朝左,3,-1.096498,0.315182,9.673187,-0.008509,-0.000630,-0.014330
233021290.000,ZR,handheld,水平,right,recording,充电口朝左,3,-1.101322,0.301160,9.689099,-0.004808,-0.001227,-0.013058
233021300.000,ZR,handheld,水平,right,recording,充电口朝左,3,-1.092707,0.291544,9.670728,-0.003010,0.002457,-0.008886
233021310.000,ZR,handheld,水平,right,recording,充电口朝左,3,-1.090809,0.288807,9.681939,0.001300,0.003483,-0.002544
233021320.000,ZR,handheld,水平,right,recording,充电口朝左,3,-1.076598,0.274110,9.672558,0.002256,-0.002374,-0.000348
233021330.000,ZR,handheld,水平,right,recording,充电口朝左,3,-1.068057,0.279026,9.669551,0.001878,-0.004115,-0.002609
233021340.000,ZR,handheld,水平,right,recording,充电口朝左,3,-1.045340,0.254436,9.691760,0.001679,-0.002428,-0.007782
233021350.000,ZR,handheld,水平,right,recording,充电口朝左,3,-1.063780,0.244844,9.706313,0.002179,-0.007087,-0.011458
233021360.000,ZR,handheld,水平,right,recording,充电口朝左,3,-1.057849,0.247418,9.714447,0.004896,-0.010783,-0.007478
233021370.000,ZR,handheld,水平,right,recording,充电口朝左,3,-1.063992,0.257052,9.747454,0.009292,-0.006415,0.001944
233021380.000,ZR,handheld,水平,right,recording,充电口朝左,3,-1.059764,0.271055,9.777259,0.013121,-0.001854,0.011141
233021390.000,ZR,handheld,水平,right,recording,充电口朝左,3,-1.077097,0.314861,9.747802,0.010752,0.000046,0.018226
233021400.000,ZR,handheld,水平,right,recording,充电口朝左,3,-1.083815,0.355311,9.730620,0.003129,-0.004433,0.016870
233021410.000,ZR,handheld,水平,right,recording,充电口朝左,3,-1.129745,0.351698,9.715265,-0.006723,-0.001185,0.009704
233021420.000,ZR,handheld,水平,right,recording,充电口朝左,3,-1.125101,0.323542,9.755855,-0.012498,0.001356,-0.002497
233021430.000,ZR,handheld,水平,right,recording,充电口朝左,3,-1.133427,0.300289,9.737410,-0.014098,0.003283,-0.007203
233021440.000,ZR,handheld,水平,right,recording,充电口朝左,3,-1.134309,0.310111,9.740744,-0.013678,0.006621,-0.009994
233021450.000,ZR,handheld,水平,right,recording,充电口朝左,3,-1.139896,0.317531,9.718839,-0.009136,0.005154,-0.006985
233021460.000,ZR,handheld,水平,right,recording,充电口朝左,3,-1.113794,0.284876,9.730330,-0.004319,0.002338,-0.002072
233021470.000,ZR,handheld,水平,right,recording,充电口朝左,3,-1.100335,0.296960,9.721695,-0.000282,0.004092,0.003153
233021480.000,ZR,handheld,水平,right,recording,充电口朝左,3,-1.109520,0.302605,9.742023,0.000545,0.002466,0.002309
233021490.000,ZR,handheld,水平,right,recording,充电口朝左,3,-1.084869,0.315299,9.713622,-0.001605,0.008985,-0.000242
233021500.000,ZR,handheld,水平,right,recording,充电口朝左,3,-1.093419,0.298610,9.733956,-0.004669,0.013201,-0.003497
233021510.000,ZR,handheld,水平,right,recording,充电口朝左,3,-1.116744,0.274853,9.727156,-0.005942,0.012518,-0.004092
233021520.000,ZR,handheld,水平,right,recording,充电口朝左,3,-1.108309,0.273236,9.703816,-0.007206,0.008491,-0.004077
233021530.000,ZR,handheld,水平,right,recording,充电口朝左,3,-1.118625,0.282172,9.704434,-0.010779,0.006733,-0.001589
233021540.000,ZR,handheld,水平,right,recording,充电口朝左,3,-1.101031,0.275172,9.686594,-0.008800,0.005522,0.001853
233021550.000,ZR,handheld,水平,right,recording,充电口朝左,3,-1.102315,0.262758,9.711171,-0.008688,0.003270,0.003843
233021560.000,ZR,handheld,水平,right,recording,充电口朝左,3,-1.064589,0.251378,9.692405,-0.004424,-0.001397,0.002480
233021570.000,ZR,handheld,水平,right,recording,充电口朝左,3,-1.066373,0.263338,9.729443,0.001599,0.003926,0.004991
233021580.000,ZR,handheld,水平,right,recording,充电口朝左,3,-1.065768,0.274102,9.730387,0.005420,0.011404,0.008273
233021590.000,ZR,handheld,水平,right,recording,充电口朝左,3,-1.065315,0.285382,9.708576,0.008935,0.012328,0.006800
233021600.000,ZR,handheld,水平,right,recording,充电口朝左,3,-1.062371,0.286180,9.703907,0.005543,0.013916,0.008961
233021610.000,ZR,handheld,水平,right,recording,充电口朝左,3,-1.074436,0.295490,9.668255,0.002164,0.013724,0.007479
233021620.000,ZR,handheld,水平,right,recording,充电口朝左,3,-1.100224,0.301986,9.639888,-0.003790,0.003177,0.009304
233021630.000,ZR,handheld,水平,right,recording,充电口朝左,3,-1.104873,0.283071,9.623263,-0.009779,-0.006477,0.012891
233021640.000,ZR,handheld,水平,right,recording,充电口朝左,3,-1.103665,0.312195,9.634309,-0.011426,-0.015144,0.014801
233021650.000,ZR,handheld,水平,right,recording,充电口朝左,3,-1.108393,0.318581,9.691563,-0.002772,-0.011019,0.015508
233021660.000,ZR,handheld,水平,right,recording,充电口朝左,3,-1.102445,0.329583,9.748951,0.005109,-0.003396,0.012247
233021670.000,ZR,handheld,水平,right,recording,充电口朝左,3,-1.100862,0.326897,9.740801,0.011625,0.005087,0.006467
233021680.000,ZR,handheld,水平,right,recording,充电口朝左,3,-1.108799,0.329937,9.727022,0.014611,0.011224,-0.000003
233021690.000,ZR,handheld,水平,right,recording,充电口朝左,3,-1.140860,0.328393,9.705676,0.013015,0.011962,-0.006446
233021700.000,ZR,handheld,水平,right,recording,充电口朝左,3,-1.133892,0.337863,9.667571,0.004136,0.005215,-0.007646
233021710.000,ZR,handheld,水平,right,recording,充电口朝左,3,-1.141201,0.348449,9.644299,-0.003041,-0.002010,-0.005994
233021720.000,ZR,handheld,水平,right,recording,充电口朝左,3,-1.113825,0.333901,9.684141,-0.008712,-0.010119,-0.004067
233021730.000,ZR,handheld,水平,right,recording,充电口朝左,3,-1.127012,0.305976,9.708036,-0.011053,-0.004730,-0.002800
233021740.000,ZR,handheld,水平,right,recording,充电口朝左,3,-1.087054,0.301647,9.755068,-0.011425,0.005311,-0.002916
233021750.000,ZR,handheld,水平,right,recording,充电口朝左,3,-1.092610,0.292171,9.738823,-0.011554,0.007363,0.000788
233021760.000,ZR,handheld,水平,right,recording,充电口朝左,3,-1.086057,0.258701,9.736287,-0.012318,0.005695,0.000786
233021770.000,ZR,handheld,水平,right,recording,充电口朝左,3,-1.101350,0.252282,9.741058,-0.013170,-0.000768,0.001192
233021780.000,ZR,handheld,水平,right,recording,充电口朝左,3,-1.071619,0.259185,9.741462,-0.012258,0.002097,-0.000194
233021790.000,ZR,handheld,水平,right,recording,充电口朝左,3,-1.076788,0.276875,9.757064,-0.010109,0.004013,0.001602
233021800.000,ZR,handheld,水平,right,recording,充电口朝左,3,-1.088601,0.269407,9.739061,-0.006221,0.007610,0.004478
233021810.000,ZR,handheld,水平,right,recording,充电口朝左,3,-1.103581,0.257090,9.724100,0.000311,0.006657,0.006783
233021820.000,ZR,handheld,水平,right,recording,充电口朝左,3,-1.101628,0.265576,9.698623,0.001851,0.005392,0.008334
233021830.000,ZR,handheld,水平,right,recording,充电口朝左,3,-1.100151,0.274041,9.688624,0.003169,0.003715,0.007379
233021840.000,ZR,handheld,水平,right,recording,充电口朝左,3,-1.127295,0.271196,9.705632,0.002566,0.003876,0.005452
233021850.000,ZR,handheld,水平,right,recording,充电口朝左,3,-1.094160,0.285684,9.708142,0.002454,0.003104,0.003325
233021860.000,ZR,handheld,水平,right,recording,充电口朝左,3,-1.078618,0.320444,9.710693,0.000752,0.004256,0.003548
233021870.000,ZR,handheld,水平,right,recording,充电口朝左,3,-1.104749,0.312886,9.736611,0.000794,0.002812,0.004450
233021880.000,ZR,handheld,水平,right,recording,充电口朝左,3,-1.112284,0.296012,9.727173,-0.000986,0.002708,0.007127
233021890.000,ZR,handheld,水平,right,recording,充电口朝左,3,-1.119894,0.303401,9.699641,-0.005839,0.003249,0.009286
233021900.000,ZR,handheld,水平,right,recording,充电口朝左,3,-1.113706,0.298660,9.686393,-0.008643,0.002261,0.009219
233021910.000,ZR,handheld,水平,right,recording,充电口朝左,3,-1.114604,0.292642,9.667803,-0.009849,0.000154,0.006931
233021920.000,ZR,handheld,水平,right,recording,充电口朝左,3,-1.127386,0.277778,9.679072,-0.007132,-0.003866,0.006284
233021930.000,ZR,handheld,水平,right,recording,充电口朝左,3,-1.114343,0.311158,9.671075,-0.000457,-0.003511,0.006395
233021940.000,ZR,handheld,水平,right,recording,充电口朝左,3,-1.104736,0.275081,9.717840,0.007773,-0.002455,0.006286
233021950.000,ZR,handheld,水平,right,recording,充电口朝左,3,-1.114688,0.292442,9.740197,0.017110,0.001019,0.005372
233021960.000,ZR,handheld,水平,right,recording,充电口朝左,3,-1.101857,0.290934,9.747111,0.022095,0.003765,0.004247
233021970.000,ZR,handheld,水平,right,recording,充电口朝左,3,-1.125070,0.291002,9.694942,0.019913,0.005544,0.003686
233021980.000,ZR,handheld,水平,right,recording,充电口朝左,3,-1.115361,0.290953,9.682345,0.015000,0.004704,0.006869
233021990.000,ZR,handheld,水平,right,recording,充电口朝左,3,-1.120008,0.296272,9.688655,0.010861,0.008048,0.007498
233022000.000,ZR,handheld,水平,right,recording,充电口朝左,3,-1.096328,0.318602,9.702380,0.006868,0.010486,0.008496
233022010.000,ZR,handheld,水平,right,recording,充电口朝左,3,-1.084677,0.297643,9.700554,0.005783,0.001914,0.010817
233022020.000,ZR,handheld,水平,right,recording,充电口朝左,3,-1.089453,0.283434,9.718034,0.007625,-0.001404,0.014301
233022030.000,ZR,handheld,水平,right,recording,充电口朝左,3,-1.099914,0.282811,9.734572,0.006455,-0.000658,0.017073
233022040.000,ZR,handheld,水平,right,recording,充电口朝左,3,-1.087706,0.295316,9.749625,0.004159,0.000480,0.017176
233022050.000,ZR,handheld,水平,right,recording,充电口朝左,3,-1.101322,0.293619,9.722986,0.001422,-0.001584,0.013984
233022060.000,ZR,handheld,水平,right,recording,充电口朝左,3,-1.118544,0.292081,9.727518,-0.001107,-0.001009,0.010654
233022070.000,ZR,handheld,水平,right,recording,充电口朝左,3,-1.129955,0.294331,9.746467,0.002933,0.003085,0.009692
233022080.000,ZR,handheld,水平,right,recording,充电口朝左,3,-1.141987,0.291215,9.752421,0.008783,0.005383,0.008013
233022090.000,ZR,handheld,水平,right,recording,充电口朝左,3,-1.147133,0.300533,9.740169,0.015932,0.004549,0.006688
233022100.000,ZR,handheld,水平,right,recording,充电口朝左,3,-1.127079,0.317446,9.755577,0.021390,0.002269,0.007257
233022110.000,ZR,handheld,水平,right,recording,充电口朝左,3,-1.135039,0.309833,9.764482,0.021280,0.005156,0.005983
233022120.000,ZR,handheld,水平,right,recording,充电口朝左,3,-1.086490,0.315404,9.750686,0.017834,0.013210,0.006903
233022130.000,ZR,handheld,水平,right,recording,充电口朝左,3,-1.100787,0.347765,9.725366,0.009900,0.016148,0.009707
233022140.000,ZR,handheld,水平,right,recording,充电口朝左,3,-1.081332,0.349003,9.722572,0.002605,0.018358,0.012452
233022150.000,ZR,handheld,水平,right,recording,充电口朝左,3,-1.117870,0.352154,9.710012,-0.005735,0.016293,0.012618
233022160.000,ZR,handheld,水平,right,recording,充电口朝左,3,-1.093797,0.342741,9.704753,-0.010269,0.011544,0.009631
233022170.000,ZR,handheld,水平,right,recording,充电口朝左,3,-1.127135,0.323320,9.679888,-0.014719,0.009524,0.008100
233022180.000,ZR,handheld,水平,right,recording,充电口朝左,3,-1.137616,0.306390,9.649947,-0.014058,0.003658,0.007911
233022190.000,ZR,handheld,水平,right,recording,充电口朝左,3,-1.129390,0.316994,9.682089,-0.008338,-0.001069,0.008952
233022200.000,ZR,handheld,水平,right,recording,充电口朝左,3,-1.121083,0.306864,9.684673,-0.002162,0.005174,0.008505
233022210.000,ZR,handheld,水平,right,recording,充电口朝左,3,-1.114514,0.302551,9.697155,0.006467,0.014173,0.007135
233022220.000,ZR,handheld,水平,right,recording,充电口朝左,3,-1.117224,0.319480,9.661217,0.012252,0.016108,0.007515
233022230.000,ZR,handheld,水平,right,recording,充电口朝左,3,-1.111795,0.312597,9.609516,0.013657,0.010902,0.006121
233022240.000,ZR,handheld,水平,right,recording,充电口朝左,3,-1.123961,0.326447,9.585827,0.010200,0.004007,0.004806
233022250.000,ZR,handheld,水平,right,recording,充电口朝左,3,-1.133100,0.331475,9.574815,0.005612,-0.001005,0.001477
233022260.000,ZR,handheld,水平,right,recording,充电口朝左,3,-1.142991,0.296560,9.582122,0.002721,-0.015079,-0.001011
233022270.000,ZR,handheld,水平,right,recording,充电口朝左,3,-1.118223,0.311047,9.633821,0.005688,-0.025452,-0.003848
233022280.000,ZR,handheld,水平,right,recording,充电口朝左,3,-1.076590,0.321452,9.715476,0.013487,-0.018833,-0.004538
233022290.000,ZR,handheld,水平,right,recording,充电口朝左,3,-1.067562,0.316970,9.745098,0.021679,-0.009123,-0.003156
233022300.000,ZR,handheld,水平,right,recording,充电口朝左,3,-1.061041,0.307561,9.748404,0.025098,-0.005839,0.000516
233022310.000,ZR,handheld,水平,right,recording,充电口朝左,3,-1.082306,0.310784,9.733066,0.024342,0.000915,0.007598
233022320.000,ZR,handheld,水平,right,recording,充电口朝左,3,-1.072774,0.339608,9.725190,0.018884,0.003569,0.012853
233022330.000,ZR,handheld,水平,right,recording,充电口朝左,3,-1.102832,0.352487,9.737205,0.010673,0.000120,0.021354
233022340.000,ZR,handheld,水平,right,recording,充电口朝左,3,-1.138126,0.355371,9.709598,0.005132,-0.002860,0.025332
233022350.000,ZR,handheld,水平,right,recording,充电口朝左,3,-1.128596,0.336547,9.723749,0.000228,-0.002273,0.021272
233022360.000,ZR,handheld,水平,right,recording,充电口朝左,3,-1.145532,0.332971,9.697112,-0.001831,-0.009695,0.015522
233022370.000,ZR,handheld,水平,right,recording,充电口朝左,3,-1.150740,0.338485,9.745075,-0.001367,-0.016384,0.006958
233022380.000,ZR,handheld,水平,right,recording,充电口朝左,3,-1.144744,0.334750,9.753376,0.002117,-0.009219,-0.000958
233022390.000,ZR,handheld,水平,right,recording,充电口朝左,3,-1.113202,0.345401,9.794631,0.007587,-0.000594,-0.004041
233022400.000,ZR,handheld,水平,right,recording,充电口朝左,3,-1.132755,0.347022,9.805174,0.011643,0.006733,-0.002991
233022410.000,ZR,handheld,水平,right,recording,充电口朝左,3,-1.127728,0.347743,9.763410,0.012408,0.013821,0.002368
233022420.000,ZR,handheld,水平,right,recording,充电口朝左,3,-1.124457,0.348047,9.740683,0.005778,0.014112,0.008803
233022430.000,ZR,handheld,水平,right,recording,充电口朝左,3,-1.142121,0.332523,9.676278,-0.003227,0.001878,0.012787
233022440.000,ZR,handheld,水平,right,recording,充电口朝左,3,-1.125341,0.320662,9.655302,-0.011085,-0.004956,0.012782
233022450.000,ZR,handheld,水平,right,recording,充电口朝左,3,-1.120988,0.332950,9.685864,-0.017325,-0.007412,0.008471
233022460.000,ZR,handheld,水平,right,recording,充电口朝左,3,-1.108677,0.329675,9.721693,-0.014971,0.001016,0.006277
233022470.000,ZR,handheld,水平,right,recording,充电口朝左,3,-1.104866,0.308238,9.748624,-0.006782,0.008085,0.000746
233022480.000,ZR,handheld,水平,right,recording,充电口朝左,3,-1.087262,0.311147,9.768495,0.005614,0.008890,0.000459
233022490.000,ZR,handheld,水平,right,recording,充电口朝左,3,-1.078881,0.321628,9.780447,0.018193,0.014163,0.004096
233022500.000,ZR,handheld,水平,right,recording,充电口朝左,3,-1.095342,0.343336,9.772527,0.024618,0.020086,0.009190
233022510.000,ZR,handheld,水平,right,recording,充电口朝左,3,-1.105730,0.350252,9.717030,0.022881,0.018625,0.013258
233022520.000,ZR,handheld,水平,right,recording,充电口朝左,3,-1.113342,0.357470,9.684719,0.013600,0.016346,0.017158
233022530.000,ZR,handheld,水平,right,recording,充电口朝左,3,-1.120825,0.376966,9.634402,0.000979,0.006748,0.020969
233022540.000,ZR,handheld,水平,right,recording,充电口朝左,3,-1.150886,0.371706,9.647753,-0.007618,-0.001893,0.019966
233022550.000,ZR,handheld,水平,right,recording,充电口朝左,3,-1.150662,0.363755,9.657865,-0.012620,-0.003453,0.016456
233022560.000,ZR,handheld,水平,right,recording,充电口朝左,3,-1.143214,0.356057,9.680717,-0.010805,-0.002343,0.010504
233022570.000,ZR,handheld,水平,right,recording,充电口朝左,3,-1.121990,0.354112,9.703882,-0.001903,0.002313,0.004078
233022580.000,ZR,handheld,水平,right,recording,充电口朝左,3,-1.115967,0.334943,9.715268,0.007137,0.003619,-0.001142
233022590.000,ZR,handheld,水平,right,recording,充电口朝左,3,-1.118431,0.348517,9.707485,0.016180,0.010592,0.001334
233022600.000,ZR,handheld,水平,right,recording,充电口朝左,3,-1.124863,0.350221,9.701567,0.021793,0.012733,0.004992
233022610.000,ZR,handheld,水平,right,recording,充电口朝左,3,-1.102151,0.364117,9.679925,0.023183,0.006297,0.007721
233022620.000,ZR,handheld,水平,right,recording,充电口朝左,3,-1.114069,0.364376,9.671310,0.016618,0.003876,0.009812
233022630.000,ZR,handheld,水平,right,recording,充电口朝左,3,-1.121545,0.352126,9.685469,0.007828,0.004755,0.009494
233022640.000,ZR,handheld,水平,right,recording,充电口朝左,3,-1.117075,0.343205,9.657647,-0.003409,0.006079,0.010966
233022650.000,ZR,handheld,水平,right,recording,充电口朝左,3,-1.123838,0.349568,9.655487,-0.013546,0.003700,0.010706
233022660.000,ZR,handheld,水平,right,recording,充电口朝左,3,-1.143123,0.318542,9.647397,-0.015373,-0.004431,0.010311
233022670.000,ZR,handheld,水平,right,recording,充电口朝左,3,-1.138505,0.289783,9.666386,-0.012314,-0.009295,0.009278
233022680.000,ZR,handheld,水平,right,recording,充电口朝左,3,-1.131886,0.313067,9.678263,-0.003141,-0.006243,0.008083
233022690.000,ZR,handheld,水平,right,recording,充电口朝左,3,-1.127219,0.327456,9.698593,0.004428,0.000898,0.004987
233022700.000,ZR,handheld,水平,right,recording,充电口朝左,3,-1.122333,0.340695,9.720547,0.012880,0.004480,-0.000064
233022710.000,ZR,handheld,水平,right,recording,充电口朝左,3,-1.124614,0.324760,9.707090,0.013251,0.004841,-0.003927
233022720.000,ZR,handheld,水平,right,recording,充电口朝左,3,-1.119169,0.339347,9.700909,0.011538,0.005967,-0.005992
233022730.000,ZR,handheld,水平,right,recording,充电口朝左,3,-1.101739,0.332704,9.726026,0.008107,0.008987,-0.004721
233022740.000,ZR,handheld,水平,right,recording,充电口朝左,3,-1.124439,0.347277,9.697601,0.004230,0.006996,-0.002131
233022750.000,ZR,handheld,水平,right,recording,充电口朝左,3,-1.102296,0.349343,9.675243,-0.004141,-0.003450,0.000956
233022760.000,ZR,handheld,水平,right,recording,充电口朝左,3,-1.101196,0.350850,9.665532,-0.012128,-0.006231,0.003426
233022770.000,ZR,handheld,水平,right,recording,充电口朝左,3,-1.107794,0.353399,9.680766,-0.015863,-0.008440,0.006489
233022780.000,ZR,handheld,水平,right,recording,充电口朝左,3,-1.113147,0.331440,9.697110,-0.014652,-0.010565,0.009450
233022790.000,ZR,handheld,水平,right,recording,充电口朝左,3,-1.125551,0.361338,9.684870,-0.011187,-0.011790,0.010034
233022800.000,ZR,handheld,水平,right,recording,充电口朝左,3,-1.118209,0.349922,9.717720,-0.002178,-0.007755,0.011017
233022810.000,ZR,handheld,水平,right,recording,充电口朝左,3,-1.131493,0.353434,9.727861,0.006592,-0.004840,0.009494
233022820.000,ZR,handheld,水平,right,recording,充电口朝左,3,-1.136626,0.353027,9.724973,0.010186,0.000512,0.008679
233022830.000,ZR,handheld,水平,right,recording,充电口朝左,3,-1.119584,0.360944,9.711555,0.014292,0.005866,0.005836
233022840.000,ZR,handheld,水平,right,recording,充电口朝左,3,-1.148264,0.379544,9.705056,0.013046,0.001617,0.006345
233022850.000,ZR,handheld,水平,right,recording,充电口朝左,3,-1.127264,0.382320,9.677754,0.009330,-0.002573,0.005795
233022860.000,ZR,handheld,水平,right,recording,充电口朝左,3,-1.124666,0.391673,9.690899,0.003385,-0.007857,0.001742
233022870.000,ZR,handheld,水平,right,recording,充电口朝左,3,-1.119054,0.403151,9.706383,-0.003997,-0.006084,-0.003143
233022880.000,ZR,handheld,水平,right,recording,充电口朝左,3,-1.118380,0.385651,9.729044,-0.009331,-0.007797,-0.006173
233022890.000,ZR,handheld,水平,right,recording,充电口朝左,3,-1.123127,0.356730,9.734523,-0.013219,-0.005459,-0.006305
233022900.000,ZR,handheld,水平,right,recording,充电口朝左,3,-1.136054,0.351865,9.703219,-0.015838,-0.004372,-0.002898
233022910.000,ZR,handheld,水平,right,recording,充电口朝左,3,-1.127754,0.348060,9.742415,-0.014076,-0.003620,0.001988
233022920.000,ZR,handheld,水平,right,recording,充电口朝左,3,-1.121379,0.355995,9.700468,-0.012389,0.004538,0.005957
233022930.000,ZR,handheld,水平,right,recording,充电口朝左,3,-1.109080,0.346159,9.707607,-0.011185,0.006540,0.006688
233022940.000,ZR,handheld,水平,right,recording,充电口朝左,3,-1.104320,0.321324,9.651968,-0.006710,0.001877,0.005245
233022950.000,ZR,handheld,水平,right,recording,充电口朝左,3,-1.110946,0.337048,9.682566,-0.002142,-0.002643,0.000736
233022960.000,ZR,handheld,水平,right,recording,充电口朝左,3,-1.102424,0.336368,9.664445,0.002434,-0.001036,-0.002009
233022970.000,ZR,handheld,水平,right,recording,充电口朝左,3,-1.116906,0.334404,9.720954,0.008244,0.000325,-0.003358
233022980.000,ZR,handheld,水平,right,recording,充电口朝左,3,-1.107974,0.325763,9.719891,0.010543,-0.001300,-0.003695
233022990.000,ZR,handheld,水平,right,recording,充电口朝左,3,-1.093202,0.356555,9.684601,0.005563,-0.002143,-0.004782
233023000.000,ZR,handheld,水平,right,recording,充电口朝左,3,-1.098803,0.367078,9.710536,0.002292,-0.004734,-0.002519
